movieNm,naver_movieCd,ntz_see_score,spc_score,ntz_score
해피 데스데이,164932.0,8.32,0.0,8.22
저스티스 리그,116866.0,7.9,5.83,7.74
범죄도시,161242.0,9.28,6.0,9.14
부라더,160749.0,7.83,5.8,7.27
미옥,142317.0,6.99,4.33,4.99
토르: 라그나로크,134898.0,9.02,6.13,8.83
7호실,155715.0,7.12,6.43,6.55
침묵,153642.0,8.25,6.09,7.78
러빙 빈센트,144379.0,9.17,7.5,9.21
채비,162932.0,8.81,5.0,8.73
너의 췌장을 먹고 싶어,159830.0,8.36,5.29,8.05
꾼,152385.0,8.32,4.4,7.63
남한산성,150637.0,8.17,7.5,8.05
손오공,163365.0,0.0,0.0,0.0
신과함께-죄와 벌,85579.0,8.73,5.92,7.84
"러브, 어게인",158630.0,8.24,0.0,6.99
발레리안: 천 개 행성의 도시,137970.0,8.11,5.56,7.8
페이트 스테이 나이트 헤븐즈필 제1장 프레시지 플라워,169262.0,9.18,0.0,7.01
무한의 주인,156463.0,0.0,0.0,0.0
강철비,155665.0,8.73,7.18,8.34
1987,158191.0,9.31,8.08,9.24
벤자민 버튼의 시간은 거꾸로 간다,66091.0,9.52,7.09,8.89
오리엔트 특급 살인,154272.0,7.87,5.88,8.02
로마서 8:37,168172.0,9.0,6.29,8.53
극장판 파워레인저: 애니멀포스 VS 닌자포스 미래에서 온 메시지,158576.0,8.76,0.0,8.66
역모 - 반란의 시대,142210.0,6.67,3.33,3.84
하이큐!! 재능과 센스,169348.0,9.56,0.0,9.2
모범생,107962.0,9.5,0.0,4.99
직쏘,152268.0,0.0,4.0,7.27
유리정원,149517.0,8.18,6.0,6.94
성판17: 남자들의 17가지 성적 판타지,168520.0,0.0,0.0,8.6
미스 프레지던트,162420.0,8.16,6.75,6.59
메소드,165669.0,8.08,4.83,8.25
"나는 내일, 어제의 너와 만난다",157178.0,8.44,6.0,8.81
반드시 잡는다,155411.0,8.12,6.5,7.51
빌리 진 킹: 세기의 대결,144171.0,8.82,7.2,7.43
대장 김창수,154353.0,8.46,4.67,6.91
아이 캔 스피크,161850.0,9.23,7.25,9.36
원스,65998.0,9.17,7.5,8.99
타임 투게더,149501.0,9.0,4.0,8.73
리빙보이 인 뉴욕,99093.0,8.19,5.17,7.47
살인자의 기억법,137890.0,8.17,5.78,7.69
기억의 밤,160399.0,8.41,5.67,8.16
히트,17327.0,9.3,8.0,9.11
아기와 나,154986.0,8.0,6.25,7.06
배드 지니어스,163386.0,8.76,6.4,8.61
배트맨 대 슈퍼맨: 저스티스의 시작,109960.0,7.16,5.95,6.85
폭력의 씨앗,162151.0,8.52,6.33,6.07
뉴니스,168551.0,8.3,5.25,8.01
그들이 진심으로 엮을 때,159648.0,8.85,6.67,8.91
지오스톰,129095.0,8.11,5.5,7.45
키드냅,164986.0,10.0,5.5,6.91
이프 온리,39440.0,9.24,6.0,9.08
이수아,164601.0,9.5,0.0,5.0
킹스맨: 골든 서클,149747.0,8.61,5.0,8.39
래빗 스쿨,166008.0,8.56,0.0,8.83
피터와 모글리의 크리스마스 어드벤처,169850.0,7.4,0.0,7.05
어쌔신: 더 비기닝,100205.0,8.06,5.5,6.93
스타워즈: 라스트 제다이,125488.0,7.8,7.71,6.59
메리와 마녀의 꽃,159037.0,7.92,5.83,7.1
버닝,155263.0,7.82,7.69,6.59
딥씨 챌린지,127466.0,9.0,5.75,8.14
우리는 같은 꿈을 꾼다,159108.0,8.07,7.67,8.12
나의 노예가 되어주세요,100598.0,6.0,0.0,4.0
덩케르크,146480.0,8.62,8.55,8.29
아메리칸 메이드,137945.0,7.71,6.67,7.72
해피뻐스데이,161834.0,9.0,6.0,7.47
시크릿 레터,146372.0,8.0,4.5,7.81
스쿨 오브 락,37486.0,0.0,8.0,9.21
아들에게 가는 길,154183.0,9.78,4.5,8.95
청년경찰,153652.0,9.03,5.1,8.33
불한당: 나쁜 놈들의 세상,154112.0,8.15,5.83,6.21
나의 서른에게,159716.0,8.79,6.5,8.48
버킷리스트: 죽기 전에 꼭 하고 싶은 것들,69102.0,0.0,5.5,9.07
은혼,154594.0,8.52,0.0,7.29
쥬만지: 새로운 세계,152656.0,8.44,5.33,7.91
위대한 쇼맨,106360.0,9.29,6.6,9.38
페르디난드,160491.0,8.97,6.33,8.89
원더,151196.0,9.43,6.86,9.42
코코,151728.0,9.2,8.0,9.25
너의 이름은.,150198.0,9.02,7.55,8.75
다운사이징,142272.0,5.82,6.13,5.3
블레이드 러너 2049,88227.0,8.21,8.22,7.97
그것만이 내 세상,158180.0,9.17,5.2,8.91
"쏘아올린 불꽃, 밑에서 볼까? 옆에서 볼까?",165030.0,6.87,5.0,6.79
메이즈 러너: 데스 큐어,149248.0,8.16,5.0,7.85
염력,153651.0,6.21,6.0,4.99
더 포리너,165791.0,9.5,5.67,7.75
찰스 디킨스의 비밀 서재,162210.0,8.28,6.0,7.78
극장판 포켓몬스터 너로 정했다!,165722.0,8.91,6.0,8.85
골든슬럼버,158112.0,6.29,5.0,5.25
스타박'스 다방,141158.0,8.33,4.67,6.96
조선명탐정: 흡혈괴마의 비밀,165748.0,7.52,5.17,6.63
흥부,159805.0,6.91,4.57,4.43
패터슨,144975.0,8.51,8.2,8.32
아오 오니,160482.0,0.0,4.0,3.4
뽀로로 극장판 공룡섬 대모험,169349.0,9.21,0.0,9.17
22년 후의 고백,152267.0,7.0,5.0,6.15
어벤져스: 인피니티 워,136315.0,9.08,7.09,8.95
메이헴,165038.0,0.0,0.0,0.0
돌아와요 부산항애(愛),102953.0,6.11,2.0,4.47
원더풀 라이프,27414.0,8.19,7.5,8.0
극장판 프리파라 모두의 동경♪ 렛츠고☆프리파리,168501.0,8.25,4.0,8.14
블랙 팬서,137326.0,8.33,6.67,7.51
몬스터 패밀리,163844.0,8.31,6.0,8.33
리틀 포레스트,154449.0,9.01,6.36,8.76
다키스트 아워,150687.0,9.16,6.38,9.15
수면의 과학,44354.0,8.16,6.33,7.94
1급기밀,149504.0,8.86,5.86,8.86
하이큐!! 콘셉트의 싸움,171753.0,9.5,0.0,8.71
리얼,137008.0,4.42,2.67,4.24
쥬만지,17440.0,0.0,0.0,9.27
로건,117787.0,8.93,7.55,9.06
해빙,137875.0,6.64,6.0,6.5
23 아이덴티티,144927.0,7.94,6.5,7.66
문라이트,152684.0,8.4,7.89,8.07
재심,149512.0,8.7,6.0,8.49
조작된 도시,127382.0,8.56,5.22,8.03
싱글라이더,146459.0,8.01,5.9,8.23
공조,142384.0,8.83,5.0,8.27
눈길,134772.0,9.02,6.0,9.16
존 윅 - 리로드,143932.0,8.73,7.0,7.97
핵소 고지,142305.0,9.19,6.0,9.2
사일런스,90922.0,8.72,7.0,8.25
라라랜드,134963.0,8.9,8.34,8.59
트롤,101904.0,8.81,5.5,8.71
극장판 소드 아트 온라인 -오디널 스케일-,159408.0,9.25,0.0,8.94
콩: 스컬 아일랜드,127397.0,8.12,6.17,7.76
옥자,143435.0,8.77,7.33,8.45
루시드 드림,130713.0,8.06,3.0,5.86
비정규직 특수요원,152161.0,7.26,3.25,6.02
더 킹,144314.0,8.39,6.83,8.08
신 고질라,150689.0,7.88,6.0,4.9
간츠:O,153729.0,8.55,0.0,8.48
"구름의 저편, 약속의 장소",38249.0,7.67,6.0,6.93
패신저스,116233.0,8.03,5.5,7.95
맨체스터 바이 더 씨,137956.0,8.89,7.78,8.72
컨택트,136869.0,8.45,7.29,8.19
커피메이트,146450.0,7.95,4.0,7.75
미녀와 야수,136872.0,8.99,7.0,8.79
걸 온 더 트레인,142255.0,7.41,4.67,7.42
러빙,143460.0,8.22,7.0,8.29
프리즌,146517.0,8.25,6.0,7.58
밀리언 달러 베이비,39809.0,8.86,8.5,8.97
아메리칸 초밥왕,121672.0,0.0,0.0,7.27
마스터,145162.0,8.65,5.77,8.1
그레이트 월,126034.0,7.92,4.5,6.44
눈발,145160.0,7.96,6.0,7.9
실종: 택시 납치 사건,137904.0,0.0,0.0,4.27
공각기동대 : 고스트 인 더 쉘,134838.0,7.27,5.14,6.96
데스노트: 더 뉴 월드,142324.0,7.51,6.0,5.0
아이히만 쇼,126044.0,8.64,6.0,8.21
존 윅,123300.0,7.58,6.05,7.85
특별시민,146485.0,7.74,5.91,7.39
녹화중이야,143188.0,7.62,0.0,7.54
라빠르망,18285.0,8.59,7.0,8.84
어쌔신 크리드,118307.0,7.29,5.67,7.1
쥬라기 파크: 아마존 어드벤쳐,159552.0,0.0,0.0,2.87
내 이름은 꾸제트,140557.0,7.94,7.17,8.19
글래디에이터: 더 토너먼트,158777.0,0.0,0.0,7.0
파도가 지나간 자리,125417.0,8.93,6.0,9.01
독전(가제),158178.0,8.41,5.29,7.54
희생부활자,140696.0,6.62,5.17,6.09
그것,154668.0,7.66,6.6,6.96
창궐,160487.0,6.52,5.2,5.12
뷰티풀 투모로우,169561.0,0.0,0.0,9.29
잠깐만 회사 좀 관두고 올게,159741.0,8.21,6.0,8.12
석조저택 살인사건,127346.0,8.22,4.67,7.28
신과함께,85579.0,,,
내게 남은 사랑을,164108.0,8.67,5.0,8.17
러브,139520.0,7.29,6.0,7.13
당신자신과 당신의 것,151154.0,7.98,7.31,6.97
마리오네트,158555.0,8.14,3.67,6.56
윈드 리버,149757.0,8.52,7.33,8.52
마더!,152650.0,7.19,7.25,5.99
비밀은 없다,125802.0,7.0,6.96,6.55
더 바,153342.0,8.4,5.5,5.62
아토믹 블론드,144215.0,8.05,6.43,7.89
청연,34569.0,0.0,6.33,7.6
신서유기 : 몽키킹의 부활,143250.0,8.6,0.0,7.28
킬러의 보디가드,152625.0,9.1,5.6,8.39
브이아이피,152170.0,6.87,5.0,6.51
택시운전사,146469.0,9.28,6.09,9.04
로마의 휴일,155680.0,7.68,3.0,6.79
공범자들,165461.0,9.61,6.44,9.13
장산범,137696.0,7.42,5.8,6.16
혹성탈출: 종의 전쟁,143394.0,8.15,7.75,7.92
김광석,151674.0,8.9,6.0,8.73
더 테이블,151117.0,8.32,5.5,7.98
스파이 게임,124205.0,7.25,4.67,7.61
매혹당한 사람들,154267.0,7.77,7.0,6.84
애나벨: 인형의 주인,152341.0,7.59,7.0,7.29
다크타워: 희망의 탑,146407.0,7.38,4.25,7.35
저수지 게임,162824.0,9.69,6.67,9.2
아키라,20308.0,8.91,8.0,8.38
디 아더스,33062.0,9.0,6.8,8.47
인비저블 게스트,159516.0,8.84,6.5,8.94
레이디 맥베스,154419.0,7.92,6.89,7.47
제인 도,154461.0,8.36,6.5,8.01
샷 콜러,140064.0,8.83,6.0,8.48
나인스 라이프,130911.0,0.0,5.33,8.02
내 사랑,154437.0,9.17,6.71,9.17
슈퍼배드 3,132626.0,8.76,5.0,8.69
슈퍼오리: 태양을 지켜라,165021.0,6.12,0.0,5.3
소나기,158181.0,8.42,6.4,7.16
스페셜 포스 : 블러드 마운틴,163058.0,0.0,0.0,7.81
"무현, 두 도시 이야기",152183.0,9.44,6.0,8.68
극장판 에그엔젤 코코밍: 푸르밍과 두근두근 코코밍 세계,167035.0,0.0,0.0,8.03
게이봉박두5 : 자유로운 연애중,167102.0,8.53,0.0,8.26
수부라 게이트,146212.0,7.17,6.0,7.49
잃어버린 도시 Z,70627.0,7.06,6.83,7.06
"귀향, 끝나지 않은 이야기",167108.0,9.14,5.0,7.96
"좋아해, 너를",144213.0,8.25,4.5,8.48
명탐정 코난:진홍의 연가,159054.0,8.9,6.0,8.8
군함도,146506.0,7.34,6.17,5.28
베이비 드라이버,143402.0,8.41,7.67,8.01
몬스터 콜,125401.0,8.59,6.88,8.57
오늘의 키라군,160372.0,0.0,5.0,8.81
박열,155716.0,8.48,6.7,8.09
임금님의 사건수첩,144280.0,8.05,5.63,7.72
가디언즈 오브 갤럭시 VOL. 2,127398.0,9.05,6.25,8.93
분노의 질주: 더 익스트림,140731.0,9.18,6.0,8.97
보안관,146524.0,8.26,5.89,7.89
에이리언: 커버넌트,99715.0,8.19,7.11,8.13
아빠는 딸,143473.0,8.56,4.0,8.07
보스 베이비,129094.0,8.84,5.2,8.67
"서서평, 천천히 평온하게",160135.0,9.41,5.5,9.21
더 플랜,162471.0,9.82,6.5,8.86
스머프: 비밀의 숲,118966.0,8.61,7.0,8.58
콜로설,143499.0,7.5,5.8,5.19
골드,143379.0,8.6,5.75,8.6
나는 부정한다,144984.0,8.53,6.14,8.48
원라인,142699.0,8.68,5.71,8.17
겟 아웃,156083.0,8.44,7.14,8.24
극장판 쿠로코의 농구 라스트 게임,156185.0,9.55,0.0,9.16
목소리의 형태,153964.0,8.74,7.6,8.42
캐리비안의 해적: 죽은 자는 말이 없다,82473.0,8.58,5.2,8.29
오두막,125447.0,9.13,4.0,8.55
히든 피겨스,147092.0,9.36,6.75,9.35
언노운 걸,150372.0,8.17,7.0,7.87
보통사람,152331.0,8.5,5.86,7.95
가디언즈 오브 갤럭시,97857.0,8.64,7.96,8.56
어느날,146544.0,8.32,6.0,7.69
모놀리스,159400.0,8.25,4.25,4.13
파운더,137976.0,8.22,6.78,8.38
슈퍼 빼꼼: 스파이 대작전,94183.0,8.15,4.5,8.36
댄서,153621.0,9.15,6.67,9.13
분노의 질주: 더 세븐,109905.0,9.21,7.08,9.11
리틀 프린세스 소피아: 엘레나와 비밀의 아발로 왕국,161374.0,8.73,0.0,8.69
밤의 해변에서 혼자,156465.0,7.62,7.63,5.66
파워레인져스: 더 비기닝,143490.0,8.01,6.5,7.17
극장판 또봇: 로봇군단의 습격,161847.0,0.0,6.0,9.3
클로저,39723.0,8.68,7.5,8.18
시간위의 집,154214.0,8.36,4.71,7.59
악마는 프라다를 입는다,60484.0,0.0,6.0,8.65
킹 아더 전설의 서막,161283.0,0.0,0.0,0.0
"나의 사랑, 그리스",147896.0,8.84,6.0,8.75
런던 프라이드,126214.0,9.07,6.71,9.03
프로메테우스,85870.0,0.0,7.3,7.71
월요일이 사라졌다,118955.0,8.5,5.25,8.32
남영동1985,95501.0,0.0,8.0,7.21
악녀,155256.0,7.82,5.4,6.95
미이라,120160.0,7.49,5.71,7.24
원더 우먼,125473.0,8.24,6.7,7.69
노무현입니다,162173.0,9.49,6.67,8.93
대립군,149221.0,7.59,6.5,7.29
심야식당2,156091.0,8.8,5.67,8.58
하루,152168.0,7.69,4.6,7.08
트랜스포머: 최후의 기사,123630.0,6.9,2.83,6.3
라이프,152633.0,7.82,5.67,7.22
쇠파리,162229.0,9.57,0.0,5.73
사촌여동생,159523.0,0.0,0.0,8.21
용순,154508.0,8.04,5.67,6.81
나의 붉은 고래,152309.0,7.59,5.5,5.82
킹 오브 프리즘 프라이드 더 히어로,164290.0,9.83,0.0,9.22
꿈의 제인,154980.0,8.88,7.0,8.6
스파이더맨: 홈커밍,135874.0,8.83,7.0,8.38
너와 100번째 사랑,156417.0,8.48,4.67,7.95
우리들의 일기,159592.0,8.5,0.0,5.59
나는 고양이로소이다,140653.0,9.32,6.6,9.1
제네시스 : 새로운 시대의 서막,160130.0,0.0,0.0,0.0
중독노래방,126961.0,7.3,5.0,8.42
엘르,147067.0,8.35,8.09,7.79
"컴, 투게더",152387.0,9.0,7.0,8.19
어트랙션,155407.0,5.79,4.0,3.0
24주,147927.0,8.33,7.0,8.17
안티포르노,156004.0,7.97,5.25,6.69
샤인,17970.0,9.14,0.0,9.09
더 서클,143099.0,0.0,3.67,7.05
바다 탐험대 옥토넛 시즌4 : 더 파이널,160964.0,8.38,0.0,8.32
지랄발광 17세,149776.0,0.0,6.4,7.94
매치 포인트,40932.0,8.57,6.67,7.98
7번째 내가 죽던 날,144988.0,8.65,4.67,7.56
작쩐,137859.0,0.0,0.0,3.05
다시 태어나도 우리,154573.0,9.26,6.5,9.35
이웃집 스타,155218.0,6.38,3.67,5.97
분장,154984.0,9.15,6.25,8.63
킹스맨 : 시크릿 에이전트,114249.0,9.02,7.58,8.82
구세주: 리턴즈,162751.0,4.8,2.0,4.77
극장판 요괴워치: 하늘을 나는 고래와 더블세계다냥!,156200.0,8.59,5.0,8.31
우리의 20세기,143390.0,8.42,6.75,8.25
레고 닌자고 무비,125439.0,8.7,4.0,8.43
여배우는 오늘도,138601.0,8.79,7.0,8.85
작은 엄마,166189.0,0.0,0.0,4.89
해피 버스데이,149267.0,8.57,6.67,8.69
초능력자 제레미,141631.0,0.0,0.0,0.0
히든 아이덴티티,106069.0,0.0,4.5,7.41
어메이징 메리,143469.0,9.09,0.0,9.19
빌로우 허,154429.0,6.43,5.0,6.81
사월의 끝,142633.0,7.0,5.5,7.19
땐뽀걸즈,167107.0,9.44,7.0,9.3
노 게임 노 라이프 -제로-,164968.0,8.0,0.0,7.14
잇 컴스 앳 나잇,158649.0,6.5,7.0,6.72
사랑은 없다,140806.0,0.0,2.0,4.97
새벽의 저주: 좀비랜드,151559.0,0.0,0.0,2.62
테이킹,131440.0,0.0,0.0,6.04
매디슨 카운티의 다리,17255.0,9.06,8.5,8.9
빅토리아 & 압둘,158640.0,8.28,6.0,6.88
내 친구 정일우,160009.0,9.59,6.5,9.0
변강쇠 VS 어우동,165564.0,0.0,0.0,4.71
아이 앰 히스 레저,161963.0,9.19,7.0,9.06
루터,37732.0,9.1,0.0,9.23
배저로와 친구들: 신비한 모험,162113.0,6.91,0.0,7.1
넛잡 2,121052.0,8.63,5.0,8.78
내 사랑 왕가흔,140622.0,0.0,0.0,7.17
터널,153973.0,0.0,0.0,0.0
슬립리스: 크리미널 나이트,140257.0,7.0,4.33,6.07
착한 엄마들: 서로의 아들에게 여자가 되던 날,159549.0,0.0,0.0,6.0
아티스트: 다시 태어나다,137948.0,8.65,5.67,8.12
왕을 참하라,160922.0,8.83,4.0,5.09
더 울버린,72270.0,0.0,5.13,6.12
절벽 위의 트럼펫,142262.0,9.18,3.0,7.72
플립,76309.0,9.11,6.0,9.2
47 미터,152616.0,7.33,4.0,7.24
극장판 짱구는 못말려 : 습격!! 외계인 덩덩이,156477.0,8.67,0.0,8.65
파리로 가는 길,154458.0,8.12,5.17,7.9
뫼비우스,103781.0,0.0,6.0,4.5
포크레인,165768.0,9.33,6.5,3.74
예수는 역사다,158910.0,9.04,4.0,7.69
이모티: 더 무비,158651.0,7.64,7.0,6.34
그 후,162956.0,7.99,7.0,6.43
슬레이트,146580.0,0.0,0.0,0.0
여자들,156363.0,7.76,3.83,6.34
카3: 새로운 도전,152396.0,8.62,5.5,8.51
송 투 송,114268.0,5.71,5.0,6.62
다크 나이트,62586.0,10.0,8.7,9.33
뉴 폴리스 스토리,39479.0,0.0,0.0,8.53
트레이터,123271.0,0.0,5.0,7.11
예감은 틀리지 않는다,144657.0,7.84,6.14,7.48
여자 보험왕 : 그녀의 영업비밀,161300.0,0.0,0.0,5.0
프란츠,149012.0,8.72,6.6,8.65
두 엄마,161306.0,0.0,0.0,5.45
화려한 휴가,58018.0,0.0,6.25,7.48
킹 아서: 제왕의 검,127374.0,8.11,5.25,7.78
키즈모노가타리 III 냉혈편,158560.0,8.97,0.0,8.33
로스트 인 파리,156259.0,8.07,6.0,7.94
뮤지엄,155020.0,8.0,5.0,6.52
마차 타고 고래고래,137946.0,8.71,4.0,7.96
길,158536.0,8.38,4.5,8.13
인카네이트,118965.0,6.94,3.5,6.51
바람에 젖은 여자,153769.0,7.76,5.0,7.09
부니베어: 브램블의 신비한 모험,144315.0,6.86,4.0,7.61
위 아 엑스,146196.0,9.71,6.5,9.09
무적의 청룡언월도,163098.0,0.0,0.0,2.46
와룡선생 상경기,22380.0,0.0,0.0,7.71
간츠: 오,153729.0,,,
마운틴맨,142697.0,10.0,6.0,7.76
네루다,151870.0,7.62,7.0,7.5
이터너티,154078.0,7.63,3.5,6.35
해커,143992.0,0.0,0.0,0.0
지니어스,114247.0,8.11,5.4,8.11
흑집사 : 북 오브 더 아틀란틱,158578.0,9.61,0.0,9.21
패트리어트 데이,149731.0,8.89,5.0,8.81
분노,142730.0,8.77,7.33,8.57
로즈,120795.0,8.07,6.0,7.97
지렁이,134891.0,9.4,0.0,8.38
신은 죽지 않았다 2,147054.0,9.56,4.0,8.15
십계: 구원의 길,153941.0,8.31,3.0,6.81
테이큰 비긴즈,140606.0,0.0,0.0,4.32
공각기동대 신극장판,140804.0,7.67,0.0,8.22
마인,131000.0,0.0,0.0,0.0
콜리션,148390.0,10.0,0.0,5.93
비스티걸스,151152.0,0.0,0.0,3.74
덫,145246.0,0.0,0.0,4.43
블랙 쉐도우,158691.0,7.0,2.0,4.55
더 가디언즈,143937.0,0.0,0.0,4.57
헤드윅,31827.0,9.46,0.0,9.2
아메리칸 허니: 방황하는 별의 노래,140214.0,7.56,7.5,7.81
숨바꼭질: 어둠의 속삭임,135428.0,0.0,0.0,4.04
위시 어폰,154262.0,7.63,3.5,7.19
내가 죽기 전에 가장 듣고 싶은 말,142634.0,0.0,5.33,8.46
직지코드,154669.0,8.57,6.0,8.91
고잉 인 스타일,140300.0,0.0,0.0,0.0
우리를 침범하는 것들,129055.0,7.67,6.0,7.34
캡틴 아메리카: 시빌 워,122527.0,8.83,7.5,8.67
인시디어스4: 라스트 키,158647.0,7.32,5.33,6.85
12 솔져스,168037.0,9.66,5.0,8.14
패딩턴 2,146489.0,9.13,7.67,9.12
올 더 머니,163842.0,8.52,7.0,7.96
곤지암,172454.0,7.51,6.33,6.46
추룡,159092.0,6.7,0.0,4.0
타이타닉,18847.0,9.86,9.33,9.32
연애담,149481.0,8.93,7.0,7.46
클로버필드 패러독스,163813.0,0.0,0.0,0.0
셰이프 오브 워터: 사랑의 모양,158626.0,8.68,8.18,8.36
50가지 그림자: 해방,154598.0,8.37,2.67,7.95
베러 와치 아웃,156532.0,7.27,5.67,6.0
맨헌트,166463.0,8.17,3.67,4.41
종이비행기,149629.0,9.5,3.0,6.96
클로버필드 10번지,134856.0,7.46,7.17,7.56
겨울왕국의 무민,163850.0,7.43,6.0,7.48
더 하우스 : 악령의 집,172591.0,0.0,0.0,5.41
명탐정 코난 : 감벽의 관,66725.0,8.59,5.0,8.42
오직 사랑뿐,151715.0,8.52,6.0,8.48
스트롱홀드: 최후의 전사,172587.0,6.89,0.0,5.0
킬러의 보이프렌드,165450.0,0.0,0.0,6.83
마야2,172009.0,9.14,6.0,9.36
궁합,141206.0,7.49,4.0,6.48
블레이드 러너,10962.0,9.26,9.5,8.73
클로버필드,68537.0,0.0,7.0,6.99
비밥바룰라,151254.0,9.23,5.0,8.98
서버비콘,144130.0,8.19,6.0,7.18
스테이션 7,165751.0,9.2,6.6,8.71
쓰리 빌보드,158610.0,9.04,8.2,8.86
신과함께 2,167697.0,8.63,6.31,7.72
B급 며느리,162153.0,9.03,5.4,8.12
라라,171768.0,8.0,3.0,6.97
더 포스트,159848.0,8.81,7.63,8.76
나미야 잡화점의 기적,159862.0,7.66,5.75,7.34
환절기,148647.0,8.6,5.4,8.09
지구: 놀라운 하루,168418.0,9.38,6.67,9.42
숲속의 부부,165452.0,10.0,0.0,5.43
치즈인더트랩,153620.0,7.54,4.0,5.14
마셜,154296.0,0.0,0.0,0.0
"아이, 토냐",154293.0,8.73,7.75,8.38
게이트,172005.0,9.05,3.0,3.65
퍼시픽 림: 업라이징,125494.0,7.96,5.6,6.73
레지던트 이블: 파멸의 날,110333.0,8.59,6.0,8.38
모아나,130849.0,9.22,6.4,9.15
딥워터 호라이즌,137346.0,8.77,6.5,8.06
얼라이드,149777.0,8.58,6.5,8.86
라이언,134841.0,9.3,6.5,9.18
트리플 엑스 리턴즈,102278.0,8.18,0.0,6.99
일본 엄마,158466.0,0.0,0.0,6.76
맛있는 워킹걸,158764.0,0.0,0.0,3.67
50가지 그림자: 심연,144081.0,7.77,2.25,7.42
뚜르: 내 생애 최고의 49일,142304.0,9.51,6.2,9.23
여교사,139673.0,7.31,6.78,6.61
매기스 플랜,136859.0,8.07,6.86,7.91
스노든,134887.0,8.86,5.83,8.75
퍼스널 쇼퍼,144221.0,7.55,6.89,7.06
명탐정 코난 : 에피소드 원 - 작아진 명탐정,158849.0,0.0,0.0,6.48
문영,144578.0,8.53,5.33,8.48
더 큐어,143372.0,7.33,6.2,7.25
사랑의 시대,146374.0,7.93,6.83,7.6
짱구는 못말려 극장판: 폭풍수면! 꿈꾸는 세계 대돌격,149050.0,8.76,0.0,8.84
레고 배트맨 무비,132627.0,8.7,6.67,8.55
터닝메카드W: 블랙미러의 부활,155484.0,8.87,0.0,8.73
사랑하기 때문에,140010.0,8.39,6.0,8.03
판도라,132933.0,8.78,5.92,8.3
멜라니: 인류의 마지막 희망인 소녀,144986.0,0.0,0.0,0.0
블랙,68567.0,9.42,6.93,9.04
닥터 스트레인지,125459.0,8.88,7.03,8.71
아빠는 포르노스타,156636.0,0.0,0.0,0.0
빌리 린스 롱 하프타임 워크,136849.0,0.0,0.0,0.0
이탈리안 레이스,149027.0,10.0,5.0,8.44
아무도 모른다,38546.0,8.9,8.0,8.85
바다 탐험대 옥토넛 시즌4: 바다 괴물 대소동,158266.0,8.3,0.0,8.27
발레리나,130984.0,8.95,0.0,8.52
은하,138209.0,0.0,0.0,4.22
쿵푸 요가,158094.0,9.03,0.0,5.88
랜드 오브 마인,144100.0,9.28,7.0,9.19
패션 오브 크라이스트,38197.0,0.0,0.0,8.6
"다시, 벚꽃",160944.0,9.57,6.5,9.13
미스 슬로운,142632.0,9.32,6.83,9.28
펜스,154265.0,0.0,0.0,0.0
리틀 프린세스 소피아: 신비한 섬,165514.0,8.64,0.0,8.5
리볼트,167604.0,0.0,0.0,0.0
장기왕: 가락시장 레볼루션,146530.0,9.0,4.0,7.95
"그래, 가족",151192.0,9.26,4.5,8.33
아이보이,158563.0,0.0,0.0,0.0
마이펫 오지,157500.0,8.08,0.0,8.24
미인어,127383.0,7.96,6.0,7.95
레이디버그,157564.0,6.64,0.0,6.0
마영정: 상해야인시대,102638.0,0.0,0.0,7.41
녹터널 애니멀스,143409.0,8.36,7.0,8.14
아이덴티티,36992.0,0.0,0.0,9.07
스페이스 워,158452.0,0.0,0.0,0.0
재키,144990.0,7.42,6.4,7.09
언프렌드,146361.0,7.12,0.0,5.24
가족의 재구성,158634.0,0.0,0.0,7.44
제리 맥과이어,17942.0,0.0,8.0,9.15
6 데이즈,140288.0,0.0,0.0,0.0
어 퍼펙트 데이,137963.0,8.08,6.33,7.98
시인의 사랑,158252.0,8.25,6.14,8.06
시큐리티,143463.0,0.0,0.0,5.05
삼생삼세십리도화,144216.0,0.0,0.0,6.87
특이점이 온 영화,155563.0,0.0,0.0,6.41
시티 워: 익스트림 킬러,138370.0,0.0,0.0,5.32
"나, 다니엘 블레이크",150376.0,9.28,8.4,9.25
신비한 동물사전,115642.0,8.69,7.08,8.18
베를린 신드롬,158864.0,4.8,4.5,6.01
하이큐!! 끝과 시작,140803.0,9.11,0.0,8.91
파워배틀 와치카: 와치가면의 역습,162933.0,8.49,4.0,8.42
바람의 춤꾼,162260.0,9.5,10.0,9.35
캐리비안의 해적: 낯선 조류,51443.0,0.0,6.08,8.1
애로우헤드,163014.0,0.0,0.0,0.0
워 머신,143366.0,0.0,0.0,0.0
몬스터 트럭,125469.0,0.0,0.0,0.0
애프터매스,158665.0,0.0,4.5,6.11
안해,159554.0,0.0,0.0,4.38
지금은맞고그때는틀리다,140199.0,8.43,8.45,6.46
단지 세상의 끝,137958.0,7.66,6.9,7.46
사슬-두여자의유혹,159559.0,0.0,0.0,6.0
얼라이브,144323.0,0.0,0.0,6.94
더 와처스: 비기닝,161343.0,0.0,0.0,5.32
기동순찰대,147035.0,0.0,0.0,0.0
토마스와 친구들: 수수께끼 해적선과 보물찾기,148994.0,7.88,6.0,7.83
주키퍼스 와이프,143489.0,8.58,6.0,8.37
나의 엔젤,162200.0,8.08,7.0,8.23
딥,163663.0,7.99,0.0,8.08
가을 우체국,162415.0,9.25,3.0,7.07
투 이즈 어 패밀리,156194.0,8.0,4.5,8.35
"괜찮아요, 미스터 브래드",163832.0,8.38,6.0,8.36
튤립 피버,125418.0,7.7,5.33,7.34
세 번째 살인,166583.0,8.21,6.5,7.75
러브레터,19031.0,9.43,8.63,9.11
"안녕, 나의 소울메이트",156912.0,8.78,7.17,8.95
스노우맨,124263.0,0.0,3.0,5.64
섹스타시,170708.0,0.0,0.0,4.57
메리 크리스마스 미스터 모,149289.0,8.94,7.33,8.97
무서운 꿈,170236.0,5.9,4.0,5.24
정글,158623.0,9.0,6.0,8.65
쥬라기 월드: 폴른 킹덤,154285.0,8.55,6.4,8.02
러브 액츄얼리,36843.0,9.22,7.0,8.97
스페이스 비트윈 어스,143437.0,8.37,6.0,7.42
옆집소녀,161365.0,0.0,0.0,5.68
콜로니아,129093.0,0.0,0.0,0.0
아우토반,110379.0,7.72,4.0,7.74
블리드 포 디스,130986.0,9.19,5.33,8.5
나는 사랑과 시간과 죽음을 만났다,140792.0,0.0,0.0,0.0
토니 에드만,150371.0,8.29,7.67,8.18
패트와 매트: 뚝딱뚝딱 대소동,152491.0,8.29,5.6,8.71
청불학원,158897.0,0.0,0.0,5.67
오버 더 펜스 ,154540.0,7.83,6.0,7.44
오즈: 신기한 마법가루,165029.0,7.58,0.0,7.69
돈 슬립,161988.0,0.0,3.0,4.02
암고양이들,160673.0,10.0,6.0,6.19
퍼스트 킬,162823.0,0.0,0.0,0.0
인셉션,52515.0,0.0,7.93,9.22
인터스텔라,45290.0,9.11,7.9,9.09
100미터,149048.0,9.0,5.5,8.9
행복 목욕탕,154029.0,8.92,6.57,8.53
나이트 라이즈,158487.0,0.0,0.0,5.88
링스,137909.0,0.0,0.0,4.9
원스텝,146503.0,5.91,4.5,5.43
대역전,148961.0,0.0,0.0,0.0
로봇 오버로드,119448.0,0.0,0.0,5.21
데이라이트 엔드: 인류멸망의 날,149829.0,0.0,0.0,0.0
파이널 크루: 칸우 탈출작전,158402.0,0.0,0.0,8.8
드래곤: 용의 신부,154045.0,0.0,0.0,0.0
오텁시 오브 제인 도,154461.0,,,
다른 길이 있다,134976.0,8.2,5.67,4.23
초속5센티미터,66820.0,9.48,7.0,8.38
몬스터콜,125401.0,,,
씽,144938.0,8.99,6.71,8.96
돈키호테 맨 오브 라만차,130931.0,0.0,0.0,6.65
더 리더: 책 읽어주는 남자,45298.0,9.11,7.31,8.95
반지의 제왕: 왕의 귀환,31796.0,0.0,0.0,9.37
언어의 정원,106335.0,8.97,6.97,8.21
잭 리처: 네버 고 백,119412.0,8.13,4.88,7.14
빌리 엘리어트,31013.0,9.69,8.0,9.3
용의 치과의사,163503.0,6.67,5.0,6.9
아웃도어 비긴즈,151155.0,0.0,0.0,5.83
스코어: 영화음악의 모든 것,161129.0,8.98,6.5,8.83
음양팔괘장: 6인의 고수,158494.0,0.0,0.0,4.27
극장판 마이 리틀 포니: 이퀘스트리아 걸스,109606.0,8.39,7.0,8.78
추격자: 침묵의 살인,80127.0,0.0,0.0,5.15
눈의 여왕3: 눈과 불의 마법대결,156675.0,8.34,0.0,8.57
로그 원: 스타워즈 스토리,136868.0,8.34,7.16,8.45
"당신, 거기 있어줄래요",145292.0,8.8,5.44,8.69
에곤 쉴레: 욕망이 그린 그림,154307.0,8.05,6.25,7.93
미공하행동,153656.0,0.0,0.0,0.0
소시민,123678.0,9.0,4.5,5.2
7년-그들이 없는 언론,146526.0,9.48,6.0,8.51
시간을 달리는 소녀,63513.0,9.5,7.8,9.21
더 걸 온 더 트레인,142255.0,,,
서펀트: 죽음의 협곡,165529.0,0.0,0.0,0.0
말괄량이 마녀 로비와 숲 속 친구들,168995.0,8.07,0.0,8.43
베이워치: SOS 해상 구조대,104440.0,0.0,0.0,0.0
빅풋 주니어,165025.0,8.82,0.0,8.87
극장판 도라에몽:진구의 남극 꽁꽁 대모험,153279.0,8.68,6.0,8.85
혹성탈출: 반격의 서막,99740.0,8.43,6.53,8.53
미션 이스탄불,147835.0,7.0,4.5,4.6
내일의 안녕,142330.0,8.4,5.75,8.5
혹성탈출: 진화의 시작,80629.0,0.0,8.54,8.77
밤섬해적단 서울불바다,160261.0,8.89,7.22,7.5
애나벨,127338.0,7.1,3.0,6.87
하이큐!! 승자와 패자,155963.0,9.27,0.0,9.03
낮잠 공주 : 모르는 나의 이야기,159683.0,7.37,5.33,6.74
컨저링,92823.0,0.0,7.33,7.85
화이트 릴리,154053.0,6.17,4.67,6.19
라이트 아웃,144918.0,7.71,0.0,7.37
스플릿,146512.0,9.15,6.38,8.99
용의자,93028.0,8.27,6.47,8.35
키코리키: 황금모자의 비밀,148946.0,7.37,0.0,7.65
사운드 오브 뮤직,10102.0,9.6,0.0,9.39
검사외전,130903.0,8.56,5.94,7.94
동창회의 목적: 더 비기닝,153423.0,0.0,0.0,6.4
미션 임파서블: 로그네이션,95541.0,8.81,7.54,8.75
서유기3: 월광보합 리턴즈,142323.0,0.0,0.0,2.87
지워야 산다,170242.0,0.0,0.0,8.04
실종2,158091.0,0.0,0.0,3.75
산상수훈,164335.0,8.41,3.0,6.68
빅 배드 폭스,166807.0,9.05,7.0,8.82
초행,162172.0,8.46,6.6,7.74
인디펜던츠 데이: 외계의 대침공,169523.0,0.0,0.0,5.12
토마스와 친구들: 그레이트 레이스,148995.0,7.88,6.0,8.16
푸른노을,162228.0,9.0,0.0,9.05
분노의 전차군단,163126.0,0.0,0.0,3.83
8 마일,35626.0,9.0,0.0,8.88
커뮤터,152249.0,8.78,5.57,8.11
원더 휠,167408.0,8.01,6.29,7.68
극장판 레이디버그: 미라클스톤의 비밀,171727.0,8.96,0.0,9.43
9/11,149287.0,0.0,0.0,6.91
진주 귀걸이를 한 소녀,37937.0,8.64,7.0,8.14
식스 빌로우,168479.0,10.0,4.0,7.81
쿵푸몽키,171746.0,7.24,5.0,6.5
포르토,136834.0,7.69,6.0,7.31
새벽을 알리는 루의 노래,159833.0,9.26,6.5,8.49
천화,146421.0,9.0,7.0,6.14
누에치던 방,154982.0,7.81,7.4,7.39
기생 : 꽃의 고백,171828.0,10.0,0.0,7.81
M.F.A.,165832.0,0.0,0.0,0.0
주문은 토끼입니까?? ~디어 마이 시스터~,170427.0,8.47,3.0,4.59
굿타임,154295.0,7.89,6.88,6.8
메이즈 러너: 스코치 트라이얼,129408.0,8.36,6.56,8.07
메이즈 러너,105015.0,8.38,5.8,8.29
굿바이 크리스토퍼 로빈,154225.0,0.0,0.0,0.0
하우스 오브 데스,149452.0,0.0,0.0,5.91
좋아하지도 않으면서,172019.0,0.0,0.0,0.0
리틀 뱀파이어,144381.0,8.38,5.0,8.19
피의 연대기,164104.0,9.55,6.5,9.19
미션,10086.0,9.12,6.33,8.9
아비정전,10546.0,8.97,8.0,8.51
영원스,109972.0,0.0,0.0,0.0
투 러버스 앤 베어,136889.0,7.69,6.33,7.43
아기돼지 3형제와 매직램프,160720.0,7.53,6.0,7.02
셧 인,137990.0,0.0,0.0,0.0
개에게 처음 이름을 지어준 날,144084.0,9.0,5.5,8.13
아뉴스 데이,146200.0,8.93,6.0,8.99
너브,137938.0,0.0,6.0,8.1
사다코 대 카야코,149283.0,6.74,2.5,5.83
스와핑 하던 날,155084.0,0.0,0.0,5.53
택시 3,36818.0,0.0,0.0,6.3
반지의 제왕: 반지 원정대,31794.0,0.0,0.0,9.28
별을 쫓는 아이:아가르타의 전설,84505.0,8.25,5.33,7.92
여자전쟁: 여자의 이유,143478.0,0.0,0.0,3.96
미씽: 사라진 여자,142625.0,8.53,6.72,8.37
더 킹 오브 엠파이어,141447.0,0.0,0.0,4.2
"내 어깨 위 고양이, 밥",154379.0,9.27,6.0,9.18
형,142803.0,8.91,4.55,8.34
루돌프와 많이있어,153951.0,8.73,6.38,8.8
브라이트,154252.0,0.0,0.0,0.0
월터의 상상은 현실이 된다,97858.0,8.8,6.97,8.69
비욘드 스카이라인,80204.0,0.0,0.0,0.0
더 크리스마스,168478.0,8.75,7.0,8.87
고스트 스토리,158256.0,8.0,8.33,7.5
도쿄 구울,165471.0,0.0,0.0,0.0
일주일간 친구,148996.0,9.25,5.0,8.48
두 개의 사랑,162869.0,7.21,6.5,7.16
디트로이트,152689.0,8.46,7.13,8.17
야경:죽음의 택시,164995.0,8.75,6.0,3.85
두개의 빛: 릴루미노,171449.0,0.0,0.0,0.0
침입자,170642.0,0.0,0.0,5.77
더 킬링 오브 어 세이크리드 디어,152694.0,8.29,7.14,7.07
누나 친구 2,161308.0,0.0,0.0,5.7
이블 아이덴티티,116576.0,0.0,0.0,6.17
캐리비안의 해적 - 세상의 끝에서,43679.0,0.0,6.2,8.21
캐리비안의 해적 - 블랙 펄의 저주,37148.0,0.0,0.0,9.08
루팡 3세: 칼리오스트로의 성,18049.0,9.29,7.0,8.68
전설의 검,126282.0,0.0,0.0,5.79
캐리비안의 해적 - 망자의 함,43678.0,0.0,6.5,8.91
초대남,164397.0,0.0,0.0,8.14
처제의유혹,163090.0,10.0,0.0,5.7
시암,162970.0,0.0,0.0,5.64
다크 하우스,141184.0,5.82,2.33,5.44
첫 키스만 50번째,38227.0,9.21,6.0,9.21
좋아하게 되는 그 순간을. ~고백실행위원회~,158502.0,8.44,5.0,8.33
꼬마참새 리차드: 아프리카 원정대,160464.0,8.71,0.0,8.71
파란나비효과,162150.0,9.5,6.43,6.32
파리의 밤이 열리면,158571.0,6.06,5.75,6.12
기프티드,143469.0,,,
꼬마돼지 베이브의 대모험,159521.0,7.81,0.0,7.63
트랜스포머: 사라진 시대,100691.0,7.44,4.67,6.59
플래툰,10039.0,9.33,0.0,9.15
8인의 수상한 신사들,138254.0,7.27,4.8,6.28
6 빌로우: 미라클 온 더 마운틴,168479.0,,,
맨 다운,130998.0,0.0,0.0,0.0
패왕별희,14448.0,9.78,0.0,9.37
극장판 암살교실: 365일의 시간,160750.0,8.72,0.0,8.47
공각기동대,23917.0,8.0,0.0,8.75
달기,20422.0,0.0,0.0,0.0
매직키드 보보,159407.0,8.02,0.0,7.54
맨 프럼 어스2: 홀로신,158642.0,0.0,0.0,0.0
공동정범,153936.0,9.38,7.67,8.22
콜로니: 인류 최후의 날,153540.0,0.0,0.0,1.26
맨 프럼 어스,48690.0,0.0,7.38,8.53
그녀는 거짓말을 너무 사랑해,109944.0,8.23,5.0,7.85
반도에 살어리랏다,154794.0,8.78,5.6,7.61
서바이벌 패밀리,159645.0,9.67,0.0,8.66
탠저린,134906.0,8.21,7.71,7.88
액시던트 맨,154276.0,0.0,0.0,0.0
돌아온다,162419.0,7.29,5.5,7.93
우리 사이의 거대한 산,164906.0,0.0,0.0,0.0
스톡홀름의 마지막 연인,146394.0,7.07,5.5,7.3
오버드라이브,92082.0,9.0,3.0,5.4
플랫라이너,152647.0,0.0,0.0,0.0
HHhH,144958.0,6.5,6.0,7.51
군중낙원,129052.0,0.0,0.0,7.44
언더월드: 블러드 워,137887.0,0.0,4.75,6.11
삼소야적검,151132.0,0.0,0.0,7.56
아주 긴 변명,154536.0,8.68,7.0,8.3
친구부부 : 욕망의 스와핑,157437.0,0.0,0.0,5.09
2:22,163372.0,0.0,0.0,0.0
멀홀랜드 드라이브,33158.0,10.0,0.0,7.55
리브 바이 나이트,113343.0,0.0,0.0,0.0
소녀,149282.0,0.0,0.0,0.0
로우,151810.0,0.0,0.0,0.0
더 월,154280.0,0.0,0.0,0.0
미스터 쉐프,151188.0,0.0,0.0,7.78
컨저링 2,114282.0,8.34,6.57,8.23
레스큐 언더 파이어,166661.0,0.0,0.0,5.88
도쿄 연애사건,144188.0,10.0,6.0,6.33
반지의 제왕: 두 개의 탑,31795.0,0.0,0.0,9.34
교주전: 천공의 눈,163782.0,0.0,0.0,0.0
갓 오브 워,164212.0,0.0,5.0,6.83
필그리미지,144965.0,0.0,0.0,0.0
북 오브 헨리,142638.0,0.0,0.0,0.0
맥스 스틸,129002.0,0.0,0.0,0.0
인시던트,130430.0,0.0,0.0,7.63
걱정말아요,152591.0,6.7,4.8,6.83
포켓몬 더 무비 XY&Z; 「볼케니온 : 기계왕국의 비밀」,152265.0,8.74,0.0,8.75
졸업반,157493.0,0.0,0.0,0.0
원피스 필름 골드,146214.0,9.12,6.78,8.95
내 남편의 가정교사,158788.0,0.0,0.0,6.9
가려진 시간,141259.0,8.24,6.68,8.45
자백,146534.0,9.6,7.67,9.31
최후의 Z,102805.0,10.0,0.0,6.12
"카페, 한 사람을 기다리다",126011.0,8.17,6.0,7.75
에이리언,10037.0,9.5,0.0,9.11
광야의 40일,121938.0,7.38,0.0,5.06
세일즈맨,149059.0,8.45,8.17,8.0
더 플루: 감염자들,147415.0,0.0,0.0,0.0
빈센트,132828.0,5.0,0.0,1.0
"히데, 정크 스토리",153003.0,0.0,0.0,0.0
라스트 로빈후드,172537.0,0.0,0.0,6.38
붉은 비키니,158894.0,0.0,0.0,0.0
국가의 탄생,143410.0,0.0,0.0,0.0
그레이의 50가지 그림자,115303.0,5.49,3.07,6.05
내 아내와 결혼해 주세요,155650.0,8.13,6.0,7.96
왓 해픈드 투 먼데이?,118955.0,,,
탐하다:욕망의 섬,163089.0,0.0,0.0,0.0
위자: 레저렉션,137394.0,0.0,0.0,3.41
티켓 다방,159508.0,0.0,0.0,0.0
유혹,158464.0,0.0,0.0,3.46
몽키킹 히어로: 손오공과 요괴왕의 대결,158743.0,0.0,0.0,6.28
삼국지: 명장 관우,76794.0,0.0,6.0,7.31
미스테리어스 스킨,41190.0,8.49,6.75,8.21
빛나는,162872.0,8.24,6.8,8.18
흥부 글로 세상을 바꾼 자,159805.0,,,
레드 스패로,151744.0,8.54,5.33,8.55
7년의 밤,85578.0,6.04,5.5,4.82
아인,157795.0,8.81,4.67,7.5
지금 만나러 갑니다,168298.0,8.98,5.5,8.72
블리딩 스틸,152663.0,10.0,4.33,5.81
사라진 밤,165026.0,7.94,4.67,6.99
플로리다 프로젝트,164719.0,8.91,8.5,8.56
신과함께-인과 연,167697.0,,,
툼레이더,158601.0,7.58,5.0,6.48
반딧불이 딘딘,171767.0,7.78,6.0,7.9
일진,170954.0,0.0,0.0,4.64
행맨,162296.0,0.0,3.0,5.42
괴물들,157011.0,5.8,3.0,3.94
온리 더 브레이브,151752.0,9.22,6.5,9.24
단지 그대가 여자라는 이유만으로,11485.0,0.0,0.0,7.83
22년째의 고백 - 내가 살인범이다 -,152267.0,,,
강철의 연금술사,156461.0,0.0,0.0,0.0
언프리티 소셜 스타,152698.0,8.56,6.33,7.92
다이노소어 아일랜드,155108.0,6.75,0.0,6.03
S.W.A.T.: 언더 시즈,165701.0,0.0,0.0,0.0
밀정,137952.0,8.57,7.5,8.42
땡큐 포 유어 서비스,149708.0,7.33,6.0,8.41
서유복요편,159804.0,0.0,0.0,0.0
아브릴과 조작된 세계,122917.0,8.67,6.72,7.86
극장판 도라에몽:신 진구의 버스 오브 재팬,141675.0,8.95,0.0,9.04
토르: 다크 월드,95873.0,0.0,6.46,8.37
아더라이프,164687.0,0.0,0.0,0.0
토르: 천둥의 신,69989.0,0.0,5.82,7.3
풍운대전,164212.0,,,
부시위크,159154.0,0.0,0.0,0.0
행성탈출: 반란의 서막,164217.0,0.0,0.0,5.0
어폴로지,151282.0,9.7,7.33,9.5
스타워즈: 깨어난 포스,100072.0,8.21,7.55,7.76
노트르담 드 파리,165524.0,9.32,0.0,8.7
디나이얼,144984.0,,,
임페리엄,142627.0,0.0,0.0,6.65
모건,137968.0,0.0,0.0,0.0
헤드샷,155021.0,0.0,0.0,0.0
부산행,130966.0,8.59,7.1,8.0
더 배드 배치,137905.0,0.0,0.0,0.0
해어화,120165.0,8.23,5.62,8.0
엄마친구 3,158720.0,0.0,0.0,7.49
만담강호,161006.0,10.0,4.33,8.47
세월호,157761.0,0.0,0.0,0.0
철도비호,144254.0,0.0,0.0,0.0
브림스톤,134896.0,0.0,0.0,0.0
어카운턴트,134859.0,8.15,4.0,8.31
목숨 건 연애,142263.0,7.53,4.0,4.31
캡틴 판타스틱,127396.0,8.97,7.5,8.68
매드맥스: 분노의 도로,77768.0,8.86,8.75,8.77
"그 시절, 우리가 좋아했던 소녀",88669.0,9.14,6.0,9.02
해리가 샐리를 만났을 때,10250.0,7.75,8.5,8.91
업 포 러브,146386.0,8.77,6.5,8.15
사랑은 부엉부엉,152486.0,7.71,6.0,7.47
파파좀비,157033.0,10.0,4.0,6.46
미스 사이공: 25주년 특별 공연,155123.0,9.36,0.0,9.17
내 친구의 아내 2,156645.0,0.0,0.0,5.22
번지 점프를 하다,30796.0,8.45,0.0,8.99
외계 대 침공,120576.0,0.0,0.0,4.22
몬스터 섬의 비밀,167103.0,8.25,0.0,7.87
올 아이즈 온 미,151289.0,8.51,4.5,8.01
극장판 위 베어 베어스: 곰 브라더스,166083.0,7.65,0.0,7.55
완벽한 거짓말,137295.0,8.73,5.5,8.35
스타쉽 트루퍼스: 트레이터 오브 마스,166481.0,0.0,0.0,0.0
넬리,154424.0,8.67,4.67,6.8
파리 시청 앞에서의 키스: 로베르 두아노,156238.0,7.84,6.4,7.95
케이지 다이브,157198.0,8.5,2.0,4.61
메건 리비,144957.0,0.0,0.0,0.0
미운 오리 새끼,88226.0,0.0,6.29,8.71
고양이 케디,158318.0,9.05,6.6,8.91
시간 여행자의 아내,68086.0,0.0,5.75,8.27
일 포스티노,17796.0,9.09,8.0,9.16
더 프로미스,140722.0,0.0,0.0,0.0
비치온더비치,155310.0,8.93,6.2,7.22
첩보원: 독일군 잠입작전,157450.0,0.0,0.0,6.0
신세계,91031.0,0.0,7.22,8.9
데스 노트,101932.0,0.0,0.0,0.0
클레멘타인,37886.0,0.0,0.0,9.33
더 벨코 익스페리먼트,143408.0,0.0,0.0,0.0
재꽃,156337.0,8.56,6.38,8.42
T2: 트레인스포팅 2,151170.0,0.0,0.0,0.0
샌드 캐슬,144915.0,0.0,0.0,0.0
아이 엠 낫 유어 니그로,154717.0,8.33,7.71,7.79
스페이스 워커,168130.0,0.0,0.0,0.0
신비한 동물들과 그린델왈드의 범죄,154255.0,7.48,5.33,6.28
조선명탐정 : 사라진 놉의 딸,123596.0,8.07,5.85,7.66
엄마의 맛,169528.0,0.0,0.0,5.0
국정교과서 516일: 끝나지 않은 역사전쟁,153298.0,8.86,5.0,4.66
래디우스,165820.0,0.0,0.0,0.0
수춘도 2: 수라전장,163781.0,0.0,0.0,8.09
사랑과 영혼,10173.0,0.0,6.0,9.19
퍼즐,161876.0,8.0,2.0,4.78
미스 푸줏간,144846.0,0.0,0.0,0.0
바이오해저드: 벤데타,164114.0,0.0,0.0,0.0
트랜스포머,61521.0,9.5,5.25,8.84
트랜스포머 3,70241.0,0.0,5.48,7.07
레더페이스,151171.0,4.0,6.0,5.89
페니 핀처,153994.0,7.96,6.0,8.0
툼디:부러진 검의 전설,165846.0,0.0,0.0,6.77
죽음의집,172008.0,0.0,0.0,0.0
다정불심,20408.0,0.0,0.0,3.8
아기배달부 스토크,144945.0,8.83,7.0,8.74
ARQ,154491.0,0.0,0.0,0.0
소림사 무림쟁패,163124.0,0.0,0.0,4.07
부니베어:로거빅 컴백홈 프로젝트,164342.0,6.56,0.0,6.77
닌자 어쌔신 리벤지,163031.0,0.0,0.0,4.22
도묘필기: 미이라의 부활,142644.0,0.0,0.0,5.0
더 킬러 : 소녀 살인,141159.0,0.0,0.0,0.0
사랑과 욕망의 짐노페디,154052.0,7.0,4.5,6.54
뮤지컬 쉬 러브즈 미,162816.0,9.13,6.0,9.11
어메이징 스파이더맨 2,94187.0,8.06,6.32,7.75
어느 독재자,130041.0,9.43,6.67,8.89
복성고조,17550.0,0.0,0.0,8.38
휴가,157012.0,9.0,0.0,6.32
프레셔스 카고 : 프로 범죄단,147077.0,0.0,0.0,5.86
시칠리아 햇빛아래,132675.0,7.71,4.5,6.69
노후 대책 없다,149478.0,7.87,7.5,7.3
신과함께-죄와벌,85579.0,,,
바이러스,125480.0,0.0,0.0,0.0
엘리자의 내일,150378.0,8.33,7.2,8.29
도살장,158869.0,0.0,0.0,4.0
소림사 무림탐정-취의전장,155104.0,0.0,0.0,4.5
원더우먼 스토리,154234.0,0.0,0.0,0.0
24 아워즈 투 라이브,169652.0,0.0,0.0,0.0
아기돼지 3형제와 쿵푸랜드,171754.0,8.25,0.0,9.14
프로젝트 메자,170697.0,0.0,0.0,4.6
킹덤 오브 글래디에이터,126285.0,0.0,0.0,4.0
소드 마스터: 절대 강호의 죽음,151132.0,,,
그물,149174.0,8.38,7.25,7.54
인페르노,129461.0,8.1,4.67,7.79
어 워: 라스트 미션,144929.0,0.0,0.0,0.0
라스트 데이즈 인 더 데저트,121938.0,,,
바이스: 범죄도시,122493.0,0.0,0.0,4.18
하이 스트렁,147660.0,9.0,4.0,7.32
스카이라인,76581.0,0.0,3.63,6.26
골든 타임,130960.0,0.0,0.0,0.0
베이블레이드 버스트 갓 : 갓 발키리의 탄생,163027.0,0.0,0.0,7.46
속사정,161317.0,0.0,0.0,6.0
신몽키킹: 여인천국,168165.0,0.0,0.0,4.3
조폭의 법칙2,164374.0,0.0,0.0,5.2
베테랑,115977.0,9.24,7.5,9.01
무림강호: 영웅불패의 신화,157483.0,0.0,0.0,5.0
간츠,76708.0,0.0,6.0,6.32
쇼콜라,144849.0,9.33,6.5,8.51
보케,159305.0,0.0,0.0,0.0
두처제2,170644.0,0.0,0.0,4.93
더 탱크,165589.0,0.0,0.0,5.92
원정여행,165559.0,0.0,0.0,5.0
바보계획,137859.0,,,
"로만 J 이스라엘, 에스콰이어",162238.0,0.0,0.0,0.0
나쁜 남자,32681.0,0.0,0.0,3.37
400 데이즈,144433.0,0.0,0.0,0.0
섹스돌,158738.0,0.0,0.0,0.0
더 쉐도우 이펙트,158691.0,,,
사랑받지 못한 여자,158748.0,0.0,0.0,7.68
닌자의 나라,159820.0,0.0,0.0,0.0
더 리투얼,167061.0,0.0,0.0,0.0
조선명탐정: 각시투구꽃의 비밀,76080.0,0.0,5.68,8.12
어라우저: 각성자들,164368.0,0.0,0.0,0.0
0,,,,
