0,1,2
20170207,10,네이마르요세 골결이극혐된이유가잇엇네ㅋㅋ  
20170207,8,네이마르 ????ㅋㅋㅋㅋ  
20170207,10,연장자어벤저스에펠탑들  
20170207,10,똥양인만 안나왓으면 좋겠다  
20170207,3,견자단의 액션마저 cg로 비벼버리는 헐리웃의 마법과 오만  
20170207,6,"말도 안되는 영화, 그냥 액션만 좋아하는사람이 보기에 좋을듯  "
20170207,10,견자단.. 이게 얼마만에 작품이신가ㅠ  꼭 볼게요!  
20170207,10,토니쟈는 이제 헐리웃 영화마다 조연~것도 악역으로만 나오네ㅡㅡ  
20170207,10,사무엘 L잭슨은 예고편에서 너무 존재감이 큰데 다른배우들은 어떨지  
20170207,10,전 세계시장을 한번에 다잡으려는 킹오브대작  
20170207,10,전 세계시장을 한번에 다잡으려는 킹오브대작  
20170207,10,네이마르가 나온다 ㄷㄷ  
20170207,10,이영화 극장서 안보고 집에서보면 안보는게 낫겠다 ㅋㅋ 3D진리  
20170207,9,돈주고 보고싶어도 이런 조합은 힘들것! 역대급 액션블록버스터 탄생  
20170207,1,이름 넚는 액션 영화... 시간 낭비. 인생 낭비  
20170207,1,어지러운 세상에 놀아난기분  
20170207,9,첨부터 끝까지 스펙타클한 액션으로 달림ㅋ그냥 속이 뻥뻥 뚦림ㅎㅎ  
20170206,1,이러려고 돌아왔나. 나는 또 왜 시사회까지 가서 봤나 자괴감 들어  
20170206,6,해외에는 벌써 개봉해서 봤습니다 어차피 화려한 액션물이라 기대는 안했지만 중국에서 투자를 많이해서 그런가... 전혀 안어울리는 중국배우가 나와서 좀 이상했습니다 액션은 화끈했습니다 개연성은 기대 안하시는게..  
20170206,10,이 영화보고 모든 스트레스는 날려버릴만한 소재들이 다있넹  
20170206,10,빈 디젤의 시리즈물은 언제나 옳다  
20170206,10,빈디젤님의 빈디젤식애션기대함  
20170206,10,시원한 영화 바라고 있었는데 이건머 그냥 예매감이네  
20170206,10,익스트림이면 4D로 사수하고 빈디젤 형님의 스릴액션은 보너스  
20170206,10,감독 미쳤다 ㅋㅋ 캐스팅에 스케일 보소..  
20170206,10,미녀 배우들이 왼지 끌린다. 빈디젤은 믿고 보는거고~  
20170205,10,견자단 기대됨~~~~!!!  
20170205,10,##트리플엑스리턴즈 ##2월8일대개봉 이번에 시사회 보고 왔습니다!!! 핵꿀잼요 ㅋㅋ 믿고보는 빈디젤에 견자단까지 ㅋㅋ익스트림 액션ㅋㅋ 여배우들이 진짜 미치게 이쁩니다 ㅋㅋㅋ 보다가 미치는줄 ㅋㅋ #트리플엑스리턴즈 #2월8일대개봉  
20170205,10,엄청난액션 예상 이전편보다  엄청 업그레이드된  
20170205,4,"보지도 않고, 재밌겠(?)다고 10점 남기는 건 왜 그런거냐  "
20170205,7,예전꺼도 나쁘진 않았는데 기본은 하리라고 본다  
20170205,8,2017년 블록버스터액션을 알리는 초호화캐스팅에 재미 보장  
20170205,10,여자들 존멋이다 ㅋㅋㅋ 어벤져스 급으로 영화가 나왔다  
20170205,10,3D로 밀고 있으니 이건 엄청나게 스릴있겠다.. 정말이지 오랬만에 볼만한 영화 나온다  
20170205,10,진짜 리얼 보고 싶다!! 빨리 개봉바람  
20170205,10,아무것도 묻지 말고 따지지 말고 보란말이지?  
20170205,9,무조건 적으로다가 4D사수 해야 할듯 :)  
20170205,10,다국적 어벤져스의 총출동!! 믿어 의심치 않는다  
20170205,10,여자들 포스 장난아닙니다요~~ 컬크 쩔 듯  
20170205,10,예고편이 이렇게 흥미돋게 보이는건 첨이네 ㅋㅋㅋ  
20170205,10,자꾸 죽었다고 하지마라 이번에 빈 디젤이 제대로 터져준다  
20170205,10,견자단이 대세다!! 비중 당연히 많겠지 -0-  
20170205,10,육해공 액션버스터!! 빈 디젤 존재감 미쳤다  
20170205,10,이거 잭팟 터지겠다! 예고편들 봤노??  
20170205,8,속이 뻥뚤릴거 같은 고급진 시리즈  
20170205,10,블럭버스터급 액션에 익스트림까지.. 볼만한게 너무 많아  
20170205,10,호불호란 개나줘버려 믿고 보는 빈 디젤에 견자단까지  
20170205,10,큰 영화에서 이런급의 액션영화를 본다는건 행운이다  
20170205,10,견자단이 이번영화에서 확뜰거 같다!! 이연걸을 넘어선 액션왕  
20170205,10,개성파 스파이 군단..역대급으로 뭉쳤다!  
20170205,10,개봉하면 아맥으로 1순위 예매 ㄱㄱ  
20170205,10,흥행 불패 사무엘 L 잭슨까지 오랬만에~ 아드레날린 샘솟  
20170205,9,믿고 보는 디젤 형과 함께 초호화 캐스트까지 무조건 본다  
20170205,10,블로그 후기 살펴보면 액션이 장난이 아니라는 평이 즐비 완죤기대  
20170205,10,대박 진짜 케이지가 돌아오다니 진짜 우와  
20170205,10,간만에 짱잼 영화보고 나옴 진짜 넘나 잼있는것  
20170205,10,몇달 전 이번 속편을 위해 본 1편과 2편이 드디어 쓸모를 찾았네요 졸잼  
20170205,10,공중액션 스틸컷 봤는데 진짜 빨리가서 영상으로 보고 싶따!!  
20170205,8,오토바이타는거랑 스키타는거 나오던데 진짜 짱멋질듯~~  
20170205,10,기대했던거보다 더 충족해주다니 빈디젤때문임  
20170205,10,진짜 스키타는거 나왔는데 진짜 캐멋짐  
20170205,10,트리플엑스도 이제 액션시리즈가 될것인가?  
20170205,10,오랜만에 친구들이랑 단체관람으로 보러갈각  
20170205,9,생각했던거보다도 더 어마무시한 볼거리를 제공해주었다  
20170205,10,샌더케이지는 말이 필요없고 걸크러쉬가 짱짱걸  
20170205,10,시사회 보고 왔는데 액션 대박 4D로 다시바야함 진짜  
20170205,9,최근 나온 액션영화중 포스만으로도 갑오브갑 인정  
20170205,10,제대로 된 블록버스터 액션을 진짜 볼수 있는 영화가 나왔어..  
20170205,10,빈디젤 액션이랑 견자단 액션 보는맛에 보면 될듯  
20170205,10,말이 필요없는 액션시리즈로 자리잡을듯하다  
20170204,9,역시 트리플엑스는 빈디젤이 나와야지 2편생각하지말고 다들 보러가세요  
20170204,10,트리플엑스는 빈디젤햄의 액션으로 보는거죠  
20170204,10,4D로 시사회 보고왔는데 진짜 액션 장난아님  
20170204,10,빈디젤횽이랑 견자단횽이 나온것만으로 먹고 드러갈듯  
20170204,9,샌더케이지랑 스파이들이 진짜 제대로 된 액션을 보여줄들해서 기대됩니다  
20170204,10,롱보드 타는 빈디젤이라니 진짜 요새 롱보드 꽃혔는데 더 반하고 올듯  
20170204,10,이런 영화는 큰스크린에 사운드 빵빵한곳에서 보는게 진리  
20170204,10,여자배우들 머야 진짜 간지 터지는듯~ 기대기대  
20170204,10,바다위를 달리는 오토바이라니 볼거리 풍성하구만  
20170204,10,스트레스 진짜 다 풀리는 영화 보여주세요  
20170204,10,빈디젤 그리고 견자단 둘만을 보더라도 제대로된 액션영화를 볼듯하네  
20170204,9,믿고보면 시원한 액션으로 보답해줄영화  
20170204,10,빈디젤이 나온다는데 어떻게 극장으로 안갈수가 있을까ㅠㅠ  
20170204,10,난 견자단액션이 더 기대되는데 진짜  
20170204,10,오랜만에 1편 정주행하고 보러가야겠구만  
20170204,10,같은여자가 바도 도브레브 넘나 이쁜것  
20170204,9,빈디젤이 나온다는것만으로도 봐야할 이유가 있는거지  
20170204,10,우와 진짜 여자배우 두명 총격신 지림  
20170204,9,생각만 해도 눈이 진짜 즐거울꺼 같아요  
20170204,10,액션씬 어마하게 화려할꺼 같아서 개기대  
20170204,10,포디 포디 진쨔 포디로 바야할듯  
20170204,9,진짜 카메오들이 더 짱인듯 네이마르에 아이스큐브까지 ㅎㄷㄷ  
20170204,10,15년만에 후속편 나온거로 생각하고 보러갈께요!!  
20170204,9,케이지죽은거 아니었어요?? 살아있으니 보러 갈께유  
20170204,10,빈디젤부터 진짜 견자단까지 이런 캐스팅이 있었는가??  
20170204,9,세상에 빈디젤 진짜 돌아오다니 하……  
20170204,10,오랜만에 제대로 된 액션영화 나오는건가요??  
20170204,10,무조건 포디나 쓰리디로 보러가야겠구만  
20170204,9,캐스팅이 진짜 대박이구만 빈디젤 그리고 사무엘잭슨까지  
20170204,10,젠더케이지가 돌아오다니 진짜 개봉날 갈테다  
20170204,10,빈디젤을 15년만에 보는 자체만으로도 완전 감동이다  
20170204,10,전작도 정말 잼있게 봤는데 이번 뭉침은 정말이지 극장 사수한다  
20170204,10,쥔짜 멋지다!! 지루한 요즘 보기 딱 좋은거 나왔구먼  
20170204,9,믿고 보는 배우들과 섹시걸들까지 이건 꼭 봐야해  
20170204,9,이런 액션 영화는 큰 화면에서 봐야 제맛  
20170204,10,몸이 더 좋아졌네 ㅋㅋㅋ 진짜 멋진 횽아다  
20170204,10,최고의 액셜 플레이어들이 등장이네.. 기대해도 되겠어  
20170204,10,압도하는 예고편에 할말을 잃었네 ^^  
20170204,8,도로에서 스케이드보드 타는씬은 정말 놀랍다.. 돈 안아까울듯  
20170204,9,익스트림까지 말보다는 직접보고 즐기라~ 스케일이 남달른 시리즈  
20170204,10,요즘 견자단이 액션 개쩜 ㅋㅋ 최고일듯  
20170204,10,빈 디젤 옆에는 항상 최고의 여배우들이 존재하지.. 그래서 난 본다  
20170204,9,스케일 보소.. ㅎㄷㄷ 이런걸 극장에서 안보면 어디서봄  
20170204,9,죽인다 일단 예매부터 해야겠다  
20170204,10,견자단이 떠오르는 아시아 대스타! 이번 작품은 최고의 인생 액션작으로 남을 예감  
20170204,10,여배우 엄청 이쁘다 ㅋㅋ 예술같은 스틸컷 소장한다  
20170204,10,진작에 꾸준히 나와야 했던 빈디젤... 2편에서 죽었다고 하는 대사에 이젠 이거 망했네 라고 생각함... 아니... 어설픈 CG와 연기력이 더 망쳤지... 빈디젤 이젠 계속 해서 나와줘 ~!  
20170204,10,"금요일 저녁에 3D로 시사회 봤는데 액션 장난아니게 나오고 진짜 실감 남,, 손에 땀을 쥐고 봤다는 말이 무슨 의미인지 알게 한 영화!!  "
20170204,7,아 이 영화는 재밌나보네? 보고 싶었는데..다행이네요맷데이먼 나오는 그레이트월?은 댓글보니 평이 안좋아고민인데..이건 개봉 첫날 새벽꺼로 보러 가겠음~ 새벽꺼는 할인되고..사람이 없어서 보기가 편함 ㅋ기대해 봅니다..  
20170204,10,진짜 신나고 거침없는 영화!!!  
20170203,6,"식상한 포맷에 예상가늠한 액션. 빈 디젤, 견자단, 토니자라는 최고의 액션스타를 데리고 스스로 한계선을 그은 작품  "
20170203,10,형님 포스 하나로 일단 트리플엑스라는 영화가 먹고 들어가는게 아닌가 싶다  
20170203,10,디젤 형님이 영화 제작에 참여한게 참 인상적!  
20170203,10,역시 믿고 보는 디젤형 ㅎㅎ 짱이심  
20170203,10,걸크러시 쩔 듯~ 여자들 존멋이다  
20170203,10,비행기 폭발씬 지리구요 이번작 엄청 기대중  
20170203,9,흥행불패 사무엘 L.잭슨ㄷㄷ 출연 배우들 다 호감  
20170203,10,전세계 32개국 박스오피스 1위대박임.. 자리 압박 예상  
20170203,10,이런 액션 완전 환영이요! 믿고보는 배우들 대거 출연!  
20170203,10,아드레날린이 가득 느껴지는 화끈한 액션 보장 트리플 엑스  
20170203,7,너무 오랫만에 스트레스 확 풀리는 영화 봐서 좋아요  
20170203,10,흥미진진한 영상과 사운드로 보는 내내 즐거움을 주네요~  
20170203,10,꽉막힌 속 뚫어주는 통쾌한 액션 ㅋㅋㅋ빈디젤 대박!!! 완전 재미있어요!!  
20170203,10,엑션짱짱!! 포디로 보면 더 신나고 재밋네요!! 꼭 보시길!!!  
20170203,4,4d로  본 트리플엑스. 정신없이 시간이 훅 갔네요^^  
20170203,8,빈디젤멋져요~액션이화끈하네요  
20170203,10,역시 액션 최고ㅠㅠ 포디 추천해요!!!  
20170203,9,진짜 재미있네요! 쉴 틈없이 진행되는 전개 액션시뉴최고에요  
20170203,10,견자단 진짜멋있다 또보고싶다  
20170203,10,빈디젤 진짜 멋있다!! 올해 최고의 액션영화일듯ㅎㅎ  
20170203,9,오늘 정말 좋았어요 익사이팅  !!  
20170203,10,완전 멋져! 최고! 재밌어용^^  
20170203,10,시원한액션이 너무나 좋았음 돌아온거환영  
20170203,10,정말 스릴넘쳐지네요 오랜만에 보는 액션영화였는데 꿀잼  
20170203,10,역시 재밌네요ㅋㅋ짜릿한 액션 굳!!  
20170203,9,재밌어요 4D라 더 실감나네요 ㅋㅋ  
20170203,10,액션짱호화캐스팅!  
20170203,10,짱~~재미있어요~  특히 엑션이  최고에요  
20170203,8,스트레스 풀리는 영화 액션하나는 끝내줌  
20170203,10,역시 빈디젤!! 믿고 봤습니다!4D도 신선하네요~  
20170203,7,역시 빈디젤..짱짱짱 화끈한액션 보고 싶으시면 꼭 보세요  
20170203,10,역시 빈디젤 절대 실망시키지 않음  
20170203,10,"역시짱,오랫동안기다렸다  "
20170203,9,4d로 보세요 꼭 보세요 재미있어요!  
20170203,10,너무 재밌어요!! 3D관람 강추!  
20170203,10,화려한 액션으로 시간 가는줄 모른다!  
20170203,10,개꿀잼 죽이는액션 소름 꼭봐라 자식들아  
20170203,8,재밌게 봤어요 ^^ 추천 해요 완전 추천  
20170203,10,액션 짱! 재밌게 봤어요  
20170203,10,진짜 재밌음 시사회로 봤는데  
20170203,10,꿀잼핵잼!!또또또보고싶어요!!  
20170203,10,정말루 재미있게 봤어요 또볼래여  
20170203,10,액션 배우들의 진가를 제대로 느낄수 있는 영화입니다!!!!  
20170203,10,통쾌한 액션영화에용 ㅎㅎ  
20170203,10,정말 재밌습니다 다시볼께요 굿  
20170203,10,역시 빈디젤!! ㅎㅎ 너무 재밌게 봤습니다 ㅎㅎ  
20170203,10,액션이 끝내주네요~짱짱!  
20170203,10,아주 재미있었어요  ㅋㅋㅋ  
20170203,10,완전재미있었어요!!  
20170203,10,더욱 강렬해진액션! 꿀잼입니다!  
20170203,9,역시 명불허전의 액션 시리즈 입니당~  
20170203,10,견자단 액션이 너무 끝내줬습니다~!  
20170203,9,익스트림 액션이 적어서 아쉽지만 역시 빈디젤!!  
20170203,10,정말 재밌네요 꼭 보세요  
20170203,9,역시 트리필엑스 빈디젤최고  
20170203,10,4D3D로 보니까  더 끝내주네요~!! 트리플엑스 시리즈는매번 기대감을 충족시켜주니 정말 대단합니다!! 정말 재밌게봤네요 ~~ 적극추천합니다!!^^  
20170203,10,전편을 뛰어넘는 속편. 화끈함과 통쾌한 액션으로 돌아온 빈디젤. 4DX 강추합니다 !!!  
20170203,9,첫 장면부터 끝내주네요  
20170203,10,믿고보는 빈디젤 형님표 액션!! 스트레스 팍팍 날려버려요!!  
20170203,10,재밋어요 꼭 보세요 ㅋㅋ  
20170203,10,재밌게 봤습니다!! 다음에 개봉하고 난 후에도 다시 보고싶어요 ㅎㅎ  
20170203,10,액션 강추 영화♥♥♥ 너무 재미있었어요 꼭 한번 보세요!!!  
20170203,10,화려한 액션의 향연에 눈을 뗄 수 없었다. 지금까지 본 액션영화 중 최고!  
20170203,9,시원했읍니다 재밋어요  
20170203,9,재미지네요 굿굿 역시 트리플엑스는 액션  
20170203,10,역시 최고너무 재밌어요 스케일도 크고 영상미도 최고  
20170203,10,시간 가는 줄 모르고 봤네요~~! 굿~~!  
20170203,10,대박대박재밌어요꼭보세요  
20170203,10,샌더케이지와 걸크래쉬 최고!  
20170203,10,엄청난 액션 꿀잼!!!  
20170203,10,정말 추천!! 꼭 보세요 !!!  
20170203,10,재밌어요~~!!!!강추  
20170203,10,완전대박!!! It's great!  
20170203,10,보는동안 너무좋았어요.재밌네요  
20170203,10,상상이상의 볼거리 !!최곱니다  
20170203,9,트리플엑스레전드.. 시원한영화  
20170203,10,좋아요!! 엄청 잼있네요 시사회라 와이프랑 즐겁게 봤네요 엄청 좋아해요  
20170203,10,너무너무 굿굿 재밌어요 강츄 ㅎㅎ  
20170203,10,완전 액션신 개쩜.... 스키신이랑 오토바이가 장난아니엇다  
20170203,10,꼭 보세요 체고입니다 화이팅  
20170203,10,최고에용최고에여여최고에요  
20170203,10,트리플엑스 시리즈중 단연 최고!!  
20170203,10,굿입니다굿완전재미있어요구슥?ㅅ긋?  
20170203,10,굿 잼나겟밨음당ㅋ빈디젤 죄고  
20170203,10,너무너무재밌어요ㅠㅠㅠ 역시시는역시  
20170203,9,잘봤습니다화큰합ㄴㄱ다  
20170203,10,보다 더 화끈하게 빠르게 화려하게 업그레이드 된 익스트림 스파이 액션 블록버스터 젠더 카이저의 귀환!  
20170203,10,오리지날 트리플 엑스가 돌아왔다.  
20170203,10,바다만으로 모자라서 이젠 산에서도 스키를 타넹 ㅋ 대단한 빈 디젤 ~ ㅎㅎ  
20170203,10,이 영화로 4DX 액션 영화 시장이 흥했으면 좋겠습니다!!  
20170203,10,반디젤은 이 시대에 최고의 액션 배우이다!엄청  짜릿하고 스릴이 넘친다!  
20170203,10,액션역시 빈디젤이란 말이 절로 나옵니다. 개인적으론 견자단이 더 좋아요.~ㅎㅎ  
20170203,10,"오토바이, 스키, 총도 종류별 계속 나올거 같고 공중액션 스틸컷이 있는데 완전 기대기대!  "
20170203,9,빈 디젤의 화려한 액션 기대만빵입니다.  
20170203,10,역시 빈디젤!!견자단 아저씨 넘나 좋아하는데 역시 액션 대박이네요!!!#트리플엑스리턴즈 #2월8일대개봉  
20170203,10,샌더 케이지가 돌아온다는 것에 대환영!! 출연진 대박  
20170203,10,빈디젤 역시 기대하신대로 액션 죽여줍니다 으아아아 ~~헐리우드 액션 스타일로 !!  
20170203,10,엑스의 재결성에 스파이 액션영화의 끝판왕 등장이요!  
20170203,10,빈디젤  그만의 영화  아직 죽지않았다  
20170203,10,몸매가 짱짱인 주인공들 기대되는 걸요..  
20170203,10,축구선수인 네이마르의 첫연기도 좋았궁  트리플엑스 프로젝트를 받고 벌어지는 액션들이 넘나 좋았다?  
20170203,10,역시 빈디젤! 최고였다!  
20170203,10,그냥 화끈한 영화로 볼수 있길 기대하고 있어요  
20170203,10,믿고보는 빈디젤~역시최고입니다!!  
20170203,10,포스팅에 스틸것을 보다가 감탄이.. 저 파도씬 특히나 기대되네요..  
20170203,10,정말 보고싶었던 영화인데 이렇게 보고나니 기분좋네요^^역시 액션은 실망시키지 않터군요~~'빈 디젤'은 역시 .. 그의 연기는 언제봐도 믿고 보는 배우네요^^  
20170203,10,오우 견자단~ 도 나오네요~~ 빈 디젤 넘넘 멋진거 같아요^^ ( 사심가득 )  
20170203,10,또 한번 묵직한 액션 보여줄 것으로 기대됩니다 ㅎㅎ  
20170203,10,역시 빈디젤 돌아오기만을 기다렸다~~  
20170203,10,4DX 무조건 선예매해야겠다.. 이번작품이 역대급으로 나올 스케일이구먼~  
20170203,10,다음주다!! 대박 기대하고 있어요 믿고보는 디젤형님  
20170203,10,빈딜젤이 돌아왔다! 재미있어엽!!  
20170203,10,연휴지나고 최고의 액션 작품 탄생  
20170203,9,사이다인줄알고 마셨는데 까스활명수였어  
20170203,10,4DX로 볼 생각을 하니 벌써 몸이 근질근질.. 롤러코스터 타러 고고  
20170203,10,다르 액션영화하고는 급이다르다 무조건 아이맥스지..  
20170203,10,이래저래 답답한 요즘 시원한 빈디젤 영화로 스트레스 날려버리고 싶다 진자  
20170203,8,액숀의구요미~빈디젤이!!돌아왔다~그의미친액숀에~빠져봅시다!!  
20170203,10,견자단 빈 디젤의 캐미가 기대되요! 최고 기대작  
20170203,10,예고편 보면 가슴이 떨린다 완죵 기대기대  
20170203,10,이여~ 대박나왔네!! 액션스케일도 트리플엑스 시리즈가 최고봉이다  
20170203,10,액션하면 빈디젤 ㅋ 바로달려가서 보면 될듯  
20170203,9,아이 엠 그루트!!!!  
20170203,9,견자단은 진짜 늙지를 않네ㅋㅋㅋ 케스팅 초호화  
20170203,8,엑소 크리스 머리 왜저랰ㅋㅋㅋ  
20170203,1,별의 별 놈들이 다 나오는 걸로 봐서 망했다고 본다.  
20170202,9,드디어 전설의 월남스키부대가 나오는군ㅋㅋㅋ잼있겠네요  이젠 너무 나이들어보인다ㅜㅜ  
20170202,10,트리플엑스 리턴즈 CGV에서 왜 개봉예정이고 등금이미정이고 개봉연기되는거아니야  개봉연기하지마  
20170202,10,"기대 되는 이유는 캐스팅이 미쳤다. 빈 디젤, 사무엘 잭슨 그리고 토니 자!!!  "
20170201,5,imbd 5점...기대하고있었는데...  
20170201,10,12년만에다시온다 꿀잼이였는데ㅋㅋㅋㅋ  
20170131,10,스트레스 풀기에 최고!! 액션멋잇고 재미 리얼 와우 추천합이당~~ 전이미봣습니다 여긴엘레이 ㅋㅋ 도니옌 중국배우 액션신 너무 멋잇습니다 꼭 보세요 이영화 강추!!! 이런액션영화눈 무조건 영화관에서 바야함!  
20170131,10,니나 도브레브 나오네 꺄악~~~  
20170131,10,오 이거 죽이네..ㄷㄷㄷ  
20170131,10,당일에 보러가야지 기대가되오  
20170131,10,빈 디젤♡♡♡♡ 내사랑♡♡♡기대되네요 빈 디젤 나와서 본다  
20170131,8,15년만에 후속편이 나온거네 미쳣다 2는 뚱 흑형이 맡아서 제외시킴  
20170130,10,견자단 때문에 이 영화 보겠다  
20170129,10,이건머 의리로라도 봐야하는거 이입니까 ㅋ  
20170129,1,이런 영화 특징. 킬링타임용도 안되는 초등학생수준 영화.  
20170128,10,젠더 케이지 돌아오네...트랜스 포머 씨리즈와도 안 바꾼다...  
20170127,10,이제헐리웃에 이연걸의 자리에 견자단이 들어가는건가?멋지네  
20170127,10,니나 도브레브 너무 이쁘다  
20170127,8,빈디젤 좋아하는 배우고 xxx1도 재밌게 봤는데 2편에서 아이스큐브가 xxx 맡았을때 젠더케이지 죽은걸로 설정했는데 약간 억지스럽네요.  
20170127,10,참으로말많네 말먾어 그나마 여자들은 이뻐  
20170127,9,아니 디졌다매 2에서 디졌다고 말했잖어  
20170126,1,짱깨는  돈을 주고 영화 출연하냐  .저 ㅆㄲ는 왜 캐스팅?..안본다  
20170125,10,견자단 형님떄문에 볼끄야~뚜뚜뚜뚜.뚜  
20170125,9,홍콩에서 봤어요. 액션이 화려해요.. 대박!! 내용은 뻔해요.. 그냥 액션이 좋아요~ 배우들 연기 굿! 빈디젤과 견자단의 액션 훌륭한데.. 여자배우들 걸크러시도 장난 아님  
20170124,1,크리스..ㅋㅋㅋ 배신자 놈 나오네... 고민되는군....  
20170124,10,중국시장이 워낙 크고 급속히 발전해서 그런지 견자단 형님이 안나오는 영화가 없군.  
20170124,10,겁나기대되네요 !!!!  
20170123,1,이거 노잼임 ;; 진심으로 생각보다 별로에요 저 싱가포르에서 봤는데 그리 재미있지가 않아 마지막으로 좋았던건 스나이퍼 쏘는 여자가 너무나 예쁘다는 거 나무에 줄 매달렸을때 겁나 섹시함 저는 이미 봤기때문에 이런말을 하는겁니다.  
20170123,9,트리플엑스와 반디젤이면 액션물의 재미는 확실하게 보장한다  
20170123,9,2편에서 전 트리플엑스는 죽었다고 하지않음?근데 다시 나오네?뭐 상관없이 빈디젤 나오는건 다 잼있으니 기대됨빨리보고싶음ㅋㅋ  
20170122,10,견자단 형님 50넘어 헐리우드에서 많이 찍네..일찍좀 가지  
20170122,9,광고보다 아무리 봐도 견자단인것같아서 찾아보니 견자단에 토니자까지 나오네 완전기대 ㅎㅎ  
20170120,10,네이마르 의  깜짝 ~ !! 카메오 출연 ㅎㅎ  
20170120,8,인도에서 어제 개봉한거 보고옴. 액션은 정말 좋은데 차없는 분노의 질주. 개인적으로 인도배우가 섹시하긴한데 나올때마다 극장전체가 시끄러워서 보기 힘들었음  
20170120,9,막판에 조금 진부한 총질만 빼면 완벽한 액션영화!! 단~ 약빤 총은 진부하지 않았다..주연 조연 할것없이 모든 배우를 골고루 잘 써먹은 감독의 능력이 돋보인다..이 부분은 어벤져스 감독이 배워야 할듯..아참.크리스는 차이나머니를 위한 포석...  
20170120,9,스토리 엉망에.. 절대 안죽는 주인공.. 진짜 그냥 히어로물 수준임. 그런데 그냥 액션영화니까라고 생각하고 보면 잼있음. 계속되는 액션에 숨 쉴틈이 없음. 여자들도 예쁨.. 해외에서 오늘 봄.  
20170119,1,어흐 재밋냐 전나 잤다 저번꺼보면서  
20170119,9,"아이스큐브, 네이마르, 사무엘잭슨 등장 타이밍 쩐다 ㅋㅋ익스트림 스포츠 개쩌네..스키 산에서 타고, 오토바이 파도 타는 거 부럽네  "
20170118,10,견자단에 디피카 파두콘까지.. 빈디젤 사람볼줄 아네.. 무조건 대박!!  
20170110,10,기다리고기다리고또 기다립니다  
20170108,10,트리플엑스 빈디젤 15년만의 컴백! 그를 다시 트리플엑스로 만난다는것 자체가벅찬감동!  
20170107,10,빈디젤님나오는거면 말다한거아닌가?  
20170106,9,네 네이마르....? 까메온가  
20170106,10,젠더케이지가 돌아온다면 무조건 본다.1편은 쩔어줬다구  
20170105,7,왠지 예고편에 속는 느낌이지만 견자단 액션이...  
20161228,10,2편도 빈디젤이 했었어야해...  
20161225,10,빈디젤 꼭본다!!! 트리플엑스의 귀환이라니!  
20161118,10,젠더 케이지의 부활. 무슨 말이 필요한가? ㅋㅋ  
20161109,10,예고편 한번 잘 나왔네 10자  
20161108,10,★★★★빈 디젤 이다.☆☆☆☆  
20161107,4,돈때문에 짱께 너무 억지로 끼워넣네 요새 영화들  
20160918,9,저 발차기 어디서 많이봤다싶더니 견자단이었어 ㅋ  
20160901,10,하.. 기대는 되는데..  몸은 좀만들었습니까 디젤형님?  
20160808,10,이거 1편 티비에서 겁나 많이 봤었는데ㅋㅋㅋㅋ 특히 슈퍼액션에서 허구헌날 틀어줬었지ㅋㄲ  
20160806,10,드디어 나오는구나 빈 디젤~ 젠더 케이지!  
20160806,10,트리플 엑스는 빈 디젤!!!  
20160802,10,견자단에다가 토니 자 형님까지.. 꼭 봐야한다..  
20160723,10,케이지가 살아있다! 케이지가 돌아왔다!~~~~  
20160526,8,출연진 죽인다 이영화 속편을 보게되다니 2에서 이영화는 끝났구나 싶었는데..  
20160417,9,빈디젤을 주류액션스타로 만들어준 작품인데..좀 삐걱댔지.. 이게 원래 익스트림스포츠를 하는 007로 오래오래 시리즈로 낼 작품으로 기획된건데 1편성공이후 2편서 아이스큐브로 대체하고 젠더는 죽은걸로 설정했었는데 재미질듯..  
20160331,10,빈디젤이 돌아온다!!  
20160308,10,견자단에 토니자 까지 기대 되네요~  
20160222,10,제목좀 읽자 얘들아ㅋㅋ ㅋㅋ리턴이라잖아 2에서 죽었단설정이였는디 살아있었으니 리턴이라하겠지ㅋㅋㄱ  
20160205,10,바보들이 아이디 로그인하게 만드네 젠더케이지는 죽은걸로 설정돼있었다 바보들아 트리플엑스2 초반에 어떤 요원이 누구한테인지는 기억안나지만 보라보라섬에서 암살당했다고 그렇게 말을했는데 뭔 소리들이여 3편에는 죽었던게 아니었던 컨셉으로 나올거같구만  
20160128,10,아시아 아르젠토도 같이 복귀했으면 더 좋으련만ㅠ  
20160124,10,닉퓨리와그루트가만났네  
20160121,10,오 트리플엑스 이거찍을땐 제발 살좀 빼고나오길 너무 나태해졌어  
20160115,10,ㅠㅠㅠ 내이걸얼마나 기다렷는대 ㅠㅠ 이제나오는구나 !!! 얼른나와라!!!  
20160112,10,이연걸이우습냐? 왜맨날 헐리웃은 출연인원중 뒤에놓는거야 ㅋㅋ  
20150815,10,지난시리즈에한번안나온걸 죽은걸로아는사람이있네  
20140728,10,소름끼치는 영화 빨리 보고 싶다!  
20140702,10,"영화 나와라!!!제발좀,,!!!트리플엑스 짱짱잼있는 영환디..!!!큐브 뚱땡이가 망쳐놨어..다시 복구좀!!  "
20130715,10,얼른 나와라 제발.... ㅠㅠ 젠더 케이지 보고싶엉  
20130714,10,젠더케이지  
20130609,10,케이지 안죽엇어ㅡ ㅡ  
20130523,10,ㅋ  
20130510,1,죽었는데 살아돌아온다고?  
20130208,10,.  
