0,1,2
20180222,10,제목만으로 이런 감동을 느끼다니  
20180221,10,압도적으로 재밌다! 기발함에 반해서 기가 막힘 꼭 보세요!  
20180221,9,어제 무비핫딜로 보고옴 소재도 신선하고 재미있긴 재미있음 근데 다소 좀 잔인한 부분도 있음 물론 화면이 정확하게 나오는건 아니지만 약간 분위기와 상황이 좀? 근데 진짜 보면 볼수록 빡침 개빡침 난 그랬음 결말도 난 빡침 ㅋㅋ  
20180220,7,케이맨이 한 말이 다 잘 못된 말은 아닌 것 같다  
20180220,10,개 쩔었음..ㅋㅋ 소재 참신하고 긴장감 있고 굳  
20180220,7,배우보고 눈들였고 소재보고 결심했습니다. 보러갑니다  
20180220,10,1인 7역 여주에게 여우주연상 및 여우조연상을 주어야 마땅!월요병이 사라졌다!!!!  
20180220,10,이거 킬링타임으로 너무너무 좋습니다  
20180219,10,아직 보기 전인데 제목이 너무 맘에 드네요 ^___^ 월요일 짱 싫음 ㅠㅠ  
20180219,10,재밌음 굿 이런 스토리 좋음  
20180219,9,"솔까,재미면에선 단연코 블랙팬서/조선명탐정 이런영화들보다 몇배는 재미짐!몰입도,긴장감 쩔음ㅋ스케일만 컸으면 웬만한 블럭버스트들 깔아뭉갤 영화.  "
20180219,10,오랜만에 보는  스토리탄탄한  SF영화입니다  
20180219,10,너무 재밌음 .. 몰입감 최고  
20180219,3,소재만으로 쓸데없이 진지할거면 적어도 배우만이라도 호감형으로 해줬으면 좋으련만.  
20180218,10,소재도 좋았고 개인적으로 처음부터 끝까지 재밌게 본 영화였음. 요즘 볼 거 없어서 헤맸었는데 꿀잼..  
20180218,8,제목이 스포 ㅈㄴ 했네 ㅡㅡ; 원래 제목은 세븐 시스터인데  
20180218,10,여주인공 연기가 신들린정도네요 제목이 좀 애매해서 감도 안온채로 봤는데10분만에 바로 감찾음 ㅋ대학 인구지리학 수업들으면서 그냥 먼미래얘기로 흘려듣는 내용이었지만 영화로 보니까 역시 살로 와닿네요뭐든지 자연의 순리를 거스르면 벌받나봅니다  
20180218,9,꼭 극장에서 돈주고 봐라. 새로운 여전사의 계보를 이을 누미 라파스 누님의 등판! 미래식량문제로 1명만 키우는 산하제한 정책으로 7쌍둥이자매는 아버지에 의해 1명으로 몰래 키워진다. 어느날 돌아오지 않는 첫째 먼데이.. 반전에 반전.. 1인7역 핵졸잼  
20180218,10,신선하고 훌륭합니다. 강추합니다  
20180218,4,소재가 신선 할 수록 연출력은 떨어진다는 불변의 법칙...  
20180218,1,"여성이 메인 주인공인 영화가 늘 그렇듯 쓰리빌보드, 월요일이 사라졌다 두 영화 전부 도중에 개연성은 사라져 버립니다. '재미있다!' '강추다!' 딱지를 붙이기엔 대중적이지 못한 영화들입니다. 보는 내내 비웃음만 나왔습니다.  "
20180218,6,여주인공이 다 한 영화. 적당히 재밌었음  
20180218,10,개재밌음 ㄹㅇ 이건 꼭 봐야됨 어떻게 한사람이 일곱명의 사람을 연기했는지 정말 대단하다고 생각함 진짜 연기 잘함  싸움씬을 어떻게 했을까? 합성인가  
20180218,7,신선하고 참신했지만 집중하기엔 다소 지루한감이 있는듯  
20180218,10,"와와 너무 재미있게 봤네요스토리, 영상미, 메시지, 사회적 이슈에 대한 감독의 생각 모두 10점입니다.어떻게 이 모든 걸 다 담을 수 있었을까요  "
20180218,10,소재가 진짜 참신하네요 기대됩니다  
20180218,10,여주인공 연기력이 일단 미쳤다. 보는 재미가 있다. 큰 기대와 사전정보 없이 보게되면 의외로 몰입하고 있는 나를 발견할 수 있다. 극 중 다소 억지스러운 설정이 드러나지만 그것은 감독이 주제를 밀어부치기 위한 영화적 허용이라 생각하면 나름 매끄럽다  
20180217,10,누미 라파스 좋아하는 배우인데  남 여 배우들 통틀어 가장 찰지고 억울하게 얻어맞는 배우임. 진짜  잘 얻어맞아.  
20180217,9,영화 볼꺼 찾다가 우연히 봤는데 진짜 재밌어요. 긴장감 쩔고.. 개봉하면 영화관 가서 볼려고 합니다! 개봉관 많았으면 ㅠㅠ  
20180217,10,빅기대중입니다. .ㅓ  
20180217,10,메인 예고편봤는데 가장 기대되는 영화네요. 스토리가 일딴 아주 마음에 든다 . 어떻게 저런 스토리를 생각해냈을까 ? 얼릉 보고 싶네요. ㅎ 1가구 1자녀 7쌍둥이 정부와 싸운다? ㅎㅎ  
20180216,4,발상은 좋았는데 왜이리 엉성한지~ 7쌍둥이는 좀 무리수였음~갈수록 B급이 되감~  
20180216,10,이제 화요병생기는거임?  
20180216,7,참신하고 좋았는데 후반부가 아쉬웠다. 반전이 뻔해서 그랬던 걸까  
20180216,9,신선한 소재와 예측할 수 없는 전개로 지루할 틈이 없음. 관심없던 누미 라파스... 그녀를 각인함. 엄지척!  
20180216,10,가슴쩔었다..!!!  
20180215,8,최근본 영화중 정말 오랜만에 몰입하면서 본영화. 데드스노우 감독작품이네 딱 내스탈~  
20180214,5,뭐 반전은 있다만 난 뭐 이런 사이코영화가 있나 싶었음  
20180214,10,소재가 독특해서 그냥 한번 봐·야지..하고틀었는데 몰입감 진짜최고..!스토리도 좋고 여주연기가 미쳤다..우와소리가 계속나옴!최근영화중 최고!  
20180214,10,정말 재밌게봤습니다~^^ 몰입도 짱짱 ^^  
20180213,10,제가 영화예고편 가장 빠르게 볼수 있는 앱을 만들었습니다. 영화를 너무 좋아해서 만들게되었어요 ^^ 앱스토어:https://itunes.apple.com/kr/app/id1342065899  
20180212,10,이런 예술이 한달에 한번씩만이라도 나온다면 얼마나 좋을까..돈처발처발 똥감동감동 이런영화보다 저예선이라도 예술이좋다.. 아무튼 이건 명작...  
20180210,10,와 생각도없이 본영화에 제대로꽂혔다;;ㄷㄷㄷㄷ  
20180210,1,완전 일루미나티 영화 메시지 가득 시작부터 인구감축에 유전자 변형 음식 GMO 신분확인 팔지 베리칩같은 인구감축 산아제한정책 가구당1명의 자녀만 배우들 유대인 주인공 남자도 유대인 미래 이래 될수 있다 조심해야 한다 우리는 깨어나야 한다  
20180210,1,아 월요일 휴문데 월요일 사라지면 난 언제쉼? ㅡㅡ  
20180209,10,"연기력, 시나리오, 연출들이 완벽에 가ㄱ깝다.긴장감이 계속 이어지게  편집한 감독이 대단하다 굿여배우도 부라보  "
20180209,8,누미 라파스 연기 잘한다.  7명의 역활을 완벽하게 소화해냄  
20180208,9,인생 영화 한편 추가요~ 만약에 안젤리나 졸리가 주연을 맡았고 돈쫌 있는 배급사가 투자해서 찍었더라면 진짜 대박났을 영화~ 이 영화를 모르고 지나쳤으면 후회했을듯~ 여주인공 연기도 잘하고 간만에 초집중하면서 보게됐던~!!!안보신분 강추~!!!!  
20180207,10,흥미진진. 얼굴타령하는것좀 그만해라  
20180207,8,신선한 소재로 한 빠른 전개와 누미 라파스의 미.친 연기가 손에 땀을 쥐게 만듭니다  
20180207,10,소재가 되게 신박하네요~  
20180206,7,볼만함. 소재 신선하고 스토리도 괜챦은 편  
20180206,10,15세라 베드씬 삭제겠네요  
20180206,6,7명의 신봉선과 2시간이 넘는 처절한 런닝데이트  
20180206,10,"누미 라파스 넘 좋아하는 배우에요. 1인 7역에 , 모두 다른성격까지. 정말 재밌었어요  "
20180206,10,최고에요~ 와우! (진짜 최고임)  
20180206,1,주인공 얼굴 빻아서 안볼랍니다  
20180205,8,옥자는 상영 거부하더만 왠일이래  
20180205,6,What Happened to Monday?  
20180205,10,이영화는 10점을 줘도 아깝지않음 정말 적극 강추!!!추천드립니다. 여배우의 명연기도 정말 최고고 스토리도 탄탄하고 끝까지 손에 땀을쥐게 하는  영화였어요~~넘넘 재미있어요 알바댓글아니구요~`정말 최고로 잼잇게 본영화입니다. 강추강추!!  
20180205,10,월요일이 사라졌다니 부럽..  
20180205,10,너무 인상깊고 충격적이다. 누미라파스의 연기력은 이미 최고  
20180204,9,"몰입감 최고, 잔인했지만 뒷내용이 궁금해서 한시도 눈을 뗄 수 없었다.  "
20180204,6,볼꺼리는 있는데 개연성이 많이 떨어짐  
20180204,10,독특한 상상력. 참신한 각본. 끝까지 어떻게 될지 궁금하면서 봤음  
20180204,10,신선한 소재 그리고 여주 연기력 짱  
20180204,10,이렇게 영화가 재밌다고 느낀건 처음인거 같네요. 사람마다 다르겠지만 전 재밌다고 느꼈어요  
20180203,8,반전은 초반 조금 지나서 예측 가능했지만 인정사정 주인공들에게도 자비 없는 스토리텔링에 박수침. 우리나라에서 만들었으면 뻔했을듯  
20180203,10,"영화관  가서 새로운 맘으로 또 보고싶은 영화,  엔딩때문에 미련남아 두번세번 또 보고싶은 마음이 든다 . 존잼 꿀잼 ..!! 인생영화라 해도 손색없음.. ㅡ,ㅡ  취향저격 ㅋㅋㅋ  영화관 꼭 가즈아  "
20180202,10,간만에 재밌게봤음 ㅎㅎ  
20180202,9,왜 이런영화를 개봉안해주냐 햇는데 좀늦게하네요~! 여주의매력에  빠졌고 신선한내용에 재미지게봤는데.. 아일랜드 영화만큼의 완성도가 높지는 안은거같아요 ~!  
20180202,10,"에일리언 엄마 일품연기, ost  완벽, 빠른 전개, 액션 충분, 부족한 부분은 있으나 그거 다 감안 해줌, 보기 드문 영화 15금? 19금~  "
20180202,10,너무 좋았다. 미래에 있을 법한 배경과 월화수목금토일 7쌍둥이 참신한 소재. 스토리도 좋고 진행될수록 몰입도가 더 높아진다. 7명이 실제 다른 인물같은 연기도 너무 좋다. 마지막까지 소름돋는 반전과 이해되는 전개와 결말. 이런 영화가 많아지길 바란다.  
20180202,7,"다운사이징이랑 두 영화 거의 비슷한 맥락인듯 하네요.. 인간을 위한 인간의 선택, 결말은 약간 아쉽지만 그래도 재미있게 보았습니다.  "
20180201,7,용두사미 아쉽...네  
20180131,10,와 진짜 센세이션한 영화다 꼭보시길  
20180131,5,초중반부까지 매우 흥미롭다. 근데 뒤에서 수습못함  
20180131,10,포스터 보고 월요병에 시달리는 직장인들이  탈출하는 내용인줄...  
20180130,9,"소재 신선하고, 여주  연기력 좋고, 재미도 있는데...살짝 아쉬운건 왜 일까???  "
20180130,10,재밌게 잘 봤습니다. 주인공 연기하신 배우분 수고하셨어요  
20180130,5,흥미로운 소재와 배우의 재능을 낭비한 영화.  
20180130,10,제목만큼이나 월요일이 사라졌으면ㅠㅠ  
20180129,10,최곱니다 이영화!!!! 한국에서 상업 한국영화에 밀려 상영관 찬밥신세 당하는 꼴 절대 못보겠는 영홥니다. 꼭 보세요 강추!!! 긴장감이 계속 이어지고 그게 절대 지루하지 않게 빠르게 흘러 너무 재밌습니다! 생각할 거리도 있고 무엇하나 빠지지 않아요  
20180129,10,"누미 라파스 혼자 다하네. 액션포함해서 모든 연기가 다 되는구나.. 프로메테우스에서는 첨봤을 때, 신봉선생각나서 집중 못했던 게 미안해지네.. 사람 잘못 봤었네..너무나...  "
20180129,10,시간 지나가는줄 모르고밨다 요근래 본 영화중에 가장 재미있다. 아쉽지만 우리나라 에서는 영화관 개봉이 힘들다.보는법은 다들 그거로보면댄다  
20180129,9,꿀잼 꼭 보시길.. 요일이 요일이 아니다  
20180129,10,소름쫙 너무 잔혹.  슬픔.  뜨거운 형제애의 감동. 1인7역 연기 대박  
20180127,9,한마디로 재밌다. 다소 억지스러운 면도 조금씩 있지만 기본적인 소재가 독특하고 배우의 연기력이 매우 뛰어나서 끝까지 긴장감 있게 봤다. 좋았음~  
20180126,9,누미라파스 역시믿고볼수있는 배우네요. 소재도 독특하고 전개도 빠릿빠릿해서 간만에 재밌게봤네요.  
20180125,7,7점정도. 킬링타임용.  
20180121,9,사실 크게 반전이랄것은 없지만 신선한 설정과 재미 스릴까지 있다. 7인 연기를 다르고 개성있게 해내는 여배우 정말 대단함  
20180120,10,전문가가 아닌 이런내용 좋아하는 일반인으로써 10점!!매우 잼있게 봤습니다.  
20180120,10,"소재 참신하고, 스토리 루즈하지 않고, 긴장감 있고 진짜 오랜만에 영화다운 영화 봤네요. 저처럼 SF 좋아하시는 분이면 소장할 가치 있습니다. 꼭 봇에ㅛ  "
20180118,9,색다른 소재. 9점이 적당함  
20180118,9,누미 라파스 주인공땜에 영화를 살렸지 .프로메테우스도 닥터쇼가 살렸지  
20180118,10,액션영화로 보기 정말 재밌습니다. 루미 라파스연기는 일단 먹고 들어가구요...액션수작!  
20180118,8,오랜만에 영화 2시간 집중해서 봤다. 신선한 소재와 여주인공의 1인다역 소화력에 가면갈수록 더해지는 몰입감과 긴장감!!!! 너어무 재밌다 진짜ㅜ근데 극중반부터 뭔가 알 것 같던 결말이 조금 아쉽긴하다.(어쩌면 이게 극에 몰입하는데 더 도움이 됐을수도)  
20180117,10,최근 3년간 본 100여편의 영화중에 가장 재밌다 진심 인정한다  
20180117,10,제목부터 개신박ㅠㅠㅠㅠ그리고! 여성원톱 넘나 좋음ㅠㅠㅠㅠ  
20180117,10,이런영화 완전 제스탈이에요 ㅋㅋㅋ 기대됨  
20180117,10,소재부터 연기까지 엄청 기대중..! 개봉하면 당장 보러 가야지  
20180117,10,와 영화 내용 흥미롭네요! 빨리 보고싶어요  
20180117,10,와 제목 진짜 신박한데 ;; 스토리도 기대되는 내용이네요 개봉하면 보러가야겠습니다  
20180117,10,누미 라파스 정말 기대하는 배우! 1인 7역 어떻게 소화했을지 기대됩니다..  
20180117,10,우와 소재 완전 신선하다 겁나보고싶다  
20180117,10,한명이 일곱명의 인격체를 연기하다니 그것만으로 소오름  
20180117,10,와 대박 진심 처음부터 끝까지 완전 몰입해서 봄ㅋㅋㅋ  
20180117,10,시나리오가 기가막힙니다 긴장감도잇고 내용도 신선하고 반전도 잇고 강추합니다 진짜 잘만든 영화니까 꼭보세요  
20180116,10,재미있는 소재에 재미있는 영화..그런데 정말 신봉선하고 비슷한 느낌인듯...심지어 목소리도 비슷함.. 웃음소리는 더 비슷함 ..그런데 그 씬에서 몸이 정말 남자 같아서 놀랐음  
20180115,10,기대안하고봤는데졸라잼나네  
20180115,5,세계인구 100억 명'은 하나의 재앙으로 등장할 것이다.  
20180115,10,일본영화 소재로 나올법한 독특한 소재네요 완전 제 스타일입니다  
20180115,10,울 와이프 30분쯤까지 그 자매들이 한사람인줄 모르고 봤음.. 그만큼 한사람 한사람 연기가 좋음..ㅋㅋㅋ  
20180115,10,"현 사회적 정치상황에 대해 어떻게 보면 가장 민감한 부분을 다루면서도 영화적 재미도 놓치지 않은것 같다. 대중을 위한 포퓰리즘이냐 미래를 위한 완벽한 엘리트주의이냐, 세상 모든것은 각각의 단체의 선택과 도덕적 잣대에 의해 판단되며 승리자가 곧 정의다.  "
20180115,10,마지막 애기 울음이 냄긴건 무엇이였을까  
20180114,6,망한 봉준호 영화 같은 느낌  
20180114,9,소재가 참신하고 긴장감이 쪼여와 몰입도 높다. 123분이 훌쩍 지나간다. 간만에 건진 수작!  
20180114,6,넷플릭스 작품답다. 다소 자극적이며 재미있되 단연 상업적이다.  
20180114,9,역시 넷플릭스. 참신해~ 예측 가능했고 끝은 조금 약했지만 몰입력 하나만큼은 최고.  
20180114,4,스릴러는 실종되었지만 그럭저럭한 디스토피아~ 중반이후 힘을 잃는 영화...  
20180114,9,1인7역에 박수를.. 미래시대라 생각하게엔 엉성한부분이 좀 있다  
20180114,7,영화가 빨리 끝나기만을 바랬다... 누미라파스 1인7역하느라 고생했네  
20180114,8,잼써용 ㅎㅎ소재가 좋내여  
20180114,10,칠드런 오브맨과 더불어 최고의 디스토피아 영화. 그런데도 대한민국 정부는 오늘도 어김없이 애를 낳아라고 합니다. 전세계 인구는 20억이 적당합니다. 인구는 통제되어야 합니다.  
20180114,10,존나 재밌다 ㅋㅋㅋ 라파스 누나 연기 진짜 ㅋㅋㅋㅋ 쌍둥이들 싸울때 존나 통쾌함 ㅋㅋㅋ  
20180113,1,총기도 없이 특공대들 다 이김  
20180113,10,기발한 소재를 마지막까지 힘있게 끌고 간다그리고 그것을 가능하게 하는 누미 라파스의 언제나처럼 빛나는 연기!!  
20180113,9,라파스 누님 연기 미쳤넼ㅋㅋㅋ  
20180113,9,여주 출연료 7배 받아야 하는 영화 ㅋ 미래에 일어날 법한 일을 소재로 식상하지 않게 잘 만든 영화입니다 ㅋ  
20180113,4,재미없음..이딴 걸 8점까지 주다니  
20180113,10,아직도 이영화를 못봤는가? 그렇다면 당신은 행운아임~!  
20180113,10,영화가 완전 미쳤네..  
20180112,10,엘리자베스 쇼우 박사가 7명으로 연기하다. 미래에 우리에게도 닥칠 것 같은 일들.. 넘쳐나는 인구... 지구에겐 재앙일텐데  
20180112,8,중간중간 현실적이지 못하고  다소 억지스러워서 몰입을 방해하는 부분들이 있지만 그래도 전체적으로는 신선하고 볼만하다.  
20180112,10,모처럼 인상적인 영화를 봤네요. 추천!  
20180112,9,끊임 없이 고통받는 닥터 쇼  
20180112,9,정말 근래에 본 영화중 최고네요  
20180112,10,"와.. 간만에 제대로 된 영화봤네. 누미 라파스는 역시 프로인듯, 몸에 말근육이 엄청나네요. 평소에 엄청나게 몸 단련하는듯.  "
20180111,10,"솔직히 여주인공을 잘모르고 봤는데 , 무슨 영화인지 모르고 봤는데, 색다르고 너무재밌었다 정말 저 시대에 저런 일이 일어날까? 한국은 절대 안일어 날것같은데 지금도 저출산 시대에..  "
20180111,10,어찌 이많은 분량을 혼자서 ㄷㄷㄷ 대단하네요  
20180111,9,"산아 제한 정책이라는 일렴의 정책으로 일곱 쌍둥이 자매의 미래사회에서의 살아남기 위한 투쟁 기록 영화, 가볍게 보면 그렇게 볼 수 있겠죠 . 영화를 무척 잘 만들었네요.  "
20180111,10,"15세영화에 생수씬이라니,, 영화는 정말 재밌음  "
20180111,10,1초도 몰입하면서 잘봤습니다~! 영화 잘 만들었네요~주변에 추천하고싶어요!!  
20180111,10,누미 라파스 연기 좋네요. 소재도 좋구요.  
20180111,8,헬조선처럼만 운영하면 알아서 애를 안낳을 것을...  
20180111,9,월요일이 없어져서 일주일이 6일이 되면 일어나는 영화 상상하고 본 사람 손!ㅋㅋ 기대안하고 봤는데 계속 생각하게 되는 영화네요 재밌어요  
20180111,10,여주 못생겨서 집중안됬다는놈은 거울볼때마다 집중안되서 힘들겠네 ㅎ..  
20180111,8,개연성은 좀 별로였지만 소스가 워낙에 훌륭했음  
20180110,7,"소재만 좋고 초반만 긴장감이 있지, 중후반을 그냥 그저그런 액션 영화로 베렸네. 이 좋은 소재를 이렇게 말아먹다니...  "
20180110,10,몰입도 개쩜. 여주 슴가는 작지만 ㅇㄷ가 너무 이쁨.  
20180110,10,생각할 것이 많은 영화입니다  
20180110,7,조금 엉성한 부분이 있기는 하지만 매우 흥미로운 소재와 몰입도면에서 웰메이드.  
20180110,2,여주가 너무 못생김 영화에 집중이 안될정도로.프로메테우스때도 여주못생겨서 영화집중안됬는데 7배로 집중안됫음..  
20180110,8,스토리가 참신했으나 중반 이후부터 추진력이 떨어졌고 결말도 평범하게 마무리 되었다. 혼자 열연하는 여배우가 인상적이다.  
20180110,10,1인 7역 이라니..진짜 인생 작품이내요  
20180110,10,누미 라파스(여주인공) 진짜 상줘야 한다...여주인공의 연기가 영화 살렸다.!오랜만에 본 최고의 영화..  
20180110,9,케이맨의 정책이 썩 싫지만은 않다.  
20180110,9,썩 괜찮은 영화였다. 여주인공도 묘한 매력이 있었고 신선한 스토리또한 훌륭.  
20180110,7,신박한 내용  재밋엇다ㅎㅎ  
20180109,10,로튼점수 들먹이면서 개인의 의견 싹다무시하고 평점맞춘다고 1점주는 밴댕이소갈딱지땜에 10점주고감  
20180109,8,간만에 몰입해서 본 독특하고 오락성도있는 영화..누미 라파스라는 배우 솔직히 한국에서 먹히는 얼굴은 아니라 좀그랬는데 열연이 돋보였음. 위르콜라감독 데드스노우도 엄청 재밌게 봤는데 이감독영화는 다재밌음.  
20180109,10,누미라파스의 엄청난 연기와 cg라 믿기힘든 자연스러움 정말 고개 끄덕이게한 영화였다  
20180107,8,프로메테우스  엘리자베스네  
20180107,10,GOOD~~~GOOD~~~  
20180106,10,스토리 굿 액션 굿굿 여주연기 굿굿굿. 영화보다가 일시정지하고 평쓸라고 로그인했다 진짜. 지루할 틈없는 액션  
20180105,8,흥미로운 소재와 그것을 풀어나가는 과정이 참 좋았다. 후반부에 반전이 공개되는 과정이 조금 불친절했지만 그것을 상쇄시킬 수 있을 정도로 잘 만들어진 것 같다.  
20180105,8,중반까지는 10점짜리. 흥미진진했는데..마무리가 조금 아쉽다. 요일마다 돌아가면서 나가야 하는 7명의 쌍둥이 자매들..신선했네요.  
20180105,10,외국인 신봉선이 7명 나온다.  
20180104,8,이 영화 엄청남! 아무 생각 없이 보다가 너무나도 수작이라 깜짝 놀랐네요. 여주인공 연기가 엄청납니다.  
20180104,10,상당히 신선한 소재로 좋았고 나름 몰입도도 괜찮고 볼만했다만 연출이 좀 떨어져서 최고로 못만들어진게 아쉬울따름...  
20180104,8,이정도면 수작이라고 생각 된다..  
20180102,10,별점 10개도 모자라다. 내가 꼽는 2017년 최고의 영화!  
20180102,9,여주 연기 대단하고스토리 신선하고 지루하지 않아서 좋았다여자주인공들 이름도 요일로 한게 신선하다제목만 보고 그냥 요일 월요일이 사라진 줄 알았는데  
20180102,9,잔인한 부분이 많아서 그건 별로였지만 스토리가  긴장감 넘치고 재밌었어요  여러 역할 연기한 주인공 연기도 굿~!  
20180101,9,평이 좋은대로 역시 좋은 영화였네요.  오락적인 면도 충분하고  스토리도 좋고.  마지막 반전 같은 것도 생각지 않았는데 좋았네요.  충분히 9점 줄만한 영화입니다.  
20180101,7,오랜만에 독특한 소재 월요일은 항상 고달프다  
20180101,7,"신선한 소재, 허접한 연출.  "
20180101,7,소재는 아주 신선했으나 내용이 부진함  
20180101,10,집에서 혼자 질질짜면서 봤네....ㅠㅠㅠㅠ  
20180101,10,짱짱 꿀잼 배우 연기잘한다ㅎ  
20171231,10,역시 신들린 연기 누미 라파스 진짜 일곱 쌍둥이를 보는 듯한 적들이좀 어설픈 면은 있지만 연기와 설정으로 카바 좋은 영화 였다  
20171231,10,신선한소재.흥미진진하게 잘봤음!  
20171230,9,초반에 결말 느낌이왔지만 마지막 반전에 슬프고 끄덕끄덕함 ㅠㅠ 주인공 연기 오진다  
20171230,10,오랜만에 잘만든 영화 !! 완전 빠져들었다. :)  
20171229,8,손가락 반전은 최고였다... 마지막으 마지막의 반전  
20171229,8,재미있는 설정이네요ㅋ  
20171228,9,신선하고 몰입도가 정말 좋은 영화네요.  꼭 보세요 재밌습니다.  
20171227,10,소재부터 대박. 그냥 봐야됨. 이유가 필요없음. 내 인생 영화에 들어옴.  
20171227,1,노잼인디??? 6~7점대로 가버렸 !!!  
20171227,10,엄청 재밌게 봤어요. 굳.  
20171226,9,미리 봤는데 영화관에서 또 보려구요 추천합니다  
20171226,10,인타임 보는거같았음 초대박 긴장감 몰입도최고! 짱쨈  
20171226,9,"최근 본 영화중 몰입도최고! 시나리오로 반은 먹고들어가고 연출력도 상당한데, 대체 왜 수작을 개봉안시키는걸까?베댓처럼 여주인공 출연료 7배는 줘야할정도로 서로 다른개성을 가진 7쌍둥이를 정말 개성있게 연기해줌. 그리고 남주인공 앙리닮았다고 생각함.  "
20171226,9,신선한 주제.스토리.액션.연기..나물랄곳이 없는 영화.신과함께 같은거 보지말고 이걸 두번봐라.  
20171225,9,여주 연기력이 진짜 대박 ㅋㅋ  
20171225,6,호평받을 정도는 아닌듯  
20171225,9,7명의 개성이 모두 하나였다니..  
20171225,7,한두명만 죽고 끝나는 해피엔딩인줄 알았더니.. 소재도 신선하고 킬링타임하기 좋은 스릴러  
20171225,9,모야 다리미에 아령에 대가리 맞아도 멀쩡한게 말이돼냐 ㅋㅋㅋ  
20171225,10,초반 뻔한 설정 일수 있는 암울한 시대 과인구등 그러나 스토리와 연출 특히 여주 연기. 몰입감 있게 잘 보았다.  
20171225,7,와 ㅋㅋ 7명이 다 같은 배우였어? 보고도 몰랐다. 7인역을 했으므로 평점은 7점!! 액션씬도 긴장감있고 한국영화와 달리 죽일애들은 빠르게 죽이는 전개가 맘에듬.  
20171224,6,"누미라파스 연기력은 뭐 믿고보는거고, 그런데 솔직하게 법안이 맞다고 느껴졌다 점점 지구는 인구포화상태로 경쟁도 심하고 유전자변형 GMO 를 대량생산해서 건강문제도 초래하고.. 진심으로 지금부터라도 1명낳게하는 법안 만들어야된다고생각듬  "
20171224,10,여주인공 연기 정말 멋졌습니다~ 재밌었네요~ 소재도 너무 신선했구요~  
20171224,9,재밌게봤어요 남편도재밌데요 근데요즘처럼저출산시대에 인구과잉인때가 오긴할까요?여주인공연기력진짜짱임!  
20171224,6,"..,,..,,..,,  "
20171223,1,"IMDb 6.9점, 로튼토마토 5.7점 받은 졸작 영화... 해외 평점에 맞게 실제 영화도 노잼. 볼건 여배우의 연기력 뿐. 5점 정도라 생각하지만 평점이 너무 높은것 같아 1점.  "
20171223,10,강추 반전 좋은 영화입니다  
20171223,10,와 이거 진심 명작.... 마지막엔 눈물이 ㅜㅜ  
20171223,8,여주혼자 다해먹는 영화.. 참신한 아이디어와 여주의 연기.. 고생했다..  
20171222,6,그냥저냥.  막 재밋진않다.  
20171222,10,재밌어요 사회의 억압이 가정과 개인에게 어떤식으로 영향을 미치는지도 어렴풋이나마 느낄수있고요 초반에는 좀 어색했지만 갈수록 정말 7명이 있는거처럼... 웃음소리도 각기 캐릭터별로 다르게 연기하더라고요 잘만들었어요ㅎㅎ  
20171222,10,신선한 소재로 끝까지 잼나게봤어요~  
20171222,10,오랜만에 몰입해서 잼나게 봤습니다연줄 스토리 몰입도 연기모두 10점!  
20171221,8,아빠는 언제 어떻게 사망했는지? 안나와서 디테일이 부족하지만 여주 연출 장난아니네 와..  
20171221,8,중반에 살짝 개연성 떨어지고 예상 가능한 시나리오지만 여주의 연기력과 참신한 소재로 꽤 잘 만들어진 수작  
20171221,7,킬링타임으로는 좋으나 앞뒤 개연성과 약간 한국의 신파느낌의 대사들이 많아서 아쉬웠던 영화. 연기는 정말 좋았으나 설명이 부족한 주장을 듣는듯한 영화였다. 한마디로 시간이 아깝지는 않으나 아쉬운 영화라 하겠다.  
20171221,10,와 몰입도 대박... 올해 본 영화 중에 제일 재밌었어요  
20171220,1,없어도 너무 없다. 미모도 없고 재미도 없고  
20171220,9,정말 여러모로 대단한 영화다. 전 세계 여배우 중에 이 정도 연기를 해낼 사람이 몇이나 될려나.  
20171220,10,정말재미있어요 긴장감넘치고  
20171220,9,집에서 봤는데 스킵을 10번이하로 했다. 이정도면 8점 이상.  
20171219,1,"너무 억지스러운 전개, 불필요한 장면도 많이 들어가 있고요, 딱 킬링 타임용 저급영화라 보입니다.  "
20171219,7,"뼈대가 되는 스토리라인도 괜찮고 소재도 좋았다. 그러나 연출력이 2000년대 초반 영화 수준으로 저급했고, 이야기 개연성은 겨우겨우 용인할 수 있는 정도 밖에 안 된다. 각본감독이 조금만 열린 귀를 가졌더라면 훨씬 좋은 영화가 될 수 있었을 듯  "
20171219,5,직진 액션에 마지막에 무리한 커브를 살짝 튼 영화. 설득이 안되는 스토리..  그러나  재미는 있다..  이건 액션영화!  
20171219,8,여자주인공  연기는 괜찮은데  얼굴이 많이못생겼음  
20171219,1,센징이들 영화보는 수준  
20171219,10,이정도면 수우우우우작  
20171219,9,마지막에 반전이 많은 생각을 하게 만드네요. 소재가 참신하고 여주 액션에 한번 더 놀래고  
20171219,9,기발하고 잘 짜여진 스토리 몰입도가 장난 아님  
20171219,10,"누미라파스 대단하다,혼자 다한다.감독도 대단하다,  "
20171219,9,인타임과 더불어 신박한 영화. 혼자하는 영웅놀이 액션이 아니라 더 좋았다.  
20171219,9,겁나 신박하고 재밌습니다  
20171219,10,와정말재밌다. 이런영화좋음.  
20171219,10,그냥 완벽하다. 완벽그자체.  
20171219,10,이 영화를 재미없게 보다니... 1점준 당신들이 선택한 10점 영화가 궁금하다 ..  
20171219,10,놀라움이 많은 영화다! 연출자의 상상력에 박수를 보낸다.  
20171219,8,개인적으로 누미라파스 외모때문에 별로 안좋아했었는데이번영화로 그런 편견이 없어짐누미라파스 혼자 끌어가는 원맨쇼  
20171219,10,화려하진 않지만 스토리는 굿  
20171219,10,2017년 영화중 단연최고 1인7역의 연기 대박 몰입감 대박  
20171218,10,7명이 다 이쁘다 ㅋㅋㅋ  
20171218,1,아 1점 이하가 없네요.... 더러운 알바생들 저 자신이 처음으로 여기 평점 남겨 봅니다. 저의 인생 최악의 영화입니다.  
20171218,10,와~ 어케 7명을 다 소화했을까 대다나다  
20171218,10,일곱 난쟁이도 아니고.. 일곱 신봉선 ㅋㅋ 내용은 굿굿~  
20171218,6,1인 2역도 촬영하고 붙이고 하기 정말 힘든데 무려 1인 7역이다. 게다가 아역까지 합하면 무려 2인 14역. 감독의 노고에 박수를.  
20171218,10,어떻게 이런 시나리오를 생각해낼 수 있을까. 기발하다 못해 천재적이다.  
20171218,8,어려서 그 이쁜 아이가 자라면서 무슨일을 겪은건지 와꾸가...  
20171218,10,이 영화보고 누미라파스팬됬어요! 걸크러쉬♡  
20171218,1,"선진국들은 모두 심각한 인구감소를 겪는게 현실인데 이 50년전에나 먹힐 소재를... 현실에서 아프리카, 이슬람쪽 인구 증가를 선진국들이 떠안을리도 없고.  "
20171218,9,탄탄한 스토리에 경이로운 연기로 눈이 호강  
20171218,1,1점까진 아니지만 평점 현실화를 위해 과감히 선택함. 망작 겨우 면한 정도의 영화임  
20171217,8,1점주는 사람은 머냐..영화추천 좀해봐라 궁금하네  
20171217,1,해외에서도 평졸작 수준으로 평가되고 실제로 보니 뭐 하나 특별한 것도 없구만 왤케 빨아대냐?? 요즘은 개봉 전부터 작업질하냐?  
20171217,10,1인7역.. 진짜 대단하다!! 액션도 수준급 무조건 보삼  
20171217,1,"1. 완성도미흡손가락이 치즈마냥 짤림, 조용히처리하라면서 특공대 몇명을 보내는거임? 여자5명잡는데2. 질질짜는소리신봉선이 쇳소리내면서 질질짜는거 극혐이다3. 개연성 부족+ 위와같은이유로 몰입도 팍깨짐보다가 빡친영화  "
20171216,7,소재는 참신하다만 점점 힘이 쭉쭉 빠진다  
20171216,7,"약간 B급 스러운 연출의 후반부 빼고는, 그냥 볼만한 무난한 작품. 대작은 아니다  "
20171216,10,"이영화 몰입감,연기력 대박  "
20171215,10,와 재밌다 와우 와... 와우...  
20171212,10,문제라는것은 답이 존재하기 때문에 문제인것이다! 그러나 이영화는 답을 얻을수 없다!  
20171211,10,볼만하네요.강추합니다  
20171209,9,이야 나는 여주가 쌍둥이로 2명이서 7명연기를 한건가 했는데 혼자서 ㄷㄷㄷ  
20171209,9,별 생각 없이 플레이 했다가 완전 개이득본 부분임.  
20171206,10,여주 연기 진짜..ㄷㄷ 다 다른 사람같았음  
20171206,10,연기 진짜 숨죽이면서 봄..  
20171206,10,소재도 참신하고 특히 배우 연기가 너무 좋네요  
20171206,10,누미 라파스 1인 7역 연기??  
20171206,10,누미 라파스 겁나조아....bb 밀레니엄부터 스파이 게임까지 다봄ㅋㅋㅋ 1인 7역이라니 믿고 보러 간다  
20171206,10,1인 7역 대박이다... 연기력 쩌네...  
20171206,10,긴장감 대박임 ㅋㅋㅋㅋ 국내에도 빨리 개봉했으면 ㅠㅠ  
20171206,10,"안 그래도 기대하고 있었는데, 개봉하나요~~?!!!  "
20171206,10,스릴감 쩌는듯..배우들 연기도 좋고 굿굿  
20171206,10,1인 7역이라니 놀라움...  
20171206,10,누미라파스 연기가 진짜!!! 대박  
20171206,10,누미 라파스  ㅠㅠ 오진다 레알  
20171205,9,별 기대 안했는데 아주 볼만한 영화. 디스토피아적인 미래를 보여준다. 쇼박사 너무 좋다.  
20171130,3,개연성제로 노잼ㅇㅈ 어 ㅇㅈ  
20171130,10,신선한 소재에 여주 연기가 너무 좋음  
20171129,10,"2시간 순삭, 너무 목을 빼고 봤더니 거북목이 되었다.  "
20171126,10,다섯번봤음완전대박임  
20171126,10,이런 상상자체가 무섭고 누가 이런 발상을하고 영화를 만드는건지 사람의 능력에 또 한번 소름돋고 간다  
20171126,9,꿀잼이네요 추천!!^^  
20171126,10,댓글 믿고 본 보람잇네요.. 대박  
20171126,10,누미 라파스가 연기를 정말 잘한다는게 다시 한 번 입증됐네... 7명을 연기하면서 다 다른 분위기임 대단하다  
20171121,9,과하지않은 실제로있을법한 상상  
20171120,10,"소재도 신박하고, 무엇보다 여주의 연기가 말도안되네요.의심의 여지없이 강추할게요.  "
20171119,9,넷플릭스 영화 잘 만드네. 누미 라파스 연기 개폭발. 어떻게 이런 상상을 했지?  
20171119,7,정부가 생각없이 법을 만들면 이렇게 된다. 머 그런정도 느낌의 영화.1인7역한 여배우의 연기력정도만 기억에 남는다.  
20171119,9,우연히 본 대박영화아이땜에 끊어보았어도그 긴장감은 아주~~일인7역 여주가 약간부실한 이야기를 하드케리  
20171119,7,섬뜩한 줄거리에 적당한 액션  
20171118,8,몰입도와 여주인공의 연기력만으로도 볼만한 영화입니다  
20171118,5,1인7역을 해낸 여배우의 출연료가 궁굼할뿐..영화는 별로..!!  
20171118,10,"새로운 소재, 흥미진진함,반전 삼박자가 골고루 좋았다.  "
20171117,10,"1인7역이라는 여주인공의 능력. 대단합니다.,  "
20171115,9,한국에서 왜 안걸렸는지 아쉬움. 요즘 극장에서 재밌다하는 영화가 없는데 영화관에서 봤으면 정말 좋았을것 같음.  
20171114,10,소재야 둘째치고 진짜 너무재미있었음 ㅋㅋㅋ여주가 참 대단하다. 꿀잼꿀잼  
20171112,9,참신한 소재 그리고 그걸 이용한 스토리 전개는 휼륭하다. 하지만 그 규모의 거래라면 제거가 아닌 다른 방향도 있었을터니와 마지막 결말의 자매의 모습은 설득력이 떨어진다. 전체적으로는 굉장히 몰입도 있고 이번 해의 영화 중 최고였다  
20171112,10,좋은소재에 OOO기력 여주 존경합니다.  
20171107,9,내용 신선했음. 굿. 원제가 세븐시스터즈인가..  
20171104,10,의외로 재밌습니다ㅎ 영화 자체는 8점대지만 기대이상이어서 가산점 2점ㅎ  
20171104,10,너무 좋았음. 신박한 소재와 탄탄한 스토리  
20171104,6,감독이 두 명인가...잘 나가다가다 잠깐잠깐씩 아주 어설프게 연결 되던데.. 나쁘진 않았다면 그렇다고 열광할 정도는 아닌 듯.  소재 자체가 좋았고 연기는 괜찮았으나  뭔가 아쉽네  
20171102,10,순전히 누미 라파스때문에 본 영화.정말 잘 만들었고...블레이드 러너 같은 SF명작이다.  
20171101,10,오랜만에 매우 신선하고 독특하면서도 흥미로운 영화 한편 시간가는줄 모르고 봤습니다~ 안보신 분들 꼭 한번 보세요! > 스페인 영화 ‘터널’과 함께 올해들어 손꼽은 신선하고 흥미진진했던 영화~~  
20171029,10,말이 필요없음 무조건 보세요 신선한 충격 그 자체임  
20171028,6,사람생명의 존귀함. 월요일이 사랑에 빠지고 화요일은 죽고 수요일은 죽다가 살아남았고 금요일은 어떻게 되었더라. 아이고 헛갈리기는 하나 영화 아일랜드 분위기와 오락성은 없고 비장함과 늘어지는 슬로우모션은 영화의 해가 되었다. 소재의 특이성은 좋다.  
20171028,7,메세지는 정말 중요하다. 곧 닥쳐올 상황. 스토리가 조금만 더 특별했으면 하는 아쉬움. 봉준호 느낌 물씬.  
20171026,9,라파스 누님도 믿고보죠  
20171025,10,누미 라파스 일당백이네걸크러쉬 폭발과 천의 얼굴 걍 쩜니다  
20171024,9,우왕. 그닥 기대 않고  시간이나  때울겸  봤는데... 대박... 영화 잼있네요.. 예고편이나  영화홍보   없이  본거라 서  그런지  ㅋㅋㅋ 정말   기대  이상 입니다.  
20171024,7,반전이 있는 드라마 같음  
20171023,10,암울할  배경의 미래와 신봉선 닮은 누님의 눈을뗄수 없는 연기에 오감을 떨며 봣음...누미 라파스 최고의 연기를 본거 같음  
20171022,10,제목이상해서 안본뻔~완젼 꿀좸꿀좸  
20171021,6,볼만함 스포니까 안보신분은 감안하세요 마지막에 먼데이가 아이 살리겠다고 자기 가족들을 전부 죽였단걸 정당화시킨건 어이없었음. 그리고 너무 오바스럽게 극단적인 악의 세력임. 그래도 액션은 재밌고 스릴감 있고 주인공 연기가 끝내줘서 6점  
20171020,10,단순한 내용인데 라파스의 연기를 보고 있으면 영화속으로 빨려들어가게 만들어버린다... 홈즈부터 봐왔지만 여전히 질리지 않고 볼매인 라파스!!!  
20171020,7,이거 나름 재밌게 볼 수 있음  
20171019,10,표정연기가 정말 리얼하고 긴장감 있고 흥미롭네요개인적으로 근래 본 영화중 최고입니다  
20171018,8,약간의 엉성하고 말이안되는 부분을 미래에 실제로 일어날법한 신선한 소재와 여주인공의 연기로 커버한것 같다.  
20171016,8,생각외로 탄탄하게 제작된 영화. 스파이게임을 통해 보았던 누미의 액션이 재미를 더한다.  
20171016,6,반전이 영화를 망친격이다  
20171015,10,최고의 명작! 기대하셔도 좋습니다!  
20171015,10,정말 빠져들면서 봤어요.독특한 소재와 흡인력 있는 전개.압권입니다.  
20171015,9,재밌습니다. 추천합니다  
20171014,8,"어쩌면 가장 현실적인 것일 수도 있는 디스토피아를 제대로 담은 잘 만든 SF 영화. 이야기와 연출 모두 훌륭한 가운데, 누미 라파스의 연기는 여러모로 혀를 내두르게 만든다. 영화를 닫는 아기들의 울음 소리가 길게 남는, 묘하게 공정한 시선의 수작  "
20171013,10,평점에 스포쓰는 정신나간 미개인들 너무 많다  
20171013,5,"어차피 의미 없이 죽일 것을 굳이 7명일 필요가 있었나?인구통제때문에 한명을 연기하며 생존해온 7쌍둥이의 삶을 깊이있게 다루기는 커녕, 시작부터 어줍잖은 추격전이 대부분, 손가락을 자르기까지만 흥미롭다  "
20171013,7,똥싸고 덜닦은 느낌...  
20171012,10,기억에 남는 재밌는 영화. 누미 라파스 연기한계는 어디까지 인가?  
20171012,10,진짜..최고 영화 국내 개봉했었음 극장다차지하고 난리났을거임.. 이런류완전첨이고 여자주인공 7인연기 오지고 근대 내용개재밌  남치니랑나랑 손에땀쥐고 시간가는지모르고끝남..인생 최고영화  
20171011,7,참 소재도 신선하고 좋은데 좀더 개연성이나 섬세한부분들을 더 투자해서 만들었다면 분명 대작이였을텐데 아쉽다.  
20171010,9,어제 봤는데 아직도 누미라파스 얼굴이 아른거립니다.2시간 내내 얼굴을 봤으니 그럴만도 하네요. 시나리오도 엄청납니다  
20171010,10,어떤 생명이 더 소중한 걸까..라는 질문..같은 인간의 생명의 가치를 우리 자신이 평가할 자격이 있을까라는 질문과 그 답을  찾아가는 과정에 또 한번 눈물을 흘렸다..이 영화만큼 의미를 담은 영화를 언제 마지막으로 봤는지 기억나지 않는다...  
20171010,10,엉성하다는 사람들은 뭔지...?완전개꿀잼  
20171010,10,꿀잼입니다 꼭 보세요 두번 보세요  
20171010,10,정말  몰입도 미친영화 내평생 첫 평점을 여기다남긴다..기억에남을영화다..  
20171009,10,괸찬네요 연기짱 스토리짱 재밌어요~  
20171009,9,의외의 수작 신선한 소재와 몰입하게 되는 배우의 연기가 정말 좋았던 영화 한번쯤은 봐야될것 같은 영화  
20171009,7,좋은 소재에 시나리오 또한 괜찮은 편인데 좀 어설픔. 미래라고 하기에는 신경을 못쓴곳에 너무 현대같아서 섬세함이 떨어지고 특수부대가 너무 속절없이 픽픽쓰러짐. 그냥 딱 7점때 영화.약간 인타임같음ㅋㅋ좋은 소재와 창의성이지만 어설픈 연출과 섬세함에 실망  
20171009,10,"보는 내내 여주가 누구 닮았나 했더니,,,신봉선이었더군요!!!너무 재밌게 봤어요~!! 강츄  "
20171008,8,시간 참 빠르게 가네요...  
20171008,10,먼데이가 남자랑 사랑에 빠져서 임신해서 아이 때문에 자매들 배신합니다. 알고 보면 더 재밌어요~!  
20171008,9,조금 아쉬운 부분들도 있었지만 기대 이상으로 흥미진진하니 재밌었다.  
20171008,10,1인 7역! 도 대단한데 소재나 전체적 구성까지 참신하네요!  
20171007,5,에스에프적인 요소도. 그렇고 액션도 그렇고 스토리나 배우들도 그렇고 다 부족하고 어설프다  
20171007,9,"아무 생각없이 정보없이 봤다가... 제대로 한 방  맞았네요. 약간은 아쉬운 부분도 있지만, 소재 자체가 주는 참신함과 누미라파스의 연기와 영화의  흡입력은 최고네요~~!!  "
20171006,10,간만에 제대로 짜임새있는 스릴러를 보았다  
20171005,10,금요일 연기가 가장 압권인 영화  보다보면 정말 7명이 연기하는거 같은 착각  
20171005,10,별 기대없이 봤다가 평점 주러 왔슴.  
20171005,5,누미 라파스의 연기는 좋았다. 하지만 그것 뿐...엉성한 구성에 좋은 점수를 주기는 어렵다. 감독이 누군가 봤더니 역시나다.  
20171004,9,오홋... 보고나니 제목부터 대박임 최근에 본 영화중에 손 꼽네요  
20171004,10,영국영화가 헐리우드 영화를 능가하려고 하다니~!! 엄청 재밌게 봤다.  
20171004,9,이거 어디서 봐요..???  
20171004,10,26시간동안 자지 못해 영화 틀어놓고 잠들자하면서 봤다가 끝까지 다 봄. 소재가 참신해서 좋았음  
20171003,10,휴.. 정말 인구 증가로인해 미래를 보장받을 수 없는 세상이 되어 버린다면 국가가 강제적으로 통제하는 사회가 되지 않을까..  
20171003,8,영화 스토리 너무 좋네요.  정말 일어날 수있는 일이기도 하고...짧은 시간이지만 7명의 심리묘사도 좋고 더 소름끼치는건 악역인 글렌 클로즈의 입장도 어느정도 이해가 된다는 겁니다...이영화 추천~  
20171002,10,10점 줍니다. 몰입도 최고  
20171002,8,회색빛 미래에 인간을 지키기 위한 7명의 투쟁..그리고 7명을 연기한 1명에게 박수를 보낸다..^&^  
20171001,1,여주 얼굴이 너무 못생겼는데 똑같은 7명이ㅜ나온다니 정말 끔찍하네요  
20171001,10,와...감독이 정말 약빨고 만들었나... 저예산으로 메저급 영화를 만들어놈  
20170930,6,참신한 발상의 소재를 따라가기엔 다소 부족한 디테일. 여주의 연기는 좋다. 영화제목이 중의적이면서도 보고나니 좀 그렇다. 오히려 출산장려를 펼치는 우리나라의 상황을 소재로 한다면 어떤 참신한 소재가 가능할까  
20170929,9,블록버스터를 능가하는 저예산영화의 매운맛. 아쉬운 부분도 있지만 주연 여배우의 힘이 모든걸 눌러버린다. 누미 라파스에게 박수를...  
20170929,9,"쓸데없는장면이 없어서 지루함이없고, 미래에 저상황이 발생한다면 좀 더 인도적인 정책을 할 필요가 있다고 생각한다.  "
20170929,10, 7명 모두에게 사랑에 빠졌다. 근래 보기드문 SF다. 뻔한 주제를 참신하게 풀고 메세지를 던지다.  
20170928,10,"시나리오,배우 모든게 완벽한 영화. 이게 영화지!!  "
20170927,10,감시관 수장의  대사가  정답이지. 능력있는  사람만  애를 키워라  
20170924,9,이런 시나리오는 누가 생각하는건가요? 정말 대단한 영화였고 여러가지 꼬집는부분들이 많네요.  
20170924,10,진짜 너무 재밌어요 시간 가는 줄 모르고 봤습니다 강추  
20170924,8,기존에 있었던 소재지만 스토리는 완전 새로운 점이 좋고 적당한 액션에 결말도 괜찮군요.  
20170923,9,"내용 참신하고 좋네요, 프로메테우스 누미라파즈 연기도 좋고. 추천합니다!  "
20170923,10,재미있음 ㅡ1인7역 기네스감  
20170923,9,극장에서 봐도 ... 돈 아깝진 않음... 그리고 솔직히 여주... 연기력은 대단하다가 봄.  
20170923,10,이런영화를 극장개봉안하는 멍청이 색기들..  
20170922,10,최고의 영화도다누미 라파스의 연기력을이렇게 또 여러색깔로 표현하는 영화가나오다니 그냥  강추  
20170921,1,"참신하고, 몰입도 있게 봤습니다. 그런데 결말이..  "
20170921,2,"b급인데 a급이라는 자기 현시로 만든 영화. 발상은 좋았는데 스토리가 따라가질 못해 역부족. 차라리 7쌍둥이 치정 로맨틱 코메디로 만들었으면. 재미가 일단 없다. 2073년 미래의 싸움. 서사성 부족,  "
20170921,8,이런게 영화지 ... 군함도 ㅉㅉㅈ;;  
20170921,10,"대단한영화일세..새로운소재에 탄탄하게잡힌 스토리 근데왜 흥행하질못햇지?? 댓글낚시일까봐그냥 봤는데, .. 점점집중하면서봄! 그대들도 꼭보길,, 조금2분야함 ㅋ  "
20170919,10,흥미로운 스토리에 주연배우들의 연기가 돋보입니다.  
20170919,6,연기는 정말 뛰어나지만... 너무 어설픈 영화라는 느낌이 드는건 어쩔 수가 없다. 스토리 자체가 많이 부족한 영화이다.  
20170919,8,후반부 몰입감이 좋다 1인7역 한 배우에게 박수를  
20170919,10,루미 라파스  이 배우 은근 볼매녀이다. 작품마다 이미지 변신 대단하다 ^^  
20170918,8,영화를 보며 세러데이와 선데이는 개이득아닌가 싶었다헬요일의 고충을 잘 보여주는 영화  
20170918,6,소재도 참신하고 여주인공의 연기도 좋았지만 개연성을 좀더 줬더라면...주측이되는 등장인물이 적은데 근데 왜 할아버지는 갑자기 안나오냐  
20170918,10,재밌네요. 완전 몰입해서 봤어요.  
20170917,6,대사에 복선이 많아서 결말이 예상 되었다 역시나 먼데이 ㅋ  
20170917,7,볼만하다. 누미라파스는 어디서나 빛난다.  
20170917,9,"시나리오,연출,편집, 완벽한 연기력. 7명의 각기 다른 아이덴티티를 보여 준 천재 배우 누미 라파스. 영화 한편이 던지는 메시지 또한 강력하다. 인구 과잉 문제 뿐만 아니라, 인권, 특히 낙태에 관한 심각한 고민을 하게 만드는 작품.  "
20170917,10,"블레이드런너, AI, 이퀄리브리엄, 아일랜드를 잇는 또하나의 명작..결과를 유추할 수 있었음에도 7쌍둥이라는 참신한 소재에 박수치고 싶다..  "
20170917,9,여배우 연기가 아주 좋네요. . 초반 넷플릭스 느낌이 나는듯 싶어 킬링타임 생각하다가 내용도 진행도 재미나요. 8점 후반 꾸욱~  
20170917,10,진짜 개명작 인생영화 탑10에 드는 영화..소재도 지금껏 한번도 보지 못한 새로운 내용이고 ..7명의 쌍둥이를 연기한 배우에게도 박수와 찬사를 보내고 싶다..중반부터 후반까지는 눈물이 나올수 밖에 없었다 정말 올해 최고의 영화  
20170917,9,참신한 소재에 탄탄한 스토리 만족합니다  
20170917,9,"소재가 너무 독특하고, 내용도 그럭저럭 알차다. 연기도 좋았고. 다만 마지막 반전이 좀 억지스럽긴 하지만 2시간 몰입도 짱이다.  "
20170916,4,"아이디어는 분명 참신했지만, 저예산으로 보이는 연출은 여러군데서  가져다 짜깁기 한 듯했고, 엔딩의 반전은 다소 억지스러워 아쉬움. 마이너리티 리포트, 가타카 등이 바로 떠올랐음. 중국의 산아제한시절이 이랬을까 싶기도  "
20170916,10,누미 라파스.. 정말 천재배우인듯... 같은사람인데 정말 다른7명처럼 보였음;;  
20170915,6,신봉선 7명을 동시에 본다는게 이렇게 힘들줄 몰랐다 잘만든 영화이긴 하나 신봉선때문에 집중이 안됐다 목소리라도 달랐어야했다  
20170915,10,소재신선연기력굿추천함다  
20170914,9,제가 원래 sf물 진짜 안 좋아하거든요 근데 이거 완전 재밌음 꼭 보세요 감독 천재 아닙니까.. 진짜 재밌다는 말만 나옴  
20170913,8,B급스멜이긴 하지만...독특한 소재에 흡입력도 좋고 상당히 볼만했다...인구통제 세상의 7쌍둥이 이야기...8점  
20170913,10,결말에 대해 곰곰히 생각하게 만드는 영화. 이게 과연 해피엔딩일까?  
20170913,7,초반에 7명중에 짧은 머리가 큰 역할할줄 알았다. 밀레니엄때 누미 라파스 생각나기도 하고... 2시간 내내 누미 라파스가 보고 싶다면 추천  
20170913,10,100년 후 실제로 일어날 법한 일이라고 생각함.극장에서 왜 개봉안한건지?? 꼭 보세요.  
20170912,9,독특한 소재와 뛰어난 연출력은 영화에 몰입하는데 더할나위없었고 누가누군지 헛갈리기도 했는데 배우들의 연기력도 뛰어나고 적절한 긴장감 유지하며 영화를 끝까지 보고나면 정말 잘만들어진 수작임은 틀림없다..  
20170912,10,긴장하면서 재밌게 봤습니다.큰기대 안했는데 인생영화네요. 봉선이 누나 연기 짱이에요!!  
20170912,10,연기 소름.... 1인 7역....개쩜..  
20170912,10,보는 내내 흥미롭고 재미있었으나....결국 울어버렸다....  
20170912,10,다중인격 과 현실비판 꿀잼!  
20170912,9,누미 라파즈는 디스토피아를 배경으로 한 영화에 참 잘 어울린다. 영화 재밌게 봤음.  
20170912,9,"연기 훌륭하고, 몰입도 좋고, 재미있고, 생각해 볼만한 메시지에.. 기대없이 봤다가, 흥미진진하게 잘 봤네요~  "
20170912,10,와 이영화 미친거 아닌가?? 대충만든 영화인줄 알았는데....완전 대작이네...올해 본 영화중 이게 최고다. 와 진짜 스토리 대박이네  
20170912,9,첨엔 재미없을거같아서 조금보다 말앗다가 갑자기 생각나서 다시봣는데..생각보다 엄청 재밋엇다..조금 조잡하구 전개가 엉성한부분이 잇지만 볼만함..근데 이영화의 가장큰 오류가 하나잇다면 미래는 인구 과잉이 문제가 아니고 인구감소가 최대문제라는것이다.  
20170912,9,"훌륭한 연기, 뛰어난 연출.. 무얼 더 기대하랴?  "
20170912,9,책임감을 갖는 사람이 그걸 포기했을때의 무서움  
20170911,8,1인7역을 하는데도 전혀 어색함없이 7색의 매력을 보여주는 여주의 연기력에 감탄사가 나온다. 반전은 솔직히 중반좀 넘어가면 감이 오는데 그걸 알고봐도 재밌다. 소재가 참신해서인듯. 그리고 이 영화의 승자는 먼데이 남친... 짜식 부럽군  
20170911,9,각본만큼은 굉장히 창의적이고 완성도가 높았다. 옥자도 그렇고 요새 넷플릭스가 제작하는 영화들을 보면 그들의 일관된 방향성을 알 수 있고 관객으로서 바람직하다고 본다.  
20170911,10,"평점 잘 안쓰는데 ,정말 이영화는 최고네요!!  "
20170911,9,괜찮아요재밌네요  
20170911,10,여주는 출연료7배 받는거죠?  
20170911,7,■  시간이 지날 수록 영화가 점점 산으로 간다~ ■ 박푱시기는 밥은 먹고 다니냐? ㅋㅋㅋ  
20170911,8,"(H) 예측가능하였으나. 나름 스릴도 있고, 재밌게 봤음. 여주가 오펀블랙 여주처럼 1인 다역 연기 잘 소화한듯. 스토리도 괜찮았음  "
20170911,10,소재만 흥미를 유발. 전체적인 짜임새와 연출은 그닥. 평점 6.5  
20170911,9,영화 몰입도는 좋으네요 1인7역 소화하는 누미...연기는 인정 근데 왜 탤런트 이유진이 보인거임? ㅎ  
20170911,10,정말 재밌게 봤습니다. 예상가능한 측면이 있긴 하지만 시간 가는 줄 모르고 봤어요. 손에 땀을 쥐면서 봤네요  
20170911,10,ㄹㅇ루다가 재밌어서 깜놀함;;  
20170911,9,"""당신들의 생존을 보장해야하는 어려운 결정을 누구한테 맡기겠습니까?""라는 대사가 많을걸 생각하게 만듭니다.만약 도덕적인 문제를 떠나 다수를 위해서 소수를 희생해야 되는 불가피한 상황에서 과연 우리는 소수를 위해 다수를 희생시키는 결정을 할수 있을지..  "
20170911,10,조금은 허술한 스토리를 끝까지 몰입감 있게 끌고가는 신봉선의 원맨쇼.  
20170911,10,액션도 너무 좋고 많은 것을 생각하게 하는 영화네요. 잘 봤습니다.  
20170910,10,간만에 취향 맞는 영화 봤습니다. 추천드립니다.  
20170910,10,최근 본 영화중 간만에 몰입해서 봐서 10점 준다. 굿!ㅎ  
20170910,9,미래시대 식량부족으로 인구제한을 어기는 자는 처벌받는데 몰래태어난 7쌍둥이들의 처절한 생존이야기  
20170910,8,월화수목금토일 자매이야기라는 왠지 참신한소재인지몰라도 꽤 몰입감있게 봤다. 끝까지 하드캐리한 누미라파스에게 박수를.. 무슨요일이 마지막까지 살아남을지 추측하면서 보는재미도있는듯~!  
20170910,10,생각없이 본 영화 흥행하길 바랍니다.  
20170910,7,소재가 신선했고 주연배우의 일인다역이 전혀 어색하지 않았음  
20170910,10,살면서 처음 평점남깁니다... 그냥 보세요 지립니다  
20170909,10,킬링타임용이라 생각하고 별 기대안하고 봤는데 완전 재밌네요  
20170909,10,"여주의 연기력 극상 수준입니다. 누미 라파스가 아니면 어울리지도 잘해낼수도 없는 그런 역의 돋보였고, 시나리오도 끝으로 갈수록 완성도가 빛나는 멋진 영화입니다.  "
20170909,8,일단 재미있음.. SF 영화이므로 가능한 내용으로 딱 좋음 !!몰입감 좋고 ~ 이퀼리브리움 세계관과 합쳐져도 좋을 듯 ㅋㅋ  
20170909,1,"누미 파라스 나오니까 좋다고 쿵쾅거리는 메갈리안들. 손가락 부러져서 덜렁거리고, 손가락 자르는 잔혹한 장면 나오는데 좋다는 여자들아. 좋은 말로 사람들 속이는 사람들이 뒤에서 나쁜 짓 하니까 사회가 꼭 이렇게 돌아갈 거 같아 보이지? 너희도 똑같아.  "
20170909,7,7명의 자매들 연기력 좋네요 나중엔 다 다른주연배우 같이 느껴짐 ㅋㅋ 그리고 저는 영화 아일랜드가 생각나더군요  
20170909,4,과학은 발달했는데 식량 사고방식 환경은 역주행하네 아무리 영화라지만 현실성이 1%는 있어야 몰입이되지....  
20170909,10,스토리가 탄탄해서 완전 몰입해서 봤네요~~1인7역 여주인공 연기도 넘 잘해요~  
20170909,10,"근래 본 SF영화중 가장 인상깊은 스토리였고, 누미 라파스 연기에 감탄하고 갑니다.  "
20170908,10,올해의 수작. 충격적이고 슬프다. 매력적인 여주. 데드스노우 감독 많이 컸네.  
20170908,7,감독의 부족한 연출로 B급의 한계를 벗어나지 못함. 넷플릭스는 언제나 영화 완성도가 약간 부족해 보임. 조연들의 발연기도 일품. 그런데 소재는 매우 참신해서 SF 매니아들에게는 볼만함.  
20170908,10,간만에 본 추천 영화. 여주 연기 10점  
20170908,10,1인7역에 연기 좋았습니다~보면 재밌습니다~!!추천함!!!  
20170908,10,미래에 있을법한 신선한 영화네요  
20170908,8,출산제한보단 가타카같은 유전자조작이 근미래일것 같지만 몰입감좋고 누미라파스 다역연기가 빛을 발한다. 인구수조절은 차라리 강제정관수술이 훨씬 효율적이지 않을까싶다. 그리고 평점란에 스포하는건 남의 즐거움을 뺏는 행위니 자제합시다.  
20170908,8,"근 미래 인구 폭발로 부족한 식량을 유전자 조작 식품으로 대체하자 부작용으로 쌍둥이가 대거 태어나 상황이 악화된다. 강력한 산아제한에 7쌍둥이 자매는 한사람으로 살지만, 첫째가 임신하며 배신하여 자매가 하나씩 죽는다. 산아제한 정책의 실체는 아동 소각  "
20170908,9,결말이 보이는 영화였지만 몰입도 긴장감 짱..여주한명이 일곱명의 성격을 각각 잘표현해서 정말 다른사람같았음  
20170908,10,근래본 영화중 이만한 몰입도와 긴장감 흥미를 느낀건 오랜만임 완전 강추합니다 빠져들게 만듭니다특히 여주 연기력 좋고...먼데이가 왜그럴수밖에없었는지...이해가됨  
20170908,10,아무생각없이 봤다가 ... 개이득영화 오랜만에 느껴본 몰입도 긴장감 ...  
20170908,9,영화 너무 좋네요. 영화 너무 좋네요  
20170908,10,엘리자베스  쇼 박사 연기굳  
20170908,10,완벽한 하네요~ 숨은 명작이네요^^  
20170908,10,월요일이 뭔일을 벌인거야?  그런거야?  
20170908,7,언제나 새로운 주제들 넷플릭스 짱짱맨  
20170907,10,정말 위트있는 소재였어요. 너무 재밌게보았습니당  
20170907,5,"좋은 컨셉이지만 서툰 연출, 극단적 전개로 그저 그런 타임킬링용 영화가 됐다. 누미 라파스도 딱 그만큼의 연기를 보여준다. 1인 다역을 보는 재미는 있지만 그다지 큰 매력은 아니다. 특별한 주제도 없는 우화. 조연들의 서툰 연기도 눈살.  "
20170907,4,누미 라파스의 연기때문에 1점줄걸 4점 준다  
20170907,9,놀랍도록 특별한 영화! 이런 영화를 기다려왔다.! 누라가 다했네.  
20170907,10,쵝오! 중간에 정말 사~알짝 아쉽긴하지만 정말정말 좋습니다 쵝오  
20170907,9,아무 생각없이 보다가 빠져들었다.나중에는 현실이 될것만같은 공포감이드네.  
20170907,10,완전 재밌다.. 생각할거리를 또 던져주네  
20170907,10,나만 잼나게 본건아니였네  
20170907,5,별로.. 이퀄리브리움 같은 비슷한 우울한 미래 분위기에 허접한 미래 세트장 연출. 노력해도 몰입 안되는 억지 상황에 주인공 연기력 하나만으로 버틴다.  
20170907,10,"믿고 보는 누미라파스, 에일리언 커버넌트에서 그녀를 죽인건 희대의 실수였다. 영화 전체를 그녀 홀로 이끌어나간다. 그럼에도 불구하고 전혀 버거워보이지 않는다. 오히려 그녀는 열 명이 아니라 아쉬워하는 것 같다. 새로운 액션 여히어로의 탄생.  "
20170907,10,마지막 반전 기대 했지만 아쉬운 부분 소재 신선하고  너무 재밌었다 지금 중국 얘기 아닌가 싶다  
20170907,10,와 내용이 좀 흥미롭워서 보긴했다만 잼있네 연기들쩔고 마지막 맘이짠하더라 스릴감도있고 흥미진진 간만에 영화잼났네  
20170907,10,난 엄청 재미있게 봄..  
20170907,10,재미있어요 여주인공 연기 좋네요  
20170907,7,여주  신봉선ㅋㅋ저만 그렇게 느낀줄알았어요..소재는 충분히 있을법한일이라서 소름돋지만..완성도가 아쉬웠어요.  
20170906,8,신선하고 재밌었음 후반부 갈수록 악당? 잡는 뻔한 스토리로 흘러가지만 뭐 나름 볼만함 저렇게 인구 규제할거면 애들을 죽이는게 아니라 죽일거면 부모를 죽여야지;;  
20170906,10,내용이 엉성하다느니 그런 걸 떠나서 여주가 각기 다른 7인을 잘 표현한 것 같아 몰입도가 좋았던 것 같습니다.  
20170906,10,한국과는 거리가 먼 이야기네.  
20170906,10,이런 영화는 10점 줘야지 몰입도도 좋았고 스토리도 탄탄하지 이정도면 빠르게 흘러가든 늦게 흘러가든 계속 몰입되고 진짜 1인 7역 대단해 스고이 대박이다 근데 할매탱구 미안한데 얼굴 느므 징그러워서 찌푸려짐 ㄷㅏ른 의미로 화상?성괴?  
20170906,10,뜻밖에  남친이  캐리한  영화  
20170906,10,이건..ㅋㅋㅋ 진짜 여주 여우주연상 감이다 이걸 어떻게 찍엇는지도 신기하고 ㅋㅋㅋ 가볍게 볼려고 했다가 깊이 빠져서 봤네  
20170906,9,영화좋습니다.내용도 가볍지만은 않은 철학적인 부분도 많고 스토리적인 부분도 빈틈이 거의 보이지 않을 정도로 좋았습니다 스케일적인 부분에서 살짝아쉬워서 한개 뻈어여..ㅎㅎ  
20170906,10,믿고 보는 배우!! 꽤 잼있네요~  
20170906,6,여자 목소리 신봉선이랑 똑같음~  
20170906,10,취향만 맞다면 10점.  
20170906,10,우와 했다  예상은 되지만 그래도 이해가 되는 여튼 강추  
20170906,9,양간 엉성한 부분도 있었지만 의외로 잼있었습니다. 소재도 신선하고 신봉선 닮은 여배우 연기도 상당합니다. 1인 7역을 어색함 없이 어떻게 그리 잘할 수 있는지..감탄..  
20170906,1,아이디어는 기발한데 뒤이어 전개되는 스토리가 너무 허접하다 여주인공 외모도 주인공 맡기에는 미흡  
20170906,10,누미 파라스 누님 연기력만큼은 인정합니다~!스토리도 참신하고 잼있습니다  
20170905,10,시작은 좀 엉성해보였지만 초중반 들어서면서 극에대한 몰입도 최고~ 최근 본 영화중 가장 참신하고 재밌었다  
20170905,1,"신봉선이 7명이나...웃긴 신봉선은 봐줄만 한데, 이쁜척하는 신봉선은 토쏠림...차라리 진짜 신봉선이 더 나을 수도 있음. 몸매 안씁....  "
20170905,6,누미 파라스보다 오히려 글렌 클로즈 얼굴과 연기가 더 어색하게 느껴진다.  
20170905,7,삶에 대한 집착과 방관..  
20170903,9,재미있었습니다.7명의 연기가 다 달라서 재미있었음.조금 이상했던건 대본탓이지요...  
20170903,10,중국의 (한족 일 경우 1명만  낳는것으로 제한. 두번째부터는 벌금냄)  법이 떠오르기도 했지만   더 제한적이고 여러가지 극한 상황에  일단 영화보는 내내 몰입감이 장난아님. 연기는 물론이고  7명의 쌍둥이라는 소재도 꽤 신선하다고 생각함.  
20170901,1,만약 한국에 개봉하면 절대 보지 마세요..트레일러와 컨셉만 좋습니다. 영화 시나리오는 삼류영화급  
20170825,10,영화 너무 좋네요. 여 주인공 연기가 최고입니다! 인구 통제라는게 다음세대에 일어날 법도 한 일이라서 무섭더라구요.  
20170802,10,엘리자베스 쇼 박사가 7명!  
20160818,10,7명의쌍둥이?   ㅋㅋ 대박.  
20160328,10,7명의 쌍둥이 자매의 액션을 기다리며~~~  
