0,1,2
20170605,10,정말 지립니다 아이맥스로 보시면 실감나네요 ㅎㅎ 톰크루즈 우와 소피아 부텔라 역시 한때 나이키 전속모델 출신처럼 관리잘함  
20170605,10,낼보러갑니다 마사카 모텝이형 깜짝출연이면 심쿵각  
20170605,1,제2의 잭리처2 일듯 ㅋㅋ 톰크루즈 나온다고 무조건 대박나는영화같냐 ㅋㅋㅋㅋ  
20170605,10,와 톰크루즈 진짜 동안이다....최민식님하고  동갑ㄷ ㄷ  
20170605,10,와 소피아부텔라 나온다아 이분 킹스맨에서 악당인데 겁나멋있었는데ㅎㅎ꼭 봐야겠다  
20170605,10,스케일에 캐스팅된 배우들라인이 .. 굿  
20170605,9,마블이 연상되는건 나뿐? ㅋㅋ 스케일 장난 아닌거 같은데 ㅋㅋ  
20170605,10,바로예매완료 ㅎ -0- 기대만땅`  
20170605,10,엣지오브투모로우랑 나우유씨미2 참여했던 사람인데? 괜찮지 않을까나  
20170605,10,예전 미이라랑은 다른느낌이다. ㅎㄷㄷ  
20170605,10,나름괜찮을듯~ 소재나 배우들이나 뭐 진짜 못해도 중간은 가겠지ㅋㅋ  
20170605,10,감각있는 미이라의 탄생인가요~ 기대해봅니다 ^^  
20170605,10,믿고보는 톰크루즈~ 기대되는 소피아!  
20170605,10,기존 미이라랑 다른데 비교는 불가~!  
20170605,10,예고편이 너무 짧아요 ㅠㅠ 더 보여주세요  
20170605,10,난이미  3D 로 예약햇지  메롱~  
20170605,10,탐끄루즈 나오는건 다보지 리얼핵보증이니께  
20170605,10,약간 현대판 미이라 같은 느낌?  
20170605,9,"이집트 관련 영화들 좋아하는데~ 새로운 미이라 내용일거 같은데요,  "
20170605,10,궁금하다. 기존 미이라랑 다른 내용이더라도 분명 얘기가 나올텐데  
20170605,10,예고편 보고 벌써 기대중 ㅎㅎ 내일에 바로 보러가야지  
20170605,10,기존 미이라랑 전혀 다른 내용이라면 오히려 더 괜찮지 않을까 조심스럽게 예상해본다  
20170605,10,액숀이 살아있는 미이라~!! 탐크루즈표라 기대중  
20170605,10,요새 영화비 장난없네 아이멕스 쓰리디는 포인트 사용도 안된다고!!!  
20170605,6,이 미라 왠지 수어사이드 그 마녀느낌 ㅠㅠ 그닥 안땡김!!  
20170605,10,소피아부텔라의 액션도 은근 기대해봐도 되나?  
20170605,10,미이라의 막강한 파워~ ㅋ 소재 잼난다  
20170605,10,친절한 톰아저씨~ 이번에도 기대해용~  
20170605,10,소피아 몸매 지리네... 탐형 액션도 얼른 보고싶다  
20170605,10,빨리 보고싶다고! 호우!  
20170605,10,5분짜리 예고편 봤는데 스케일 진짜 어마어마하다  
20170605,10,소피아 되게 매력적이다 킹스맨에서도 최고였는데  
20170605,10,예고편 종류별로 다 봤네요 ㅋㅋ 언능 본편 보고프다~  
20170605,10,내가 제일 좋아하는 톰크루즈..♥  
20170605,10,기대반 걱정반~ 워낙 원작이 재밌어서 ~ 그래도 감독도 괜춘 ㅎ  
20170605,10,킹스맨 칼다리여자가 미라로 나오다니 ㄷㄷ  
20170605,10,미이라 나오는건 다 봤는데 탐 오빠는 꼭 보자ㅋㅋㅋ  
20170605,10,무조건 본다 무조건!! 극장사수다 이건!!  
20170605,10,뭔가 좀 새로운 미라~ 예고편 보니 보고싶네유  
20170605,10,새로운 미이라의 탄생? 잘하면 시리즈각인데 지린다~  
20170605,10,내생각에는 시리즈 염두에 두고 만들었을거 같은 느낌?  
20170605,10,탐크루즈는 늙지도 않네요 ㅋㅋ 액션감 넘치는 미이라라니 ㅋㅋ 기대된다  
20170605,1, 졸린다. 졸려. 야간에 보다 졸았다.  
20170605,10,예고편 봤는데 재밌을듯?? 미라로 나오는 소피아 이뿌넹  
20170605,9,내일 개봉? 기대 살짝 해봅니다  
20170605,10,전작을 뛰어넘는 속편이길!!  
20170605,10,매력터지는 미이라의 등장~ 소피아부텔라가 더 기대된다. 미친 신예인듯  
20170605,10,예고편 보니 미이라 힘이 개쩔? 다 휩쓸어버리네  
20170605,10,마침 현충일 개봉이네 ㅎㅎ 쉬는날 기분좋게 봐야징  
20170605,10,탐크루즈 나오면 그냥 끌리는 보게되더라.. 미이라도 그러겠지 ㅎㅎ  
20170605,10,탐오빠 영화는 그냥 믿음입니다. 무조건 보러갑니다.  
20170605,10,리부트 붐인가? 새로워져서 돌아온다면 완전 대박칠듯?!  
20170605,10,비쥬얼 미쳤 진짜 ㄷㄷ 꼭 봐야될 듯  
20170605,10,소피아부텔라 포스 지리네 미이라로 돌아올줄이야  
20170605,10,유니버셜이 일쳤네~ 미이라 완전 기대중이다.  
20170605,10,누구든.. 나의 아낙수나문을 해치려한다면 부숴버리겠다..그게  아낙수나문 일지라도..-삼모텝 카이리오 나서스-  용의 아들 최창식 중  
20170605,10,댓글 보고 알았다... 톰크루즈가 62년생 러셀 크로우가 64년생이네...미친ㄷㄷ  
20170605,1,주인공이 브랜든 프레이저도 아니고미이라 전꺼랑 상관없고 몬스터 어벤져스면  그냥 톰크루즈 나오는 두치와 뿌꾸임  
20170605,10,다크유니버스의 첫 시작이라 더더더더 기대중  
20170605,10,미라가 바른 말이란다 네이버가  
20170605,10,우리형 나오는건 닥 10점 ~~톰형 찬양해  
20170605,10,믿고 보는 우리형~톰 크루즈  
20170605,10,믿고 보는 톰크루즈!!! 뭔가 봐왔던 미이라 느낌이 아니라서 존잼일듯!! 기대된댱  
20170605,10,톰 형 나오는 건 안바도 닥치고 10점  
20170605,10,미이라와의 전쟁 시작! 기대 됩니다ㅎㅎ  
20170605,10,미라 요즘 예고편 볼때마가 개봉일만 고대하고 있네요~~아이맥스로  꼭 봐야지!!  
20170605,10,"아낙수나문~~,~~~~,~~~,~~~  "
20170605,10,드디어 내일 본다!!ㅎㅎ  
20170605,10,보려고 이미 예매해둠 ㅋ 듀근듀근  
20170605,10,오 드뎌 낼 개봉 기대기대  
20170605,10,"내평점와 다크 액션 블록버스터라니, 게다가 톰 형이라니! 소리벗고 팬티질러!  "
20170605,10,극장에서 IMAX 예고편 보니까 완전 압도적이던데 ㄷㄷ  탐크루즈 영화 보는 눈은 믿고 간다  
20170605,10,드디어 내일 보네요. 다크 유니버스의 첫 작품이라 기대가 쿰!!  
20170605,10,아 하루남았다 ㅠㅠ 너무 기대 된다 ㅠㅠ  
20170605,10,드디어 내일 개봉이구나!! 겁나 기다렸네.. ㅠㅠ  
20170605,10,낼 예매했어요!!!! 재밌겠다~  
20170605,1,원작에 비교하니 진짜 재미없네  
20170605,10,이모텝~이모텝~이모텝~이모텝  
20170605,3,근데 이집트 문화유산인데..이집트정부에서 허락받앗나??  
20170605,1,이 영화 IMDB 자료 보면 아이맥스 촬영기술이 아닌데 아이맥스관에 상영해서 특별관요금 받네  
20170604,5,그런 거였어? 드라큘라 ㄹㅇ 남는 것도 없고 킬링타임용으로도 애매했었는데. 톰크루즈라 한번 볼까 했는데 갑자기 기대치 확 떨어지네  
20170604,10,몬스터판 어벤져스구나 드라큘라 이번에 미라 나중에 늑대인간이랑 프랑켄슈타인까지나온다니 두치와뿌꾸도 기대해볼만하네ㅋㅋ  
20170604,10,아낙수나문 이모텝 나와야 재미지제  
20170604,10,톰 크루즈 배우만으로도 기대된다  
20170604,8,이모텝 나오나????  
20170604,5,다크 유니버스라..마블이 부러웠나  
20170603,10,"액션 살아있고, 스케일 살아있고, 배우들도 역대급  "
20170603,10,오~ 잼나겠다 말이 필요없네 ..굿굿  
20170603,10,포스터 보자마자 남친이랑 바로 보러가자고 함 ㅋㅋㅋ  
20170603,9,탐크루즈의 미이라? 좀 신선한데  
20170603,10,왠지 .. IMAX로 봐야할거 같은 느낌적인 느낌?  
20170603,10,"조합이 환상적이네 탐크루트, 소피아 부텔라, 러셀크로우까지  "
20170603,9,원작이랑 상관없나? 새로운 내용? 궁금하당  
20170603,10,여자 눈이 BMW네 ㄷㄷ  
20170603,10,톰오빠 얼릉 보고싶어요  
20170603,3, 별로 일듯  포스터가 답을알려조네  
20170603,3,미션임파서블:미이라의 부활  
20170603,10,드라큘라 전설의 시작으로 다크유니버스 시작으로 할려고 했기는 했는데 드라큘라가 망해가지고 취소되고 대신 미이라가 첫시작이라고 하네요  
20170603,10,믿고보는 톰형님 액션 !!! 후회는 없다  
20170603,10,지금 1점주는사람들 벌써보고옴? 6월 6일에 최초개봉이고 국내 시사회도 아직인데ㅋㅋ  
20170603,1,이 돈으로 차라리 김밥을 사먹을걸 ... 최악의 영화입니다.  
20170603,10,6/6 일 개봉 첫날 조조 예매완료!  
20170603,9,닉 오코넬도 나왔으면 더 좋았는데 ㅎㅎ  
20170603,8,보고싶다 근데 난왜 이걸 미아리라 읽었을까?..  
20170603,10,모야 몬스터 유니버스? ㅋㅋ 드라큘라 미이라 늑대인간 프랑켄슈타인 ㅋㅋㅋ두치와 뿌꾸도 나올듯?ㅋㅋ  
20170602,5,광고좀 눈알나오는거 그런거좀 삭제하고 올려주세요모르고 볼때마다 소름돋아서 화가납니다임산부도있고 심장약한사람도 있는데 방송에 칼나오는장면만 모자이크하면 단가.. 저런게 더무섭구만...ㅜㅜ  
20170602,10,재미없어도 믿고 보는 톰형님  
20170602,10,짱깨돈 투자받아서 짱깨 캐릭터 넣는 실수는 하지 않았겠지?  
20170602,9,미이라 소재에 탐크루즈 출연이라 그냥 믿고 보렵니다~  
20170602,10,광고판으로 포스터 봤는데 ㅋㅋ 예고편 안보고도 그냥 보고싶어진다 ㅋㅋ  
20170602,10,미이라로 나오는 소피아부텔라도 되게 매력적이다 ..  
20170602,10,변하지 않는 존잘러!!!! 걍 재밌을듯  
20170602,10,톰크루즈 나오는 영화는 다 봤는데! 미이라도 엄청 기대중!!  
20170602,10,탐크루즈 주연 ㅎ 스케일 참 시원시원하네  
20170602,10,진짜 재밌을듯 ㅋㅋ 예고편만 보고 설레기는 오랜만이네  
20170602,10,미션임파서블급 액션이 나오나? 엄청 기대중  
20170602,10,시사회하나요? 탐오빠 내한하나요?!!  
20170602,10,"워낙 강력하였던 전작 미이라 시리즈의 아성에서 그들만의 새로움으로 이모텝과 아낙수나문의 이미지를 탈피할 수 있을지,하지만 탐 크루즈 형님의 출연과 예고편에 보여지는 액션씬들 만으로도 충분히 7점 이상은 끌어 올릴 수 있을거라고 봄  "
20170602,1,런닝타임이 부족하다. 설명하기에는 시간이 너무 짧다. 그래서 개연성이 떨어진다. 최소한 130분은 되야 자연스러운데....  
20170602,1,개유치함 현실감제로 재미없음  
20170602,10,부텔라 짜응 오빠가 격하게 아낀다♡  
20170601,1,예고편만 보면 폭망인데...  
20170601,10,어릴때 추억의 영화!! 완전 기대중이에영  
20170601,9,감독님이 액션쪽으로는 믿음이 가는 감독님이라 필관람 예정  
20170601,10,프랑켄슈타인 늑대인간 드라큘라 미이라가 한 작품에 나온다고?? 두치와 뿌꾸 극장판인가?  
20170601,10,톰오라버니면 무조건 오키  
20170601,10,이모텝 이모텝 이모텝 이모텝  
20170531,10,아쉽지만 드라큘라는 흥행에 실패해서 닼유니버스에서 빠졌다네요.. 그래도 기대됩니다!!  
20170531,10,존나 재미있을지도...  
20170531,9,어렸을적 나의 추억이 다시 한 번 빠르게 다가왔다.  
20170531,10,톰 크루즈는 정말 물건이다. 유니버설의 새로운 도전. 기대된다.  
20170530,10,이전 미이라시리즈와 완전 연관 없다고 할수없는게 미이라3부작이나 이번영화나 1932년도 작품의 리부트이고 리부트과정에서 3부작은 모험이라는 장르를 추가한거고 이번건 기존 호러에 치중한것  
20170530,10,톰형이 벌써 56세시군요..더늦기전에 그의 액션을 하나라도 더 보고싶습니다..믿고보는 톰형!!  
20170529,10,"톰 형님, 저보다 오래사시고 제가 죽을때까지도 멋진 모습 유지하시면서 계속 영화만드시길.  "
20170529,10,"개꿀잼일듯, 무조건 보러가야지  "
20170529,10,톰형 나오니까무조건 봐야지  
20170529,10,미라가 바른말입니다.  
20170529,10,너무 기대된다. 근데 우리의 러셀형이 조연이라니 ㅜㅜ  
20170529,10,으악 개봉까지 얼마나 남은거야!!! 얼른 보고싶음..  
20170529,10,소피아 부텔라 넘 매력적이네 나오는 것 같음ㅋㅋㅋ 킹스맨때도 완전 인상 깊었는데 이번에도 기대해요~  
20170529,10,[롤리캠 미이라 영화티켓 이벤트]너무나 아름다운 아마네트 멋진 톰크루즈 영화 미이라 개봉이 너무 기다려집니다6월달에 꼭 보고싶은 미이라  
20170529,10,탐크루즈하면 이제 비행씬이 빠지지 않네 ㅋㅋ 빨리 개봉날 다가오길~  
20170529,10,IMAX 사전 예약 고고고 스케일 쩌네  
20170529,10,극장에서 예고편 봤는데 그 짧은 순간에도 몰입감 오짐확실히 미이라는 큰 스크린으로 봐야함  
20170529,10,헐 다크유니버스의 시작을 놓칠 순 없다 와와와와1!!  
20170529,10,스케일 장난 아니네. 올 여름 젤 기대되는 작품... 빨리 개봉해주라...ㅠ.ㅠ  
20170529,9,기왕 다크 유니버스라고 명명한거 정말 영화 묵직하고 어두운 분위기로 나왔으면 좋겠다!!!  
20170529,10,질질쌀정도로 재미날꺼라 생각한다.  
20170529,8,"실질적으로 이영화가 다크유니버스 처음은 아닙니다. 드라큘라 전설의 시작이 첫작품 입니다. 그때는 몬스터 유니버스라고 칭했으니 다크유니버스로 치자면 첫영화는 맞겠네요. 일단 확정된건 드라큘라, 미이라, 프랑켄슈타인이네요.  "
20170529,10,미이라 얼굴이 안무섭다  
20170529,1,"사이언 톨로지로부터 인류를 구하기 위해, 톰 크루주가 주연을 맡은  이 영화 안 볼 예정.  "
20170529,10,탐크르즈 영화는 여태까지 실패해 본적이 없음  
20170529,10,예고편 보니  언차티드를  영화로 만들면  이렇지 않을까  라는 생각이 드네..  꼭봐야징  
20170527,10,다크 유니버스의 첫번째 작품~!  
20170527,10,이 영화는 못해도 평타 잘하면 대박 하하 미친 나는 솔직히 이영화가 대박났음 좋겠음 뚜껑을 열어봐야 알겠지만 솔직히 리부트작이라 불안불안한건 사실임 리부트영화가 잘되는게 희박해서 흠... 그래서 더 기대됨  
20170527,10,이모텝 ~~이모텝!! 이~모텝  
20170526,10,우주 전쟁 처럼만 해줘....  
20170526,10,예고편 잘 뽑았네. 일단 내용이 너무 궁금해진다.  
20170526,10,예고편 쩔던데... 옛날 미이라 시리즈보다 100배 재밌을듯  
20170525,10,톰아저씨 이번 영화 정말 기대돼요~~^_^  
20170525,1,뭔 몬스터 어벤져스여 두치와 뿌꾸 극장판이라 하지 왜  
20170525,10,톰 크루즈의 미이라라니 ㄷㄷㄷ 믿보각이다  
20170525,10,캬 역시 쩌네..ㄷㄷㄷ  
20170525,10,뭔가 기존미라랑 다른느낌일것같네요.. 빨리빨리 ㅋㅋ  
20170525,10,톰 아저찌 나오고 완전  기대 된다!  
20170525,10,톰크주르는 사랑입니다! 안볼 수 없네요  
20170524,9,톰크루즈 나오는거라 믿고보려구요  
20170524,10,보고 싶고 기대가 되네요.  
20170524,8,액션은 톰형이라 믿고 봐도 될듯  
20170524,10,전작과 다른 분위기의 영화 같아요. 미이라시리즈가 정말 오랜만에 개봉하네요. 이번에는 특이하게 도시에서 나타나서 더욱 흥미롭네요. 출연 배우 님들도 좋고 영화를 보고 싶게 만듭니다. 기다려 지네요.  
20170523,10,Dc유니버스보다 잘만들었겠지  
20170523,9,톰크루즈 의 미이라 많이 기다렸어요.예고편 보니 넘 기대되니다. 최초로 전서계개봉이라서 더더욱 기대가커요.  
20170523,10,다크 유니버스의 시작인 미이라! 톰형의 액숀연기가 기대 됩니다  
20170522,10,톰크루즈 주연이라..진지한 미이라가 되겠군!  
20170522,10,미라역할 여배우 매력넘치네요 내용도 기대된다  
20170522,10,돌아온 미이라 이번엔 톰크루즈가 미이라와 한판대결! 흥미진진! 대박 재미날거 같아요.예고편도 액션으로 단단히 무장했군요.일단 접수!  
20170522,10,걍 아마네트공주가 예쁘니 보러간다.  컨셉이 너무 마음에 들어  
20170522,10,미이라 아마네트 공주 기대되고 빨리보고싶어요ㅜㅜ미이라 시리즈는 다봤는데 이번엔 또 어떤 스릴을 보여줄지 너무 기대되영!  
20170522,10,Kia~ 나 적역하는 날에 꼭 개봉하노!기분 딱좋아서 묻지도 따지지도 않고 봐야겠다 ! 기념이다.  
20170522,10,블록버스터 탐크루즈급 스케일 많이 궁금하다.  
20170522,10,탐크루즈도 좋지만 소피아?도 기대가 된다. 킹스맨에서도 시선강탈이었는데  
20170522,10,아이맥스로 볼테다~!!이런건 아이맥스 각이지  
20170522,10,고대의 힘이 깨어났소~! 재밌겠다 ㅋㅋ  
20170522,10,"인디아나존스, 미이라 이런영화들 좋아하는데 ㅋㅋ 또 새로운 미이라 나와서 좋네용  "
20170522,10,예고편 보니까 기대감이 퐉 ㅋㅋ 보러가고싶다  
20170522,10,"탐오빠는 그냥 믿고 보는거고, 나는 소피아부텔라에 기대한표!  "
20170522,10,새로운 미이라의 탄생? 잘하면 시리즈각인데 지린다~  
20170522,10,시사회뜨면 바로 보러가고싶다!  
20170522,10,원작 미이라보다 상대가 안되겠지 블록버스터다  
20170522,10,올 탐크루즈의 미라라니 ㅋㅋ 이번에 어떨려나  
20170522,10,그냥 쩐다 ㅋㅋ 스케일도 엄청 큰거 같고 배우들 연기도 기대중 두근두근  
20170522,3,이 작품 졸작 예상합니다....  
20170521,10,감독의 예전 행적을 보세요.. 각본쓴 영화들을 보면 이 사람 천재입니다..  
20170521,8,미이라하면 브랜든 주연의 부활한 이모텝이 나와줘야 하는데...아쉽긴하지만ㅠ 탐쿠르즈라 기대합니다~ 내용은 전혀다르겠지만요  
20170520,1,톰 할배요~ 말년이라고 아무영화나 막 찍어내내. 외계인이 그르케 시키드나?  
20170519,8,톰크루즈 미이라라니! 기대 마니 된다!  
20170518,9,이거 우리가 알던 미이라 후속작같은게 아니예요.. 어떤사람들미이라는 이모텝이 나와야 재미가있지!!이러면서 안본다고하네 ㅋㅋㅋ스케일 겁나클듯 이거  
20170518,10,이건 진짜 골드클래스로 본다 내가  
20170517,10,졸라기대된다 엣지오브투마로같은 명작이길  
20170517,10,부텔라찡 맨날 이상한 분장만해 ㅠㅠ  
20170515,1,이건 안봐도 비디오다~100% 망작 예감!!!!  
20170515,10,아니 미이라가 저렇게 섹시해도 되는거야? 미쳤네  
20170515,8,이모텝~ 이모텝~ 이모텝~  
20170514,5,기대가안됨·· 여자미이라는  참신하긴한데   이모텝이 너무 많이생각남  그리고 미이라가 사람같네ㅋㅋ  
20170512,10,가족영화에서 정통호러액션으로 다시 리부트되는 미이라라서 기대  근데 톰크릊주가 주연  
20170512,10,미이라하면 장수풍데이인데 쥐들이나오네ㅋㅋ 미이라 예전영화중에 하나인 모래폭풍에 사람얼굴형상 이건 향수를 자극할듯 좋습니다ㅎㅎ  
20170511,10,스케일 대박인것 같음.. 6월이 빨리오길..  
20170511,10,톰크루즈와 소피아 부텔라.. 미쳣다 캐스팅  
20170511,10,진짜너무보고싶어서 몇달동안기다렷는데 사랑해요톰크루즈  
20170510,10,헐.. 잊고 있었는데 떡하니 톰크루즈 등장  
20170510,10,유료 시사회라도 일찍 나오면 꼭 먼저 보고 싶음  
20170510,10,올해 역대급 기대작이야. 크루즈형 대환영  
20170510,10,예고에서 느껴지는 톰크루즈 액션클라스!  빨리 개봉!!  
20170510,10,오우~ 대박인데?? 진심 보고 싶다 ㅠ  
20170510,10,인디아나 존스나 처음나올때 그 설레임이 생겼다  
20170510,10,6월되니 제대로된거 막 쏟아지나 ^0^  
20170510,10,스케일 오지고 톰크루즈가 아무영화나 안찍지..ㅎ  
20170510,10,뭐냐 이 대단해보이는 영화는?  
20170510,10,톰크루즈의 미이라라니.. 좀더 빨리 개봉 원츄 ㅠ  
20170510,10,어마어마할 것 같다.. 기대해보자  
20170510,10,앵간한 영화는 다 발라버리는 비주얼 굿  
20170510,10,헐 졸라 기대된다ㅠㅠㅠ 에고편만 봐도 전율이 ㅋㅋㅋ  
20170510,10,간만에 톰크루즈영화면 믿고보자!!  
20170510,10,이집트 배경이 아니라 현대 도시 배경이라 무지 기대되요!:)) 꼭 큰 영화관에서 사운드 빵빵하게 봐야지:))  
20170510,7,이~~모텝~~이~~모텝~~고모텝~~  
20170510,10,얀데레 언데드랑 썸타는내용?  
20170510,10,재밌겠다 톰크루즈 짱짱맨  
20170510,10,완전기대가 큼   저랑 닮은 형님 ㅎㅎ  
20170510,10,오오 완전 기대가 됩니다~~~~예고편부터가 후덜덜 +_+  
20170510,10,헐 미이라! 대존잼 예상합니다. 예고편 보니까 더 보고 싶어요!! 빨리 개봉했으면 좋겠어요*.*  
20170510,10,미이라랑 관련없나요? 내용 어떻게 다른지 기대되네요 톰아저씨 화이팅  
20170510,9,부텔라 퇴폐적이라 기대해봅니다 진좌  
20170510,10,예고편부터 넘나 압도적인게 스펙타클하네여 ㅋㅋ 톰크루즈출연에 이번 미이라 완전 기대!  
20170510,10,뭔가 그전까지 본 톰 크루즈 영화랑은 다른 느낌!아 솔직히 진짜 존잼일것 같다  
20170510,10,믿고보는 톰형이죠? 중국자본 들어간거 아니겠죠??  
20170510,10,톰형믿고기다립니다 대존잼각  
20170510,5,톰 좋아하는데 예고편만 봤을때는 글쎄...  
20170510,10,새로운 리그가 시작된다 전혀 다른 미이라!  
20170510,10,"유니버설에서도 이제 세계관영화 나오나 봅니다. 드라큘라:전설의시작을 최근에 우연히 봤는데, 미이라랑 세계관이 같다고 하니 매우 기대가 됩니다 ㅎㅎ  "
20170510,10,톰크루즈 x 미이라라니ㅠ_ㅠ넘나 꿀조합 아닙니까...!!!! 넘 기대되네요ㅋㅋㅋ  
20170510,10,개재밋겟다..헐 나미이라 짱재밋게 한열번은 봣는데..  
20170510,10,톰크루즈가 나온다니 너무 기대되요!!! 빨리 6월이 왔음 좋겠다  
20170510,10,우와 역대급 미이라!! 완전 기대되네요!!개꿀잼 예약입니다!!  
20170510,10,넘나리 기대됨!!!압도당할거같애  
20170510,10,개표방송 보다가 광고 봤음 간지 쩔음! 보러가야지  
20170510,10,기존 미라 리부트 편인줄 알았는데 아니었구나... 새로운 미이라도 기대합니다! 재밌을것 같아요~~~ 톰크루즈는 믿고보는 톰크루즈  
20170510,10,톰크루즈의 미이라 완전 기대됩니다  
20170510,10,믿고 보는 톰아저씨. 미이라를 통해 지친 하루를 시원하게 날려주길 기대해 봅니다  
20170510,10,예고편 완전 신박하네.. 시선 강탈 쩐다. 무조건 아미맥스로 봐야될 각!  
20170510,10,톰 크루즈의 미션 임파서블 다 챙겨봤는데 이것도 꼭 챙겨봐야할듯!  
20170510,10,"http://variety.com/2016/film/news/tom-cruise-mummy-universal-release-date-1201685122/다들 ""그 미이라"" 가 아니라고 하는데 기사원문은 ""그 미이라""가 맞다고 하는데요???  "
20170510,10,마블 시리즈 보다 더 고퀄리티 역대급 블록버스터가 나오길 개기대중  
20170510,10,소피아 부텔라 넘 매력적~!!! 빨리 보오고싶다아  
20170510,10,빨리 보고싶다..~_~  
20170510,10,예고편 보다가 넘 놀래서 소리지름... 대존잼의 기운이 느껴진다  
20170510,10,탐 크루즈가 나오면 모든 영화가 세련되보이는 효과!! ㅋㅋㅋㅋ 눈호강 하겠네요  얼른 보고싶음~~~  
20170510,10,"단순 미이라 리부트인줄 알았는데, 추후 몬스터 어벤져스로 나오는가 보네요. 시리즈물 덕후로서 빠지지 않고 봐야겠네요. 완전 기대됩니디~^^  "
20170510,10,하... 톰크루즈 존잘  
20170510,10,개 기대....탐형 한국 방문하나???  
20170510,10,완전 재밌겠따 미이라 짱좋음 게다가 톰크루즈라니!!  
20170510,10,믿고 보는 탐 아저씨~~ 이번 액션신은 어떻게 나왔을 런지~~~ 기너무 기대되요~~~  
20170510,10,"영상미, 스케일 대박이네요! 기대됩니당IMAX 사전예약 갑니다!!! ㅋㅋㅋㅋ  "
20170510,10,수나문누나랑 모텝이형보고싶은1인  
20170510,10,농담 아니라 너무 기대되고 개봉하자마자 보러갈거임 ㅋㅋㅋ  
20170510,8,미이라는 아낙수나문~~~ 이지 ㅋㅋㅋ  
20170510,10,예고편보니 더 기대감 상승ㅋㅋㅋ 올 여름 블록버스터는 미이라로~  
20170510,10,"미이라 시리즈는 다 재밌었는데, 이것도 기대된다!ㅋㅋㅋ  "
20170510,10,톰크루즈 미이라라니 ㄷㄷ 제일 기대되는 새 시리즈  
20170510,10,아 이거 쩌네... 개기대  
20170510,10,예고편만 봐도 지림 ㅠ ㅠ 톰형이면 믿고 본다!!  
20170510,8,잼나겠다.. 왠지 모르게 러셀크로우가 나오면 믿고 보게 되는 것 같음..  
20170510,9,재밌겠당 고대 이집트 신화와 톰 크루즈의 만남이라니  
20170509,10,이모텝! 이모텝! 이모텝!  
20170508,8,기존의 미이라를 뛰어넘을수있까 궁금!  
20170508,8,"드라쿨라 전설의 시작 몬스터 유니버스에서 아웃 됐다는데 뭐... 사실상 몬스터 유니버스의 시작이지 만약 "" 성공한다면 ""  "
20170502,10,킹스맨에서 소피아 부텔라가 악역임에도 상당이 돋보였는데 너무나 취향저격인 캐스팅인것!! 믿고보는 톰아저씨  
20170430,10,한국 영화사 알바들  별점테러  짜증  
20170424,10,톰형이 얻게 될 능력  이모탈 = 이탈모===탈모  
20170423,10,임모텝 나오는 미이라의 리붓이 아니면 당장에 보러감..  
20170415,10,미라는 이모텝 미만잡인거 같다  
20170414,10,브렌든 프레이져가 진리인데 다시봐야겠다...  
20170412,10,예고편이 미이라라 미션임파서블이야 톸형 기대만땅!  
20170412,10,와 킹스맨에 나왔던 칼달린다리 여자 아낙수나문 같이 생겼다고 생각했는데 진짜 아낙수나문역을 하다니... 나 예지력있나봐 ㅎㅎ  
20170411,7,톰크루즈가 하면 기본7점은 보장 그리고 톰크루즈가 주연하면 그만의 영화가 되는데 미이라도~  
20170410,4,예고편만 봐도 사이즈가 나온다. 괴수영화의 정수에 대한 깊은 이해나 사랑없이 아무나 어드벤쳐무비를 좀 만들지 않았으면 좋겠다. 망하는 헐리웃감독들 꼭 이상한 집착이 있다. 바로 안타고니스트인 괴수를 매력적인 존재(혹은 여성)의 모습으로 그리는 것.  
20170410,10,예고편 보고 질질싸고왔습니다 역시톰아재 짱미션5비행기신이 아직도 생각납니다 미션6도 무사히 촬영잘마쳐서 어서개봉하길!  
20170407,5,재미있거나 아니면 진지해서 지루하거나  
20170407,9,기대된다 ㅋㅋㅋ 빨리 6월달이 되라`~  
20170406,10,이것도 좋겠지만. 이모텝이랑 아낙수나문 다시 보고싶다  
20170406,8,내가생각한 미이라가 아닌가봐?  
20170406,5,아니 이모텝어디갓냐구요!!!!  
20170406,5,예고편부터 재미없어보임  
20170405,10,그러니까 남의나라 문화재 막 들고오는거 아니다  
20170404,1,예고편을 봤는데 이건 아니야.. 내가 생각했던 미이라가 아니야.  
20170404,10,애초에 브랜든프레이저가 나온 미이라의 후속작이아니고 별개의 작품인데 뭔 그들이없는 미이라는 미이라가 아니다 ㅇㅈㄹ 하고있냐 ㅋㅋㅋ  
20170403,10,포스터는 공포인데ㅋㅋ  
20170403,10,와ㄷㄷㄷㄷ빨리 보고싶다  
20170331,10,이거 예고편이나 광고 본 지 한참 된거 같아서 벌써 개봉하고 내려간지 오래된 줄 알있는데 개봉도 안했었구나...  
20170321,10,재밌을것같긴 한데1편이 잴 재밌다  
20170320,10,성룡의 마지막 액션 영화가 언제였듯이...톰크루즈의 언제가될지모르는 액션영화를 충분히 감상합시다. 그거 하나만으로도 볼만한 가치가 있는 영화입니다.  
20170318,1,미이라는 브렌든 프레이져 가 갑인데 탐크루져 라니...  
20170316,10,레이첼 와이드가 이 영화를 좋아합니다  
20170312,1,개망작 삘..ㅋㅋㅋㅎ  
20170310,10,빨리 빨리 6월이 왔으면! 오래 기다렸던 영화~ 예고편이 나올 수록 정말정말 보고 싶은 영화네요^^  
20170305,10,안녕                  미이라   빨리나와라  
20170305,10,미이라 한번 떳다가 지구하나 날라먹을정도면 참나-아낙수나문누ㅜ우ㅜㅇ우우ㅜㄴ좀  
20170227,10,"....여러분 그 ""미이라""가아닌 전혀다른 ""미이라""입니다...  "
20170210,8,이게 진짜 미이라거든 !!  
20170208,10,톰크루즈가나온다는건? 말이필요없다는것.  
20170208,10,짱ㅎㅎ무조건봐야지ㅎ  
20170207,10,아낙수나문이랑 전갈 괴물도 나오면 꿀잼일듯 우선은 높은 평점 주고 간다. 설마 진짜 아낙수나문 또 나오면 두고보자. ㅎ  
20170130,10,엣날에   쥬라기 월드 2년이나  기다다렸었는데  이건 이건  조금만  기다리면  
20170130,10,캐스팅보고 지리고 드라큘라 후속작이란거에 지린다. 근데 중간에 비행기 공격하는거 박쥐인거 보니까 드라큘라 나올지도?  
20170124,8,개인적으로 영화보기 전 제일먼저 보는 게 감독 필모인데 이 감독 필모는 화려하네. 과연 성공적인 리부트가 될지 기대된다.  
20170123,9,러셀 크로우가 톰크루즈보다 어렸구나..이제알았네;  
20170120,10,1999년 미이라는 판타지에 웃음요소도 들어있지만 이번껀 완전 근엄진지 호러물일듯..예고편보고 지렸다  
20170108,4,외모는 뛰어난데 내용은 별로 재미없어 보인다..예고편 조차 임팩트 제로  
20170103,10,미췬 톰크루즈가 미이라에 관련된 영화라니 무조건 보자 미션임파서블만 보기엔 너무 시간이 길다!  
20161222,10,이 미이라랑 댓글들이 알던 미이라랑 다른듯ㅠㅠ이모텝과 아낙수낙문 나오는 그 미이라 시리즈 4나오는줄 알고 좋아했는데그래도 재밌을것같습니다!!  
20161212,10,기대만땅. 캐스팅이~~와~~~우~  
20161212,1,왜 유투브에 광고하는 건지 벌써.. 이러면 좋지 않을텐데 기대감이 커져서  
20161210,10,6월 너무 멀다! 아낙수나문!!  
20161210,10,일단 톰크루즈형 나온이상 닥치고 보는거다  
20161210,1,제발조나단좀ㅠㅠ...  
20161208,10,"이거 드라큘라 전설의 시작 후속작일텐데 유니버설 몬스터 시리즈 두번째 작품이 미이라라고 들었는데 추후 프랑켄슈타인, 늑대인간 등등 나올거임 그리고 이들 모두 합친 영화가 나올 것이며 몬스터판 어벤져스일듯  "
20161208,10,우리 형님 나오면 일단 감사히 봐야쥬~  
20161207,8,원작이너무 명작으로나와서... 원작만큼의기대에는떨어지겠지만 톰행님나오니까 기대중  
20161207,7,정말 기대하고있었는데 예고편을 뭐 이리 만들었지? 예고편으로 지루하기  쉽지않은데..  
20161207,10,"기존의 미라 리부트가 아닙니다. 유니버셜 사의 몬스터 유니버스. 즉 몬스터판 어벤져스의 두번째 작품입니다.첫번째 작품인 ""드라큘라: 전설의 시작"" 후속작 이죠.추후에 ""더 울프맨"" ""프랑켄슈타인""등 몬스터 시리즈들도 나와 합류  "
20161206,10,배우가바뀌어도 굿굿일듯  
20161206,8,예고편 보니까 전작 미이라랑 관련없고 그냥 제목을 미이라라고 정한것같음  
20161206,6,"선진국들은 왜 다른 나라의 유물들을 자기것인냥, 훔쳐갈까?  "
20161206,6,한글 제목을 '미이라' 로 정한게 실수다.  
20161206,8,이모뎀~~~이모뎀!!!!이모뎀!!!!  
20161206,10,오 배우와감독 믿고 본다 ~~~`~~  
20161206,10,기대된다~~!! 믿고보는 톰형  
20161206,10,톰형이 얻게되는 능력은 이모탈인건가..  
20161206,10,미이라 하면 이모텝이지~!이모텝! 이모텝! 이모텝! 이모텝!  톰형 기대할께요~  
20161205,5,이모텝 이모텝! 하는 재미가 있어야...잘모르겠다.  
20161203,7,"아직까지 잘 모르겠어요. 친절한 톰 크루즈로 예고편을 조금 봣는데...리부트라기보단, 새로운 영화을 만든거 같아요...영화를 보기전까지 미이라는 원작1,2편이 좋죠  "
20161203,10,티저 봤는데 재밌어보이네요. 전 탐이 미이라인줄 알았는데... ㅎㅎㅎ 아니였네... 기대되어요~!  
20161203,10,아무무 아무무 아무무 아무무  
20160819,10,꼭 봐야지^_^ 톰크루즈♡  
20160809,9,"미이라 팬으로서 기대는 된다만 브랜든 프레이저, 아놀드 보슬로, 레이첼 와이즈, 존 한나 없는 미이라는 미이라가 아님....  "
20160801,10,"아이디어의 가뭄인가..  종말인가..  벌써부터 이렇게 리부트,리메이크,프리퀄 재탕삼탕의 홍수라면..  "
20160726,8,브랜든은 이제안나오나  
20160604,5,솔직히 미이라 주인공은 브래든 프레이저인데ㅠㅠ그래도 기대  
20160418,10,톰 크루즈 기대된다~~!!!  
20160229,9,소피아 부텔라는 클레오파트라나 하트셉수트로 나올려나?  
20160205,1,요즘은 뭐 새로 만들 생각은 안하고 그놈의 리부트 리메이크 좀 작작해라 아무리 명배우 나와도 안봐도 뻔할거 같다  
20160117,10,호롤룰루~~~~진시황!  
20160104,8,스콜피언 키이이잉~~~  
20151217,10,아낙수나무~~~운!!  
20151215,10,이모텁 이모텝  이~~~모텝  
