0,1,2
20171213,9,시사회 보고왔습니다.8편이니깐 9점드립니다.그 전시리즈들의 오마쥬 비슷하면서이것저것 많이하네요.9편에선 10점짜리 평점을 줄 수 있기를 ㅠㅠ초반엔 살짝지루할수있지만 중후반부터 긴장하면서봤어요.  
20171213,10,내일 보러가는데 너무 기대된다. 부디 7편처럼 4편과 비슷하거나 주인공 보정이 심하지 않았으면 좋겠다.  
20171213,10,2D로 보세여 꼭~~~ㅋㅋㅋ  
20171213,10,최강 스타워즈. 포스가 함께 하는 멋진 영화  
20171213,10,강철비 알바년들 여기까지 와서 악플다니?? ㅉㅉ  
20171213,10,내일 보러가는데 기대된다  
20171213,10,스타워즈 까는 사람은 최소 문화문맹인거 인정하는 부분인가?ㅋ세계관 리부트한거 치고는 나름 잘 진행하고 있어서... 앞으로 좀더 지켜봐야할듯 너무 산으로만 안가면 될꺼 같음  
20171213,2,초대형작 끝판왕 워리어에 여자가 뭐냐 18 좀 현실성 있는 캐릭터 설정 좀 제발. 뭔 페미할당한다고 이영화저영화에 되지도않는  여자괴물들을 떡도배질하냐 ㅉ  
20171213,1,지루해... 세계관도 복잡하고...전 시리즈를 안봐서 이해안됨ㅜㅜ  
20171213,10,영웅은 죽지 않아요 포드  
20171213,10,"와, 말이 필요없겠다진짜 보고 싶다  "
20171213,10,한국에서는 스타워즈가 그렇게 인기가 많지 않다죠. 왜 그런지 의문이네요.  
20171213,10,캐리피셔님.. 포스가 당신과 함께 하기를...  
20171213,10,허를 찌르는 역대급 반전 스토리에 놀랄꺼임...내일 확인하시라...  
20171213,8,"그리운 레아 장군님, 영면하시길  "
20171213,10,전작인 깨어난 포스는 아쉬웠는데 이번작은 과연..  
20171213,10,마지막에 헤리슨 포드 나온다에 한표  
20171213,8,진심으로 아맥으로 보고 싶다 하지만 거리가 넘멀어 ㅜㅜ  
20171213,10,로그원 처럼 조금 어두운 분위기로 시리즈 전체가 리부팅되었으면 좋겠다.  
20171213,10,솔직히 시리즈 한편도 안봤습니다 그전시리즈 다운은받아놨는데 재밌나요?  
20171213,5,절대선이라 할수 있는 제다이 크루같은 그룹 집단때문에 시스라는 절대악이 존재하는것. 악과선의 균형이 아니라 융합 이 진정한 악과선의 균형. 이와비슷하게 디아블로에서도 선과악의 이분으로 양분되기전에 이전에는 선과악이 하나였지. 절대선이 절대악을 만드는법  
20171213,10,40년 내인생을 평생 함께해준 영화 그것만으로 별10개그리고 앞으로 OO이상 함께 할 영화  
20171213,1,선과 악의 전쟁 거대한 운명이 결정된다 ㅋㅋㅋ 무슨 80년대도 아니고ㅋㅋㅋㅋ 이거 문구 넣은 늘그니 당장 해고해라 ㅋㅋ  
20171213,3,배급사는 맨날 거대하단 단어밖에 못 써넣나.  
20171213,3,보자.     . ..ㆍㆍㆍㄷ  
20171212,10,강철비 알바들아 강철비 평안좋아서 어짜피 망할거니까 걱정하지마  
20171212,10,여기에 평점 테려하는 인간들이 니네들이 명작을 아니? 태어나때부터 쭉보고 살아는데 그런영화을 비교하다니 ㅉㅉㅉ 명작 영화 평점테러 하지말아라 ㅉㅉㅉ  
20171212,1,ㅋㅋ언제부터 스타워즈 봤다고 ㅋㅋㅋㅋ 외화라면 그냥 아주ㅋㅋㅋ  
20171212,9,빨리 보고싶어 ㅠ욥ㄹㅇㅇ  
20171212,1,5편 제국의 역습과 스토리전개가 똑같음!!!커버넌트가 에이리언이랑 똑같은 것처럼.  
20171211,3,스타워즈는 왜케 기대가 안되냐....  
20171211,10,스타워즈 빨리 보고 싶다.  
20171211,10,말이필요없음 무조건 봐야하는 거임  
20171211,4,이거 우리나라에서는 인기도 없더만 괜히 미국 자랑할라고 억지로 띄우는 느낌이네 솔직히 관심도 없는디  
20171210,10,스타워즈인데 무슨말이 필요ㅠㅠ  
20171210,7,광고  많이하던데  흥행할까?  
20171210,10,5년 스덕이지만 스타워즈는 언제 들어도 설레는 이름...정말 기대됩니다. 시사회 응모했는데 꼭 당첨되어 좋은 추억 남기고 싶네요.스타워즈 사랑해요!!!  
20171210,1,유독 우리나라에선 인기가 없는게 스타워즈  
20171210,4,대체 카일로렌 맡은 배우가 어딜 해리슨 포드 닮았다고 캐스팅했던거지... 진짜 손에 꼽게 특이하게 생긴거같은데  
20171210,10,설마 7탄보다 더졸작  아니겠지??  스토리는  정말  잘나왔다고 하던데..  
20171210,10,감독 쌍제이만 아니어도 스타워즈는 평타친다 못해도 깨어난 포스 망작 보다야 낫겠지  
20171209,10,깨어난 포스처럼 되지 말았으면 한다. 제발... 예고편 보니까 엄청 기대되던데 개봉 당일날 보러가니 제발 기대를 충족시켜 줬으면 함.  
20171209,10,개봉날 달려갑니다~~  
20171209,10,스타워즈 시리즈 봐도봐도 재밌다.  
20171209,10,광선검 켤 때 그라인더 소리 나만 그럼?  
20171208,10,카일로가 포스로 행성파괴하는 인간데쓰스타가 될지도...ㅋㅋㅋ  
20171208,6,새로운 시리즈3편은 그냥 흔한 sf물  
20171208,10,D.A.S MB.. 'May the money be with you.'  
20171208,10,쌍제이덕분에 이제 어떤작품이 나와도 다 기대된다 전작보단좋아질것이 분명하니까  
20171207,6,스타워즈 시리즈는 정말 과대평가 되어있다. 미국 흥행성적은 정말 이해가 전혀 안된다.  
20171207,10,제밌겠다.이번주에영화관가서봐야겠다  
20171207,10,스타워즈는 사랑입니다.  
20171207,10,최고의 기대작이다!!!  
20171207,8,깨어난 포스의 아쉬웠던 점을 보완해주길  
20171207,10,개봉 까지 D-7 각오하라! 3사 멀티플렉스! 이제 한국영화 독과점은 끝났어!  
20171207,8,"에피소드 7 캐릭터들 완전 별로였는데 이번에는 자리좀 잡길. 악인은 악인답지 않고 레아가 갑자기 포스를 발견하는 것도내적 갈등도 별 시답지 않으며,이걸 깨고 나오는 것도 감정이입이 안되며 흑인남자 간의 갑작스런 로맨스도 이거 뭔 쌩뚱맞은 감정질인가 함  "
20171207,10,전요.... 하... 존윌리암스 옹이 건강하실때 스타워즈 모든 시리즈와 인디아나죤스 모든시리즈가 완성되기만을 바랍니다ㅠ 존 윌리암스 횽아 그리고 죠지루카스횽아 좀 버텨주세요. 그리고 감사합니다ㅜ  
20171206,10,의리로 봐준다 ... 이뇨속들아!  
20171206,4,스타워즈 광으로써 에피 456123 이후 나오는 모든 스타워즈는 토나온다. 아예 다른 스토리로 좀 만들던가? 캐릭터빨로 돈이나 쳐벌려는 영화를 만들면 어쩌냐? 소설로 있다는거 알지만 구려. 악당도 너무 OO 같고 스톰트루퍼 스토리도 구려..  
20171205,8,한솔로 죽은게 오비완 죽은것 보다 더 충격 ㅋㅋ 신발 바로 죽였어 ㅋㅋ  
20171205,10,깨다만 포스에서 개판친 거 복구할 수 있느냐가 감상 포인트  
20171205,10,얼렁 좀 나와라 기대중ㅎㄷㅎㄷ  
20171205,7,"그나마, 마크해밀이 출연해 중심을 좀 잡아주겠지만? 다스 베이더, 다스 시디어스 포스를 따라 잡는 캐릭터가 없으니?!;;;  "
20171205,5,이번엔 광선검 좀 휘두르려나? 전작은 너무 뭐 없어가지고..  
20171205,10,레아 프린세스 포스와 영원히 함께있기를  
20171204,10,"정말 대단한 영화다.배우들의 연기력,cg,스토리,모든것이 갖춰짐  "
20171204,1,내가살면서 봤던 것중 제일 최악의 영화 스타워즈 깨어난포스  하...  
20171204,5,전편에서 쌍제이가 개판쳐놔서 복구가 될런지...아마도 힘들거같은데.  
20171204,7,전편 처럼 만들지는 말았길..  
20171203,10,스타워즈는 갓 영화임 레알  
20171203,10,스타워즈 주인공이. 루크.레아.솔로인줄 아는데. 진짜 원톱 주인공은 다스베이더다. 스토리 전편에 출연하기도 하고. 마지막편 제목이 제다이의귀환이다. 이것만 봐도 주인공은 다스베이더임.  
20171202,10,벌써 2년 동안 기다렸어요!!  
20171202,6,포스가 약해보인다.광선검이 탐날뿐...  
20171202,10,뽬~빰~ 뽬빠뽠!뽠~빤! 빠뽜빤! 뽜안~~~빰 빠뽜빠빤~~~  
20171202,10,스타워즈보고싶다아아  
20171202,1,노잼일듯 스타워즈는 에피소드 6까지만 인정한다  
20171201,10,Join me ! and we can rule the galaxy as fafher and son!  
20171130,10,do you know 김치? 전설이 시작되었다  
20171130,10,정말 보고 싶다 ㅠ 으아아  
20171129,10,마크해밀 6편 끝나고 저예산 삐끕영화 엑사일에나 나오고 퇴물 된 거 같애서 안타까웠는데 말년에 재기 지대로 하네  
20171128,10,"설마... 레이가 흑으로 돌아서고/ 카일로 렌이 선으로 돌아서서 개 막장이 되려나!? 처음 타락했지만 다시금 제다이로서, 처음엔 서툴렀지만 새로운 악으로서 돌아선다!? 아님 말고 ㅋ  "
20171128,10,"레이의 출생의 비밀 > 퍼스트오더가 다스베이더의 시신에서 추출한 DNA를 통해 레이를 복제한다. (다스베이더와 같은 레벨의 포스를 가지고 있고, 이는 다크사이드의 기운이 강한 포스다.) 따라서 스노크는 이를 두고 >> 너의 운명을 받아들여라! 라고..  "
20171128,10,예상:한솔로 떨어지는데 지하세계에서 짱먹고 지상세계로 올라와서 아들죽이고 스타워즈에 합류하다가 총맞고 장렬히 전사  
20171128,9,포드 못나오지않음? 빌어먹을 패륜아 새끼한테 죽었잖아 ㅜㅜㅜㅜ  
20171128,10,레이는 제국이 만든 루크에 클론이며 에피소드3 클론병사들 처럼 변절하게된다 루크는 충격과 한계를 느끼게 되고 결국 이 모든걸 끝내기 위해서는 다크사이드를 멀리할수 없다고 판단하여 라이트와 다크를 모두 수련하므로써 막강한 힘을 얻게된다  
20171128,10,아마 올해를 장식할 마지막 영화가 아닐까 생각된다. 제일 기대되는 영화.  
20171127,3,미안한데 그만 나와라...  
20171127,10,레이도 왔다리 갔다리 하는거 보면 스카이워크의 혈족 이겠지..다스베이더가 바람펴 탄생한씨앗일 가능성이 높다.. 자매 삼촌 부모의 막장 드라마가 예상된다...  
20171127,10,망할 디즈니 코리아 놈들아 홍보 그따구로 하지 마라  
20171127,1,디즈니가 망쳐놓은 스타워즈.7편은 웬만한 B급 sf영화보다 못하다여자애. 흑형. 찌질이 악역.. 8편에는 영감님까지..디즈니 가족 막장 드라마  
20171127,7,스타워즈 이번 편도 안뜰거라 생각합니다  
20171126,10,기대가 큽니다!!!!레이와 루크 그리고 저항군의 운명이 결정되는 영화인거같습니다!!!!  
20171125,10,15일만 목빠지게 기다리고 있습니다허억허억허억  
20171125,8,레이포핀스를 다시 보고 싶구만ㅇㅇ  
20171125,10,예고편을 보니 기대된다 이제 스타워즈 시리즈가 부활하는 걸 보니 흐뭇하네  
20171124,10,:;:;:;:;:;;;:;  
20171123,9,500만 함가자 스타워즈 한국에서 개봉하면500만을 못채우고 무너지는지  
20171123,4,카일로가 악역이면 악역답게 좀 쎄보여야하는데 너무 모지리 찌질하게 생김 몰임이 안됨  
20171122,10,빨리 나와라 ㅠㅠㅠㅠ 목빠지겠다  
20171122,10,더빙도 상영해주세요 스타워즈팬입니다  
20171122,10,카일로와 레이가 손잡는건 레이가 어둠의길로빠지는게아니라 8편에서만 잠깐 동맹해서 스노크잡으려는거같네요.  
20171119,10,혹시 헷갈리는 분들을 위해 올림일단 캡틴 파스마는 7편에서 죽은적이 없음. 고로 8편에 당연히 다시 등장함. 해리슨 포드가 출연진에 있는 이유는 한솔로가 부활해서 그런게 아니고 아마 회상씬에 나와서 그럴 확률이 높음.  
20171119,10,기대됩니다 빨리 보고싶어요  
20171118,10,SF영화의 최고 중에 최고이며 전설인 스타워즈..왜 우리나라에서는 인기가 없지?미국에서는 2015 년에 스타워즈 개봉해서 광선검 장난감 들고 할로윈 처럼 돌아다니고 오바마도 백악관에서 스타워즈 보러간다고 했는데....  
20171118,10,마크 해힐이 나온다고 와우  
20171115,9,스타워즈의 팬으로써 매우매우 기대되는 영화입니다!!!  
20171111,10,"이거 볼래, 신과함깨볼래? 당연히....  "
20171104,10,배급사님 변역은 박지훈말고 황석희님으로 합시다ㅠ 부탁합니다.  
20171103,10,오늘 예고편 마지막에 루크랑 레이가 싸우던대 설마 레이가 다크로 가고 카일로 렌이 죽나? 루크의 신제다이 기사단과 아버지 한 솔로 죽인 렌이 회계? 아 빨리 개봉해라 진정  
20171028,1,"스타워즈 4편 , 5편, 6편 처럼 내용이 비슷하게 가는군요  J..J.에이브람스 씨의 생각인지 아님 조지 루카스씨의 생각인지 모르겠지만 리메이크 버전으로 가다간 망합니다. 새로운 스타워즈의 내용을 원하지 단순 리메이크라면 누가 볼까요 ?  "
20171025,10,우와 스타워즈다 마지막으로 본 기억이 언제인지 모르겠네 일단  이번 시리즈도 진짜 기대된다 빨리보고싶네  
20171021,10,본다 본다 꼭 본다. 절대로. 스타워즈니깐  
20171019,6,존제감 없는 레이와 카일로 렌..  
20171018,5,뭐 또 데스스타나 부수고 화염을 뒤로하고 탈출하면서 환호성 지르면서 끝나겟지  
20171016,10,May the force be with us...  
20171016,1,그닥 큰 기대는 안된다...7부터 주연배우들 쪼렙들만 쓰니까 대작같은 느낌이 하나도 안들고 뭔가 B급물 같잖아...차라리 로그원이 7보다 훨 낫더라...스타워즈는 123456 에서 끝났다...  
20171014,10,애초에 스타워즈4 나오기 전에 지금까지의 세계관이 있던건데 뭘 나오지 말았어야 돼 ㅋ  
20171013,1,"애초에 나오지 말았어야할 7,8,9  "
20171013,10,30년전 보았던 마크 해밀 이 나와 함께 30살이 더 먹어서 나왔다는게 ...  진전한 인생영화다  
20171013,3,듣보잡 여주를 그대로 쓰는 이유가??  
20171013,3,◆ 존나 재미없겠다. 계집과 껌둥이는 도대체 왜 설치며 카일로 렌 샛끼도 존나 카리스마 없음. 캐릭터성 꽝임. 2005년에 나온 에피소드 3가 아직도 최고의 명작인 듯... 진짜 개실망할게 뻔한 영화. 강한 카리스마의 캐릭터가 단 한 명도 없음. ◆  
20171013,10,가장 충격적 결말? 카일로 렌도 피해자였고 이제 같이 편먹어 싸운다는 스토리는 아닐까  
20171013,10,스타워즈 대박 기원!!!  
20171013,1,"전편 폭망멤버 그대로임, 노잼 각 지대로네.  "
20171013,10,그냥 본다. 그게 답이다.  
20171013,10,"캐리 피셔, 영원하시길  "
20171012,10,"may the force be with you, leia...  "
20171012,7,제발 카일로 렌 가면(헬멧)좀 벗지마 제발~!~!~!~!~!~!~!  
20171011,10,엄지 척~! 얼른 보고 싶어요!  
20171011,10,국내 개봉일 왜 아직도 안 잡힘? 역시 디즈니 코리아야 일을 못하지! 로그 원처럼 개봉일 밀리면 진짜 짜증날듯  
20171009,10,무척 보고 싶네요! 라스트 제다이.  
20171003,10,이번은 내한 일정 없나? 마크 해밀 내한하면 정말 감동할 듯. 루크를 직접 보는 거 아니냐 ㅠㅠㅠ..  
20170925,1,무슨  영화가 년중행사냐..쯧쯧. 고마해 마이 해무따.  
20170914,10,한솔로는 죽은거 맞아?  
20170912,10,이건 뭐 간판 걸리면 그냥 보러 가는거 아니냐? 옛날에 성룡영화 나오면 호불호고 뭐고 보러 가는거처럼 말이야.  
20170909,10,광선검 액션좀 많이 쓰자...총쏘는건 이제 좀 질리잖냐  
20170905,10,정말기대되요 재미없는 로그원과는  차원이 다를것 같습니다!!  
20170904,10,와 진짜 기대되네요..빨리 보고싶어요!  
20170826,10,완전 제대로 미쳤다. 이제 전설이다  
20170819,10,나오는날만을 기다리는 중  
20170814,10,재미없어도 보러 갈거임  
20170814,1,스타워즈 공부  못한 디즈니에서  만든  작품이라~~  케릭 완구 사업 작품 될듯  
20170812,10,아 생활에 활력이 솟는다  
20170811,10,레아 공주에게  영원히 포스가 함께하길  
20170811,10,모두들 포스가 함께하길 ~  
20170806,10,우와 새로운 스타워즈영화다  
20170802,8,라이언존슨  감독  브릭과  루퍼에서의  재기발랄함과  어두운 색깔까지 잘 입힌다면  잘나올듯  
20170730,10,늘 했던대로 최후의 제다이로  번역했음 더 좋았겟지만...뭐 어때  
20170722,10,스타워즈!! 빨리 보고싶다  
20170722,1,에피7은 차라리 제국이 망하던 4가아닌 에피소드 1에서처럼 루크가 세운 공화국이 번성하면서 파다완도 나오고 다른제다이들도 나오고 그속의 악과의 갈등을 그려냈으면 어땟을까싶다  
20170718,10,"나는 스타워즈를 최근에 몰아서 봤다. 근데 옛날부터 봤던 사람이라면 정말 감격 감동 받았을 거 같다. 몰아서 본 나도 한 솔로, 레아, 루크가 나올 때 짜릿 했다. 깨어난 포스에서 루크는 마지막에 잠깐 나왔는데 주연이다 ㅎ  "
20170717,10,평점이 10점까지 밖에 없다는게 아쉬울따름이다  
20170709,8,이상하게 한국에선 다른sf보다 스타워즈가 인기없네  
20170622,10,아...정말보고싶다. 기대만땅!!!  
20170611,10,스타워즈가 12부작이란건 대체 뭔 헛소리인지...  
20170608,10,깨어난 포스를보면 스카이워커를 지칭하며 라스트제다이라고 하는 대사가 있었는데 그리고 스카이워커가 나타나면 뉴제다이가 나타날 것이라고 했는데 그걸 바탕으로 소제목이 정해진거 같기도  
20170604,10,제발 영제 그대로 나오지 말자  
20170526,10,딱봐도 올말쯤에 개봉하겠네 쯧 그냥 전에 개봉하지 하..  
20170503,10,스타워즈는 그냥 10점입니다  
20170423,9,루크 스카이워커 심상치 않은데...기대해봅니다!  
20170419,6,레아공주님이 출연하는 마지막 영화...RIP Carrie Fisher(1956-2016)  
20170419,10,아직까지도 스타워즈 시리즈를 극장에서 볼 수 있다니!! 이것만으로도 나에게는 10점.  
20170415,1,노잼이지만 흥행은할듯  
20170331,10,와우 루크 나온다!  예스 빨리보고싶다.  
20170326,10,2017 최고의 기대작  
20170326,5,스타워즈좀 그만망쳐라!!흥행이야 이름값땜시 흥하겟지만...  
20170325,8,에피7처럼 그지같이 만들지 말고 로그원같은 갓영화를 만들어라  
20170325,10,안봐도 10점 존재자체로만 10점  
20170303,10,항상 기대합니다...스타워즈니깐요...제목이 슬퍼보이는건 기분탓일까...ㅠ  
20170224,10,영화 개봉까지 어떻게 기다리냐.  
20170125,10,마지막 제다이라뇨...ㅠㅠㅠ루크형님 가지 마요ㅠㅠㅜ  
20170125,10,루크 죽이면 라이언존슨 존슨 따버린다 진짜  
20170124,10,"캬 역시 스타워즈야~!!! 근데 제목이 더 라스트 제다이라니,뭔가  불안한데..  "
20170124,9,라이언존슨감독 믿을만 한가요?  
20170124,10,에피소드 8 제목 <stat wars - the last jedi>  
20170119,10,SF영화의 대명사 스타워즈 디즈니가 인수한게마음에 안들지만 그래도 믿는다  
20170109,10,imax 최고의 영화 중 하나  
20170107,4,쌍제이처럼 망쳐놓으면 가만안둘꺼임  
20170106,10,명색이 스타워즈니깐!! 닥치고 나오면 무조건 본다  
20170106,10,한솔로가 다스베이더처럼 되는거 아닌가?ㅋㅋㅋ  
20170105,10,외전 로그 원 만큼만 나와라...역대급 퀄리티일꺼다  
20170103,10,캐리 피셔와 포스가 함께하길....그리고 에피소드7은 그래도 캐릭터 설정이나 떡밥은 많이 뿌려놨으니 이제 8부터 새로운 기체도 선보이고 (x윙말고) 이야기도 456따라가지말고 독창적이면서 흥ㅇ시롭게 가자!  
20161230,10,故캐리 피셔의 삼가 고인의 명복을 빕니다.  
20161230,10,캐리 피셔가 2016년 12월 27일에 죽어서 결국 캐리 피셔의 마지막 영화가 됬네요.... ㅠㅠ 기대해죠!!!!  
20161229,1,아니... 감독이 바꿨더니 지금까지 스타워즈가 쌓아온 역사를 망가트리고 있네.... 에피소드6까지만 나오고 끝해야하는걸 아이디어가 없어서 스타워즈의 명예를 더럽히는건 반대  
20161229,10,브래이킹배드 연출감각을 믿어보고 기대해보려함.. 부디 기억에서 영원히 지우고싶은 아동용 스타에피7이 아닌.. 소름쫙 감동백배였던 스타워즈로그원 만큼 달성 해주길..  
20161228,10,아.. 레아공주.. ㅠㅠ 삼가고인의 명복을 빕니다...  
20161228,8,기술을 압도하는  스타워즈는.. 8편이 레아공주의 유작이 안되게끔.. 9편에도 홀로그램 부활로 꼭 나왔으면 좋겠네요..  
20161228,10,RIP. Carrie Fisher. ㅠㅠ  
20161228,10,기대되네요앙!~~~  
20161228,10,레아공주님... 포스가 함께하길...  
20161228,10,피셔 누님... 어릴적이나 지금이나 항상 기억하고 있습니다.  
20161228,10,캐리 피셔 사망 하셨는데.. 어찌 되는거죠 ㅠ  
20161228,10,강인한 공주 레아 공주님 ..편히 쉬세요. 고인의 명복을 빕니다.  
20161228,10,레아공주.. 캐리 피셔 R.I.P. 영원히 포스가 함께 하길  
20161228,10,캐리 피셔 포스의 가호가 언제나 함께하길  
20161222,10,이건언제나올까요????  
20161030,10,짱 짱 꼭 보고싶어요~에피8 빨리 나와라~  
20161006,10,여기서 우리는 3PO 역할의 안소니다니엘스를 말하지 않을수 없다 이분 1946년생 우리나이로 70세!! 스타워즈 전편에 출연하셨다는..6.25때도 살아계셨던분 ㄷㄷㄷ  
20161003,10,이제와서 에피소드가 무슨소용있겠냐 하고 생각했는데 베니치오 델 토로라면 10  
20160929,10,아니 진자 쌍제이 이 놈은 별전쟁 팬이람서 별트렉 팬들한테 비수 꽂고 갔으면서 7편 그 따구로 만들고ㅋㅋㅋㅋ 마상주고 갔으면 잘 좀 만들던가 ㄹㅇ이보다 ㅄ같고 싸패같은 놈을 본 적이 없다 쌍제이는 걍 별전쟁 별트렉 모두에게서 손 떼라 제발 부탁이다  
20160917,10,잠깜만요 유튜브에서 스타워즈 8 예고가 있는데...다스베이더가 나오드라고요.다스베이더는 죽은건가요산건가요..?  
20160915,10,로그원처럼 개봉일이  미뤄지지 않았으면  
20160827,5,"jj가 실패했다, 어중간한 O밥 감독으론 예전명성을 찾기 쉽지않아  "
20160720,10,재미있게 만들어 주세요!!  
20160720,10,내년이  기대된다능..하앟...하앟...  
20160621,5,스타워즈 시리즈 접자...한솔로가 죽어서 이젠보기도 싫다...  
20160526,10,스타워즈5편 벤치마킹하면 다 부셔버릴거야.  
20160515,10,아....이제 진짜 한 솔로는 안녕인거구나....  
20160415,10,"전작에서 오리지날을 보여줬다면, 여기선 엪3의 스케일과 스토리를 보여주면되고. 마지막은 그이상을 넘가하면 사상 최대의 스타워즈 시리즈로 남을듯.  "
20160319,10,영화 제목이 스타워즈면 따질 필요 없다  
20160223,10,이거 개봉일자가 17년 12월 15일이라는데 연기된 날짜래요ㅠㅠ아니 나같은 스타워즈 광덕후들은 어떡하라고!!!!  
20160213,10,으으으...2017년까지 언제 기다리냐...  
20160204,9,한솔로 지 아들한테 안죽었나...?  
20160204,1,해리스포드 젊을때 모습 회상연기때 잠시나오는거로 알고있음.  
20160201,10,다리에서 떨어진 한솔로를 과연어떻게살릴지가 궁금  
20160131,10,"많은 사람들이 카일로 렌이 스타킬러와 함께 죽음, 터졌니 하는데 그럴 리가 없음. 다스 시디어스나 다스 베이더나 최소 에피소드 3개식은 주 악당임. 애초에  배우명단에 아담 드라이버 있는데다 결말에 레이 츄이 돌아가고 제국군이 구조해갔을 가능성 있음.  "
20160125,10,한 솔로 죽었는데 주연????  
20160116,10,한 솔로 에피7에서 죽었자나...뭐야  
20160114,10,"아무리 멋진 악당이 나와도 (시스, 퍼스트오더 등) 다스베이더의 결단력과 간지를 뛰어넘을순없을듯...  "
20160114,10,레이가 루크의 딸아닐까  
20160113,10,아아... 7편에서 해리슨 포드를 죽이다니... 여튼 배우들이 연기를 너무나도 잘해서 8편도 꼭 극장 달려가서 볼겁니다!  
20160107,10,빨리 나오면 좋겠어요7도 재미있었어요  
20160106,10,흑형 어디갔는데? ?.?  
20160105,10,한  솔로  부활각인듯   해리슨 포드가   에피소드8에도  나오네.  
20160104,10,믿고 보는 스타워즈. 한솔로 죽었는데 다시 나오는걸 보니 살수도 있고 제다이의 영?같이 나올수도...아님 목소리만 근데 제발 망작 7을 다시 살려주세요...  
20160104,5,으아아 그리버스장군님ㅠ  
20160103,10,리메이크를 할수없는 원작배우들의 미친존재감이 확실한 영화!  
20160102,10,본격적인 것은 이재시작이다  
20151231,10,일단 에피소드 8을 만들 때 주의 할점: 에피소드6에서 루크의 아내인 마라 제이드가 잠시 출연 했었음. 그래서 루크의 아들은 필수적으로 있어야 이야기 전개가 됨. 에피8에 루크 아들없는순간 스타워즈 망작의 길 걸음....  
20151231,10,무엇보다 베니시오 델 토로가 빌런이라는게ㅋㅋㅋㅋ 엄청 기대중  
20151230,10,와우 스타워즈 에피소드8도 나오네요 이번에 포스고스트로 아나킨이랑 오비완 나왔으면 좋겠다..ㅎㅎ  
20151230,10,해리슨포드 나온다는거보니까 한솔로 살아있는건가?  
20151230,10,해리슨 포드는 실수로 들어간듯. 미국 사이트엔 안나와요. 라고 했지만 누가 스포방지를 위한 연막인지 알 수 없다.  
20151228,10,카일로렌 또나오냐;;  
20151227,10,더 이상 말이 필요한가?  
20151227,10,감독을 보면 2019년에 에피소드9 나온다네요...와.. 대박입니다  
20151227,10,(스포있름) 한솔로 아저씨 죽은게아닌가?? 혹시  콰이곤 오비완 요다 아나킨처럼 유령으로 나오지는 않을꺼고 뭐지..? 역시 J.J는 떡밥의제왕ㅋㅋ  
20151226,10,전투 씬이 많이 나오면 좋겠다  
20151226,10,해리슨포드 죽었는데 왜 나옴?ㅋㅋ  
20151226,10,기대중입니다 갓타워즈  
20151226,10,에피소드7 보고 왔는데 세로운 시도를 해보았으면 좋겠습니다  
20151225,10,"그럼 그렇지, 언제봐도 멋있는 나의 한솔로는 아직 죽지 않았다! 살아서... 볼 수 있는 거죠...?  "
20151225,10,아뉘 캡틴 파스마와 한 솔로가 다시 나온다고??  
20151225,10,스타워즈니까 무조건 10점!  
20151225,10,핀 좀 띄워줘... 영화상 거의 핀이 해결해주다가 마무리는 레이가 하는게 어처구니 없었다.  
20151225,10,루크스카이워커의 아들은 안나오는건가요? 벤 스카이워커요 그렇다면 스토리가 너무 허무맹랑해지는데ㅠㅠ 한솔로는 살아있는건가요? 해리슨포드 또나오네요  
20151225,10,"잠깐, 해리슨포드가 에피소드 8에도 나온다고...?  "
20151224,10,아직5부작이나 남았는데 죽기전에 볼수있을까?  
20151223,2,스타워즈가 언제부터....외톨이들이 아는척하며 존재감 느끼는 영화가 되었지? 제발 코스프레형 덕후형 인간들은 댓글로 아는척 좀 하지마라. jj브럼스가 어쩌고?ㅋㅋ 잘은 몰라도 7편은 정말 못만들었다.  
20151223,10,오!!!데이지랑 보예가 그대로 나오는군!!기대되네요!!  
20151222,10,정말 기대가 큽니다!! 으으 언제 기다리죠 ㅋㅋㅋㅋ  
20151221,10,스타워즈는 항상 기대가 큽니다.  
20151221,10,"파스마 비중 높여주고, 줄거리 면에서 오마주를 적당히 하면 좋겠습니다.  "
20151220,10,빨리 만들어서 16년 말에 개봉하라. 7에서 뿌려놓은 떡밥이 너무 많지 않은가  
20151220,1,쌍제이 감독이 왜 계속 하지 않는걸까?저 감독은 그닥 알려지지도 않았고 연출력으로인정받은 감독도 아닌데 스타워즈는 7탄에서끝난거로군 아쉽다  
20151220,10,진짜 배우 죽어서 시리즈 멈추는거 아님??  
20151219,10,스타워즈가 다시 나올 줄은 몰랐습니다~모든 장면에서 소름이...그런데 쌍제이 형님이 계속 해주면 안될까요?...ㅠ  
20151218,10,제발 7편처럼 망치지 않기만을 바랍니다....  
20151218,10,스타워즈라고 관객들에게 충격을주려는 소재를 하나씩 만드는거같은데 자연스럽게 연출하길 이번에 7보고 놀랐네요  
20151217,1,제발 여자나 흑인을 메인주인공으로 쓰지마라....세상은 냉정한 것이다....에피소드7은 이미 망했다고 봐야함ㅉㅉ  
20151207,10,영화계의 대선배가 직접나선다  
20151206,7,이 감독은 브릭과 루퍼를 감독하였는데 긴장감 유발과 반전을 잘 연출하였는데 스타워즈는 그게아닌 화려한 색상과 독특한 세계관과 상상력으로 이루어져 있기때문에 좀 걱정이크다.  
20151204,10,우우우우와와와와아아아아  
20151114,10,언제나 스타워즈는 우리를 실망시키지 않는다.그래서 기대해 본다.  
20151101,5,개나 소나 스타워즈냐 함부로 건들지 마라  
20150604,10,감독이 라이언 존슨이란 사실에 내 존...스은도 와 대박이다!  
20141218,10,미래에서 왔는데요 이 영화 촤고입니다  
20141004,10,원래 스타워즈가 총 12부작(456-123-789-101112)로 만들어졌다는데 배우들 그대로 쓰다가 전부 돌아가시는거 아닌가...  
20140928,10,7 개봉도 안됬는데 바로 8 예정이네 ㅎㅎ 반지의 제왕 시리즈처럼 하나봄  
20140820,10,난 스타워즈 끝난줄 알었는데. 가대 만빵 입니다.  
20140810,10,성공하면 조지루카스 때문에 보는 사람들 때문이지 ...  나도 그렇다.  
20140809,10,보고십다이영화!!ㅎㅎㅎ  
20140712,10,스타 워즈 시퀄시리즈는 에피소드 7에서 9까지 제작된다. 스타 워즈 감독 조지 루카스는 원래 1~3보다 7~9를 먼저 만들고 싶었다 한다. 하지만 이번에 나올 시퀄은 조지 루카스가 아닌 떡밥의 황제 J.J 에이브럼스가 감독을 맞게되어 불길한게 많다.  
20140706,10,헐헐 엄청기대함에피소드7나오는것만해도 추억이 떠올리는데..와..대단한장면만들어주세요!  
20140705,7,에피소드7까지만 나오는게 좋을꺼 같은데...  
