0,1,2
20170214,10,시사회 다녀왔습니다. 예전에 본 몬스터헌트처럼 뭔가 유치할 줄 알았는데 이건 참 설정이 신선하고 재미있었네요. 시간 가는줄 모르고 봤어요. 3D로 봤는데도 화질 저하 없고 영상미 끝내줍니다.  
20170214,9,초반 중반까지 큰 전투씬 보다가 깜작깜짝 놀래 죽는줄 ..ㅋㅋ  
20170214,9,데이먼 오빠보러 스크린 x 까지 예매완료 ㅎㅎ 멋져부러~  
20170214,10,와 진짜 보고싶을정도로 스케일하고 배우들 빵빵하네  
20170214,10,맷 데이먼처럼 액션 간지나는 배우도 극장서 보기 얼마 안남았다 ㅋ  
20170214,10,몰입해서 봤다 ㅎㅎ 스케일은 죽여줌 ㅋㅋ  
20170214,1,안보는게 낳을듯 중국에서 이미 개봉햇던 영화 재미없다고 소문남....  
20170214,2,Great한 건 이름뿐이었다...천호 아이맥스가 아니었다면 후회했을 것  
20170214,9,시사회 보고 왔습니다. 약간 짱개화 스러운게 좀 그렇지만 생각보다 엄청 재밌습니다. 뭐랄까 군더더기가 없고 어마어마한 스케일에 계속 액션입니다. 특히 남성분들한텐 강추. 약간 매드맥스 괴물 버전 본 느낌입니다  
20170214,10,근래에 본 영화 중 역대급임...1분1초도 눈을 못떼고 봤네요!!!!짱짱  
20170214,7,지금 시사회 끝났는데..음..ㅜㅜ  
20170214,9,간만에 아맥용 나왔네. 월드워z 제작진이다 닥추  
20170214,10,유덕화 진짜 오랫만에 맷데이먼하고 콜라보!! 스케일보소  
20170214,10,블록버스터 첨으로 나오네 기대해봄 맷 데이먼이니  
20170214,10,장예모....일단은 볼만은 하겠군.  
20170214,10,예고편에 풍기는 데이먼형은 진자 장르불문 일인자 액션배우  
20170214,4,"100분동안 짜장면에 햄버거 비벼먹는 기분, ㅠ  "
20170214,10,초호화 캐스팅에 제작진도 유명하고 ㄷㄷ 스케일하나는 죽이네  
20170214,8,판타지는 많이보진 않았지만 맷 데이먼때문에 보게된다능 >.<  
20170214,10,Screen X 로 볼려고 하는데 진짜 기대되요 -0-  
20170214,10,오랬만에 극장에서 볼 영화나와서 반갑네요 배우들도 화려하고 제작진도 빵빵하고~ 기대해봅니다  
20170214,10,잼있겠다.. 액션하면 맷 데이먼!!  
20170214,1,짱개영화라서 편견갖고 1점 줌  
20170214,1,영화 마션을 보고 난 맷데이먼과 여기평점을 믿을 수 없게 되었다.  
20170214,10,예고만으로도 진심 쩐다 오랬만에 아맥용 영화등장  
20170214,10,볼거리는 많겠네.. 월드워Z 제작진에 믿고 본다  
20170214,9,맷 데이먼이 이렇게 홠쏘는것도 멋지게 보이냥~ ㅋㅋㅋ  
20170214,10,"유덕화오랬만에 나오고, 맷 데이먼의 블록버스터 액션 캬~ 진짜 화려할듯  "
20170214,9,저번주에 실컷 광고보고 개봉기다렸는데 드뎌 내일개봉 >.< 액션은 맷 데이먼  
20170214,10,예고편 보고 진짜 놀랬다 ㅎ 극장서 보면 어떨지..  
20170214,10,내가 제일 좋아하는 장르에다가 배우들까지 빵빵하네 이런게 진작 나와야지  
20170214,1,진짜 알바들 겁나 티나게 글적네ㅋㅋㅋ망작 안본다  
20170214,10,볼거리는 보장된 초호화 블록버스터!! 큰 스크린에서 봐줘야지 요런건  
20170214,10,맷 데이먼 오빠나온기야~♡ 나의 팝콘 무비  
20170214,10,이거 호기심 엄청 땡기게 만드네 ㅋ 스케일하나는 쩐다  
20170214,10,월드월z 제작진이야??  어쩐찌 작살이네  
20170214,9,역대 최대의 제작비로 만들어진 맷 데이먼주연의 볼매작  
20170214,10,완죤 기대합니다 예고보고 뿅갔어요~♡ 맷 데이먼도 나오고 먼가 오지다  
20170214,10,이런정도면 극장에서 봐도 돈안아깝겠다 ㅎㄷㄷ 하네  
20170214,1,중국에서도 개망작으로 통하는 영화 심지어 정부에서 영화리뷰사이트에 점수 너무 낮다고 경고줌  
20170214,1,만리장성의 끝이 평양이란다  
20170214,10,개봉이네요 3D IMAX로 예매 했는데 스트레스 확 날려버리고 싶어요~  
20170214,9,본 시리즈부터 다 봤는데 맷 데이먼 영화는 무조건 닥추  
20170214,10,장이머우 감독의 연출은 정말 특이하고 호화 캐스팅도 정말 봐줄만 하다  
20170214,10,장르 불문~ 맷 데이먼 나오니까 무조건 봐야지 ㅋㅋㅋㅋ  
20170214,10,꼭 아이맥스 3D로 봐야한다 4K도 아니고 6K로 제작된 사실  
20170214,10,액션 흥행 보증수표 맷 데이먼 ㅡㅡb  완전 기대  
20170214,10,내사랑  맷 데이먼 제이슨 본 평점 10점이 너무 모잘라 ㅠㅠ  
20170214,9,오락영화로는 손색없음!!  
20170214,1,"배경은 중국 ,주인공은 영어쓰는 백인 ...  "
20170214,4,안봐도 비디오 확정된 결말  
20170214,10,이번엔 미국이 맷데이먼을 안구해도 되겠네ㅋㅋ  
20170214,3,내 슬픈 예감은 빗나가질 않았네...~ 10점 줘서 괜찮은건가 싶었는데 댓글들 수준보니 진짜 알바같다.... 진정한 알바는 영화댓글알바 아니겠는가...! 알바의 노력에 2점 더 넣었습니다.  
20170214,10,스케일이 차원이 다르군 꼭 보러 가야쥐 조작된도시보다 훨씬 재밌을듯  
20170214,1,이영화 절대 영화관에서 관람하지 마세여 돈 아까워여 경첨이랑 장예모 둘중하나만 있으면 개망작에여 중국싸이트에도 개망작이라고 겁나 욕하더만  
20170214,10,제이슨본이 나오는데 뭔 고민이여....닥치고 봐야하지 않겄습니까?  
20170213,5,인류의 가장 위대한 중심지인 중국과 최후의 방어선인 만리장성을 주변 오랑캐로부터 지키려는 영웅들의 이야기  
20170213,1,왠지 포스터부터 망삘이다..  
20170213,10,"류여, 와가테키오 쿠라에~!(용용)  "
20170213,7,스타쉽 트루퍼스의 고전판 ~그러나 과연....  
20170213,10,시사회 보고왔는데 나쁘지 않던데 ㅋㅋ 경첨 이쁘다 ㅎㅎ  
20170213,10,실화가 주는 감동!! 대단합니다.  
20170213,10,사진으로만 봐도 스케일 장난이 아니다 영화의 발전은 끝이없는듯  
20170213,10,개 멋지다. 세상을 지키기 위한 유일한 장벽 그레이트월이라~~  
20170213,9,이렇게 큰 영화는 4DX가 흔하지 않는데 온몸으로 느껴보고 싶다능  
20170213,10,어디서도 볼수 없는조합!! 이번에야 말로 스크린X 사수  
20170213,9,시사에서 보고 왔는데 스케일 무진장하고 역시 맷 데이먼 액션은 상상불허  
20170213,10,대박 스케일 후덜덜이다.. 맷 데이먼을 이런영화에서 보다니  
20170213,10,헐 IMAX로 보면 겁나 장난없겠다 ㅋㅋ 이런건 극장서 봐줘야지  
20170213,5,해외에서 보고 cg가영... 저는 아니였습니다  
20170213,10,"맷 데이먼, 완소 경첨, 유덕화까지 동서양의 조화로은 캐미가 궁금 ㅠ  "
20170213,10,월드월z 제작진이라면 볼거리는 제법 푸짐하게 담겨 있을듯?  
20170213,1,Imdb평점 6.3/10 망작입니다 이런거 보지마세요  
20170213,1,중국을 왜 서양배우가 구하지  
20170212,8,망작의 냄새가 스멀스멀 올라오지만 평점 망해도 멧 데이먼 형님의 으리로 볼 영화  
20170212,6,성공하면 클로버필드 실패하면 고질라  
20170212,10,감독이 데이먼부터 유덕화까지 아주 총동원을..ㅎㄷㄷ  
20170212,9,맷 데이먼의 액션의 한 장르를 개척하는 또다른 액션인듯  
20170212,1,배틀쉽 처럼 될듯 ㄷㄷ  멧 데이먼이 이런 영화에....  
20170212,9,죽인다 이거머냐 ㅋㅋㅋ  먼가 엄청나다  
20170212,9,한동안 잊고 있던 블록버스터! 이참에 보고싶다  
20170212,10,와우! 맷 데이먼의 액션이다. 닥치고 액션 ㄱㄱ !!  
20170212,9,예고보니 안볼수가 없게 흥미롭게 만들었다!! 아맥이 날 부른다  
20170212,10,캐스팅 장난아니네.. 감독이 진짜 대단한듯  
20170212,10,예고보니 장난없네;; 돈을 얼마나 쏟은거야  
20170212,10,오랬만에 아이맥스 볼만한 영화나왔네  
20170212,10,믿고 보는 맷 데이먼!! 이번작도 기대중  
20170212,9,대박스케일 크네.. 조합 아주 궁금한데?  
20170212,10,장이모우와 멧 데이먼이 만났는데 뭔 말이 필요해. 예고편 보니 죽일 거 같은데 걸작 하나 나와주길.  
20170212,1,뭐야 이 교과서적인 알바 글들은 티 안나게 하던가  
20170211,1,복장이며 연출이며 썩은 짬뽕보는거같다...촌스럽다...  
20170211,9,예고보고 탄성을 지르면서 봤네.. 신선한 쇼킹 무비인걸  
20170211,10,맷 데이먼 나오는 영화는 꼭 봐야해요.. ㅋㅋ 완젼 멋져  
20170211,10,와 예고편 ... ㅎㄷㄷ  무조건 봐야지 이런건  
20170211,10,"맷 데이먼 유덕화, 상상이 안되는 조합인데 먼가 기대는 엄청 된다  "
20170211,9,장이머우감독이 제대로 큰거 하나 찍었구만~~ 거장으로 가는 스타트인가  
20170211,10,맷 데이먼이 액션으로는 정말 끝판왕이네요~ 기대작  
20170211,10,경첨과 유덕화 그리고 맷 데이먼의 캐미까지 완벽한 초호화 캐스팅이다  
20170211,10,꺄악!! 데미먼 오빠 나왔넿~♡ 세월이 지나도 변함없는 멋짐  
20170211,10,이건 무조건 극장에서 봐줘야지 스크린엑스인가?? 쩔던데  
20170211,9,제작진이 월드워Z 간만에 믿고 보는 액션 블록버스터 관람하것음  
20170211,10,IMAX 3D가 날 부르는구나 스케일 하나는 오지게 크네요  
20170211,10,예고편에서 풍기는 포스의 우리형 데이먼 ㅋㅋ 스케일 크다커  
20170211,1,중국의 동북공정을 정당화 하려는 영화구만... 이걸 좋다고 하는 인간들은 한국인 맞나...  
20170211,10,이건 무조건 큰 스크린으로 봐야할 각으로 보임  
20170211,10,"이번에도 믿고본다. 액션하면 맷 데이먼, 맷 데이먼 하면 액션이 진리  "
20170211,10,예고편 지립니다 지리구요 이런거 너무 보고싶어유  
20170211,10,스크린엑스로 봐야겠다.. 완죤 쩔듯  
20170211,10,진짜 판타지 블록버스터가 얼마만이냐.. 반지에 제왕이상일듯  
20170211,10,액션 지림.. 예고편만 봐도 터지네  
20170211,10,맷 데이먼은 액션의 전설이지.. 소화 못하는 배역이 뭐임;; 다 잘어울려 ㅜㅜ  
20170211,9,"ㅎㄷㄷ 활 쏘는 맷 데이먼,, 무쟈게 잘 어울린다능  "
20170211,10,또한번 극장에서 데이먼 영화 볼때가 왔넹.. 특별관감이다  
20170211,10,월드워Z 겁나 재미나게 봤는데 같은제작진이면 ㅋㅋ 믿고 볼만 하지  
20170211,10,"동, 서양의 최고 배우들이 벌이는 초호화 잔치 ㅎㄷㄷ  "
20170211,10,시사보고 진자 속이 뻥뚤리는 액션 잘봤습니다. 나에겐 올해 첫 블록버스터!!  
20170211,10,초 웅장 거대 스케일.. 이걸 극장서 안보면 어디서 보나  
20170211,9,시사회 초대받아서 봤는데.. 진짜 스케일크거 멋짐 터지네요  
20170211,10,그동안의 맷 데이먼은 잊어라.. 제대로 된 액션이 찾아온돸 ㅋㅋ  
20170211,9,엄청큰 스케일.. IMAX로 볼 충분한 가치가 있다고 봐요~  
20170211,10,맷 데이먼의 왕의 귀환이다 -0- 반갑게 잘 볼게요 왕기대중  
20170211,1,와 어떠게 이렇게 쓰레기로 만들수 있지 ㅡㅡ 니들도 한류영화쓰레기라 안보지만 니들은더심하다 ㄷㄷ  
20170211,1,쓰레기 한마리 때문에 보기싫어지네  
20170211,6,이 영화에 엑소 탈퇴한 루한이 나온다지요? 중국에서 잘 나가니 좋네요. 믿고 볼께요  
20170211,9,동서양의 대스타들이 한자리에.. 절묘한 캐미에 시간가는줄 모르게 봤넹  
20170211,10,영화는 제작비하나는 대박이네요.. 보는내내 지루할틈이 없다능  
20170211,10,맷 데이먼은 믿고보는거지 오랬만에 스크린 복귀작! 유덕화도 나옴?  ㅎㄷㄷ  
20170211,9,오랬만에 시사에서 웅장하고 액션하나는 끝내주게 보고 왔네요  
20170211,10,제작진이 월드워Z 만들었으면 이 영화는 어마한 스케일 예상한다.  
20170211,10,오랬만에 액션 판타지나왔넹.. 예고편 대박인걸  
20170211,10,갠적으로 완전 기대하고 있어요 맷 데이먼 남자를 보여줘 ~!!!  
20170211,1,북방유목민을 괴물로 묘사한 짱깨영화..제점수는요...1점도 아깝다..멧형 이번엔 작품선택 잘못했다.  
20170211,1,장이모는 이미 센스 잃음!  
20170211,8,짱개영화네 망작이네 그러는데   멧데이먼이 작품선택이 엄청 까다롭다는데   그래도  믿어봐야 할듯   그것도 월드워제작진이  제작했는데  어느정도 컬리티는 나오지 않을까 한데... 한국배우도 캐스팅 됐으면 좋았겟는데...  
20170211,1,짱깨들 자본에 짱깨들 나오는 영화라써 안 본다 돈 주고 보라해도 안 볼란다 지금 짱깨들이 하는 꼬라지를 한 번 봐라 애국이 따로 있나 현 시국에 짱깨 영화 안 보는게 애국이다  
20170210,1,감독 노잼이어가다가 막판에 돈 다 때려부어서 큰거한방찍는거 모르는줄아냐!! ㅠㅜ  
20170210,1,엑소엘 여러분 보지말죠~~~둘기친구가 배신때리고 중국가서 행복하게 사는거같은데 줭뫌 보기 쉻넹ㅜㅜ  
20170210,6,요즘 중국 영화 구리던데..  이번꺼는 좀 재미있길..  
20170210,1,그레이트월 전작보면 점수 나오는데요.  
20170210,8,중국에서 보고왔습니다. 그냥 킬링타임용으로 안성맞춤인 영화입니다. 여주인공이 참 예뻐요ㅋㅋ 영화보면서 와와거리면서 봤네요. 근데 그렇게 스토리가 알차지는 않습니다  
20170210,8,시사회 당첨돼서 방금 보고왔는데 캐스트에 감독이 장이머우라고 해서 깜짝 놀랐어요 어쩐지 색감이 화려하더라니  
20170210,10,월드워Z 보는줄 알았음 존잼!! 시사회로 봐서 돈 굳었는데ㅋㅋㅋ 개봉하면 친구들이랑 스크린엑스로 또 볼거임 ㅎ.ㅎ  
20170210,10,*오늘 왕십리에서 시사회로 보고왔는데 진짜 대박이었어요 IMAX3D 즐겨보는데 이번이 역대급인듯  
20170210,10,아니 1800억원이라길래 스케일 클줄은 알고 있었는데 이정도인줄은 몰랐지 ;; OO존잼임 꼭 보셈  
20170210,1,망하지 싶다 확률은 90% 이상  
20170210,9,다양한 볼거리에 매력적인 캐릭터들 호감형영화~~~  
20170210,10,맷 데이먼의 영화는 실망시키지 않을듯. 유덕화도 나오고  팬이라 완전 반가움  
20170210,10,가슴이 뻥뚤리는 영화로 답답한 마음이 빵 뚤리면 좋겠네요  
20170210,10,지루하지 않는 탄탄한 스토리에 스케일까지 더해진 영화로 나오길 기대중  
20170210,7,중국에서의 흥행을 전제로 만든 영화 같다..  
20170210,10,굿샷~ 간만에 화끈한 거대한 액션 보겠네용ㅋㅋ  
20170210,10,예고만 봐도 완전 흥미지진하네요. 4D 관람예정!!  
20170210,9,화려한 액션스케일과 캐릭터들의 볼거리가 많을것 같다  
20170210,10,블록버스터란 이런것이다! 라고 할만큼의 자신감  
20170210,1,이거 개노잼 비추 비추 비추 비추  
20170210,1,10점 짜리 글들 공통적인게 작품성에 대한 내용이 아니라 배우 감독이 어쩌고 저쩌고 이런 내용뿐 ㅉㅉ 조작하는거 티난다  
20170210,10,극장에 판타지 보는게 얼마만.. 빨리 개봉 ㄱㄱ  
20170210,10,장난 아닌 스케일에 월드워Z 제작진에 위엄을 더하다!!  
20170210,10,음청 잼있겠당~ 오랬만에 유덕화도 나오고 맷 데이먼의 액션이 궁금  
20170210,10,장이머우 감독의 똑똑한 캐스팅에 박수를!! 화려한 예고편에 감탄  
20170210,1,장성  너머 이민족은 괴물..미국을 넘는 이민자는 테러범.. 두 G2 국가의 파시즘 거지 영화  
20170209,10,우왕 경첨나오네요~ 완죵 이뿌죵.. 예고편 작살  
20170209,10,월드워z 정말 잼있게 봤던 기억이.. 믿고 보는 제작진에 캐스팅 대박  
20170209,9,맷 데이먼하면 액션 no1 아이맥스 사수  
20170209,1,미친 이 어이없는 댓글들은 뭐지? 진짜 기계적느낌 댓글들은 알바들인가?  주인공이 세상에서 가장 강한 무기찾으러가고 중화사상 쩌는 영화라는걸 알고 알바들은 쓰고있나?  
20170209,10,액션영화의 살아있는 전설 맷데이먼 ㅋㅋ 완죵 기대해요  
20170209,10,월드워Z의 제작진과 최고의 배우들이 만났다!! 초울트라 꿀잼예상  
20170209,10,볼거리가 많을거 같아서 무척 기대되네요!!  
20170209,10,재미 없어도 난 본다 맷 데이먼 이니까  
20170209,10,개인적으로 진짜 좋아하는 맷 데이먼!! 블록버스터로 만나니 무쟈게 흥분되네요  
20170209,10,액션 판타지 너무 보고 싶었는데 빨리 개봉원해요  
20170209,10,초호화 캐스팅에 여대급 스케일 완전 보고파  
20170209,10,월드워Z의 제작진이라면 믿을수 있지 예고보다가 지림  
20170209,9,오우 데이먼 오빠다 ㅋㅋ 개봉일 사수필수  
20170209,10,"장이머우 감독과 맷 데이먼, 유덕화까지 초호화다  "
20170209,10,예고편 장난없네요.. 믿고 보고 싶은 맷 데이먼 이번에도 기대  
20170209,4,로튼 토마토 54%. 평작은 된다는 소리인데 중국 영화에 꼭 빠지지 않는 과장 때문에 걱정된다.  
20170209,1,"사드보복으로 한국 문화산업이 위기에 처했는데, 이런 중화사상이 짙은 졸작을 보는 매국노는 없었으면 한다 ㅎㅎ  "
20170209,10,간만에 보고 싶은 액션영화 크게 나왔네요 ㅋ 넘 잼긋당  
20170209,10,엄청난 제작비에 대스타들.. 이런건 돈주고도 못보는 조합  
20170209,7,멧데이먼이 3류 홍콩영화한편 살리긴 했지만 짱깨영화는 이젠 싫다.  
20170209,10,엄청 재 미 있 을 것 같 다.ㅋ  
20170209,10,디카프리오 주연인줄...멧데이먼이었구나  
20170208,3,아무리 맷뎅먼이지만 3류틱하다 ㅠㅠㅠㅠ  
20170208,10,맷데이먼이라니 ㄹㅇ 기대된다  
20170208,9,장이머우 감독이 거장으로 시작을 알리는 시작에 불과  
20170208,10,하트뿅뿅 데이먼 오빠 넘 멋져부러 이번에 활이다  
20170208,10,아시아 헐리웃 스타의 향연.. 믿고보는 IMAX감  
20170208,10,월드워z 제작진과 맷 데이먼의 만남까지 충분한 자본으로 대작은 탄생한다.  
20170208,10,"충분히 기대해도 될만한 재료들이 다 있내,, 졸잼예상  "
20170208,1,와 .. 알바 장난아니네...네이버 이것들 돈 받아쳐먹고 관리도 아나는구만 !!!  
20170208,1,여기 댓글들보고 네이버영화 댓글알바가 실제로 존제한다는걸 알았다.  
20170208,10,역시 월드워z제작진은 풍기는 스케일이 틀림.. 개쩔듯  
20170208,10,액션 판타지의 획을 긋는 규모와 깜놀랄만한 스릴도 많았음  
20170208,10,기대가 아주 큰 영화입니다.  
20170208,10,월드워Z 겁나 재밌게 봤는데?! 같은 제작진의 초대형작품 볼만하것다  
20170208,10,맷 데이먼의 인생액션작 하나 나오나요!!  
20170208,1,"나오지도 않았는데, 벌써 보고 나서 화가난 기분이다.. 중국 관련 영화 중에 성공한 헐리우드 영화는 단 하나도 없다  "
20170208,10,4D아이맥스급이다.. 하지만 더좋은 스크린X에서 볼란다 ㅋ  
20170208,10,월드워 z잼있게 봤는데 이번에 정말 기대해봐도 되겠네요  
20170208,9,장이머우 감독이 이번에는 크게 일냈네 스케일 쩐다  
20170208,10,미친 존재감의 맷 데이먼 너무 오랬만에 ㅠㅠ.. 형님짱이니다  
20170207,10,반드시 극장에서 봐야할 스케일의 영화! 믿고 보는 맷 데이먼까지  
20170207,1,멧데이먼이. 멧돼지가 되는 경험을. 하게될걸  
20170207,10,믿고 봐도 되는 배우에 믿을 수 있는 월드워z 제작진이라면 무조건 IMAX 봐야지 않나  
20170207,10,블록버스터 이상이네..  장이머우 감독이 진가가 다시한번 나오려나  
20170207,10,"멧 데이먼, 유덕화, 이쁜 경첨까지 스케일과 캐스팅의 끝판왕  "
20170207,10,와 이거머야?? 대박이네 예고보고 깜놀~ 스케일 오지다  
20170207,10,미국 아시아 초호화 대표 액션배우 캐스팅에 월드워z 말다했다  
20170207,10,캬악!! 데이먼 오라버니 오랬만에 극장에서 봐요♥ !!!  
20170207,10,지금 까지 보지 맷 데이먼의 스타일이 공개되나 ㅋ  
20170207,9,월드워z 인상깊게 봤는데 몇배는 더 큰 영화가 나왔다 지대로다  
20170207,10,멧 데이먼의 총쏘는 액션과 다르게 거대 전쟁에도 너무 잘 어울린다 완죵 기대중  
20170207,10,역시 급이 다른배우는 멀해도 눈길을 끌게 되있다니깐.. 이영화는 돈이 얼마가 든거야  
20170207,10,수년간 이렇게 큰 스케일은 본적이 없는데 지린다  
20170207,10,맷 데이먼은 도대체 능력은 어디 까지인가 오랬동안 기억될 배우가 될거같다  
20170207,10,스크린x 에다가 IMAX3D까지 진심 특별관에서 봐줘야함  
20170207,10,캐스팅 조합봐라 ㅋ 눈이 즐거울거 같은 영화  
20170207,9,활잡은 멧데이먼 영화에 월드워Z 제작진이라니 또 한 번 일 냈네 ㅋ  
20170207,10,예고편만 봐도 호기심 자극이 엄청생기네 이런건 극장서 봐야지  
20170207,10,믿는다 멧데이먼.. 이런 큰 스케일에 주연이라니 대박이네  
20170207,10,솔직히 중국영화가 대한민국영화보다 못한게 뭐가있냐?ㅋㅋㅋ  
20170207,1,"짱개 찬양 영화, 공산당 홍보물...  "
20170207,1,삼류 냄새가 진동을 하는구나..ㄷㄷ;;;  
20170207,1,중국자본영화는 걸러야..  
20170206,1,짱깨식국뽕에 특유의 유치하고 오그라드는 짱깨영화 특성상 망작의 가능성이 높지만 돈x랄해서 맷데이먼 섭외했으니 인구빨로 흥행면에서 손해는 안볼듯. 멧 데이먼도 촬영하면서 내가 뭘찍고 있나 심란했을거다  
20170206,5,짱개 만리장성과 할리우드의 조잡한 만남 무기 찾으러가다 만리장성을 넘는 신원불명의 적과의 싸움 개식상하고 노잼일듯  
20170206,1,솔직히 중국에서 만리장성을 기본으로 이야기 하는것 같은데 그들ㄹ이이야기하는 흉노족이라는 것에 우리의 고조선등 선조들이 포함되어있다 우리선조들을 괴물취급한것같은 느낌이어서 느낌이 별로다...  
20170206,3,이거 중국에서 봤는데 내용 유치해요 근데 제작비많이들인건 알겠는데 어쨌든 돈주고보기는 좀그럼  
20170206,1,예고편만 본건데 짱개 미화 영화 아닌감... 하.. 멧 데이먼 필모에 똥칠 제대로 하겠네 중국 축구리그에 호날두 데려다가 경기 시키는 꼴인듯.  
20170206,10,본 시리즈 이후의 맷 데이먼의 인생 액션 탄생!  
20170206,10,헐 활쏘는 맷 데이먼 ㅋㅋ 너무 잘 어울리는거 같네요  
20170206,10,너무나 이쁜 경첨 사령관이다 ㅋ 루한까지 가세 흥미진진그자체  
20170206,2,대놓고 제목이  만리장성 이네 지들은 우리 험한령 내리고  이거  중국  국적영화입니다 ㆍ  
20170206,10,개봉날 3D아이맥스에서 봐야할 영화각!!!!  
20170206,10,미친 스케일의 판타지 블록버스터가 나왔다 ㅎㄷㄷ  
20170206,10,보러가야지~~유덕화 ^^루한^^  
20170206,10,그동안의 맷 데이먼의 액션은 잊어라! 또다른 액션 블록버스터로 거듭난다  
20170206,9,스케일큰거 같은데 했더니 월드워z 제작인이라니 일한번 낼듯~  
20170206,10,오랜만에 제대로 눈과 귀를 호강하게 만들어줄듯하네  
20170206,10,진짜 3D 아니면 4D로 봐야하는 흥분되는 영화네~  
20170206,10,월드워Z 제작진의 야심작이다 판타지블록버스터 공성전 기가찬다  
20170206,10,대박 기대되는 영화다 간만에 제대로 된 판타지 블록버스터가 드디어  
20170206,9,엄청난 제작비 들었다던데 그만큼 거대한 스케일 기대해봅니다  
20170206,10,티저 예고편만 봐도 압도적인 스케일을 보여줌  
20170206,10,스케일에 놀라고 캐스팅에 놀랐습니다 정말 기대되요  
20170206,10,경첨보러 갑니다♥ 멧데이먼은 ♥♥  
20170206,10,정말기대!! 이렇게 기대되는 영화는 처음이다!  
20170206,10,올해 큰 영화가 드디어 스타트 끈네.. 기대하고 있을게요~  
20170206,10,와.. 윌렘 대포도 나오네요? 주조역 너무 빵빵한거 아냐?  
20170206,10,멧데이먼이랑 장예모의 합작이라 너무나도 기대된다  
20170206,9,판타지적인 내용으로 되어있을꺼 같아서 너무 너무 궁금햐  
20170206,10,볼거리 오지게 많고 맷 데이번의 변신은 지금부터 시작!  
20170206,10,오랜만에 유덕화와 함께 맷 데이먼의 판타지라!! 기대  
20170206,10,예고 봤는데 진짜 월드워z 제작진 아니랄까 전쟁장면 무지막지  
20170206,9,맷데이먼 그리고 유덕화까지 새롭고 방대한 스케일까지 완벽하다  
20170206,10,올해 이보다 더 흥미로운 조합은 없을듯하다  
20170206,10,어떤 스케일일지는 예고편에서 살짝? ㅋㅋ 대박임  
20170206,10,"제대로 된 판타지 블록버스터, 여태까지 보지못한 스케일  "
20170206,10,할리우드 대세 배우들과 월드워Z 제작진영화는 IMAX 3D 필관람이란 뜻 ㅎ  
20170206,10,저 출연진에 103분으로 되겠어?? 더 보고 싶을거 같은데  
20170206,10,맷데이먼이랑 엑소 전멤버 루한이랑 유덕화까지 배우들 스케일도 크네  
20170206,10,액션은 맷데이먼이지 진짜!! 킹왕짱  
20170206,10,영웅 보면서 진짜 멋있었는데.. 이번 영화는 장난없넹  
20170206,10,진짜 볼거리 가득한 판타지 액션영화일꺼 같아서 왕 기대  
20170206,10,거대스케일 CG도 화려할듯해서 대작이라는 느낌이 온다  
20170206,9,맷데이먼 나온다니까 그냥 믿고보면 되는거 아닌가??  
20170206,10,이건 진짜 무조건 4D로 보러 갈꺼다  
20170206,10,활쏘는 맷데이먼이라니 꺄~~ 개봉만 기다려야지  
20170206,10,유덕화형님도? 나오신다고?? 진짜?? 기대감 급상승!!  
20170206,10,와.. 의외의 조합인데?? 기대도되고 어떨지 정말 궁금하네요  
20170206,10,스케일 보니까 103분이 말도안되게 금방 지나갈거 같다. 기대감 뿜뿜!  
20170206,10,오랜만에 눈이 즐거운 영화가 온다! 엄지척  
20170206,10,이런 꿀잼조합이라면 일단 믿고 보는거 아닌가요?  
20170206,10,내가 좋아하는 장르라 꼭 보고싶네요. 예매해야곘어요  
20170206,10,9분짜리 예고편보니 전투방식도 신선해보여요. 무조건 3D로 봐야겠네요  
20170206,10,이런 말도안되는 스케일은.. 와… 예고편만 봐도 넋 나가겠네요  
20170206,9,충분한 볼거리가 있을거라고 기대합니다!  
20170206,10,3D 안나오면 어쩌나 했는데 나오네요. 너무 보고싶었습니다  
20170206,10,맷데이먼의 액션이 장이모 감독의 영상과 어떤 시너지를 낼지 기대합니다  
20170206,10,헐! 루한도 나와? 대박!! 영화관 갑니다!  
20170206,10,맷오빠는 사랑입니다♥ 멋짐 터졌다  
20170206,10,잼잇을거 같네욤 ~~~ 예고편으로 봤을땐 말이죠. ㅋㅋ  
20170206,10,"뭔가 새롭다! 그런데 제작진, 배우보니까 믿고 봐도 될거같다!  "
20170206,10,장이모 감독과 맷데이먼의 조합이 신선함을 제공하리라 기대합니다  
20170206,9,맷데이먼이 새로운 도전을 많이 하는거같다. 그만큼 나도 기대하고 봅니다  
20170206,10,엄청난 제작비 들었다던데 그만큼 거대한 스케일 기대해봅니다  
20170206,10,월드워z 진짜 대박영화였는데 거기 제작진까지 보러 ㄱㄱ  
20170206,10,"풍부한 볼거리, 뛰어난 창의력 그렇다면 기대하고 봐야지  "
20170206,10,맷데이먼은 진짜 활쏘는 모습도 이렇게 멋져도 되는거임?  
20170206,10,배우진이 너무 훌륭해서 기대하고 있습니다. 파이팅!  
20170206,10,멧 데이먼 이런 블록버스터에 나오다니~ 엄청나다  
20170206,10,캬.. 역시 죽이네...ㅎㅎ  
20170206,7,왜 한조가 생각 나지.... 흠.. 아닐꺼야 일단 맷데이먼 나온다니깐 보겠는대~  
20170205,7,위대한 요구르트 위에서 장에서  
20170205,2,우리 본 형님이 이 영화에서는 만리장성넘어오는 괴물들의 관절을 꺾는건가?!!  
20170205,5,설마 진격의 거인 인건가?  
20170205,10,장예모 감독이면 믿고 봐야죠. 꼭 보러갑니다  
20170205,10,이런장르 좋아합니다. 기대할께요  
20170205,8,꿀잼조합! 믿고 볼수있는 영화일듯  
20170205,10,배우들도 기대되지만 공개된 영상만 봐도 스케일도 기대된다  
20170205,10,새로운 액션이 기대된다!  
20170205,10,무신 맷데이먼! 역시 액션배우!  
20170205,10,장예모에다가 맷 데이먼이라! 간만에 볼만한 무협극인가?!  
20170205,10,맷형과 스케일에 기대하고 있는 1인  
20170205,10,"스케일이나 영상미나 음악, 캐스팅까지.. 강추할듯  "
20170205,9,이런 스케일 큰 블록버스터는 무조건 영화관 가서 봐야지  
20170205,9,중국 자본을 우숩게 보지말자 돈에 국경이 어딧음 ㅋㅋ돈많이 들여쓰니  일단 gd는 보장돼겠군 ㅋㅋ  
20170205,10,예고편만 보는데도 놀랍네요. 끝내줄거같습니다  
20170205,8,예고편 진짜 끝내주네요. 제대로 꽂혔습니다  
20170205,10,장예모와 헐리웃의 만남! 너무 기대됩니다  
20170205,10,"예고편에서 보여지는것도 그렇고 감독, 배우도 그렇고 볼거리 충분할듯  "
20170205,10,이정도의 스케일은 진짜 오랜만인데.. 완전 기대  
20170205,10,아이맥스로 보면 진짜 끝내줄거같다. 빨리 개봉했으면  
20170205,10,오랜만에 제대로 된 영화가 나온거같다. 돈이 안아까울듯!  
20170205,10,박진감이 예고편에도 묻어나오네요  
20170205,9,재밌어 보이는데 12세 관람가까지! 가족들하고 재밌게 볼수 있겠네요  
20170205,10,반지의 제왕을 넘어서는 스케일인듯ㄷㄷ  
20170205,10,무슨 스케일이 이렇게 커..? 초대영 영화가 탄생할듯  
20170205,10,믿고 보는 맷데이먼 영화! 이번에도 실망하지 않을것 같네요  
20170205,1,"장예모 영화는 이제는 그저 돈만 쳐바른 한두시간짜리 중국 홍보영상이다. 저 영화가 말하고자 하는 것은 안봐도 명백하다. ""위대한 중국""이겠지. '붉은 수수밭'을 찍은 예술가 장예모는 죽고, 중국 문화계의 권력자 장예모만 남았다.  "
20170205,1,믿고거르는 짱개 디렉터^^  
20170205,10,훌륭한 영화다. 과거의 영광스러운 미국을 되찾기 위해서 멕시코 불법이민자들을 막을 그레이트 월을 반드시 설치해야 한다.  
20170205,5,이런 블록버스터 치고 상영시간이 2시간도 안돼면 대부분 지뢰작이더라  
20170205,1,왤케 재미가 없어보이냐  
20170205,1,중국자본 들어간 중국 국뽕영화는 거르고본다.  
20170205,1,왜 1800억 짜리 대작을 비수기인 2월에 개봉하겄냐?  짱개자본  들어가면 영화 개판되는거 모르나? 나유씨미2 봐라.. 어찌됐는지... 이건 안봐도 비됴야.. 똥망작.  
20170205,10,이런 조합이면 그냥 두말할거 없이 일단 보면 됩니다  
20170205,10,빨리 보고싶네요. 예고편만 봐도 궁금해요  
20170205,9,데이먼 형님이 이번엔 어떤 액션과 연기를 보여줄지 기대됩니다  
20170205,10,본 시리즈를 벗어난 맷데이먼의 액션이 기대됩니다  
20170205,10,덕화형님이 맷데이먼하고 같이..? 어마어마하네요!  
20170205,9,활쏘는 전사로 변신한 맷데이먼이라 새롭네요!  
20170205,10,본시리즈에서는 과묵 그 자체였던 데이먼이 어떻게 변했을지?  
20170205,10,맷데이먼의 새로운 영화라는 사실만 가지고도 관심간다  
20170205,1,짱개 영화 극혐 만리장성이네...  
20170205,1,"Great Wall?  지나 놈들이 아주 대놓고 만리장성 홍보하네?  썩을 놈들.  왜곡도 유분수지, 동쪽 끝이 평양까지 연결되어 있다구?  ㅋㅋㅋ.  그런 동북 공정을 아예 액션으로 범벅해서 세상을 구하는 장벽으로 화장했네?  맷 불쌍타.  "
20170205,9,맷데이먼까지 나오는 대작이라 스케일 장난 아니겠다  
20170205,10,어마어마하겠다ㅋ 역대급 대작의 느낌!  
20170205,10,예고편만 봐도 월드워즈의 제작진이 엄청나다는걸 알수있다  
20170205,10,월드워즈도 진짜 재밌었는데 이번건 얼마나 재밌을지  
20170205,10,월드워즈 제작진하고 맷데이먼이면 봐야지 뭐!  
20170205,10,청설에 나왔던 남배우가 여기에…? 액션도 하네..? 재밌겠다  
20170205,10,이런건 크게봐야 제맛입니다. 아이맥스 가야지  
20170204,10,올해를 여는 블록버스터인가? 예고편만 봐도 난리났네!  
20170204,10,과연 영웅의 감독이 어떤 대작을 만들었을지 기대합니다  
20170204,10,말이 필요없는 액션배우 맷데이먼은 믿고 보는거죠?  
20170204,10,예고편에 맷데이먼 목소리 듣는순간 소름끼쳤다  
20170204,10,"월드워Z 만든 감독에 제작진이라, 어마어마한 영화를 기대합니다  "
20170204,1,예고편이 아닌 본편을 본 사람으로써 이 영화 정말별로입니다 예고편이 영화의 전부입니다스토리도 판타지액션이 아닌 서양배우가나온 중국영화 한편일뿐입니다중국영화스타일을좋아하시는분은 좋아하시겠으나 변반다를바없습니다 이번엔 고6수들이 벽타고오릅니다  
20170204,10,개봉날만 기다리고 있습니다  
20170204,10,예매 완료했습니다 ㅎㅎ기대되네요  
20170204,9,맷데이먼과 유덕화가 드디어 만났다?? 또한 스케일도 기대합니다ㅎㅎ  
20170204,10,배우와 감독 제작진의 삼위일체! 기대해봅니다  
20170204,10,예고편만 봐도 장예모 감독의 영상미와 색채가 인상적이네요  
20170204,10,믿고보는 맷데이먼 아닙니까? 형님 짱  
20170204,10,맷데이먼의 새로운 도전을 응원하며! 영화관으로!  
20170204,10,장예모 감독이라면 영웅같은 파급력을 다시 보여주리라 기대합니다  
20170204,9,아이맥스로도 나온다니!! 더 제대로 볼수 있겠군요..  
20170204,10,유투브에서 예고편 봤는데 예고만 봐도 몰입감 장난아니네요  
20170204,9,상영시간이 짧은것마저 아쉬울듯한 영화!  
20170204,10,영상미와 사운드가 웅장해보이네요. 기대해봅니다  
20170204,10,스케일이 기대되는 영화네요. 예매완료!  
20170204,10,외국에서 먼저 본 친구가 재밌다니 저도 보러갑니다ㅎㅎ  
20170204,9,티켓값이 절대 아깝지 않을 영화같네요  
20170204,10,예고편보고 서울에서도 보길 기대했는데 드디어 나오는구나!  
20170204,10,눈이 즐거운 오락영화로 이만한건 없을거 같다. 큰 스크린으로 봐야지  
20170204,10,놀라운 스케일을 보여줄거 같아서 기대가 커요  
20170204,10,저 출연진에 103분으로 되겠어?? 더 보고 싶을거 같은데  
20170204,9,"멧데이먼,유덕화! 미국과 중국의합작영화! 기대합니다!  "
20170204,10,월드워z 제작진과 데이먼? 큰스케일을 어떻게 소화를 했을지 ㅋㅋ 여기서도 엄청난 액션 보여주나요  
20170204,10,영웅 장예모 감독과 멧데이먼의 만남이라 생소하긴 하다.. 그래서 더 궁금하다  
20170204,9,헐 멧형님 이번에도 큰일 내셨네요? 판타지캐릭터의 주인공  
20170204,10,멧오빠가 나오는거라면 기대하고 봐도 되는거져?  
20170204,10,블록버스터 완전 좋아하는데 판타스틱 할듯  
20170204,10,데이먼의 변신은 끝이 없네! 역대급 스케일의 주연!  
20170204,10,제작진이 월드워즈팀이고 멧데이먼이 주인공이라 .. 어떤 그림이 나올지!!!  
20170204,5,예고편 보니 재미있을것 같아서 개봉하면 극장으로 달려갈려고 했는데..댓글 분위기는 망작? 느낌이라..우짜지?ㅜㅜ맷데이먼 팬이라 보고 싶은데..;; 단지 스펙타클과 음악정도인가? 고민되네~ 마스터는 시간이 안되서 못봤더니 망했던데..다행  
20170203,1,용돈 필요하면 차라리 광고를 찍지 대체 이게 무슨 짓인지 ㅠㅠ  
20170203,10,멧오빠가 나오는거라면 기대하고 봐도 되는거져?  
20170203,10,예고편 찾아서 봤는데 예고편만 봐도 대박 ㅋㅋ  
20170203,10,장예모 감독이 또 한번 대박을 터트리려나?!  
20170203,10,내가 좋아하는 사람들이 다 모였어 ㅠ_- 멧오빠부터 청설의 남주에.. 빠질수 없는 덕화님+_+  
20170203,10,"한중미 다 모였네 ㅋㅋ 멧데이먼, 유덕화, 루한이라.. 이 사람들을 한번에 볼 수 있다니!  "
20170203,10,길지 않은 런닝타임에 막판 30분 전투씬이 기대되는 1인 화려한 액션씬 기대해도 되나요?  
20170203,10,판타지 액션 블록버스터! 완전 개취인데 ㅋㅋ 근데 스토리보다는 영상이 더 멋질거 같음  
20170203,10,"비쥬얼은 진짜 멋있을듯, 중국 거대한 배경에 화려할거 같고  "
20170203,10,멧데이먼의 변신 기대되요~ 판타지 액션도 잘 소화하려나?!  
20170203,1,중국판 인디펜던스데이라는 소문이 있던데;; 흠  
20170203,2,대륙의마이클 베이  장예모가 스펙타클로 돌아온다.인 커밍~니들죽었쓰(웃음)  
20170202,4,진격의 거인의 스토리에 중화사상 만리장성을 적절하게 배합시킨 중국식 판타지 영화 그 이상도 이하도 아닐 것 같다.  
20170202,10,세상에서 가장쎈 무기라... 기대기대. 이제 2주 남았다!!! 음 하 하 하!!!  
20170202,1,댓글 분탕질 심각하네ㅋㅋㅋㅋ 진짜 알바라도 풀었나  
20170201,1,짱깨 미화 영화는 걸러도 된다  
20170201,10,외국에서 관람한 사람입니다. 재미있습니다.  
20170201,10,"독일에서는 이미 개봉해서 독일에서 봤는데요!기대안하시고 보면 진짜 재밌습니다!스릴있어요!확실한건 절대 투자한돈보다 아깝진 않을거같아요, 워낙 스케일도 크고 아무튼!  추천이에용!!잼잼  "
20170131,10,ㅋㅋㅋ그 엑소 통수친 애 나오네ㅋㅋㅋㅋ  
20170131,1,중국감독에 양키들이 나왔으면 볼것 같은데 중국배우가 나와 웬지 대국 위세 멫 중국선전용 같아서 싫다. 중국배경은 더욱싫고 멧 데이먼은 맘에 들지만...  
20170131,4,"멧 데이먼, 윌럼 데포를 이렇게 쓰다니....  폭망이네요  "
20170131,4,맷데이먼이 돈에 넘어갔어! 예고편에서 다 보여준 것 같은 기분.  
20170131,2,흉노족을 괴물로 표현한건가.... 뽕중 최고뽕이라 치는 중화사상이 핵심인 영화라니. 대륙의 눈 먼 자본들이 망치는 분야가 진짜 한두개가 아니구만;  
20170131,8,기대했다가 예고편이 전부 일까봐 겁나..  
20170131,1,예고편 보면서 생각나는건 너무 중화사상에 찌든 영화같음..만리장성을 배경으로  싸우는데 이건뭐 진짜 쳐들어오는 몬스터들을 예전 북방민족을 빗대어 표현한거 같고;;  
20170131,2,"맷데이먼이 나오는데, 보고싶다는 생각이 안드는 영화는 처음이다..  "
20170131,1,중국 현지에서 12월 달에 개봉했고 어찌저찌해서 보게 됐는데 정말 장이머우 감독은 죽었다는 평론가들의 악평이 딱 맞는 졸작입니다. 리뷰에 어떤 분이 중국판 인디펜던트데이라고 올리셨는데 그 표현이 딱 적절하네요. 맷 데이먼 필모에 큰 흠이 될 작품입니다  
20170131,8,과연 멧 데이먼의 완벽한 필모그래피에 흠이 될것인가  
20170131,5,여케 방어구가 방어력이 약해 보임.. 기본 방어구 인거 같은데 .. 레어 상급작이 방어구 급 필요 ~~츄릅~  
20170131,10,무한 저글링을 막는 만리벙커 속 이야기?  
20170131,6,"중국뽕 망작이 될 것인가, 희대의 명작이 될 것인가.  "
20170131,5,맷 데이먼 영화 이렇게 기대 안된 적 처음이야.  
20170131,7,엘더스크롤 아냐 이거?  
20170131,8,대박이냐 쪽박이냐 그것이 문제로다  
20170130,6,농담 안하고 예고편만 봤는데도 돈만 처부은 B급영화 느낌 난다. 멧 데이먼 이름값만 보고 보기에는 너무...  
20170130,1,클레멘타인을 헐리우드 영화로 포장한 영화네ㅋ사드로 우리나라 보복하는데 이런 중국 쓰레기를왜 배급사에서 수입한건지...짱깨영화 보지도 말자.  
20170129,10,한조 대기중 열자열자열자  
20170129,7,외국에서 Imax 로 봤는데 장면이나 사운드는 좋다.그러나 스토리는  완전 단순하고 중국 빠는 느낌이 많이 난다.그냥 시간 때우기 용으로는 볼만하다.스토리는 한줄로 요약 가능한 내용이다.  
20170129,1,중국판 디워가 나올 것 같다  
20170129,1,아무리알바여도너무한거아니냐ㅋㅋㅋ 진짜개망하겠는데 여기만 이러지 유튜브나 딴데가봐 다 비급영화취급  
20170129,2,왠지 북방민족들을 사악한 괴물로 표현한 영화 같단 생각이 드네요그저 그래픽 좋은 노잼 중뽕판타지 떡칠 영화...  
20170129,9,중국판 반지의제왕. 상영시간이 좀 짧은듯 해서 아쉽네요.필핀에서 5일전에 봤어요. 중국은 아직도 대규모의 엑스트라동원이 가능한듯. 앞으로 실사로 촬영하는 스펙터클영화는 중국만 가능할듯..  
20170128,7,나도 관심있는 영화지만 엥간히좀 빨아라 알바들아  
20170128,6,이 망작삘나는 불안감은 뭐지?  
20170128,3,양심적으로 이거 내용이... 초딩용이지...  
20170128,8,소름  방금 제이슨본 설 할인으로 보고 있었는데 이영화 뜨네 ㅋㅋ  
20170128,1,짱~!개들~요즘하는짓이 엿같아서~이런 쓰레기 영화 극혐이다  
20170128,1,짱개영화...멧데이먼얼굴로 돈좀 벌어볼려는구나  
20170127,10,루한을 영화관에서 그것도 한국에서 볼 수 있다니.. 기대돼ㅠㅠㅠ 루한 꼭 보러 갈게!!  
20170126,1,보지말라고 중국완다그룹이라고 거만한사람이 사장이야  
20170126,6,이상하게 이런영화 꼭 흥행못하던데.. 배우는 당연 괜찮은 a급 배우지만.. 짱개이영화라니.. 아무리 돈 갖다 발라도 재미는 없어보인다  
20170126,1,보지도 않았느데 10점 천지네...그래서 1점 준다  
20170126,4,예고편이 너~~무  재미없음  왠지 망작 느낌  맷 데이먼은 좋아하지마만ㅜㅜ  
20170126,6,대륙의 환타지스러블듯..먼60년이란 숫자는 왠지 낯설다..  
20170125,3,황사 황사 황사머니 황사하쎄용  
20170125,1,좋아하는 맷데이먼이지만 반중류가 되겠다  
20170125,4,"알바들 너무 풀어놓은거 아니니? 아무리 감독, 배우빨 이라지만,, 이 영화는 망삘이 다분함..  "
20170125,6,항상.. 합작품이나 동.서양 짬뽕은 작품성이 떨어지던데....그래도 멧데먼 때문에 볼건데 제발 재미있길~  
20170125,10,한조픽이 늘어나는 소리.  
20170125,10,일단 10점주고 보러갑니다.  
20170125,1,댓글 조작이 장난이 아닌 것 같은데..  
20170125,8,"맷데이먼의 새로운 도전인데요, 과감한 결정 했네요. 장예모 감독 믿고 한 거 같은데, 과연 [영웅]과 같은 파급력을 가진 영화일지 기대가 되지만, 예고편을 봐서는 딱히... 갠적으로 맷더이먼이랑 정적인 장르 했으면 좋았을 뻔 흑  "
20170123,10,믿고 보는 맷 데이먼 사랑해요♥  
20170123,10,최고의 영화 추천합니다  
20170118,6,망작의 냄새가 스멀스멀 나는데....  
20170118,1,좋다는 평가가 워낙 많아서 방금 전에 보고 왔는데..(저는 해외 거주)... 진심 진행이 너무 느리고 초딩님들도 보면 딱 알 수 있는 컴퓨터 그래픽.. 중간에 졸다가 사운드 때문에 깨긴 합니다..  
20170117,1,중국영화라 일단 거릅니다.. :)  
20170116,1,예고편을보니 중국산 핵폐기물 쓰레기수준이네요 CG보고 식겁함 ^^ 불법체류중인 중국인들 및 조선족들이 좋아할듯 ^^  
20170115,1,한심한 한족 짱개들에  비러먹을 저질 허새와 거기에 매수된 맷데이먼  
20170115,1,다알바들인가요 중국에서 미리봤는데 진심 30분 보고 계속잤어요  망작  
20170114,9,해외에서 먼저 개봉해서 봤습니다.적극 추천합니다.장이모 감독의 영상미와 칼라가 인상에 남네요  
20170114,1,할리우드에 중국이 만나면 어떤 처참한 결과가 나오는지 그 교훈을 제대로 알려주는... 맷 데이먼 필모그래피에 아주 치명적일 듯 싶다  
20170113,10,오랜만에 보는 멧데이먼인데 본시리즈가 아니라니!  
20170113,10,"배우,감독,제작진 다 좋구요! 기대해봅니다.  "
20170113,10,멧데이먼과 유덕화의 만남? ㅎㅎ 이제 영화스케일이 점점 커진다  
20170113,10,역사를 곁들인 액션 판타지 블록버스터? ㅋㅋ 중국스럽지만 또 그래서 더 기대가 된다. 게다가 멧데이먼이라니  
20170113,10,중국에서는 3D로도 나왔다던데 ㅋㅋ 한국은 안하나요  
20170113,10,영웅 진짜 멋있게 봤는데 이번에도 기대해봅니다  
20170113,10,유투브가서 9분짜리 예고편 봤는데 예고편만 봐도 몰입도 쩔어  
20170113,10,인터스텔라 만든 제작사가 참여..? 그냥 보면 되는건가요  
20170113,10,아이맥스로도 나온다니 ㅋㅋ 아이맥스로 봐야 더 제대로 빠질 수 있을듯!  
20170113,10,예고편 보는데 멧데이먼 목소리 나오는 순간 소름..ㄷㄷ  
20170113,10,믿고보는 액션배우 멧오빠~!!  
20170113,10,영웅의 장이머우 감독? 이번에는 어떤 대작을 만들었을지 ..  
20170113,10,방학때 꼭 보러가야지 ㅋㅋ 재밌을 느낌 ㅋㅋ  
20170113,10,예고편 보니까 중국판 반지의제왕 느낌도 나고  
20170113,10,중국배경에 멧데이먼이 활 쏘고 있으니 뭔가 색다름 ㅋㅋ  
20170113,10,올해 첫 블럭버스터인가요? 뭐 날라다니고 터지고 난리났네  
20170113,10,이런건 크게크게 봐야지 아이맥스 각  
20170113,10,낯익은 얼굴이 있다 했더니 청설 남주였구나 ㅋㅋ 대박 ㅋㅋ 액션도 하네?  
20170113,10,대박 월드워즈 제작진과 멧데이먼이 만났으면 뭐 말이 필요한가 꼭 봐야지  
20170113,10,월드워즈도 진짜 잘 봤는데 ㅋㅋ 이번에는 또 얼마나 대박일지  
20170113,10,예고편만 봐도 월드워즈 제작진이 또 미쳤다는걸 알 수 있다  
20170113,10,월드워즈 제작진? 스케일 장난 아니겠네  
20170112,10,어마어마하네ㅋ 역대급 대작나오나 맷데이먼까지  
20170112,10,과연 멧데이먼의 변신이 성공할지 기대가 된다  
20170112,10,멧데이먼의 새로운 영화라는 사실만으로도 관심이 갑니다!  
20170112,10,본시리즈에서 과묵했던 멧데이먼이 과연 어떻게 변했을지 ㅋㅋ  
20170112,10,활을 쏘는 전사로 변신한 멧데이먼이라 .. 새롭습니다!  
20170112,10,유덕화행님도 나오네요? 어마어마하네  
20170112,10,청설 남주도 나오네? 반가워라 ㅋㅋ  
20170112,10,확 달라진 멧데이먼의 모습을 볼 수 있을 것 같다!  
20170112,10,활을 든 멧데이먼이라니~ 이번에는 어떤 액션과 연기를 보여줄지 기대되네요 ^^  
20170112,10,본시리즈를 드디어 벗어난 액션영화인가?!  
20170112,10,멧데이먼 나오는거라면 봐야지 ㅋㅋ  
20170112,10,증말 보고싶다~ 예고편만 봐도 너무 궁금하다  
20170112,10,감독이 월드워Z만든감독에다가 제작진 엄청나다 새해에 역시 큰영화 많이나오네  
20170112,10,믿고 보는 멧데이먼영화~ 이번에도 실망없이 볼만할듯  
20170112,10,무슨 스케일이 이리큼.. 초대형 영화탄생인가  
20170112,10,12세 관람가용 좋다~ 가족들하고 다 볼수 있겟네요~  
20170112,10,예고편만 봐도 박진감 쩐다~ 돈안아까울듯  
20170112,10,3D도 나오겠죠? 이거 너무보고 싶은 포스영화인데  
20170112,10,와우 멧데이먼이다! 오랬만에 제대로 된 영화가 나왔다  
20170112,10,월드워z 감독과 멧데이먼이다 -0- 엄청난 제작비가 들었을거 같은데?  
20170112,10,아이맥스로 보면 진쫘 죽이겠네요~ 빨리 개봉바래요  
20170112,10,이런 쩌는 스케일은 정말 오랬만인데.. 스케일 오지고 멧데이먼 완죤 기대  
20170112,10,"시각적으로 보나 감독, 배우적으로 보나 분명한 볼거리는 충분할거로 예상되네요  "
20170112,10,장예모와 허리우드가 만났네요~ 너무 기대됩니다!!  
20170112,10,예고 진짜 죽이네요.. 마음사로잡힘요~  
20170112,10,월드워z 감독과 멧데이먼이다 -0- 엄청난 제작비가 들었을거 같은데?  
20170112,10,멧 데이먼의 새로운 액션이 이렇게 큰 스케일로다가~  
20170112,10,예고편 보는데 놀라움을 금치 못하는 ㅎ 죽인다  
20170112,10,반지의 제왕이상의 스케일이네.. 이런 초유의 전투씬은 무조건 아이맥스다  
20170112,10,정말 스케일큰 블록버스터로 보이는데? 멧데이먼이 주인공이라니 이건 꼭 봐야해  
20170111,5,장예모 감독의 망작으로 기록될 영화.. 그래도 멧데이먼 장예모 이름 값 땜시 5점이라도 준다  
20170111,10,"강력 추천요..스케일 영상미 ,음악 ,캐스팅 그리고 신선한 전투 방식 무조건 3D..  "
20170110,1,"중국에서 봤는데 노잼인데, 평균 너무 높아서 1 줄게요 평균 좀 낮춰야할듯  "
20170109,8,아이맥스 예고편에 나오더군요 한국에서 개봉하는 최초의 중국아이맥스영화가 될듯합니다  
20170109,10,스케일쩔어..!!ㅠㅠㅜ  
20170109,10,맷형~봐줘야죠~기대중인 1인  
20170109,10,완전 기대되네용!! 믿고보는 맷 데이먼!  
20170109,10,장예모 감독과 맷 데이먼&유덕화 까지!! 빨랑 개봉하길~완전 기대~~  
20170109,10,멧데이먼 좋아하는데 ㅠㅠ 기대된당  
20170109,10,거대한 스케일과 화려한 영상!! 굿굿 완전 기대 되네요 ㅎㅎ  
20170109,10,믿고보는 멧데이먼!! 무조건봅니다  
20170109,10,예고편 보니 끌리는데?  
20170109,10,오!! 장예모에다가 맷 데이먼이라니!! 간만에 볼만한 무협극이 나오는건가 !!  
20170109,10,무신 맷 데이먼!!! 역시 그는 액션을 해야... b  
20170109,10,뭔가 새로울 것 같다! 기대중  
20170109,10,맷이라면 그냥 본다 맷맷맷!  
20170109,10,이정도 사이즈라면 극장에서 봐야지  
20170109,10,맷데이먼도 기대되지만.. 현재 공개된 영상만 봐도 엄청난 스케일이 기대된다 !  
20170109,10,꿀 조합!! 역시 믿고 볼 수 있는 영화가 될 듯~  
20170109,10,맷데이먼이 나오는 영화는 무조건 봐야겠네요 ㅋㅋㅋㅋ  
20170109,10,그레이트월!! 내가 좋아하는 장르라 꼭 보고싶다  
20170109,10,맷 데이먼이라서 기대되네요 !! 빨리 나와라 ~  
20170109,10,장이머우 감독이면 믿고 봐야죠 정말 기대 됩니다!  
20170109,10,믿고보는 맷 데이먼 ㅎㅎ 이번에도 기대되네요  
20170109,10,맷 데이먼 나온다니 믿고 봐야하는 거 아님!!  
20170109,10,예고편 봤는데 ㅎㅎㅎㅎ 잼겠더만  
20170109,10,오 월드워Z 제작진!!!  
20170109,10,스케일 쩔것 같아서 기대하고 있는 영화  
20170109,10,예고편 봤는데 스케일 커보임.. 평도 좋아뵈고. 기대  
20170108,10,배우진들이 훌륭해서 정말 기대되는 영화입니다 화이팅!:)  
20170108,1,"중국 와이어 액션이 넘나 어색한것~~망삘난다,ㅡㅡ멧데이먼이 이딴 영화에 나오다니.ㅡㅡ 그리고 알바들 왜이리 많냐 ㅋㅋㅋ 10점짜리 평들이 다 반응이 똑같에~~알바도 쫌 짱구좀 돌아가는 애들로 뽑아서 써라 ㅋㅋ  "
20170107,8,여긴 해외라 이미 봤는데 애들 데리고 킬링 타임용으로 딱.. 들인 돈에 비해선 대사나 구성이 아쉬움..  
20170107,5,미국배우과 중국배우작품을 제작하면 개봉영화시 뭐 나약하게 안재미있지 않나 그런 고민이 될텐데…  
20170106,6,우리나라 개봉 진짜 늦네.. 중국판 총 없는  스타쉽트루퍼스..   전개 줄거리 너무 똑같네.. 저글링..  
20170106,2,태국에서 이번에 개봉해서 봤는데 호러블입니다. 중국이 투자하는 영화는 보면 안된다는 걸 다시금 깨달았습니다. 그래픽은 괜찮은데 스토리나 대사가 딱 아이들을 위한 영화...  
20170104,10,중국에서 아이맥스로 이미 관람한 사람입니다! 생각했던것보다 훨씬 웅장하고 스토리도 재밌어요! 밑에 루한이 애매하느니 하시는분들이 계시는데 루한 영화에서 주인공 살리는 꽤나 중요한역할입니다 기대하셔도 좋을것같습니다!  
20170102,10,재미로 보기에는 괜찮은 영화!  
20170101,10,중국서 보고 글써요 진짜 이거가 중국영화???? 와소리만나옴  
20170101,10,중국에서 이미 봤는데 꿀잼임. 소름쫙쫙돋고 졸라 멋짐 ... 꼭보셈 . 뻥아니고 존잼  
20170101,2,ㅜ휴 맷데이먼.. 왜여기나온거지.. 전체적으로 지루함 전투신은 조금볼만함 비추  
20161231,4,중국에서 봤는데 마지막 엔딩 크레딧 올라가고 장이모우 라고 뜨고나서야 감독 장예모인줄....그냥 스케일 큰 킬링타임용 영화임  
20161231,9,"갈수록 힘이 떨어지는 부분이 있긴 하지만 풍부한 볼거리, 괴물을 막기 위한 뛰어난 창의력, 엄청난 전투씬, 나쁘지 않은 스토리 등등 여러모로 두마리 토끼를 다 잡았다고 말하고 싶다. 목숨바쳐 지키려는 사람들의 모습은 어느나라든지 감동이네요  "
20161230,1,"대만에서 어제 개봉했길래 봤는데 아....,  한국에서 개봉 안한게 천만다행입니다. 한국분들은 좋은 영화보며 꽃길만 걸으세요  "
20161229,8,지금  중국영화관에서  보고나옴. 내용은 그렇게 탄탄한건 아니지만 전투씬이 멋있음. 장군들 하나하나가 멋있음. 그런데  스토리가 약하긴함.평일에 보는데 4사람 있음. 중국네트즌들은  이게 뭐냐고 욕을함  
20161228,8,어제 중국에 있을때 봤습니다장성에서 싸움은 신선하고 스케일이 컸습니다  
20161225,10,왕준개오빠 보러갑니다 너무 기대되네요!  
20161225,1,중국에서 지금 보고있는데 내용도없고 감동도없고 졸려죽겠네요ㅡㅡ 별한개도아깝다  
20161225,8,나름 볼만해요 생각없이보기에 괜찮아요  
20161225,8,중국에서 봤는데 그냥 그럭저럭  
20161223,7,"멧 데이먼, 최고인데, 만리장성?괴물?쫌 뜬금포네..  "
20161223,1,요즘 중국 자본 으로 만든 영화는 절대 보는거 아님 저인간들은  중화사상에서 벗어나야 비롯서 예전의 홍콩 영화의 르네상스 시대로 돌아감 돈이면 다되는줄 아나봄...짱깨수준 ㄷㄷ해  
20161222,10,중국 시안에 거주하는 사람인데요 여자친구가 중국인이여서 오늘 보고왔는데 진짜 액션은 죽입니다 스토리가 제가 잘 못알아먹어서 그런지 몰라도 아주 조금 아쉽긴 햇지만 ㅜ액션은 진짜 최고입니다  
20161221,10,스케일은 큰 거 겉은데 103분?  
20161219,1,아니 아시아 명감독이 화이트 워싱이라니  
20161218,10,중국 역사상 쵀대 제작비로 제작되서 기대가 안됄수가없음더군다나 유명한 배우들도 많이나오고중국에서는 지금 개봉했다는데 한국에도 빨리개봉하길  
20161217,8,돈 많이 썼다는데 cg 가 많이 아쉽다  
20161212,10,중국에서 어느정도의 기록을 만들까?  
20161115,10,캐스팅이 일단 기대가 되는 작품이에요루한 짜요  
20161113,10,꼭 한국에서도 개봉 하길!!!!  
20161102,1,만리장성에  환타지는   아닌듯  
20161027,2,오글거린다... 씬들이....  
20161027,10,멧데이먼은 새로운 도전을 많이 하는 느낌 ! 믿고 보는 배우인 만큼 기대해봐야징~~~  
20161027,10,믿고 보는 맷 데이먼!!  
20161027,10,맷 데이먼이 선택한 영화~~~말 다한거임 ㅎㅎㅎ  
20161027,10,장이머우 감독이 이렇게 까일 감독은 아닌데..앞으로도 헐리우드와 중국자본의 콜라보레이션은 피할 수 없는 숙명이라는 걸 알게되실 겁니다.  저는 장이머우와 맷 데이먼의 조합이 신선함을 제공해주리라 기대 합니다!  
20161027,10,멧 데이먼이 선택한 영화니깐 아닥하고 보면 되겠지  
20161027,10,맷데이먼이....갑이지..b.b  
20161027,10,맷 뎀ㅜㅜ 맷 데이먼의 출연소식 그 자체만으로도 기대감 뿜뿜  
20161027,10,"뭔가 새롭다! 모 아니면 도일듯 한데... 맷 데이먼, 장예모 감독이니 믿어보는걸로-  "
20161027,10,맷데이먼 요즘 일열 하네~!! 본 시리즈에 이어서 기대되는데...  
20161027,10,일단 개봉 하고 얘기하자.  
20161027,1,알바들이 벌써... 짱꼴라 쓰레기영화에 뜬금없이 서양인을 쓰는 개노답짱깨수준ㅋㅋ 역시 빡대가리들임. 맷데이먼은 뭐 돈 많이 벌어서 좋겠다  
20161026,1,내가 아무리 본시리즈의 광팬이지만 이건 진짜 아니다.맷데이먼형 왜하필 짱깨영화를!! 돈이 전부는 아니자나요!  
20161026,1,10점짜리 글은 죄다 내용이 비슷비슷한데 알바있나  
20161026,1,이 영화 10점 주는 놈들은... 짱깨인가... 서융 동이 북적 남만이라 하며 중국이 세상의 중심이고 나머지는 다 오랑캐라 칭하던 구식 사상의 산물이구먼...  
20161026,10,덕화형이랑 맷이라.. 과연 어떤 조합일지 궁금하네  
20161026,10,장예모 감독 작품은 꼭 본다!!완전 기대중  
20161026,10,대박! 맷데이먼과 유덕화라니!!  
20161026,7,저 괴물 이름이 고구려임  
20161026,10,이 영화 개봉하면 애들 한조만 하려나;;  
20161026,1,돈된다고 아무거나 만들지 맙시다..진짜ㅜㅜ  
20161026,10,믿고 보는 맷데이먼!  장예모랑 꿀조합 기대됨  
20161026,2,맷 데이먼의  가장 큰 실수작이 될 것같다. CG가..용가리인 줄  알았다  
20161026,1,"붉은 수수밭을 만들었던 장예모, 정말 썩었구나  "
20161026,1,짱깨머니..토할거 같다 ㅠㅠ  
20161026,1,"아..아수라냄새가 난다....맥 데이먼 어쩔,...ㅠㅠ  "
20161026,10,맷 데이먼의 새로운 액션이당!!! 장예모의 영상미와 어떤 시너지를 발휘할지 기대됩니다!  
20161026,5,도대체 왜 중국역사배경영화에 서양인이 나오는가는 궁금하지도 알고싶지도 않지만 맷 데이먼의 선구안을 믿기에 5점이라도 준다...주연배우와 영화제목이 이렇게 매칭안되는건 처음이야...  
20161026,1,중국을 미화하는 영화. 짱깨는 무조건 아웃.  
20161026,10,"<스포 주의!!!>사실은 이게 인셉션 후속작이나 프롤로그 일지도 모른다고요... 보는 내내 미스터 코브가 기다려질 것 같아요..마지막 장면에서 죽기직전에!! 깹니다!!"" What the...!!!!  Oh..It Just dream...""  "
20161026,7,맷 형이 중국 여행하고 싶어서 선택한 듯...본 시리즈 마감하면서...  
20161011,6,유튜브에서 한반지 예고편 보니까 중국 배경에 대사는 영어이던데... 47 로닌 같은 똥망작만 안됬으면 합니다. 제발...  
20161010,1,예고편이 미국 유튜브 순위권에 올라 와 있는데 미국애들 반응도 시원찮음  
20161003,10,엄청 기대된다 ~~ 우아  
20161002,1,만리장성은 중국의 수치일뿐이다. 전혀 통하지도 않는 방법인 북방민족을 장성으로 막으려한 멍청함의 표본 ㅉㅉ  
20160930,10,화려한 배우진과 감독. 그중에  맷데이먼 젤멋짐♡ 이영화 빨리 보고싶다. 언제 개봉하지?  
20160928,10,루한 맷데이먼♥♥♥ 장예모라니!  
20160928,10,감독이 장예모고 월드스타 맷데이먼이 나오는데 당연 한국 개봉하겠죠?? 루한도 기대된다  
20160911,10,"장예모 감독! 두 말 할 것도 없다. 맷 데이먼, 유덕화, 더불어 최근 중국에서 좋은 연기로 호평을 받으며 인기몰이 중인 루한까지 정말 기대된다. 예고편을 봤는데 스케일이 어마어마. 맷 데이먼의 연기를 어서 보고 싶네요.  "
20160910,10,루한이 나온다니 기대된다 ㅠㅠㅠㅠ근데 여기서 루한 까는 댓 뭐지?? 그렇게 배아파??? 맷데이먼이 루한 인성 칭찬하고 대스타라고 말한거 알면 아주 배가 찢어지겠네 못 믿겠으면 직접 보든가 https://youtu.be/paPV3Sd6hrQ  
20160903,10,"유덕화,맷데이먼.장예모...기대됩니다ㅎㅎ  "
20160731,1,왜 이딴 영화에 출연하시나 데이먼 형  
20160731,6,무슨 내용이길래 만리장성 짓는 이야기에 맷 데이먼이 나오나? 감이 안 온다  
20160630,1,저 어마어마한 배우들 사이에 루한은 왜있는거임?  
20160330,10,맷 데이먼!!♡ 빨리 개봉해주세요 현기증 난단 말이에요  
20151109,10,멧데이먼... 나를 살게하는..♡  
20151025,9,맷데이먼 사랑한다 루한만없엇으면 10점을줫을텐데 한국배신하고 쭝국갓냐 쭝국  
20151017,10,아악!!!어린황제 우리 쥔카이가 하는 영화라니빨리 개봉 되라 ㅠㅠ 제발 쥔카이!♥♥♥?  
20150930,10,왕준개가나오는영화라니ㅜㅜㅜ쥔카이파이팅!TFBOYS진심흥해라ㅜㅜ  
20150803,10,완전기대~> <최초로 보고싶다고 기대되는 영화~  
20150803,10,꼭볼꺼예요~~!!!  루한 짜요~~!!!  
20150729,8,한국배신하고 중국으로 도망간 전 엑소 짱꼴라 놈이 껴있네 ㅋㅋㅋ 탈퇴할만하네 ㅋㅋ  
20150723,10,ㅋㅋ OO 멧 데이먼 루한 ㅋㅋ.  
20150712,10,한아..♥♥ 꼭 봐야지  
20150712,10,어떨지 궁금하네요..  
20150712,10,한마디로 무척이나 기대되는 영화..  
20150712,10,빨리 보고 싶습니다~맷&루한  
20150712,10,장예모와 헐리우드 합작이라니 기대가 안 될 수가 없네요! 게다가 맷데이먼과 유덕화... 꼭 한국 개봉하길!  
20150627,1,"진심으로 존경했던 배우 맷데이먼이 본시리즈,굿윌헌팅,라이언일병같은 명작이아닌 자꾸 b급영화에만 나타난다..진짜 솔직히 캐스팅도 그렇고 이건아니다..개인적으로 이영화 안나왔으면..  "
20150615,5,유덕화보소 이 영화 지렸다했는데 루한??? 애매하다..  
20150404,10,"화려한 배우진과 거대한 스케일, 그리고 장예모 감독의 멋진 영상미가 무척 기대되는 영화.  "
20150402,1,글쎄?? 음음음ㅎㅎㅎ  
20150311,10,기대기대~ ㅎㅎ 한국에도 개봉하겠죠?  
20150117,10,장예모감독과 맷데이먼이라니!  
20150108,10,맷 데이먼 나의 제이슨 본  
20141227,7,중국 역사상 최대 제작비로 제작되는 영화중하나  
