0,1,2
20170208,10,시사회 보고옴 그냥 짱임  
20170208,10,모든출연진들의연기 감명깊게봤습니다  
20170208,10,나무 재밌어요!! 역시 지창욱 배우님 연기 최고!! 또 보러 갈거에요~~ㅎㅎ  
20170208,10,진짜 관객들 숨쉴틈 안주는 영화입니다. 너무재밌어서 여운이 계속 남네요. ㅠㅠ 강추입니다 이런평점도첨써봐요 넘넘재밌어요  
20170208,10,방금 시사회 보고왔는데 정말 긴장감넘쳤고 마지막 사이다까지 완벽한 영화였습니다! 추천합니다~  
20170208,10,시사회보고 왔어요!!!영화는 후회없는 선택이 될것입니다.짱 재미있어요~~  
20170208,10,시사회보고 지금 나왔는데 이영화 완전 재밌네요~출연하시는 모든배우분들의 훌륭한연기 짱짱짱과 빠른전개..깨알같은 재미..반전까지~~~너무잘봤습니다~~~낼 개봉인데 대박날듯싶어요~  
20170208,10,완전 재밌는 영화!! 긴장감도 최고 액션도 스릴넘치는 영화였어요 굿굿  
20170208,7,시사회 보고 왔습니다. 감독님의 판타지가 가득 담긴 액션 영화라는게 보는 내내 느껴졌어요. 비현실적인 장면들도 있었지만 웃으면서 보고 나왔네요. 흥하세요!:)  
20170208,10,재밌어요!감독님이 헐리웃 영화  마니 보신듯요즘같은때 통쾌한 영화입니다  
20170208,10,이거 꼭 보셈 영화 잘 만들었다 진짜 잘보고나옴ㅋㅋㅋㅋ긴장감 최고. 연기 다들 잘하고 !!!! 그리고 진짜 웃기고 재밌기도함ㅋㅋㅋ  
20170208,10,시사회 대박..볼거리..반전스토리..통쾌함까지 만족합니다..  
20170208,10,진짜 처음 시작할때 외국 액션영화같고... 그뒤는 좀 막 화가 나지만 마지막 진짜 와ㅠㅠㅠ 핵꿀잼 짱재밌어요!!  
20170208,8,예상가능한 전개이지만 요소요소 웃을수도 있고 끝까지 지루하지 않았어요. 주인공이 못하는게 없는 만능이라서 약간 오글거리지만 연기가 오글거리진 않아요. 영화를 보면 중간중간 지루해서 엉덩이를 들썩이는 울아들이 첨부터 끝까지 집중해서 봤어요.  
20170208,10,오랜만에 괜찮은 영화를 만났다  
20170208,10,믿고보는 지창욱!!!!액션도 전문가 수준에 스토리도 좋고 모든게 최고지루할틈 없이 중간에 재미도있고 또 보러갈꺼임  
20170208,8,"속도감있는 진행 부족하지않은 물량공세의 잘 짜여진 오락액션. 시사회 잘 봤어요,!  "
20170208,10,완죤 스릴있고 유쾌 상쾌 통쾌 3가지를 모두 갖춘 영화인거 같아요짱~ 재미 추천할만한 영화에요~^^  
20170208,10,지창욱의 액션은 사랑입니다!!!  
20170208,10,오락영화로 재밌게 볼 수 있고 마지막엔 희열도 느낄 수 있는!!  
20170208,1,우리나라는 이런물의 영화를 만들면 안된다...  
20170208,10,평론평점 왜저럼? 재밌기만 해봐!!  
20170208,10,시간가는줄 모르고 빠져서 보고왔네요 ㅋㅋ  
20170208,8,시사회에서 봤는데 영화 시작부터 끝까지 정말 한순간도 눈을 뗄 수 없을 만큼 몰입도가 좋았어요! 특히 배우 오정세님의 연기가 인상적이에요 :)  
20170208,10,짱잼입니다ㅎㅎㅎㅎ지창욱 짱  
20170208,8,"두손을 모으고 그들을 응원하고있는 날 보게된다. 개연성 따질거면 다큐봐라. 신나는 게임한판 하고나온이기고나온 느낌이다. 극장문을 나서는 내 등뒤에서""넌 썩은 나무가 아니야""라고 토닥거려준다. 고맙다  "
20170208,10,화끈한 스토리와 액션 두말 필요없어요  
20170208,10,후반부로 갈수록 더 볼만해지는것 같다 조작된 도시 대박!!  
20170208,10,형광색의 쌀알이 흩뿌려지는 그 장면은 정말 한국 영화에서 볼 수 없었던 기발한 장면이라고 생각됨 ㅎㅎ 역시 박광현 감독님 ㅋㅋ 전작 팝콘 비 부터 알아봄  
20170208,8,개연성은매우떨어질수있으나액션도너무좋았고 중간중간나오는 웃음포인트도너무좋았습니다~~  
20170208,9,일단 너무 재밌습니다 초반 전투씬도 대박  
20170208,7,맨인더다크 장님 아저씨의 주식이 쌀밥이 아니어서 다행이다 싶었다.  
20170208,1,줄거리만 읽어봐도 1998년쯤 만들어졌을 법 한 촌시러움  
20170208,10,짜릿하게 즐길만한 액션 영화로 추천해요  
20170208,10,스펙타클한 액션으로 찾아온 조작된 도시 역시 기대 이상  
20170208,10,기자들이 평점이 낮은거는 꼭 재밌드라  
20170208,10,시사회  통해서 개봉전 봤는데  중간중간 오글거리는 씬이 좀 있지만 매우매우 스피디해서 재밌게 본~!! 약간 심파로 빠지거나 할수 있는 부분에서 바로 웃음포인트가 있는 씬으로 넘어가구 ㅋㅋ 마지막엔 사이다! 배우들은 주조연 할것이 없이 모두 연기 잘한  
20170208,1,핵노잼..개연성없고 현실감없고  
20170208,9,예고가 다가아님!! 예고보다 훨씬흥미롭고 재밌고 쫄깃하고..본편보고나니 예고가 쫌 아쉽더라는...이런영화가 한국영화라니 좀 놀라웠어요!!이영화 강추입니다!!  
20170208,10,지창욱에 심은경이라니 무조건 사수할 영화 아닌가요? 재밌었어요  
20170208,9,이 영화의 소름포인트는  오정세님의 연기력인듯  
20170208,1,예고편 드론에서 미사일 쏘는거보고 뿜었네 거른다.  
20170208,10,화려한 액션에 눈을 뗄 수 없었다ㅜㅜ스토리도 재밌고 진짜 시간가는줄 모르고 봄  
20170208,10,지창욱이라면 무조건 좋아요  
20170208,9,"생각보다 몰입하며 볼수 있었고,신선한 소재에 참신한 스크린에 재미있었다. 다소 잔인한것도 있었지만.. 요즘 시대에 걸맞는 이야기이고, 조연들이 웃음포인트들이 있어서 유쾌하게 볼수 있었다. 혹평은 신경쓰지 마세요~!! 다들 괜찮았음. 보시면 알게됨~  "
20170208,8,스타일리쉬한 지창욱의 액션에 압도당했다 ㅋㅋ  
20170208,10,스크린 압도하는게 장난아니네 지창욱과 심은경 케미 죽임  
20170208,8,"댓에 알바니 조작이니 글쓰는 사람들은 뭐냐..본인이 존잼이면 그런거고 노잼이면 그냥 평쓰면되지..영화가 다 취향이란게 있는데 자기랑 다르다고 조작,알바라니..꼭 평점테러하는것들이 영화마다 찾아다니며 댓알바운운하더라..그거야말로 조작이아닌가?..  "
20170208,9,마블영화 좋아하면 존잼임  
20170208,7,손익분기가 300만이라던데 흥행하려나...  
20170208,9,기대 이상이었어요 한달전부터 기다린 영환데 시사회 당첨되서 봤어요 ㅎ 이정도면 개봉후에 돈주고 봐도 만족스러웠을것 같아요  
20170208,5,"어제 건대 롯시에서 "" 조작된 도시 "" 영화 시사회 참석해서 관람을 했습니다. 스포일러는 한국에서도 오락액션이 기대 이상으로 괜찮아보였는데.... 저는  soso  감독의 노력도 많이 볼 수 있었고 그래도 아직은 미흡한 부분이 없지않아 있었습니다  "
20170208,1,인성 바닥인 지창욱 나와서 기대가 안갑니다.  
20170208,7,개연성1도없지만 스트레스풀고옴 뿌셔뿌셔  
20170208,5,댓글들이 너무 댓글알바가 적은거처럼 적혀잇네  
20170208,9,(월요일왕십리CGV(8시)관람)우려와는 달리 액션영화로써의 미덕을충분히(오히려 과함^^) 가지고있어서 긴런닝타임인데도 전혀 지루함없이 잘보았네요^^  
20170208,10,"운좋게 위메프 관람권 이벤트에 당첨되서 엊저녁 보고왔어요. 너무너무 재미있었어요. 최근에 ""공조""도 봤었는데 그보다 훨씬 더 좋았어요.지창욱이란 배우를 다시 보게 된 영화입니다.강추~^^  "
20170208,9,"말이 안되는 부분이야 있지만. 말이되면 영화가 아니지 않은가 다큐지. 기대했던 만큼의 알찬 스케일과 볼거리가 가득하다. 꼭 극장에서 보길 추천한다. 현실에 던지는 한마디의 의미도 크다. ""그 나무는 썩지 않았다"" 공감합니다.  "
20170208,7,어제 시사회로 영화 보고 왔습니다. 개연성도 현실성도 없어 어찌보면 좀 뻔한 내용이지만 배우들의 캐릭터 궁합도와 신선함은 높았습니다. 나름 박진감 있어 스트레스도 풀리는 것 같구요. 생각 없이 보기 좋은 오락영화였습니다.  
20170208,10,이 감독이 또 해낸듯! 완전 웃고 즐기다 나옴! 루저 만세!  
20170208,1,별루에요  뭔가 좀...  
20170208,4,시사회 처음가봤는데 글도 댓글도 전부 알바...  
20170208,5,지창욱이 아니라 변요한 이였다면? 아마 덜 조잡했을듯  
20170208,9,"시사회보고왔는데 기대보다 백배 재밌었고.. 배우들의 연기 엄지척이에요 특히 지창욱 액션 간지 짱짱,오정세ㄷㄷㄷ 근데 평론가 평점 너무 짠거 아닌가요 ㅋㅋ만화적인 요소가 많은 이런 부류의 영화에서 개연성을 따지는게 좀 이해안가네요  "
20170208,10,정말 재밌게 잘 봤습니다~! 배우들 연기가 워후~~  
20170208,1,이런류의 할리웃 액션영화도 봐줄까 말까한데 한국 영화라...  
20170208,10,배우들의 연기와 짜임있는 스토리와 끝날 때까지 계속되는 액션이 화려한 영화였다  
20170208,7,이 영화만든지는 1년전인데 지창욱 k2빨이 어디까지갈지 ㅋㅋ 개봉을 늦춘 신의한수를보여줄것인가  
20170208,1,내가 이 영화를 보게 된 상황들이 제발  조작되었길 바라는 생각이 들거다.  
20170208,10,이번에도 여지없이 전문가들의 참패!! 대중영화란것이 재밌는것보다 중요한게 없는데~~  
20170208,1,조작된 도시? 조잡한 도시!  
20170208,10,시사회 보고왔는데 이건 천만영화다 진짜 짱이다액션 감동 스토리 반전 모두있음 코믹까지  
20170207,8,시사회 당첨되서 보고 왔는데 생각보다 잘 나와서 좋았네요 액션만큼은 최고입니다  
20170207,10,스릴 짱짱! 재밌었어요!  
20170207,10,진짜 진짜 너무재밌습니다ㅠㅠㅠㅠ시사회가서 봤는데 지창욱 원래 액션연기잘하지만 진짜 너무잘해요ㅠㅠㅜ 대박배우 진짜 천만 찍을것같은 영화에요  덕분에 진짜 잘봤습니다ㅠㅠㅠ  
20170207,10,진짜 너무 재밌고 내 인생영화 top3안에 듬!!!!지창욱 액션연기 완전 멋잇고 쩔었고 정말 너무너무 잘생김!!!!ㅋㅋ사람들 마지막에 다들 감탄함!!! 레알 꼭 보세요♡♡♡♡  
20170207,10,뻔한 얘기지만 정말 재밌음  
20170207,8,VIP시사회로미리봤는데포스터랑제목보고 엥노잼이겠군했는데....생각보다빵터지는부분많았고출연진참좋았음.재밌었음.진짜  
20170207,10,오늘 8시에 건대롯데시네마에서 시사회로 봤는데 진짜 너무 재미있어요!! 저 평점한번도 안남겨봤는데 처음으로 남겨봐요 정말 이만큼 재미있습니다! 출연하시는 모든배우분들도 장난없구요 퀄리티도 장난없습니다 ㅠ 추천해요!  
20170207,10,CGV VIP시사회 관람배우분들 연기력.스토리 좋아요.기대이상!후반으로갈수록!!더욱 흥미진진  
20170207,10,시간가는줄 모르게 긴장하며 몰입해서 잘 봤습니다! 최선을 다한 출연배우들 완전 짱!!  
20170207,10,"우와~ 방금 시사회로 봤는데 기대이상으로 재밌네!! 지창욱 넘 잘함~ 액션 시원시원하고, 웃음도 빵빵하고, 새로웠다~ 소름돋는 악역도 잘했고ㅋㅋ  "
20170207,9,시사회로봤는데 시간가는줄 몰랐던 몰입도 엄청난 영화!!!유머적인요소도 적당히 가미되있구 지창욱의 액션은 퍼펙깔끔한 결말까지 퍼펙그렇지만 살짝 허구적인요소들이 좀 많?아서 만점은 아니지만... 연기는 모두퍼펙!!!!  
20170207,2,.... 인생에 한번 물러서야할 때가 있다면 바로 지금입니다 여러분...  
20170207,10,지금 막 시사회로 보고왔어요~ 한국영화보면서 이렇게 통쾌하게 속 쉬원하게 본건 처음이예요~ 진짜 너무너무 재미있네요!! 와 진짜 속이 다 후련하네요!! 최고예요!!^^ 기대없이 보기시작했는데 이렇게 재미있을줄은~ 기대하고 보셔도 절대 후회없을 정도!!  
20170207,10, 역시 믿고 보는 지창욱 배우님!!^^무대인사 시사회 다녀왔는데 역시 재미있고 예측못했던 스토리라 더욱 흥미진진했습니다배우님들 모두 정말 수고하신게 티가나구요너무 행복했던 시사회 였습니다 꼭보세요조작된도시 대박납시당!!!꼭보세요꼭보세요! 두번보세요  
20170207,9,시사회 보고 왔는데 생각했던 것보다 너무 재밌어요ㅠㅠㅠㅠ마지막에 터지는 사이다 ㅠㅠㅠㅠ!!!! 진짜 재밌게 보고왔어요 ♡  
20170207,10,시사회 보고왔는데 진짜 꿀잼!!!!지창욱 마지막에 광고인줄ㅋㅋ  
20170207,9,지창욱 넘 멋있게 나오고 생각한것보다 재밌더라 ㅋ  
20170207,8,와 조작된도시 드디어 개봉하는구나;;  
20170207,10,개꿀잼 ㅋㅋㅋ 친구 덕에 시사로 보고 왔는데 내 돈주고 봐도 아깝지 않을 그런 영화였음  
20170207,10,드디어 우리 창욱오빠를 스크린으로 볼 수 있겠구나ㅜ  
20170207,1,연기.톤~늘지 않고 늘 똑같은 배우가 나오는군!보나마나 긋당! 연기력은 빼고 스토리만 느껴야겠군!조.주연이 바뀌겠당!  
20170207,10,조작된도시 진짜 추천하는 영화임 꼭 보시길  
20170207,10,배우 보러 갔다가 감독님의 작품에 놀라는 영화. 한국에서 이런 영화를 볼 수 있다는 사실에 즐거웠다.  
20170207,10,역시 박광현감독!! 앞으로도 다양한 장르의 영화들을 보여주셨으면 좋겠어요!!  
20170207,9,간만에 즐길만한 오락무비 탄생ㅎㅎㅎ  
20170207,10,아니 지창욱 너무 멋있는거 아니니..?  
20170207,10,호평이 많아서 기대중입니다~예고편에서 감각적인 영상들 정말 멋있구요~~!!범죄오락액션 영화 넘 좋아해서 개봉이 반갑습니다~~흥행예감!!  
20170207,10,좋은 영화 좋은 배우 감사합니다  
20170207,10,연기 연출 스토리 스릴 유머까지 뭐 하나 빠지는게 없다ㅠㅠ  
20170207,10,유쾌한 반전이 있는 오락 액션 영화  
20170207,9,시사회로 미리 보고 왔는데 개봉하면 한번 더 볼 생각ㅋㅋㅋ  
20170207,1,평론가들의 한줄평으로 대신합니다  
20170207,10,오락영화로 즐기기엔 딱임 시간 가는줄도 모르고 몰입할 수 밖에 없음  
20170207,10,기대되는 배우들의 케미~~!! 조작된 도시 꼭 극장사수 할게용~!  
20170207,10,시간 가는줄 모르고 관람.. 시사 반응도 좋고 개봉하면 반응 더 핫할듯  
20170207,10,예고부터 장난 아니던데 영화 자체는 더 장난 아니였어요 진짜 존잼입니다  
20170207,8,범죄 액션 영화ㅋㅋ재밌겠다  
20170207,10,오정세오빠 잘생겻당♥♥무대인사 보러가오ㅜㅜㅜ(기대)  
20170207,10,시사회 갔다 온 친구가 꼭 보라고 해서 이미 예매완료!!  
20170207,9,조작된도시 개봉일만 기다렸잖아ㅜㅜㅜ  
20170207,10,나오는 배우들 하나같이 호감 ㅎㅎ 드뎌 곧 개봉이네  
20170207,10,"시사회 다녀와서 기대치 않게 너무 재미있게 보고 왔는데. 기자, 평론가의 평점 테러를 보고 어이가 없어서 10점 남겨요  "
20170207,1,영화가 좋다에서 봤는데 진지한 액션이 아닌 C급 물이다. 보러가지 않을 예정.  
20170207,1,딱봐도 작품성없고 배우로 흥행하려는 영화...소재도 존나 흔함...우리나라는 이딴영화좀 그만좀 만들었으면...  
20170207,10,지창욱 액션 완전 짱이요!!! 기대기대기대 이상임!!!  
20170207,10,박광현감독님의 웰컴투동막골은 진짜 재밌게 봤었는데 이번 신작 조작된도시도 기대를 안할수가 없네요ㅎㅎ  
20170207,9,요즘 재밌는 한국 영화들 많이 나오는듯ㅋㅋㅋ 조작된 도시 벌써부터 입소문 제대로 탔던데 개봉일날 바로 보러 간다  
20170207,10,지창욱의 첫 스크린 데뷔는 성공적!!  
20170207,10,박광현 감독님 12년만의 영화!  
20170207,8,다양한 액션을 보는 재미가 쏠쏠해요  
20170207,10,시사회로 보고 왔는데 개봉하면 한번 더 볼 생각ㅋㅋㅋ  
20170207,10,개꿀잼 예상^^ 조작된도시 파이팅^^  
20170207,10,범죄 액션은 언제나 옳다..♡  
20170207,9,스케일부터 비쥬얼까지ㅋㅋㅋ 기대된다  
20170207,10,시사회 다녀왔는데 영화 보고 처음으로 이거다! 한 영화는 이게 처음이다..  
20170207,10,스토리 구성뿐 아니라 액션과 연기 등등 흠 잡을 곳이 없네요 적극적으로 추천해요  
20170207,10,간만에 즐길만한 영화 탄생ㅋㅋㅋ 요즘 한국영화들 왜이렇게 다 재밌냐  
20170207,10,한국영화에서는 흔하지 않은 스토리인거 같아서 더 기대중  
20170207,9,박광현감독님의 웰컴투동막골 5번은 본 거 같은데 이번 영화도 기대해 볼게요 파이팅입니다^^  
20170207,10,조작된 도시 진짜 재밌어요ㅋㅋ 꼭 보세요  
20170207,10,예고편만 봤는데도 내 스탈..  
20170207,10,오래걸린 만큼 확실한 영화가 나오지 않았을까 싶다  
20170207,1,vip 시사회 다녀왔습니다. 관람내내 아랫배가 아팠습니다. 상영종료 후 급히 화장실에 가보니  제 몸에서 사리가 나왔습니다.  
20170207,1,조작으로 조종되어버린 어리석은 인간몰락 경험  
20170207,10,시간가는줄 모르고 ... 잼나던데.. 평론가 평점 왜 저래  
20170207,5,오락이나 게임 좋아하는 넘들이나 좋지 나같은 컴맹은 딱히...  
20170207,9,세배우들의 케미 폭발 기대됨~~~꼭 볼거임~~~~!!  
20170207,1,진짜돈이아까움;;스토리도없고결말허무진짜돈이아깝다  
20170207,10,스릴넘치고 재밌습니다. 유쾌한 반전 액션영화  
20170207,9,어제 시사회 봤는데 간만에 액션 스토리 까리한 영화 배우들은 구멍없이 연기 다 잘하고 감독의 연출에 감탄했다.  
20170207,1,예고편 보아하니 b급이네  
20170207,10,시간가는줄모르고 빠져서봤음 진짜 졸잼 !!!! 개봉하면 두번보고 세번보고 또보고 계속 볼거임 ㅠㅠ 지창욱 대존잘조작된도시 대박날듯  
20170207,1,조잡한 도시 조작된 평점 그래도 중간중간 쫄깃 잼!  
20170207,9,오늘 시사회서 보구왔는데 ㅜ존잼 스트레스풀려요 ㅋㅋ  
20170206,1,나우유씨미 평점조작단에이은 또하나의 평점조작영화의 탄생! 개봉도 전에 벌써 알바들의 조작이 시작돼따! 과연 알바들의 조작질에 내 피같은 9천원을 지킬 수 있을것인가!  
20170206,4,도시는 조작 되었어도 평점은 조작하지 말자..  
20170206,10,시사회에서 봤는데 이영화가 헐리우드에서 나왔다면 더 극찬받지 않았을까 하는 생각이듬. 천재 감독과 연기천재 지창욱의 조합이 갑!  
20170206,9,액션 스릴 유머 재미까지 뭐 하나 빠지질 않아요  
20170206,10,시사회로 보고 왔는데 존잼 ㅋ 지창욱 존멋  
20170206,10,간만에 즐길 수 있는 오락영화가 나온거 같음  
20170206,6,"현실성없는 스토리,,이런거 매니아 만 보지,,200만명 이상 힘듬-더더욱 공조와 싱글라이더(이병헌)때문에,,더더욱..120-140만명 정도 예상~~그러나 심은경은 연기는  인정  "
20170206,10,에휴 평론가들 지들이 영화만들어봐라 무슨영화든 다 단잠만꼬투리잡고 OO들;  
20170206,10,볼거리와 즐길거리가 풍성ㅋㅋㅋ 기대해도 좋아요  
20170206,10,다 찍고 무려 1년이나 다듬어진 영화… 탄탄한 작품 기대할게여  
20170206,10,군대있을때 참! 재밌는 영화 많이도 개봉한다..  
20170206,10,지창욱 ㅠㅠㅠ진짜 개봉 하자마자 달려가서 볼거임  
20170206,1,"예고에서 ""흥미진진한데요~""라고하는거보니 영화보기싫어진다.절떼안볼꺼임.  "
20170206,6,내용은 재밌겠는데 조금 뜬금 없는게 지창욱이 전직 뭐 길래 액션을 저리 잘하고 운동신경이 저리 좋나?ㅎ  
20170206,10,지창욱을 스크린으로 볼 수 있다니 너무 좋다  
20170206,10,스토리가 탄탄하고 다양한 액션으로 볼거리가 풍성한 영화로 보여집니다♡ 거기다 감독의 메세지가 들어있다고 하니 더욱 궁금합니다♡ 빨리 보고싶네요♡  
20170206,10,조작된 도시 정말 오래 기다렸어요ㅠㅠㅠ 빨리 만나 보고싶습니다  
20170206,9,웃음 재미 스릴 액션 감동 등등 다양한 장르가 들어가 있지만 어우선하지 않아요 좋은 기회로 좋은 영화 잘 보고 왔습니다  
20170206,10,요즘은 헐리우드 영화보다 한국영화가 훨 재미 있네요..한국영화 화이팅  
20170206,10,아 지창욱 너무 좋아;; 진짜 존잘;  
20170206,9,새롭고 재밌다. 영화를 만드는 사람이라면 이 두가지가 얼마나 어려운건지 알거다.  
20170206,10,개봉일만 기다리고 있는 영화… 하루 빨리 보고 싶은 마음..bb  
20170206,10,참신한 오락 영화랄까? 재미로 보기엔 이만한 영화는 없을듯ㅋㅋ 개봉하면 무조건 보시길  
20170205,10,시사회로 봄!! 근데말여~ 근래 본 영화중 제일 신나고 재밌음!  
20170205,1,피고인드라마내용이랑똑같네요.영화가아니라 액션인되요? 대본 다시만들길 ㅡ ^^  
20170205,10,지창욱의 첫 스크린 주연작~★ 정말 기대됩니다!  
20170205,10,지창욱이라면 믿고 볼께요~~신랑이랑 예매해서 보러가야겠다~~^^  
20170205,10,시사회로 봤는데여러분 영화 볼 때 사이다 사가지 마세요.마지막에 사이다 800개 먹은듯한 통쾌함이 계속 됨.진짜 재밌어요!!!! 역시 박광현감독님  
20170205,7,심은경 나온다니 기본은 하겠네  
20170205,10,유쾌한 오락물ㅋㅋ 요즘 한국영화들 재밌는거 많이 나오넹  
20170205,10,액션 재미 감동 다 들어가 있음ㅜㅜㅜ 오락영화로 딱  
20170205,9,지창욱 스크린 데뷔는 성공적  
20170205,10,제목부터 흥미로운데요 ~??  
20170205,9,알바가 조작한다면서 예고만 보고 영화는 보지도 않고 1점 테러하는건 조작 아닌가? ㅋ 웃기넼ㅋ 시사회때 재밌게 봤음. 개봉하면 또 볼거임. 음악이 좋고 고구마 전개 없어서 좋음 ㅋ  
20170205,10,또 한번 여심 흔드는 지창욱..♡  
20170205,1,예고편만봐도 망작삘 나는건 나만그런거임??  
20170205,10,지창욱액션연기 완전 기대중!!  
20170205,1,제목답다 ! 평점도 조작해버리는 도시 !  
20170205,10,이 영화가 해외영화였다면 아마 전문가들이 별두개씩은 더 박았을거라고 감히 자신한다.  
20170205,3,공조를 재밌게봐서...실망이 클수도..기대는안하고볼게요!!그래야더 재밌으니..  
20170205,10,믿고 보는 지배우!! 영화 잘 되길 바라고 기대 하고 있을게요!  
20170205,10,시사회에서 본 사람입니다. 이 영화는 진짜 추천합니다! 조작된도시는 진짜 놀라면서 봤습니다! 완전 소름의소름.. 지창욱님의 액션씬ㅠㅠ 진짜 대박이였어요! 이 영화 꼭 보세요! 후회안하실꺼에요ㅠㅠ진짜 첫 스크린 주연작 지창욱 조작된도시 천만관객되길♥♥  
20170205,10,지창욱씨 연기는 정말 기대되긴하는데 스토리가 좀 웃기다ㅋㅋ사기를당한것까진 이해하겠는데 같이 게임하던 애가 갑자기 해커라니..해커가 왜 그렇게 오랫동안 게임을하고있어ㅋㅋㅋ쨋든 기대는해본다  
20170204,8,예고편보고 딱 드는 생각은 영화 게이머  
20170204,10,요즘은 어떤 영화든 소재가 전부 진부하고 식상한거 같아 그래도 선입견 가지면 안되겠지?  
20170204,10,그동안 한국영화에서 잘 다뤄지지않은 독특한소재이기때문에  상당히 흥미진진하고 유쾌할거같다.  
20170204,4,포스터만 봐도 망할거 같은데...  
20170204,1,아니 ㅋㅋㅋㅋ 캐스팅 싼맛에 한건가? 어중간한 영화인듯  
20170204,4,= 소문난 잔치에 먹을 것 없다. 산만한 영화  
20170204,1,알바댓글 거르자...  
20170204,9," 2월2일 시사회때 보니, 권유대장과 그팀원들의 작전들이 예측불허!!! 몰입도최강!!! 대박~~사건!!!영화볼때, 팝콘은 사지마시길~~~ㅎ먹을 새 없더이다....  "
20170204,10,범죄액션의 신세계라더니 ㅎㅎ 진짜 신세계를 보고 왔음 진짜 액션이 훠우~~ 특히 그 마지막에 카체이싱이 진짜 ㅎ  
20170204,9,"액션 대박인데, 특히 카체이싱이 역대급!! 기존 한국 영화에서 보지 못했던 카체이싱 장면들이 조작된 도시 하이라이트임 마티즈 위엄이 ㄷㄷ  "
20170204,10,으느그으븯스스읍ㄷ느으그으ㄷ으으윽  
20170204,1,보기도전에 실망부터하는 영화  
20170204,1,2017년판 성냥팔이소녀의 재림  
20170204,6,조연들이 더 화려하네. ㅋ  
20170204,1,조작된 평점어찌 모두 10점이냐?조작된 도시에 대한 조작된 평점인 듯 하다.  
20170204,1,죄다 10점이네 ㅋㅋ 뭔 알바를 이리 풀었냐? ㅡㅡ저런 캐스팅으로 흥행 바라지 마라~ 그것도 액션 영화인데..마스터처럼 망할듯 싶다..ㅇㅈ?  
20170204,8,숨가쁜 126분 속 모닝의 재발견  
20170204,9,시사회가서 봤어요~지창욱씨!정말 고생 많이 한듯 ~~ 재미있게 봤습니다.  
20170203,10,"배우 떄문에 봤는데, 너무나 재미 있어요!  "
20170203,10,피곤해서 잠들줄 알았는데 처음부터 끝까지 너무 재밌는거 아닌가요ㅜㅜㅜ지창욱팬이지만 기대이상이에요 정말 강추!돈주고 또 볼수도있음ㅎㅎ흥해라 조작된 도시!(시사회평)  
20170203,10,참신한 오락 영화랄까? 재미로 보기엔 이만한 영화는 없을듯ㅋㅋ 개봉하면 무조건 보시길  
20170203,10,조작작조조작조작작마주작  
20170203,10,유쾌한 오락물ㅋㅋ 요즘 한국영화들 재밌는거 많이 나오넹  
20170203,10,액션 재미 감동 다 들어가 있음ㅜㅜㅜ 오락영화로 딱  
20170203,10,지창욱 스크린 데뷔는 성공적  
20170203,10, 2017년 여태나온 영화중 역대급으로 재밌는 영화인것같아요 영화중간중간 나오는 충격적인 반전들땜에 첨에 좀 지루하다고 느꼈던부분을 전부 잊어버리게 만드는 정말 재밌게 본 영화입니다 모두 조작된도시 꼭보세요 정말 재미있습니다!(시사회평)  
20170203,9,제목부터 흥미로운데요 ~??  
20170203,10,여러분 조작된도시 두번봐요 세번봐요 백번봐요진짜 재밌어요 소재도 신선하고 스토리도 너무너무 좋았습니다!!인생영화예요??  
20170203,10,어제 시사회에서 영화관람했는데 너무 재밌고 2시간 내내 긴장감 대박이에요!! 볼거리많고 스토리탄탄하고 중간중간 웃음포인트도잇구요 지창욱잘생겼습니다ㅎㅎㅎㅎ 감독님말대로 지금까지 볼수없었던 신선한 영화인것같네요! 창욱오빠사랑해요..♡  
20170203,10,또 한번 여심 흔드는 지창욱..♡  
20170203,10,시사회 다녀 왔는데 영화 좋습니다! 재밌어요  
20170203,10,짜릿하고 통쾌하다 ㅎㅎ  
20170203,9,어제 시사회에서 보고왓는데요 말이필요없습니다!강추합니다!초반엔 슬픔 중반엔 웃기고 후반부엔 통쾌 합니다!지창욱은 존멋이고요 안재홍이랑 김민교ㅋㅋ진짜 개웃겨요ㅋㅋ  
20170203,8,시사회 보고 왔습니다. 연기력들은 정말 말이 필요없습니다!!  
20170203,10,시사회보고왔는데 정말소름돋게 재밌어요!!!강추입니당  
20170203,10,액션도 좋고 스토리도 아주 흥미진진했어요!!ㅜㅠㅠㅠ또 봐도 될만큼 재밌고요>_<특히 지창욱배우님 아주 멋잇네요  
20170203,9,통쾌한 액션도 재미있지만 스토리도 의외로 탄탄웃음코드도 많고 배우님들의 케미도 굳또 한번 보고싶네요♡  
20170203,10,안재홍이넘나 귀여움ㅋㅋㅋ  
20170203,10,시사회 보고 왔습니다. 처음엔 기대 안 했는데 보고 나서는 또 한 번 보고 싶을 정도로 재밌었어요ㅠ 중간중간 빵 터지는 장면도 많았고 정말 10초도 지루한 적이 없었어요! 연기도 전부 좋았고 아쉬움 없었어요~ 평은 처음 쓰는데 정말 재밌게 봐서 씁니당  
20170203,10,지창욱 팬임에도 전혀 기대가 안되는 영화였어요. 그런데 예상 밖으로 영화가 너무나 기대 이상이었어요. 정말 팬심 다 내려놓고 재밌어요! 단순히 지창욱 내세워 관객몰이하려는 영화가 아닐까 의심스러운 분들! 영화 정말 잘 만들었어요. 믿고 보세요!!!  
20170203,10,목요일 시사회로 보고왔는데요평소에도 액션영화마 파서 보는 사람인데진짜 꿀잼입니다! 진짜진짜 꼭 꼭 보세요!!!꼭보십쇼 배우부들 연기도 진짜 bb변호사님 연기 진짜 소오름 돋았습니더진짜 강추  
20170203,7,그냥 가볍게 즐기기 딱 좋네요. 액션도 여타 영화보단 색다른 면도 잇고..다만 뭔가 b급 분노의질주 느낌도 나고 스토리도 조금 아쉽내요. 그래도 액션영화니까 이건 봐줌 ㅎ  
20170203,9,한국판 매트리스를 보는 듯 시작부터 끝까지 쭈욱 빨려들어가는 영화~시원하게 깨지고 부수며 재미난 영화~!!!  
20170203,10,시시회를 갔다왔습니다! 초반에는 슬펐다가 중반에는 웃겼다가 후반에는 통쾌했습니다 액션씬은 영화에서 본적없는 처음보는 액션씬이 있습니다 궁금하시다면 영화를 예매하세요★ 배우분들 케미도 짱이였습니다 조작된도시 대박날거같습니다 화이팅 사랑해요  
20170203,10,배우 지창욱님 처음스크린 데뷔인데 연기를잘하신것같아요 액션신 너무 긴장감있게봤어요 영화보는내내 재미있고 다른 배우님들도 연기를 주연 못지안게 해주셔서 너무 독보여서 더 집중하면서 보게됬어요 영화 강추해요  
20170203,10,시사회덕분에 호강했구요. 저도영화참좋아하는데 이건 역대급이네요ㅠㅠ 겨울에 땀흘리면서 영화본적 처음이에요. 지창욱사랑합니다 ♥  
20170202,10,감독이 참 대단하다 살인자가 누명을벗는 뻔한 액션영화일수있겠지만 스토리나 액션에서나 전혀 안뻔함~ 오히려 영화는 비현실적인내용을 어떻게 구상하는가에 따라 감독의 창의력과 시도가 돋보인다고 본다ㅋㅋ 그리고 지창욱 첫 주연영화 참 잘 선택했네  
20170202,10,많이 기대하고 있습니다. 천만 대박 기원합니다.  
20170202,3,음..너무 맥락없고 요점없는 보고나서 왜 본건지 모르겠는ㅠㅠ지창욱 믿고 봤는데..조금 실망했습니다...추천은 하고 싶지 않아요...  
20170202,10,시사회에서 보고 왔는데 정말 볼만합니다. 재밌습니다. 시간 가는 줄 몰라요! 지창욱 배우님 조작된 도시 대박기원  
20170202,10,지창욱진짜 매력적인 배우인듯  
20170202,10,시사회로 보고왔는데 볼거리도 많고 코믹요소도 있구 재밌었어요!액션이 빛난 영화현실적인거 좋아하시는 분들한테 호불호 나뉠 수도 있을 것 같은데 평점높으면 댓글알바라 하는 건 좀 ㅎㅎ 다들 다른거지  
20170202,10,"주연, 조연 가릴 것 없이 모든 배우들이 하나같이 연기를 잘했고 지루할틈이 없는 영화!! 방금 시사회에서 봤지만 돈 주고 봐도 후회가 없습니다! 지창욱은 정말 잘생겼고 연기도 좋고 감독님 영화 너무 잘 만드셨습니다! 대박나세요!!  "
20170202,10,쇼케이스 방금 보고 왔는데 진짜 믿고보는 감독님ㅠㅠ 지루하지않고 스릴 넘칩니다!! 시간 가는줄 모르고 봤네요ㅜㅜ 흥행하길!!  
20170202,10,이제껏 보지못한 새로운 스타일의 범죄 스릴러  
20170202,10,영화 생각보다 많이 재밌었어요!!  
20170202,10,시사회 보고왔는데 너무 재밌어요! 스릴넘치고 스토리도 탄탄하고 여운이남네요! 또 보고싶을 정도에요~  
20170202,9,넘 보고 싶었던 영화인데 시사회로 잘 보았네요^^ㅎ  
20170202,10,시사회 봤습니다 지창욱 지립니다 하드캐리 조연들 다 녹아서 완벽합니다 초반 케임신이 다소 오글거림이 있지만 상관없습니다 완벽합니다 저는 영화의 악당을 주로 관찰하는데 이 영화의 악당'들'은 감히 다크나이트의 히스레져의 목끝까지 치고 올라온 정도입니다  
20170202,10,조작된도시시사회 다녀왔는데 한국판 마블? 느낌지창욱이 이렇게 액션을 잘했나? 싶다대역없이 해서 그런지 얼굴 클로즈업도 확실하고 몸 곡선도 너무 멋졌음 액션에 빠져보다가지창욱 연기에 더욱 깊게 빠져서 본듯 섬세한 연기 장난아니더라 !!  
20170202,10,감독의 뇌세포가 궁금합니다  
20170202,10,시사회로 봤는데 완전 재밌어요!!!! 한번더 볼 생각임ㅋㅋㅋㅋ  
20170202,10,방금 코엑스 메가박스 시사회보고왔습니다!감동적이고 가슴쫄깃한 영화 대박입니다♡지창욱존잘!!  
20170202,9,마티즈의 재발견 ㅋㅋㅋㅋ  
20170202,10,시사회 봤는데 재밌네요! 큰 의미 부여없이 생각없이 보면 시간 잘가고 재밌어요~ 중간중간 웃긴 장면도 많고 액션도 속도감있고 좋아요~  
20170202,10,"재밌어요, 지창욱 멋있네요  "
20170202,10,영화 진짜 잘됬으면 좋겟어요ㅠㅠ!  
20170202,10,지창욱의 액션연기! 기대됩니다  
20170202,9,"기존의 범죄 스릴러물과는 사뭇 다른 느낌, 기분좋게 볼 수 있어 더 좋았습니다  "
20170202,10,스크린에서 보는 지창욱이 기대될뿐..  
20170202,10,말이 필요없다...아직 못봤으니까...헤  
20170202,2,소문난 잔치에는 먹을 것 없다ㆍ거품만 가득한 영화  
20170202,6,과연.정우성.현빈.조인성.이렇게 빵빵한 연기자들이나와도 500만을 간신히넘기는데 지창욱이란 배우로 성공할지의문입니다만.열심히찍으셨으니 홧팅!하세요~~~  
20170202,10,지창욱씨나오는 액션영화는 항상 성공적 그래서 더 기대됩니다♥  
20170202,10,조작된도시흥해라흥흥흥!  
20170202,10,"지창욱 심은경 안재홍 조작된 도시, 파이팅!!  "
20170202,10,예고편 봤는데 꿀잼일듯ㅋ  
20170202,10,그냥 오락영화인줄 알았는데 여운도 남고 짱..  
20170202,10,조작된도시 흥행 성공하길 기도할게요!!  
20170202,10,두시간내내 눈을 뗄 수 없었습니다 시사회로 보고 왔는데 시사회 반응도 되게 좋았고 같이 본 친구도 재밌다고 난리였습니다  
20170202,10,조작된도시 빨리 보고싶음 이런 액션영화 좋음ㅋㅋ  
20170202,10,꺅!!! 지창욱 영화 기다리고 있었어요!!!  
20170202,10,오늘 시사회 보는데 완전 기대됩니다!! *.*  
20170202,5,시사회평 그지같드만...또 알바들 쫘악~~~9점대 이상 클릭해보면 전부 알바들임ㅋㅋ  
20170202,10,이 한파에 땀을 한바가지 흘림. 2017년 처음으로 '와 이거 재밌다'라고 생각한 영화  
20170201,10,기대되는영화ㅠㅠㅠㅠ  
20170201,10,완전 흥미진진 대박나라 지창욱!  
20170201,10,어디서도 본적없는 액션 짱!! 웰컴투동막골의 팝콘터지는 장면을 능가하는 하이라이트 액션은 정말 감탄.. 킹스맨과 데드풀이 떠오른다 기발하고 가슴을 울리면서도 재밌고 통쾌한 영화!! 스케일과 특수효과 정말대박입니다  
20170201,7,시사회로 봣는데 아쉬운게 꽤나 많지만 이정도면 볼만은합니다  
20170201,10,어제 시사회로 보고왔는데 진심 꿀잼. 돈주고 봐도 안아까울듯함ㅋ  
20170201,10,지창욱 안재홍!!! 둘다 넘나 좋아하는 배우들~~ 흥해라^^  
20170201,10,나도 생각보다 재밌던데 ㅋㅎ지창욱한테 또 한번 반함  
20170201,9,기대이상. 재미있었음.  
20170201,1,결국 개봉하네 2017년 최악의 쓰레기  
20170201,10,박진감 넘치는 스토리 전개에 나도 모르게 빠져들던 영화 기대해도 좋음  
20170201,10,지창욱 첫 스크린 데뷔 아닌가?! 개봉하면 꼭 보는걸로!  
20170201,10,오락영화로 즐기기엔 좋음 ㅋㅋ 배우들 연기 하나같이 너무 좋아서 실감남  
20170201,1,댓글전부알바임. 어제 8시 왕십리 시사회직접관람 너무 재미없어서 최악이었음.  
20170201,5,오락영화로는 좋다 ! 다만 설마 설마 했던게 사실로 들어나니 .... 아오 ....  
20170201,10,이번엔 웰 컴 투 다크나이트!!  
20170201,10,지창욱 완젼 좋아♡ 꼭봐야지  
20170201,10,시사회다녀왔어요 ! 박진감넘치고 2시간내내 스크린에서 눈을뗄수없었네요 ㅎ 스토리도 좋고 액션이 정말 너무 좋았습니다 !! 여운이 길게 남는 영화였어요 몇번 더 보러가려고합니다 ~  
20170201,10,영화 기대해요~화이팅~  
20170201,10,시사회다녀왔습니다!! 연기도 다들 좋았고 내용도 너무 좋았습니다!! 긴장감을 놓을 수 없는 영화에요ㅠㅠ  
20170201,9,시사회 당첨돼서 보고왔어요!예고편이 재미없어 보여서 재미없을줄 알았는데 진짜 너무 재미있습니다ㅠㅠ! 다들 꼭 보세요  
20170201,10,시사회 봤어요. 장르상 비현실적인 상황도 나오는데 거슬리지 않고 웃으며 봐지고 재밌는 요소들 때문에 신선했어요. 캐릭터들 개성넘치고 연기도 모두 훌륭해요. 오락영화지만 보고나니 하고싶은 말이 꽤 생겨서 흥행해서 영화에대해 읽을 얘기들 많아졌음 좋겠네요  
20170201,10,시사회로 보고 왓는데 완전 재밌네요 공조 더킹이랑 같이 개봉했으면 이겼을듯 ㅎㅎㅎ 맨날 정치이야기하고 나라 어두운 이야기해서 좀 그랬는데 통쾌함  
20170201,10,시사회보고왔습니다! 기대이상이네요 ㅎㅎ 웃기고 슬프고 스릴있고 잘생겼습니다 간혹 말도안되는 장면이있지만 너무 재미있게봤어요 ㅎㅎ 짱입니다!!!!  
20170131,10,시사회 당첨돼서 보고 왔는데 정말 재밌어요!!!! 정말 강추하는 영화입니다!!! 내용도 지루하지 않고 스크린에서 눈을 뗄 수 없을 정도로 몰입도도 최고! 개봉하면 꼭 보러 가세요ㅜ  
20170131,10,시사회로 보고 왔는데 너무너무 재밌네요 전에 볼 수 없던 한국 영화 너무 잘 보고 왔습니다 지루할 틈이 없었어요  
20170131,10,시사회가서 봤는데 와 영화 대박나길 기원합니다!! 너무 재밌네요!!!!  
20170131,10,"시사회 통해서 봤는데, 심장 쫄깃해지는 액션때문에 2시간이 빨리 지나갔네요! 지창욱이 이렇게 연기 잘하는지 몰랐어요 ㅎㅎ  "
20170131,10,"영화평 잘 안남기는데, 예고편보니 왠지 스토리가 흥미있네. 잘 한번 뽑아보삼~ ㅎㅎ  "
20170131,9,뻔한스토리이긴한데요. 진짜 속시원하고 기분좋게봤어요.완전몰입도 짱 회사일암것도생각안남 ㅋ  
20170131,10,너무 재밌었습니다!!  
20170131,10,예고편보고 실망하시지말고 꼭 보러가세요 !  
20170131,10,영화 시사회 보고 나왔어요!!액션도좋고 스토리도 재미있고 신선했어요!!  남동생도 영화 재미있고 영화 괜찮다면서 굿굿!!! 보는 내내 지루한건 하나도 없고 즐겁게 관람했네요흥행 할 듯 해요!!  
20170131,9,시원하고 통쾌합니다.꼭보세요.  
20170131,10,지창욱짱!재미있었어요!  
20170131,10,화려한 액션과 재미로 강추!!!!  
20170131,10,진짜 재밌어요ㅠ짱짱조작된도시 대박나세요  
20170131,10,사이다같은 액션과 통쾌한 스토리로 보는내내 긴장을 늦출수없었네요 재밌게 잘봤습니다!  
20170131,10,완전 몰입해서 봤는데 짱입니다  
20170131,10,완전 재밋고 손이 저릴만큼 긴장감 넘쳤다 ! 또보러 가야지!!  
20170131,10,지창욱 너무 멋있고 변호사 연기력에 감탄했습니다 정말 좋은 작품이에요  
20170131,10,재미와 풍자를 완벽하게 담은 완벽한 영화!!!  
20170131,10,끝까지 결말을 예측할수 없는 심장 쫄깃 영화  
20170131,10,대박날거같아요. 개봉하고 볼게요  
20170131,10,역시 지창욱이네요!개봉하면 또 볼게요  
20170131,10,넘넘재밌당!!!지창욱 너무 잘생겻엉!!ㅠ  
20170131,10,조작된도시 심장쫄깃 두근두근  
20170131,8,기존에 보지 못하고 지루할 틈 없었네요  
20170131,9,액션인상깊었습니다^^  
20170131,10,보는 내내 소름이 ㄷㄷ 추천합니다!  
20170131,10,완전재밌어요!짱짱지창욱짱  
20170131,10,완전재미있었 습니다꼭보세요  
20170131,8,장르영화로서 만족스러운 쾌감!  
20170131,9,액션 짱 강추해요 주변사람들에게 추천해야겠어요  
20170131,9,지창욱과 심은경의 새로운 발견  
20170131,10,완전 꿀잼 보는내내 두근두근!!짜릿한영화 개봉하면 한번더 볼게요!  
20170131,10,재미있었어요~~^^  
20170131,9,재밌어요 스펙타클 !!! 또보고싶음.  
20170131,10,넘 잼있었어요~ 또 볼게요  
20170131,10,다음에 개봉하면 또 보러갈래요!!!  
20170131,10,조작된도시.. 강추예요  
20170131,10,정말 재밌게 잘 봣슴니다 강추!  
20170131,10,조작된도시지창욱 멋있음  
20170131,10,스토리구성도 너무 좋고 감동도있소 액션도 좋다 적극추천  
20170131,10,재밌어요 액션진짜 짱이에요  
20170131,10,지창욱 스크린도전 성공적!!  
20170131,9,재밌어요 재밌어요~ ㅋㅋ  
20170131,10,재밌었어요너무너무너무  
20170131,10,최고의 오락 영화 지창욱 군대가기전 제대로된 발도장  
20170131,10,진짜재밋라요!!!!꼭보세요!  
20170131,10,완전 잼나요 강추! 유쾌한 오락물!  
20170131,10,너무재밋었습니다^~^  
20170131,10,박진감 넘치고 완전 재미있어요 짱!!  
20170131,10,넘재밌었어요!! 빨리 개봉했으면좋겠네요♡  
20170131,10,진짜완전재밌어요 말이필요없음 그냥..  
20170131,10,화끈한 액션 대박!!!  
20170131,10,조작된도시재밌습니다  
20170131,9,너무나 재미 있게 봤습니다...  
20170131,10,참신한 조작된 도시 재밌네요  
20170131,10,유머 액션 스릴 뭐하나 빠질께 없는 시원한 영화  
20170131,10,조작된도시너무재밌습니다  
20170131,10,재밌어요~!!!지창욱 연기 짱  
20170131,10,진찌 꼭보세요 백번보세요!!!  
20170131,1,아직 개봉을 하지 않았는데 평점을 줄 수도 있나보네요???  
20170131,10,2.8일 연차냈는데 9일개봉이라니ㅠ  
20170131,10,정말정말 기대가 됩니다!개봉되기 손꼽아기다리는중  
20170131,10,액션은 지창욱이지!!  
20170131,10,"액션하면 지창욱, 지창욱하면 액션이지  "
20170131,6,2002년도 개봉한 예스터데이 스멜이... 아니겠지?  
20170131,10,최고의 액션영화입니다스릴만점 강추해요!  
20170131,10,2년을 기다렸다. 믿고 보는 지창욱  
20170131,1,예고편만 봐도 개노잼 예상...  
20170131,10,조작된도시!!!대박나길....!!!!  
20170131,10,왜 12년만에 나타난거냐 얼마나 보고 싶었는데 당신 영화 웰컴이다 박광현  
20170131,6,"Cj 스크린독점에 배우빨로 승부,예고편 cg 구림,레고 배트맨 무비가 훨씬 꿀잼각  "
20170130,1,예고편만 봐도 평점이나온다.  
20170129,10,남자 배우들보다 여자배우들이 연기 잘하시는거 같아서 심은경 대박 꼭 보러가야징  
20170129,1,안봐도 노잼일겄같습니다  
20170129,10,망한다에 1표 ㅎㅡㅡ ㅡㅡ  
20170129,10,아진짜 평소에도 지창욱오빠 팬인데 너무 재밌어보여요 예고편 조는 순간 와 이거다 했어요 죽기전에진짜 지창욱오빠보고싶어요 사랑해요?? 심은경과의 케미도 궁금하고 액션연기 꼭보고싶어요 정말 영화관 큰 스크린에서 오빠를 볼 수 있다니 행복해요 벌써 기대되요  
20170129,10,국내에선 흔히 볼수 없는 스토리인거 같아요~~ 예고편을 보니 스케일또한 엄청나게 크네요!! 너무 기대되고 개봉하면 얼른 보러가야겠어요ㅎㅎ 지창욱 너무 잘생김ㅠㅠ  
20170128,5,딱 5점짜리 영화일 것 같다???  
20170128,1,아오OO 한국영화라서예고편만봐도퀄리티 팍팍떨어지는게보인다ㅉ1점도아까워ㅜㅜ  
20170128,10,영화 예고편보니까 여태껏 봤던 범죄 액션 영화중에 게임세계가 들어간건 조작된 도시가 처음이던데 새롭다!! 게다가 주연이 스크린 첫 주연인 지창욱에 심은경 안재홍까지!!!  
20170128,10,너무보고싶어요좋아하는배우의작품이라 더기대가돼네용  
20170128,9,연기는 믿어 의심치 않는데 예고편 cg때매 조잡한 느낌이 든다 ㅠㅠ  
20170127,10,아까르무 유까르작 두닥두닥닥 두두닥  
20170127,10,지창욱 화이팅><♡♡♡  
20170127,9,배우와 영화 둘 다 기대되네요 . 또한 배우들간에 케미도 기대되어서 빨리 보구 싶어요 ㅎㅎ  
20170126,10,유튜브에서 이 영화 예고편 나왔을 때 진심으로  영화와 관련없는 일반광고인 줄...  
20170126,10,3분16초♡316 기대  
20170126,10,지창욱의 액션 정말 기대되네요 꼭 보고싶어요  
20170126,1,알바 들  많이 풀었네....  
20170126,10,액션! 비주얼! 모든 것이 새롭다!  
20170125,10,스크린에서도 지창욱!  
20170125,10,지배우....♡영화 정말 기대되고 꼭 흥행하길!  
20170125,1,설정이 딱 프리즌브레이크 따라했네 노답  
20170125,9,기대되는 영화네요! 1점은 영화보구 나서ㅎㅎ  
20170125,10,화이팅입내다헤헤헤화이팅  
20170125,10,박광현 감독님과 이제는 대한민국 영화계에 한 획을 이을 인생 액션 연기를 선보여줄~ 지창욱 배우님이 만나게 되어 '조작된 도시' 란 영화가 너무 기대가 되네요!  
20170124,10,믿고보는 액션 지창욱! 기대중ㅠㅜ  
20170124,10,지창욱씨 팬되고 이것저것 드라마 찾아보면서 나오기만을 기다렸답니다! 지창욱씨하면 액션! 스크린에서도 지창욱씨의 액션연기를 볼 수 있다니ㅜㅜㅜ 너무너무 기대되요! 조작된 도시 정말 대박났으면 좋겠어요! 다른 배우님들 연기도 기대되고! 개봉되면 보러갈게요  
20170124,10,대박 기대되요 언넝 개봉해랏  
20170124,10,범죄액션은 항상 옳죠! 너무너무 기대됩니다.  
20170124,10,힐러 2인거 같앙 ㅎㅎㄹ  
20170124,10,영화 기대가 많이 됩니다. 개봉하자마자 볼게요 조작된 도시 화이팅!  
20170124,5,저거 예고편 첫장면에 트랜스포머3에 나온장면이랑 ㅈㄴ비슷한데??  
20170122,10,믿고보는 지창욱!! 뮤지컬도 드라마도 영화에서도 팔방미남 대박나길 기원해요^^^^  
20170122,10,안재홍배우님의 연기기대됩니당!!!  
20170122,10,오빠를 드디어 큰 스크린에서 보다니 ㅜ 고마워요 오빠 안봐도 명작이겠지만 개봉하자마자 영화보러갈게요 사랑해요  
20170122,10,블랙스쿼드 어디에나옴?  
20170122,10,하하!! 기대하고있음 ...예고편만 봐도 ...내스타일...꼭보고싶음..2월9일 기대기대...  
20170122,10,"역시지창욱눈빛만봐도느낄수있죠참좋은사람참좋은느낌밝은느낌!,봐도봐도좋은사림살맛나게하는사람빨리보고싶다지창욱최고다  "
20170121,10,조작된 도시 천만 가자!!!!지창욱 심은경 안재홍 화이팅!!!  
20170121,10,뭐지.. 대박터질거 같은 B급포스터는..  
20170121,10,지창욱 액션은 언제나 옳다~  예교편 완전 대박!!!  
20170121,10,예고편만 봐도 스케일이 다른! 꼭 보고싶은 영화 조작된 도시!! 조작된 도시가 어떤 세계인지 엄청 궁금하네요!! 지창욱배우님 백수 and 액션 연기 기대가 됩니다!! 예고편만 봐도 너무 멋있어요!! 권유 여울 데몰리션 화이팅! 영상미 최고일듯!!  
20170121,1,유치하고 조잡해보인다.. 정말 쓰레기 영화라는걸 예고편만 보고 알수있다니 ㅋㅋ 기대되는것도 지창욱 배우분이지 영화가 아닌듯 하다  
20170121,10,믿고보는 지창욱 배우님!!!개봉날이 너무기대되요ㅠㅠㅠ  
20170120,10,조작된도시 손꼽아 기다리고있어요 대박나길 기원합니다 지창욱화이팅!!!  
20170120,3,이딴 영화좀 그만 만들어 제발...; 라라랜드보고 느끼는거 없냐 ㅋㅋ  
20170120,1,팬심 같은건 접어두고 객관적으로 한번만 생각해보자 스토리는 기대도 안하지만 그냥그런 C급 영화일듯  
20170120,1,겉멋든 액션; 얼굴에 상처하나 내고 머리 흐트러뜨리면 다 멋있는 줄 아는 전형적인 한국식 액션.... 우리나라가 영화를 참 못 만들긴 하지 개인적인 의견이니 비추 누르면 알바로 생각할께오...ㅜ  
20170119,10,안재홍 배우 진짜 기대됩니다!! 영화도 너무 기대돼요! 빨리 2월이 되서 영화보고싶어요!! 데몰리션 짱짱짱!!!!  
20170119,8,흠... 영화보다 영화같은 현실인데... 뉴스랑 같은내용이거나 비슷한내용일듯.  
20170119,10,지창욱 눈빛 볼 생각에 기대된당 ㅎㅎㅎ  
20170119,10,빨리 보고 싶다..기다리고 있어요  
20170119,10,예고도 보니까 가볍게 볼수있...는 액션영화일듯한데 지창욱 배우님 얼굴에서 가볍게 넘어가지는 않을 듯하다  
20170119,10,개봉전에 이렇게 떨리긴 처음~넘 기대됩니다  빨리보고싶어요 지배우님 액션 끝내주는군요~~^^  
20170118,1,알바 ㅅㄲ들 더럽게 많네  
20170118,3,영화들은 대충 스틸컷보면 감이 오던데 망작인거같다 ㅠㅠ  
20170118,10,지창욱배우의 액션연기 기대됩니다!  
20170118,10,영화가 너무기대가되고 지창욱의 조각미모를 볼수있다니 더 기대가됩니다~~  조작된도시 화이팅 !! 빨리 보고파요  
20170117,10,기대만으로 10점!! 액션기대 감독기대 빨리 개봉하길!!  
20170117,10,조작된 도시 대박 기원ㅋ  
20170117,5,노잼일듯 한국은 안어울린다 이런영화에  
20170117,10,예고편 봤는데 너무 기대된다 무지 재미있을거 같다 어드벤처 조작된 도시!! 사랑스런 심은경 지창욱 안재홍 대박나라!!  
20170117,6,남자주인공 티켓파워가 1도 없는데...안봐도 망했음..  
20170117,10,박그네 최순실에게 완전 조작된  나라.  
20170117,1,이런 영화가 우리나라에서 성공한적이 있나... 쓸데없는 것들 빼고 각본과 연출이 좋아야할 것이다.  
20170117,5,줄거리만 읽어도 재미없을 수가 있다니 역시 한국영화는 대단함.  
20170117,10,1년을 다듬어서 개봉하니 기다린만큼 더욱 대박나길 기대합니다지배우 화이팅~~!!  
20170117,10,예고편보고제일기대중 지창욱어서나와라  
20170117,10,흥행여신심은경 대박나라! 조작된도시도 대박나라!  
20170117,10,예고편 보고 완전 기대중! 얼른 보고 싶어요!  
20170117,2,조작된 평점 그 271명  
20170116,10,믿고보는 지배우 영화! 벌써부터 기대된다!  
20170116,10,너무너무 오래 기다렸어요..기대됩니다..빨리 보고 싶어요  
20170116,5,스토리가 왠지 일본애니 삘...  
20170114,10,대박기원 합니다!!!  
20170114,10,아 빨리보고싶어요 ㅠㅠ2016년에도 개봉한다고 해서 들떴었는데 2017년이라고하니 조금 더 부푼마음으로 보고네요 액션 설레요지창욱오빠 ㅠㅠㅠ♡♡  
20170114,10,지창욱 오빠 스크린에서도 전혀 밀리지 않는 연기력에 비쥬열 눈물 감정 액션까지 눈으로 말을 하는 배우!! 이번 영화 대박나고 앞으로 드라마뿐만 아니라 영화계까지 대박나세요!1^^ 화이팅~~  
20170114,1,"초딩같은 스토리, CG 연출 모두 포함해서 B급 퀄리티에 불과한, <씬시티>를 꿈꿨던 2017년 첫 한국형 망작 액션영화... 빠순이들아 영화 평점란은 배우 빨라고 만들어놓은게 아니란다 머가리 텅텅 빈 새끼들  "
20170114,10,지창욱 연기력이야 믿고 봅니다  예고편보고  더 기대되네요  
20170113,10,조작된도시 천만 기원합니다...  
20170113,10,정말 기대되는 영화입니다. 영화 대박 기원할게요!  
20170112,10,너무너무 기대되고 빨리 개봉날짜가 되었으면 좋겠네요ㅜㅜ  얼른 지배우님이 연기하는 모습을 봤으면 좋겠습니다.~!!!  
20170112,10,"지창욱,심은경,안재홍 세분다 연기 끝판왕!!! 제가 다 좋아하는 배우분들이 이렇게 모여서 영화를 찍었다니!! 너무너무 기대되고 빨리보고싶어요!!! 개봉할때 바로 보러가겠습니다!!  "
20170112,10,예고편 스케일  대박!! 스토리 쫀쫀예감.  박광현감독 또 대박칠 듯.. 신선한 배우조합. 짧은 영상인데도 영상미와 연기력 확실해보임  
20170112,10,새로운 영화! 신선한 배우들! 기대 만발  
20170112,10, 제목만 봐서 뭔가 햇는데 예고편 보니까 지창욱 영화가 될거 같은 좋은 예감이 든다 ㅎㅎ 대박났으면 좋겠다 ㅎㅎ 홧팅~~!  
20170112,10,영화 찍는거 알고 개봉일 오래 기다렸는데 예고편 보니 더더더 기대가!! 너무 재밌을꺼 같아요 친구들에게도 예고편 보여주니 다들 재밌겠다고 합니다 영화 대박나세요~!  
20170112,10,아직 개봉하지않았으나 넘나 기대 되는 영화!모두들 영화 찍느라 수고 하셨고 열심히 촬영하신만큼 영화도 멋지게 제작되었을껍니다 기대되네요♡  
20170111,10,지창욱 첫 주연 영화 조작된도시!작년부터 기다리고있습니다~^^ 개봉되자마자 영화관으로 갑시다!!  
20170111,10,영화 대박 나세요. 응원하겠습니다.  
20170110,10,완전조아지창욱오빠알라븅  
20170110,10,완전!!!기대!! 뭔가 굉장히 볼거리가 풍부할것같음!!!  
20170109,10,"일일극에서 연기 탄탄했던 지창욱!,  영화도 기대  "
20170109,8,이거 소셜포비아 냄새난다 개꿀잼 예상  
20170109,10,ㅜㅜㅜ제발 지창욱ㅜㅜㅜ액션킹ㅜㅜ대박나라 뎁안ㅅ  
20170109,1,C급 배우들로 구성했네.ㅋㅋㅋ  
20170109,10,액션이 기대됨  대박 기원 합니다....  
20170108,10,드디어 스크린에서도 지창욱을 볼수잇다니ㅠㅠ 너무 행복하다 빨리 개봉했으면 좋겠당 예고편보니까 꿀잼 예악~ 적어도 영화관에서 3번은  봐야징~~~~ 대박나라~~~~  
20170108,10,감독의 감성과 배우의 연기를 믿고봐도 되는 영화!  
20170107,10,지창욱배우 기대!!  힘내세요!!  
20170107,1,걍 기대안됨..  헐리우드영화 복사판일듯하고  쎈 영화 너무 봐서 기대보다는  허무할듯하다또 모르지만...  
20170106,10,믿고 보는 배우 지배우님 영화 대박 기원합니다!!  
20170106,10,기대됩니다!!! 개봉일을 손꼽아 기다리고있어요 지배우님 화이팅  
20170105,10,믿고 보는 배우 지창욱!!예고보니 엄청나던데 지배우님의 연기력광 외모에 감탄할 날만 기다리겠습니다!! 개봉하는날 친구들 다 데리고 영화보러 가겠습니다!!조작된 도시 대박!!  
20170104,10,믿고보는 지창욱배우와 박광현감독님 화이팅!!!!  
20170104,10,개봉일만  기다립니다^^  
20170103,10,지창욱때문에 백번 보러 가야지  
20170103,10,예고 쫀쫀하니 기대됩니다!  
20170103,10,대박기원 꼭 보러 갈개요  
20170103,10,빨리 개봉했으면 좋겠다아아아  
20170103,10,신선한 소재에 믿고 보는 지배우의 연기가 매우 기대됩니다.조작된 도시 화이팅!!!천만 갑시다!!!  
20170103,10,믿고 보는 지창욱 배우!! 빨리 보고 싶네요!!!  
20170103,10,예고편보니 너무 재밌어 기대됩니다 대박기원!!!  
20170103,10,빨리 2월 됐으면 좋겠어요  
20170103,10,참신한 소재 주작된도시  
20170103,10,2017년 상반기 가장 기대되는 영화!!!  
20170103,10,진 정 한 액 션 !  천 만 기 원!  
20170103,10,완전 대박 날꺼 같아요!! 지창욱 아자!  
20170103,10,예고편만봐도 흥미진진한 내용~ 조작된 도시에서 지창욱오라버니와 안재홍오라버니에 케미뿐만아니라 심은경언니의 케미까지ㅠㅠ기대하구있어여 언넝개봉해서 봤음좋겠어요♡♡  
20170102,10,예고편만 봐도  기대 만빵 !! 꼭 극장에서 봐야겠네요 ~~  
20170102,10,개봉 기다리고 있어요!  
20170102,9,"정봉이가 데몰리션이라니,전혀 이미지가 다른 역할이라 내심 기대중ㅋㅋ  "
20170102,10,진짜 지창욱씨면 믿을만 하죠. 진짜 이정도로 빨리 컴백할준 몰랐는데 부디 몸조리 잘하시고 응원하겠습니다! 지창욱 짱짱!!♡♡♡  
20170101,10,뭐냐...그래픽 왜 이렇게 쩔어....기대된다.  
20161231,10,이정도 스케일이면 영화관에서 봐야져 ㅋㅋㅋ  
20161231,10,믿고보는감독배우  기대된다  
20161231,10,믿고 보는 지창욱 배우..예고편보니 더욱 기대되네요! 대박!!  
20161230,10,예고보니 더 기대가 됩니다. 영화가 예고만큼 잘나왔길 바래요~ 꼭 영화관가서 볼게요!!  
20161230,10,넘넘 기대됨니다~~~~  
20161230,10,기대하고 있어요 언넝 개봉 ㄱㄱ  
20161230,10,넘~~~넘~~~기대됩니다..지창욱짱^^  
20161230,10,예고편 보고  5년만에 영화관 한번 갈까 합니다~  사랑합니다  
20161230,10,지창욱 연기와 감독의 연출력 믿고 봅니다  
20161230,10,지창욱 심은경 안재홍 케미예고편만 봐도 기대됩니다~  
20161230,10,연기 넘나 기대되는것...스케일도 기대 빨리 개봉해라!!  
20161230,10,지창욱 조작된 도시 예고로도 감동이 벅차네요 지창욱 액션연기 넘 좋아요 넘 기대되네요  
20161229,10,지창욱사랑해사랑해사랑해사랑해사랑해사랑해사랑해사랑해사랑해사랑해사랑해사랑해사랑해사랑해사랑해사랑해지창욱사랑해사랑해사랑해사랑해사랑해사랑해사랑해사랑해사랑해사랑해사랑해사랑해사랑해사랑해사랑해사랑해사랑해사랑해사랑해사랑해사랑해사랑해사랑해사랑해사랑해사랑해사랑해사랑해  
20161229,10,지창욱 첫스크린작 대박나라 !!!  
20161229,10,기존의 영화와는 다른 신선한 소재기대됩니다~~  
20161229,10,자창욱이라서~지창욱이니까~  
20161229,7,뭔가 스토리 진행이 뻔할거 같은 느낌이네요ㅜㅜ  
20161228,10,뻔하지않은 스토리에 명감독에 배우들까지 기대된다  
20161228,1,영화의 소재가 크게 와닿지않네요.심은경씨의 새로운 도전은 좋아보여요.앞으로도 2편정도 기다리고 있는데 2017년에도 활발한 활동 부탁해요.  
20161228,10,지창욱형♡♡ 대박나시길 기도할께용  
20161228,9,웰컴투 동막골 감독이라 일단 기대하고있땅 ^^  
20161227,8,영화자체로서는 모르겠는데 지창욱때문에 본다  
20161227,10,밑에분 공식포스터는 아직안나온걸로 알고있어요 임시포스터인듯 암튼 예고편대박이다!!!! 경쾌한영화가될것같아요  
20161227,10,영화는엄청기대되고재미있어보이는데.포스터가약간재미없어보이는데.나만그런가...???  
20161227,10,조작된 도시가 드디어 개봉한다니~!! 넘넘 고생한 지창욱배우 수고가 헛되지않게 초초대박났으면 좋겠어요~~♥ 영상도 예고도 넘 멋지네요~감독님도 화이팅~~♥  
20161227,10,와 지창욱 역시 잘생겼어.... 심은경은 뭐로 나오지  
20161227,8,지창욱 팬이지만 먼가 스토리 내용이 예상되는듯한 느낌...? 제발 재밌어라  
20161227,10,후다닥 개봉이나했으면 ㅎ  
20161227,10,더케이투에서도 액션 여기서도 액션 드라마 영화 물불안가리고 몸을 날리시네 ㅋㅋㅋ창욱형님이라 믿고 본다!!  
20161227,10,영화대박나길지배우 멋짐폭발 예고편 대박심쿵..심장이 둑흔둑흔  
20161227,10,"아 지창욱님을 드디어 영화에서,,,!!!  "
20161227,10,대박!!예고편보니 엄청 재밌고 대박날듯~완죤 기대됩니다 드뎌 2월 개봉하네요~지배우님꺼는 무조건 꼭 보러갑니다 믿고보는배우♡조작된 도시♡ 영화도 지창욱도 다 대박나세요.천만기원♡지창욱 홧팅!!  
20161227,10,예고편 보고 완전 기대중이에요ㅋㅋㅋ  
20161227,10,영화 대박을 기원합니다.  
20161227,10,천만배우 천만감독 기원합니다 오랫동안 고심한결과물이니 더더 기대 됩니다  
20161226,10,진짜 대박날 것 같습니당~~!!  
20161226,10,와우~ 예고편 보니까 대박날듯!!  
20161226,10,무조건 봅니다.  대박기원^^  
20161226,10,지배우 영화라면 무조건 봅니다~  
20161226,10,액션은 역시 지창욱~♥  
20161226,10,창욱님 사랑해요 무대인사 꼭 갑니다  
20161226,10,박감독님 작품 너무 기대되네요 왠지 대박의 느낌적 느낌이 팍팍!!!  
20161226,10,I Can Wait Your Movie Ji Chang Wook Oppa ?  
20161226,10,되게 오래 기다렸는데 드디어 볼 수 있겠네요!! 기대하고 있습니다ㅎㅎ 영화대박나세요!!!!  
20161226,10,예고편 보니 더 기대되네요.  재밌겠어요  
20161226,10,진짜  기대되네요  대박나라~  
20161226,10,액션하면 지창욱 지창욱하면 액션  
20161225,10,갓창욱 ♥ 갓창욱♥갓창욱♥  
20161225,10,박광현 감독님 동막골도 잘 봤습니다! 이번 지창욱씨 영화도 너무 기대되요!  
20161225,10,내년 초 1월달쯤에 개봉할거같아요 ! 지창욱씨의 멋진 연기 !!!! 엄청많이 기대중!!!  
20161215,10,천만갑니다~ 지창욱이잖아요!!!  
20161212,10,지창욱 떄문에 볼꺼이뮤ㅠ아 군대가기전 마지막 영화겠쬬..?기다리겠습니다 ㅠ  
20161209,10,힐러 더케이투보고 지창욱 팬됬는데ㅠㅠㅠㅠ이거 언제 개봉하나요ㅠㅠㅠ  
20161208,10,영화 언제 개봉하나요??? 빨리 보고 싶습니다. 지창욱 배우님 사랑합니다.!!!! 대박나시길 기원할게요. 조작된 도시 아자아자 파이팅^^  
20161130,8,개봉 언제 해용?ㅠ 창욱이 오빠 얼릉 보고싶어요ㅠㅠ 올해 개봉한다고 들었는뎅ㅠ  
20161111,10,지배우님  스크린서   빨리보고 싶어요!!!??  
20161111,1,이거 올해안에 개봉은 하나?  
20161106,10,"지창욱~외모, 몸매, 연기,액션,메너, 매력, 이 모든걸 골고루 갖춘 배우는 지창욱 뿐에요~영화 기대 됩니다~ 대박 나길~^^  "
20161104,1,신하균 런닝맨 처럼 만들지말아라 ㅋㅋ  
20161103,10,심배우나와서 더욱더기대되네요지창욱님도 굉장히 좋아하는배우 인데요 같이 어떤 호흡을 보여줄지 굉장히 설렘반 기대반이네요  
20161027,10,지창욱  액션연기 기대됩니다!  
20161018,10,지창욱 스크린에서도 빨리 보고싶다><!!!!  
20161002,10,영화 찍은게 언젠데 왜 개봉안하나요...무슨 문제라도..ㅠㅠ  
20160927,10,창욱이오빠가 나오는거면 개봉되자마자 믿고봅니다!!!  
20160907,10,개봉은 언제 해요 ????  
20160829,10,영화 개봉일만 기다리고있어요~  
20160811,10,웰컴투동막골 감독님이라면 꼭봐야지 너무나좋아하는 영화라서 감독님이하신 다른작품도 찾아봤는데 더이상 영화활동 안하는줄 알았네요.. 근데 작품나오신다니 너무너무반갑고 꼭 볼게요  
20160802,10,언제 개봉 하나요??언능 보고싶어용  
20160731,10,개봉 도대체 언제쯤에 할까요ㅜㅜ  
20160718,10,스크린에서도 지배우님을 응원합니다♥ 다치지말고 무사히 마쳤으면 좋겠어요! 개봉하면 바로 달려가서 볼게요~!!  
20160630,10,지창욱배우의 연기를 믿고 기대하며 기다리고 있습니다  
20160629,10,도대체 언제나오는건가요 ㅠㅠ  
20160516,1,캬 캐잼 캬 캐잼 ㅋㅋㅋㅋ  
20160502,10,완전 기대되요!!빨리 개봉했으면 좋겠어요 지창욱 심은경 케미  
20160430,10,빨리 보고싶습니다.  개봉하기를 기다리며  
20160406,4,나는 아무말도 안할것이다. 왜냐하면 할말이 없기때문이다  
20160404,10,기대~ 언제 개봉? 여름?  
20160403,1,망했네 심은경 때문에!  
20160305,10,영화개봉 기다리고 있어요. 촬영 다치지 말고 무사히 잘  끝마치길 바라겠습니다.ㅡ엄마손 한식뷔페ㅡ  
20160303,10,지창욱사랑해?????  
20160222,10,언제개봉하려나..ㅠ어서 극장에서 지배우님 보고시픈뎁..  
20160203,10,꿀잼예상!ㅋㅋㅋㅋ!+!!  
20160202,10,힐러에서 완전 팬됨...근데 힐러를 1년이 지난 지금 알게됨...꼭 보러 갈꺼임~~  
20160201,10,아.. 현기증난다ㅋㅋ 스틸컷이라도 좀만 더 보여주시지ㅠㅠ 암튼 기댜됨 영화 개봉하자마자 봐야지  
20160129,10,지창욱 너우 멋있네요!!!기대하겠습니다  
20160127,10,정말 기대되요ㅎㅎ 지창욱 오빠 팬이에요~~ 이영화 정말 정말 기대되요ㅎㅎ 영화 빨리 개봉하길..ㅎㅎㅎ  
20160124,10,  지창욱씨가  화면에 비친 첫 순간부터 팬이 됐답니다    그 이후로 지창욱씨 출현한 모든 드라마를 열심히 시청했죠영화도  엄청 기대하고   개봉날 무진장 기다리고 있는데 안볼리가 있나요   지창욱씨가 고생스레 촬영한 영화 대박나시길 기원합니다  
20160122,10,우리아파트에서 촬영했는데..  기대됨!  
20160120,10,지창욱님의 연기...빨리 보고싶어요...  
20160119,10,지창욱은 힐러를 찍었으므로 액션영화는 기대해도 좋을만하다! 역시 내남자 언넝나와라~~  
20160115,10,지창욱이 영화를 찍다닛  
20160113,10,정말 기대됩니다~지배우님 연기 정말 애타게 기다리고 있습니다.  
20160111,10,언제 나와요ㅠ빨리 보고싶어  
20160108,10,잘생긴얼굴에   연기까지  잘하는      지창욱  기대됩니다  
20160106,10,지배우님 팬이에요!! 영화 꼭 혼자서라도 보러갈게여~~기대만발! 언제나 응원할게여~~ 사랑합니다!!!  
20160105,10,창욱오빠 영화 첫 주연 기대되구요영화 정말정말 재미있을것같아요꼭볼께요!  
20151231,10,보고싶어요 지배우님 스크린영화 화이팅~대박나세요  
20151230,10,지창욱 배우 빨리 보고싶네요!! 개봉날짜나오기만 기다리고있어요!! 요즘 대세인 안재홍배우님도 나오신다니 궁금하네요!! 다 실력파 배우님들만 나오시니 기대하고있어요!! 조작된도시 백만 권유합니당  
20151229,10,ㅜㅜㅡ미치겠네요 글쎄요 잘못눌렀어요ㅜㅜ!! 90번째 제가눌렀습니다.. 하.. 진짜 이영화꼭볼거에요 힐러에서지창욱님팬됐는데 눈빛연기쩔었죠 아직도 힐러여운이남아있답니다.. 기대할게요! 이 별점이 영화개봉후에도 유지되길!  
20151221,10,b.b.b.b.b.b.b.b.b.b.  
20151215,10,지창욱씨 액션연기는 힐러에서 이미 증명된거 아닌가요^^스크린에서도 꼭 보고싶네요.  
20151210,10,"개봉언제야,,,,2016년 아 언제오니 빨리와  "
20151206,10,지창욱 눈빛연기 기대합니다 화이팅!  
20151205,10,지창욱 힐러 때 액션들 너무 인상깊게 봤는데 이번에 또 액션ㅠㅠ!!!!너무기대되요~ 화이팅!!  
20151130,10,지창욱의 액션연기를 다시 한 번 더 볼 수 있게되어 기쁘네요! 우리 지배우 다치지 말고 촬영 잘 끝냈으면 좋겠습니다.  화이팅~  
20151129,10,우와 지창욱이랑 심은경... 완전 좋다 진짜..  
20151122,10,영화에서뵐수있어서영광이에요창욱오빠멋진연기기대됩니다  
20151119,10,김민교 오빠 영화 개봉 기대될께요   이자홧팅~~♡♡  
20151106,10,지창욱하고 심은경 케미 완전 달달 할듯...영화 볼때 지창욱만 보일듯..ㅎㅎ  
20151103,10,꼭 보겠습니다 사랑합니다♥♥♥  
20151029,10,지배우를 스크린에서 보길 기대기대  
20151028,10,말이 필요없는  연기파 지배우님  기대만발  입니다 ..^^  
20151028,10,뭐? 할말 있나요? 길게 말이  필요 없는것  같은데....?  
20151025,10,1000만 가자!!!창욱이 화이팅!  
20151022,10,창욱씨드라마 다봤는데영화도봐야죠제일좋아하는배우꼭보고싶어요 기대가참많습니다다치지마시고화이팅하세요♥♥♥  
20151010,10,"배우 지창욱의 첫주연 영화 ~ 넘넘 기대됩니다!기황후,  힐러로 이미 믿고보는 배우라 생각됩니다.지금 한류의 중심에 서있는 배우인데 국내에서는 실제가치보다 저평가된 느낌이 드는데이 영화를  통해 더욱 성장하고 인정받고 사랑받길 간절히 응원합니다♥  "
20151007,10,지창욱이라니..!!!♡♡♡  
20151002,10,웰컴투 동막골 재밌게 봤습니다~  이번 영화도 기대만빵^^  
20151001,10,기다렸어요~박감독님!!  
20150928,9,영화에서도 볼수있다니!좋습니다!기대할게요오!^^  
20150921,10,잘생긴 창욱오빠 나온다닝》《 꼭 볼꺼양》《!!  
20150921,10,기대되요^^지배우화이팅!  
20150919,10,화이팅하세여!기대하고 개봉하면 친구들이랑 꼭 보러갈께요~~오빠 힘내세여ㅎ  
20150918,10,제발...손꼬박기다리고있어요...빨리빨리 보고싶네요~♡연기의갑 지창욱 홧팅!!!  
20150916,10,믿고보는 지창욱&심은경!!! 응원합니다^^  
20150913,10,지창욱배우 빨리보고싶어요 ㅠㅠ  
20150912,10,개봉까진 먼 얘기지만 지창욱배우님의 영화제 레드카펫 걷는 모습을 상상하며 설레는 마음으로 기다립니다~영화 대박나길!화이팅입니다!^^  
20150908,10,대박날거예요!!!!무조건유료예매!!^^;  
20150908,10,아 지창욱때매 미치겠당 진짜빨리보고싶어  
20150906,10,진짜기대많이하고있습니다!!  
20150906,10,꼭 볼겁니다. 기대되는 작!!  
20150825,9,지창욱 나오면 일단 본다  
20150825,10,믿고 보는 배우 감독 기대되는 영화입니다.특히 지창욱배우 스크린 첫 주연~액션연기 기대되고 심은경씨와 케미도 어떨지 무척 궁금하네요.  
20150820,10,와...지창욱 배우님이랑 심은경배우님이랑 둘의 케미가기대됩니다...♥♥ 빨리 개봉하길  
20150819,10,조작된도시 대박기원합니다!! 천만 갑시당^^  
20150819,10,지배우님 첫 주연 조작된도시~!!권유~천만가자~!! 완죤 기대기대 됩니다^^~  
20150818,10,지창욱 첫주연의 영화 !. 하지만 부담갖지 말고 지금까지 해오던데로 당신만의 색으로 멋진 권유를 만들어 내리라 믿어 의심치않는다 화이팅 ♥♥♥  
20150811,10,창욱오빠 진짜기대하구있어요!영화대박!!!♡  
20150809,10,빨리보고싶어요..지창욱이라 더 기대되네  
20150808,10,우리집쪽이서 촬영한다던데 근데 촬영중이라 가볼수가..없다.. 좀있다 한번 올라가 봐야지! 여튼 출연자와 조작된 도시! 대박나세요 꼭 보러가겠습니다!  
20150801,10,지창욱♡♡액션연기♡기대합니다♡♡  
20150801,10,"오늘 저녁먹으러 가서 김상호 배우님을 봤는데~ 매너가 진짜 좋으세요!! 영화촬영중이신듯 한대, 개봉하면 꼭 보러갈께요~ 완전 기대하고 있을께용!!  "
20150731,10,지창욱 액션연기도 완전 기대♥♥ 드디어 스크린에서 지배우님을 만날수있다니 완전 기대하고있습니다♥♥♥  
20150731,10,지창욱배우의 첫주연작이라 더 기대되는 작품입니다^^어떤 캐릭터를 만나던 연구하고 고민하며...하나의 완성된 캐릭터를 만들어가는 배우...지창욱...권유도 지창욱이라는 배우에 의해 멋지게 탄생될 것이라 믿어의심치 않습니다^^ 권유~화이팅!!♡  
20150731,10,완전 기대 만빵연기파  두분 화이팅요!  
20150731,10,지배우님이라면 믿고보겟슴당 !!!!지창욱 화이팅  
20150730,10,지창욱 배우 연기력 드디어 진가를 보여주나요.스크린 대박 기원합니다.  
20150730,10,"제목만으로도 제가 정말 좋아하는 액션,스릴,형사물? 느낌이 나요!!! 개봉하자마자 보러갈겁니다!! 캐스팅도 굳♥♥♥ 조작된도시 더운데 촬영하시느라 고생이 많으세요ㅜㅜㅜ 천만관객 돌파할 영화 조작된도시♥♥♥  "
20150730,10,"지창욱, 심은경 배우의 명품연기 기대합니다!!!  "
20150730,10,지배우님을 드디어 스크린에서 맘껏 볼수 잇네요♡진짜 내년까지 어떻게 기다려요ㅠㅠㅠ엄청엄청 기다리겟습니다ㅠㅠ♡기대해도 후회 없을것 같아요ㅜㅜ열심히 촬영하세요!!  
20150730,10,믿고보는 배우 지창욱!!스크린의 모습 기대합니다.조작된 도시 대박~~!!  
20150716,10,개봉빨리했으면좋겠당♡♡♡♡  
20150712,10,흐엉ㅠㅠㅠㅠ빨리보고싶어요ㅠㅠㅠㅠ  
20150710,10,좋은영화부탁드립니다^^감독님 출연배우님들 스탭여러분 파이팅!지배우님♡ 기대하고있어요♡  
20150710,10,지창욱 심은경 나오면 꼭 봐야함! 지창욱 잘어울릴꺼같아여!!  
20150709,10,기대되는 영화 빨리보게되는 날이 오길  
20150709,10,언제 개봉하던 기다릴 수 있으니까 다치지만 말고 촬영해주세요..ㅜ기대할게요♥  
20150709,9,조연들이 왤케 시원찮냐.... 지창욱때문에봐야겠다  
20150708,10,지창욱표 액션 완젼 기대됩니다.연기도 잘하는 배우 대체불가배우..지창욱 스크린 첫 주연 축하드리고 영화대박 기원합니다  
20150708,10,20대 최고의 연기력 지창욱배우 다른 배우분들도 모두 인정받는 연기력의 배우들 !! 영화 기대합니다. 대박 화이팅 !!  
20150708,10,영화 대박 나고  좋은 날 보내시기를~^^?  
20150708,10,"너무 기대되고, 긴장되고 설레는데 내년까지 어떻게 기다리나용...ㅜㅜ무쪼록 아무 탈 없이 무사히 즐겁게 촬영하시길 바랍니다!!지배우 화이팅!!!  "
20150708,10,"배우 지창욱의 연기는 정말 대단하죠. 언제나 캐릭터에 몰입해서 완벽한 연기를 보여주는 최고의 배우!!  외모, 연기력, 발성, 액션 모두 완벽한 배우 지창욱이 연기하는 '권유'라는 인물이 벌써부터 기대됩니다!!!  "
20150708,10,온 마음을 다해 지창욱 배우를 응원합니다~~♡영화 대박 날것같아요!!!  
20150708,10,벌써보고싶네요ㅠㅠ기대 !!?  
20150707,10,조작된 도시 벌써부터 상영일이 기다려 지네요.  믿고 보는 배우 지창욱 배우님 기대할께요. 화이팅!!그리고 탄탄한 연기력의 출연자분들도 화이팅 하세요!!   박광현감독님 '웰컴투 동막골' 정말 재미있게 보았습니다.  이번 작품도 많이 기대됩니다.  
20150707,10,너무너무 기대되는 영화네요~개봉일까지 어떻게 기다리지ㅋ 몸 조심히 촬영 잘하시고 항상 지창욱 배우를 응원합니다^^  
20150707,10,박광현 감독 지창욱 심은경 오정세 배우님 다들 넘흐 좋아요. 영화 대박나세요~!!  
20150707,10,외모와 연기 ...뭐하나 빠지는 것 없는 지창욱 배우의 메소드 연기 정말 기대됩니다. 빨리 보고싶네요~~^^  
20150707,10,우와우와~~넘넘넘 기대됩니다.지창욱배우님께선 이번엔 어떤모습으로 짠~나타나실지..벌써 개봉일이 기다려지네요~!!!연기력이야 두날하면 잔소리고 ㅎㅎ으라차차 화이팅하세요!!!  
20150707,10,진짜 기대되는 영화!! 지창욱이 주연이라면 믿고보겠음~~  
20150707,10,지창욱 영화라니~너무나 기대됩니다~^^~독보적인 연기려과 미모~~아시아에서 요즘 가장 핫하다는 지창욱~~영화 대박예감!!!♡♡♡  
20150707,10,지창욱 배우가 주역이니 믿고 보는 흥행작이 되겠네요. 20대에 지창욱 배우만큼 연기력과 지력을 갖춘 배우는 없다고 봅니다. 진정 탁월한 선택입니다.  
20150707,10,평소 관심있던 배우 지창욱 이제는 믿고보는 배우 지창욱ㅋㅋ!!기대되네요 영화로 첫주연이라는데 화이팅##  
20150707,10,기대되용~지창욱 퐈이팅~!! ^♡^  
20150707,10,너무 기대되고 설레네요.믿고 보는 지창욱배우 스크린에서 또 다른 활약상이 기대됩니다.화이팅^^  
20150707,10,지창욱씨..  믿고보는 배우지요.너무너무 기대됩니다.건강하게.. 무사하게 촬영하길바래요!  
20150707,10,심은경님 연기가 마니 기대되요 빨리 보고싶네요~  
20150707,1,그냥 1점 줘봤슴다 헤헤 영화 대박나세요  
20150707,10,영화 대박나세요~^^  
20150707,10,두근두근♥연기력.비쥬얼 어느하나 놓치지않는 영화일 예감!오픈하자마자 달려갑니다~기대치 최고!  
20150707,10,지창욱 오정세???????? 완전 기대ㅜ  
20150707,10,지배우님 첫 주연 스크린 작품이네요♡1년동안 어떻게 기다리죠...?꼭 대박나길 기원합니다!더운 날씨에 액션하느라 힘드실텐데 안전하게 촬영하세요!!  
20150707,10,지창욱배우님의   첫 주연작  조작된  도시  완전 기대됩니다 ^^  
20150707,10,믿고  보는 감독. 그리고 배우들. 좋은작품 나올거라 기대됩니다. 더운데 촬영 잘마치시고 개봉일만 기다리겠습ㄴ다.!!  
20150707,10,베스트영화가 되길 바랍니다 !! 화이팅 !!  
20150707,10,당연히 기대가되는 지창욱!  
20150707,10,믿고보는 연기 잘 하는 지창욱씨 스크린에서도 기대됩니다.  
20150707,10,20대 배우중에 지창욱의 연기력을 능가할 수 있는 배우는 없다!! 힐러를 보지 않은 사람들은 테클걸수있겠지만~^^대작가 송지나 선생님도  칭찬을 거듭 하셨습니다! 개봉하면 100번도 볼수있음~아 떨려 두근두근♡ 지창욱의 눈빛연기 심쿵♡  
20150707,10,"스크린에서 빨리 지배우님 모습보고싶어요 완성도높은,재미있는 작품으로 쨘~개봉해주세요 감동님,다른배우분들,스텝분들 모두 홧팅!!입니다 항상 건강하세요^^♥  "
20150707,10,연기잘하는 지창욱의 첫 주연 영화 완전 기대 됩니다  
20150707,10,우오오옹~!지창욱!!!!♥♥♥♥  
20150707,10,지창욱 배우의 새작품이라더니내용도 재밌어보이고 다른 배우들도 연기력이 짱짱한배우라 매우 기대됩니다대박나라~!!!!  
20150707,10,너무 너무 기대됩니다. 지배우화이팅이요 ^^  
20150707,10,완전완전 기대되요^^  
20150707,10,지창욱배우의 힐러에서의 액션을 또 볼 수 있다니 벌써부터 너무 기대되네요!! 배우들과의 캐미와 감독님의 연출도 기대기대♡ 다들 다치지말고 촬영 잘 해주세요 지창욱배우님 화이팅입니다!!  
20150707,10,"지창욱배우 액션연기 기대됩니당~~ 배우분들 모두 다치지 말고 촬영 무사히 잘 마치시고 얼른 개봉해주세용~~기대만땅,대박기원합니다!!!  "
20150707,10,지창욱 배우의 액션과 연기를 하루 빨리  스크린에서 볼 수 있기를...정말 많이 기대하고 있겠습니다!! 초대박기원~흥해라~~~  
20150707,10,너무너무기대됩니다. 지창욱배우님..그리고감독님 배우분들 촬영무사히잘 마치셔서 좋은영화만들어 주시길 바랍니다. 조작된도시홧팅입니다^^  
20150707,10,지창욱 배우님 완벽한 연기력을  맘껏 발휘하시길 바랍니다  가장더운시기에 촬영하시니  항상건강신경쓰시고   절대다치지마세요  배우님을사랑하는 모든 팬들이 뒤에서 항상 응원하고 있습니다  영화는 당연 대박입니다♡♡♡♡  
20150707,10,지창욱의 신들린 연기!!! 오래기다렸습니다!!빨리보고싶었습니다 !!조작된도시 대박나시고 행쇼하세요~퐈이팅!!  
20150707,10,연기력을 따라올 자가 없지. 화이팅! 지창욱!  
20150707,10,지창욱배우의 첫 상업영화인만큼 기대하고 있겠습니다!연기파 배우분들이 다수출연하니 꼭!보고싶네요ㅎㅎ기대하고있을께요~  
20150707,10,영화 재밌겠다!!!!  
20150707,10,벌써 개봉이 기다려지네요! 지창욱씨 연기 기대합니다 ~~  
20150707,10,벌써부터기대되요   빨리보고싶구요 안전하게 촬영 했으면좋겠어요♡  
20150707,10,완전 기대되는 영화!모든 출연배우님들 연기력은 알아주는데영화 첫주연으로 스크린 데뷔하시는 지창욱배우님의연기가 완전 기대됩니다물론 TV에서 검증된 연기력이지만요~^^  
20150707,10,촬영시작한지얼마안됫는데 개봉이너무기대되요! 힐러에이어 지배우님의 멋진액션연기! 스크린에서 지배우를볼수있다니 너무영광이에요♡ 힘내세요 화이팅! 몸관리잘하시구요 :)  
20150707,10,벌써부터 기대되요~~지창욱배우와 그외 모든 출연배우님들 더운데 홧팅이십니다!! 영화 잘 촬영하시고 대박나길 기원할게여~~  
20150707,10,지창욱 액션연기 정말 기대됨.심은경과의 케미도 설레고..  
20150707,10,촬영은 이제 시작인데 벌써부터 개봉이 기대된다!지창욱에게 진짜 어울리는 역활일거같음!! 또 액션이라니 ㅠㅠ 다치지말고 무사히 촬영 끝내길 ! 개봉하면 홍보 많이 하고다닐게요!!!  
20150707,10,스크린에서도 지창욱!  
20150706,10,영화 대박나기 기원합니다  
