0,1,2
20170502,10,오늘 보고왔습니다. Vol.1을 스크린으로 못봐서 아쉬웠는데 Vol.2로 제대로 시청하고왔습니다. 증말 재밌으니 꼭보시는걸 추천합니다. 참고로 쿠키영상은 5개나 있으니 놓치지마세요!  
20170502,10,재미와 감동을 모두 주었어요~1편도 찾아 볼 예정!!  
20170502,10,욘두캐리네요 기억에 남아요  
20170502,10,아 이거보려고 1편 티비로 결제해서봤어영ㅎ 역시 병맛제대로ㅎ 우울했는데 엄청웃으면서 봤네요ㅎ 자막다올라갈때까지 앉아서 기다리는 쎈스~!!!  
20170502,10,정말 기대했던만큼 너무 재밌었어요 ㅠㅠ  
20170502,9,유쾌한 캐릭터들과 음악의 조화 기대합니다 ^  
20170502,10,흐흑하악 10점 쥼. 취향 차는 이런 영화에서 언급하는게 아닙니다. 액션이면 액션 코미디면 코미디 두루 갖췄습니다.  
20170502,10,가디언즈 오브 갤럭시는 반드시 돌아온다  
20170502,10,볼만합니다. 추천 꽝꽝  
20170502,1,아...영상미는 좋네요  
20170502,8,재미있게 보고  즐겁게  웃었네요  
20170502,10,3년을 기다린 가오겔정말 재미있었습니다그루트도 귀여웠구요 가오겔만의 매력을 느낄 수 있었습니다로켓 비중이 많아서 저는 개인적으로 너무 좋았어요마지막 감동까지 확실 챙겨주는 마블 강추입니다  
20170502,10,어벤저스3으로 가는 길목  본격적으로  우주적  배경이  어벤져스에  등장한다...  
20170502,9,굳굳굳!굳굳굳!굳굳굳!  
20170502,10,진짜 재밌다 개그코드도 잘맞음  
20170502,10,아. . . 진짜 꿀잼이에요. ㅜㅜ  
20170502,9,보고왔다 욘두 죽어서 1점 깍았음 진짜 코믹과 감동 로멘스를 적절히 퓨전해놓은 영화마블영화는 한 작품이 아닌 이음새라는걸 보면 인피니티 워가 정말 기다려진다  
20170502,10,재미나요  1편도안봤는데 즐겁게관람했습니다!!!짱짱  
20170502,1,스타로드 아버지가 악당인데 이유도 불분명하고..여러모로 1편보다는 아쉽네요.1편은 정말 최고였는데...  
20170502,10,역대급 꿀잼!!!! 추천  
20170502,10,진짜 이건 인생영화닼ㅋㅋㅋㅋ 꼭봐야함  
20170502,10,Welcome to the freakin guardians of the galaxyAnd say good bye to udonta...  
20170502,10,그루트는 역시는 그루트하네요~~  
20170502,8,1편이 만약 2편과 바꾸어 개봉했다면 17년도 상반기에 최고였을텐데 전작에 비에 조금은 아쉬웠다. 그러나 나쁘지 않았음.  
20170502,9,간만에 보는 잼나는 영화...아이 엠 그루트....기억에 많이 남네요...ㅋㅋㅋ강추  
20170502,10,진짜 최고 재밋엇어요.  
20170502,10,아이엠 그루트 아이엠 그루트  
20170502,9,생각보다 그렇게 재밌진않았음  
20170502,5,주변에 재미있어 웃는 사람도 있었지만 개인적으론 그냥 그러네요  
20170502,10,씹재밌다 ㄹㅇ 꿀잼...  
20170502,10,그냥 말이 필요없죠 당장 보러가세요 멀뚱멀뚱 앉아있지말고  
20170502,10,쿠키영상이 아쉬운거 빼고 다 완벽함!  
20170502,10,역시나 아주아주아주 재밋엇습니다  
20170502,10,끝내주는 노래 모음집은 극장에서 들어야지  
20170502,9,2번의 오버 개그로 1점 감점  
20170502,10,기대를 충족하는 영화어썸!!!  
20170502,10,개 꿀잼근데 쿠키영상이 좀 부실함  
20170502,10,"로켓,드렉스 존나웃곀ㅋ 너무 웃겨서 다음편이 바로 궁금해진다  "
20170502,10,아버지의 의미를 생각 하게 하는 가족 영화 입니다.욘두!!!!  
20170502,9,2편 주인공은 욘두...  
20170502,8,마지막 20분이 아쉬웠음...ㅜㅜ  
20170502,10,욘두는 진정한 아버지였다.  
20170502,10,역시 기다린 보람이 있었음!  
20170502,10,ㅋㅋㅋㅋ너무재밌게봄  
20170502,10,Episode. 욘두  
20170502,10,그루트가 정말 귀여움.  
20170502,10,야 이 잡것들아ㅡㅡ스포일러하지마 댓글에!!그거보고 지금 영화보고왔는데확짜증나네 스포하는것들 신고하는 시스템좀 만들어줘라좀!!!  
20170502,8,1편보단 아니지만 뒤로갈수록 잼 ㅇㅇㅇ 마지막 메시지 좋음노래는 이번에도 좋음 한번만 볼사람은 3D추천  
20170502,10,개꿀잼이다 진짜 이건^0^  
20170502,10,욘두해요~ 욘두해요~ 욘두가 개간지  
20170502,10,"하루 일찍 이벤트로 개봉하니 보았다. 최고다!영상미, 음악, 캐릭터 등등 모든 것이 완벽하고 보는 사람의 모든 감정을 이끌어내는 영화다. 이런 장르의 영화가 내 인생 영화에 들어올 줄 몰랐다. 처음으로 DVD를 소장하고 싶어졌다. 4D영화로도 최고!  "
20170502,10,기대를 저버리지 않는 마블시리즈!ㅋㅋ계속 빵빵 터지면서 봤네ㅋㅋ  
20170502,9,재밌었습니닼ㅋㅋㄱㅋ다엗에도 또볼개요  
20170502,10,욘두 우돈타ㅠ잘가요 ㅠ  
20170502,10,재밌었어요~ 시간 가는 줄 몰랐어요  
20170502,10,재밋어요 그루트의 귀여움으로 1편을 뛰어넘습니다쿠키영상은 5개! 많긴한데 영양가는별로없습니다ㅋㅋ  
20170502,9,증명되었다! 마블의 힘은 연출력!  
20170502,10,대만족입니다. 기분좋네요  
20170502,10,재미있어요ㅎㅎ 1편보다 한 5% 부족한 느낌!?  
20170502,10,가디언즈 오브 갤럭시 VOL. 2 전야개봉으로 봤는데 정말 재미있어요!!  
20170502,10,진짜 너무 재밌었다. 제임스건 감독 대단하다... 쿠키영상이 좀 아쉽다ㅠ  
20170502,10, 재미 + 감동 진짜 최고의 영화. 꼭 보시길. 나는 그루터다!  
20170502,10,awesomeeee  
20170502,8,mcu 빠돌이라 기대햇는데..1편이 훨낫네요  
20170502,10,베이비그루트는 오직 가오갤2에서만 볼수있는데도 안볼거임?  
20170502,9,영화 내내 맨티스가 된 기분...♡  
20170502,8,쿠키영상빼고 굿!!!!  
20170502,10,너무너무 재밋어요!강추해옇ㅎ  
20170502,8,나의 최애캐가....  
20170502,10,크리스프랫 존잘생~~  
20170502,10,라바져스 장례식 ㅜ.ㅜ  
20170502,10,대박임! 졸잼 오늘 선개봉한지 몰랐다가 우연히 봤군여!!  쿠키는 많은 기대 ㄴㄴ  
20170502,8,갤오가 vol.1은 우주버전 어벤져스였는데Vol.2는 병맛 과다섭취한 느낌?그래도 재밌고 크리스프랫 도 여전히 멋지고 결론은 우린 모두 그루프입니다.  
20170502,10,I'm groot! 센스 슬픔 영상미 다 놓치지않고 다 담은 영화였어요  
20170502,10,개재밌다ㄹㅇ로!!!  
20170502,7,볼거리는 화려한데 뭔가 좀 부실한 듯한... 그러나 감성을 자극 막판에 눈이 퉁퉁 부어서 나왔네  
20170502,10,재밌네ㅋㅋㅋ 드랙스는 진짜 웃기려고 나왔나ㅋㅋ  
20170502,7,1편을 능가하긴 어렵구만  
20170502,10,잔잔하다 잔잔하게끝난다..  
20170502,8,웃음코드 노리고 만들었네  
20170502,8,영상 좋은데 자막은 별로 맘에 안들어서 8점  
20170502,9,우주의 화려함과 중간중간 웃음을 주는 대사들까지! 역시 마블산은 믿을만합니다! 그리고 보고나와서 지금까지 귀염둥이 그루트가 머리속에서 계속 떠오르네요  
20170502,10, 최고입니다. 이 글을 보는 사람 모두 꼭 보길 추천합니다.다른 평점은 무심코 보지 마세요. 스포있습니다.  
20170502,10,짐 안산 cgv 개봉해서 보고 왔는대여 후회안합니다 꼭 보세여! 스토리 탄탄하고 액션도 재밋습니당  
20170502,8,산만하지만 의리로 봤습니다.. 역시 1탄이 레전드였군요..  
20170502,10,재미있더라 정말이지 엔딩크레딧 3개였나 여튼 마블스튜디오나오기전까지 일어나지마세요  
20170502,10,1편인줄알고 가볍게보러갔는데 2편이었다....와대박최고완전  
20170502,9,우주는 이 너굴맨이 지켜냈으니 걱정 말라구~  
20170502,10,SF 영화의 진수...  
20170502,10,잼나요 달리 할말이 없음 재미짐  
20170502,10,우리나라는 언제쯤 이런 영화를 만들 수 있을까.... 정말로 차원이 다르네  
20170502,10,"욘두아재, 그는 참 멋진 아재였습니다.  "
20170502,8,재밋음 가오갤1 보다 나음근데 나는 웃으코드가 맞진않음그냥 피식피식욘두랑 그루트가 짱!!  
20170502,9,재미쩡 드랙스에 반함ㅋㅋㅋㅋ  
20170502,10,완전 강추! 1편도 겁나 재미있었는데 2편은 더 재미있음. 시간가는 줄 모르고 봤음  
20170502,10,가오갤1 만큼 재미있습니다 추천 꾸욱  
20170502,9,떡밥빨인 것같다 그래도 내용은 괜찮다  
20170502,6,"생각보다는  스토리가 재미가 없었음,,  "
20170502,10,마지막에 욘두와 스타로드를 잊을수 없다...  
20170502,10,그루트 너무 귀엽고 다음편도 기대되네요  
20170502,10,올해 본 거 중에 제일 재밌다  
20170502,9,"1편부터 가족이 모두함께 영화관에서 본 유일한영화네요 중반쯤 늘어지는듯한 임팩트가 없는듯해 살짝 지루할뻔했지만 역시나 특유의 유머코드, 그루트의 귀여움, 가족애 그리고 사랑이싹트는 우주 마지막 스텔론의 깜짝출연 ㅎㅎ 너무나재밌게 봄  "
20170502,7,너무 기대를 했었나!!! 전형적인 미국식 지루함... 각 캐릭터의 설명에만 편중되어 덜 집중됨.  화끈한 액션을 기대했는데... 넘 귀여운 그루트도 약간 실망...  
20170502,8,가족영화의 왕도. 뛰어난 그래픽과 액션.  
20170502,10,너무 재밋었고 마지막 영화끝나고 기다리세요! 짱잼  
20170502,10,ㅊㄱㅇ 오줌소리 ㄱㄷㅈㅇ  
20170502,10,겁나재밋어요ㅋㅋㅋ여태봤던마블영화중제일재밌네요최고!!영화추천안하는편인데이건진짜혁명이네오  
20170502,10,어몽 마믈 가오갤 미만잡  
20170502,10,완전 웃기고 재밌었어요!!!!대박  
20170502,9,욘두가 이렇게 활약할줄 몰랐다  
20170502,10,우리나라 영화가 안 되는 이유 최근 본 영화중에 제일 재밌게 봤다  
20170502,8,낳아줬다고 아빠냐 키우고 사랑해야 아빠다!  
20170502,10,킹갓두성님의 캐리 ㅜㅡ  
20170502,10,진짜 최고다 마블 영화중에서제일 웃기다  
20170502,9,유머도 적절히 섞여 시간가는불 모르고봄  
20170502,10,역시는역시.  개꿀잼입니다. 감동과 즐거움일!  
20170502,10,그루트 나올때마다 심장폭행 당함  
20170502,10,제임스 건 감독이 만든영화는 앞으로 꼭 본다  
20170502,10,훌륭한 세계관이 만들어낸 훌륭한 이야기  
20170502,10,간만에 어썸한 영화본듯 ㅋㅋ  
20170502,10,1편도 잼있었는데 2편은 더 잼있었음. 그루프 너무 귀염터짐. 엔딩크레딧 올라가면서 쿠키영상4개 정도 있으니 끝나따고 바로 일어나지 마시고 다 보고 가시길~ 3편도 기대됨.  
20170502,10,"욘두 죽음 , 퀼 아버지 에고는 나쁜놈  "
20170502,10,그루트 드랙스가 제일 웃겼다그루트 졸귀고 드랙스 재밌고Vol.1보다 재밌게봄 ㅋㅋ  
20170502,8,역시존잼ㅋㅋㅋㅋ 베이비그루트 너무귀엽다ㅠㅠ  
20170502,9,믿고 보는 마블! 쿠키 영상이 많으니 끝까지 보세요~  
20170502,9,기대치보단덜했지만볼만했다  
20170502,10,아임 그루트 잼나네  잼나  
20170502,10,오늘보고왔는데 말이필요없음ㅋ주인공이대단한사람이였네  
20170502,10,오늘 보고왔음 1편이 최민식때메 뭍힌게 짜증이나지만 ㅎㅎ이번에 특별시민인가뭔가 망했으면좋겠다 스크린쿼터제 OOO기  
20170502,9,믿고보는 마블영화흥행요소 골고루 잘 갖춘 영화답습니다  
20170502,10,그루트 너무 귀여움 ㅠㅠ 또꼬보고싶다 기대를 져버리지않음 ㅠㅠ  
20170502,9,of the baby groot. by the baby groot. for the baby groot. motherfuckin EGO. very good choice OST.  
20170502,10,안봐도 10점 깔고 가는영화  
20170502,8,"전편보다는 아쉽고 아쉬운 점이 더 많았지만, 영화 나름대로의 재미와 감동을 선사해준 마블 영화!  "
20170502,10,역시 개잼 핵잼입니다!  
20170502,10,어벤저스3는 가오갱 중심으로 짜여지길 바래본다  
20170502,10,지금 보자마자 글 씁니다! 감동 재미 모든걸 해냈습니다. 다소 신파적 요소도 있으나 우리 한국 정서에 매우 맞아 눈물 훔칠뻔 ㅎㅎㅎ 새로운 멤버들도 케미 좋네요!!!! 요번 2는 꼭 흥행하길 최애 마블작품  
20170502,10,오늘 선개봉으로 봤습니다.정말 디테일하게 한시도 지루할틈 없게 완벽한 영화입니다! 기다린 보람이 있어요. 정말 재밌고 전 참고로 2번 더 보려해요. 아이맥스로 보면 더 재밌을거 같아요.  
20170502,9,영화중 가장 기억에 남는 단어는 '나는 그루트다' 가장 기억에 남는 캐릭터 '그루트 베이비'  
20170502,10,역시 꿀잼~~다음편도 기대됩니다  
20170502,10,꿀잼개꿀잼 윈터솔저 를 이을 대명작  
20170502,10,역시  첨부터 끝까지 너무 웃었고 다시 봐야지 생각했어요통쾌하고 캐릭터들 다웃기고  ㅎ ㅎ 스토리 괜찮?즐거운 시간이었습니당!  
20170502,10,와...정말 간만에 끝내주게 재밌었다!!!두번 아니 세번 더 봐야지!!!  
20170502,9,아주재미있어요강추 강추 4  
20170502,10,1편 보다 재미있는 2편 강추!!  
20170502,8,꽤재밌음..별로인점도있지만  
20170502,10,워쳐 나온다ㄷㄷㄷ....  
20170502,10,"역시 가오갤, 이번작은 다소 따뜻한 소재네요 ㅋㅋ 훌륭합니다  "
20170502,10,중간에 우주의 모든 것을 관찰한다는 존재가 영화상에 잠시 보였던거 같은데  
20170502,8,즐거운 B급 감성. A급 영상미는 덤  
20170502,10,긴말필요없이~무조건 봐ㅅ.ㅅ  
20170502,10,역시 우주로나가야 신비감과 볼거리에 눈이홀리네 지구에있는 히어로는 우물안 개구리 같다  
20170502,8,어른을 위한 어린이 영화  
20170502,10,최고 최고 최고 최고 꼭 봐라 두번 봐라  
20170502,8,이번 영화의 주인공은 욘두.. 앤드 그루트  
20170502,10,너도 예뻐 마음속만 ㅋㅋ  
20170502,10,욘두....그는 정말 좋은분입니다...ㅠ  
20170502,9,시간 늦어서 못봄..ㅜㅠ 내일은 본다..  
20170502,10,"욘두에 의한, 욘두를 위한 영화였다.  "
20170502,5,전편에 떡밥을 회수했으니 더 많은 떡밥을 뿌려야지. 마블이 찍어낸 헐리우드 부성애  
20170502,10,욘두 : 씨만 뿌린다고 아버지가 되는 건 아니지.  
20170502,8,재미있고 시간 가는줄 몰랐어요. 캐릭터들은 매력적인데 약간 산만한 점도 있네요  
20170502,7,신화의 우주적 해석...볼만은 한데 신선하지는 않아  
20170502,10,인피니티워로 가는 길목  
20170502,10,엄청 재미있네요.엄청 재미있네요.엄청 재미있네요.엄청 재미있네요.엄청 재미있네요.엄청 재미있네요.엄청 재미있네요.엄청 재미있네요.엄청 재미있네요.엄청 재미있네요.엄청 재미있네요.엄청 재미있네요.엄청 재미있네요.엄청 재미있네요.엄청 재미있네요.  
20170502,10,아 진짜 만족하고 나왔습니다!음악부터 연출까지 정말 좋았네요ㅠㅠ아쉬운게 하나 있다면 가디언즈오브갤럭시2로 너무 많은걸 보여주려고 한것 같다는것...?  
20170502,10,재밌어요 깨알같이 웃음포인트 빵빵  
20170502,9,액션신 좋와욥 크레딧 많아요 다 보고오세요  
20170502,7,중간중간에 웃기긴한데.. 전 조금 지루했어요~ 스토리 완성도도 그저 그랬던거 같고요.. 기억나는건 '나는 그루트'  
20170502,10,MCU의 우주진출의 길을 더 넓게 열어놓았다 분명 전편에 비해서 떨어지는 부분은 있지만 멀리 보았을때 MCU의 미래가 보장되도록 만들어주는 그 첫 영화이다  
20170502,10,"오늘 유료시사회 보고왔는데, ㄹㅇ 꼭봐라 진심으로 하는말이다. 미치도록 웃기고 빵빵터진다 졸라재밌음ㅇㅇ 이천십칠년 이거 안보면 후회한다. 나중에 개미 똥꾸녕만한 노트북에 토렌트로 다운받아보고아 10점짜리 영화는 아닌거같은데 알바극혐 ㅇㅈㄹ하면 개때림  "
20170502,8,마블 덕후가 보면 재밋는 영화마블의 모든 영화를 다 보지 않았다면 지루하고 재미 없을지도스탠리 장인은 이번편에서도 나름의 카메오ㅋㅋ  
20170502,10,쿠키영상은 꼭 다보고 나오시길  
20170502,10,마블빠는 언제나 옳은 결정을 합니다. 질러욧  
20170502,10,역시 나 마블은 마블이네요....음청 대박입니다! 정말재미있었어요! 몰입력도 대단대단!  
20170502,9,1탄에 이은 존재감 갑 욘두. 주연마저 무색하게 하는 욘두  
20170502,10,요약: 내가 니 애비다. 펑 펑 펑. (눈물)꼭 보세요~~!!  
20170502,8,나는 그루트다 그루트 졸귀  
20170502,10,여자친구와 함께 관람하였는데 생각보다 너무 재미가 있어서 좋았습니다  
20170502,7,열일하는 욘두그루트의 귀여움을 너무 강조함  
20170502,10,욘두는 최고의 아버지다  
20170502,10,재밌어요~~~!!!  
20170502,10,스포충 뚝배기 깨고싶네 진심  
20170502,1,초딩용 영화 이딴거 왜보는지 ㄹㅇ노이해  
20170502,10,재밌었음 볼것도많고ㅋㅋ  
20170502,10,역시 가오갤은 화려한 영상의 힘...  
20170502,10,결론 마블은 또 성공했다 스포하는넘들은 법적으로 처리가 필요하다  
20170502,10,아..스포당해버렸다..님들이아래로읽지마셈  
20170502,9,음악과 함께하는 즐거운 우주유영시간  
20170502,10,그루트가 분노의  질주 그 빈 디젤이라니!!  
20170502,10,마지막 폭죽놀이 정말 슬프고 아름다웠음  
20170502,10,개인적으로 마블 시리즈 다보고 편당3번이상 본사람으로써 기대됨 ㅠㅠ  내일바로보러갑니다  
20170502,10,욘두죽음 그리고 인피니티워 주요 인물 둘 떡밥으로 나옴 와처랑 아담  
20170502,10,그냥 두말말고  이번연휴에  꼭 보세요!!  
20170502,8,어벤제스 3로가는 관문.라비저스나 기타 소품들은 전편과코믹스를 참고 하시길.  
20170502,10,확실히  재미있다.두시간반 후딱간다.그냥 보면된다.  
20170502,10,아 진짜 너무 감동이라서 눈물이 나서 지금 영화관 뒷자리에서 못일어 나는중 ㅠㅠ  
20170502,9,전야개봉까지 D - 4시간 남았다 대기탄다  
20170502,10,내일 포디 조조로 예매했다 빨리 보고싶다 대박 떨려  
20170502,1,1편이 노잼이어서 기대가 안 된다 어벤져스랑 이어진다고 하니 봐야하나..  
20170502,10,국뽕 스크린쿼터 조지러 온다  
20170502,6,전 필리핀 아이맥스에서 보았는데 몇몇 장면빼고는 지루했었어요 . 오히려 분노의질주 8이게 재미있었음  
20170502,10,무조건  봐야  하는  영화  !!  
20170502,10,"1편 부터 보라,   차원이 다른 sf영화의  소나타.  "
20170502,9,기대됩니당 내일 보러가는데 얼른 봤으면 ㅎㅎ  
20170502,10,아이 엠 그루트 꺄힣 재밌다재밌다  
20170502,10,예매완료 오늘은 개봉하는날~  
20170502,5,1편처럼 주인공이 억지로 이기게 하지마라댄스배틀했을때 토악질나올뻔  
20170502,7,1이 글케 잼났음?ㄷㄷ 노잼이던데  
20170502,3,과평가된 영화에요. 코드가 안맞기 때문에 신중한 선택이 필요합니다.  
20170502,10,마블 영화보고 처음으로 울었다 ㅠㅠ 이렇게  감동적인 마블 영화라니! 완전 강추!  
20170502,8,awesome m ix 들으려고 보는 영화  
20170502,1,욘두랑 너구리땜에 본다  
20170502,10,5일날예매완료! 기대기대  
20170502,5,이 영화는 호불호가 갈린다 캐릭터들이 매력이없다  
20170502,7,오늘개봉인데...왜 예정인지...  
20170502,10,"1편에서는  MCU세계관의 확장과 함께 크나큰 재미와 감동을 선사하였고, 2편은  가오갤 멤버들에게 초점을 맞추어 각 캐릭터를 보다 깊게 파고 들어가는 영화다. 사람마다 다소 호불호가 갈릴지는 모르나, 마블은 명불허전이다.  "
20170502,8,스포하지마 십떽끼들아  
20170502,10,그루트 졸귀 ~~~ 빈 디젤  졸귀 ~~~  
20170502,10,영화끝나도 앉아있는게 좋을거에요~  
20170501,1,근데 피부색만 다르면 외계인임? 다 영어 쓰고 모양만 다른 총쓰고 상상력이... 참... 이건뭐 문화차이가 외국 보다 적은듯  
20170501,10,진짜 재미있어요....아  엄창 웃음  대박임  
20170501,10,그냥 필수로 봐야하는거아님?  
20170501,10,내가 제일 아쉬운건 1편이 엄청난 대작이였던것이다..  명량 분명 좋은소재지만 내가볼땐 완성도있는 작품은 아니였는데 다소 명량에 묻혔다. 그때 우리나라만빼고 가오갤 열풍이 불었지...아쉽..  
20170501,10,베이비 그루트 기대된다 5월2일 전야에 보러갈거야  
20170501,10,가오갤2는 슬픈 영화였다...ㅠ  
20170501,10,마블영화를 유치하다고 하는 사람들은 지능이 딸려서 문화를 이해 못하는거임.  
20170501,10,욘두 잘가 ㅠㅠ 잊지않을게 ㅠㅠㅠㅠ아빠 이나쁜놈아  
20170501,1,이런 유치 그린랜턴  사돈 영화를 돈 주고 2시간 동안 앉아서 보고 있는 걸 상상만해도 끔찍하네요 ㅠㅠ  공짜라도 보기 싫어 ㅠㅠ  
20170430,10,이번편은 욘두가 다했다.  
20170430,10,하워드 덕은? 팀에 합류안하나?  
20170430,10,아이 엠 그루우우우우트!!!  
20170430,2,이런 유치찬란한 영화를보고 재밌다하다니 정신연령이 심각하군  
20170430,10,히어로 영화중에 젤 재미있게 본영화 2편이 언제 나올까 기대했는데 이제 나오는구나 ㅋㅋㅋ 생각만으로도 벌써 웃음이 나옴  
20170430,10,끝내주는 모음집 2탄에 스윗에 팍스언더런 이외에 어떤 곡이 있는지 궁금해 미칠지경이다. 5월3일까지 3일 남았다. 하  
20170430,10,걍 좋다 OO 마블갓!!!  
20170430,10,시사회 다녀옴 ㅋ 걍 보세요  
20170430,10,으아아아 몇년을 기다렸나..  
20170430,10,이게보안관보다더 뛰겠지?  
20170430,10,1편이 2014년도라니.. 시간이 빠르다  
20170430,9,우가자카 우가자카 우가자카 우가차~!  
20170429,10,Ost는 좀 아쉬웠지만 나머지로 다 커버됨 꿀잼!  
20170429,10,가디언드 갤럭시 1편 안보신 분들은 꼭 보삼 개꿀잼임ㅋㅋㅋㅋ  
20170429,10,가이언즈 오브  갤럭시1이 명량에 묻혀서 아쉬웠지만  이번에는  꼭 영화관에서 볼 수 있길!!! 기대된다  그루트 기여워  
20170429,8,"1편을 워낙 재미있게 보았음. 2편을 기대를 많이 해서 그런지, 조금 실망! 스토리 별로! 늙은 커트 레셀의 악당역 별로! 1편의 몸짱 2편에서 똥배인 크리스프랫 별로! 그러나, 역시 제임스 건 감독은 천재같은 느낌! 3편으로가는 2보 후퇴의 느낌!  "
20170429,10,어제 시사회 보고왔습니다.역시 마블이구요 베이비 그루트 매력터집니다 ㅎ700예상해봅니다.  
20170429,10,욘두해요~욘두해요~  
20170429,10,난 어떤 영화도 이만큼 속편을 기다려 본적이 없어...  
20170429,7,"생소했던 소재 가오겔1 을 집에서 보고 넘나도 신산발랄하고 부담없이 유쾌해서 2는 극장서 비싼돈 주고 보고싶구나, 제임스 건 연출이 넘나도 자연스럽고 찰지더라~  "
20170429,10,진짜 로켓과 그루트가 이 영화의 핵심이다 ㅋㅋㅋ  
20170428,10,이번에는 극장에서 봐야지.  
20170428,10,우와‥ 조아요. 진심!!!!  
20170428,10,무조건 극장으로 ㅎㅎㅎ  
20170428,10,대박! 역시 마블입니다.^^  
20170428,9,최초시사회에서 봤었는데 잘 봤네요. 살짝 길다고 느껴졌지만 적절한 유머와 감동.. 살짝 눈물날뻔 ㅎㅎ 잘 만들었습니다. 영화관에서 볼가치 있었구요. 3d 아이맥스 몰입감 오집니다.  
20170428,10,진짜 우리나라 평균관객수를 볼때 가오갤2 관객수가 1000만 안넘으면 우리나라 관객 수준이 영 떨어지거나 아니면 배급사의 홍보가 개판이라는거.. 한마디로 그냥 천만은 따놓은 당상  
20170428,10,역시 기대하던데로 너무 재밌고 멋있는 영화끝내주는군요!  
20170428,2,언제끝나나요?괴롭군요 ..  
20170428,10,가오갤은 말이 필요없습니다 사랑입니다  
20170428,10,일단 최소 3번각이다 베이비그루트의 귀여움에 헤어나올수 없구 병맛코드로 내내 웃음을 주며 심지어 이번엔 감동까지 있으니!!  
20170428,10,해외에서 먼저봤습니다 최고의 마블영화가 아니라 최고의 코미디영화임  
20170428,10,진흙 속에 진주 같던 가오갤1편. 2편이 기대된다. 개봉하자마자 봐야지.  
20170428,2,시사회 보고 실망이 컸다.. 으으 1편이나 다시 봐야겠다.  
20170428,10,시사회에 당첨되서 갔죠 빨리간 사람 그루트 피규어 받아왔뎀여 전 못받고 영화끝난후에도 뭘 준다고 했는데 쿠키 포기못해서 영화만보고 손이 털털이가 됨 벗 너무 잘 만듬!! 베이비 그루트도 너무 귀엽구요! 꼭 봐요! 저는 시사회로 한번 봤지만 또 볼라구욤  
20170428,10,오늘 시사회보고왔어요ㅠㅜㅠ진짜 가오갤사랑해로켓 그루트 진짜오지고 ㅠㅜㅠ쿠키영상 총 5개에요ㅠㅠ 꼭 다들 보고오시길그냥 반전에 슬프기도하고 그냥 웃기기도하고 그냥 개쩝니다  
20170427,10,맨티스가 한국개라며???  
20170427,10,역시는 역시다ㅠㅠ 최고라는 말밖엔 빨리 또보고싶음!!  
20170427,10,오늘 시사로 보고 왔는데 레알 꿀잼... ㅠㅠㅠ 또 볼거임 ㅠ  
20170427,10,대박 ㅠㅠ 진짜 이 영화는.. 미쳤다 ㅠㅠ 개쩖 ㅠㅠ  
20170427,10,진짜 개쩜 진짜 존잼이다 욘두ㅠㅠㅠ  
20170427,10,와 그냥 짱이다!!! 오늘 시사로 봤는데 꾸르잼  그루트는 진짜세젤귀임 ㅋㅋ  
20170427,10,역시 기대한 것 이상!! 개꿀잼 ㅋㅋㅋ 그루트 매력에서 허우적  
20170427,10,기다린 보람이 있었다! 넘 잼나서 시사회 끝나고 바로 다시 예매!ㅋㅋㅋ  
20170427,10,목숨걸고 이벤트 응모했는데 가치있다ㅠㅠㅠ그루트에 내 영혼을 팔았어  
20170427,10,방금 시사회 보고 왓는데 와씨 쩌럿다.. 3탄 제발 나와줘 ㅠ  
20170427,10,와씨 방금 시사회로 보고나오자마자 쓴다 나는 그냥 지려버렸다 역대급이다 최고여  
20170427,10,가오갤... 대박 믈건이네!! 시사회로 공짜 한번 봤으니 두 번째는 돈주고 봐도 됨. 최소 2회 관람 필수!!  
20170427,10,시사회로 봤는데 대박!!! 재밌음!! 먼저 봐서 영광입니다!!  
20170427,10,진짜 마블 햐.. 개명작이다 이건..  
20170427,10,역시 최고의 팀 말이 필요없다.  
20170427,10,꼭보세요.너무 재밌고  시간가는줄몰랐습니다.  
20170427,10,마블의 가디언즈 오브 갤럭시 2가 강력하게 와주어서 정말 반갑고 기대됩니다~!  
20170427,10,마블퍈이엇는데너무재미잇억어요ㅠㅜㅜ  
20170427,10,너무재밋어요 완전 강추!!!!  
20170427,10,꼭 보세요ㅎ 쿠키영상 안봄ㅋ 꼭보세요  
20170427,10,이토록 찡한 슈퍼히어로물이라니  
20170427,10,기다렸다. 보러간다.  
20170427,10,이제 약속한 그 날이 다 와가는데 현기증날거 같다.. 3년기다리네  
20170427,10,"외국에서 어제 봄.. 1이랑 비교가 안됨 진짜 웃기고 영상미도 대박 ㅠㅠ 그루트심장폭행당함,, 배우들 연기도 좋고 아이맥스3D 강추임!!  "
20170427,7,"홍콩에 오늘 가봉해 조조로봄 개인적으론 1편이 더 나음, 앞으로 연두의 휘파람 소리를 못듣겠네 ㅎㅎ  "
20170427,10,얼마 안남았네요 베뎃분들 ㅋㅋㅋ  
20170427,10,너무 보고 싶다. 다만 극장에 애새키들 많아서 시끄러울까봐 걱정.  
20170427,10,"태국에서 26일 개봉해서 봤습니다. 1편과 마찬가지로 그루트의 활약도 돋보였고, 각 캐릭터& 전반적인 영화 분위기의 연출 또한 멋졌으며 피터의 아버지가 등장함으로 인해  피터의 과거 욘두와의 관계등이 밝혀져 너무 좋았습니다. 이번편 욘두가 정말 멋짐.  "
20170426,10,마블 진짜 사랑해요.영원해라 마블  
20170426,10,빨리 개봉해줘 10자 채우기  
20170426,10,아싸 아이맥스로 본다 ㅋㅋㅋ  
20170426,10,이건 그냥 안봐도 10점 준다.  
20170426,10,1탄은 명량같은 희대의 충무공 모독급 그래픽 떡칠한 스크린독점 국뽕영화에 밀려서 제대로 흥행도 못 하고 접었는데 2탄은 좀 흥행했음 좋겠다  
20170426,10,빨리 보고싶다 기대된다  
20170426,8,1도 볼만했는데 2도 기대한다  
20170426,10,내가 니 애비다...  ㅋㅋ  
20170424,10,더도말고 덜도말고 딱 1만큼만 재미있길...  
20170424,10,믿고보는 제임스건 감독~>_<!!  
20170424,10,예고편 보고 기대 만땅!!  
20170423,10,벌써 3년이란 시간이 흘럿네....  
20170423,10,17년이다!!!'ㅜㅜ  
20170422,9,2014년에 속편 나올때까지 언제 기다리냐.. 하던게 엊그제 같은데 ㅋㅋㅋ 벌써 개봉하는군.. 고3때 가오갤 영화관에서 보고 공부 안하고 보길 잘했다고 생각했다  
20170421,10,2017년이면 한참 남았네 ㅠㅠ 보고 날짜를 봤더니 2014년~~~과거와의 대화를 한 기분  
20170421,10,가오갤2 보러가긴할건데 1은안봐서 내용아예모르는데 1이평이 좋아서 기대됨 2가 1보다재밌었으면 좋겠음 극장에서 2진짜 재밌게 보고싶다  
20170421,10,1편을 재밌게 봐서 2편이 매우 기대됨 베이비그루트~ 예고편 보니까 재밌을듯 싶음 쨋든! 기대해봄  
20170420,1,이게머야최악의마블여화  
20170420,10,일단 음악도 매력이니까기대되긴하는데 감독이 제임스건이라기대중임 1편에서 캐릭터들매력이랑 분위기 스토리등등ㅈㄴ맛깔나게뽑은거보고감탄함 1편이랑같이 감독도하고각본도썼다는데 1편뛰어넘길...  
20170420,10,하루라도 빨리 보고싶어 미쳐버리겠네 ㅠㅜ  
20170419,10,1기 정말 재밌게 봤는대~~ 2기 나와서 너무 좋아요 !!  
20170418,10,잘생겨진  크리스 프랫 적응 될때도 됐는데 ㅠ 팍앤레에서 커여운 돼지형 이미지가 너무 좋았어서 아직도 적응이안됨 ㅠ  
20170418,10,평점이 2014에서 2017로 넘어옴 드뎌 나옴니다  
20170418,10,어차피 볼 생각도 없었던 것들이 어디서 소문만 주워듣고 난리네 ㅋㅋ 제발좀 행동하기 전에 니 대가리로 생각이란걸 해라. 그럴거면 대가리 뭐하러 달고 다니냐 ㅉㅉ.  
20170417,10,"어디서 잘못된정보얻어가지고 온 30,40대잘보길 자칭 페미니스트라고하는 돼지년들이 지능도딸리고 저학력자라서 영어해석못한게 왜 인종차별로 몰아가는건지모르겠다 보지말거면 보지도마라  "
20170417,10,가오겔1을 쓰레기로 몰아가는 국산주작천만영화는 다 디지기바란다 이기야  
20170417,10,http://bbs.ruliweb.com/community/board/300143/read/33284520이거보세요 인종차별한게아니라 빡대가리트페미들이뻘짓한거입니다  
20170417,10,아이고 여러분ㅋㅋ 감독인 제임스 건은 인종차별 주의자가 아닙니다. 유나이티드 항공을 비판하는 글을 올렸는데 영어 해석을 잘못한 한국인이 인종차별 하냐고 오해한것;; 제임스 건은 인종차별을 비판하려고 한겁니다.감독의 가장 친한 친구중 1명이 동양인입니다  
20170417,10,감독이 인종차별주의자가 아니고 인종차별한 유나이티드 항공을 조롱한건데 어떤 멍청한놈이 잘못알아듣고 빼액 해서 글올리니깐  제대로 알아볼 생각은 안하고 인종차별주의자 라고 하네 진짜 개 미개하다 ㅋㅋ  
20170417,1,감독이 인종차별발언해서 안봐요~  
20170417,10,1보고 2안보고 싶으면 제정신인지 체크할만큼 재미있음 개봉일날ㄱㄱ~  
20170416,10,영어를 못하는 걸까 아니면 이해력이 부족한걸까  
20170416,10,"트페미들은 하나같이 뭐가 부족하네 공감능력,국어 등등니들 안봐도 전혀 손해없어 오히려 알아서 걸러주니 개이득 ㅎㅎ  "
20170416,10,전편 평이 별로고 비평이 많았는데 직접 보니까 아이어맨 다음으로 가장 괜찮은 영화같았다  요즘 극장 영화들이 저조하고 재미가 없는데 다시한번 천만영화가 되지않을지  
20170415,1,"유나이티브항공 사건을 풍자하는 관점이 나랑 안맞음,,,  "
20170415,1,인종차별주의자가 만든 영화 보기도싫다!  
20170415,10,ㅋㅋㅋㅋ 베이비 그루트 목소리 반디젤이라니 상상이안감  
20170415,10,영화관에서 볼땐 그매력을 몰랐는데집에서 다시보니 중말 재밌더군요.기대됩니다. ㅎㅎ  
20170414,10,오오미 드디어 2가 나오는구나!!!  
20170414,10,이 영화 말이 필요한가! 너무 개성!이 넘치는 영화! 너구리가 말을 한다고!  
20170414,10,라쿤보러가야징 긔여운라쿤 로켓~  
20170413,10,"전작을 너무나 즐겁게 감상하여, 그때부터 후속작을 기다려 왔습니다! 어서 개봉하기를 바라며 이렇게 엄청난 작품을 제작해 준 관계자 분들께 정말 감사드리고 존경합니다!  "
20170413,9,전작의 출연진들과 그대로 나와서 좋고 더욱더 신나는 bgm과 부분부분 코믹요소들..  무엇보다 라쿤과 베이비그루트의 활약이 너무나기다려집니다ㅎㅎ  
20170413,10,벌써부터 재밌다...  
20170411,10,전기기사 5월 7일인데 이건 보고 쳐야겠다 ㅠㅠ 어머니 사랑합니다  
20170411,10,마블 영화중 최고!!!  
20170411,10,가디언즈 오브 갤럭시 VOL.2 엄청 기대돼요!  
20170410,10,마블에서 가장 쿨한 영화  
20170410,10,1편은 개봉하는 곳이 별로 없어서 일일이 알아보고 봤던 영화! 이제야  2편이 개봉하는구나! 꿀잼.  
20170409,10,와 벌써 한달밖에 안남았어! 넘 내 취향이어서 2편도 기대된다!!  
20170409,10,개봉날짜 드디어 나왔네요! 작년에 시빌워는 시험기간에 개봉해서 늦게 봤는데 이번에 시험 끝나고 개봉이네요!!! 이번엔 개봉날 뛰쳐가서 보고 올거야ㅠㅠ  
20170408,10,빨리 개봉했으면...  
20170408,10,베이비 그루트 너무 귀여워 ㅠㅠ  
20170408,1,박지훈 번역ㅋㅋㅋ 실화?  
20170408,10,가오갤도 재밌는데 사람들이 잘몰라서그렇지  
20170405,2,자칭 마블빠지만... 난 솔직히 1편 엄청 기대했었는데.. 별로 재미가 없었다... 개취니까.. 2편도 기대가 그닥... 집에서 볼거 같다  
20170405,10,시험 끝나자마자 보러간다  
20170405,10,올해다 이것들아!!!!  
20170405,1,이것도 박지훈 번역가가 작업했음 안본다블록버스터 한두번 말아먹는것도 아니고배급사는 생각좀 하고 번역가 쓰길  
20170405,10,제발 캐리비안의해적도 5월개봉이던데 밀리지않아야 하는데.ㅠㅠ  
20170404,10,넘나 흥겹고 유쾌한 영화 ㅋㅋ  
20170403,10,믿고보는 헐리웃 작품아닌가??  
20170403,10,드디어 2017년입니다.한달후에 드뎌가오갤2가 나와요기대오브기대합니다!!  
20170402,10,너구리 빨리보고싶다~  
20170402,10,"마블 최강 빌런중 하나 ""타노스""!! 무조건 봐야지~~~  "
20170401,10,이 영화 최민식나오는 특별시민에 또 묻히면 ...제발 묻히지 말길!!!  
20170401,10,한달하고도이틀 남았네  
20170401,10,우주의 악동들이 다시 모였다 ㅋㅋㅋ 특히 베이비 그루트 졸귀 ㅋㅋㅋ 신나는 음악에 귀가 즐겁고 마블 특유의 개그 때문에 많이 웃길듯 ㅋㅋㅋ 이제 1달 남았다 ㅋㅋㅋ  
20170401,10,이제 한달후 개봉~~~  
20170331,10,빨뤼 나와라 ㅜㅠㅜㅠ못기다리겠어  
20170331,9,아 그루트 너무 귀엽다;; 작은 거 봐;ㅋ 곧 5월이다 5월.... 빨리 보고싶어ㅠㅁㅠ  
20170329,10,오 오태식이...!!!  
20170328,10,최고의 마블 영화!! ㅋㅋㅋㅋ  
20170328,10,반디젤 그루트 실화냐??? ㅋㅋㅋ  
20170327,10,사랑해요 크리스 프팻 ㅠㅜㅠㅜ 얼렁 그루브 자란것도 보고싶어요  
20170326,10,2017년이 벌써왔어요!  
20170326,10,두달만기다리면된다~~~~  
20170319,10,"스타로드 핵멋 베이비 그루트 핵 귀여움 액션도 시원시원,음악도 시원시원 유머는 덤.  "
20170317,10,드랙스도 귀여운데 왜 다 그루트만 귀엽데 ㅋ 근데 솔까 다 귀엽고 매력있음.  
20170315,9,ㅋㅋ 그루트 목소리 빈디젤이였다니.ㅋㅋㅋㄲ  
20170314,10,포스터 뭔데 ㅋㅋㅋ 간지폭발 벌써 날 설레게 하네  
20170310,10,1편보다 더욱 더 기대되는 영화~! 이제 준비되고 보는 일만~~! 그루트^^  
20170309,10,얼마남지않았다아아아!!!!  
20170308,10,스텔론 형님은 무슨 역인거죠?ㅜㅜ 주연급 배역인데 예고편에선 눈씻고 봐도 찾을수가 없네..  
20170308,10,2달정도 남았다 4d로 보러가야지ㅋㅋㅋ...아...나 헤어졌지....ㅋ  
20170308,10,3년을 목이빠지게기다렸다 베이비그루투!  
20170308,10,보기전에 벌써 오금이 지린다 미리 지려볼게요  
20170308,10,2014년에 댓글남겻는데 벌써 2017이다 !! 영화볼수있어 즐거지만 나이먹으니 ...  
20170308,8,빨리 보고싶다 ㅋㅋ 근데 헐리웃은 니애비다를 평생 쓰는군  
20170307,10,상영관 많이좀!!!1편은 진짜 상영관도 적고 .. 너무함ㅂㄷㅂㄷ 핵꿀잼인데!!!이번엔 제발좀 늘려줘라  
20170307,10,<가디언즈 오브 갤럭시> 1편 정말로 대박으로 재밌는 영화였는데.. 아쉽게도 개봉했을 당시에 <명량> 이라는 영화때문에 <가오갤>이 상영관도 거의 없었고 많이 가려져서 아쉽게도 흥행을 못한것이 정말로 안타깝게 생각함!  
20170307,10,진심 1편은 상영관이 없어서 새벽에 상영관 찾아다니면서 본 사람들도 많을 정도.... 독점이 아주 OO....  
20170307,10,1편 본 사람들은 알지... 이건 초기대작... 명량 스크린 독점만 아니었어도 1편도 흥행했을텐데  
20170305,10,(아직안봄) 엑스맨과 판타스티포 시리즈는 거르고 마블유니버스시네마만 섭렵한 상황 이번이영화보고 스파이더맨과 블랙팬서를 만난다음 어벤저스를 영접할준비하자엑스맨은 안봐도 데드풀은 봐줘야하니 데드풀2도 잊지말도록하자 마블화이팅  
20170302,10,얘네들 너무 좋아 ㅠㅠ 가오갤 장수했으면 좋겠드아  
20170301,10,"가오갤을 보면 픽사의 감동과 스페이스 오페라 특유의 낭만, 70~80년대 B급 감성을 전부 담아낸 특급 비빔밥이 완성된다.  "
20170228,10,아 빨리 보고싶다 ㅂ.ㅅ들의 향연 개꿀잼ㅋㅋ  
20170225,10,재밌겠다아ㅡ아으아아 너무 보고싶다아ㅏ  
20170225,10,재밌어 재밌다고 재밌다니까 재밌어 와 재밌다니까  
20170225,10,은하계의 수호자들!!  
20170214,10,마블 시리즈 중 가장 재미지다.  
20170213,10,뭐 너흰 DC처럼 우릴 배신하진 않겠지.  
20170210,10,기대할수밖에없다 얼른나와라  
20170206,10,으어...스타로드 너무멋지다  
20170206,10,이번에는 어떤 명곡들이 나올지 기대됨ㅎㅎ  
20170131,10,베이비그루트를곧본다♡  
20170129,10,평점이 너무 낮아서 10점 준다 9.9가 적당하다고 보는데 9.5면 너무 낮다...  
20170128,10,아니 베이비그루트 도 반디젤이 ! ? ! ? ! ? ! ? ㄷㄷ  
20170127,10,1편. 한국영화유통업계의 갑질과 국뽕으로 빛을 못본영화. 이번엔 그딴식으로 하지마라. 당시에 명량도 물론 재밌었지만 공평하게 상영관 배정해라 정치인같은 놈들아.  
20170125,10,2017년이 되었습니다: )  
20170124,10,"무려 2년도 넘게 기다렸다... 마블 영화 중 가장 보고싶은 영화... 이번엔 어떤 스토리, 캐릭터, 유머코드, 음악으로 나를 즐겁게 해줄지 기대가 된다 :)  "
20170124,10,가디언즈 오브 더 갤럭시2에서 '오브'의 정체가 나타나길 바라며...꼬마 그루트는 엄청 귀여울 듯  
20170121,10,꺄악~ 그루트 엄청 귀여워졌다 !!  
20170120,10,빈디젤이 드렉스여야 타노스와 승부가 된다.  
20170120,10,3년이 지나고 드디어 2017년 입니다 4개월뒤 개봉  
20170119,10,실베스터 스탤론이 주연을 맡았다!!!람보 vol.2다!!!!  
20170117,10,전편보다 훌륭한 작품을 만들수있는 마블아이언맨 캡틴아메리카만 봐도 알수있다  
20170115,10,가오갤 1편 본사람이라면 무조건 봐야한다.아.이 영화는 브금이 젛아~~~  
20170112,10,이제 드뎌 2017년이다 ㅋㅋ  
20170112,8,아담워록이 나오는지가 궁금  
20170112,10,보고싶어 ㅎㅎ 우왕곧 나오는  
20170111,10,그루트 눈망울 똘망똘망 완전 귀요미네 진짜 ㅋㅋㅋㅋ예고편 봤더니 기다리기 너무 힘듬 ㅠ.ㅠ  
20170108,8,1편보다 재미있겠죠...??  
20170108,10,기다렸다!!! 가오갤1편처럼 흥행 하길  
20170101,10,이제 얼마 안남았구나 ㅎㅎㅎㅎ기대 하고 있겠습니다  
20161231,10,브금을 달라!당장!내놔!  
20161226,5,기대됨 10101010  
20161222,10,왘ㅋㅋ스텔론할배나온다 여기서도 람보찍으시면 멋있을듯  
20161222,10,ㅋㅋㅋ 베이비 그루트 귀여워ㅋㅋㅋㅋ  
20161221,8,마블판 제국의 역습을 기대하며.  
20161218,10,네뷸라 뭐지?? 일단 매우 기대됨  
20161218,10,어벤져스 연합팀 정말 기대된다  
20161218,10,가오갤에 실베스터가? 저지 드레드 아님 데몰리션맨 크로스 오버 하나 ㅋㅋ  
20161214,10,욘두가 분위기메이커임ㅋㅋ욘두때문에 기다려짐  
20161212,10,마블영화중 단연 최고! 이번 베이비그루트 성우도 빈디젤이 하는건가 ㅋㅋㅋㅋ  
20161208,10,갤럭시가 어벤져스보다 더재밌다~~  
20161207,10,그루트 키우고 싶당 ㅎㅎ 귀여워 ㅎㅎ  
20161206,10,믿고보는 마블!이번에도 캐릭터들과의 유머와캐리 어벤져스3에서 맴버들과의 호흡도 기대된다!  
20161205,10,내캐릭터 로켓라쿤 기대된다 어떤활약을 할지ㅎㅎ  
20161205,10,뭐야ㅠ곧 나올것 같더니만 ㅠㅠㅠㅠ그루트 졸긔  
20161204,10,우가차카 우가우가~ 베이비 그루트~! 졸귀~!  
20161202,10,기대된당 재밌을듯!!  
20161130,10,1편을 극장에서 봐서 정말 다행이다  
20161118,10,귀여운 그루트!!! 언넝 보고싶어영 ㅎㅎ  
20161118,10,빨리 개봉해라 좀전에 가디언즈 티비로 봤는데 잼나더라 몇번을 봐도 잼난다  
20161115,10,닥스와 매우관련이 있다고 하니 매우기대된다~  
20161113,10,Why do you rescue life for this? Because right now life giving us a chance.  
20161112,10,캬..이거 죽이네...ㅎㅎㅎ  
20161109,10,1편때 명량때문에 많은분들이 극장에서 보지못한게 아쉽다....전 극장에서 봐서 기대가 2배ㅐ  
20161101,9,어벤져스 팀과의 멀티버스의 첫만남이 기대되는..1편이 그럭저럭 재미있었고 어벤져스:인피니티 워 를 보려면 필수로 봐야 하는 영화 기대중  
20161030,10,이번에도 마이클베이 영화보다 10배는 멍청할거다. 근데 10배는 더 재미있을걸?  
20161029,10,기대되네여전편보다 더재미있게해놓을꺼같음  
20161029,10,밑에 글..1편이 8억달러 가까이 벌엇는데 왜 포기해?.. 마블에 돈을 쓸어다 주는시리즈가 될가능성이 농후함.캡틴이나 토르1편보다 훨씬 좋은 흥행..엑스맨 요즘시리즈보다 흥행이좋음.  
20161029,10,이건 끝내주는 노래 모음집 2 때문에라도 봐야됨  
20161021,10,와 아기그루트 짱기여워용 ㅎㅎㅎ  
20161005,10,먼 가오갤이 ㅈ망 ip냐 스타로드는 어벤져스3에 필요한 인물이다적어도 아이언맨보단 쌔다  
20160930,1,그냥 가오갤은 버리자 마블아. 이미 줫망 ip인데 왜케 부여잡고 돈 퍼붓냐  
20160928,10,기다리기 힘들어요. 크리스 프랫 팬이고 가오갤 팬이랍니다^^  
20160921,10,그루트 빨리 보고 싶담 ㅜ  
20160916,9,가오갤은 나름 클래식이었지. 내년 기대되네  
20160914,10,핵꿀잼이였지만 국내흥행은 못했던 1편만큼만 나와도 마블세계관 10년 우려먹을거 나올수있는 작품  
20160909,9,꼬마 그루트 ㅋㅋㅋ 17년도 금방 올듯  
20160909,10,빨리 나와라 개봉하면 닥치고 직관이다  
20160904,10,진짜 기대하고 있음 ㅠㅠ  
20160903,10,다음엔 꼭 극장에서 보리라..  
20160902,10,마블 영화중에 제일 재밌게 봤는데 ㅎㅎㅎ 그루트 조그마한거 봐 핵귀 ㅎㅎㅎ  
20160831,10,이번에 는 욘두에 액션을보고싶다  
20160827,10,빨리빨리안나오면 부셔버린다 ㅋㅋ  
20160825,10,이 영화에선 타농부가 좀 설치는 모습을 볼수 있기를  
20160825,10,완전 기대중ㅋㅋㅋㅋ 빨리 개봉해라ㅠ  
20160821,10,츤데레욘드보고싶어♡.♡  
20160821,9,기대되네요~ ㅎㅎ 2017년 언제 개봉하려나~  
20160818,10,드디어 스타로드를 다시 본다!!!!  
20160814,10,Awesome mix vol.2인가ㅋㅋㅋㅋ노래기대해야지  
20160812,10,으아아아아 빨리빨리빨리빨리빨리빨리빨리빨리보고싶어요 제발ㅠㅠ  
20160806,10,오!! 1편되게 재미있게 봤는데 많이 궁굼하다.  
20160805,10,티져 예고라도 빨리  보여줘...  
20160612,10,이 영화를 안 보면  인피니티 워 내용 이해 못하는 중요하고 재미있을 영화  
20160529,10,빨리 나오세요. 보러갈께요.  
20160527,10,1편처럼 연기 똥으로만 안했으면 좋겠다 (보는 내내 오글거렸었는데)  
20160517,10,레드스컬이 나온다는 루머도 있던데  
20160507,10,볼륨2는 사람들이 많이 봤으면... 어벤져스3 떡밥 잔치일듯 그만큼 중요하다는거...  
20160504,10,가오갤vol1에 이어서 vol2는 또 어떤 영상미와 스토리 그리고 ost을 들고 나와줄지..!!! 끝재주는 노래모음 두번째도 기대합니다!  
20160421,10,어머니의 끝내주는 선곡집 기대합니다 제 애청 목록에 또 들어갈듯  
20160419,10,걍 한단어로 표기된다. '필수'  
20160417,10,어벤져스3보다 먼저 개봉하겠지?  
20160416,10,내년에 볼거넘친다 좋다 ㅠㅠ 그루트 그때면 다컸을듯!  
20160414,10,이때는 여자친구랑 볼수 있게 해주세요!!!..  
20160406,10,가디언즈 오브 갤럭시 볼륨2  개봉 기대해 봅니다  
20160327,10,1년 남았다아!!!!  
20160312,10,브래들리 쿠퍼에 대해 찾다가 주연예정작에 이영화가 있길래 오!!!했는데 알고보니 로켓목소리이였네... 1에서도 나왔었는데 전혀 몰랐다는...  
20160312,10,우와 딱 스무살때다 ...ㅠㅠ 군대 가더라도 이거는 꼭 보고간다.ㅋㅋㅋ  
20160304,10,제발 부탁이니 좋은 시기에 개봉하면 좋겠습니다. 전편 1탄은진짜 타이밍 드럽게 명량과 같이 나와서 흥행 별로 못한걸로 기억함....제발 2탄은 흥행 잘할길....  
20160302,10,빨리 보고 싶은 영화 입니다.  
20160302,10,dhkdndndndn  
20160227,8,마블은 마블 다운 영화를 만드는 감독이 만들어야 한다 무조건 캡틴 마냥 허접하게 시작해서 어벤져스라는 팀을 만드는 작품은 없어야지  
20160226,10,마블에 브래들리 쿠퍼라니!!  
20160211,10,브레들리 쿠퍼가 로켓이였구나  
20160208,10,다시는 다른영화에 묻히지 않길  
20160130,10,갓디언즈 오브 갤럭시!!  
20160113,10,누가적으로나올려나?타노스는 어벤져스서나올테고  
20151224,10,"이번엔 상영관좀 많이 걸어라 가오갤1이 망했다고 알고있는데, 명량한창 나오던시기에 상영관조차 엄청 적었다.. 전세계 흥행한게 우리나라에서만 망한건데 인식좀 살려줘라... 오죽하면 앤트맨을 비주류로 판단해서 망할까봐 우리나라만 2달늦게 개봉했겠냐  "
20151224,10,나는 그루트다 우리는 그루트다  
20151223,10,기대감나타내고 아는척하면서 9점 찍는 인간들은 뭐냐? 뭐 인생 간보면서 사는 왕따냐?  
20151213,10,왜 스타로드 총은 4원소총이 아니죠?  
20151022,10,꼭꼭꼭 봐야하는 영화 이야기 1편이 겁나 재미있었고 2편도 기대  
20151006,10,스타로드 끝내주는 노래 모음집 사랑해요~  
20150830,10,너구리..!!   너구리가 있어야되  
20150830,10,여기서 타노스 떡밥 신명나게 뿌릴거 같네요  
20150825,10,2년정도만 기다리면 된다!  
20150824,10,제임스 건 형 만 믿을께요 !  
20150811,10,우주에서도 MCU의 힘은 통했다. 1편은 재탕으로 재미를 봤지만 이건 정말 극장가서 재밌게 볼 자신이 있다.  
20150729,10,더 이상의 설명은 생략한다  
20150726,10,그루트 보고싶어!!! 위아 그루트.  
20150707,10,이순신 장군은 참 좋아하지만 그놈의 명량 때문에 1을 못봤다는거 ㅡㅡ  
20150704,10,제목 정말 가오갤 답다ㅋㅋ!!!  
20150526,10,이거 진짜 1에서 나왔던에 안나오면 안본다 ㅋㅋ  
20150429,10,방금1보고왔는데 2완전 기대된다 영화관에서만나장 2017년이면 딱이넼ㅋㅋㅋ  
20150427,10,마블영화중에 젤 재밌게 본 영화  
20150314,10,빨리나와라 빨리 으아!  
20150301,10,1로 새로운 히어로를 보았다2로 새로운 마지막으로 진행되길그리고 인피니티 워로~!  
20150220,9,"새로운 팀원이 합류한다는데, 제발 노바이기를. 그리고 드랙스 능력 상향 좀 ㅠㅠ 원작에선 타농부 심장도 뜯었는데 영화에선 로난에게 발리는..ㅠㅠ 그리고 메인 빌런도 궁금..일단 타노스는 아닐텐데..  "
20150201,10,배우바뀌면 안봅니다?  
20150116,10,1편 완전 재밌었는데ㅎㅎ  
20150110,10,1편이 정말 대박 잘 만들어졌다.  
20141201,10,얼른 나왔음 좋겠다 마블 어벤저스 아이언맨 토르 엑스맨시리즈 등등 다 좋은데 그중에 제일 기다려진다  
20141124,10,아 2017년이면 난 뭘하고 있을까....  
20141124,10,가디언즈 오브 갤럭시 화이팅! 로켓 귀요웡~  
20141114,10,여기서부터 어벤져스와 가디언들의 만남에대한 떡밥이 시작되겠지? 기대된다!  
20141103,10,2에서 안젤라도 나왔으면 좋겠다  
20141015,10,오오! 다행히 똑같은 감독이 영화를 맡았어!! 되었어!! 이제 이영화는 재미있을것이다!!  
20141009,10,5명 다 보고 싶다... 아담 워록이나 다른 멤버들도 나왔으면....  
20140922,10,ㅜㅜ 2017년..ㅠㅠ  
20140915,10,어벤져스3에는 나오겠죠?  
20140906,10,빨리 나왔으면 좋겠다 ㅎㅎ  
20140903,10,반드시보고야만다...  
20140903,10,역시마블!!개봉일확정됐다길래들뜬마음으로들어왔지.  
20140829,9,"전작이 매우 색다르고 재밌었기에, 이번편도 기대를 해볼 수 밖에. 가디언즈 오브 갤럭시와 어벤져스3가 만나는 이유가 이 영화에 담겨있다.  "
20140828,10,어벤져스보다 10배더 잼있는 영화  
20140826,10,정말 열심히 살고있을께 3년뒤에 다시만나!! ㅠㅠ  
20140823,10,고3이네.. 언제기다려 병근아 ㅠㅠㅠ  
20140822,10,2편 정말 기대되네요!!!! 그루트♥♥  
20140821,10,I  am  groot!!!!  
20140820,10,그때까지 기다리죠 뭐...  
20140820,10,보고싶다 가모라!! 빨리보고싶다 가오갤2!!  
20140817,10,벌써 크리스프랫 보고 싶드아 ♥ 스타로드 ♥  
20140817,10,기대된다 i m 그루트 !!  
20140814,10,2017년이면 한참 남았네ㅠㅠ  
20140812,10,어벤져스3으로가는 관문  
