0,1,2
20170502,10,아기가 윌리엄닮음 ㅋ 귀여워  
20170502,9,시사회로 먼저 봣지만 볼만하다 생각하다 주변 지인들한테도 추천  
20170502,1,자막 누구죠 설마 박...?  
20170502,10,올해 나온 영화 중에서 가장 재밌는 영화  
20170502,10,한시간 반밖에 안해?  흐으으응 두시간은 보고싶은데 힝  
20170501,10,보스베이비 귀엽당 매력터짐  
20170501,10,딸이랑 같이 봤는데  너무 웃기고 재미있었어요정말 강추예요  
20170501,10,사진만봐도 기대된다  아이들이대박좋아할것같아  
20170501,1,글을 올리만한 게시판을 못 찾아서 여기에 글 남겨요.줄거리에 엄빠라는 단어를 정정해 주셨으면 해요. 개인메모장도 아니고 영화 줄거리에 저런 줄임말을 쓰는게 좀 한심스럽네요.; 엄마 아빠라는 말이 무슨 10글자가 넘는 말도 아닌데..  
20170501,10,제목만 들어도 엄청 재밌는 내용일꺼같네요!  
20170430,10,심쿵사할까봐 걱정된다...^^  
20170430,10,평론가는 저리 꺼져라.  
20170430,1,재미없는 유치한 만화ㅡㅡ  
20170430,10,보고싶어 너무 보고싶어  
20170430,1,난별로끌리는게없다ㅠ  
20170429,10,기대하고 보고싶고 빨리 나오길 고대합니다  
20170428,10,오호라 상상력이 대단하구려 음!! 맘에 들었어 베이비  
20170428,10,완전 귀엽네.ㅎㅎㅎㅎ  
20170427,10,음악이 한스짐머 면 말다했네...  
20170427,10,심하게 귀엽고 심하게 재밌다! 이번 황금연휴 가족 영화로 강추임ㅋㅋㅋ  
20170427,10,시사회갔는데 이거진짜 재밌음 애기왕귀엽고 간만에 힐링됨 난 두번볼의향있음  
20170427,10,동생이랑 같이 보는데 리얼 핵공감! 보스 캐릭터에 흠뻑 빠졋음 ㅋㅋ  
20170427,10,<인사이드 아웃>보다 재밌다!  
20170426,10,"시사회가서 직접보니까 레알 꿀잼, 레얄 밥도듁그리구 보스베이비 넘나귀여운것~~~그럼20000  "
20170426,10,이야기가 생활속 볼수 있으면서도 박진감도 있고 스토리가 너무 웃겨요 강추 입니다  
20170426,10,너무 재밌어요~역시 픽사는 믿고 볼수 있어요!  
20170426,10,역시 기대한 것보다 재미가 웃음폭발 스트레스 풀어주고사랑 가득한 5월 가정의 달에 딱인 영화^^  
20170426,10,완전 기대작!!역시나 기대를 저버리지 않는구나!좋으다좋으다  
20170426,9,"그전부터 보구싶다 했는데 오늘  보네요, 기대가됩니다~^^  "
20170425,10,귀여운 외모의 베이비의 반전 모습...어떤 이야기가 펼쳐질지 기대가 되고 꼭 보러가고 싶어요~~  
20170425,10,아이와데이트로 강추합니다  
20170425,10,아이들이 보자고 난리에요. 기대됩니다 ^^  
20170425,10,드림웍스 작품들은 아이들의 기대에 항상 넘치도록 즐겁고 감동적이었기에... 보스베이비도 기대하고 있어요. 5세가 버스광고판을 볼때마다 꼭 보러가자고 합니다.  
20170425,10,너무 재미있어요 완전  강추에요 꼭 봐야하는 영화에요가족이  함께 보아요  
20170425,10,재밋어요 어른이 봐도 재밋습니다  
20170425,10,귀여움귕여움귀여움야ㅡ  
20170425,10,너무 재미있었어요 강추  
20170425,10,캐릭터 넘넘 귀여워요 재미도 있고 강추!  
20170425,10,반전이 기대되는 보스베이비네요.  
20170425,10,원래 애니 잘 안보는데 이건 지금 한번 더 볼까 생각 중 ㅋㅋㅋ 완전 재밌음!! 깨알 웃음 포인트들이 너무 많음ㅠㅠ♡ 걍 짱임 ㅋㅋㅋ  
20170425,10,픽사쪽 영화 좋아하는 사람은 매우 좋아함  
20170425,10,넘 귀여운 보스베이비의 매력에 푹 빠져 버렸네요. 즐거운 영화 보스 베이비!  
20170425,10,This is something!!  You gotta see this!!  
20170425,10,개봉하면 아이와 함께 꼭 보러갈래요~^^귀요미 베이비의 소름 돋는 충격 반전! 엄빠보다 무서운 동생인 온다!?<보스 베이비>예고편을 보니 더욱 궁금하고 기대가 크네요~^^  
20170424,7,아기 귀엽게 생겼네...ㅋ  
20170423,9,해외에서 봤는데 재밌었어요! 그냥 무난하게 가볍게 보기 좋은 영화인 것 같아요 근데 개인적으로 영화관에서 돈주고 보기엔 아까워요  
20170423,8,영국에서 봤음. 전체적으로 매우 하이톤이라서 (액션신이 너무 정신이 없는 등) 약간 피곤할 수는 있음. 하지만 내용 자체는 좋음. 결말도 좋아서 가족 다같이 보기 좋고 동시에 귀여운 캐릭터들 덕분에 눈도 재미있음. 형제가 있다면 더욱 내용에 공감  
20170423,10,예고편만 봐도 딱 대박입니다. 동생도 누나도 형도 언니도 배꼽잡고 보겠죠.  
20170422,10,정말 기대되는 영화에요 우리딸하고 예고편을 봤는데 동생을 유심히 쳐다보더라구요 보스베이비 아이디어가 최고네요 우리집은 6살 6개월 영화는 7살 7개월 뭔가 통하는 느낌이들어요  아이 둘있는 집이면 꼭 봐야할영화 같아요 5월3일 정말 기다려져요  
20170422,8,보고싶어요~ 토비맥과이어 참여 영화라 더 기대 업업~  
20170422,10,미국에서 개봉하자 마자 본 보스 베이비. 볼만합니다. 첫째의 상상력 속에 펼처지는 모험도 .. 기대 안하고 봤는데 잼있다는  
20170421,10,"작년부터 2017년 개봉하면 꼭 봐야지 하면서 기다리던 만화랍니다. 무늬만 아기인 보스 베이비, 물질만능주의에 건방짐까지 갖춘 비호감 캐릭터인데 너무 재밌을 것 같아요.  "
20170421,10,예고편보고 빵 터졌어요. 아이들과 같이 보고 싶네요  
20170421,10,예고편보고 보고 싶어짐  드림웍스니까  재미을듯 ㅎㅎ  
20170421,10,너무 귀여워서 현기증이 날 정도!  
20170421,10,기대중!!!! 어릴적 이런거 한번은 상상해보지않나??? 나는 그랫는뎈ㅋㅋㅋ  
20170420,10,배우들 목소리 연기 완전 기대되는뎅... 아이들이랑 더빙 봐야해서 아쉽기도 하네요. 울 아이들 예고편 보여줬더니 빨리 보여달래요~ ㅎㅎ  
20170420,10,엄빠도 아이들도 모두 반한 영화  
20170420,10,정말 귀여운 동생 보스베이비 ㅎㅎㅎㅎ주인공 보스베이비와 7살 형아도 5살 정도 차이나는뎅울집 터울이랑 비슷해서 더 공감하며 볼 거 같아여 ㅎㅎㅎㅎ정말 생각지도 못한 소재의 이야기라 더욱 기대됩니다^^아기가 보스라니....정말 기대만땅 ㅋ  
20170420,9,아이들과 보고 싶은 영화..  
20170420,10,믿고 보는 드림웍스 ㅠㅠ 빨리 개봉좀요  
20170420,10,온 가족이 빵빵 터지는 영화!  
20170420,10,언제까지 옹알대고 있을텐가 ㅋㅋㅋ 완전 강렬한 귀여움  
20170420,10,근엄한 베이비 ㅋㅋㅋㅋ진짜 존귀다 ㅠㅠ  
20170420,10,애기 넘 귀엽네요ㅋㅋㅋㅋ  
20170420,10,ㅋㅋㅋ스토리도 신박하고 비주얼도 신박해 ㅋㅋㅋ 졸귀다 증말  
20170420,10,예고편 봤는데 레알 핵졸귀ㅠㅠㅠㅠ 진심 개봉하면 바로 보러갈거야!!  
20170420,10,예고편 보고 바로 봐야겠다 생각함 재밌어보임!  
20170420,10,정말 기대되는 영화 보스 베이비  
20170420,10,보스베이비 예고편 보고 빵 터질것 같더라구요어른도 아이도 좋아할 애니~  
20170419,10,잼나 보이네요~ 꼭 보고 싶어요~~  
20170419,10,아이들과 함께 동심으로 돌아가서 깔깔거리고 웃을수 있는 영화!  
20170419,8, 보스 베이비기대됩니다~^^  
20170419,10,소재가 너무 재밌어서 보고 싶어요!  
20170419,10,제목보니 내용이 너무 궁금~~~!!아이들과보면 너무 재밌을거 같아요  
20170419,9,넘나귀여운 아기보스의 활약이 기대되요^^  
20170419,10,문제적 남자에 나오신분이 만드는 곳 ㅋㅋㅋ 드림웍스.. 넘 넘 보고 싶은 보스 베이비~~~ 기대됩니다.~  
20170419,10,깜찍하기 그지없는 보스 베이비~아이들이 가장 재미있게 볼수 있는 영화일듯 해요~ ^^  
20170419,10,예고편 보더니 아이들이 꼭 보고 싶다고 해요~  
20170419,10,예교편보니 더욱더 보고싶네요~ 과족과 개봉날 보러가야겠어요 신나게 웃는 가족애니가 될듯해요 ^^  
20170418,10,영화관갔다가 예고편봤는데 넘 재밌고 유쾌할것같아 기대됩니다. 저 귀여운 베이비가 보스라니~~ 이런 반전이 ㅎㅎㅎ 울 아이들도 아기가 어른이라는 설정이 넘 재밌나봐여 꼭 보러가자하네요 ㅎㅎ  
20170418,10,드림웍스에 슈렉이라면 믿고보는 영화지요^^*아이들보단 제가 더 즐길 수 있을 것 같아요 ㅎ  
20170418,10,귀여지만 포스 넘치는 기저귀 찬 보스 베이비~기대됩니다!! ♥  
20170418,9,예고편 보니 너무 재미나고 유쾌할것 같아요  
20170418,10,정말 기대되는 영화에요~귀여우면서 시크한 보스베이비 귀여운 외모에. 알렉볼드윈 목소리라니. ㅋㅋ빨리보고싶어요  
20170418,10,아이들과 보러가기 딱 좋은 스토리네요^^ 개봉하면 꼭 보러가고싶어요♡♡  
20170418,9,미국에서 먼저 봤습니다 애니매이션 별로 안 좋아하는데 재밌게 봤네요!  
20170418,8,생각보다 재밌어요~~^^ 근데 전 보다가 잠시 잠들었었어요 ㅋㅋ;;  
20170417,10,n차 관람각!!! 팀 너무 귀여움ㅠㅠㅠㅠ 보스베이비 개봉전인데 벌써 재밌다!!!!  
20170415,10,외국 장기여행중 극장에서 미리 관람했습니다 진짜 너무 재밋어요ㅋㅋㅋ 더빙이라 알아듣기힘들 줄 알았는데 이해도 잘가고 보시면 아시겠지만 진짜 너무 순수해요 어떻게 저런 상상을 했지 싶을 정도로 동심으로 돌아가는 기분.  한국가면 디비디 사서소장할 거에요  
20170413,10,원작도 울애기한테 엄청 재밌게 읽어줬던 기억이 있는데 영화랑은 어떻게 같고 또 다를지 기대되어서 빨리 보고싶네요ㅠㅠhttp://www.yes24.com/24/Goods/34320666?Acode=101 책두 잼있으니까 원작두 함보실분들은 보고가세요!!  
20170412,1,진짜 언플 엄청하고 1년 전 부터 홍보하는거 보니까 노잼 예상합니다.  
20170411,10,이거 진짜 재밌어요 ㅠㅠ  
20170410,10,진짜 예고편이 다가 아니예요!!! 진짜 너무 재밌습니다 ! 한국가면 한번 더 볼거예요. 진짜.. 첫신뷰터 압도적ㅎㅎ 여성분들 진짜.. 죽습니다 ㅠㅠ 너무 귀여워서 ㅎㅎ 강추!!! 뷰티앤비스트보다 잼나는건 안비밀~~~♡  
20170410,9,초반에 보스베이비가 티모시 괴롭힐때는 좀 짜증났지만 마지막 엔딩크레딧 올라가면서 OST 흘러나올때 눈물남 동생있는 사람이 보면 더 좋을듯  
20170406,10,"따봉...^,.^~~~~  "
20170406,10,보스 더빙성우 김승준성우나 신용우 성우 각입니깤ㅋㅋ 솔져성우나 리퍼성우 ㅋㅋ  
20170405,10,이거 졸라 재밌고 귀여움 ㅠㅠ 꼭보셈ㅠㅠ  
20170403,10,미국에서 개봉하자마자.봤는데요 정말 재미있어요.감동도있구요. 보스베이비 케리터가 너무 귀엽고 사랑스러워요.저와 제남편은너무 재미있게봤어요. 아이가 있었음 같이보러왔을거같아요 아이 어른 상관없이 좋아할영화같아요.저는 이영화 추천합니다.  
20170329,10,완전 꿀잼이일것같에요!! 영화꼭 보고싶네요!!  
20170329,10,나만 오펀 천사의 비밀 생각남?  
20170328,10,꿀잼일듯 기대된다ㅎㅎ  
20170328,10,예고편이 다가 아닌 영화!  
20170328,10,뭔영화일지 감도 안오는 이영화 진짜 맘에 든다아아아 ㅎㅎㅎㅎ  
20170306,9,보기전부터 기대 만땅!!ㅎㅎ 갠적으로 아기 배달부 스토크는 넘 유치했는데 드림웍스 기대해봅니다~!!  
20170220,10,진짜 역대급 드림웍스 캐릭탄생한듯...어서..어서 개봉좀!!!!ㅠㅠ  
20161224,10,믿고 봅니다. 원작 그림책 <우리집꼬마대장님>도 있네요.  
20161221,10,귀엽다귀엽다귀엽닼ㅋ  
20161219,3,마이펫의 이중생활처럼 귀여운것만 내세우고 스토리 OO이 만드는건 아니죠?ㅠㅠ  
20161217,10,트레일러 개귀여웤ㅋㅋ2017년 초는 드웍 덕질하면서 살아야겠다~ㅋㅋ  
20161110,10,알렉 볼드윈 나온다는건 가디언즈2 포기 안했다는 건데? ! ~ ~ ㅋ ㅋ  
20161031,10,꾸꾸까까ㅋㅋ진짜 꿀잼각  
20161031,10,ㅋㅋㅋㅋ믿고보는 드림웍스  
20161029,10,예고편보니 꿀잼각ㅋㅋ  
20161028,10,드림웍스가 진짜 기발한 상상력이 기대되는 영화를 하나 개발해낸거같은예상이 들고 아깈ㅋㅋㅋㅋ기여엌ㅋㅋㅋ  
20161021,10,유튭 보스베이비 진짜 웃기고 잼있을듯  
20161020,10,아기 보스라니ㅋㅋ 깜찍해라 이 애기 개봉할때 인기 엄청 많아질듯!ㅎ 드림웍스의 기발한 상상력이 기대된다. 내년만 기다리는중!  
20150403,10,2빠내 지금 난 데이비드게일을 보고왔다. 지금 나는 밤낮바뀐 평점 2점의 인생을 살고있다.이 영화가 개봉되었을쯤 나는 평점 10점의 인생을 살고있길 바라며.Js아 열심히 살고있겠지 너는?  
