0,1,2
20170111,9,해외에서 보고왔습니다. 캐스팅도 좋고 에니메이션도 아름다운데  스토리에 개성이 없어요. 애들 대리고 보기에 딱 좋을듯해요!  
20170111,9,역시 디즈니!!!  정말 잘 만들어진 애니입니다. 강추!!!  
20170111,10,재밌어요. 아이들이랑 더빙으로 봤는데도 재밌더라구요.많이 웃었네요. 자막도 보고싶어져요.  
20170111,9,노래와 풍경에 압도되고~ 닭의 해라 그런가?? 닭의 매력에 흠뻑 빠졌네요 ㅎ  
20170111,10,최고입니다!!!!진짜 너무너무 재미나게 봤어요!!!강추합니다!!!  
20170111,10,2017년 처음 본 애니메이션! 재밌고 힘차고 힐링됐어요!최고예요~강추!!!  
20170111,9,너무 사랑스럽다 모아나 너무 생생하다 마우이너무 샤이니하다 바닷가재  
20170111,10,모아나 재밌고 노래도 너무 좋았습니다  
20170111,10,애니메이션은 역시 디즈니인듯 넘넘 귀여웠고 바닷가로 당장이라도 떠나고싶은 시원함도있었고 마우이같은 동료가 있었음 했다ㅎㅎ귀여웠다!  
20170111,8,잼나요. 내용도 좋고요.  
20170111,10,완전 좋았음 믿고 보는 디즈니 ㅎㅎㅎㅎ  
20170111,10, 감동과 재미가 함께하는  최고의 영화였습니다  
20170111,10,최고의 오랜만에 보는 디즈니 영화이다  
20170111,10,최근 본 영화중에서 제일 재밌었다ㅎㅎㅎ 닭 너무 귀여웠음 ㅠㅠㅠ  
20170111,10,정말 최고였어요!! 제 인생애니됐어요~!!  
20170111,9,전설이 된 모아나 노래가 좋군요  
20170111,10,재미있습니다. 추천해요. 하와이가고 싶어용  
20170111,9,행복해지는 애니메이션. 갓 디즈니  
20170111,10,모아나 봐도 후회없을 영화에요!  
20170111,10,모아나 재밌어요 가족끼리 보고싶어요  
20170111,8,믿고보는 디즈니~ 캐릭터들의 유기적인조합과 개그 감동이 너무나 훌륭했던작품~강추~^^  
20170111,10,모아나 시사회 꿀잼...  
20170111,10,진짜진짜진짜재밌어요  
20170111,10,믿고보는 디즈니! 모아나 최고다!  
20170111,10,시사회 봤는데 너무 재밌어요bb  
20170111,10,모아나 재밌어요 또 봐보고싶어요  
20170111,10,지금까지 본 디즈니 영화 중 단연 최고bbb  
20170111,10,디즈니는 역시 실망시키지 않았습니다. 영상미도 좋고 2시간동안 지루할 틈이 없었습니다.  
20170111,8,mooooana!모오오아나  
20170111,10,디즈니역대최강영화 스토리도그래픽도...!!ㅠ 또볼고야 씽을 보고 고구마먹었던게 다 소화되었어요  
20170111,10,너무 이쁘고 너무 잼나요. 또 볼 거에요^^  
20170111,9,신선하다!! 자막이 좀 그렇긴 했지만  ㅎㅎㅎㅎ  
20170111,10,색감도 너무 이쁘고 덩말 또 볼 영화!!!  
20170111,10,믿고보는 디즈니이번 OST 도 엄청 커버 나올듯 ㅋㅋ너무 재미있네요  
20170111,10,인생영화에요ㅠㅠㅜㅜ 영상미 노래 스토리 뭐하나 빠지지않아요ㅠㅠㅜㅜ  
20170111,10,꿀잼 ㅋㅋ 또보고싶네요 ㅎㅎ  
20170111,10,넘넘 재밌어요!!! 꿈과 희망!! 모아나 최고예요!!  
20170111,10,시사회로 잘봤습니당 꿀잼♥  
20170111,10,재밌어요 노래도 듣기좋아요.  
20170111,10,완전재밌어!! 재밌어욪!!!!  
20170111,10,예고편봣엇는데 너무재밋어서 한번 보고싶은영화에요  
20170111,10,아이들과 보기 딱 좋음..  어른이 봐도 재밌어...!  
20170111,10,믿고보는 디즈니 너무너무 재밌어요 :)  
20170111,10,완전 잼있어요~~노래도 좋아요.  
20170111,7,재미있었고 감동이에요~^^  
20170111,10,완전 멋져요!! 영상 짱!!  
20170111,10,너무재밌어요 또보러올거예요  
20170111,10,노래가 너무좋아요!추천합니다.  
20170111,10,디즈니짱이에요존잼졸귀모아나무아이새로운세상  
20170111,7,오늘너무 감동입니다~^^  
20170111,10,모아나의 모습을 보고싶다면!!!!  
20170111,10,음악도 좋고 너무 재미써영  
20170111,10,최고에요! 또볼게요!  
20170111,10,정말재밌네요 괴물들이 무섭게생겨서 더 재미져요  
20170111,10,굳 완전 재밌습니다 역쉬 디즈니  
20170111,10,재밌었어요. 해변에 가고싶어요  
20170111,10,역시 실망시키지 않네요!!  
20170111,10,뛰어난 영상미와 음악이  가미된 최고의영화입니다  
20170111,10,디즈니답게재밌네용.  
20170111,10,모아나꿀잼이에요강추입니다!!  
20170111,10,모아나 너무너무 재미있어요!!  
20170111,10,음악 좋고  영상도 참 이쁘네요ㅎㅎ  
20170111,10,바다 표현이 정말 좋았어요  
20170111,10,역시 디즈니 ! 재미있게 잘봤습니다^^!  
20170111,10,흥미진진해서 나도 모르게 집중하고 있다;; 노래도 중독성짱!!!! 아이 어른할거 없이 재밌음  
20170111,9,새해초부터 이런 환상적 감동을 만나게될줄은! 이젠 더이상 디즈니애니를 보며 방심하면 안돼겟다.상상그이상의 즐거움에 눈물찡한 감동으로 롤러코스터터타게 만드는 믿음을 가져도 좋겠다. 강추!  
20170111,10,겨울에 보는 여름의 모아나! 겨울왕국보다 더 밝고 즐거운 영화였습니다  
20170111,10,정말 신나고 재밌어요. 모아나 짱  
20170111,10,아이들과 정말 재밋게 봤어요^^아이들이 정말좋아해요  
20170111,10,노래가 넘좋았다 주인공의 자주적인 성격이 가장 인상적이다  
20170111,10,너무 재밌어요!!! 강추입나다  
20170111,10,노래도 좋고 재밌어요! 여주가 너무 예쁘고 멋져요  
20170111,10,용기를 얻을수있는 가슴따뜻한 디즈니의 선물!!  
20170111,10,믿고보는 디즈니 굿이예ㅣ요  
20170111,10,ㄷ강추 모아나 강추!!!  
20170111,10,재미있고 신납니다 추천합니다  
20170111,10,넘 신나고 재미있게 봤어요~  
20170111,10,참 재미있네요. 감동적이군요.  
20170111,10,비쥬얼 최고 음악 최고!!! 디즈니는 후회없어요  
20170111,10,시사회로 봤어요!!진짜 재밌어요!!  
20170111,10,노래도 진짜 짱짱이고 모아나 너무 예뻐요ㅠㅠ 진짜 감동ㅜㅠ  
20170111,10,모아나 ~모았냐?  ~뭐하냐  
20170111,10,너무너무 재미있어요 더빙봤는데 자막도 보고싶네여~  
20170111,10,잘봤어요 잘봫습니다 잘봤ㅇㅓㅇㅛ  
20170111,10,영상과 음악이 수준급입니다. 강추해요..!  
20170111,10,엄청 재밌고 감동정이네요 강추  
20170111,10,너무 재밌어요!! 강추!!  
20170111,10,재미있어요 재미있네요  
20170111,10,재밌었습니다 추천합니다  
20170111,10,모아나와 함께하는 신나는 바다여행!! OST들도 넘 좋고 재미있었습니다 역시 믿고 보는 디즈니네요ㅎㅎ  
20170111,10,너무재밌는모험이야기에요 환상젇이에요  
20170111,8,믿고보는 디즈니 짱짱 모아나대박  
20170111,10,완전 재미있었습니다. 노래들도 좋고 꼭 보세요!  
20170111,10,바다 표현 너무 예뻐요. 디테일도 너무 좋아요  
20170111,10,너무 재미있게 봤어요!  
20170111,10,모아나 너무 재밌었어요!! 디즈니영화는 언제나 좋네요  
20170111,10,잘 봤습미다 넘 재미있어요  
20170111,10,최고에요 한번 더 봐야지!  
20170111,10,우아우아 마우이.모아나 최고  
20170111,10,신화를 완성하는 것은 신이 일으키는 기적이 아니라 인간이 품은 의지이다.  
20170111,10,너무 재미있어요. 강추  
20170111,10,"아름다운 영상, 음악 그리고 더락 횽아의멋진 목소리 연기도 굿  "
20170111,9,모아나 재미있고 멋있네요  
20170111,10,완전 재미있었습니다.  노래들도 좋고 꼭 보세요!  
20170111,10,넘나 재미나용 감동임 꼭 보세요!  
20170111,10,잘봫습니디 잘봫습니다  
20170111,10,재미나게보았습니다.애들 보기 딱 좋은 디즈니에요.만족하실것 같아오  
20170111,9,신나고 재미있는 애니메이션 영화  
20170111,10,영상미도 좋고 아름답고 음악도 너무 좋아요.역시 겨울왕국 제작진 굿이에요  
20170111,9,전작 못지 않네요 모험이 가득해요^^*  
20170111,9,영상미 정말좋고 이쁘다 근데 의외로 좀 폭력적이야ㅋㅋ  
20170111,10,너무 보고 싶어요.  아들델고  가봐랴 겠어요  
20170111,10,재밌게 잘봤습니다 강추해요  
20170111,10,넘 재밌어요 추천합니다  
20170111,10,재밌네염 겨울왕국 급으로!! ㅎㅎ  
20170111,10,완전멋져요.정말재미있었어요  
20170111,9,모아나 굳! 믿고보는 디즈니!  
20170111,8,이렇게 사랑스러운 문신 활용법이라니  
20170111,10,완전 재밌어요. 전혀 배신하지 않아요^^다들 한번  두번 세번도 보고싶어요♡  
20170111,10,너무 재마난 모아나 잘 봤어요  
20170111,10,넘넘재미 있어요 많이 보세요  
20170111,10,배경이멋져요~ 많이보세요  
20170111,10,멋지고 용감한 소녀 모아나 짱이에요  
20170111,10,재미있게잘보았어요.  
20170111,10,대박  완전 재밌어요  꼭 보세요  
20170111,9,스케일이 남다른 모아나 강추요  
20170111,10,아이랑.재미있었어요  
20170111,10,아이들과 즐거운 시간 보냈어요 너무 재미있었어요  
20170111,8,적극 추천합니다  너무너무 잼있어요 강추  
20170111,8,대자연에 바치는 멋진 헌사  
20170111,9,가족들과 보면 좋을 영화요  
20170111,10,음악도 넘 웅장하고 신났어요여주인공 넘 귀엽네요  
20170111,10,너무 잼있네요 감사합니다^^  
20170111,10,잼나요.환상적이네요  
20170111,10,너무 재밌었어요~ 더빙으로 봤는데 자막으로도 보고싶네요ㅎ  
20170111,10,최고였어요 더빙으로도보고 원어로다시볼래요  
20170111,10,잘봤습니다.잘봤습니다  
20170111,7,신난다 조카들과 복습해야지!  
20170111,10,감동적이고 재미있어요  
20170111,10,넘넘재미있어요 ㅎㅎ 또본대요  
20170111,10,역시 디즈니 영화!!! 2시간 시간가는줄 모르고 봤어요 너무재밌어요  
20170111,10,너무재미있네요^^*  
20170111,10,믿고 보는 디즈니 또 보고싶어요^^  
20170111,10,굿굿  어른이봐도  잼나요  
20170111,10,믿고 보는 디즈니!! 노래가 너무 좋네요! 기대하셔도 좋아요~!!><  
20170111,10,아이들과 함께 보니 너무 좋아요  
20170111,10,너무 너무 잼있어요~~~ ^♡^  
20170111,10,재미있어요 어른이봐도 굿  
20170111,10,넘재밌어요 모아나 짱 재밓ㄴ어요  
20170111,10,영상미에 믿고듣는 ost 꼭 한번 보세요  
20170111,10,너무재밌어요 강추강추  
20170111,10,너무 좋아요~~재미있어요~  
20170111,8,모아나 재미있습니다 추전합니다  
20170111,9,신나고 재미있었어요!!  
20170111,10,잘봤어요  잘봤어요.고마워요  
20170111,10,멋진 모험을  떠나는 감동적인 이야기였어요!  
20170111,9,쓰리디가 즐거운 영화! 색감도 예쁘고 자기가 스스로 역경을 헤쳐나가는 스토리가 즐거웠어요ㅎㅎ  
20170111,10,시사회로본 모아나 역시 겨울왕국처럼 뮤지컬 멋진공연 한편 같아요~^^  
20170111,10,아주 재밌네요~아이들이 좋아햐요~  
20170111,10,잼너무너무 채미져요~  
20170111,10,환상적인 영상에 꿈 꾼 느낌이었어요! 노래도 정말 좋아요 :)  
20170111,9,모아나 재미나게 보았어요.디즈니 영화면서 특이하게재미났어요  
20170111,9,애들이 재미있다네요!  
20170111,10,더빙으로 다시 꼭 볼거에요  
20170111,10,너무 재밌는 여화 굿 강추에여  
20170111,10,정말 감동적인 영화였고 울컥했네요~강추요  
20170111,10,재미재미재미재미 있었어요 재미 있었어요 상추  
20170111,9,노래와 재미둘다 챙길수있는 이 영화를 추천합니딘ㅇ  
20170111,10,최고의 영화였어요. 닭 이랑돼지 넘 구여워요  
20170111,9,시사회보고왔습니다!! 노래도 좋고 영상미도 좋았어요오오오 뒤에 아가들이 자진모리장단으로 노래에 맞추어 의자를 치지만 않았으면 완벽했을 것 같네요ㅎ  
20170111,10,정말  완전히  재밌다~~  
20170111,10,오랜만에 걸작 입니다 재미있네요 굿  
20170111,10,되게 재미잇게 봣습니다  
20170111,10,재밌습니다.교훈도있고 아이들데리고보면 아기들이좋아할듯!  
20170111,9,역시 디즈니 스케일과 음악 김동  
20170111,10,넘 잼있어요~강추~!!  
20170111,9,완전 재미있어요!!!  
20170111,8,생각보다 재미있었어요~~~!! 방학을 모아나와 함께!!!^^  
20170111,10,너무나 아름다운 영화였어요~~~최고네요  
20170111,10,"스토리,영상미,ost까지 너무 완벽하네요보는내내 심장이 뛰고 울컥했네요겨울왕국을 능가하는 애니메이션 탄생!!아이들과 재미있게 잘 봤어요~  "
20170111,10,예상했던대로 모아나 실망시키지않는 멋진 영화였다.  
20170111,10,디즈니라 보고 싶네요.  
20170111,10,너무 재밌어서 다시 보러 올거예요.  
20170111,9,겨울왕국~주토피아 모두다 너무 재미있게 봐서 보기전부터 기대되는 모아나~~ost완전 좋아서 기대 만빵입니다~^^  
20170111,10,모아나 역시 음악이 넘 좋아요.  겨울방학 최고의 영화입니다  
20170111,9,디즈니 믿고 봅니다. 봄방학에도 꼭 개봉해주세요~  
20170111,9,영화 너무 재밌어요 꼭 극장가서 관람 하시길!  
20170111,10,시사회 보고 왔는데 재미있네요여러분들도 보세요 ^=^ :)  
20170111,1,아 되게 별로일듯 너무 슻토리가 뻔함  
20170111,10,너무 기대돼요 ㅠㅠㅠ 얼마전에 바르셀로나 디즈니 샵에서 베이비 모아나 고딩 모아나랑 사진 찍고왔는데 빨리 영화 보고 카톡 사진 올리고 싶어요*_*  
20170111,1,겨울왕국이나 주토피아보다 물입도가 떨어진다..좀 실망했다  
20170111,1,"디즈니가 웃긴게, 자본력으로 관객몰이함. 사전특가예매 실시해서 다른 영화표값의 절반 가격에 표팔이. 별 관심없던 나조차 싼맛에 예매. 그리고, 너의 이름은은 12세 관람가고, 이건 전체관람가. 관객동원력 우위에 있음에도 불안했는지 반값예매로 표팔이..  "
20170111,10,디즈니신작에니 모아나 환상적인이야기와 아름다운음악 그리고 예쁜캐릭터 너무나 재밌네요  
20170111,10,겨울왕국 만큼 대박 나라 모아나 파이팅!!!  
20170111,10,모아나 시사회갑니다 좋아요  
20170111,10,우디르와 나미가 나오는 영화인가?  
20170111,10,"오늘 시사회 참석하고 왔습니다. 디즈니 역대 최고의 작품이라고 단언할 수 있습니다. 캐릭터의 매력, 영상미, 음악 모두 최고였습니다. 17년 1월부터 너의 이름은과 함께 최고의 애니메이션 영화를 감상할수있어 정말 행복합니다  "
20170110,10,너의 이름은 같은 쓰레기영화보다 꿀잼입니다  
20170110,9,인생개척의 최고봉! 더이상 디즈니는 백마탄 왕자의 이야기가 아니다~  
20170110,10,"최고다. 머리카락과 물, 피부의 표현은 특히 실사를 보는 듯 했다.디테일함, 영상미, 색감, 스토리까지 모두 완벽해♡  "
20170110,10,영상미가 너무 좋았고 당찬 모아나와 듬직한 마우이의 캐미가 너무 보기 좋았어요! 역시 믿고보는 디즈니입니다!!  
20170110,10,방금 시사회보고 GV시간에 평점남깁니다꼭보세요 제발보세요 개인적으로 모아나>>>>겨울왕국모아나♡♡♡  
20170110,10,모아나---->모하노? 모아나보러 안가고?  
20170110,10,최고의 디즈니애니로 강추입니다.뉴질랜드 마오리족의 모험과꿈의 여행 최고입니다.  
20170110,9,닭이 히트 ㅎㅎㅎ 너무 재미있었어요! 추천합니다. 노래도 참 좋아요!  
20170110,10,비주얼 장난 아니네요 모아나 ♥  
20170110,10,역시 디즈니 한편의 뮤지컬을 본거 같아요 너무 재미있어요  
20170110,10,뉴질랜드  오래살다 한국 와서 넘 그리워요 친근감 가는 캐릭터들 넘 이뽀~ 기대이상입니다~~ㅎ  
20170110,10,굿 ~~ 디즈니는 믿고봄  
20170110,10,정말 재밌었네요 갠적으론 주토피아 겨울왕국보다 한수위인거같아요 노래도 정말 좋네요 ost도 너무좋고 무엇보다 스토리 감동 어느거하나 빠지지않네요 ㅋㅋ 윗분말씀처럼 치킨 한마리 나오는데 ㅋㅋㅋ 정말 우리나라 누구생각나네요  
20170110,10,주토피아랑 겨울왕국 엄청 재밌게 봐서 기대합니당 예매했어요!  
20170109,10,여기 닭그네 나온다며. 그거만으로도 10점 준다  
20170109,10,주토피아 에 이어~~디즈니가 또 한번 변화에 도전했네요! 이번엔 노래로 유쾌하게~~좋다!  
20170109,10,드디어 이번주면 극장에서 볼 수 있구나ㅠㅠ 엄청 기대했음!! 믿고 보는 디즈니다 정말  
20170109,1,어차피 애들 보여줄 부모의 마음을 흔들어야 할 영화면서시사회는  키즈프리? 애들은 시끄러우니 시사회 안되?씽부터 해서  어이가 없네-.-  
20170109,10,크.. 비쥬얼은 말할 것도 없고 음악도 너무 좋을 듯ㅠㅠ 다음주면 개봉이라니 행벅..♡  
20170109,10,믿고 보는 디즈니ㅠㅠ 진짜 모아나때문에 2017년 기다림...♡ 얼른 보고싶당!  
20170109,10,공주가 등장하지 않아도 뻔하지 않은 스토리와 캐릭터. 디즈니는 정말 믿고 볼 수 밖에 없다  
20170109,10,모아나 진짜 최고!!!!  
20170109,10,헐 모아나 이번 주 개봉해??!!?! 모아나 애기 때 핵졸귀던뎈ㅋㅋㅋ 빨리 보고 싶다ㅠㅠ  
20170109,10,모아나 걸크!! 매력 터진다 ㅋㅋㅋ 역시 디즈니임 사랑함 ㅋㅋㅋ  
20170109,10,믿고보는 디즈니 완전 설레 <3  
20170109,10,이번에도 마음을 사로잡는 영상과 스토리 역시 디즈니!!  
20170109,10,어제 cgv에서 봤는데 제 2의 겨울왕국이 아니라 주토피아 같은 삘~ 어른이 더 잼있게 볼 만한 영화 ㅋ  
20170109,1,미안하다 ㅋㅋㅋ 너의이름은한테 발릴것 같은 느낌은 뭐지 ㅋㅋㅋㅋ  
20170108,8,이미 봤는데 모아나랑마오위 잘될줄알았는데 전혀아님결말 조금 허무..  
20170108,8,오늘 시사회다녀왔는데 역시디즈니 스토리나 애니메이션의 디테일이 최고네요~5살 8살아이와 함께봤는데 5살도 집중하고 보내요~방학인데 어른 아이 모두즐겁게 봤어요  
20170108,9,로드호그 섬사람ㅋㅋㅋ  
20170108,10,정말 재밌어요 꼭들보세요  
20170108,10,너무 즐거웠어요~~~아이들이 푹 빠져서 봤어요  
20170108,10,지금 막 봤는데 5살 아들램도 좋아하고 남편도 저도 정말 재밌게 봤어요~^^  
20170108,10,너무 재밌게봤어요!! 아이가 넘 신나하네요~  
20170108,10,아주 재밋게 잘봤어요^^  
20170108,10,모아나 최고의 재미와 감동입니다~~~!!  
20170108,10,너무 재미있어요 아이뿐만 아니라 가족모두 즐거운 관람이었어요  
20170108,10,모아나 너무 재미있어요 강추해요  
20170108,10,모험이가득한 세계 영상도 화려하고 지루할틈없이봤어요  
20170108,10,재밌어요~~~ 한번 더 보고싶어요. 나는 바다가 무서운데 모아나는 바다를 좋아하는 것 같아서 신기하고 재밌어요.  
20170108,10,사촌과 함께 본 영화~~ 딸래미가 너무 재미있나네여~  
20170108,10,아이가 아주 재미있었다고 하네요  
20170108,10,아이가 너무 재미있었다고 하네요~  
20170108,10,모아나의 용기가 멋지고 여자 화이팅  
20170108,10,아이가 재미있데요~교훈적인 내용~포기하지말자!도전!!  
20170108,10,너무 재밌어요. 겨울왕국 이후 최고에요!!  
20170108,10,모험 이야기 모아나 너무재밌게보았습니다~^^  
20170108,10,씽보다 재밌어요~~fantastic해요~~  
20170108,10,재미있어요. 꼭 보세요.  
20170108,10,아이와 함께 봤어요. 노래도 좋고 재미있어요.  
20170108,10,희망을주는 영화입니다  
20170108,9,초등학생이관람하면 좋을듯해요..어른인데도 감동깊게 봤어요^^  
20170108,10,아이들과 잘 봤어요 잼있어요  
20170108,10,물의 표현과 노래가 좋았습니다  
20170108,9,재미있게 보았습니다 .^^  
20170108,10,재밌었다...신난다  
20170108,10,재미있네요~ 아이들이 신나해요  
20170108,9,시사회 봤는데 유쾌하고 재밌어요  
20170108,9,재미있었어요 아이들과 볼만하네요 씬스틸러 꼬꼬도 웃기고 코코넛해적도 재밌어요  
20170108,10,완전재밌어요~~추천추천!  
20170108,10,헤이헤이가 제일 재밌었다  
20170108,8,재미있게 봤어요.역시 디즈니  
20170108,9,스토리도탄탄하고영상도좋네요.  
20170108,9,아이들이 재미있어해요. 어른들도 재미있네요  
20170108,10,아이들과 봤는데 재미있어요  
20170108,10,아이와 함께 보았는데 강추합니다  
20170108,10,좋아요! 추천해요! 보세요  
20170108,10,이렇게 잼있는영화 첨!  
20170108,10,믿고보는 디즈니 영화!!  
20170108,10,믿고보는 디즈니! 이번에도 꿀잼각이다ㅋㅋㅋ 예고편만봐도 재밋어ㅠㅠ 두번봐야지 세번봐야지  
20170108,10,해외평 진짜 좋던데 빨리 개봉했으면 좋겟다ㅠㅠㅠㅠ 친구가 미국에서 보고왔느데 그렇게 재밋다고 강추강추함ㅠㅠㅠㅠ  
20170108,10,이번주 예매하고 기다리는중!  
20170108,10,"모아나 너무 예쁘고 OST, 공개된것도 들어봣는데 중독성갑b 빨리 개봉했으면 좋겠다ㅠㅠㅠㅠ  "
20170107,1,모아나는 그렇다치고 뚱뚱한 남자 캐릭터 시각적으로 너무 비호감… 온몸에 문신이네?  
20170107,1,"빅 히어로는 너무 좋았는데, 모아나는  뭐지... 창조의 능력은 대지의 여신에게 속해 있는 게 아니다. 마치 그리스 로마 신화처럼 다신주의적 사상에다가 성경에 있는 역사나 능력을 왜곡한다. 아이들에게 이상한 사상의 영향을 끼치겠네. 디즈니 대실망!  "
20170107,10,주인공이 흑인이라 망할듯  
20170107,5,"인종차별적 요지가 있다고 함. 남주도 백인 남주랑 다르게 괴물 오크같고, 여주도 겨울왕국, 라푼젤 여주에 비하면 못생겼고 몸매도 별로임. 더군다나 남주는 폴리네이시아인에게 '영웅'이라는데 영웅이 저따구로 생김?  "
20170107,10,로드..호그....?  
20170107,8,빅매치네요?!(너의 이름은.vs모아나)솔직히 어쌔신 크리드는 혹평을 남겼으니 빠집시다.  
20170106,10,디즈니는 닥추야 별점 10  
20170106,10,전 이미 애니메이션 보고 왔어요!! 노래도 너무좋고 너무 재미있어서 영화관 두번이나 갔었는데~ 이번에 개봉하면 또 보러가야겠어요!! 오예!!!  
20170106,10,캐나다에서 봤는데 일단 색감이 쩔고 OST도 겁나 중독성 있다 스토리가 괜찮긴 했지만 약간  좀 아쉬웠다 결말이 열린 결말이었는데 좀 허무한 열린 결말이랄까? 그래도 별점 10점이 모자라다고 생각되지는 않는다  
20170104,2,홍보를 자주 해서 제목도 외우고 예고편도 여러번 보다보니 궁금증이 생기네요.  
20170104,10,"호주에서 먼저 봤습니다.스토리는 어른들이 보기에는 약간 불만족 스러울수 있으나 영상, 음악, 캐릭터들의 귀여움이 압도적입니다.DVD 로 나오면 다시한번 보고싶습니다. 강추  "
20170104,8,"미국에서 12월말에 봤는데 끝나고 나서 극장에있던 사람들 모두 박수갈채를ㅋㅋㅋ 겨울왕국, 라푼젤하고 구분되는 특징은 러브라인이 없다는거? 알라딘의 지니같은? 느낌이더라구요ㅎㅎ 디즈니 영화스타일 좋아하는 사람들은 대만족할거라고 생각합니다.  "
20170102,8,나 이거 필리핀에서 봤는데 노래도 가끔부르고 볼만함  
20170101,10,"주토피아부터 시작해서 너의 이름은 , 모아나..올 1년은 애니메이션의 르네상스 한번써보자!  "
20161231,8,남자캐릭터 상태 너무한거아니냐; 솔직히 너무 비호감형인데.. 악당인줄  
20161230,10,2번 봤어요 진짜 재미있습니다 ... 소소한 감동 강추입니다  
20161230,10,모아나 빨리 개봉안하고 모아나  
20161229,10,만5살 딸아이 그리고만3살 아들하고 함께 봤어요. 노래도 좋고 지루하지 않고 너무 잘 봤네요 프로즌을 능가하는 듯해요. 3살 아들이 중간에 나가지 않고 재밌게 봤으니까요~~~^^한국에 개봉하면 꼭 보세요 여름영화긴 하네요 ㅎㅎ  
20161229,10,방금 보고나왔는데 진짜재밌어요ㅋㅋ 특히 할머니ㅋㅋㅋ 사람들 끝나니깐 다 박수치고ㅋㅋㅋ 한국에서도빨리개봉하면좋겠네요  
20161228,7,"디즈니답게 노래는 일단 좋다, 풍경도 예쁘고. 다만 스토리를 너무 급작스럽게 전개 하는것 같은 느낌. 100을 펼쳐놨다가 나중에 수습하기 급급한것처럼 보이는 연출이 다소 아쉽다.  "
20161227,10,해왼데 어제개봉했다길래 보고옴... 진짜 돈주고 열번봐도 안아까울듯 진짜너무이쁘고 노래빨리음원나왔으면좋겠음 리얼 강추! 기대를져버리지않았음ㅠㅠㅠ역시 디즈니...♡  
20161226,10,알레시아 카라의 OST만 들어도 너무나 기대되는 힐링에니메이션!! ㅎㅎ  
20161224,10,개봉일이 왜케 늦어 ㅠㅠ  
20161223,10,성우랑 싱크로율보소 ㅋㅋ  
20161223,10,중국에서 이미 11월 28일날 봤는데! 진짜 너무좋아요! 너무너무 ㅠㅠ 내용도 노래도 진짜 ㅠㅠ 모아나 여주의 여성상도 너무 좋고 아이들이 보기에도 정말 좋은 내용! 디즈니가 만드는 스토리의 완성도가 점점 높아지는 것 같아요!- 2번보고싶어요! ㅎ  
20161222,10,뉴욕에서 2주전에 봤습니다. 제가 보았던 디즈니 영화 중 가장 재밌고 감동적이며 음악도 너무 좋았어요!! 모아나는 진취적인 여성에 가깝구요 나쁜 놈인줄 알았던 마위도 갈수록 멋있어지네요 ㅎㅎ  
20161222,10,기대됩니다 믿고보는 디즈니  
20161219,10,"중국에서 아이들과 자막판보고, 중문 더빙판까지 2번 봤네요. 디즈니 영화중에 최고. 아이들과 보기에도, 어른들이 봐도! CG로 바다를 저렇게까지 구사할수 있구나 새삼느끼고, 음악도, 스토리도 최고. 한국 들어가면 아이들이 또 보자고 할듯.  "
20161219,8,미국에 살아서 봤는데 그럭저럭 볼만함  
20161217,10,이번 한국판 더빙 소향이 한다는데 목소리가 너무 천사같은 가수라서 더 기대된다  
20161217,10,전 소향씨가 ost부르신다는데 넘나 설레네요 ㅎㅎ  
20161216,10,"북미 거주중이라 봤는데 그래픽은 디즈니 역대급, 성우, OST, 내용 모든게 완벽  "
20161214,10,"아무 기대없이 봤는데 노래도 너무 좋구, 정말 재밌습니다. 앞에 단편 애니메이션이 나오는데 놓치지 마세요  "
20161213,10,한국에서 개봉전 미국에서 보고 왔어요! 하와이를 너무 좋아해서 더욱 기대 많았는데 음악도 웅장하고 멋진 모아나의 모습에 시간 가는 줄 모르고 봤네요!! 예쁘고 연약한 공주는 이제 없고 강하고 당당한 디즈니 새 여 주인공 넘 멋집니다!!  
20161213,5,스토리라인이 후지다.. 기대를 많이해서 그런가 이번엔 완전히 아동 대상으로 만든 시나리오. 스토리가 전혀 안탄탄하다. 추가로 영화보고나서 바로 드는 질문. 주인공 마우리가 이 영화에 나온 이유가 뭐지..? 애초에 전혀 쓸모없엇던 주인공  
20161213,1,꼬꼬마에게  로리를 심어주려고?  
20161212,10,아름 다운 영상과 멋진 이야기  
20161212,10,늦었지만 중국에서 어제 봤어요. 비록 중문 더빙판이었지만 겨울왕국에 견줄 감동이었습니다. 하와이가 더 그리워지네요. 한국에서 개봉하면 영문으로 한번 더 보려고요.  
20161211,10,여러분 미국에서 봤습니다. 겨울 왕국보다 재밌어요 :) 감동적이고 아름답고 사랑스럽습니다 히히! 꼭 봐야해요 :D  
20161211,10,중국에서 지난주에  봤습니다.재미이습니다.  음악도 신나고  
20161210,10,저도오늘  쿠알라룸푸르에서 봤습니다^^배경과  음악이  멋져요!!  
20161210,10,캐나다는 이미 개봉해서 봤습니다정말 재밌어요!  꼭 보시는걸 추천드립니다.영상미며 음악이며 디즈니특유의 영화시작전의 간단한 애니메이션까지. 전부 10점이 아깝지 않습니다.  
20161210,10,미국에서 개봉 했길래 별 기대 없이 봤는데 저랑 남자친구랑 3-4 번을 울었네요ㅠㅠ 건장한 남자친구가 그렇게 우는거 처음 봅니다ㅋㅋㅋㅋ 정말 영상미 스토리 노래 다 완벽 했어요 믿고보는 디즈니 꼭 보세요!!  
20161208,10,"태국에서 먼저 봤습니다. 스타워즈 로그원도 여기는담주 개봉 ㅎ 겨울왕국 재미있게 보신분이라면강추합니다. 아름다운 영상, 음악 그리고 더락 횽아의멋진 목소리 연기도 굿.모아나에 멍청한 치킨이 한마리 나와서 끝까지 웃음을 주는데 우리나라 그네생각남  "
20161207,10,캐나다에서 봤는데 진짜 최고!!! 꼭 봐야함 디즈니 영화중에 제일 재밌었어요 아직도 눈에 아른거리네요 .... 이전엔 겨울왕국이었다면 이번엔 모아나의 붐이 일어날듯해요 !!  
20161207,10,"헉, 한국에는 내년에 개봉이라니... 딸 아이한테 엘사가 이뻐 모아나가 이뻐? 하고 물어보니까 모아나! 그러네요 ㅎㅎㅎㅎ  "
20161204,10,꼭 보세요!!! 정말 감동적인 대작입니다!저는 이미 중국에서보았는데 정말100번다시보고싶을정도네요 ㅠㅠ~~!!  
20161204,10,방금 보고 나왔는데 너무너무재밌어요 ost도너무너무좋아요  
20161203,5,기대하지마세요..ㅋ  
20161201,7,Ost는 좋은데 흠..스토리 개연성이 조금... 갓프로즌을 넘어서긴 많이 부족한 듯 해요. 전 베트남에서 관람했습니다. 영상미는 정말 좋습니다.  
20161129,8,봤는데 재밌네요 개인적으로 음악이 좋네요  
20161129,10,믿고 보는 디즈니 아니겠습니까! 모아나 기대하겠습니다!!  
20161128,10,이거 로튼 평점 97%인데 기대되네요  
20161128,10,근데 개봉이 왜 이렇게 늦어요?  
20161128,10,어떻게 이렇게 찍는 작품마다 평가가 좋은걸까  
20161128,10,"캘리포니아에 거주중이라 먼저 보았는데 그래픽,스토리 등등 너무나 좋았습니다. 특히나 주토피아 겨울왕국처럼 ost가 너무나 좋아서 영화보고 나오면 노래 중독 될것같네요. 미국 관객들도 대부분 영화끝나고 기립박수 쳤을 정도로 만족스러웠습니다.  "
20161127,10,저는 중국에서 다 봤습니다꿀잼!  
20161127,10,중국에 살아서 어제 봤는디 노래가 엄청 좋네요  
20161126,10,지금 해외라서 오늘 극장에서 봤어요ㅋ 재미도 재미인데 ost 너무 좋음 ㄷㄷ  
20161126,10,"운좋게 미리 보고왔는데 기대하셔도 좋습니다!! 개인적으로 라푼젤,겨울왕국보다 훨씬 좋았음♡노래도 좋고 영상미도 좋습니다!!꼭 영화관에서 보시길 추천해요!!  "
20161125,10,진짜 페북에서 미국인이 영화후기 올라온거보면 진짜 재밌는거 같아. 이런 댓글도 있어. '내 아이가 렛잇고에 중독 되었다가 이번엔 새타이틀곡 how far i'll go에 중독되었어'라고 달려있대  
20161124,10,디즈니는 닥10점이 진리  
20161123,10,글쎄요 댓글좀 볼려고 눌럿더니 글쎄요 +1이 되었다.... 취소도 안되네....  
20161123,10,미국 사는 사람이라 방금 이거 보고왔는데 진짜 너무 감동적이고 재밌어요 ㅠ ㅠ 겨울왕국이랑 느낌이 참 비슷하긴 하지만 너무 재밌어요 강 추 !  
20161118,10,딱 느낌이 드웨인존슨이다 했는데 진짜 목소로가 ㅋㅋ 기대 엄청 되는 군요!!  
20161116,10,미국에서는 2016.11.23에 개봉. 그래도 겨울왕국 주토피아 제작진이여서 기대된다.  
20161102,10,디즈니는 노래지~~ 노래들으러 갑니다.  
20161026,10,주토피아에서 디즈니가 앞으로 성차별적인 요소를 없애겠다는(진보적 여성캐릭터에대한) 말을 해줘서 이번작품은 더 기대되네요.  
20161012,4,캐릭터디자인수준좀 발전시켰으면 좋겠다 맨날 여자주인공은 비슷한 얼굴형에 눈이크고 예쁜상이고 남자주인공은 중구난방으로 디자인하지말고  
20161002,5,재미는 있어보이는데 이번거 실망이다 인종차별로 말많아서  
20160918,10,사랑해요 디즈니! 넘 기대된다♡♡  
20160908,10,예고편만 봤는데 아니 디즈니는 작정하고 만들면 .. 정말 타의추종을 불허하네 .바다물 색체며 그래픽이 이건뭐 후덜하네  
20160902,10,로드호그 어릴때 인가보다  
20160821,10,라푼젤 이후로는 믿고보는 디즈니  
20160809,10,픽사의 잔 재주에 잠시 주도권을 빼앗기기도 했지만 이젠 다시 왕좌의 위엄을 느끼게 해주는 디즈니.  
20160628,10,디즈니의 끝은 어딜까?  
20160628,10,"겨울왕국, 빅 히어로, 주토피아등 계속해서 대작 작품을 만들어내는 디즈니에서 이번에는 또 어떤 좋은 작품을 만들어낼지 상당히 기대가 됩니다.ㅎㅎ국내 개봉일이 조금 늦은 것은 아쉽긴 하네요...  "
20160627,9,미국에선 11월에 개봉할 영화를 2월에 개봉시키는 디즈니 코리아. 아주 고맙네요.  
20160627,10,반인반신이면 혹시 그분이신가?  아가씨 좋아하시던 분  
20160627,10,역시 캐릭터가 개성 있고 생명력이 있네요 무엇보다도 새롭습니다 ㅎㅎ 디즈니라 평타 이상은 칠듯  
20160627,10,로드호그의 유년생활을 촬영한 다큐멘터리이다.  
20160614,10,모아나.. 넘나.. 예쁜 것... 드웨인 존슨..도... 성우연기.. 좋다....ㅎ  
20160613,10,1차 티저 공개됬습니다ㅣ. 기대감이 더욱더 커지네요. https://www.youtube.com/watch?v=C6PbWhWGUrY  
20160305,10,미리 영접드립니다 공주님  
20160302,8,"다좋은데, 마우이 얼굴은 정말 저게 최선??;;; 요즘 모에선 맞은 디즈니 그림체 에서 많이 새롭네ㄷㄷ  "
20160223,10,문신그리느라 혼을 다 쓸것같다  
20160219,10,역시 디즈니는 공주지.  
20160217,10,컨셉부터가 우선 매우 새로운 공주컨셉...! 너무 기대된다...왠지 스토리도 매우 좋을것만 같은 예감!ㅎㅎ 11월달까지 어떻게 기다려...ㅠㅠ 는 고3...  
20160126,10,꺄아 디즈니 프린세스 디즈니 사랑해요  완전 대박  개봉 언제해ㅜ 빨리 개봉하라고 현기증 날 듯ㅜ 드디어 엘사찡 이후 공주가 나오는구나 아 완전 좋아  
20160114,10,좋아요 10볼래요 95찍고갑니다☆  
20151213,10,내년 11월만 기다린다...  
20151108,10,헐 재밌겠다 보기도 전에 설레는중..  
20151107,10,아~기대된다 ㅎㅎ역시 디즈니는 어느회사도 범접할수 없는 클라스를 유지하네 ㅋ스토리보드가 재미나면 좋겠다^^  
20151008,10,주토피아.. 모아나...2016년이 기다려지는 이유중 하나  
20150725,10,이번에는 남태평양 공주로구나. 믿고보는 디즈니라 걱정안해도될듯ㅎ 기대하겠습니다!!  
20150601,10,이번에는 겨울왕국보다 스토리가 더 나은 멋진 작품이 되었으면 좋겠다  
20150424,10,믿-고보는 디즈니클라스  
20150405,10,기대된다 기대된다 기대된다  
20150404,1,더 락한텐 안어울릴것 같다..  
20141218,10,믿고보는 인어공주 알라딘 공주와개구리 연출팀 기대되네요  
