0,1,2
20170725,10,그루와 미니언들의 이야기가 재미도 있었지만 감동도 있었던 것 같아요!  서툴지만 주인공들이 가족이 되어가는 모습은 보는 내내 공감이었어요~!  
20170725,9,다크 미니언~ 노래부르다가 감옥 감쪙  
20170725,10,"시리즈 다 봤는데, 이번이 짱임! 특히 노래가 대박임ㅋㅋ영화보자마자 OST 전곡 다 추가함 진짜 좋음!!  "
20170725,10,스틸컷보니까 엄청 재밌을 것 같아요~ㅋㅋ1은 정말 재밌게 봤고 2는 재미가 없었으나...미니언즈는진짜 재밌게 봤는데 3도 그럴듯..!!  
20170725,9,엄청 재미있어요~~~~  
20170725,10,시사회봤는데 아이가 매우좋아하네요 재미도있고^^~  
20170725,9,매 시라즈 실망안시키네요  
20170725,10,아이들이 신나게 웃고 시간빨리흘러가네요ㅎㅎ빵빵터지는 아이들개그코드에 잘맞췄네요  
20170725,10,그루와 드루 넘 잼났구 미니언즈들이 웃김 진짜 강츄!  
20170725,10,아이들이 넘 재밌게 잘 봤어요^^  
20170725,10,정말 귀여워요볼만합니다.  
20170725,10,다시 보고싶은영화네요!!!너무 재미있었어요♡♡♡  
20170725,10,최고네요 꼭봐야해요 강츠해요  
20170725,10,재밌어요 전편보다 더 재밌어요  
20170725,10,어른이 봐도 아이가 봐도 재미있는 영화  
20170725,10,슈퍼배드 너무 재미잇어요  
20170725,7,애들은 좋아할듯 하네용  
20170725,10,"그루, 드루 형제 정말 재미있었어요!!!!또 봐도 재미있을듯!  "
20170725,10,시사회 봤는데 너무 재미있어요 ^^*  
20170725,10,아이들이 재밌어해요 강추요  
20170725,10,귀엽고 사랑스러운 미니언즈와 그루가족이 돌아왔다!따뜻하고 즐거운 영화! 누구와 같이 보아도 좋다!아이들 보다 어른들이 더욱 사랑하는 슈퍼배드시리즈기다린 보람이 있다!  
20170725,10,재밌음 더빙말고 오리지날보시기루추천합니다  
20170725,10,너무너무 슈퍼배드 재미잇엇어요  
20170725,10,슈퍼배드3 아이랑 같이 보기 좋은 영화네요. 기대만큼 재미있었습니다. -롯데타워 시네마 시사회  
20170725,10,보고싶어요.재미있어요  
20170725,10,역시 미니언즈들은 악당짓을 관둘수 없나봐요 ㅋㅋ넘 재밌게 봤어요 ㅎㅎ  
20170725,10,너무재미있어여 진짜 짱  
20170725,10,시사회 관람했는데 아이가 넘 재미있어하네요 ^^  
20170725,10,역시 미니언즈!!! 너무너무 재밌네요~!!!안보시면 후회~~ 꼭보세요♡^^  
20170725,10,시사회로 봤는데 넘넘 재미있고 즐겁게봤네요~^^ 강력추천합니다~^^  
20170725,9,아들이랑 보러왔는데 너무 괜찮네요  
20170725,10,방학을 이용해서 아이들과 함께 볼 수 있는 기대되는 미니언즈시리즈이네요^♡^  완전꿀잼~!!!  
20170725,10,귀요미 미니언즈와 함께하는 슈퍼배드3!! 최고에요 ^~^  
20170725,10,미니언즈 넘귀여워요재밌게 잘봤네요 다음시리즈 궁금ㅎㅎ  
20170725,10,역시 너무도 재미있는 수퍼배드  
20170725,10,유쾌하게 재미있게봤어요~강추입니다  
20170725,10,아이들도 어른들도 함께 웃으면서 볼 수 있어 좋았어요  
20170725,10,엄청 재미있어요 또 보러 올거에요  
20170725,10,재밌어요잘봤어요좋아요  
20170725,10,"끝날때까지 흥겹게 유쾌하게 미니언들과 함께할수있었네요^^ 11살,4살 두아이와 재미있게 잘봤어요^^ 슈퍼배드3 엄지척ㅋㅋ  "
20170725,8,재미있게봤어요~^^  
20170725,9,재밌어요~~^^ 아이가 좋아하네요~  
20170725,10,너무재미있어요 강추해요  
20170725,10,아이가 넘 잼있어해요~4편기대되요~  
20170725,8,노란 미니언들.. 역시나 귀엽고 영화 재밌어요~~  
20170725,10,귀여운캐릭터들이 나오네요~~가끔 형제애..가족애가 나오고..ㅋ5살짜리 딸이 악당이 무섭다네요ㅋㅋㅋ  
20170725,10,"슈퍼베드3귀여운 캐릭터들이 펼치는 이야기아이들이 중간에 악당들이 무섭다고 하긴 했지만,중간중간 유머스런 요소들이 있어서재미있어요~~^^  "
20170725,10,아이들이 넘 잼잇어해요!! 개봉하면 또보러가야겟어요~~~  
20170725,10,역시 기대이상!!! 시사회 통해 미리 봤는데 역시 볼만하네요^^  
20170725,10,아이들과 즐겁게 볼 수 있는 영화 또 한 편 예약이네요~~~  
20170725,10,미니언즈 여전히  귀엽네요~~~슈퍼배드 너무재밌게잘봤어요~^^아이들이 넘좋아했어요  
20170725,9,미니언즈 처음 개봉했을때부터극장에서 보고있어요~슈퍼배드3도 역시나 기대됩니다!귀여운 미니언즈 화이팅!  
20170725,10,귀여운 미니언즈들의 활약 기대됩니다.  
20170725,10,여전히 잼난 슈퍼배드미니언즈 너무 귀여워요  
20170725,10,엄청 기다렸는데 역시 아이들도 어른들도 재미있게 보는 슈퍼배드 3재미있어요  
20170725,10,미니언즈 넘 기엽고 영화 완전 재밌었어요슈퍼배드 4 꼭 나왔으면 좋겠어요!!슈퍼배드 짱!♥♥♥  
20170725,8,아이들과 함께 최고!!!  
20170725,9,아이와 함께보기 너무 재밌는 영화예요  강추ㅎㅎ  
20170725,10,와 슈퍼배드 진짜 저의 최애작...!!넘ㅁ니 재빗어요!! 진짜 미니언즈 사랑해요ㅜㅜ 흐어어ㅓ어어호ㅇ 진짜 100작까비 갑시다!!  
20170725,10,10점 만점에 10점!!! 아이들 너무 재밌어해요^^  
20170725,10,미니언즈  넘넘 잼있어요~추천합니다  
20170725,10,아이가 넘 좋아하네요..역시 미니언즈 최고 예요.~~^^  
20170725,10,짱짱 잼나요!!언제봐두 즐거운 미니언즈  
20170725,10,기대되요 슈퍼배드3잼나겠어요  
20170725,10,다크 미니언즈 너무너무 귀여워요!!  
20170725,10,완전 재미있고 너무 귀여운 미니언 꼭보세요  
20170725,10,애들 넘넘 좋아했어요~~또 보고프다네요  
20170725,10,역시 슈퍼배드다~미니언즈의 귀여움을 또한번 만나볼 수 있는 영화~여름방학 최고의 기대작이 될듯  
20170725,10,시사회 기대됩니다.슈퍼배드3. 짱  
20170725,10,슈퍼배드3  덕분에 올 여름 션~~하게 보낼듯요^^아이들과 넘 재밌게 봤어요~~~대박나길  
20170725,10,아이들이 너무좋아해서 재밌게 봤어요~~캐릭터들이 다들 귀여워요^^  
20170725,10,"귀여운 미니언즈,,현상슈배하고파용!!!완전귀요미들!!  "
20170725,10,슈퍼배드3  미니어즈들의 이야기 너무 재밌어요여름방학 최고의 영화가 될 것 같아요  
20170725,10,역시 슈퍼배드는 진리!!두 아드님들 완전 좋아하신다.슈퍼배드 4는 또 언제 나와요???미니언즈는 최고의 캐릭터!  
20170725,10,귀여운 미니언즈들을 보는 것만으로도 만족인 영화죠ㅎㅎㅎ 보기전부터 기대되고 재미있을것 같은 영화슈퍼배드3~♡  
20170725,10,귀여운 미니언즈들  역쉬  기대를 저버리지 않네요~~최고의 악당만을 섬기는 미니언즈들~~그루 동생 드루 ㅋㅋ 너무 재밌었어요^^~~  
20170725,10,익살스런 다크 미니언들 넘 재밌었어요~~!!  
20170725,10,귀여운 미니언즈들 최고여요~^^슈퍼배드3 너무 잼있어요~♥  
20170725,10,원투에 이어 너무 기대되요 아이들은 물론  저조차도 너무보고싶네요 응원합니다  
20170725,10,두근두근!! 너무기대되요!!  
20170725,10,시사회로 아이와 함께왔는데 너무 재미있네요^^  
20170725,10,기대를 저버리지 않네요~아이와 같이 봤는데 너무 재미있었어요. 방학 선물로 좋아요~~  
20170725,10,드디어 내일 개봉이네 ㅠㅠㅠ 미니언들아 기다려...♡  
20170724,10,시리즈 다 봤어요!!! 이번에도 볼거에요!!  
20170724,10,감독이 사우스파크 감독인줄도 몰랐네  
20170724,4,미국에 살아서 어제 보고 왔는데 별로 재밌진 않아요... 스토리가 좀 허접한듯  
20170724,10,미니언 영화가 아닌데 미니언만 생각하고 보러 가셔서 실망하는 건 아닌지 이 영화의 주인공은 그루인데 다들 초점이 잘못맞춰있는 거 같아요 미니언이 별로 안나오는건 당연한거에요  
20170724,10,하 이거 아주귀요미네 풍원아 보고싶다  
20170723,1,아이들 정서에 별로일듯 ...걱정이 앞서네요  
20170723,6,슈퍼배드2 만큼 스토리가 엉성함 미니언의 귀여움으로 승부보는 영화 슈퍼배드 시리즈를 좋아하지만 1편만한 후속은 없는듯  
20170722,10,꺄아~~ 귀여워 으흐흐흐ㅡ흫  
20170722,10,저렇게 귀여운 악당이라니.. 음악까지 찰떡이닼ㅋㅋㅋ26일에 만나자ㅜㅜ  
20170721,10,너무 재미있을거같아요~~^^  
20170720,10,재밌겠다 ㅋㅋㅋ 기대된다  
20170719,10,짱 보고 싶음니다.예고편도 진짜 재미있어요!!!ㅋㅋㅋ  
20170719,6,미국쪽에 살아서 봤는데 솔직히 조금 실망했음.. 스토리가 너무 질질 끄는거 같고 내용도 별로.. 결정적으로 미니언 분량이 너무하다싶을 정도로 짠내났음  
20170718,10,"오늘 아이들과 극장 다녀 왔어요(여기는 말레이시아) 그루와 루시와 세공주들의 넘나 행복한 모습이 엄마입장에서 넘 흐뭇했고, 우리 두공주들도 즐겁게 관람했습니다. 역시 기대를 져버리지 않는 미니언즈들도 귀욤폭발 짱짱! 그루와 뗄수없는 찰떡궁합~베리굿!!  "
20170718,10,와 ㅋㅋ 정말 재미있을것 같아요  
20170717,8,해외에서 미리 봤는데 재밌음 근데 미니언 분량 짠내남 ㄹㅇ  
20170716,10,해외라서 그저께 봤어요. 역시나 개그요소 취향저격에 1편 나왔을 때와 같은 신선한 감동 캬. 꼭 보세요!! 참고할 점은 여긴 예의 바른 나라임에도 불구하고 애기들 코멘트 다는 소리에 조금 짜증났어요. 한국 관객분들은 애들 없는 시간대에 가시길..  
20170715,10,귀여운 수퍼배드  흥행하기를...  
20170714,10,"역시 기대를 져버리지 않은 슈퍼배드^^1,2,3 전부다 잼있넉요!!전 어제 인도네시아에 개봉해서 봤어요^^  "
20170714,10,"슈퍼배드1,2도 재밌었는데 이번에는 얼마나 더 재미있을지 기대됩니다.  "
20170714,10,캐나다에서 봤습니다기대하셔도 좋아요  
20170711,10,빨리나오길바랍니닼ㅋㅋㅋ  
20170711,10,완전기대됩니당 오즈의마법사이야기는 누구나 좋아할만하죠^^  
20170709,10,사랑합니다 왕의 귀환!!  
20170705,8,해외 살아서 봤는데 너무 기대했는지 그다지..  
20170705,10,"미국에서 6월 30일 개봉하자 마자 봤어요. 기존의 슈퍼배드 1, 2, 그리고 미니언즈보다 더 재밌게 봤습니다. 아그네스가 정말 존귀에요... (흐뭇) 러블리하게 잘 봤어요!  "
20170704,8,대만에서 선개봉해서 봤어요! 진짜 재밌었어요!  
20170704,10,대만에서 먼저 봤어요 존잼 꾸르잼!  
20170702,9,베트남에서는 먼저 개봉해서 CGV에서 봤어요! ㅎㅎ 미니언 분량이 좀 작긴해도 춤추고 노래하는 씬ㅜㅜ귀여워ㅜㅜ감옥간 미니언즈 졸귀ㅜㅜ  
20170630,9,방콕에서 봤음. 완전 재밌음.  강추!!  
20170630,10,이쯤되면 1가구 3미니언 보급각 아니냐. 한달 언제기다려  
20170629,9,개인적으론 미니언즈가 더 재밌는데..  
20170629,10,솔직히 내용 재미없어도 상관없음. 미니언즈가 최고시다ㅠㅠ  
20170628,10,좋은 영화인데..군함도에 뭍히겠지?  
20170628,10,혹시이번슈퍼베드3에서도 태현씨와서현씨가하나요?기됩니다  
20170627,10,아닠ㅋㅋ맨 처음 예고편에는 드루 얘기가 없었어서(5월 달인가 4월 달인가 봤던 예고편) 이번 예고편 보곸ㅋㅋㅋ진짜 식겁했넼ㅋㅋㅋ심지어 둘이 같은 성우야..Oh dear..얼른 26일이 되기만을 손꼽아 기다리고 있어요!!  
20170627,10,왜 우리나라는 26일에 개봉인건가요얼른 보고싶습니다 ㅠㅠ  
20170625,9,호주 아줌마 말이 2 보다 3가 잼있다함  
20170624,10,아 너무 기대된다.그루도 좋아하기 때문에 슈퍼배드를 기다렸다.  
20170622,10,미니언 짱 귀여움 병맛 스토리 기대만땅  
20170622,10,슈배가 개봉한다니 7월 박스오피스 초토화^^ 다끝낫다 미니언 사랑햄...  
20170622,10,으 대미친 ㅠㅠㅠ 아파트 뽑아버린다!! 졸귀탱  
20170622,10,다크 미니언이라니 갈수록 귀염은 업그레이드되는군  
20170622,10,미니언즈의 애플힙을 가지고 싶어요.  
20170622,10,신이난다 바나낰ㅋㅋㅋ  
20170622,10,차카게 살자 ㅋㅋㅋ졸귀  
20170622,10,예고편 봤는데 넘나 기대됨  
20170622,10,바나나 먹고싶다....  
20170622,10,정말 기대되네요~ 개봉하자마자 보러 가야겠어요~ 하하하~  
20170622,8,스티브카렐은 성우천재같다  
20170622,10,귀여워 귀여워 귀여워 ㅎㅎ  
20170622,10,빨리 보고싶어요ㅠ-ㅠ!!  
20170622,10,기대됩니다 빨리 개봉했으면 좋겠어요  
20170622,10,나의 슈퍼배드! 나의 미니언!이 또 온다니!!!  완전 기대된다 ! 미친 귀여움 얼른 보고싶어 ㅜㅜ  
20170622,10,미니언 시리즈 완전 좋아하는데...ㅠㅠ 이번에도 기대됩니다!!!  
20170622,10,꺄악.. 예고편만 봐도 넘 귀엽고  재밌네요-  두근두근!!  
20170622,10,인생 애니 볼 생각에 두근두근두근  
20170621,10,미니언 졸귀라서 꼭볼거다  
20170621,10,미니언 졸귀탱 ㅠㅠㅠㅠ 빨리 보고싶어  
20170621,1,캐빨 똥망영화ㅠㅠ 내세울게 미니언밖에 없나봄  
20170621,10,bfghgfghgf  
20170621,10,빠냐냐빠냐냐빠냐냐빠냐냐빠냐냐빠냐냐빠~냐~냐~~~~  
20170621,10,미니언 귀여워!!!!  
20170618,10,우리 귀여운 슈퍼배드들!!이번작도 기대해 봅니당♥♥♥♡♡♡  
20170617,10,이번에도 미니언들 분량 마니마니 넣어줘요 ㅋㅋ  제가 미니언 덕후라서 진짜 기대 되네요 ㅎㅎ  
20170611,10,기대됀다!! 슈퍼배드가 3까지 나오다니!!?  
20170611,10,뭔가  동생 통수칠 느낌이다  
20170610,10,재밌을거 같아요미니언즈 보다 재밋기를  
20170607,10,귀염이 미니언즈 팬으로써 꼭 극장에서 볼꺼에여 너무나 기대됨  
20170603,10,꿀잼일듯 보고싶다ㅋㅅ  
20170424,10,대애애애박 기대된다당  
20170328,10,난 태연서현더빙복귀해주면좋겠다 1편첨보고 생각보다 더빙을 너무 고퀄로해주어서그런지 다시해줬으면좋겠음  
20170320,8,쌍둥이라니... 너무 무리수인데... 드루? 어린이절 지금까지 많이 나왔지만 형제 떡밥은 없었기에... 아니면 기억을 조종당하는 내용일지도?  
20170301,10,빨리 빨리 7월이 되었으면!!!!  
20170218,10,나와라! 심형탁! 허허허허 심형탁! 홍보를 위해 노래부르기와 춤추기! 뿌찌뽀찌빠찌  
20170210,8,왜 포스터에 2명 밖에 없음 나머지 1명은?  
20170202,10,"올해는 더욱더 사악하게, 더욱더 웃기게!!  "
20170131,8,모니모니해도 이 노래는 짱이지  
20170128,10,이번에도 더빙목소리 탱구가 해줬으면 좋겠다  
20170124,10,빨리보고 싶은데 너무 늦게 나온다  
20170119,10,"항상 실망스럽지않은 빵빵한스토리와 깨알같은 디테일로 볼거리를주는 슈퍼배드시리즈 ! 감독님 미니언분량 많이뽑아주세요ㅠ!!!♡ 뜨거운 여름이 빨리오길, 그리고 파라다이스에서 근무하는 미니언들 추운겨울에 감기조심하시길 기도합니다!! 영화 대박 기원합니다!♡  "
20161231,10,1차예고편에서 등장안한 삼둥이....과연..?  
20161226,10,슈퍼배드는 미니언때문에 보는겁니다!!!!  
20161224,10,슈퍼배드1.2랑 미니언즈까지 모두 다 재밌게 봐서 3편이 매우 기대가 된다  
20161219,10,3가 나오네요. 빨리 보고 싶습니다.  
20161219,1,이제 제발 그만좀 우려먹읍시다  
20161219,10,미니언 분량 많이 나오길!! 아그네스도 그대로 나오길!  
20161219,10,기달리기 싫다.이런  
20161216,10,"나의 관심사는 이것이다! 태연,서현이 슈퍼배드3 더빙에 복귀할것이냐? 고사할것이냐?  "
20160529,9,"1,2를 재밌게봣어여 개인적으로 이번에도 태연 서현이 더빙했으면....  "
20160517,10,빨리 오그라 볼 준비 하고 있을테니  
20160430,10,미니언즈  너무나도 좋아서 봐야징  
20151101,10,아그네스 앓이를 2년이나 더 하라고??빨리 개봉했으면 좋겠다.~  
20150929,10,'미니언즈'만큼 재미있기를 기원하며!!과연 무슨 스토리일지...  
20150916,10,아직 개봉할려면 2년이나 남았지만 분명 10점짜리 애닐거라 생각한다...  
20150907,10,기대된다. 미니언즈보다 재미있기를 기원하며...  
20150902,10,재밌을꼬야 ㅎㅎ 분명히 내 친구가 이건 그루의 아들 이야기 라네? 걔가 파괴광선도 발명했다네?  
20150830,10,이번엔는 어떤 이야기를 보여줄지 기대가된다  
20150830,10,본편보다 스핀오프작인 미니언즈가 더 흥행 잘된 애니메이션미니언즈의 성적을 따라잡을 수 있을지가 궁금하네요월드와이드 10억불 넘길 기세던데  
20150218,10,왜인지 기대되네요. 빨리 보고싶다개봉날짜예정작은 2015년 7월 10일이라는데  
