0,1,2
20170208,10,레고무비 기대됩니다.  
20170208,10,벌. 써. 바. 지. 가. 축. 축.  
20170208,10,끝내주게 재미있었어요.  
20170208,10,모든 것이 멋져~ 모든 것이 멋져~  
20170207,9,이거 3d 로 나온건가요??  
20170206,10,맘충 : 아이가 너무 좋아해요~~  
20170206,10,아이들이랑 본다고 하는데 이 영화는 아이들보다는 어른을 위한 영화더군요.. 곳곳에 등장하는 패러디들과 유머를 이해하려면 어른이 더 좋아할 만한 영화라고 생각합니다  
20170206,8,아이들이보기 좋았어요.저두재미있긴했는데 졸려자버렸네요;;ㅋ배트맨레고사러갑나당ㅋ  
20170206,10,으하하하 엄청 재미있음..  
20170205,10,유료시사회 보고왔네요. 40개월 아들램하고 더빙 보고왔는데 우리 애보다 제가 더 재밌게 보고나왔습니다강추!!  
20170205,10,개봉일은 2월9일인데 벌써 영화괸에세 본나는뭘끼? 시사회도 아닌데....왜그렇지...?근데 잼있었음..  
20170205,8,중간에 지루해서 졸긴했어요. ㅠㅠ. 아이와 함께 관람했는데 아이는 좋아하더라구요.  
20170205,7,배트맨 분위기를 살리려고 한 가족 영화. 블랙코미디와 재치와 가족애 그리고 레고 광고까지 모으려고 하다 보니 액션은 짧고 설교는 길다..  
20170205,9,역시레고무비최고네요  
20170205,8,내내 흥미진진!! 5살짜리도 내내 잘 봤어요  
20170205,10,아이들과 너무 재미있게 봤어요^^  
20170205,9,애들이 보고 싶어해서 별 기대 없이 갔는데 생각보다 신나고 시간 가는 줄 몰랐네요. 가족이 같이 즐길 수 있는 영화에요  
20170205,6,그럭저럭..  초1 아들은 대만족. 앞으로 쏟아질 장난감이 걱정스럽다.  
20170205,6,레고 시리즈 계속 해서 나오네..  
20170205,10,5세아이와함께보기엔좀지루한거같아요.  
20170205,9,awesome~~~  
20170205,10,아이들이보고싶다해서봤는데재미있네요  
20170205,9,너무 재밌어요. 아이들에게 강추 합니다.  
20170205,10,8세아들과 재밌게 봤습니다. 애니치곤 러닝타임이 약간 길긴 했지만 레고보는 재미가 쏠쏠ㅋ  
20170205,5,이렇게 좋은 소재를 갖고 참...  
20170205,9,아이들이 재미있어하네요~근데 좀 상영시간이 길어서 마지막에는 좀 힘들어하기 직전이였네요~^^ 레고무비는 가족들에게 항상 재미있네요  
20170205,8,레고좋아하는 두아들 너무재밌어 하네요~~~^^즐겁게 잘봤습니다~~  
20170205,10,꿀잼 레고사고싶다.눈 반짝거리는게 귀엽고 스토리도 좋았다  
20170205,7,훌륭한 레고 선전 영화였다  
20170205,10,너무 재밌게봤어요 아이들도 옷기네요  
20170205,10,배트맨무비 시사회 보고왔습니다코미디하고 액션이 끝내줬습니다레고무비랑 퀄리티가 다르고 훨신더 재밌었어요 꼭 보세요 ㄹㅇ꿀잼 아 그리고 아이언맨 재수없어  
20170205,10,아저씨인 내가 봐도 기대되는데?  
20170205,10,아들둘다 재밌었다네요.  
20170205,9,레고영화능 챙겨보능데베트맨 기대하고봣능데 역시ㅋㅋ재밋엇어요~  
20170205,8,배트맨 영화에 가족 영화를 끼얹었는데도 배트맨 과 로빈 보다 낫다.  
20170204,10,어제잇던 왕십리 시사다녀왓습니다.전에 알던 배트맨은 잊으세요! 유쾌하고 재밌는 배트맨은 첨이네눀ㅋㅋ  
20170204,5,기대한 것보다  재미없었다  
20170204,10,정말  온가족 잼있게잘보았습니다^^♡  
20170204,10,오늘 봤는데 재밌게봤어요!다만 아이들이 너무 많다..진짜 재밌고 오늘길에 레고하나씩 사고왔어요!괜찮으니깐 꼭 보세요:)  
20170204,10,오늘 조조로 봤는데 꿀잼입니다..스트레스 확 풀림  
20170204,10,아이언맨 재수없어!!!!  
20170204,10,베트맨 이야기 공감됐음 재미있었음 할리퀸까지 나와서 좋았음  
20170204,8,"""아이언맨 재수없어.""  "
20170204,10,재치만점!!아이도 어른도 너무 좋아할만한 영화예요. 정말 재밌었어요~~^^  
20170204,9,네이버 페이 주세요. 빨리  
20170204,8,중간에 살짝 지루했지만 볼거리는 많았어요 초등아들은 잼있었다고하네요  
20170204,9,내용도 내용이지만 역시 스케일이 다른 레고... 와우!  
20170204,8,6살 아이가 정말 즐거워했어요. 아빠와 함께 이야기거리도 생기고 즐거운 주말이 되었습니다.  
20170204,10,시사회에서 봤어요 최고입니다  
20170204,8,아이들이 재밌다고 하네요. 전 그전에 레고무비랑 비슷한 느낌이었어요~  
20170204,8,재밌어요 어른이 보기에도  
20170204,7,레고를 사랑하신다면 볼만해요^^  
20170204,10,재미있어요 어른이봐도  
20170204,10,최대 기대작이다. 이런게 땡기더라  
20170204,10,볼때마다 실망하는 DCEU보다 더 나을듯. 진짜로.  
20170204,10,시사회로 봤는데 역시 자막이 찰지고 꿀잼!  
20170204,10,진심 이게 DC보다 나음.  
20170203,10,이런 맙소사... TV에서 광고로 봤을 때 재미있어 보인다고 생각은 했는데... 으어어 보고 싶어요!! 개봉... 빨리..  
20170203,10,혼자 보기 아까워요!재미나요  
20170203,9,재미나게 보았어요. 영화속 악당들도 레고로 나오고요.신났어요.  
20170203,8,아이언맨 재수없어 ㅋㅋㅋ 재밌네요 웃음과 교훈적 코드가 잘 만들었어요  
20170203,10,너무 재밌어요 감동적인 배트맨 영화에요 온가족 강력추천해요  
20170203,10,레고배트맨 지긍까지보아온 레고무비와는 차원이  다르다.신선하다  
20170203,10,레고배트맨무비 신나고 재밌네요 어른들도 좋아할것같아요  
20170203,10,레고무비만큼 재밌었어요 ^^  
20170203,10,재밌어요. 아이들도 좋아하네요. ^^  
20170202,10,귀염둥이 조커와 배트맨 정말 재밌어요.  
20170202,10,레고 캐릭터 귀여워요 ! 개그 코드도 귀엽고 bgm도 좋고 배트남이  좀 능글맞았어요 ㅋㅋㅋㅋ  
20170202,10,재미있고 감동적 이었어요  
20170202,10,자막버전으로 한 번더 볼꺼에요  
20170202,9,시사회 관람 후 작성해요~ㅋ 더빙으로 봐도 전혀 무리없네요 레고로 만들었다니 그 노력에 박수를~^^  
20170202,10,아이들과 좋은 시간이었습니다.  
20170202,8,아이들 보기 좋은 영화입니가  
20170202,10,정말 재미있다 꼭 보세요!!!  
20170202,9,짱짱!!레고 짱 배트맨 짱  
20170202,10,완전  대박 재밌어요 흥미진진해요  
20170202,9,너무재밌어요아이와신나게봤어요  
20170202,10,다들 졸귀 어른들도 좋아요!  
20170202,8,재미지네여ㅋㅋ가족과함께 볼만한영화에요  
20170202,10,배트맨 너무 잼나요.짱!  
20170202,9,재밌습니다!!ㅋㅋㅋ  
20170202,9,재밌어요. 배트맨의 재발견-  
20170202,9,재미나게 잘봤습니다 조카가 좋아해요  
20170202,10,완전 신나여. 레고 극장판중 가장 최고아이들과 꼭 보세요  
20170202,10,재밋어요!!!!ㅋㅋㅋㅋ  
20170202,10,아이들과 같이 봤는데 너무 재밌네요  
20170202,10,재미있어요 강추합니다  
20170202,10,인생영화에요 꿀잼!!!!  
20170202,10,완죤 재미써용~^^ 너무잘봤습니닷~  
20170202,10,좋아요 너무 재미있게 보았어요  
20170202,10,레고베트맨 좋아요 ㅎㅎㅎ  
20170202,9,배트맨과 같이할때 더 재미있어요  
20170202,10,너무 재미있어요 레고무비 짱짱!!  
20170202,10,아이와 함께 봤는데 너무 너무 재밌어요. 어른도 같이 봐도 유쾌하네요.^^  
20170202,10,정의는 살아있다!  배트맨  
20170202,9,오 기대이상 더 재밌어요  
20170202,10,전작 레고무비 보다 더 풍부해진 상상력. 완전 꿀잼입니다 ㅋ  
20170202,9,유머도 깨알같고 레고 스케일도 볼거리가 많고 굿입니다!  
20170202,8,레고배트맨 무비 안이들과 함께  
20170202,10,볼래요재미읺어요최고예요  
20170202,10,너무너무 재미있어요 레고로 만든무비 최고네요  
20170202,10,재미있어요~~~~^^  
20170202,10,재밌네요~ 실망시키지않는 레고무비에요  
20170202,9,아이들과 배트맨 무비 재미있게 봤네요~^^*참 잘 만든 것 같아요~  
20170202,8,좋아요 아이들이 너무좋아  
20170202,5,어린 친구들이 보면 즐거워할 듯 합니다. 배트맨과 조커의 관계를 중점적으로 다뤘네요 귀엽고 귀엽습니다  
20170202,9,레고무비만위트 좋아요  
20170202,10,완전 재미나요(≥∀≤)/  
20170202,9,레고주인공 너무 귀여워요  
20170202,10,아들이 완전 재미있어 해요  
20170202,10,너무너무재밌어요 아이가좋아해요  
20170202,10,너무 짱~~~~  보세요~~~  
20170202,10,우왕 넘 기대했던 작품!! 아들의 인생 무비 ㅋ  
20170202,10,레고배트맨무비 아이언맨보다 넘 잼있어요  :-)  
20170202,10,각종 히어로와 악당이 난무하는 좌충우돌 코믹영화  
20170202,10,정말최고의영화!!!너무재밌어용  
20170202,10,재밌었어요 조카랑 또 보고싶네요  
20170202,10,기다라고 기다리던 레고 배트맨 무비 넘 잼있었다  
20170202,10,레고 무비를 잇는 재밌는 배트맨 무비♥♥♥♥  
20170202,9,익살과 노력이 있는 영화군요  
20170202,10,아이들이 좋아해요....  
20170202,10,완전잼있어요.또보고싶어요  
20170202,8,재밌어요 아이들도 잘 보네요  
20170202,7,배트맨과 가족의 악당 대결  
20170202,10,한시도 눈뗄수없이 흥미로웠습니다. 레고와 배트맨의 만남 유쾌합니다!  
20170202,9,배트맨도 가족이 필요한거지 응  
20170202,10,아들과 정말 재밌게 봤어요레고 배트맨 최고에요  
20170202,9,자따독불장군이어도 멋진 배트맨. 그의 치명적인 매력은 최고! 레고무비의 히어로즈시리즈를 꿈꾸게만드는 너무나 재밌는 액션과 패밀리 디테일에 완젼 반해버림. 음악은 완전 어깨춤~ 신나씐나^^  
20170202,10,"시사회로 봤는데, 너무 재밌어요!! 다들 꼭 보시길 ㅎㅎㅎ  "
20170202,9,배트맨 vs슈퍼맨보다 재미있네요  
20170202,10,레고를 좋아하는 사람이라면 봐야할 영화. 혼자보다는 다같이 하는게 더 좋다는걸 알려주는 영화네요~^^.  
20170202,10,유쾌하면서도 즐거운 영화예요보셔도 후회안할듯  
20170202,10,레고베트맨 너무 귀여워요너무 재미있어요 또 보고싶어요  
20170202,10,완전 재밌어요~~아이와 봤는데 또 보고싶데요~~~^^  
20170202,10,베트맨 너무 재미나네요 아이도 엄마도 모두 즐겁고 신나요 가족애도 느낄수있는 멋진 영화네요 ㅋㅋ  
20170202,10,와우!!!레고 배트맨 무비 시사회 관람하였습니다~~ 실망시키지 않는군요!!!엄청난 웅장함을 느꼈습니다~~!! 짱!!  
20170202,10,시사회 보고 나가는길 대박 넘 재미있네요1시간40분가량이 지루하지않게 봤네요  
20170202,10,베트맨 너무 흥미진진하네요  
20170202,10,레고배트맨무비 역시 잼있어요~^^  
20170202,10,감동적이고 재미 있어요~~  
20170202,9,디테일이 살아있는 레고무비~외로운 배트맨친구 좀  사귀고 글고 좀 믿자~ㅋ조커가 넘 귀여운거 아니야?  
20170202,10,스펙타클하고 유쾌하고 볼거리 풍성한 영화~~역시 레고무비 대단하네요~~  
20170202,10,잼나요잼나! 볼거리풍성 남자애들강추  
20170202,10,내용풍성 볼거리풍성추천해요  
20170202,10,대박이예요 기대한것보디 훨씬더 재미있네요  
20170202,10,레고 배트맨 무비 최고 입니다  
20170202,10,레고무비의 재미와 감동이 그대로 ♥  
20170202,10,정말 재미있는 레고무비!!!주변지인들에게 추천해주어야겠어요~  
20170202,10,아이와 보기 좋은 레고 영화잼나고 스토리도 탄탄하네요  
20170202,9,아이가재미있다고하네요^^  
20170202,9,마블의히어로작품들은 레고배트맨무비를 두려워해야된다  
20170202,9,우리집 아들이 기다려온 레고 배트맨 무비 드디어 개봉~기대 만빵입니다^^  
20170202,10,완전 아들취향!!배트맨의활약 짱  
20170202,10,표정이 압권 ㅋㅋ 레고로 만든 배트맨 멋져부러 !  
20170202,10,레고배트맨 오와 재밌어요.로빈도 반가워요  
20170202,10,기대만큼 확실한 즐거움~^^  
20170202,10,DC 최고의 영화!!!  
20170202,10,카리스마 넘치고자하나 허당끼 넘치고 귀여운 레고 배드맨.너무 재밌네요.  
20170202,10,"믿을 수 없다, 이 정도 고퀄이라니  "
20170202,10,배트맨 실사 보다 기대됩니다 시사회 간다  
20170201,10,멋진 작품이 기대됩니다. ㅎ 우리아이가 보고 싶어해요~  
20170131,10,탑형 군대가는날에개봉 ㅠㅠ 기대가 되긴하는데 볼수 있을날이 오지 안왔으면 좋겠다  
20170131,10,참나 어이가 없어서. 마블이면 뭐 디씨는 다 노잼이라고만 하나.  
20170131,10,'동심'을 넘어 '흥심'을 얻었다!  
20170131,10,신개념 히어로! 그 끝.판.왕 등장!  
20170130,10,배대슈보다는 훨씬 재밌을것 같은 예감이든담  
20170129,9,ㅋㅋㅋ존나 재밌을거같은건 왜지  
20170125,10,레고로 보여줄 수 있는 가장 멋진 영화  
20170125,9,아이가 좋아하는 레고..이번 영화가 더 기대되는 이유입니다.  
20170124,10,레고 무비는 항상 진리다  
20170124,10,조카 손 잡고 갑니다ㅎㅎㅎ  
20170124,10,엄청기대하고있어요!  
20170124,10,재밌겠는데 보고 싶은데  
20170124,10,6다마 팝니다 팔아요 팔아  
20170124,10,재미있을거 같네요...기대 됩니다!!  
20170124,10,기대감을갖고  기다리게되는영화  
20170124,10,빨리개봉해주세요 현기증나요  
20170124,10,와....배트맨이 개귀엽네요 -0-  
20170124,10,웬만한 실사영화보다 재밌을 듯  
20170124,10,존잼삘이 난다 극장가서 꼭 봐야할 듯  
20170124,10,아이들 보여주면  넘 좋아할것같네요..ㅎㅎ  
20170124,10,오오!!!! 기대됩니다!  
20170124,10,레고무비 베트맨 판이라니 기대됩니다.  
20170124,10,과연 누가 이길것인가ㅋㅋㅋ  
20170124,10,아 진짜 넘나 귀여운 레고 배트맨... 꼭보고싶다!!  
20170124,9,레고 귀엽네요 ㅋㅋ 기대됩니다 영화두  
20170124,10,기대되는 레고무비!!  
20170124,10,예고편 완전 귀여운듯~  
20170124,10,레고 배트맨 재밌어보임ㅋㅋ 개봉하면 빨리보고싶다  
20170124,10,개봉도 안했는데 막  빨리 보고 싶으니 몹시 곤란하군...  
20170124,10,진짜 졸귀당...+_+너란남자 어쩔ㅋㅋㅋ  
20170124,10,배트맨 졸귀닼ㅋㅋㅋ 개봉하면 바로볼거  
20170124,10,신개념 히어로다 ㅋㅋㅋㅋ 재밌을 것 같음  
20170123,10,ㅋㅋ레고 스톱모션 영화 또 나오네  
20170123,10,레고무비 세상에 없는 나란남자 베트멘 웃음을 유발하는 멋진맨 만나보고 싶어요.  
20170122,9,흥미진진할듯해요~^^♡♡♡  
20170121,10,기대하고있습니다!!  
20170121,10,나 같은  배트맨팬들은 꼭 볼 듯 ㅋㅋ  
20170120,10,저희 아이들이 넘 기대하고 있어요~~~^^예고편만봐도 푹 빠져보니 영화를 보면 더 좋다하겠죠~^^♡  
20170120,10,끄악! 완전기대~~ 꼭 볼 거닷!  
20170120,10,레고관련은언제나 환상적 재미가있답니다.  
20170120,9,기대됩니다~보고싶어지네요^^  
20170119,10,아들이 둘이다보니...남아들 영화는 모두 다 섭렵하게되네요~~~레고 좋아해서 이 영화도 두 아들들이 손꼽아 기다리는데...기다리는만큼 재밌고신날꺼같아요^^배트맨~~~울 아이들도 만나줘요^^  
20170119,10,아이가 작년12월  영화관 예고편 보고 빨리보고싶다고 노래부르던 영화입니다. 레고무비도 재미있게 봤던터라 기대가 큽니다. 벌써 토이저러스에서 베트맨  레고 도 구입했네요. 영화 뜨면 구하기 힘들다면서요. 화이팅입니다.  
20170119,10,"평소 레고, 영웅시리즈 좋아하는 아들..너무 보고파하네요.. 전에 봤던것도 기억하며 이번것도 극장에서 실감나게 보고싶네요  "
20170119,10,레고무비에서 가장 인상깊었던 배트맨 레고무비로 다시 만날 수 있는 기회라서 기대가 큽니다. 나나나나~~~  
20170119,10,너무너무 기대되요..보고싶어요  
20170119,10,"오호~ 레고 배트맨이라,,, 더할 말이 없지요^^*아이들보다 웬지 제가 더 끌리는건 ,,, ㅎㅎㅎ  "
20170119,10,레고무비도 잼났어서 ㅎ 더욱 기대가 되요  
20170119,9,레고 배트맨 무비 너무 기대되네요  
20170119,9,레고가 나와서 기대되요.  
20170119,10,레고 무비 너무 기다렸어요! 아들과 함께 볼  수 있다니 더 기대되네요! 꺄~~~  
20170119,9,레고와 베트맨의 만남..신나요 신나.조카도 기대가 커요.  
20170119,8,레고로 보는 배트맨 더 재미나겠어요. 조커의 표정도 압권이랍니다.  
20170119,10,아들이 레고무비만 보므로 무조건 별다섯  
20170119,9,배트맨 꼭 봐 줘야지요~~^^  
20170119,10,스웩 흥부자 배트맨 매력 기대됩니다. ㅎㅎ  
20170119,10,나란 남자?ㅋㅋ유머 가득한 영화~기대돼요  
20170116,10,난 고2인데 기대되는데?  
20170114,4,레고 애니메이션이라 그런건지 원작 스토리&설정이랑 완전 딴판이다 시놉시스가 개판이고 분위기가 너무 가볍다 그냥 애들보라고 만든 킬링타임용... 이건 90분도 길다  
20170114,9,레고무비보다는 볼만하겠지  
20170106,10,조커 왜이렇게 귀엽게 나옴ㅋㅋ  
20170106,7,이것도 놀란이 만들지그랬냐  
20170106,10,빨리보고싶다 저스티스리그 기다리다 숨 넘어갈 거같으니 그동안 레고뱃시를 빨고있어야지  
20170106,10,몇 년간 디씨코믹스의 영화는 레고 무비라고 본다  
20161226,10,중2인데도 이 영화가 기대되는건 잘못된 게 아니죠?  
20161218,5,점수:5 어린이가 좋아할것이다.... 그리고....  
20161110,10,역시 배트맨은 레고가 실물보다 귀여움. ㅋㅋ  
20161109,10,기대기대 레고무비처럼 볼거리는 200%  
20161019,10,뱃숲도 재밌게 봤지만 이게 더 재밌을거같다.ㅋ윌 아넷 목소리 멋있는데도 존웃ㅋㅋ  
20160811,10,기존의 배트맨 무비보다 횔씬 더 제미겠어요...솔직히 배트맨 대 슈퍼맨보다 횔씬 나을 듯.  
20160803,10,"장난감 이거 잼없다는 애들 100퍼센트 마블,급식충  "
20160803,10,와 진짜 재밌겠다. 이거 흥행대박해라 넘 좋아  
20160712,10,느금마사보다 훨씬 재미있겠다.  
20160430,10,이거 뭐지 ㅋㅋ 왠지 기대 되는데  
20160428,10,배트맨 VS슈퍼맨이 나오는 장면인데 꼭 봐야겠으면 좋겠음.  
20160407,10,dc빠인 나는 꼭본다 기대된다  
20160402,10,배트맨 v 슈퍼맨보다 기대된다  
20160401,10,일년 뒤라니 빨리 개봉했줘요. 현기증 난단 말이에요!!!  
20160330,10,배트맨vs슈퍼맨보다 더 재밌어보이는이유는 도대체뭘까....  
20160330,10,일년이나 기다려야 해ㅠㅠㅠ  
20160330,10,ㅋㅋㅋ 아 미치겠다  꼭 봐야지~~  
20160330,9,이건 베트맨 년도가 나오는걸봐선 어른들 위한 영화냐... 어린이를 위한 영화...겠지?  
20160329,10,레고 무비를 봤기 때문에 더 기대되는 작품  
20160326,10,레고무비의 배트맨이라 기대된다~~  
20160317,10,기대되는 작품 중 하나지만 이때 난 군대에 있겠군  
20160229,1,그냥 배트맨 이름으로 장난감 좀 팔아볼 심신  
20160128,10,재미 있을 것 같습니다.  
