0,1,2
20161206,1,알바들 난리터졌네 10자  
20161206,9,진짜 경각심을 갖게하는 영화 볼만했음.  
20161206,1,알바가 많아서 평점 맞추기용 1점 드립니다  
20161206,10,제작진분들 응원합니다!  
20161206,10,글쎄요에 잘못 눌렀어요 ㅠㅠ  
20161206,10,시사회로 먼저 봤습니다.정말 잘 만들었고 뒷부분은 계속 울면서 봤습니다.흔히들 말하는 감성팔이 영화라 치부하기엔주제도 내용도 정말 다 실제 일어날 수 있는 일 같았고어느 한 사람의 영웅이라기보다는그저 곁에 있는 내 사람들의 이야기 같았습니다.  
20161206,5,평식이가 별 두개 반이니까 무난한 작품이라는 거다 신파극이 판치는건 예상되는 영화지만!  
20161206,10,박평식 또 시작  왜 저러니 ㅡㅡ  
20161206,1,재난이 찾아오고 무능한나라탓 하는 뻔한 내용일것같다 하정우터널처럼  
20161206,1,그저그런 재난영화일듯  
20161206,6,"이 영화는 보니까 신파적 요소가 들어가 있어서 사람들이 기피하는 경향이 없지 않아 있어서 재미로 보는 영화는 아닌것 같고, 허구의 상황이지만 원전 사고가 일어났을때의 이미지를 관객들에게 각인시키기는 좋은 영화인것 같다.  "
20161206,8,영화 괜찮은거 같은데요??  
20161206,10,"이유있는  재난영화, 영화도 영화지만 꼭 한번 보고 의미를 되새겨야 할듯..  "
20161206,10,시사회에 다녀왔었어요~ 부산에 살아서 더욱 현실감 넘치더군요... 소재가 지금시기와 딱들어맞는것 같아요...많은분들 보시고 원전에대한 경각심을 가졌으면 좋겠습니다.  
20161206,10,한동왕변비해결중입니다  
20161206,2,"21세기가 내일 모랜데,아직도 이런 신파라니...그대로 뒤로 돌아 꺼지세요...(웃음)  "
20161206,2,"< 7광구>  꼴 될듯...  화려하기만 하고,, 영화적 설정이 엉성,,,,아수라 정도 흥행  250-300만 명 정도,,  "
20161206,10,원전을 반대해서 더욱 기대되요!  
20161205,1,10점이 너무 많네;; 평점 맞추기용 1점드립니다.  
20161205,1,벌써부터10점만겁나주네요...한국영화 진심노답인게 스크린독점이 너무심하네요..아기배달부는 하루에 2번밖에안해주는데 이거는 무슨 1~2시간 간격으로 하루종일있나요...너무극혐이라 보기도 싫어지네요. 차라리 다른 영화볼랍니다  
20161205,1,알바들 진짜극혐이다 10점주고 엄청 교과서적으로 칭찬한사람 아이디 눌러보세요 판도라만 거의10점줌 걸러야될영화하나 늘었내  
20161205,10,"올해의 최고의 영화 / 최고의 배우 / 최고의 시나리오로 대작이 만들어졌습니다. 우리 영화의 자부심이고, 우리나라의 기술력이 대단히 뛰어나다는 것을 보여준 것입니다.  "
20161205,10,김남길 문정희 믿고봅니다  
20161205,10,시대를 상상할수 있는 꼭 필요한 영화일듯  
20161205,10,부산행 터널 판도라까지 감독님 대단하시네요 이 영화 시험 끝나고 볼게요 기대합니다^^  
20161205,1,신파 독백으로 리듬 늘어지고 재미가 없네요  
20161205,6,제발 이번에는 암유발만 아니면 됩니다 연가시때 인내심이 한계로 달아 올랐음  
20161205,8,놀라운 부분도 많았고 공감되는 부분도 많아서 더욱 집중하면서 볼 수 있었다.. 영화 너무 좋네ㅠㅠ  
20161205,9,영화를 보고 느끼는 점이 너무나 많았습니다! 이런 영화 만들어주셔서 감사합니다!  
20161205,10,개봉하면 꼭 보고 싶은 영화 중 하나에요! 배우들때문에라도 꼭 보겠습니다!  
20161205,9,긴장감도 있고 내용도 너무 현실적이라 더욱 먹먹한 마음으로 보고 왔다ㅠㅠ  
20161205,8,근데~ 대체 왜? 언제 부터?  충무로의 이야기 중심이 죄다 부산이 된거냐....좀 식상하다 이젠...  
20161205,8,시사회로 봤는데 연기력도 다들 너무 좋으시고 소재도 신선해서 몰입도있게 잘 보고 왔네요  
20161205,10,한국의 현실을 반영하는 영화여서 더욱 몰입감있게 잘 보고 왔습니다! 많은 생각을 하게한 영화였어요  
20161205,9,ㅠㅠ오랜만에 기대하는 영화 한 편 나왔네. 개봉하면 무조건 본다  
20161205,10,개연성도 있었고요! 안보면 후회할듯한 영화였네. 가족들이랑 보기에도 좋습니다  
20161205,1,일본의 의도와 일본자본으로 만들어진 더러운 한국불안감조장영화.  
20161205,10,시사회 보니 정말 자발적인 전기 소비 절약을 실천 해야겠다는 생각이 듭니다. 후쿠시마 원전사고가 일본만의 이야기가 아니겠다는 생각이 절실히 들더군요.  
20161205,8,오랜만에 집중하면서 볼 수 있는 영화였어요. 후반부터는 눈물이 자연스럽게 나오더라구요ㅠㅠ  
20161205,4,또 신파야? 부산행 해운대 따라하기인가  
20161205,1,한국 영화는 클리셰를 언제쯤 벗어날까  
20161205,10,"2016년 가장 최고의 영화이지 않나 싶습니다. 시나리오 및 연기력이 탄탄하고, 규모면에서 블럭버스터로써 올 하반기의 천만 이상 관객을 확보할 것 같습니다.  "
20161205,10,이사를 가야하나 심각하게 고민이 되네요 경각심을 부각시켜주는 영화입니다. 약간어색한 사투리가  걸리지만 감동(?)으로 만회됩니다. 교육목적으로 봐도 무방할 것 같네요  
20161205,10,기대됨.장난 아닐듯~!!  
20161205,10,원전의 위험을 일본을 통해 배웠지만 아직 정신 못차리는 우리 정부.그 경각심을 다시 한번 느껴야한다.  
20161205,5,왜 이렇게 10점이 많죠  
20161205,1,이럴거같으면 그냥 이미 화산폭발다터지고 행성충돌해서 지구멸망했지  
20161204,10,시사회 다녀왔습니다. 간만에 집중하고 봤네요.무지한 사람들에게 원자력에 대한 경각심을 일깨워주는 영화네요;안사람은 중간부터 계속 눈물을...감정이 점점 차오르다 어느샌가 저도 눈물이...  
20161204,10,시사회 보고왔는데 현실감 넘쳐서 소름돋았습니다. 현실같아서 무섭고 배우들의 연기도 부족함이 없었네요.  
20161204,10,지루하지 않게 재밌게 잘 보았습니다. 초반에 살짝 어색한 장면들이 있었지만 뒤로 갈수록 몰입되는 영화였네요.  
20161204,10,기대되는 영화.. .흥행할듯..  
20161204,10,개봉 전주라고 평점 테러 알바 총 출동했네^^ 티난다 ㅣ점씩 우루루~~ 직접보세요 진짜 한국영화 역대 재난물과는 비교불가임  
20161204,1,솔직히재미는없음 시사회로봐서 다행  
20161204,10,"이이제이 듣고 넘 기대하고 있습니다. 충분히 개연성 있는 스토리이고, 원전의 위험성에 대해 많은 사람들이 알 수 있을 것 같습니다  "
20161204,10,기대됩니다  현시국을 반영한 공감을 끌어낼수있길  
20161204,10,박정우감독님 화이팅!이이제이 화이팅!  
20161204,1,내 인생에 2시간을 도둑맞은 느낌 현실성도 없고 너무 고루한 그저그런 영화?  
20161204,1,정치권의 비리는 무슨. 감히 몇천억 재산의 최순실님을 영화에 빗대어 모욕하다니. 보수가 용서하지 못할 영화  
20161204,10,너무 현실적이라서 무서웠던 영화 같아요!  그리고 현 정부에 대한 잘못된 점을 잘 이야기한 영화  
20161204,1,믿고 거르는 김명민 영화..신은 김명민에게 엄청난 연기력을 주셨지만 영화 고르는 눈만은 주지 않으셨다 재능낭비의  대표적인 배우  
20161204,10,크 명작 삘 이거 cg티난다는 사람들 있는데 되게 재밌어보이는데 cg가 있어야지 영화가 됨  
20161204,9,겁나 한국의 현실을 반영해서 무서움.. 딱 한국에 큰지진나면 예상되는 시나리오를 만든거 같음. 숨기는거에 급급하다 사태 심각해지니까 국민들한테 의지하는 무능한 정부ㅠ 하..  
20161204,2,박평식님 평에 완전동감!  
20161203,5,흥미는 있는 소재인데 감기나 연가시 너무 뻔했잖아. 왠지 그거처럼 뻔할 거 같은데.  
20161203,1,쓰레기 영화~~..~~~~  
20161203,10,픽션이나 논픽션인 영화  
20161203,4,배우는 좋은데 어색한 사투리와 스토리가영화를 망쳤다..  
20161203,10,꼭 보세요~~~  우리의  아픈  현실이  거기에 있네요  
20161203,1,버스에도 광고하는데..카메오 인데..주연마냥..하네..황당하다  
20161203,3,여러가지로 발암인 영화.우선 현 정부를 보는것같아서 발암.그리고 최고 발암은 사투리 연기!사투리도 생활연기다. 사투리를 이상하게 쓰면? 처음부터 끝까지 연기란 생각밖에 안들었다. 특히 주인공인 김남길 사투리 때문에 처음부터 끝까지 몰입이 떨어짐  
20161203,9,탈핵합시다....!  
20161203,7,재난영화치고는 사실 극적인부분은 떨어졌다.그러나 마지막 10분 김남길과 김영애의 연기때문에 볼만한 영화가 됐다. 남자도 울컥할정도로 김남길의 연기는 영화를 마무리했다  
20161203,10,영화 예매 해놨습니다 감독님 이이제이 인터뷰 반가웠어요^^  
20161203,9,현재 시대를 반영해주는 영화인 것 같아서 더욱 슬펐다ㅠㅠ  
20161203,8,예고편만 봤을 뿐인데 이렇게 기대되는 영화는 또 처음이네. 빨리 개봉하길.  
20161203,3,시사회 다녀왔습니다. 원전의 무서움과 정부의 무능력을 잘 보여주었지만 솔직히 신파극을 본 기분입니다. 억지로 쥐어짜내는 눈물은 전형적인 한국판 재앙영화 수준입니다. 배우분들에 비해 스토리가 부실해요.  
20161203,10,이건 전국민이 봐야할 영화입니다. 심각성을 깨닫게 해주는 그런영화.. 스토리 연기 배우 모든게 다 좋음.  
20161203,10,시사회 보고 왔는데 진짜 정말 재미있는영화!!  
20161203,10,시사회를 통해서 미리 봤는데 다들 연기력이 너무 좋고 내용도 뜻깊었다. 이 영화를 보고 노후된 원전의 위험성을 알고 이에 대한 대처의 필요성을 느꼈으면 좋겠다..원자력은 좋은 에너지이지만 동시에 나쁜 에너지가 될 수도 있음을..  
20161203,10,완전 재밌게 봤어요 bb마지막엔 눙물이 ㅠㅠ감동감동이였어요 짱짱 bb  
20161203,10,시사회를 통해서 보고왔습니다..내용도 신선하고 완성도도 높네요..정부 눈치보느라 개봉도 제대로 못하고있었다는데 안타깝네요..힘내세요 판도라!!!!  
20161203,10,우리나라 지진났을때 정부의 무책임한 행동들을 예측해서 보여주네요!! 정말 꼭보세요!! 원자력폭발해서 방사능 퍼지는데...진짜 방사능이 무섭네요!! 감동 슬픔 기쁨 다느꼈습니다!! 정말2시긴동안 집중하면서봣어요!!  
20161203,9,불편한 진실.. 김남길에 목소리가 한몫했음.. 엔딩후 가슴이 먹먹해지면서 눈물이 멈추지 않았다.. 가족애가 아니라대한민국 국민이라서..  
20161203,9,"휴먼도 있었지만, 대한민국 현정치를 여실히 보여주는 영화입니다. 영화를 보며 감히 세월호 생각이 많이 났습니다. 영화도 보고 집회도 참가합시다.  "
20161203,10,어제 시사회갔다왔습니다  진짜 꼭 보세요  전 알바도 아니고 일반 소시민인데 정말 현실을 제대로 꼬집었어요현정부 무능 위기대처불가한 한국에서 우리가 어떻게 해야하는지.. 고민하게 하는 영화.. 외압때문에 1년간 개봉도 못했다고..찍느라 고생하셨습니다  
20161203,10,"많은 사람들이 봐줬으면 하는 영화였다. 나처럼 방사능, 원자력 발전소에대해 무지했거나 관심 없던 사람에게 경각심을 깨워줄 수 있는 영화인 것 같다. 곧 일어날 일이라 생각하니 마냥 영화로만 볼 수 없었다.  "
20161203,4,"킬링타임용으로는 괜찮은듯 시간가는줄 모르고 계속욕하면서 봤음 부산사람으로서 영화전체적인 출연자들의 말도안되는 사투리연기에 몰입감 제로 시대적배경이 70~80년대인줄 게다가 대사, 연기가 왜이리도 어색한지 한두씬이 아님 배우, 작가, 감독 모두 직무유기  "
20161203,10,"12/2 금요일에 시사회로 봤어요. 한 분 한 분 연기도 다들 너무 훌륭하시고, 소재도 진부할 것 같은 재난 영화지만 몰입도가 높아서 긴장감있고 슬프고 현실적이고 그렇네요ㅠㅠ  "
20161203,9,"시사회 갔다왔는데, 잘짜여졌다. 한국에서 재난 영화가 이 정도면 수작이다. 어설픈 사투리와 긴 독백은 좀 아쉽다.  "
20161203,10,체르노빌때 상황이랑 비슷한내용이지만 경각심을 일으키는 좋은 영화였습니다  
20161203,9,시사회서 봤습니다.슬픈 영화는 아닌데 왜이리 눈물이 나는지.배우들 연기 좋고 무엇보다 저런 대통령을 갖고싶다는 생각이  
20161203,7,"영화를 보다 보면 작품성은 둘째고, 마음으로 응원하고 싶은 영화가 있다. 바로 이 영화다. 사람들과 각자 역활을 하는 사람들에 대한 예의가 느껴지는 영화다. 신파와 연출이 올드해서 차마 집중하기 힘든 부분이 없다면 거짓말이지만, 응원하고 싶어지는 영화  "
20161203,10,"시사회에서 관람했습니다. 원전폭발씬과 소방차 살수씬, 피난씬 등 블록버스터로써 흠잡을때 없었습니다. 더불어 마지막 엔딩씬에서의 김남길배우의 몰입도 높은 연기가 최고였습니다. 개봉후 재관람할게요!  "
20161203,1,설마설마했는데 진짜 평점 조작 알바가 있구나 흥미로운 주제지만 현실성없는 캐릭터들의 영웅놀음이나 연출력이 거의 80년대급이라 코웃음이 절로 나오던데  
20161202,8,시사회로 보고 왔음. 무능한 국가. 희생당하는 국민.  
20161202,10,"시사회 보고 왔는데, 너무 과장되지도 않고 그렇다고 다큐멘터리 같지도 않은 사실적이면서도 우리에게 경각심을 일깨워주는 좋은 영화였어요!!  "
20161202,10,배우들의 연기력에 감탄하고 대한민국의 현실과 꼭 맞는 배경에 감정이입하면서 보는 내내 분노하고 울었던 것 같아요. 개인적으로 지금까지 봤던 재난 영화 중에 최고였습니다.  
20161202,10,시사회다녀왔는데 진짜 펑펑 울었어요..김남길의 대사에 온 관객들이 다 훌쩍이고있었습니다.  
20161202,4,최신이슈를 가지고 만드는 20년전 신파..  
20161202,9,정말꼭봐야하는영화  적나라하게드러나는현실  
20161202,10,김남길씨나온다면 꼭봐야죠 개잼날듯  
20161202,10,요즘 우리나라의 이야기를 굉장히 잘 반영해준 영화다.재혁을 연기한 김날길님께 박수를 보내고 다른 배우들또한 기립 박수를 받아 마땅하다. 무비토크중에 이 영화가 개봉되는 것만으로도 감사한다던 그 말이...어렵게 결국 이영화를 해내신 모든분들 감사합니다  
20161202,8,마지막은 한국판 아마겟돈  
20161202,9,현재문제를 고스란히 담은 영화. 보면서 세월호가 생각 나게하는 장면이 참 많았어요. 많은 생각을 하게합니다. 다만 배우분들 말투가..약간...어색한건 저뿐이엇을까요. 하지만 지금 시국과 너무나 닮아있어서 무서울만큼 놀랍고 공감하게되는영화  
20161202,9,많이 울었습니다. 막을수가 없는 눈물이었네요개인적으로 보고 많이 느꼈어요 재밌었습니다~  
20161202,8,복합적인 짜집기? 상영시기가어떻게 딱맞을까? 이상하다  
20161202,9,재미있어요 추천합니다  
20161202,10,울나라 재난영화에 한 획을 그는 영화.  
20161202,9,몰입도가 높은 수작입니다연기 구멍도 없고지금 시국은 어지럽지만 꼭 많이 보셨음 좋겠어요원전 OUT  
20161202,10,판도라 보고 많이 울었습니다ㅠㅠ  
20161202,10,제발 모두가 보고 느끼는 것이 있길..  
20161202,10,눈물펑펑..감동적이고 현실성있어서 공감되었어요  
20161202,6,보면서 국가의 대응에 화가 계속남  
20161202,6,아..정말 총리...열받는 무서운영화  
20161202,9,배우들의 연기와 연출력 넘 잊을수 없는 대사들 흥행예감합니다 4년을 기다린 보람이 있어요  
20161202,7,가족끼리 꼭 봤으면 좋겠어요 지금같은 시대어 꼭 필요한 영화  
20161202,10,이 영화 제작진 죄다 블랙리스트 등록되게 생겼네... 영화로서의 연출 부분에서 아쉬움이 없는 건 아니지만 꼭 한번씩은 봤으면 하는 영화  
20161202,10,현실성 있는 내용이어서 영화 보면서 몰입이 많이 되었습니다.  
20161202,10,재미가 너무너무 있네요  
20161202,9,감정선이 섬세하여 실감이 많이 났습니다. 자연재해가 아닌 인재로서 더욱 현실감이 있고 현실에 대한 고찰을 하게 만드는 영화.  
20161202,10,재미있고 너무 슬펐습니다.  
20161202,10,평소 원자력 발전소에 다해서 관심이 없었는데 요번 영화를 통해서더욱 관심을 가지게 되었고 영화가 현실이 된다는 사실을 잊지 말아야 한다는 영화이다. 꼭 보시길 바랍니다 정말 ㅠㅠ  
20161202,9,실제로 일어날것 같은 상황이라 실감이나네요  
20161202,9,이렇게 현실적인 재난영화 처음이다..강추bb  
20161202,7,사투리가 쫌 부족해서 아쉽지만 최고의 영화  
20161202,10,장난아니다 원자력 무섭다..  
20161202,9,정말심각하게 생각하게하는 영화네요 ~^^잘봤읍니다  
20161202,10,감동적이고 재밌게봤어요  
20161202,10,초대형 원전 재난 불록버스터 판도라 꼭 보시길 추천합니다  
20161202,8,원전의 무서움보다 더 무서운 이기심  
20161202,8,"원전,방사능,피폭의 위험을 제대로 보여준다.눈물샘도 폭파.  "
20161202,9,너무충격적이고 무서웟어요  
20161202,9,감동적있게 잘봤습니다 ?  
20161202,6,가슴이 턱턱막힌다 경각심을 깨우친다  
20161202,10,잘봤습니다! 재미있었어요!  
20161202,10,정말 재밌습니다 감동도있고  
20161202,10,"부산행 이후로 한국영화를 보면서 긴장감과 감동, 그리고 교훈까지 느껴볼 수 있어서 정말 끝까지 긴장하면서 감상했습니다.  "
20161202,10,무조건 보세요!!!'  
20161202,7,너무 뻔한 재난영화 같음  
20161202,10,많이 생각해볼 영화네요ㅠㅠ  
20161202,10,대박이에요..꼭보세요  
20161202,9,펑펑울었어요...화도나고..  
20161202,9,정말재밌고 하반기 대박영화나왔네요!  
20161202,10,김남길 연기 짱짱 ㅠㅠㅠ눈물남 슬프다  
20161202,10,정말 생각해봐야 이야기인것 같아요~꼭 봐야할 영화인것 같아요  
20161202,10,영화 정말 재미있어요 ~  
20161202,10,짱짱ㅋ너무재밋어용 슬퍼요  
20161202,10,꼭 보세요 원전의 공포를 아실듯  
20161202,10,세월호와 부산행을 생각나게하고 결말이 슬픈영화 대한민국 국민이라면 꼭 봐야된다고 생각합니다!!  
20161202,8,제발영화같은일은 안 일어나길  
20161202,10,재밋엇습니다 두번봣습니다 연기가 좋아요  
20161202,8,잘 봤습니다!꼭 필요한 영화네요!!!!  
20161202,10,너무 재밌어요! 강추! 한국인이라면 꼭 보길!!  
20161202,10,감동적입니다 추천합니다  
20161202,10,너무 감동적입니다 보다울었어요  
20161202,10,"한국 재난영화의 새로운 획을 긎는 ""판도라"" ""꼭"" 봐야할 영화...  "
20161202,10,쵝오!!!생각을 많이 하게 하는 판도라 ㅠㅠ  
20161202,10,이 영화 뭐니.. 엄청나다ㅠㅠ 남일같지 않아 제발 정부 잡것들 모두보길연기 진짜 ㅠㅠㅠㅜ  
20161202,8,최고!!!눈물 펑펑ㅠㅠㅠㅠ  
20161202,7,김남길 잘생겼어여..  
20161202,10,우리나라 원전 밀집이 세게 1위 ㅜㅡㅠ슬픈현실이다영화는 넘 잘 만들어서 모두가 한번씩 봐야할듯하다  
20161202,10,꼭 봐야할 영화!! 눈물콧물 다 뺏습니다  
20161202,10,정말슬프고감동ㅈㄱ인예기예요ㅠㅠ  
20161202,9,무섭고도 재밌어요~~~  
20161202,10,혼란이 막기 위한 감춤이 더큰 혼란을 야기시키고 무사안일의 인식 속에서 당연한 재앙이 다가오는 모습이 끔찍하면서도 인상적이었어요! 싫지만 가족을 위한 희생과 눈물이 감동과 뜨거움을 주었던요!!  
20161202,9,너무나  재미있게  봤습니다  
20161202,10,재난 영화중 정말 최고입니다 ! 꼭 보세요!  
20161202,9,너무 재미나고 실감나는연기앗어요  
20161202,9,재미있어요~볼만합니다  
20161202,10,시사성 강한영화네요~!!경각심과 요즘 사회현상도 살짝  생각할수있는 볼만한 영화였어요  
20161202,10,너무 슬퍼요..ㅠㅠㅠㅠ강추강추  
20161202,9,간만에 볼 만한 한국영화가 등장했다. 그 어느 요소하나 빠지지 않았다  
20161202,9,영화후기 재난신파 영화..  
20161202,9,영화후기 재난신파 영화..  
20161202,10,시사회로 봤는데 배우들도 연기진짜 잘하고 내용도 재밌고 감동적인 영화입니다  
20161202,10,대박날영화 재밌어요. 원전 무섭다  
20161202,8,배우들이 연기 잘하구 너무 감동적이었어용...ㅠㅠ  
20161202,10,많이 화도나도 많이 슬픈 영화입니다.  
20161202,10,개봉하면 또 볼게요^^  
20161202,10,판도라 대박날것같아요 좋았습니다  
20161202,10,"배우들의 연기도 너무 좋았고, 재밌게 봤습니다  "
20161202,8,감동적이면서 뭉클한영화입니다 가족끼리 친구들이랑 보시면좋은영화입니다  
20161202,9,감동적이지만 생각해봐야하는 문제도 분명히 있습니다  
20161202,8,어쩜좋아요??걱정과울분이??  
20161202,9,꿀잼을 넘어선 핵잼입니다  
20161202,10,마음이 아픈 영화..잘 보고 갑니다...  
20161202,10,감동잇다진짜 모듀 배우들 연기가 훌륭함  
20161202,10,                                  개봉하면 다시 보겠습니다.  
20161202,10,기대를 저버리지  않는 영화!! 명배우들의 탄탄한 명연기!!  
20161202,10,너무 재밌었습니다. 원전폭발의 무서움을 상기시켰네요.  
20161202,9,예고편만 봤을 뿐인데 이렇게 기대되는 영화는 또 처음이네. 빨리 개봉하길.  
20161202,10,친구들이랑 보기에도 좋고 가족들이랑 보기에도 좋은 영화일 것 같아요~!  
20161202,8,오랫동안 기억에 남는 영화가 될 듯ㅎㅎ 개봉해주셔서 감사해요!  
20161202,9,흥미로운 소재 덕분에 기대 많이 했었는데 기대 이상의 영화가 나왔네요! 강력추천!  
20161202,8,김남길배우! 이번 영화도 너무 기대됩니다!!!! 모두모두 고생해서 촬영하신것같아요!  
20161202,10,영화가 무척 감동적이네요~^^  
20161202,10,진정한 재난 영화같네요 특히 연기파배우들이 연기하니 현실감넘치고 우리나라에서는 절대 일어나서는 안될 사고였으며 이영화로인해 사고에대한 예방이 필요할것같습니다.  
20161202,9,판도라 좋은 배우들이 함께 모여 만든 영화라 더 기대 된다요 :)  
20161202,10,완전 기대에 부흥했어요. 재밌네요^^  
20161202,9,믿고 보는 배우들 덕분에 우리나라의 재난영화가 제대로 만들어 진 것 같네요.  
20161202,10,재난영화의 새로운 신기원을 쓴 영화다. 강남길 김명민의 연기는 역시 최고. 강추무비 판더라!!!  
20161202,9,연기력과 스케일에 놀랐지만실제로 이런사태가 일어나면 우리는 이 정도 결과를 낼.  수 있을까 하는 의구심에 만점을 주지못했다  
20161202,8,오랜 기간 준비한만큼 잘됐으면 좋겠네요! 개봉하면 꼭 보러가겠습니다~!  
20161202,10,하반기 최고 기대작! 기대됩니다  
20161202,10,배우들의 연기가 돋보이고 이 영화가 왜 2년간 개봉을 못했는지 요즘시국에서 드러나고 있는 것 같다실제 사고가 일어나면 이정도 대처는 그야말로 꿈속의 영화같은 수준이라 마음이 아프다  
20161202,9,원전사고를 소재로 한 재난블록버스터가 스릴과 재미를 주는 영화로 강추합니다.  
20161202,8,기대 이상으로 잘 보고 왔습니다! 영화보면서 너무 울었네요ㅠㅠ  
20161202,10,연가시도 재미있게 봤습니다 .영화를 통해서 재난에 대한 경각심을 느낄수 있길 기대합니다. 믿고 보는 배우분들 연기도 기대됩니다  
20161202,10,영화를 보면서 순간순간 화가 나서 소리 지를뻔 했네요.눈물을 참을수가 없었어요.지금의 현실과 다를바 없음에 참담합니다.  
20161202,10,시사회 재미있게 봤습니다.  
20161202,10,색다른 소재의 이야기라 더욱 기대하고 있어요~!  
20161202,10,금일 압구정 시사회가는데 기대해봅니다  
20161202,6,"아역들 사투리 너무 거슬렸음 ㅠ똑띠 좀 하지ㅠ그래도 안전에 대한 경각심을 일으킬 수 있는 소재라 추천합니다!핵은 사실 지금도 새어나오고 있는데ㅎ몇대가 지나야 나타나기때문에 지금은 모를뿐이라고쓰면 내 덧글은 사라지겠지지켜보겠어, 네이버...  "
20161202,9,"제작기간, 배우, 스토리 등등 뭐하나 빠지는 게 없으니 꼭 보러가겠습니다!  "
20161202,10,우리나라 역사 상 최고의 재난 영화... 괜히 그분이 생각난다...  
20161202,10,영화 후반부엔 진짜 펑펑 울었네ㅠㅠ 배우들이 연기를 너무 잘해서 몰입하기 너무 좋았다  
20161202,3,아수라의 냄새가난다. 현혹되지 마소  
20161202,10,영화 꼭 봐야죠.. 안전한 대한민국을 위해서..  
20161202,9,모두가 한 번쯤은 보면 좋을 영화임이 분명합니다! 개봉하면 꼭 보시길~~!  
20161202,1,내년 명절날 TV에서 만나요~  
20161202,10,2016년 마지막을 장식할 영화라고 생각해요!!! 기대하고 있을께요~~~~  
20161202,10,판도라 흥행 실패할거 같다. 부산행이나 터널보다 더 재미없다...판도라는 100만 관객에서 끝난다.주연을 김명민이 하고 김남길이 대통령역을 해야 맞다.  
20161202,7,김주현이 분량도 제일 많고 주인공 같더라...근데 성형티가 너무 남...원자력 사고를 미리 볼 수 있었던 것에 의의를 둔다  
20161202,8,"시사회 보고 왔는데,시종일관 배우들의 어색한 사투리가 거슬리지만 내용은 괜찮았음.실제 일어날 수 있겠다는 불안감이 들기도 했고..특히 마지막 김남길의 절규가 마음 아팠음.사고는 윗놈들이 치고 수습은 말단 하청업체 직원이 하는지.이것이 우리나라 현실인가  "
20161202,10,영화본 후에 가족애를 더욱 느끼고 돌아왔네요.. 김영애님의 연기가 너무 인상깊었습니다ㅠㅠ 집중을 할 수 밖에 없는 영화에요!  
20161202,10,하늘이 돕는 영화아쉬운 부분도 없진 않지만대한민국 국민이라면꼭꼭 한 번 이상은 봐야 할 영화이고적어도 관객수 700만명 이상은 될 영화입니다!!  
20161202,10,"방사능 소련,일본의 이야기가 아니다~우리나라에도  경주,울진,영광에 원자력발전소 있다...지진일어나고 자연재해로 후쿠시마 같은일 안일어 나란법없다...일본 꼴 안날려면 정부는 원자력발전소 에 대한 재해 대비를 철저하게 미리 해야할것이다  "
20161202,9,보면서 화도나고 눈물도 났네요ㅠㅠ 김남길 연기는 말이 필요 없었고요!  
20161202,10,시사회에서 보고왔는데 현 시점에선 꼭 봐야하는 영화!! 강력추천함 그리고 안 보고 욕하는 사람들 원전 폐기 하면 전기 안쓸거냐는  사람들 영화보고 이야기 하자~~ 신파의 장면이 있긴 하지만 필요하고 넣어야 한다 ~~~제발 보고 욕하자  
20161202,1,감독님  또에요?  이제 안 속아요  
20161202,5,감독이 너무 불안한데 재난영화 빠돌이지만 일단 기대 안하고 있을란다ㅠ  
20161202,10,비현실마저 현실이 되어버리는 헬조선에서 무슨일이 안되겠니  
20161202,10,시사회로 보게되었는데 가볍게보기에는 아무래도 소재상 무게감이 묵직한영화  
20161202,8,이영화를 제작한거는 경주지진 전인거같은데지금 시기에 딱맞아떨어질거같다난 지진난지역과 30분차이나는곳에살아서 그런지 지진의 공포에서 쉽사리벗어나질못하고있다이영화는 이번경주지진의 경각심을 깨워줄것같은 영화인듯  
20161201,8,지금 닭정권에서  핵 터지면 영화보다 더 끔찍한  상황이 벌어지겠구나!!!  
20161201,1,여러분 연가시 감독입니다. 걸러야 됩니다. 다같이 돈을 아낍시다  
20161201,8,원전사고에 대한 경각심을 일깨움과 동시에 숭고한 희생정신을 그린 영화.  
20161201,9,소재 자체가 색달라서 나도 모르게 빠져들면서 영화를 봤습니다  
20161201,10,많은 생각을 나게 해줬다ㅠㅠ 소재도 신선해서 더욱 좋았다!  
20161201,8,가족생각이 많이 나는 영화였음 ㅠㅠ 부모님한테 잘해드려야지  
20161201,10,초반부터 마지막까지 집중을 안할수가 없는 영화! 영화 끝나고 느끼는 감정들이 너무 많았다ㅠㅠ  
20161201,9,안 볼수가 없는 영화였다.. 오랜만에 몰입도 쩌는 영화 보고 왔네  
20161201,8,CG도 좋아서 만족하면서 영화 보고 왔어요~ 효과들도 좋고 배우들도 연기를 잘해서 몰입해서 잘 봤습니다  
20161201,9,엄청 오랫동안 기다린 영환데 이제 개봉하네ㅠㅠ 개봉하면 무조건 보러간다!  
20161201,9,배우들 연기도 너무 돋보였고! 모두다 봤으면 하는 영화입니다!  
20161201,10,영화보다가 나도 모르게 눈물을 흘리고 있었다ㅠㅠ 슬프지만 꼭 봐야하는 영화다  
20161201,10,뜨거운 감동을 불러일으키는 영화였어요! 부모님이 보시기에도 딱 좋으실 것 같아서 보여드리려구요  
20161201,8,개봉하는 날 보러갈꺼임 ㅠㅠ 소재도 좋고 보면 눈물 엄청 흘릴 것 같네  
20161201,10,영화가 현실이 되지 않길 바랍니다ㅠ.ㅠ 개봉하면 또 볼 예정입니다  
20161201,10,진한 가족애를 느끼고 싶다면 판도라 추천합니다!  
20161201,9,추운 겨울 가족애를 느끼며 잘 보고 왔습니다. 가족들이랑 보면 좋을 것 같아요  
20161201,10,시사회로 봤는데 대박이었음 ㅠㅠ 지루하지 않고 잘 보고 왔네!  
20161201,8,오랫동안 준비한 영화라 더욱 기대를 하고 있어요! 개봉하면 꼭 보겠습니다  
20161201,1,솔직히 무슨 사명감에 볼거아니면 졸작..  
20161201,9,배우들이 너무 잘 어울려서 몰입하면서 보기 좋았음. 그래서 더욱 눈물도 많이 남  
20161201,10,진한 가족애를 느낀 영화였어요~! 영화 본 것 절대 후회 안합니다  
20161201,10,한국재난영화 top3 에 드는 작품  
20161201,9,이 시대에 꼭 봐야할 영화가 아닌가 생각함! 신선한 소재때문에라도 개봉하고 볼거임  
20161201,8,배우들의 연기력이 너무나 좋았음!! 주변 친구들한테 추천하고 다닌다ㅠㅠ  
20161201,10,정말 기대합니다 팟팅팅팅  
20161201,10,최고의 재난 영화였어요! 개봉하면 무조건 한 번더 볼 예정입니다  
20161201,9,음향효과가 원전 사고의 위험성을 더 극대화시켜주어 좋았다. 배우을 연기와 극적인 스토리가 적절하게 조화된 영화. 대통령이 씬 스틸러!  
20161201,9,스크린에서 눈을 뗄 수가 없었어요! 그만큼 흡입력이 대단했던 영화였습니다  
20161201,10,"시사회로 보면서, 내내 긴장하면서 봤다. 그만큼 몰입도가 높았고, 현실이 될 수도 있다는 생각을 하니 두려웠고, 여운이 길게 남는다. 물론 아쉬운 점이 있긴 하나, 소재, 배우들의 연기 등에서 높은 점수를 주고 싶고, 흥행도 잘 되었으면 좋겠다!  "
20161201,1,여러분들 잘 새겨 들어주세요 지금 북한 김정은이 대한민국에서 가장 무서워하고 신경쓰는게 바로 원자력입니다  이영화를 통해 종북세력들이 원자력 발전소를 없애라고 시위를할겁니다 그렇게 되면 우리나라 망합니다 그리고 전기세 같은 에너지가 5배이상 오릅니다  
20161201,3,평점 왜이래???다 크라우드 펀딩 넣은 사람들인가부지???  
20161201,10,정말 의미있고 요즘같은 시국에 잘맞는 내용입니다 . 각자에 자리에서 열심히 거짓없이 잘살아야겠고 가족과함께보면 더의미가있을것같아여!  .. 정진영씨 왜 배우분들 사랑합니다...  
20161201,10,"뒤로 갈수록 몰입하게 된다. 4년 전부터 제작한 영화인데 요즘 언론에 자주 등장하는 귀에 익은 단어들이 대사에 나와서 깜놀, 예견한 무언가 있었던건가? 개인적으로 김영애 배우님 땜에 너무 많이 울었다. 김영애 배우님 울때마다 눈물이 따라 ..흑흑 ㅠㅠ  "
20161201,8,먹먹한 감동을 그대로! 우리 현실을 생각하면서 보니까 더욱 눈물 나는 영화였습니다  
20161201,9,부산행이랑 또 다른 느낌의 재난 블록버스터였어요! 보는 재미도 있지만  먹먹합니다  
20161201,8,영화인데도 현실감이 너무 느껴져서 쓸쓸했어요. 현재 봐야하는 영화임이 틀림없네요  
20161201,9,안 보면 후회할 영화! 메시지가 너무 좋아서 그만큼 울림도 어마어마했네여ㅠㅠ  
20161201,8,가족애를 느낄 수 있는 영화였다ㅠㅠ 몰입력이 장난 없었음  
20161201,9,한 번쯤 상상했던 이야기가 스크린을 통해 나오다니.. 안 볼 수가 없을 것 같은 영화네요  
20161201,10,이렇게 놀라운 캐스팅을 봤나.. 영화보면 오랫동안 기억에 남을 것 같은 기분이 든다  
20161201,5,김남길씨 사투리연기 심할정도로 어색합니다 .. 사투리를 쓰는 역할이라면 그것도 주연이라면 조금이라도 사투리에 대해 연구하는 것이 맞다고 생각합니다. 실망스럽습니다.  
20161201,9,배우들이 연기를 잘해서 더욱 몰입해서 영화를 봤어요. 가슴이 아팠음  
20161201,9,지금 이런 시기에 보기 딱 좋은 영화였어요. 영화가 끝나고 먹먹해서 극장에서 못 나왔네요ㅠㅠ  
20161201,8,나오는 영상들만 봐도 여운이 몰려오는데 스크린으로 보면 어마어마하겠네  
20161201,9,소재도 좋고 배우들도 좋고! 개봉하면 볼 일만 남았네  
20161201,8,시사회로 봤는데 개봉하면 또 보고 싶은 영화는 판도라가 처음인듯ㅠㅠ 그만큼 몰입도 대박  
20161201,8,김남길을 스크린에서 보다니.. 그것만으로도 충분히 보러갈 이유가 생겼다!!!  
20161201,10,연말에 최고의 영화 나왔다.. 말이 필요없다.. 무조건 봐야할 영화  
20161201,8,내용 자체가 현실적이다 보니까 영화보면 감회가 남다를 것 같은 기분이네요ㅠㅠ  
20161201,10,와.. 진짜 이건 대박이다.. 직접 안보면 두고두고 후회할법한 영화나왔네  
20161201,9,줄거리만으로도 굉장히 소재가 신선하네요! 최고의 영화가 탄생할 것 같은 기분임  
20161201,1,원전 폐쇄하자는 것들은 전기 안쓸껀가? 영화 평점도 전기가 있어야 달수있는거다. 감정적이 아닌 이성적으로 생각하고 살자.  
20161201,10,시사회 보고 왔는데 처음부터 끝까지 불필요한 장면 하나 없이 긴장감 넘치고 누구하나 빠짐없이 연기력도 몰입도도 최고였어요 이 사회의 현실이 고스란히 담겨 있었고 그래서 더 슬펐어요 단한가지 다른점은 대통령이 스스로 결정한다는 것. 꼭 보세요 정말  
20161201,1,소재가 빼박 감성팔이네.. 안봐도 스토리전개가 뻔하다  
20161201,10,영화 스토리와 배우들 완전 기대대는 영화!!!  
20161201,10,"대한민국 원전공포, 원전폐쇄만이 답!  "
20161201,2,고증 좀 제대로 합시다. 원자력에 2차폭발은 원자과 사람도 듣도 보도 못함.  
20161201,10,"영화  판도라  부산행 연이을  대작 영화 판도라 대박나자!! 김남길 김명민 문정희 등 믿고 보는 배우들, 작품성 모두 뛰어난 이영화 대박한번 터뜨려보자. 김남길 !!!내사랑 김남길  "
20161201,10,감동과 시대의 흐름에 맞는 국내산 최고의 블록버스터눈물로 범벅이 되었네요 촛불이 횃불이 되는 영화 강추  
20161201,9,이 시국에 꼭 봐야 할 영화 입니다 연기력도 굿 몰입력도 굿 ! 이번주에 촛불 시위 가고싶은 마음이 불끈 !! 꼭 보세요  
20161201,9,"시사회 후기. 개인적으로 해운대보다 훨 괜찮았음 몇년 사이 우리가 겪었던 아픔과, 국민의 걱정, 우려하는 바 들을 잘 녹여내신듯. 감독님이 조금 의기소침해보였는데 자신감 가지셔도될듯.짠했음ㅠ김남길님도 멋지시고, 연기도 짱. 천만은 가지않을까 생각해봄  "
20161201,10,청와대에 있는 그 사람들이 이 영화를 꼭 봤으면 좋겠다  
20161201,10,시사회로 봤습니다. 부산행 이후 최대의 재난영화네요 스케일뿐만 아니라 영화자체가  대한민국 국민이라면 한번쯤 볼만합니다. 강력추천!  
20161201,9,"해운대, 타워가 생각나는 전형적인 재난영화. 그런데 대사 속에 콕 박힌 사회 현실의 반영이 씁쓸한 웃음을 자아내네요. 그동안 이슈가 되었던 일들을 극본에 곱게 눌러 담은 기분. ""부산행 느낌+현실성 증가+사회풍자"" 같달까요.  "
20161130,10,"국내영화, 해외영화 통틀어 재난영화 중에서 단연코 최고다!!!!  "
20161130,6,시사회 보고 왔습니다 스토리가 아쉽긴 하지만 시간내서 보러갈만한 영화인것 같아요 ㅎ  
20161130,4,킬링타임용 영화가 될듯하다.  
20161130,10,비공이 생각보다 많은 걸 보니 알바들이 또 설쳐 대는 것 같네요ㅎ 무능력한 대통령 때문에 이런 영화들이 많아지니 이거 참 웃어야 할지 울어야 할지 난감하네요ㅎ 알바들 때문에 일단 10점 줍니다  
20161130,10,방금 시사회보고 나왔습니다. 가슴을 울리는 올해 최고의 영화 인것 같아요.!!  
20161130,9,방금 시사회 보고 나왔습니다. 엔딩 크레딧이 올라가는 동안 일어날 수가 없더군요. 무능한 국가와 그런 국가가 싫지만 가족을 위해 희생하는 개인. 잘 만들어진 영화입니다. 영화를 보고나니 원전에 대해 다시 생각하게 되는군요.  
20161130,10,제가 이내용 스포해주죠 지진땜에 원전 폭팔 시민 다대피하고 몇명죽고 몇명 사는 내용 캬 스포 지리고  
20161130,10,스토리가 굉장히 좋았어요! 최근에 본 영화중 제일 인상 깊은 영화임  
20161130,9,영화가 주는 메시지가 강렬합니다! 시사로 봤는데 또 보고 싶음  
20161130,9,긴장감 넘치는 재난영화. 사회적인 의미까지 잘 버무려 놓았으니 이제 볼 일만 남은 거 아니겠나?  
20161130,10,예고편만으로도 흡입력이 대단했는데 극장에서 보면 장난 아닐듯!!  
20161130,9,소재+배우+메시지까지 삼박자가 고루 잘맞는 영화인듯 ㅎㅎ  
20161130,2,보는 내내....정말...이건 어느시대에 나온 영화인가를 느끼게 해주는 감명 깊은 영화였다. 이게 2016년 개봉작이라니!!  
20161130,9,배우진들 왜이렇게 완벽한거야ㅠ.ㅠ 안볼수가 없는 영화네 개봉하자마자 가야지  
20161130,9,확 와닿는 소재라서 개봉하면 부모님 보여드릴 예정입니다 ㅎㅎ  
20161130,10,매우 의미있는 영화였습니다ㅠ.ㅠ 울컥울컥했던 장면이 한두개가 아니었어요  
20161130,10,시사회에서 봤지만 개봉하면 또 볼 생각입니다ㅠㅠ 그만큼 감동도 있고 집중하기도 좋았어요  
20161130,9,배우들의 연기덕분에 초반부부터 쉽게 영화에 몰입할 수 있었어요!  
20161130,9,영상만으로도 충분히 대박날 것 같은 기분이 마구 듭니당!! 개봉하자마자 보러가야지  
20161130,10,이런 소재의 영화가 많이 나오길! 강력한 한방이 있는 판도라 엄청나게 궁금합니다  
20161130,8,원전 소재라는 것 자체가 신선했는데 영상들보니까 영화에 대한 기대감이 한껏 높아지네요!  
20161130,10,우리 대한민국은 하루걸러 하루는 재난이 터집니다  
20161130,10,요건 봐야죵!!! 무능력한 정부가 어떠한 일들을 하는지  
20161130,9,CG 기대는 안했었는데 나쁘지 않았어요! 효과가 좋으니까 영화 보는 재미도 있고 영화가 주는 메시지도 좋았습니다!  
20161130,10,시사로 봤는데 부산행이랑 또 다른 느낌의 블록버스터였어요! 무게감도 있고 내용도 탄탄합니다~ 보시면 알듯  
20161130,8,우연이겠지만 현재 시대를 보고 있는 듯한 느낌이 드는 영화라 보면서도 계속 울컥했네요  
20161130,10,메시지도 확실하고 연기력도 보장되고 스토리도 탄탄해서 개봉하면 꼭 보러 갈 예정입니다~!  
20161130,9,이런 영화를 기다려온듯! 예고만 봤는데도 무척 기대됩니다!  
20161130,10,배우좋고 소재 좋고 기대되네요  
20161130,10,현 시국과 어느 정도 매치가 될지. 궁금하네요~  
20161130,10,최고의 재난영화!!!  
20161130,10,가슴 진한 울림을 준 영화! 친구랑 둘이서 펑펑 울면서 극장에서 나옴ㅠㅠㅋㅋ  
20161130,7,일단 스포는 못하겠지만 암튼보시면 참.. 비슷합니다..  
20161130,1,지진 유행이면 지진영화 메르스유행이면 메르스 영화 전형적이 3류 영화소재찾기 ㅉㅉ  
20161130,8,남길님 나오는데 티켓을 안 끊을수가 있나용!ㅋㅋ 무조건 극장에서 본다  
20161130,9,영화보면 현실이랑 겹치는 부분이 많아서 울면서 볼 것 같은 기분입니당 ㅠ.ㅠ  
20161130,10,오랜 시간에 걸쳐서 만들어진 영화라고 알고 있습니다! 그만큼 기대많이 하고 있어서 얼른 보고 싶네요!  
20161130,9,안전 에대한 경각심을 심어 주는 영화 인거 같습니다. 안전불감증... 이번 영화를 보면서.. 정말 현재 우리 나라 정권 을 보는거 같아서 한편으로 무겁게 봤습니다. 좋은 영화 감사 드리며 꼭한번 보시기 바랍니다.  
20161130,10,믿고 보는 배우들이라 빨리 보고 싶어요!! 영화 보면서 연기 걱정은 안해도 될듯!  
20161130,10,영화는 미래의 현실을 말해준다  
20161130,9,실제로 일어날 수 있는 일이라고 생각하고 영화를 봤더니 묵직한 여운이 남더라구요ㅠㅠ 배우들 연기가 한몫 제대로 한 것 같아요  
20161130,8,재미 이상의 메시지가 있는 영화에요! 영화보고 주변친구들한테도 꼭 보라고 추천중임  
20161130,9,개봉시기가 어쩜 이렇게 좋은지.. 안 보면 후회할뻔한 영화였어요ㅠㅠ  
20161130,10,시사회로 봤는데 너무 감동적이었어요. 개봉하면 가족들이랑 한 번더 볼 예정입니다!  
20161130,8,먹먹한 현실을 잘 반영해준 영화였어요! 지금 이 시대 꼭 봐야할 영화라고 생각합니다!  
20161130,9,최고라는 말 밖에 할 말이 없다.. 메시지가 확실해서 그런지 더욱 울컥하면서 보고옴 ㅠㅠ  
20161130,1,현실성 90프로라고 이야기하는 감독에게 묻고 싶다. 지진으로 어떻게 발전소 CV가 폭발하는지 설명할 수 있나?? 정말로 일어나기 힘든 상황이다. 설정이 너무 과한듯  
20161130,8,좋아하는 배우들이 다 나와서 대박날 것 같음!!! 김남길은 사랑입니다…*_*  
20161130,10,진한 울림과 여운을 준 판도라! 배우들 연기는 말할 것도 없이 상상 이상이었다!  
20161130,9,시사회로 보고 왔는데 최근에 본 영화중 가장 몰입도도 높고 인상 깊었던 영화!  
20161130,10,나오는 영상들만 봐도 이미 재미는 보장된듯… 스토리 자체가 탄탄할 것 같은데 빨리 개봉하면 보러가야지~~!  
20161130,10,이영화는 무조건 봐야하는영화 이건 언젠가 현실로 우리에게 닥칠수있는 소재로 영화를 만들었어요!!  
20161130,8,감동도 있고 울림도 있는 영화! 재난 블록버스터라고 해서 기대 안했는데 기대이상으로 몰입도 대박이었다  
20161130,9,김남길 연기 잘하는 건 알고 있었는데 이렇게 잘할줄이야.. 다른 배우들과 조화도 잘되서 엄청 집중하면서 보고왔다! 꿀잼  
20161130,10,꿀잼 엄청 재밌어요 김남길 짱이에요  
20161130,10,"원전 사고로 정부대응 현실적으로 잘 표현됫어요 분노도하고 화도나고 슬퍼네요,, 원전에 대해서 관심이 없어는데 쫌 알아봐야될거같애요 심각성을 깨우쳐주는 영화입니다.  "
20161130,8,스토리가 탄탄해서 그런지 확실히 볼만했네! 후반부로 갈수록 먹먹해지는 감동을 안고옴!  
20161130,9,시사회 당첨되서 보고왔어요. 우리나라 현상황과 가장 비슷한 영화가 아닌가 싶어요. 원전 상황이 실제로 일어날까 무섭기도 하고 주인공들의 고군분투에 눈물이났습니다. 많은사람이 봤으면 싶은 영화였어요  
20161130,9,영화보고 왔는데 실제랑 착각할 정도로 CG효과가 넘나 좋았음 ㅎㅎ 내용도 알차고 배우들도 연기를 잘해서 간만에 좋은 영화 보고옴  
20161130,8,부산행과는 또 다른 느낌으로 대박기운이 나는 영화네용ㅋㅋ 예고편만봐도 꿀잼 예약임  
20161130,10,예고편보고나서 엄청 기대하고 있어요!! 개봉일만 기다려지고 있음ㅠ.ㅠ 남길짜응  
20161130,10,시사회보고 너무 감동받았어요. 원전에 대한 경각심을 심어주기에 충분한 영화입니다. 진짜 많은 사람들이 한번쯤 꼭 봤으면 합니다. 너무 재밌었어요!  
20161130,9,제작 때부터 원전소재라는 영화라 기대가 컸었는데 이번 시사회에서 보고 왔습니다. 다른 재난영화와 다르게 몰입감도 좋았고 배우들의 연기력이 좋아서 집중하면서 볼 수 있었어요. 지금 현실에서 보기 너무나도 좋은 영화입니다  
20161130,10,현재시국이 영화로  다시한번 표현되겠네요. 너무 기대되요  
20161130,10,리뷰랑 영상몇개  보는데 정말 큰스케일에 디테일도 그렇고 상업용 보여주는 영화로서는 흥분을 감출수가 없네요.. 정말 기대되고 가족과 같이 볼수 있는 영화라 너무 좋아!  
20161130,10,"무능한 정부에 대처나 이사회를 비판하는 내용이 현재 시국에 딱 맞아서 공감하면서 리얼하게 잘 보았네요, 오랬만에 대작이라 기대에 만족했네요  "
20161130,10,11월29일 시사회 보고왔습니다cg가 걱정이었는데 생각보다 훨씬 자연스럽게 잘나왔고내용구성도 잘짜여져서 감동이었습니다흥하길 기원합니다특히 김남길님 외 연기자들 연기 굿이었어요  
20161130,6,"시사회 보고 왔는데그냥 재난영화의 있을 내용은 다 압축시켜놓은 영화였음. 재난 대피중 일어나는 동료간의 불화,희생으로 인한 와해, 희생, 정부의 부패와 무능함. 다있어서 좀 뻔한느낌.하지만 경각심을 깨우기 위한 의도로 한번쯤 보기엔 나쁘지 않다.  "
20161130,10,시사회에서 봤는데 현실과 정말 너무닮았습니다. 이 좁은 나라에 원전이 엄청 많으며.. 심각성이 확실히 와닿았습니다.. 영화가 재미있고 없고를 떠나서 정말 모든국민이 한번정도는 봤으면 하는 영화일정도로 현실성있고 명배우들의 연기력에 더욱 몰입해서 봤네요  
20161130,9,"강렬한 울림도 있고, 감동도 있는 영화였어요! 현 시대를 반영한듯한 영화라 그런지 더욱 먹먹하게 보고왔네요. 강력추천!  "
20161130,8,오래 준비한 영화답게 스토리도 탄탄하고 메시지가 확실히 담겨있어서 뜻깊게 보고왔네요  
20161130,10,시사회로 봤습니다. 솔직히 전국민이 다 보았으면 좋겠어요.이번 우리나라 지진으로 인해 원전쪽이 흔들렸다고 들었는데 실제 우리나라에 이런일이 생길수 있으므로 모두가 이 영화를 보고 생각을 하셨으면 좋겠어요  
20161130,10,스포주의..김남길 방사능 오염되서 몸이 변하기전에..열차에서 뛰어내려 자살합니다.  
20161130,1,조심스레 7광구 예상해 봅니다  
20161130,10,"진실을 알고 싶다면! 이 영화 먼저 보세요, 세삼 소오름 돋습니다  "
20161130,10,김남길 연기 이렇게 잘하는 줄 몰랐음 ㅋㅋㅋㅋ  
20161130,5,알바들 참 많다 벌써 개봉 한줄 알았네.. 안봤으니 공평하게 5점 준다 영화는 보고 다시 별점 줘야지  
20161130,8,괜찮은 영화였어요. 처음엔 지루했지만 차츰 명대우들의 연기로 영화에 몰입할수있었어요 눈물 많이 흘렸습니다. 지금 시국에 딱인영화인듯해요. 대한민국의 무능함을 보여주는 영화 재난이 왔을때 저렇게 속수무책 이겠단 생각도들고 갑자기 세월호가 생각나네요  
20161130,10,어제 시사회 보고왔습니다. 오래 준비한 영화답게 탄탄하고 현실적인 내용으로 상영시간 내내 몰입하여 볼수 있었습니다. 현실과 너무 닮아서 더 속상했네요. 추천합니다!!  
20161130,1,원자력 실제로 저렇게 폭발 안한다 진짜 팩트도 모르고 이상한 불안감만 심어주는 영화 진짜 개봉취소해라 세계 원전안정성 1위다 감독은 원자력에 대해 공부하고 영화를 만든게 아니라 주워들은거로만 영화 만든거다  
20161130,10,시사회 봤는데 진짜 장난아니네요~~ 연기도 최고지만 정말 꼭 한번 짚어봐야할 소재였어요!!! 개봉하면 또 한번 보고싶어요~~  
20161130,10,상상이상의 스케일! 가족애까지 모두 갖춘 강추 영화  
20161130,10,시사회로 봤는데 현실감 장난 아니네요.. ㅠ 생각하게 되는 .. 배우들 연기는 진짜 최고 !!  
20161130,10,드디어 판도라 상자가 열렸네요! 응원합니다!  
20161130,10,어제 시사로  미리 봤는데 김남길 마지막 연기가 무척 인상 깊었다. 처참한 현실과 살아남기 위해 애를 쓴 그들에게 박수를!!  
20161130,10,와 진심 이거 대박나겠네요 어제 시사회로 보고 완전 오열했습니다ㅠㅠ  
20161130,10,요즘 트렌드에 딱맞는 영화  
20161130,10,시사회 보고 왔습니다. 개인적으로 재난 영화로써는 최고의 영화라 생각됩니다. 미국적 시각의 영웅이 아닌 한국적 영웅의 표현과 우리에게 아낌없이 베풀던 원자력 발전소의 두얼굴의 모습을 보면서 많은 생각을 해봅니다. 좋은 영화 만들어 주심에 감사합니다.  
20161130,9,"시사회 보고 왔습니다. 어릴때부터 좋은 에너지원이라고 교육받아왔던 저로서는 새로운 관점의 영화였습니다. '재난'이 생겼을 때 실제로 대한민국의 모습이 이렇겠지요.  무능한 정부, 대혼란,,  판도라를 통해모두가 경각심을 가졌으면 합니다.  "
20161130,6,시사회 보고 왔는데요 음...배우들이 아까운 영화라고 말하고 싶어요  잘 만든 영화는 아니예요  좀 많이 실망한 영화 입니다.  
20161130,10,cg도 좋았고 소재 스토리도 좋았습니다. 보면서 올해 개봉한 부산행이 생각 났는데 같은 배급사 일부 제작진이 참여했다고 하니 부산행을 재밌게 봤다면 믿고 보셔도 됩니다.  
20161130,9,시사회관람하고 왔습니다. 정말 예고는 아무것도아닙니다. 가슴아프기도하면서 화도나는.. 우리나라 현실을 보여주는것같기도한.. 꼭보세요  
20161130,7,첫 시사회를 보고왔습니다 소재면에서는 참신한거같아서 7점을 줬는데 영화자체는 지루하고 지나칠정도로 신파극입니다 소재가좋으니 한번보세요  
20161130,10,어제 시사회 보고왔습니다. 우리나라 현실과 같아보여 가슴아파 눈물이 멈추지않았네요ㅡㅠ 꼭 한번씩 봐보셨음 합니다.  
20161130,10,시사회로먼저보고왔어요이거진짜대박이에요 예고편은아무것도아니네요꼭한번보시길 후회안합니다  
20161130,10,개봉전 시사회로 봤어요댓글에 별로일것같다는 말이 많더라구요제가 본 후기는 국민이라면 한번쯤은 봐야 할 영화이지 않나 싶네요 그만큼 추천하구 우리나라에 지금 당장 닥치면 이럴거깉기도 하고.. ㅠㅠ예고편은 시작에 불가하니까 꼭 보세요  
20161130,10,시사회 다녀왔습니다. 재밌습니다. 꼭 보세요!  
20161130,10,시사회가서 인상깊게 봤어요  원전사고에 대한 경각심을 제대로 일깨워주네요 믿고보는 김남길!!!  
20161130,9,이시대를 겪고 있는 우리 국민 모두들 꼭!!봐야할 영화입니다..명배우들의 진솔한 연기에 감동했습니다.우리모두 천만돌파 기원합시다!!^^  
20161130,10,"시사회에서 봤습니다.. 보고 원전의 무서운 실태를 뼈저리게 느꼈고, 그 어떤 공포영화 보다 더 지옥을 느꼈습니다. 원전의 심각성을 일깨울때인것 같습니다... ㅠㅠ  "
20161130,10,시사회 갔다왔어요 최고에요 저쪽 알바들 외압 믿지 마세요 정말 잘 만들었음 리얼리티는 부산행보다 나아요  
20161130,7,남길군이 안되는게 있었네... 사투리...영화는 의미가 있는데...90년대 스타일을 보는 것 같았음...좀 더 현실적인... 대사와 연출이.. 아쉬웠음...전체적으로 미스캐스팅 같음..배우들은 좋아함~  
20161130,10,진짜 이렇게 많이운영화는 처음이었어요ㅠㅠㅠ극속 주인공에 대입해서 봤는데 눈물이 멈추질않았어요..  
20161130,9,오늘 영화 시사회로 보았는데 원자력사고로 인한 이후장면부터는 현실적으로 있을법한거 같아 끝나는 마지막까지 긴장하면서 봤습니다. 시간이 길었지만 지루한 내용이 없었으며 이 영화를 청와대 관직자분들이 꼭 보시고 예방책을 염려해두길 바라는 마음입니다.  
20161130,8,판도라 정말최고였습니다  
20161130,9,시사회에 다녀왔는데  이 영화가 무엇을 이야기하고싶은지에 대해서는 매우 뚜렷하게 알수있었다. cg는 우려와 달리 괜찮았던것 같다. 김남길의 사투리연기는 미흡했다. 후반부에 이르는 감동코드도 나쁘지는 않았다. 전반적으로 괜찮았던듯.  
20161130,10,시사회 다녀왔어요~ 현상황에 있어서 의미가 깊은 영화인 것 같았어요~ 무엇보다 스토리가 압도적이었어요!! 강추합니다!  
20161130,10,꼭!!! 꼭!!!! 봐야하는 영화입니다!!!저는 친구가 시사회에 당첨됬다길래 좋아 하고 생각없이따라갔다왔어요 하지만 제생각에 전국민이 꼭 봐야할영화라고 생각합니다. 보면서 현재 정치인들과 세월호사건 등 많은 생각을 했습니다. 이칸이 짧아 아쉽네요  
20161130,8,지금 현실과 딱 맞아떨어지는 재난영화!  꺼지지 않는 불! 쉽게 끌 수 없는.. 위험한 괴물.. 원자력! 아무도 위험하다고 인지하지 못하고 있을때 안전에 대한 경종을 울리는 영화  
20161130,9,시사회잘봤습니다.우리나라는 아직 심각한 원전 사고가 없었습니다. 선진국들은 원전수를 줄이지만 우리나라는 그 수를  늘리려하고 있습니다. 하지만 우리는 이 영화를 보고 배우고 느낄 수 있을것 입니다.  그것은 결코 쉽게 생각할 문제가 아니라는 것을요.  
20161130,10,건대  영화 시사회 보고왔습니다종료되기 10분전까지 시간가는줄 모로고하품없이  피곤함없이  봤습니다남길이형 연기  그어려운 연기를  너무잘하세요!!저는 일단  느낌 소재  재난!!  3박자  저는 좋았습니다  
20161130,4,솔직히 중간에 좀 지루했어요...쓸데없는 장면은 줄여서 개봉하면 좋겠는데 ㅜㅜ  
20161130,10,진짜현실같은영화!!강추하는영화!! 우리나라가 얼마나 위험한나라인지 보여주고 경각심을 일깨워주는 영화이다  
20161130,10,"좀비보다 무서운 방사능 ... 시사회로 먼저 보고 왔는데, 우리나라의 미래를 보고 온 느낌이었어요 ㅡㅠ  "
20161130,10,정말 최고영화.감동적이고 슬프고 현실이 될수있다는 두려움에 원전추가설치반대운동에 적극적으로 참여하고 싶습니다.  
20161129,10,"방금 시사회 보고 나왔는데, 정말 누구하나 연기가 나무랄데 없는 배우들이어서 그런지 영화에 대한 몰입도가 최고 정치인,일반인,,,누구하나 빼놓지 않고 봐야할 영화이다. 마지막 장면 자막이 우리나라의 심각성을 더욱 부각시켜주는 듯..판도라 화이팅!!  "
20161129,9,오늘 시사회로 보고왔어요. 실제로 일어날 수 있는 일이기에 보는내내 기가막히고 가슴이 아팠어요. 배우들의 연기가 그만큼 실감났구요. 가족이 다함께 가서 보고 모두 같이 고민해봐야할 현실에대한 영화라고 생각해요.  
20161129,10,시사회 당첨되서 오늘 보고 왔습니다 뻔한 재난영화일꺼라 예상했지만 생각보다 훨 괜찮았고 타이밍이 참 대박이란 생각이 드네요 러닝타임을 30분 정도만 줄였음 더 좋지 않았을까 하는 아쉬움이 남았어욤  
20161129,10,무조건 봐야할듯. 대한민국의 현실을 적나라하게 보여주는 영화  
20161129,10,"방금 판도라 시사회 보고 나왔습니다.감동적인 이야기와 재난 영화에 걸맞는 스케일이 좋았습니다.그리고, 무엇보다 현재 대한민국과 맞닿은 연출에 찬사를 보냅니다.  "
20161129,3,솔직해지자.현 시국에 맞는 영화일뿐 영화라는 내용 자체만으로는 0점임.클리셰난무. 암걸리는 조주연. 개연성없는 주인공 각성.질질끄는 중간내용. 억지울음 남발. 감성팔이.대중의 호응은 가지겠지만 영화로서의 성공은 다른거임  
20161129,10,이영화~ 한마디로 묵직하고 단단합니다.연출의 힘이느껴지네요.!!  
20161129,8,오래 제작하신거 같던데..시기를 제대로 만난듯하네요.대사 하나하나 현시대에 제대로 소리치는거 같더군요.원전 문제에 대해 다시 한번 생각하게 끔해서 참으로 괜찮은 영화였습니다.잘봤습니다.  
20161129,10,최고네요 말이 필요없네요  
20161129,10,오늘 건대에서 영화봤어요- 너무 현실적이라 놀랐습니다. 실제로 이런일이 일어나기전에 노후원전대책 마련하길...  
20161129,10,똥은 윗사람들이 싸고 치우는 건 국민들의 몫이다.  
20161129,10,시사회 보고 왔습니다 정말 현실적인 영화입니다 너무너무 좋은영화라고 생각됩니다 이나라의 현실을 앞으로 얼마 안남았을지도 모르는 앞일을 보세요 후회 없습니다  
20161129,10,판도라 진짜... 이 시국에 꼭 봐야하는 영화인것 같습니다 꼭보세요. 시사하는 바가 크네요  
20161129,10,"영화속 사고는 후쿠시마 원전사고와 닮았고 핵연료봉에 가는 장면은 체르노빌 원전사고때와 닮았고 울산지진, 총리의 대처는 우리나라 현상황과 닮아 가슴을 치며 본 인생영화였습니다. 현실에도 일어날수 있는 상황들.. 들어가시기전 꼭 손수건 들고가시길!!  "
20161129,9,우리나라도 이렇게 될까봐 두렵다 라는 생각이 먼저 든다지금 현시국에 어울리는 그런 인상깊은 영화이다.  
20161129,8,오늘 판도라시사회 봤는데 cg티가 좀 나기는 했지만 잘 봤습니다 배우들의 연기가 정말 좋았고 이 시국에 대한민국에 살고 있는 사람이면 보면좋을것 같습니다  
20161129,9,일본 원전 생각도 나고 내용도 알거 같아서 딱히 보고싶은 영화는 아니었는데.. 시사회로 봤습니다. 그럼에도 불구하고 공들여서 잘만든 티가 나네요. 일부 억지스러운 설정도 있지만 1/3까지의 약간의 지루함을 제외하면 몰입도 있고 재미있습니다.  
20161129,10,숭고하게 가족과 국민을 지키기 위해 목숨까지 바쳤던 구급대원들과 원전발전소 직원들의 희생에 가슴과 눈시울이 뜨거웠네요.  
20161129,8,시사로 봄. 흥행할 요소는 두루 갖춘듯. 개봉 지연에 고생했을 제작진들께 감사하네요  
20161129,10,시사회 다녀왔는데 너무 좋은 영화입니다....  
20161129,10,시사회 당첨으로 방금 영화 끝나고 나왔습니다.재난영화는 종종 봤지만 이 정도로 감정이입된 영화는 처음이에요.위기상황에 나오는 사람들의 이기심과 당장 상황수습에 힘 쓰지않고 숨기기 바쁜 국가의 고위층들.꼭 한 번씩 봤으면 좋겠어요.  
20161129,10,시사회로 방금 보고왔는데 재미를떠나서 현실이될수도있다고 셍각했습니다 부산시민  
20161129,10,판도라..역대재난영화중 갑입니다 배우들역시 연기력에 감탄하였고 영화가 너무슬펐습니다 영화를 보며 많은것을 배우며 느꼈고 무능한 정부가 정말 우리나라를 보는듯해 한번더 감탄했습니다  
20161129,7,판도라 상자=고리원전?  
20161129,10,오늘 대구CGV 시사회 보고 왔어요.대박이네요. 울다가 머리아픔  
20161129,1,스토리는 나쁘진않지만 배우자들 사투리가엉망이라 몰입을방해합니다.  
20161129,3,소재는 참 괜찮은데 감독이... 제발.... 배우들 불쌍하게 만들지 말자...  
20161129,1,사투리 연기 좀 하지 마라 되도 않는 어설픈 사투리 때문에 집중이 안되잖아  
20161129,1,재난영화 지겹지도 않나  
20161129,10,아이돌 빠수니 영화보단 기대하게됨  
20161129,10,기대됩니다. 정권이 바뀌면 우리도 독일처럼 원전 폐쇄를 선언하는 날이 오겠죠. 이 영화로  많은 사람들이 경각심을 가졌으면...  
20161129,10,현실과 동조화되는 그 감동이 기대되네요 ^^  
20161129,10,김남길님 나오시면 ㅎㅎㅎ티켓끈어야죵  
20161129,10,한국 재난영화~!!!! 요즘 같은 불안한 시기에 의미있는 영화가 나오길..  
20161129,4,크흠...보지않았는데도 스토리와 결말이 예상되는건 기분탓이지?  
20161129,7,감독 역량으로 볼때 각본으론 모르겠지만 연출가 로서는 역량이 부족할듯  
20161129,1,OCN으로 볼게요^^  
20161129,10,소름... 지금 시국에 이런 상황이라... 끔찍하다 좋은영화!  
20161129,1,영화로만 봐야할듯....  
20161128,10,김명민이라면 믿을수 있습니다!!!!  
20161128,2,흠... 예고편 사투리가 몰입 안될거 같은데요... 그리고 CG좀...  
20161128,10,현시점에서 대박 날수 밖에 없네요  
20161128,10,솔직히 기대가 됩니다. 거의 4년동안 기획한 작품이라는데...제대로 완성도 높여서 개봉되면 좋겠습니다!  
20161128,1,한국형 재난블록버스터의 뻔한 흐름 예상. 사고방지 대책 부재-사고발생-아비규환-컨트롤타워 부재-모두가 힘을합쳐 극복하며 결말... 언제부턴가 우리는 이런 기승전결 흐름에 익숙해져가고 있죠  
20161128,4,"한국재난영화 으레 그렇듯 신파극으로 흘러갈 분위기. 부실한 개연성, 두루뭉실 캐릭터성, 설정오류도 기대해봅니다.  "
20161128,10,"부산행 같은 졸작 좀비물이 평점 8이다. 부산행 제작비 115억, 인천상륙작전 170억, 터널 100억, 그리고 판도라 155억. 국산 재난 영화는 믿고 거른다.  "
20161128,1,비현실적인 듯 기대가 안되네여  
20161128,10,"지금 우리의 상황을 보여주는 영화,, 대한민국 국민이라면 직면한 상황이 영화로 만들어 진것이네요, 기대 됩니다  "
20161128,1,부산행2  제목:부산핵  
20161128,10,원전....심각성을 알아야합니다.  
20161127,10,예고편보니까 지금 우리나라 보는 것 같다. 답답하고 숨막히네ㅜㅜ 원전 진짜 위험한건데 가뜩이나 요즘 아래쪽 지방 지진 많이 나서 고리원전 불안..부산에서 어떻게 살아. 하긴 터지면 부산이 문제가 아니라 우리나라 다 쓸려나가겠지 ㅠㅠ  
20161127,10,진짜 재밌을듯 빨리 나왔음  
20161127,10,예고편만봐도 지금 우리나라의 모습그대로늘 보는듯하다  
20161127,1,방사능 면역; 호머심슨인가  
20161127,10,이건 현실이 될 수 있음. 원전 재가동 이거 불안불안  
20161127,10,부산태생토박이50년차입니다.퍼뜩온나는 예전 지금도 자주 사용합니다ㅋㅋ 방송예고 보니 부산출신 배우들도 많네요 주연부터 부산쪽사투리 어색하지 않네요.긴급피난 난리에 보조출연자들 애드립없이 고요하면 오히려 어색하죠ㅋㅋ.방송예고 기대됩니다.  
20161127,5,이 영화 개봉하면 영화보단 일본인들의 반응 더 기대됨www  
20161127,10,나쁜남자 김남길의 연기가 매우 기대되고 조연들의 연기도 상당히 기대됩니다  
20161126,1,영화소개 프로그램 예고편만 봐도 연기력이 극혐이다 ㅋㅋㅋ사투리 연기는 토박이가 아니라면 그냥 표준어를 써라. 그리고 엑스트라는 대사 주지마라 어색함에 끝이다  
20161126,10,이 정부에서  원전 터지면 세월호때처럼 다 죽는다  
20161126,8,cg같은게 왠지 허접할거같음  
20161126,7,하~~그 뛰어난 각본능력시나리오로 왜직접 연출을 하시냐고요. . .몇번해보면 알잖아요. . 안타깝네요. . 하긴 자기시나리오로 자가만의 그림그리고 싶은건 이해가 가지만. . 역시 안타까움  
20161126,10,엄청재밌을것 같네요 ㅎㅎㅎ  
20161126,10,"NEW 영화라면 의심없이 볼랍니다~ 어디서도 도전해보지 않은 이런 시도에 박수를 보냅니다. 좋은 성적 보이시고, 앞으로도 화이팅 하세요~  "
20161126,1,원전폭발에 웃고갑니다 ^_^  
20161126,1,2012 재탕일듯 마이클 베이 표절  
20161126,10,먼저 보신 분들 리뷰 좋더라구요 김남길 연기 너무 잘한다며  볼만하고 몰입감 좋대요.  
20161126,1, 부산 사투리 좀 제대로 쓰면 좋겠습니다 퍼뜩 이런거 요즘 안쓰는데;;;  
20161126,10,한국에선 원전 사고를 소재로 담은 영화는 이번이 처음인듯. 너무 기대됩니다.  
20161126,10,우리나라 영화수준 갑자기 왜 이럽니까. 엄청 재미있어 보이네요. 영화관에서 꼭 관람 하겠습니다.  
20161126,10,원전반대를 다시한번 생각해 볼 수 있는 영화라생각해요~이좁은 땅덩이에 많은 원전 정말괜찮은건가요?  
20161126,1,김남길 최대거품배우 어떤발연기일까궁금하네  
20161126,10,그냥 대한민국에서 이정도 스케일의 재난영화가 나왔다는 사실 하나만으로 칭찬해주고 싶다. 유래없는 대한민국의 영화가 되길 기원해주고 싶다 중국에 치이고 미국에 치이고 우리나라 자체적으로 이정도 힘을 키워 외국에서 찾을수 밖에 없게 되길  
20161126,8,제발 되도않는 감성팔이로 지겨움과 뻔함이 없길  
20161126,1,또 이경영 이경영 없이 한국영화 안되나요? 이젠 영화도 햇갈림ㅋㅋㅋ  
20161125,7,뜸 들이지 말고 빨리 개봉해라  
20161125,10,재난영화에 끝 판왕!!!!  
20161125,7,여기서방사능땜에 돌연변이 되서 초능력생기는거아냐?ㅋㅋㅋ  
20161125,10,"동일본 대지진 생각나네. 무능함과 사실을 은폐를 위해 노력한 일본정부, 지금 대한민국 상황 같냐 씁쓸  "
20161124,10,재난영화에는 항상 가족주의 가 따라붙기 마련.. 대한민국 뿐만 아니라 전세계적으로도 진부한 클리셰... 조금 색다른 걸 보고 싶다. ㅠㅠㅠㅠ  포스트 아포칼립스 세계관 속에 다양한 인간군상을 보고싶다 ㅠㅠ 부탁합니다 박정우 감독님  
20161124,9,뭔가 스토리가 예상이간다 주변사람들 다 말리는데 방사능 누출된 원자력발전소에 주인공들어가서 희생하고 아이랑 여주인공 살고 극중 이경영은 비리같은거 저지르고서 어떻게든 사실 은폐하려고할듯  
20161124,5,한국영화 포스터 글씨체 너무똑같다. 맨날 다 똑같은 영화같음;  
20161124,10,지진 일어나고 대책도 없었던 상황이라 제일 골치아팠던 문제인데 아무도 관심을 않가져서 더 불안했던 문제를 영화로 만들어주어 감사합니다. 이런 영화 기다렸습니다!  
20161124,3,"영화야 아직 안봤으니 모르지만 지진으로 인한 원자력 발전소로 인한 2차 피해를 다룬다면 영화를 보고 뭣도모르고 무작정 원전 반대하는 사람들이 생길까봐 두렵다. 원전은 위험하고, 해롭지만 없어서는 안될 시설이다.  "
20161124,1,"기대가.,.,.,.,.,  "
20161124,10,김남길이나오다니..무조건봐야쥬  시사회당첨되길ㅜㅜ  
20161124,10,와우 2012년에 제작시작해서 이제서야 개봉하네요...기다리다 그동안 잊고있었어요. 우리나라 최초의 원전재난영화 정말 기대됩니다..  
20161124,6,왜 스토리가 머리속에 그려지지 그래도 뭐....기대는  
20161124,10,많이 기대됩니다.!!!  
20161124,1,어지럽고 복잡하고 조잡스럽고 그래픽으로 밀어 붙이는 영화이제는 복잡하기만 할뿐이다... 한국영화는 미국영화의 10전이다언제까지 제작비 배우빨 로 밀어붙칠건가?예상하는건데 천만도 못넘는다  
20161124,10,이 영화는 실제로 일어날 예언을 했습니다!!!!늦기전에 도망쳐!!!  
20161124,5,김명민은 출연 하려다가 하차 했나 보네 베댓엔 있는데 출연 배우 목록에 없는 거 보니  
20161124,10,한국재난영화최고감독인듯!!진짜많이기달렸다 기대이상의작품으면좋겠다 ㅋㅋ  
20161124,10,연가시 감독이라 어느정도 믿고 들어갑니다 ㅋ  
20161124,10,재난이제는 준비해야하고...기대됩니다  
20161123,10,"원전,지진등 앞으로 우리에게 닥칠지도 모르는일들...  "
20161123,10,기와집에서 안 좋아하겠는데요. NEW 응원합니다.  
20161123,10,고리원전 활성단층이라 보고했음에도 쥐박님이 승인하고 닭근혜가 만들었죠~ 영화가 실화될까 더 무섭소~ 대박나길~~  
20161123,10,ㄱㅣㄷㅐ작 !!!!.  
20161123,10,기대합니다  올해 극장가의 유종의미를 거둘수있는 영화가 되기를 기대합니다.  
20161123,9,블라인드 시사회 다녀옴. 배우들 연기력이 영화 스토리에 먹혀서 그닥 빛나지 않음. 배우 연기력으로 보는 영화가 아님. 사실감 넘치는 재난 상황이 너무 안타까움  
20161123,8,"영화 개봉도안했는데 예고편만보고 벌써보고나온듯한기분,  부디 뻔한 한국재난영화가 아니였으면합니다  "
20161123,10,스토리 CG 연기 다 기대되는 재난영화  
20161123,10,원전사고는 인재겠죠... 안일한 관객의 마음을 움직여 줄 수 있는 명작이 되길.  
20161123,10,기대도 안 했는데... 보면 압니다.  
20161123,1,고리원자력 발2전소의 모습이다 !!  
20161123,9,"블라인드 시사회로 보고왔는데.... 일어날 법한, 대한민국에서라면 너무나도 현실가능한 이야기인것 같아요.  머리아프도록 울었습니다.  "
20161123,10,부산행 배급사네 믿고 본다 얼른 개봉해라  
20161123,10,재난영화를 즐겨보는데 예고편보고 꼭 봐야될 영화 같다고 느꼈네요  
20161122,9,블라인드시사회 다녀왔어요여러가지가 조화롭고의미까지 있는 영화입니다너무현실같아서 9점입니다  
20161122,1,굳이 저런영화를 개봉하는 이유가 뭘까 경각심? 비전문가들이 볼때 원자력발전소가 폭팔하면 저렇게 되는구나 하는 불안감만 심어줄거같다 마치 실제로 폭발한다해도 저리 절대안된다 저농축 우라늄2%로 발전시키는데 사전조사와 공부?사람들 자극해서 흥행시킬려는수작  
20161122,10,여러분 이게 망하면 155억이 날라갑니다 도와주세요  
20161122,10,실제로 일어날 수 있는 일이라 더 무섭다  
20161122,10,우리나라는 늘 사건이 터져야 그 사건 관련 영화가 이슈 되지. 이번엔 사건 터지기 전에 저대로 이슈 돼서 사고 좀 줄였으면;; 일단 재미없다고 해도 보고싶다! 지금 한국이 아니라서 못 본다는게 아쉽네ㅜㅜㅜㅜ  
20161122,4,이 영화는 개봉 날짜를 정말 잘못 잡았다. 원전이 안 터져도  지진이 안나도 우리 나라 개판이 된 걸 경험하고 있는 현재인지라 자연재해로 인한 한국의 생존문제보다 부정부패에 대한 경각심의 부재에서 살아남을 수 있는지에 관한 고찰이 화두이기 때문이다.  
20161121,10,말이 필요없음. 믿고 보는 명배우~  
20161121,10,판도라12월9일날개봉했으면좋겠어요 빨리개봉해라판도라빨리보고싶어요 재미있을거같고스릴넘칠거같아요  
20161121,10,포스터가 블록버스터가타!!! 기대기대!!!  
20161121,10,명작이길 기대합니다!!  
20161121,10,헬조선에서 원전터지면 어떻게된지 보여주는 영화  
20161121,10,정말 기대됩니다....  
20161120,10,원전하나 때문에 나라 전체가 흔들려야 하는게 영화 같지만은 않다...  
20161120,10,일어날가능성이 꽤있는 주제라 영화로 어떻게 풀어냈을지 궁금하다  
20161119,10,"무능한 현 정부가 많이 불편해 하겠군,그래서 꼭! 보러가야지.  "
20161119,5,왠지 재난 신파극일듯. 울나라 영화는 주인공이 희생하는 신파극 아니면 소재가 없으니까  
20161119,1,툭하면 경상도사투리네 어디 불편해서 보겠냐  
20161119,1,여러분 원전은 절대로 저렇게 폭발하지 않습니다. 괜한 선동당하지마시고요 우리나라 원전운영을 너무 펌하하지않았으면 좋겠다.  
20161118,1,감성팔이 영화 하나또 나올각... 이젠 식상하다...  
20161118,10,정부때문에 개봉못할뻔한 영화 ㅠ  
20161117,6,이 제목으로 박근혜-최순실게이트 영화를 만들어야했다  
20161117,10,원전사고를 소재로 하고 있는 것도 새롭고 배우진들도 괜찮아서 기대하고 있습니다. 한국 재난영화의 새로운 역사를 쓰길 바랍니다.  
20161117,10,예고편만 봐도 어마무시하게 재미있을것 같다.김남길 나오는 영화는 사실 한번도 못봤는데 이번에 꼭 봐야겠어요^^+  
20161117,8,예고편 봤는데 보고 싶어지네요~~연가시도 워낙 재밌게 봐서리~~정말 기대되네요~~^^  
20161117,10,원전에 대한 주의심 경각심을 길러줘야되는것엔 찬성한다 그러나 한국 원전을 비하하고 신뢰성을 떨어뜨린다면 그건 안된다고 본다 대한민국 원자력발전소는 세계안전성 1위다  
20161117,9,"결코 남의 일일 수 없는 지진, 원전 사고 재난 영화. 해운대, 부산행을 뛰어넘는 쫄깃한 긴장감과 케미는 물론 감동까지 선사하여 천만 관객수를 훌쩍 넘기기를 기대해봅니다!김명민의 대통령 연기, 김남길의 흐트러진 동네 바보 역할 완전 궁금함!  "
20161117,4,"아..연가시가 떠오른다,  "
20161116,10,더블리프트가 이번엔 어떤 명장면을 만들지 기대됩니다.  
20161116,3,소방관 방화복 영화에선 국가에서 지급했겠죠? 원전 사고 수습가는데도 사서 쓰라고 했다면 그게 재앙임  
20161116,10,2년전에 준비해온영화네요 올해 개봉하는게 신의한수네요 정말 남일이 아닌 재난이기때문에 무섭기도하고 진짜영화처럼만 일어나는일이 없었으면합니다. 이영화보고 정부가 지진재난에 준비를 더 하기를..  
20161116,10,와 드디어 개봉한다..솔직히 우리나라지진발생이후 여러므로 계속 불안한데 이시기에 이영화가 사람들한테 꼭필요한것같습니다!현재 개봉예정작중에 제일 기대되는작품!  
20161116,10,시기가 딱 지금이네요 경각심도 주고 재미도 주길!  
20161116,9,판도라보다 더큰 재난이 실제로 일어남 순실이가 일으킨 꼭두각시 재앙  
20161116,10,무슨 위기조성 이럴때 처 개봉해야 더 현실을 깨 닭! 게 되는거지  
20161116,1,2년전 베댓 뭐냐?? 김명민 없는데? ㅋㅋ  
20161116,10,"영화 해운대도 완성도가 좋았는데, 여러 해가 지난 지금 더 좋은 기술로 더 좋은 영화가 나오길 기대해 봅니다.  "
20161116,1,딱봐도 초반에만 흥미돋는요소나오고 중후반부는 정치얘기 떡질일거같음  
20161116,9,지진과 원자력발전소의 붕괴! 요즘 핫한 이슈인데 영화화 되다니~~~어떤 스토리로 짜여질지 궁금하네요! 김남길을 오랫만에 만나볼 수 있는 영화 판도라! 그 상자가 열리는 순간을 기대해봅니다!  
20161116,1,원전 화재 대응에 대해 거의 모르는 듯한 대처를 예고편에서 보여주네요  
20161116,10,현 정국상황과 절묘하네요  
20161116,4,알바들 겁나 키보드 두드리네~~~~  
20161115,10,신참간호사 오예설 화이팅~  사랑해 여보♥  
20161115,10,너무 너무 기대됩니다.  
20161115,10,좋아하는 배우 총출동이네요 우와왓! 무조건 보겠습니다  
20161115,9,얼마전에 일어났던 일들과 현실적으로 소름돋게 딱 맞을 듯!!!!  
20161115,10,진짜 스케일 장난아니네!!  실제 일어날 것 같아 무섭다 ㄷㄷ  
20161115,10,이런영화를 진짜 국민 단체관람 해야됨  
20161115,10,스케일 보소. 존나 잼있겠당  
20161115,10,역대급 재난영화라고 하던데~~기대됩니다.요즘은 남의나라일같지않게  한반도에도 지진이 많이 일어나고하니...실제 일어날법도  해서 집중하며 볼거같네요  
20161115,10,역대급 재난... 그치만 일어날수도 잇는 ㅎㄷㄷ  
20161115,10,1점 테러에 저항한다!  
20161115,10,이런 재난이 벌어지지 않도록 원자력을 안전하게 써야된다  
20161115,1,국산 재난영화 특징이 모든걸 다 CG를 사용하려 한다 이러니 답이 없는거야  
20161115,10,김명민이 특별출연한대서 무슨 영화인가 봤더니 정진영도 나오네 ㅠㅠ 김명민 정진영 연기 진짜 좋아하는데 ㅠㅠ 꼭 볼게요!  
20161114,1,불안감만 조성 하는거 같음  
20161114,1,이 판국에 이런 영화를... 너무 위기조성하는거 아닌지..  
20161114,1,배우들에만 의존하는 전형적인 삼류 내용인듯 감기 같은 영화랑 뭐가 달라 발생하지도 않고 맨날 누진세는 폐지하자 하면서 원전은 짓지말자하고 자기 아파트의 내진설계는 한번도 생각안해보고 깨시민인척 하는 인간들 ㅉㅉ  
20161114,1,소재도 그렇고 산안드레아스 표절아님???잘 돌아가는 원던 왜터트린데 아파트나 걱정하소  
20161114,10,영화관에서 꼭 보고 싶은 영화  
20161113,1,너무 불안감을 조성하는거 아닌가 모르겠어요ㅠ  
20161113,1,너무 불안감 조성하는것 아닌가???우리나라 상황에서 별 대안이 없는데  
20161113,1,소재가 별로다....  
20161112,1,망할꺼 같다 CG너무 많이 쓴거 같다 영화자체에 집중하기 힘들듯  
20161112,10,기대기대중입니다 우리 남길씨를 비롯한 연기파 배우분들이 포진해있는 작품이라 더 보고싶어요♥대박나길♥  
20161112,10,티저 보니 엄청 기대되요.  빨리 보고 싶네요.  김남길 홧팅!  판도라 대박  
20161112,10,김남길이라니 고민할 필요도없죠  
20161112,1,음... 이거 별로네....  
20161112,1,예고만으로 얼마나 비과학적인 스토리인지 알게됨. ㅋ 방사능이 몰려와요~~!!! ㅋㅋㅋ  
20161110,10,판도라 정말기대중입니다  
20161110,10,느낌이 좋으네요 김배우님 꼭 볼게요  
20161109,1,전부다 반대하며 혼란을 키우는 세상  
20161109,10,정말 기대되는 영화에요. 저는 김남길님 팬이라 꼭 보겠습니다.  
20161109,10,기대 되네요. 네이버 웹소설 챌린지리그 미스테리에 7.5 라는 이야기에도 강진후 원전 붕괴 이야기가 있던데 흥미롭게 읽었습니다. 영화로 만들어 진다니 완전 기대 되네요.  
20161108,1,CG도 문제이고원자력발전소가 저렇게 터질 수가 없는데저렇게 터지는 것도 비현실적이고감독은 연가시때부터 그냥 억지영화 만드는 느낌;;소재는 좋았으나너무 비현실적이다차라리 다른감독이 이 소재로 만들었다면 하는 큰 아쉬움ㅋ  
20161108,9,김대명 너무 조아 ㅋㅋㅋ  
20161108,10,600만명 넘길까??  
20161107,10,"별점 10점 주기도 모자라 100,000,000점 주고 싶다 ... 정말로 보고 싶다... 대박나라. 천 오백만 관객동원 할 듯....  "
20161107,2,우리나라 전력구조상 원전을 쓸 수 밖에 없는 상황에서 국민들에게 공포심만을 안겨주는 영화가 아니길... 안전불감증에 시달리는 국민에게 어설픈 감성팔이&공포심을 유발하는 선동 영화가 되지 않길~  
20161107,10,"지진, 원전사고, 그에따른  국가수장 및 정치권의 해결능력 , 가족애.. 요즘같은 시기에 한번쯤 볼만한 영화인것  같네요.  "
20161107,7,CG 보고 소름돋음.. 건물 붕괴되서 파편 날라가는 장면.. 노답..  
20161106,10,내용은 재미있을 거 같고 우리나라 정치 같은거 풍자했음 좋겠다.  
20161106,10,대통령이 아무것도 할 수 없다라고 말 할 수 있는 현실은 절대 올 수 없을 거라 생각 했는데...그게 현실이 되어 버렸네..ㅡㅡ;;  
20161106,10,우리나라 재난영화중 가장 스케일좋고 최고일거같다!!!  
20161106,10,지진이 계속나고 있네요..지진에 대해 그동안 너무 무관심했는데 가족들하고 보려고 합니다  
20161106,1,굳이 알바쓰지않아도 될 영화는 알아서 뜨게 돼 있는데 상위권평점중에 댓글알바가 너무 많다. 평점평준화를 위해서  1점준다.  
20161106,10,믿고보는영화 명작인영화연가시에이어서 재난영화정말좋아하는장르인데 벌써부터 너무기대되요 빨리개봉하길..ㅠㅠ  
20161105,10,"감기, 치외법권처럼 이것도 현실이 되겠지ㅋㅋ 시바ㅋ  "
20161104,1,보기도 전에 내용 뻔히 알겠네.. 흔해빠진 스토리의 한국식 재난영화..  
20161104,10,원전사고 대비 꼭봐둬야될 영화.  
20161104,10,뭔가 재미있을 것 같아 꼭 봐야지  
20161104,10,"기대되요 연기파배우들,배급사,cg업체 모두들 최고에요  "
20161104,10,막장드라마 같은 소재도 현실이 되는 요즘 영화 '판도라'에서 보여주고자 하는 스토리도 충분히 현실 가능성이 있다고 생각됩니다. 이 영화를 계기로 대한민국의 안전문제에 대한 경각심이 커졌으면 좋겠습니다!  
20161103,8,판도라...과연 대한민국 재난 영화계의 판도를 뒤집을 수 잇을것인가 판 돌아  
20161103,10,지진 재해...이젠 딴나라만의 일이 아니구나...  
20161103,10,"최근 경주의 지진 발생은 우리나라도 더이상 자연재해에 안전지대가 아니란 것을 알려주는 사건이였습니다. 이러한 스토리를 가진 영화는 국내에 흔치 않은 재난 영화라 기대됩니다.연기력도 출중한 정진영, 김남길, 김명민, 문정희, 김영애 등이 표현  "
20161103,10,김남길님 나오신다니 무조건  기대됩니다 화이팅!!!  
20161103,10,이런 영화가 근래  대한민국 현실이구나.  
20161103,5,원자로에 대한 막연한 공포 심이 아닌대체 에너지가 개발 될 때까지 지금 있는 원자로들을 어떻게 안전하게 이용 할 것인지교훈을 주는 영화가 되 길  
20161103,9,지금 대한민국 상황에 맞는 적절한 영화네요경각심을 일깨워주는 영화일 것 같습니다  
20161102,1,이영화가 개봉하는 이유 이제 뉴월드오더의 아젠다를 실행하겠다는 이야기다 한국은 경제적으로 사실상 붕괴했고 이제는 자연만 끝내면 사탄의 인류말살정책은 기정사실화 된것이라보면된다  
20161102,10,소재와 스토리부터는 괜찮은데 cg가..음..  
20161102,1,성매매 전과가 있는 이경영배우 안 보고 싶음....  
20161102,1,CG만 봐도 보고 싶지가 않다.. 니들이 원전 반대해서 전기값이 계속 비싸지는거는 아냐? 반대를 위한 반대들아  
20161102,8,김남길팬입니다!! 드라마에서보고싶은데 영화만찍는군요ㅜㅜ 완전재밌을거같진않지만 김남길때문에볼래요!!  
20161102,10,이거 제발 정치인들이 보고 원전가동 멈췄으면; 어떻게 활성단층이랑 불과 몇km도 안떨어진곳에 원자력 발전소를 세울 미친생각을 한것인지...  
20161102,10,기대돼요101010  
20161101,7,원전폭발과 지진이라는신선한소재와 배우들은 역대급인데 감독이 윈다졸이라는역대급망작을만든감독이라서...일단 두고보는걸로...  
20161101,10,부산행을 잇는 명작영화 일것 같은 예감  
20161101,10,현실에서도 충분히 가능한 일일지도 모르겠네요..개인적으로 지진관련 영화를 무척 좋아하므로기대해봅니다..~!  
20161101,10,믿고보는 김남길♡♡♡  
20161101,1,감성팔이나 병맛같은 신파만 없다면 킬링타임용으로는 되겠군.  
20161101,10,안전불감증 대한민국에 꼭맟는 영화라 생각하며...벌써부터 기대가 됩니다!!판도라~~~화이팅!!  
20161101,1,제발 주제를 알아라 할리우드 카피하는거 밖에 더 되냐?  
20161101,9,쉽질 않을텐데 ... 재난 영화 ...  
20161101,10,"해운대,타워이후로 재난영화처음인가?  "
20161101,7,별로 기대는 안함...배우들 좋은거 빼고는  
20161101,10,올 12월 젤 기대되는 영화!!!  
20161101,1,예고편만 봐도 보이는 cg의 수준..  
20161101,10,기대됩니다.빨리보고싶어요.  
20161101,10,한국 재난 영화중에서 최고의 걸작을 기대합니다. 티켓파워 노리는 아이돌 한 명 없이 전부 연기로 승부하는 분들만 캐스팅 했네요. 이것만 봐도 보고 싶어지는 영화에요.  
20161101,5,관심이 가는 설정인데...연가시 감독이라 걱정된다. 보는내내 주인공의 감성팔이 바보짓 하는거 답답할것 같다. 방사능이 눈에 보이지 않는 위협인데 어떻게 스릴있게 그릴지 의문임.  
20161101,1,"감독이 연가시 만든분이네.. 배우도 김명민,문정희;; 연가시에 이은 2번째 발암영화인가?  "
20161101,10,완전보고싶어진다12월이빨리왔으면좋겠다!!!  
20161101,6,cg가 좀 걱정되는거 같은데  
20161101,1,"""국민여러분 현실적으로 아무것도 할수있는게 없습니다."" 나의 별점은 1점이 아닌 11점이다.  영화와같이 부산에 자연재해로 인하여 원전이 터질경우 정말  유능하고 현명한 리더(대통령 및 집권 여당) 가 존재해도... 위와같은...멘트를 칠거 같다.  "
20161101,5,일단 배우들은 뭐라할게 없지만 핵문제를 얼마나 사실에 가깝게 표현했는가 이게 중요하겠군.  
20161101,10,이제 이경영과 강신일은 한국판 '재난영화'의 간판 (사이다) 배우가 되었군요.. 얼매나 한국 공뭔+관공서직원+철밥통들이 X같으면...말이죠.  
20161101,1,출연진보니 ㅋㅋㅋ좌빨 정치색 100%구먼ㅋㅋ  
20161101,2,cg구리다진짜 ㅋㅋㅋㅋ뭔가 이질적인느낌  
20161101,1,전작이 '연가시' 그리고 또 다시 재난영화? 기대도 예상도 거기서 거기  
20161101,10,영화 제목이 아주 맘에 드네요. 현재 대한민국은 재앙급 판도라상자가 열려서 대혼란을 겪고있는데.. 원전 방사능 유출은 최순실 게이트를 예상한건가요? 감독님의 선견지명이 대단하시네요 10점 드립니다.  
20161101,10,2016년을 마무리하는 최고의 재난영화의 탄생을 기대해봄니다 ㅎ  
20161101,10,허구가 아니라 가까운 시일내에 닥칠 최악의 사태를 가정한 거라서 더 무섭다 ㅠㅠ  
20161101,10,"한국 영화 대단하지 않냐? 이렇게 미래를 예측한 영화가 나오다니,..처음 제작시작 할 때는 누가 한국에서 대지진이 날거라 생각 했겠냐? 그리고 지진대에 놓인 원전. 미래예측 능력만으로도 이 영화는 10점이다.  "
20161031,2,cg 이거 뭐임? 좀더 현실감 있게 안되는건가요?  
20161031,10,실수로 글쎄요 눌렀는데왜 번복이 안되나요?ㅠ꼭 볼래요!  
20161031,10,김명민 대통령 빨리 보고싶습니다^^  비중적어서 아쉽지만ㅠ 민통령 멋있을거같다♡♡ 배우들도 연기파 배우들.. 화이팅!! 경각심을 심어주는 영화가 되길..  
20161031,9,재미있을것같다그리고난보러가야징  
20161031,10,그래 한국영화는 재난으로 가자. 그나마 낫다  
20161031,9,캐스팅 오지구요~  센 안드레아스 한국판 나오는건가 기대가 됩니다ㅋㅋㅋ  
20161031,3,예고편 3d만 봐도 망삘인데 ;;;  
20161030,10,멋진 기록한번시원한 영상을  
20161029,1,판도라(부제:7광구)  이 한줄평은 성지  
20161029,10,또한번 땅택이가 일을 낼듯 한데. 천만 관객 예약 ..  ^^  
20161029,10,기대된다 솔직히 김남길이면 완전 대박임  
20161028,9,진양지가 울산으로 되어있으니국민 불안감은 이 영화때문에 크게 퍼지겠네요불안감을 주는 영화 기대되네요 ..  
20161028,10,보통 영화가 아닐겁니다. 소문으론 각국에 수출소식이 있던데요. 12월이 1년처럼 느껴지네요  
20161028,10,기대합니다.연가시때 감동을 그때 그대로 보여주는 영화입니다.  
20161028,10,진정한 재난 영화같네요 명량보다 더 대박인듯 또한 해외에서도 대박날거 같네요  
20161028,10,예고편만으로 이런 긴장감을... 기대됩니다.  
20161028,10,와 벌써부터 기대됨ㅠㅠ  
20161028,10,재미있겠네ㅋㅋ얼른 보고싶습니다!  
20161028,10,와! 정말 쎈 넘이 나오는구나!  
20161028,10,판도라가 드디어 개봉하네 몇년전부터 기다리고있었는데또 연장되진 않겠지  
20161024,10,부산행보다 막강하다... 연말 흥행 끝판왕이 됐으면...  
20161021,10,지금  이 시대에 경각심과 안전제일주의로 가는길목이다 국민이 안심하고 일 할수있는 환경을 만드느것이 이시대에 최고의리드가 갖추어야 할덕목이다  안전  
20161020,10,명민이형 제발 영화로 좀 흥했으면 하는 바람으로 10점 주고갑니다..  
20161018,1,아니 알바는 뭐이리 많은거야 ㅡ ㅡ 차라리 tv 광고를 내서 홍보효과를 내지 이럴꺼면 영화 평점한을 그냥 광고 란으로 바꿔  존나 꼴배기싫네  
20160930,10,개봉 언제해요?ㅠㅠ 배우분들 보고싶어요  
20160925,1,영화 평점 알바라는거... 여기서 처음봄;; 이렇게 하는거구나... 신기하다...  
20160921,10,개봉을 앞당깁시다...  
20160913,10,"9.12 경주 지진, 영화 개봉하기도 전에 실화 가 되겠다 ㄷㄷ  "
20160825,10,이거 왜 안나와요 김남길때문에 작년부터 기다리는데  
20160819,1,재미없을꺼같다..배우들 캐미도없고...비급영화스멜이 올라옴..중요한건 스토리인데...왠지 지난 재난영화들 짜집기해놓을꺼같은 불길한 예감...  
20160812,1,알바가 너무 많은듯....  
20160720,10,빨리 보고 싶다..~김배우님 연기짱~^^  
20160718,9,이영화 개봉하기하나요도대체언제 개봉하는지빨리  개봉했으면 좋겠다  
20160707,10,아니 개봉 대체 언제해요?..  
20160623,1,도데체 개봉은 언제 하나요??? 계속 기다리는데 소식이없네요  
20160613,10,무명배우 박대원의  새로운 도약이 될지 기대해 봅니다.  
20160514,10,김명민님 좋아해서 프로필 보다가 가제뜬 거 보고 들어왔는데 대통령 역할이시네요 저절로 막 엄지가.. 정말 너무 기대되고 어떤 식으로 이야기를 풀어나가실지도 너무 궁금해요! 꼭 봐야겠습니다.  
20160504,10,배우 김남길의 작품은 다 보는데 재난영화 더욱 기대됩니다 ? 개봉날 달려갑니다^^~~♡♡♡  
20160304,10,김남길 김명민 정진영 믿고보는 배우들이네요ㅋ 하반기 개봉예정이라던데 정말 기대됩니다!!  
20160218,10,개봉 안합니까? 언제 개봉하는지...  
20160123,10,김명민배우님 대통령이라니 기대되요.  
20151220,10,배우들 다 좋으네 김명민김남길정진영 ...  
20151218,10,언제나와요?ㅜㅜ김명민 오저씨ㅜㅜ  
20151123,10,김명민 김남길 나온다ㅎㅎ믿고보는 배우들이니 꼭봐야징  
20151113,10,진짜 기대해봅니다.  판도라가 대박 나시길~ 모든 배우님들 화이팅 입니다  
20151103,10,엑스트라로  와이프랑 딸이 촬영했네요~~~안짤렸길 ㅋㅋ  
20151009,10,나의 김남길~~~~!!  
20150825,10,목빠졍~ 언제 개봉해~?? 울 명민님 빨랑 보구시퍼~~  
20150812,10,울 남길아빠 화이팅!! ㅠㅠ♥  
20150808,10,내친구 박준영 나옵니다기대됩니다 화이팅  
20150626,10,와 김명민에 김남길..!  
20150529,10,기대된다!얼른 개봉하길~  
20150528,10,호옹이~~~이건 꼭 봐야댕ㅎㅎ  
20150517,1,밖에 마스크 쓴 사람들 돌아댕겨서 검색해보니 이거 좔영나온듯?너무 시끄러워서 1점 줍니다^^  
20150512,10,이 감독 연가시 감독했던 분인데 김명민 문정희 두분다 연가시에 나왓던 분 ㅋㅋㅋ  
20150321,10,판도라의 개봉은 언재합니까?  
20150319,10,김명민 김남길이면 기대 그 자체요.  
20150314,10,대진에 제사있어서내려갔는데  촬영중 대박!  
20150301,10,믿고보는 김남길 배우님~~~ 기대하겠습니다  
20150218,10,믿고 보는 차기 최민수  김명민  
20150209,10,믿고봅니다! 김명민~~~  
20150208,10,기대를 져버리지않는 영화가 탄생할거라 믿어요~~홧팅입니다  
20150120,10,김남길님이 나오시다니... 기대가 됩니당! 판도라 화이팅 다른 배우님들도 화이팅  
20150118,10,명민오빠  화이팅 영화 기대할께요!  
20150116,10,캐스팅 대박 어떤 작품이 나올지 정말 기대되네요^^  
20150110,10,원전사고를 소재로 한것도 좋고 배우도 김남길 김명민 정진영 다 좋다. 완전 기대중입니다  
20150107,10,김대리님 화이팅 ㅋㅋㅋ  
20141230,10,한국재난영화중에가장큰대작이나오지않을까?기대해봅니다!!!!김남길나오니까꼭봐야겠어요♡♡  
20141228,10,믿고보는 배우들만 모였네!  
20141226,10,믿보보는 배우김명민 기대됩니다  
20141221,10,남길님 나온다는데 넘재미있을거같아요  
20141211,10,출연진들이 빵빵하네요~  출연진들로만으로도 이 영화 완전 기대됩니다~  영화 '판도라' 대박나세요~~  
20141209,10,2015년을 새롭게 출발하는 신호탄! 판도라!!명배우들의 열전.연기로 하나되는 판도라!!그 영화의 선두주자  김남길 화이팅!!  
20141207,10,문정희배우님 항상응원합니다! 아빌다에이어 잘볼게요..!추운데 감기걸리지마시고 촬영잘하세요ㅠㅠ판도라 대박나라!  
20141204,10,연기파들만  후두두~~~완전기대됩니다....재혁이  홧팅;;;  
