0,1,2
20170228,10,예매 했습니다.. 좋은영화인데 기대 되네요.. 화이팅!! ^ ^  
20170228,10,꼭 봐야하는 영화입니다.  
20170228,10,영화 귀향은 봤지만..귀향보고 넘가슴아파서 가슴속에 오래토록 남는작품..하지만!!눈길도 기대된다..귀향처럼 눈길도 보면 넘가슴아플것같다!!ㅠㅠ개봉하면 꼭 봐야할 영화다..그리고 위안부문제는 쉽게 넘길 문제가 아니다..깊게 생각하고 일본은 진심사죄해라!  
20170228,1,TV에서 했던 단막극을 극장으로 그대로 옮겨돈받고 상영하니 어이없네  
20170228,8,귀향을 정말 재미있게 본 1인으로써 좋은 영화 일것이지만귀향을 잊고 이영화가 더 잘 표현할지는 ... 귀향이 나에게는 최고의 영화인것 같아서요  
20170228,10,한국인이라면 봅시다!!!!  
20170227,2,돈이 그렇게 벌구싶구나???  
20170227,10,꼭 봐야할 영화입니다!!!  
20170227,10,"천재적인 필력을 가진 유보라 작가님의 이야기, 드라마로도 봤지만 영화로 재편집했다니 더더욱 기대된다  "
20170226,10,영화 [눈길] 보기 전에 [그것이 알고 싶다 : 모욕과 망각-12.28 한·일 '일본군 위안부' 합의] 꼭 보세요. 박근혜 정부는 미쳤고 그런 박근혜 정부에 휘둘린 저희들도 위안부 할머니들에게는 똑같은 죄인입니다.  
20170226,10,아 ㅠㅠㅠ 진자 잘못눌러서 글쎄요 눌러버렷슨다 글쎄요누르면 그사람들이 적은글나오는줄알고 어떤마음으로 글쎄요준거지하고 눌럿는데 그냥 체크하는거내여 ㅠㅠ 전 정말 예고편부터 기대하는 작품입니다 제마음속에서는 볼래요 100개입니다 홧팅  
20170226,5,사과 안한대자나 일본이 사과 안한다는데 왜이렇게 강요하는지 엎드려 절받으면 기분 좋으냐?  
20170226,10,일뽕새끼들과 쪽바리새끼들은 지껄이든 말든지 신경안쓴다. 니들이 저지른 더러운 짓거리는 천년만년 잊혀지지 않을것이다.  
20170226,10,실수로 글쎄요 눌렀네요 ㅠㅠ 꼭 볼겁니다  
20170226,10,여기댓글다는 여자들 아마 같은 여자였고 성적으로 학대당한 위안부할머님들만 생각하고 비슷한시기에 보고싶은 가족품을떠나 목숨걸고 조국을 위해 싸워주었던 군인들 생각은 절대안할꺼라 장담한다. 그분들께 감사하단생각도 안해봤을꺼고.  
20170226,10,닭근혜 년은 이거보고 반성 좀 해라 닭대가리련아  
20170226,10,예전에 광복절 특집으로 방영해서 봤던 기억이 난다. 영화로 다시 개봉해서 보러 가고 싶다  
20170225,7,"김새론 연기 영 아니던데... 다르게 만든 것도 아니고, 똑같은 걸 뭐 또 영화로.. 위안부 영화를 보면서 착각하지 말아야 할  게, 위안부가 가슴 아픈 거지 영화가 좋아서 가슴 아픈 건 아니다.  "
20170225,1,감성팔이 오지구요.  반일은 진짜 오지게 우려먹네.  
20170225,10,뜻깊은 영화네요. 꼭 보고 싶습니다  
20170225,10,3.1절 기념으로 개봉하고 정말 기대되고 진짜 잘되길 빌고 응원할겠습니다  
20170225,10,개봉하면 바로 보겠습니다!ㅎㅎ 완전 기대되요ㅎㅎ  
20170224,10,"이 영화를 보면서 할머니들의 아픔을 정말 조금이나마 느껴보고, 끊임없이 관심을 가지고 지켜봐야할 우리의 아픈역사입니다. 우리 모두가 함께 해야합니다. 우리의 역사입니다  "
20170224,10,역사에 관심이 많은데 이런 영화는 사람들이 많이봤으면 좋겠다 일본의 만행에 대해서 다시한번 인식했으면 좋겠다 그래서 더더욱 일장기올리는 사람들이나 일본 옹호하는 인간들 뉘우쳤으면 좋겠다 일본이 전부가 나쁜건아니지만 일본은 손가락질 받아야 마땅한나라이다  
20170224,10,꼭 보고싶어요 눈물날뻔했어 .. 이런 영화 앞으로도 많이 부탁드릴게요  
20170223,9,아이들이 연기를 넘 잘하더군요. 어른이 아니라 그 나이였던 아이들이 연기하는 것을 보니 정말 끔찍하고 잔인했구나 확 다가옵니다.  
20170223,10,엄마와 중간 부터 봤는데도 보고서 펑펑 울었다ㅠㅠ 개인적으로 귀향보다 더 좋은 영화 같다  
20170223,1,김새론 같은 걸 왜 캐스팅했을까....  
20170223,9,극장에서 보면 슬픔이 더 크게 느껴질 듯 합니다 가슴이 먹먹하지만 꼭 봐야할 영화라고 생각해요  
20170223,10,글쎄요 누른사람들의 의견이 궁금해서 눌른건데ㅠㅠ다시 바꿀수가 없다.. 개봉하는날만 손꼽아 기다리고있습니다!  
20170223,10,저희는 계란입니다. 바위에 아무리 쳐도 깨지기 마련이죠 하지만 그 계란들은 바위에 흔적을 남기고 그 흔적을보고 새로운 달걀이 1개라도 도전한다면 그게 성공이라고 생각합니다. 이 문제 또한 해결될거라 믿습니다.  
20170222,10,"귀향과는 또다른 감동과 느낌을 주는 영화입니다. 제대로된 사과와 보상도 진행되지 않고있는 지금, 많은분들이 이영화를 보시고 느끼셨으면 좋겠습니다.  "
20170222,10,시사회를 통해 개봉전에 눈길 영화를 보게 되었는데 이 영화는 우리나라의 위안부 할머니들의 즐거운 청춘이 아닌 마음아프고 안타까운 그러한 인생이야기를  보시고우리가 앞으로 잊지 말아야 하고 우리나라을 위해 희생하신 고마운 분들을 잊지 않도록 합시다.  
20170222,10,ㅠㅜ... 실수로 글쎄요를 누르고 말았네요. 정말 보고싶습니다.  
20170220,10,위안부 할머니들을 위해서라도 볼거임.  
20170219,7,기대하마 어릴적부터 배우를 시작해 지금은 고등학생이지만 성인 버금갈 정도로 실력을 키웠으니 20대 배우들 긴장 좀 하겠다...많은 10대들 배우 반란이네  
20170219,10,내가 남자지만 이 영화 싫어요 찍은 놈들은 한남충 소리 들어도 싸다. 그거 떼라 일베벌레새기들.  
20170218,10,이 영화는 꼭 봐야할 영화다.  
20170218,10,귀향은 영화로써 별로였지만 눈길은 우리가 알아야할 역사를 감동적인 영화로 완벽하게 만들어냈다!  
20170218,9,"울지마 톤즈도 똑같은 경우다. tv 다큐로 먼저 방영했다가 미공개영상 합쳐서 극장 개봉... 그런거다. 알려야 할 것, 알리고 싶은 것, 알아서 찾아보고 싶은 것... 그런것에 인용매체가 무슨소용이랴..? 보고나서 말해라. 분노가 치솟았고 눈물겨웠다.  "
20170217,10,"잊어서는 안 되는 역사, 지켜야 하는 영화  "
20170216,10,글쎄요 누른 애들은 친일파냐  
20170216,1,TV에서한거를 그냥 상영해서 날로먹으려고하네?돈벌려 가지가지한다TV에서 나중에 재방하니 돈주고 볼필요없다  
20170216,10,이야기도 배우들의 연기도 좋았다.  
20170215,9,잘 모르겠지만 귀향도 보고 싶었는데 시간이 안돼서 그래서 눈길은 보고 말것이다  
20170215,1,영화자체는 정말 좋을듯하나 tv에서 방영했던걸 다시 영화로? 뭔가 날로 먹는듯한 느낌  
20170215,10,완벽한 영화 꼭 봐야하는 영화이다  
20170215,1,TV용단막극을 그대로 상영하면서 국제영화제하며 속여서돈벌생각하면안되지  
20170214,9,TV 방영했다는 사실도 몰랐은데..기대됩니다.꼭 봐야겠어요.  
20170214,10,이 시대에 꼭 필요한 영화!  
20170213,10,이런 영화는 한국사람으로써 특히 요즘 같은 시대에는 꼭 봐야하는 영화라고 생각한다.  돈으로 해결이 안되는 문제인걸 우리가 모두가 알아야 한다.   그냥 꼭 봐  
20170213,10,"개봉도 안했는데 평점부터 깎는 친일쪽바리 새,,끼덜 때문에 10점주고간다. 졸렬하게 숨어서 평점 조작질하는 잉여친일쪽바리들아 자살추천한다.  "
20170213,10,블루베리 ㅇㅅㄲ 한국인 아니지?  
20170213,10,착하다 이쁘다 자랑스럽다  
20170213,8,"우리에겐 뼈 아픈 역사이고 당연히 기억해야 할 일이지만, '위안부'이야기를 다룰 때 모두 '소녀'에 초점이 맞춰져 있다는 건 아쉬운 일이다. 실제로 '위안부' 피해자의 연령대는 다양했다.  "
20170213,1,트와이스 새음원 나오는데 꼭 3월1일에 개봉해야 함? 한 5월달에 개봉하면 안 됨?  
20170213,10,모든 수익은 위안부로 씁시다. 그래야 진정 의미 있는 일 아닙니까  
20170213,10,어떻게 이런 작품이 10점이 아닐 수 있는가  
20170213,9,몇년전에  tv에서 봤는데 정말 가슴이 먹먹하던 기억이 납니다. 근데 이걸 영화로 상영하는 구나...  
20170213,10,슬프다  정말  마음이 먹먹하내요  
20170213,10,TV서  우연 봤었는데 얼마나 울었는지 울고 또 울었다   그녀들의 시대적인 아픔과 슬픔을 심장깊이 느끼게 되었다 연기가 너무 좋아 몰입도가 짱였었다...  
20170211,10,볼만함 좋음 추천합니다  
20170210,1,TV에서 했던 단막극을 극장에 올려서극장용영화로 둔갑시켜 관객들 속여서 돈벌려구?  
20170209,9,advance야 둘다 정중해야될 영화에 왜 비교질이냐ㅋㅋ둘다 훌륭하구만;;;;니같은년1한테 호불호 갈리라고 만든 영환줄아니ㅋ  
20170208,10,광복70주년 삼일절 특집 드라마를 매우 감명깊게 보았는데 영화로 나왔군요.큰 기대 됩니다.꼭 볼겁니다.  
20170208,10,삼일절 개봉이라니.. 꼭 극장에서 보겠습니다. 두 배우의 연기 벌써 기대되네요~  
20170207,10,'위안부'관련 매체중에 제일 보기 편했고 제일 좋게봤다 '위안부' 관련이라는걸 제외해도 볼 가치가 있음  
20170206,10,극장 개봉 기다렸습니다! 이제 더 많은 사람들이 이 작품을 보겠군요! 슬프고 여운이 깊어요..  
20170205,10,방송으로도 3월 1일날부터 2일간 했던거같은데 이때도 본방 꼭봤는데 영화개봉되면 또봐야지  
20170203,10,연기력 최고. 다시봐도 훌륭하다.  
20170203,10,"시사회를 통해서 봤습니다. 가슴아프지만 그 속에서도 참 예쁘고, 담대한 영화였습니다. 김향기, 김새론 두 여배우에게 진심으로 박수를 보냅니다.  "
20170203,10,어제 시사회통해서 보고왔는데 너무 잘만든작품이고 여운이 깊은영화네요 잊지않겠습니다  
20170203,10,귀향은 좀 지겨운 중간에 늘어지는게 있었다면 이 영화는 그런게없고 긴장하게한다  시사회다녀옴  
20170102,10,갠적으로 귀향보다 눈길이 좋다.  
20160814,10,꼭 봐야하는 영화 그분들의 억울함 고통 제3자인 우리가 손톱만큼도  이해못하겠지만 이 영화 보는내내 나는 그분들이 되어있었다 진심어린 사과 꼭 받아내야한다  
20160713,10,연기력 최고. 다시봐도 훌륭하다.  
20160318,10,"아무런 정보없이 봤다가 넋놓고 몰입해 봤던 영화. 연기, 스토리, 대본, 영상, 음악... 모두 나무랄데 없이 좋았던 ... 끝나고 ' 그래. 위안부 문제를 이리 문화 컨텐츠로 만들어서 알려야해.' 라고 생각했다. 바로 다시 보고 싶었던...  "
20160312,10,TV에서 방영해줄때 본방으로 챙겨봤던 기억이 난다 진짜 둘다 연기를 정말 잘해주어서 고마웠고 울어서 눈이 팅팅 부었었다 같은 소재인 귀향과 비교될 우려가 있지만 개인적으로 두 작품 모두 훌륭하고 마음이 아픈 작품들이다 많은 관심속애 흥행했으면 좋겠다  
20150215,10,"출연하는 배우가 어릴적부터 주목받았던 김향기,김새론 이라는 점은 기대를 높인다. 또한 둘은 드라마여왕의교실에 친구역할로 출연한적도 있고하니,, (물론 둘이 정말 친해보이지만) 이작품 몰입도가 대단하지 않을까 싶다. 참 그리고 주제선택을 정말 잘하셨다.  "
