0,1,2
20170131,10,부산ㅇ...상여우ㅜ  
20170131,8,기대가 되는 영화입니다  
20170131,10,이거 역대급이ㅣ타뵈ㅏ라  
20170130,8,이 이야기 서프라이즈에 나온적 있었음  형죽음  
20170128,9,제 89회 미국 아카데미 시상식 작품상 후보작 기대합니다.  
20170126,10,"오락성은 떨어질지 모르지만, 난 이런 영화의 진정성과 메시지를 믿는다.  "
20170126,10,볼만한 영화일듯.영화보기전에 책부터 완독!얼마나 영화가 풀어낼지 관심집중  
20170125,10,호주에서는 이미 상영 중이어서 봤는데 정말 추천하고 싶어요~  
20170125,10,5살 꼬마 사루의 사투를 보며 희망을 포기하지 말아야겠어요.영화도 기대되지만 일단 책부터 사봐야겠어요  
20170124,8,실화를 바탕으로한 스토리에서 더 감명깊고 5살 라이언 아역이 너무 사랑스럽고 아동실종이라는 현실적인 내용이 가슴에 와닿았어요..친구랑 감동받고 왔어요  
20170122,10,마지막에 영화관에 훌쩍거리는 사람들이 많았다. 엔딩크레딧 다 올라간 뒤에 영상이 3초정도 나옴  
20170121,10,책 집으로 내용인건가 책 재밌게 봤는데 기대된다  
20170120,10,빨리보고싶다!!!!  
20170120,10,어제 시사회로 보고 왔습니다 실화라 더 감동적이였고  가족의 의미나 소중함을 다시 느끼게  해줬습니다  
20170120,8,시사회로 보고 왔습니다. 스토리 진행방식이 주인공 사루의 입장에 쉽게 이입되어 공감할 수 있었고 특히나 사루가 어릴적 기억과 가족에 대한 복잡미묘한 감정으로 힘들어하는 상황을 자연스럽게 화면에 담아 낸 것이 인상깊게 남네요. 꽤나 괜찮은 영화였습니다  
20170120,10,마음이 따뜻해지는 영화입니다. 감동적이에요.  
20170120,10,시사회 봤는데 완전 기대이상 말그대로 감.동.실.화  약간 불안 초조한 맛에 지루할틈없이 계속 보고 있게됨  
20170120,10,시사회로 보고왔는데 감동적이고 기대이상으로 좋았습니다.  
20170120,8,어제 시사회로 보고 왔어요. 실화가 주는 감동과 별개로 실종 아동들에 대해 많은 생각을 하게 만드는 영화였습니다. 엔딩 크레딧처럼 이 영화가 실종 아동들과 그 가족들에게 많은 도움이 되었으면 좋겠네요.  
20170120,9,진짜 간만에 많은 생각과 그 상황에 몰입할 수 있는 영화 . 배우들 모두 연기 최고고 제목이 왜 라이언인지 알게되는 순간 소름이 돋는다  
20170120,6,나를 찾아 가는 원점회귀  
20170119,8,시사회로 봤는데 실화를 바탕으로 잔잔한 감동과기차안 두려움에 흘린 눈물 자국이 아직도 기억이나네요.돈 주고도 아깝지않아요~ 마지막 한사람도 함께 였다면..  
20170119,8,시사회보구왔는데..정말이런세상아직두있다니가슴이매우아파여~~이런일이 현실에서 빨리사란지길~감동적이긴한데 중간에 임팩트가 좀만더 긴박했으면ㅋ대박나세요ㅋ  
20170119,10,내 돈 주고 봐도 아깝지 않은 영화ㅠㅠㅠ캐감동♥  
20170119,10,가슴이 먹먹....감동이 쉬 가시질 않을듯하네요오랜만에 진한여운 남는 영화봤어요  
20170119,10,연인끼리 부부끼리 보아도 좋은 감동적인 영화입양이라는 문제도 엿볼수 있는 영화엄마를 넘 그립게 하는 영화 입니다  
20170119,9,2시간이 어떻게 지났는지도 모르고 몰입해서 봤네요.가족의 소중함에 가슴이 먹먹해집니다.시사회로 봤지만 티켓 구입해서 봤어도 그 가치이상을 합니다. 주변에 추천하고 싶네요!  
20170119,10,슬펐다...ㅜ 실화라 어쩔 수 없지만 끝이 아쉬웠던 새드엔딩..  
20170119,9,실존인물의 모습에서 감동적이었습니다  
20170119,8,간만에 보는 잔잔하고 여운이 남는 엉화네요~  
20170119,10,너무 감동적이에요..!  
20170119,10,너무 감동적이고 생각이 많아지는 영화  
20170119,9,실화여서 더기억에 남아요 ㅠㅠ  
20170119,8,실화를 바탕으로 감동적인 기적스토리 좋아요.  
20170119,10,남친이랑 재미와 감동 느끼고 갑니다!!  
20170119,9,은근 감동적 이였어요~강추  
20170119,10,감동적인 영화 추천합니다.  
20170119,10,니콜키드먼 데브파텔이면 봐야 됨  
20170119,10,애기가 정말 귀여워요 진짜 잘봤어요  
20170119,9,사루 대빵 귀엽네요~!!강추  
20170119,9,이런 ㅊ징한거 신파같아서 안좋아하는 체질인데 지루하지않고 의외로엄청 볼만해서 놀람..감독이 참 잘만들었음 ㅜㅜ그리고 휴지챙기세요 찡함  
20170119,9,감동적이고 재밌었습니다.  
20170119,10, 시대적배경도좋았구요남주연기 굿~~♡보고나서 계속 생각나네요  
20170119,9,여운이 많이 남네요~!! 셰루 화이팅입니다.  
20170119,10,실제상황을 영화한거라 각 사람들의 감정이 그대로전달되는 영화입니다  
20170119,9, 이영화를 보고  아이들에게 조금이나마 희망이 될것습니다.내용이 너무좋앗습니다  
20170119,10,멋져요 보고싶네요 라이언 호!  
20170119,9,아...마지막에 소름이 두번 돋았어요멋진 부모님b  
20170119,10,너무 감동적인 실화 ㅠㅠ  
20170119,9,실화라니 놀랍네요!!  
20170119,9,재밌네요. 감동실화네요  
20170119,10,스토리도 좋고 배우들 연기도 다 좋았다. 추천!  
20170119,8,눈물찔끔... 실화라서 더 놀랍습니다  
20170119,8,감동적이엤어요ㅇㅇㅇ  
20170119,9,실화라니 놀랍네요 재밌게 잘 보았습니다.  
20170119,10,감동적인 실화 너무 즐거웠습니다  
20170119,10,감동 실화네요ㅋ보고서 맘이 편해쟛어요~  
20170119,8,감동적이고 볼만합니다.  
20170119,10,감동적이고 이시대에 공감가는 영화 입니다  
20170119,10,진한 감동의 물결이 밀려오네요  
20170119,10,너무감동적이고 재미있는 영화였어요!! 강추합니다  
20170119,10,실화라서 더 감동이고 사루 아역 성인역 연기 다 잘한다  
20170119,10,생각을 하게 하는 영화 굿입니다 ㅎㅎ  
20170119,8,깊은 바다 만큼 기뻤다는 말은 시의 한 구절 같다. 무엇보다 영상미가 최고였던 영화.  
20170119,9,오랜만에 감동적인 영화였어요.. 게다가 마지막 반전이란... 꼭 보세요ㅠㅠ  
20170119,10,진짜 꼭 꼭 꼭 봐야하는 영화다.  
20170119,9,역시 실화의 힘은 강력하다. 잔잔하게 다가와서 폭풍으로 끝나는 애타는 엄마찾기!  
20170119,8,감동적 실화. 정말 추천합니다.  
20170119,10,넘나 감동적인 내용 실화라는걸 마지막에 보여줘서 더 감동이였던것같아요. 지루할줄알았는데 강추입니다  
20170119,8,감동있는 영화였어요.사루의귀여운모습잊지못할꺼에요  
20170119,9,감동적인 실화에요.. 너무 아름다운 영화  
20170119,9,아무리 오랜 시간이 흘러도 핏줄에 대한 끌림은 자석보다 강하다.  
20170119,10,실화여서 더 감동이에요 아기사루는 너무 귀여워요  
20170119,10,좋음ㅜ 사루 감동..꼭보셔요..ㅜㅜ  
20170119,10,최고의 감동 실화 재밌게 잘 보았어요  
20170119,9,간만에 잔잔하고 인간미 넘치는 인도영화..굳..사루..셰루..라이언. 짱기욤...  
20170119,8,눈물나네요. 좋은 영화 잘 봤습니다. 가슴이 따뜻해져요.  
20170119,10,감동적이고 근사한 영화입니다  
20170119,10,너무나 감동적이고 한순간도 빼지 않고 봤네요. 추천!  
20170119,10,"사루의 상황, 형의 상황이 느껴져서..마음 아프면서도 찐한 감동이 있는 영화였다..  "
20170119,8,감동적이엇다 라이언최고  
20170119,10,감동적이고 멋진 영화입니다  
20170119,9,감동적이네요. 사루의 이야기...  
20170119,10,감동적이에요!! ㅜㅜ 인도 엄마 만났을 때 울컥... ㅠㅠ  
20170119,10,내내 울었어요 넘 슬프면서 기뻤어요  
20170119,10,재밌습니다 꼭 보세요ㅠ 제목이 왜 라이언일까 생각해보시며!!  
20170119,9,정말 감동적인 영화입니다 ㅠㅠ  
20170119,9,감동적인 영화였어요 ^^ 기억에 남는 영화가 될거 같아요  
20170119,10,잔잔하게 큰 감동 아들아 엄마 손 꼭 잡고 다니자  
20170119,10,감동있고 슬프네요   추천합니다  
20170119,10,감동적임 다시 보고싶어요  
20170119,10,실화라 놀랍네요실제와 비슷하게 구성한 영화제작팀의 배려도 돋보이네요  
20170119,10,잔잔하게 흘러가지만 감동은 최고  
20170119,7,잼있어요 ~중간 살짝 지루한감이있는데 꼭 보세요^^  
20170119,9,가족과 함께 볼만한 영화~  
20170119,9,고향 찾기 같이 동참하는 기분이네요  
20170119,10,완전 감동적이예요 사루멋있어요  
20170119,8,시사회/ 실화감동영화.. 역시 하고 봤습니다  
20170119,10,고향을 찾게 하고 싶은 영화 감동이다.  
20170119,8,인도여행을 다녀온 기분 호주의 아름다운 풍경도 좋았다. 낳은정만큼 기른정도 중요하다. 사람은 누구에게나 고향이 있다.  
20170119,10,가슴찡한 영화네요.  너무 감동적이녜요  
20170119,9,볼만해요~!!감동이에요  
20170119,8,배우들의 연기력이 엄청난 영화.  인도의 장면은 마치 인도여행을 온듯하다  
20170119,10,너무 감동적입니다 연기도 굳  
20170119,9,실화라서더감동이네요유익한시간이었어요!  
20170119,10,보는내내 감동이었습니다. 재회하는 장면에서 울뻔했음ㅠㅠ  
20170119,10,소년이 누구보다 강인한 사자가 되기까지  
20170119,9,처음부터 끝까지 영화에서 눈을 뗄수 없을만큼 흡인력이있는 영화입니다.  감동적이고 재미있어요.  
20170119,10,집을찾아가는  사루의 이야기 실화라는점이 더  기대하던작품 가족애 생기는 영화  우애없는 형제들이 보면좋겠네요  
20170119,9,20년이 흘러도 어머니와 형과의 끈은 호주와 인도의 거리도 가로막을수 없죠~ 가족은 어디에 있어도 연락이 되지 않아도 어느무언가는 닿아있기 마련이니까~ 억지스럽지않고도 애틋함이 잘 묻어나는 영화였습니다~  
20170119,10,기대되는 영화입니다!!  
20170119,9,너무너무 재미있고요 대박사건  
20170119,9,최고!... 전율의 연속...  
20170119,10,실화여서  더  감동적인  영화입니다  
20170119,10,너무 재밌게 봤어요 감동해서 저도 모르게 눈물이 ㅠㅜ  
20170119,10,휴머니즘 가득한 이야기라 좋았어요! 더군다나 실화라니..  
20170119,10,데브 파텔 연기 얼마나 잘하는지 아실 수 있을거에요  
20170118,7,실화를 바탕으로 한 감동의 영화!잘 보았네요.^^  
20170118,10,라이언(RYAN) 사랑해♥♥♥♥  
20170118,10,시사회로 보고왔지만 내돈내고 봐도 기억에 남을 영화  
20170117,9,시사회로 보게 되었음. 별 기대없이 봤는데 감동+데브파텔 입덕함. 내가 가족들과 떨어지지 않고 무탈히 함께 살아온 것에 감사하게 되었음.  
20170117,10,감동이에요 똑똑한 어린 사루가 힘든역경을 이겨내고가족을 찾는 실화가 바탕이라니 더욱 감동이네요눈물이 살짝 맺히는 집에있는 가족이 더 소중하게 느껴졌어요  
20170114,10,에이씨...너무 보고싶은 영환데 서프라이즈에서 스포당했네요어쨌거나 영화는 정말 기대됩니다  
20170112,10,"실화를 바탕으로 한 참 좋은 영화~ 불임도 아닌데 인도의 버려진 아이를 입양해 진정 사랑으로 키운 양부모에게 배울게 많다. 아역도 그렇고 데브파텔,니콜키드만,루니마라 연기는 굿~ 따뜻한 영화 추천~  "
20170111,10,시사회로 보고왔는데 연기도 내용도 아쉬운 부분 없이 다 좋았어요. 일부러 울게하는 감동이 아니라 애잔하고 안타까운 마음을 주는 그런 감동을 받을 수 있어서 더 좋았구요.  
20170111,10,"실화를 너무 자극적이지 않게 감동적으로 잘 풀어낸 영화, 연기도 좋고 나무랄 곳 없는듯  "
20170111,10,실화라는것도 그렇고  뭉클하면서도 감동도 전해졌지만요.. 다만  제앞사람이  키가커서 자막을 다 가려지는 바람에  계속 뒤쳐기다가  결국 목을 들어서 봤더니  목이 뻐근하네요  ㅋㅋ무튼 영화 너무 좋았습니다.!  
20170111,9,시사회 보고 왔는데 좋았어요자칫 지루할 수 있는 내용인데 몰입해서 보게 되고감동 ㅠㅠ 그리고 남주가 별로라 생각했는데영화 끝나고선 존잘로 보이는 효과..루니마라도 엄청 예쁘게 나와요  
20170111,10,라이언이라는 제목은 의미가 있습니다  
20170111,9,"어제 시사회로 보고왔습니다. 마지막 부분때문에 감동이 한번에 물밀듯이 밀려오네요. 영화제목의 의미를 알게된순간 ""번개를 맞은 것처럼"" 놀랐습니다.  "
20170111,10,"시사회를 보고 왔는데, 꼭 봐야할 영화 톱 30에 들어서 더욱 기대가 됐던 영화입니다. 실화를 기반으로 만들었기 때문인지 더 먹먹하고 여운이 남았어요. 다만 아쉬운 건 보고 나오는데 포스터가 구글어스 흰 화면이더라구요. 조금 어울리지 않는 것 같아요.  "
20170111,10,오랜만에 본 감동적인 영화였네요.정말 제대로된 영화를 본것 같습니다.팝콘 들고 들어가서 평소에 다먹던 팝콘을 영화에 빠져 보느라 1/3도 못먹었네요.  
20170110,8,중간중간 들어가야 했었나싶은 장면이 있긴 했지만 실화라는 베이스와 배우들의 연기가 감동을 줬습니다. 특히 영화 마지막에 나오는 자막이  
20170110,9,Sia가 이 영화 삽입곡 never give up 들어봤는데 뭔가 기대됌  
20170110,8,극을 끌고 가는 실화의 힘  
20170110,7,조금 무거운 내용이고 러닝타임이 길어서 지루한 듯 했으나 점점 공감이 되면서 슬펐습니다~  
20170110,10,너무 감동적이에요 ㅠㅠㅜ  
20170110,8,가족애를 느낄수있는 영화  
20170110,10,초반에 애기 너무 귀여워서 더 마음이 아팠다.  
20170110,10,많이웃고!감동받고가는영화!연기도장난아님ㅎ보는내내시간가는줄몰랐어요ㅎ  
20170110,9,구글신에게 모두 경배합시다~ 매우 감동적인 셰루의 집찾기모험  
20170110,9,잔잔하게 그리고 묵직한 감동  
20170110,8,5살 소년이 누구보다 강인한 사자가 되기까지.  
20170110,10,실화여서 더욱 감동인 영화....꼭보세요  
20170110,8,현실은 항상 영화보다 더 드라마틱하다.  
20170110,10,"데브 파텔의 연기와 영상, 음악 모두 아름다웠던 영화.  "
20170110,8,잃어버린 가족을 찾는 여행 가족을 다시 생각하게 됩니다  
20170110,10,너무너무 재밌었고 감동깊었어요!!! 짱ㅎㅎ  
20170110,7,사랑이 사랑을 기억할 때 그 사랑의 이름은 중요하지 않다.  
20170110,9,감동적인 실화라 재미있게 봤습니다  
20170110,9,너무나 감동적인 영화였습니다  
20170110,10,감동적이고 기적적인 영화입니다  
20170110,10,구글 어스 시대의 동화.  
20170110,8,가슴이 최대한 따뜻해집니다  
20170110,10,정말감동적이네요!!  
20170110,10,시사회 다녀왔어요 짱!!  
20170110,8,실화로 만들어진 이야기라 실제 실종아이들에게 조금이나마 도움이 되는 영화같아요 좋았습니당  
20170110,9,처음엔 조금 지루하지만 뒤로 갈 수록 마음이 따뜻해지는 영화  
20170110,7,"한시도 잊은 적이 없는 그곳을 그리워하는 사루의 감정들이 고스란히 느껴지는 영화, 그리고 여정의 끝에서 만난 가족 기쁨과 슬픔이 공존한다.  "
20170110,10,너무 감동적이고 재밌어요  
20170110,10,가족의 소중함과 가치를 다시 생각하게 만드는 영화입니다.  올겨울 영화보고 따뜻하게 보내세요~  
20170110,9,영상미 좋고 볼만합니다  
20170110,10,감동 그자체 입니다. 눈물 쏙 뺄만한 작품입니다.  
20170110,6,가슴이 먹먹해지는 감동적인 영화  
20170110,8,감동적인 스토리에 훌륭한 연기!  
20170110,7,시사회 관람. 구글어스를 켜야 할 듯한 느킴  
20170110,10,감동적이에요. 약간슬펐어요  
20170110,9,감동적이네요. 추천!  
20170110,10,"번개처럼 놀라운 기적, 바다처럼 깊은 행복.  "
20170110,10,왜 라이언인가 했더니...  
20170110,10,마지막이 감동적이네요!!  
20170110,10,시사회 참여 했어요 영화 기대 이상 입니다 배우들의 매력이 어마어마 빠져드네여아역 도 연기 너무 잘하고 말이 필요 그냥 봐야될영화중 명작  
20170110,10,감동입니다.꼭 추천합니다  
20170110,10,감동적이고 재밌어요 ㅠㅠㅠ  
20170110,10,셰루의 지금만나러갑니다! 가족의 소중함을 느끼는 영화!  
20170110,10,눈물이 줄줄~ 하지만 행복한 ㅎㅎ 좋아욤~♥  
20170110,10,감동적 실화라 더 와닿는다  
20170110,10,몹시 잘 봤습니다. 또 볼수있을것 같다.  
20170110,10,2017년 첫 감동대작  
20170110,9,왈칵 눈물 쏟았네..  너무 훌륭했다!  
20170110,9,신이 있다고 믿게 만드는 기적같은 실화  
20170110,10,다시보고싶운 영화 여운이 깊게남는다..  
20170110,9,라이언 좋음 꼭 보세요~~  
20170110,8,어떤 것보다도 깊은 울림이 있는 영화~ 가족을 다시금 생각하게 하네요~ 엄마아빠동생 사랑합니다  
20170110,8,기적과 같은 이야기에 감동  
20170110,9,마음을 잔잔하게 울리는 감동적인 영화...!  
20170110,10,너무 보고싶은 영화네요  
20170110,9,시간과 거리를 초월한 감동의 물결추운날씨속에 차가운 갈증을 해소해준 영화  
20170110,10,"라이언과 그들의 가족의 행복을 기원하며,사랑하는 가족들을 잃어버린 이 세상 모든 아이들을 위해 기도합니다.  "
20170110,10,너무 감동적인 영화였어여~!  
20170110,9,이세상의  아이잃은  부모가  보아야할 영화  
20170110,9,생각한 것보다 재밌었고 실화라서 더 감동적이었습니다.  
20170110,8,실화 배경 영화치고 완성도가 높습니다  
20170110,9,잔잔한 감동이었습니다.  
20170110,10,강츄 강츄 ^^ 완전 감동이요  
20170110,10,진짜 가족이란 무엇인지! 인도와 호주를 잇는 그리움과 사랑에 대한!  
20170110,9,실화라니 더 감동이예요~ 잘 봤습니다'  
20170110,8,루니마나 데브파렐 배우들 너무 멋있고 가족을 찾아 떠나는 여정이 감동적이예요!  
20170110,8,쟈밌게 봤어요 헌번 볼만한 영화에요  
20170110,10,가족의 의미를 되새길 수 있었던 영화  
20170110,10,오늘시사회다녀옴 이거 잼!! 볼만함  
20170110,9,25년간의 가족를 위한 여정 감동적  
20170110,9,제목이 왜 라이언인지 알게 해주는 영화  
20170110,9,오..재밌네요 추천해줄만한 영화사루의 마음을 같이 느끼면서 봤네요 ㅠ ㅠ  
20170110,8,너무 맘아픈 이야기..  
20170110,10,그 슬픔이야 가늠할 수 없지만...좋은 영화네요 감사합니다!  
20170110,9,가족의 의미를 다시 한번 생각해 볼 수 있는 감동적인 영화였다  
20170110,10,감동이에요너무 아름다운 이야기입니다  
20170110,10,참 감동적이고 재미있네요.  
20170110,8,잘봤습니다입양하신 어머니 캐스팅 완전 잘하셨네요  
20170110,10,영화 라이언 너무 감동적이고 재밌어요~~~~  
20170110,8,뿌리를 찾아가는 여정이 끝까지 포기하지 않는 셰루의 의지로 인해 행복한 결말을 만들어내서 좋았습니다  
20170110,10,시사회 봤는데 진짜 감동영화!강추합니다  
20170110,9,연기도 촣고 좋은 영화네요 추천  
20170110,8,굿 잔잔하니감동입니다  
20170110,8,실제라는게 놀랍다 감동!!!!  
20170110,10,가족의 소중함을 아이들과함께 보면서 느낄수있는 따뜻한 영화예요  
20170110,10,가족의 소중함 느낄수있는 멋진 영화였어요  
20170110,10,감동 명작입니다 꼭 보세요!!!  
20170110,10,잘 봤습니다 아이들을 이용하는 나쁜 어른이 많은 세상이 마음  아프네요  
20170110,10,니콜키드만과 데브파렐은 도울뿐  
20170110,9,뻔하지 않은 묵직한 감동!  
20170110,10,시사회에서 봤는데 감동적이네요  
20170110,10,정말 감동적이고 이런 영화를 볼 수 있다는 게 감사하다  
20170110,9,시사회에서 봤습니다...포기하지 않으면 분명 만나게 된다는 의지...따뜻한 사랑을 느꼈습니다...  
20170110,10,너무 똑똑하고 사랑스러운 사루!!!  
20170110,9,사루 넘 귀엽고 연기도 잘하네요 꿀잼^^  
20170110,8,"우와, 이영화 어마어마하네요.  "
20170110,10,시사회 관람.역시 기대를 저버리지 않는 작품이었다.  
20170110,8,"사생활 침해 논란이 있는 구글 어스가, 한명의 인간에게 선물한 기적을 드라마틱하게 그려낸 수작!  "
20170110,8,많은 아이들이 집으로 가기를 빌며  
20170110,10,실화라 더  다행이에요   ^^  
20170110,10,캐스팅부터 좋았어요 모든 실종된 아이들이 희망을 가졓ㅈ으면 좋겠네요  
20170110,10,슬프고 그만큼  아름다웠던 영화... 일상의 소중함을 일깨워준다  
20170110,10,정말 좋아요 또 보고 싶어요  
20170110,10,감동적인 작품입니다.  
20170110,10,마지막 장면이 너무 감동적이였다  
20170110,10,감동 그자체입니다 ㅁ꼭 보시면 좋겠어요  
20170110,10,보면서 마음이  아팠던  영화  추천합니다  
20170110,10,"실화를 소재여서 놀랍고, 너무 감동적인 영화였어요!!꼭 다들 한번씩 보았으면 해요!!  "
20170110,8,잔잔하게 가슴에 스며 드네요...  
20170110,10,기족의 소중함을 알게되었다  
20170110,8,잔잔하게 아름다운 영화에요눈물이 멈추질 않네요한번쯤 보면 좋을 영화~  
20170110,9,실화라서 인상깊게 봤어요  
20170110,10,잔잔하지만 감동이있는 영화였어요.  
20170110,10,기대 이상의 감동 받고 갑니다 ㅎㅅㅎ  
20170110,10,재미있고 감동적이었고 좋네요  
20170110,10,정말 감동적이었습니다. 영화 제목의 의미를 아니까 정말 놀랐습니다.  
20170110,8,실화인게 재밌음ㅇㅇㅇ  
20170110,10,정말 슬픈장면들이 많지만 정말 감동적이 기대작영화~!  
20170110,9,마지막 임팩트있고 좋네요bb!!  
20170110,7,잘 자란 데브 파텔~!!  
20170110,10,재밌어요 마지막이 좋네요  
20170110,10,감동적이었습니다 ㅠㅁㅜ  
20170110,10,재밌어요:)! 강추합니다ㅋ  
20170110,10,감동적인 영화였어요...강추입니다  
20170110,9,인도의 현실을 잘 담은 영화. 너무 감동적이에요 꼭보세요  
20170110,10,다들 훌쩍거리면서 봤어욯ㅎ한번씩 보면 좋을 영롸에요  
20170110,10,시사회 보고왔는데 실화이면서도 감동도 주는게 한번더보고싶네요 기대만큼 볼만했어요!!  
20170110,10,감동 울면서봤어요 실화라니 !  
20170110,10,실화를영화로해서감동적이네요  
20170110,10,"감동적인 영화였네요, 추천해요  "
20170110,8,가족과의 이별과 기적같은 재회를 통해 진정한 가족의 의미를 느낄수 있는 감동 실화  
20170110,10,너무너무 아주아주 감동적....굿~~~~  
20170110,8,니콜 키드먼의 연기는 감동적. 깊은 버다같은 마움이 엄마 마음  
20170110,9,재미있게 보고가요  
20170110,8,감동적인 실화에요!왕전 짱  
20170110,9,감동의 도가니로 빠져보고 싶은 분께 강추드립니다.  
20170110,9,감동 실화 영화!  니콜 키드먼의 연기가 최고!  
20170110,7,역시 루니 마라기대를 져버리지 않는다.  
20170110,10,25년의 과거를 찾아서  떠나는 6500킬로미터의 감동의 여행  
20170110,9,25년이라는 그 서러운 세월을 살려내준  구글어스에축배를 들고싶네요...꼬마 주인공 넘 연기 잘해요ㅜㅜ  
20170110,10,기적적인 실화영화 라이언...너무나 감동적이네요.  
20170109,10,무한대를 본남자 에서 나온 라마누잔역 인상깊었는데 라이언 도 기대합니다  
20170105,10,이거 서프라이즈에서 봤던거당 ㅋㅋ  
20170105,10,무조건 봐야겠군. 사운드트랙도 시아다.  
20170104,10,예고편 만으로도 기대가 되는 영화~  
20170104,6,데브 파텔 연기를 잘해 그것도 아주  
20170103,10,"재밌을거같은데 왜그르냐,니들..  "
20161229,10,출연배우만으로도 믿고보는 영화!  
20161227,9,오 궁금했던 영환데 개봉 하는군요  
20161223,10,겁나 재밌어 보이는데 왜 볼래요가 저따구냐  
20161222,10,"예전에 뉴스에서 본거, 신기!  "
20161222,10,"구글어스로 집을 찾은 실화라니, 재밌겠네, 배우도 좋구  "
20161222,9,엄청 기대됨 실화라니 진짜 신기한듯 ㅠㅠ  
20161220,9,뭔가 취향일듯 ㅋㅋ 잼나보임  
20161219,10,스토리 들어본적있는데 영화로 만들어지네요 보고싶으요  
20161219,10,"데브 파텔, 루니 마라, 니콜 키드먼... 배우들이 다 기대된다!!!!  "
20161219,10,오 드뎌 개봉하는군 해외평도 좋아서 더 기대중!  
20161219,10,이 이야기 해외토픽에서 본 기억남. 기대기대  
20161219,10,2월까지 언제 기다려 ㅜ 실화라던데  
20161219,10,"믿고 봅니다 루니마라, 사랑해요 루니마라  "
20161219,9,<캐롤>보고 짱반한 루니마라! 오오오!  
20161216,9,잔잔한 감동이 있을것 같네요~~ 기대됩니다..^^  
20161110,10,각종 영화제 프리미어 후 반응이 좋던데 기대되는 작품입니다! 2017 아카데미 시상식의 강력한 여우조연상 후보로 '니콜 키드먼'이 거론되던데 연기 기대되네요.  
20160420,10,"루니마라, 니콜 키드먼 이 두 이름이면 무작정  볼만하다  "
20160330,10,재밌을 것 같은데 왜 그러셔  
20160206,1,ㅉ별로 이딴 영화 안봄 별로  
20150809,8,아랫분 영어 잘하는구만..파텔 팬이신가 봐요ㅋㅋ스킨스 저도 잼있게 봤는데 연기 잘하더만요ㅋㅋㅋ  
20150215,10,"Dev patel! I'm really looking forward to it :) I love the character ""Anwar"" in Skins! I hope that I could see you at many movies and drama  "
20161219,10,2월까지 언제 기다려 ㅜ 실화라던데  
20161219,10,"믿고 봅니다 루니마라, 사랑해요 루니마라  "
20161219,9,<캐롤>보고 짱반한 루니마라! 오오오!  
20161216,9,잔잔한 감동이 있을것 같네요~~ 기대됩니다..^^  
20161110,10,각종 영화제 프리미어 후 반응이 좋던데 기대되는 작품입니다! 2017 아카데미 시상식의 강력한 여우조연상 후보로 '니콜 키드먼'이 거론되던데 연기 기대되네요.  
20160420,10,"루니마라, 니콜 키드먼 이 두 이름이면 무작정  볼만하다  "
20160330,10,재밌을 것 같은데 왜 그러셔  
20160206,1,ㅉ별로 이딴 영화 안봄 별로  
20150809,8,아랫분 영어 잘하는구만..파텔 팬이신가 봐요ㅋㅋ스킨스 저도 잼있게 봤는데 연기 잘하더만요ㅋㅋㅋ  
20150215,10,"Dev patel! I'm really looking forward to it :) I love the character ""Anwar"" in Skins! I hope that I could see you at many movies and drama  "
