0,1,2
20170704,10,시사회봄~재밌어요~꼭 끝까지 보세요~  
20170704,1,아이언맨은 왜자꾸나오냐 ㅡㅡ 시빌워에도 나오다민  
20170704,10,시사회 보고왔습니다ㅋㅋ 벤 파커 이야기는 다루지 않네요. 그 직후의 이야기인듯 합니다리즈라는 아버지가 날개달린 독수리 로봇인데 그 사람이랑 치고박다가 끝남  
20170704,9,중2병 스파이더맨 역대 최고작!  
20170704,10,시사회 갔다왓습니다 이번껀 ㄹㅇ 명작입니다 꼭보세요  
20170704,9,토비맥과이어 스파이더맨은 보면서 너무 현실성이 없어서 입이나 엉덩이에서 거미줄이 아닌 체내에서 손목으로 거미줄을 뽑아낸다는게 영..수많은 그물거미줄을 체내에서 뽑아낸다는게 한마디로 괴물아닌가.. 반면 로다주의 스파이더맨은 첨단수트에 최신기술거미줄 굿.  
20170704,10,재밌네요^^잘봤어요!  
20170704,10,아...빨리 보고싶다  
20170704,10,스포해도되는영화....  
20170704,10,마블히어로는 마블에서 만들어야지 웰컴 투 홈 스파이더맨유얼 어벤져스!ㅋㅋㅋㅋ  
20170704,10,마블이 만든 역대 가장 어린 스파이더맨! 밝고 유쾌하고 재미있게 봤습니다. 역시 마블이 만드니 다릅니다.  
20170704,10,최소 천만이상 관람 확정! 한번보고 두번보고 세번보고  
20170704,10,꼭봐야되는영화!!!완전꿀잼이겠당  
20170704,10,삼촌 안죽는다고!아니 그 전에 삼촌 언급도 안한다고 감독이 그렇시게 말했는데 베뎃다 삼촌타령이고 삼촌안나오고 안죽어!!!  
20170704,9,대체 같은 스토리 몇번을 각색해서 우려먹을 것 인가..  
20170704,1,스파이더맹 니  집으로 가라  
20170704,10,쿠키영상 두개입니다 특히 엔딩크레딧 후 두번째 쿠키는 꼭 보셔야 할 듯합니다!  
20170704,8,중간에 사알짝 지루할뻔 하던것을 바로 쏘 익사이팅하게 만드는것???????? 스파이더맨이 너무 귀엽다 ㅎㅎㅎ  
20170704,10,드디어 한국극장에 한줄기 빛이 보인다  
20170704,10,재미있게 봤습니다스포인지 모르겠지만 쿠키2개 입니다..!  
20170704,9,스파이더맨 홈커밍 시사회 관람하였는데 마블 영화는 역시 재밌어요 트랜스뭐시기 보고 화가난 상태에 이 영화를 보니 기분이 좋아졌음 정말로 볼거리도 많고 스토리도 이상하지도 않고 기대이상은 하니 적극적으로 추천하는 바입니다 아이언맨두 짱!!  
20170704,10,톰 홀랜드 넘나 귀엽ㅠㅠㅠ 스파이더맨 빨리 개봉해라  
20170704,10,사실상 스파이더맨에 아이언맨 끼어팔기지그래두 워낙 마블팬이라 보러간다.이게 마블의 티켓 파워임  
20170704,10,"7월 2일 무대인사 시사회로 봤는데 정말 재밌음 코믹요소와 액션, 서사 중 어느 하나 놓치지 않았고 톰 홀랜드는 완벽한 피터파커이자 스파이디라고 생각한다 그리고 마이클 키튼은 카리스마 넘쳤다  "
20170704,10,졸잼 예상입니다.ㄷㄷㄷㄷ  
20170704,10,시사회 응모 당첨돼서 가게 됐는데 톰 너무 귀엽구ㅠㅠㅠ셋이 영화보기 전에 무대 올라와서 얘기하는 것도 멋지고 웃기고ㅋㅋㅋㅋ서로 장난도 치는 것도 귀여움ㅋㅋㅋㅋ영화도 진짜 재밌음!!!마블 덕후라서 행복...ㅎㅎㅎ영화 또 볼꺼임ㅇㅇ진짜 안보면 후회함!!!  
20170704,10,시사회 봤습니다 기대하실만 하네요  
20170703,8,내가 나이를 먹어서 그런가...키튼 아저씨는 나에겐 배트맨인데  
20170703,10,"7월 2일 시사회 다녀와서 남겨요. 예고편에서 보여주지 않은 숨겨진 반전이 있고, 톰 홀랜드와 깨방정 스파이더맨 캐릭터가 정말 잘 어울립니다. 아주 재밌게 봤어요! 기대하세요~  "
20170703,10,스파이더맨과 아이언맨 기대됩니다~~  
20170703,10,사실 7월달에 볼수 있는 영화가 이것밖에 없어..그래도 기대는 하게 된다  
20170703,1,ㅈㄴ 재미없네 이걸 영화라고 만들었냐  
20170703,10,빨리 보고싶어요~! 기대중  
20170703,10,별점 10점 줄테니 이번 기대작은 재미있기를...  
20170703,10,2017최대기대작중하나  
20170703,9,여긴 진짜 코믹북 오타쿠들밖에 안모였나? 지하고 의견만 조금만 다르면 비공감질이네 ㅉㅉ  
20170703,10,"빨리보고싶다고,.,,  "
20170703,10,솔직히 실망할까봐 기대 안하고 있었는데 시사회 후기가 너무 좋아서 지금 엄청나게 기대중 ㅠㅠ 얼른 개봉했으면..  
20170703,10,"시사회후기.  스토리는 어떨지 모르겠는데 캐릭터 설정, 분위기 전개 , 배우 연기력도 매우 만족스럽습니다. 이런 식으로 사람 기대하게 만들었으니, 다음 어벤져스는 펑펑쾅쾅에 묻히지않게 캐릭터들 특징 잘 살려서 시리즈 내줬으면 좋겠습니다 ㅎㅎ  "
20170703,10,"어제 시사회갔다왔는데 진짜 갓마블...10대 피터파커의 색도 잘 표현했고 10대의 영웅심,무모함,절실함,사랑을 톰홀랜드가 잘표현함! 아이언맨과 피터파커의 조합은 더럽♡  "
20170702,10,"이보다 완벽할수없다.두번, 세번 보러가야지!  "
20170702,10,역대급 연출 역대급 스토리 역대급 개그 역대급 연기였다 영화 끝나자마자 박수 칠 만큼 진짜 역대급이였다  
20170702,10,시사회 보고 왔습니다! 일단 진짜 재밌고 빵빵 터지는 부분 많아요 톰홀랜드도 연기 정말 잘해 줬고 개인적으로 최고의 스파이더맨이라고 생각합니다. 벌쳐도 잘 뽑혔고 마이클키튼 연기 진짜 소름돋는 부분 있어요 반전도 있고 사람들 끝나고 다 일동박수침ㅋㅋ  
20170702,10,드뎌  원작 스파이더맨의 성격을 영화로 보는구나  
20170702,10,스마이더맨은 재미없는 편이 없음...  
20170702,10,"기대를 저버리지 않았다!!! 10대 스파이디다운 발랄함은 물론, 그의 좌충우돌 성장기가 다 들어있는 영화!! 전 포맷 재관람 대기중!!  "
20170702,10,삼촌 3번 킬따는거 보니 3회차인가 보군  
20170702,10,언더 루쓰!!~~~!  
20170702,10,스파이디 팬이라면  개봉일 관람해야죠  
20170702,10,다음시리즈에대한 떡밥이 나오겠지 아무래도 어벤저스 떡밥은 라그나로크인가  
20170702,10,마블엔드타임아레나로 스파이더맨 선행학습 중이네요 아이언맨도 영화랑 싱크로율 좋네요! 마블게임 중 최고봉  
20170702,1,...이건   너무 기대하면안된다  그냥  무난하게 보자 애들아  
20170702,9,스파이더맨 시리즈 별로 안좋아하지만 이건 재밌을거같음  
20170702,10,무조건이지..무슨 이유가 필요함  
20170702,10,에이전트오브쉴드 시즌 4 장난 아니게 재미있음...고스트라이더랑 닥터스트레인지 그 차원의 문 원리 나옴...전 시즌 몰라도 시즌4만 보는데 완전이 빠져들음.  
20170702,10,미안한데 너희가 좋아하는 삼촌이야기는 않나온단다 ^ ^  
20170702,10,거미남자&철남자 versus 독수리  
20170702,10,배트맨이 어쩌다가 악당이 되었나?? ㅠㅠ  
20170702,1,아무  이유없이 중국배우 나오면 이 영화 안본다...  
20170702,10,등장인물에 벤 파커 안 나오는걸로 봐서 삼촌죽는거 안나올수도??  
20170702,5,"영화관에서 마블 시리즈 영화볼때마다 느끼지만, 극성팬들이 영화관에서 자기들만 영화 중간중간의 웃음포인트를 아는것처럼 과도한 리액션 좀 하지맙시다. 당신만 뭔가 알아냈다고 생각하지말고 좀 주변사람도 배려합시다.  "
20170702,10,이건모 꿀잼  확정 아니냐.... 그냥 보는거다 ... 이런건  
20170702,10,이영화는 마블 회장이 스파이더맨 보러 오는데 ㅋㅋㅋㅋ  
20170702,10,ㅅㅂmcu라서 ㅈㄴ 맘에안들지만 ㅈㄴ 기대돼네  
20170702,10,삼촌ㅜ 그래도 피터파커는 영원하다!  
20170701,10,삼촌 죽은 이후부터 한다고 하지않았나요?? 어디서 들었는데  
20170701,7,즉당히하자 어메이징 스파이더맨 진짜 마음깊이 재밌게 보고 이제3에 베놈나오나? 하고 기대하고있었는데 왠 뜬금없이 꼬마 스파이더맨이 나왔네 아무리 스파이더맨 컨셉이 장난끼 많다해도 약간의 무거운 느낌의 교훈주는 영화였는데 이렇게 가족ㅇ뎡화로 만들어버리네  
20170701,10,톰 제발 잘 좀 부탁한다이  
20170701,10,삼촌 또 죽이는 스파이더맨 VS 부모 죽은 원조 배트맨(마이클키튼)  
20170701,3,헐리웃이  히어로물 공장이냐 뭔놈의 끝이없어 스파이더맨은 15년사이에 벌써 세번이나 리부트되었고 작품수는 7편이 된다 ㅉㅉ 돈벌이판이지 이게 영화냐  
20170701,10,이번에는 파커 삼촌 죽은 후로 줄거리가 진행된다네요~  
20170701,9,이런 게 영화다 리얼제작진 보고 있냐?  
20170701,10,미안한데 이건 재미없어도봐야해.예고편에 유튜브어쩌구 얘기한것만해도봐야해.그냥. 적이쌔든약하든. 캐릭터 개성에 10점.로다주나오면 뭐. 재미도 확정  
20170701,10,내가 마블 영화 중 유일하게 좋아하는 스파이더맨 주인공이 바뀌어서 아쉽지만 여전히 재밌을 듯 전 남주가 너무 잘생겨서...  
20170701,10,엠마왓슨 보고싶어ㅜㅜ  
20170701,1,씹 노잼일 거 같음. 일단 존나 유치하고 연령 낮은 스파이더맨 시리즈 자체가 저능아들이 즐길듯  
20170701,10,스타크 인더스트리와 스파이더맨의 조합이라니 ㅋㅋ  
20170630,10,아 진짜로 기대되는영화 내가 좋아하는 여자랑 보는데 오히려 영화 집중될듯  
20170630,10,마이클 아저씨 버드맨에서 못날던  꿈을 여기서 이루네  이거 의도 한거냐?ㅋㅋㅋ  
20170630,10,진짜 믿을 것은 마블 밖에 없는 듯... 올 블록버스터는 마블 빼놓고 다 실망스럽네  
20170630,10,드뎌 끝났다...바블 히어로의 세대교체 완성!! 죽인다 영화 넘 참신하고 잼나다!!!  
20170630,10,하 진짜 스파이더맨은 작품의 작품이다.  
20170630,10,기대했던 영화들이 다 망작인바람에.. 너 밖에 없다 진짜..  
20170630,10,이건 재밌을거같은데..  
20170630,10,너밖에 안남았다.. 건질 영화가..  
20170629,10,나이스 로튼 90넘음 ㅎㅎ 되는집안은 뭐든 해도 되는구나ㅎㅎ  
20170629,10,여친3번 죽이면  담 스파이더맨 나다!?  
20170629,10,I love so much spidey :D  
20170629,10,볼영화없다 빨리개봉해라~~  
20170629,9,아이언맨이 구해준 그 꼬마가 커서 스파이더맨이 됩니다. ((그리고 얼티밋 스파이더맨이랑 비슷할거같네요))  
20170629,9,연관 영화 실화냐 ㅋ 나의 삼촌 그만 죽여  스파이  더맨 ㅋ  
20170629,1,개봉전평점이 너무높네요  
20170628,10,내가 저번주에 트랜스포머를 봤고 오늘은 리얼을 봤거든?? 존나게 암이 걸리고있다. 한개라도 본 사람은 스파이더맨으로 암을 극복하고 치유하자!!!  
20170628,10,내 꿈은 스파이더맨이다  
20170628,10,분명 삼촌이죽는내용 안넣을거라고 마블에서 밝힌걸 본게있는것같은데 거...참 알지도못하면서  
20170628,10,브루스웨인이 벌처역ㄸ  
20170628,10,메이숙모 존나이쁨 ;;밸OO니냐. 소니스파이더맨시리즈에선 개할매들만 나왔는데 이젠 뭐 개 섹시미시뜨네 ㅋㅋ  
20170628,10,마블은 일단 10점..  
20170628,5,보기는 보겠는데 독립적 이야기로 떡밥만 좀 보여주지 아이언맨 영화인지 스파이디 영화인지..  
20170628,10,너무 기대된당 믿고보는 마블~  
20170628,9,기대가되는 영화내요 언제 꼭 봐야겠네요  
20170628,9,엄청기대됩니다.꼭 볼겁니다.  
20170628,10,무조건봐야지 마블!!  
20170628,10,기대를안할수가...  
20170628,10,최근영화중엔 이 영화가 ㅈㅔ일 기대됩니다~ 언능보고싶다~~  
20170627,10,"너무여려서....그래도 스파이더맨은 믿고 본다, 마블 화이팅  "
20170627,10,스파이더맨과 아이언맨의 조합엔 10점이지!  
20170627,10,"하, 빨리보고싶다 찌끄레기같은 리얼같은 한국영화볼려니까 암걸릴거같아.. 스파이더아이언맨 저좀 살려줘요 ㅠ  "
20170627,10,역시 외뽕 짱.ㅎㅎㅎㅎ  
20170627,10,dc는 배트맨 마블은 스파이더맨 가장 좋아하는 슈퍼히어로~  
20170627,10,진짜 겁나보고 싶다.. 완전 기대됨..ㅋㅋ 일단 평점 10올리고 보고나서 평점 다시 메긴다..ㅋㅋ 지금은 기대평점이다..10점  
20170626,10,홈커밍 2에도 아이언맨 벌쳐 나와 줘요.  
20170626,10,사랑해요 마블. 사랑해요 스파이더맨  
20170626,9,꼭 봐야지. 전신을 3d처리해서 눈도 움직이는게 너무 만화같아서 별로지만 그래도 재밌을듯. 벌처나온다는데 스파이더맨 시리즈중 벌처는 첫등장아닌가? 기대됨. 캐스팅에 그웬이 없는거보니 아직 사귀기전인듯? 메리제인은 나오려면 3-4편은 될정도로 늙어야하고  
20170625,10,스탠리 단역 출연 개이덕^^  
20170625,1,"이미 고아먹을만큼 푹 고아먹은 히어로라 과연? 이라는 생각이 드는 작품. 이미 리부트도 한번 해먹었고... 마블이 손댄 작품이라고 해서 우선 관심은 가지만, 긍정적 이미지 보다 부정적 이미지가 더 많이 생각나는게 사실.  "
20170625,10,새로운 스파이더맨 배우가 어떻게 연기할지 기대 됨.  
20170625,10,삼촌얘기없다고 한거 같은데 ㅡㅡ내가 본것만 10번은 본것같은데 또 죽이냐고 소리하네  
20170625,10,이날에 저금통 푼다 ㅋㅋㅋㅋ  
20170624,10,기대되용 빨리 개봉했으면  
20170624,10,마블의 역습이 시작된다  
20170624,10,어벤져스에 합류하기위한 첫걸음임 ㅋㅋㅋㅋ기대된다.  
20170624,10,삼촌 아예 나오지도 않아  
20170623,10,아이언맨 아재는 이제 은퇴하시욧! 발랄한 신세대 거미소년이 오는군요~~~ 코스튬부터 간지가 좔좔~~~ 올여름은 거미의 시대~ 피서는 거미맨과 함께~ 모기 걱정도 없을듯 ! ^^^*  
20170623,10,마블엔드타임아레나로 스파이더맨 체험중지린다. 스파이더맨으로 쪽 빨아댕기는ㅋ  
20170623,10,너무 기대됩니다!!! 개봉하자마자 달려갈게요  
20170623,10,예고편 너무  잘봤어요 기대됩니다~~  
20170623,10,꺄아아앜 스파이더맨 !! 내가 여름을 기다리는 유일한 이유!!  
20170623,10,스파이더맨 꼭 볼 각아니냐 ㅋㅋ 예고편 보고 아이맥스로 마음 굳힘  
20170623,10,"마블aos http://marveleta.game.onstove.com/마블엔드타임아레나 스파이더맨,아이언맨,헐크와함께 5vs5한판해요  "
20170622,10,기대기대기대기대기대  
20170622,10,원더우먼. 트랜스포머 때문에 빡친 스트레스 마블꺼로 풀자. 빨리 개봉해라  
20170622,1,소문난 잔치상  먹을게 없다.  
20170621,5,감독... 넌 누구냐...  
20170621,7,해외 평점이 아직도 없는거봐선 불안...트랜스포머도5도 국내 개봉후 로튼 11%밝혀지고 .. 잘뽑았음 좋겠다  
20170621,10,여자친구랑 보고싶습니다. 꼭 봐야될 영화 Top0 입니다.  
20170621,6,군함도와 불붙는 대결 과연 이번에도 조선인 대동단결에 맞붙어 이길수있을까  
20170620,10,마블의 스파이더맨 시빌워에 만큼의 임팩트 부탁한다  
20170620,10,시빌워에서 스파이더맨 나오는 거  보고 완전 반했는데 얼른 영화 보고 싶네요ㅎㅎ 아이어맨도 나오니까 넘 좋음 ㅎㅎ  
20170620,10,뭐 기대는 되지만. 어매이징은 뺨 치지 말자.  
20170620,7,기대는 된다만... 나에겐 샘레이미의 스파이더맨 시리즈가 진정 최고였다 다크나이트급.. 피터파커 캐릭터 그 자체와 히어로의 인간적 면모를 가장 잘표현한 영화였다 이 스파이더맨은 다른 매력이 있겠지만 샘레이미의 그것에 필적할지는 모르겠다  
20170620,10,시리즈  다 봤는데  마블이 거미남의 끝판왕을 보여주길 기대중ㅠ 빨리 보고싶다  
20170620,10,톰홀랜드가 얼마나 잘 담아낼지 벌써부터 기대됩니다! 앞으로 최소 20년은 주인공이 더이상 바뀌는 일이 없기를 바라며 다시 한번 정을 붙여봅니다ㅠㅠㅠㅠ흑흑...영고슾디...  
20170619,10,삼촌 이미 죽은 거 아니었어?  
20170619,9,일단 로다주 하나로  9점 들어간다. 나머지 1 점 잘매꿔라 마블! 기대한다.  
20170617,10,디제이 칼리드 나와서 봅니다  
20170617,10,이거 번역 데드풀 번역가 황석희님 이라는 얘기가 있던데.. 박지훈 번역가 아니라는 것만으로도 일단 10점 주고 가자.  
20170617,10,스파이디 최고야..시험끝나자마자 보러 가야지ㅜㅜㅠㅠ  
20170616,10,"""큰 힘에는 큰 책임이 따른다""  "
20170615,10,캐스팅 미쳤노 로다주 마이클키튼  
20170615,10,오리지널 스파이더맨을 뛰어넘을지?  
20170615,1,뭐야 여자 출연자들 상태가 왜 저럼??? 흑크린쿼터 정말....  
20170615,10,이게 원작 스파이더맨과 가깝다고 그러던데 토비 주연 스파이더맨보다 나은 스파이더맨은 이제 못 볼것 같음...난 토비의 스파이더맨이 최고였다ㅜㅜ  
20170614,10,군함도 말고 일본 소니픽쳐스 배급 스파이더맨홈커밍 봐야제~!! ^^ 스파이더맨홈커밍>군함도!!! ^^  
20170614,10,다 오해하는데 삼촌 안나와요 알고 말하세요  
20170614,10,아이언맨은 이제스파이더맨에 나오는건가요???  
20170614,1,주인공 잘못골랐다 재수없게생겨서안본다  
20170612,10,이해해줄테니 삼촌은 그냥 이혼한걸로 해줘라...매번 그부분만 보면 눈물난다.  
20170611,10,난 이거 혼자서도 보로간다ㅋㅋ  
20170611,10,스파이더맨 시리즈는 다 재밌지 ㅋㅋ 원더우먼보고 돈아까웠는데 암튼 스파이더맨 빨리 기대된다  
20170610,1,솔직히 샘 레이미의 스파이더맨이 개인적으로 최고였음.. 이번 슈트랑 2002년 개봉했던 스파이더맨 슈트 차이가 심함ㅠㅋㅋ 개인적으로 토비 맥과이어가 스파이더맨 시리즈 찍을때가 그립다.. 찌질한 스파이더맨을 다시 볼수 없다니 한편으로 아쉽네....  
20170609,10,이번에는 벤삼촌 안죽는다고 하더라고요  
20170609,1,급식처럼 생긴얘여서 보기시러짐  
20170608,8,키튼 아저씨 이제 진정한 버드맨이 되는건가~  
20170608,9,예고편은 샘레이미의 스파이더맨을 능가할듯하다...  
20170608,10,그래! 이래야 스파이더맨이지!! 적들한테 반죽음이 될때까지 두들겨 맞더라도 허세와 주둥아리로 거침없이 적들을 패는 입담의 슈퍼히어로!  까불까불하는 컨셉이 진짜 맘에 든다. 갠적으로는 데드풀과의 콜라보를 바랐지만 아이언맨도 나쁘진 않아.  
20170608,10,캐릭터 매력 쩔듯ㅋㅋㅋㅋ빨리개봉해라  
20170608,10,"진짜 내 최애 스파이디ㅠㅠㅠ 빨리 개봉해라,, 개봉하자마자 보러갈께ㅠㅠㅠ  "
20170608,10,스파이디 ㅠㅠ 빨리 개봉해줘  
20170608,10,너무기대됨 ㅠㅠ 한달도 안 남았다!!!  
20170606,10,전야개봉 해주세요 믿어요  
20170605,4,"꾸준히 스파이더맨이 인기있었던 이유는 흑수저 컨셉에서 따뜻한 이야기들이 섞여서 때문인데,, 과연 홈커밍은,,,,  "
20170604,10,기대 됩니다....^_^  
20170603,9,마이클 키튼  은  배트맨이었는데....이제는  마블로  옮겼음. ㅋㅋㅋ  
20170603,10,기대된다....  이 갓마블의 영화가  
20170602,10,"어릴적부터 스파이더맨 영화를 보고 게임을 하던 나에게 스파이더맨은 영원한 우상같은 존재였다. 시간이 흐른 지금, 나의 마음은 예전과 같진 않지만 그럼에도 이 영화의 개봉 소식은 알게모르게 내 가슴속에 남아있던 어릴적 그 마음을 떠오르게 만든다.  "
20170601,10,재미있을거 같아요 너무너무너무  
20170601,10,삼촌죽고 여자랑 키스하고 매번 보여주던 조잡한 얘기빼고 액션만 보여준답니다  
20170601,10,빨리 토나스타크가 만들어준 슈트를 잘활용하는걸 보여줬으면 ㅋㅋ  
20170531,3,Sony픽쳐스에서 만들던 초기 스파이더맨 때가 더 재미있었던것 같다 마블로 넘어오면서 뭔가 좀 유치해진 느낌....  
20170531,10,마블과 함께한 스파이디라니ㅠㅠㅠ 벌써부터 설레ㅠㅠㅠ  
20170531,10,존잼각 ㅋㅋㅋ 빨리 보고싶다 ㅠㅠ  
20170530,10,톰 홀랜드 넘나 귀여운 차세대 스파이더맨!! ㅋㅋㅋ  
20170530,10,마블 영화는 돈이 아까웠던 적이 한번도 없음  
20170529,10,사실 벤삼촌뿐만 아니라 피터부모님도 3번 죽는겨....  
20170523,1,맨처음에 했던  스파이더맨이 최고다  내용 리셋도 싫지만 새로운 배우도 싫다  
20170522,10,얼른 보고싶다 이번 스파이더맨은 어떨까  
20170522,10,원조 배트맨이 이제 악역이라니 ㅎㅎ  
20170521,10,"근데 스파이더맨은 원조 1,2,3 이 젤 재밌었고 그다음 어메이징도 재밌었고 홈커밍도 그뒤를 잇는 재밌는 마블이 될런지 난믿는다 마블팬을 실망시키지 않을거라는 것을  "
20170520,10,재밌을듯   그때는 여친이랑 보러 가야지  
20170516,8,버드맨이 버드맨으로 돌아왔네 ㄷ ㄷ  
20170510,10,♡♡♡Tommy i love you♡♡♡  
20170510,10,아직 모르시는분들! 이전에 개봉한 스파이더맨은 소니사에서 만든 거고 지금 스파이더맨은 마블로 돌아온 겁니다! 집으로 돌아 온 거랍니다 !!!  
20170510,9,2달 남았네 시간 잘간다  
20170506,8,여기서 나만 어메이징스파이더맨3기다린건가 ㅠㅠ 좀 아쉽지만 이것도 재밌면 금방 익숙해지겠지  
20170505,10,어벤져스 3으로 가는 또다른 관문  
20170505,1,되게 조악하게 생겼네.. 중국산 애기들 장난감 같은 색감에.. 솔직히 어벤져스 들어가는 건 좋지만 나에겐 토비 맥과이어 뿐이다  
20170501,10,아아아....~~ 빨리 봤으면 좋겠다  
20170430,9,소니고 마블이고 이제 리부트좀 그만하고 계속 좀 해라  
20170429,5,이영화 실화영화???  
20170427,10,스파이디 팬이라면 당연 필수!  
20170425,10,삼촌 : 시부레 또???  
20170423,9,또 P빵집 에서 스파이더맨으로 케이크 출시 되겠네  
20170419,1,스파이더맨과. 배트맨은 몇번이나.. 삼촌죽이고 부모죽이고.. 지겹지 않나.. 리부트될때마다.. 그 OOO을 해대니..  
20170418,9,로다주와 마리사 토메이 '온 리유'  이후 얼마만이야!!  
20170415,5,"하.. 이제 정말 도입부는 그만하자.. 계속 리부트만 되고 스토리 진행이 안되니 같은 1편을 감독, 소속사만 바꾸면서 만드는꼴이라니.. 베놈을 지나 여러 캐릭터들 다른악당 무궁무진하게 많자나~~  "
20170413,10,모두다 이영화  꼭 봅시다 피터를 위해  
20170409,10,사랑해요 스파이디@!@  
20170408,10,"원더우먼 6월 개봉 , 스파이더맨 7월 개봉인데 , 원더우면 흥망이 큰영향 줄듯  "
20170404,10,스파이더맨 홈커밍은 러브스토리랑 벤 삼촌 부분은 다 뺏대요  
20170403,10,7월 5일을 손꼽아 기다리는중  
20170401,10,사람들이 다들 걱정하는데 케빈 파이기가 총괄로 있는 이상 마블 영화는 건재함 ㅋㅋㅋ 그리고 홈커밍 또한 어벤저스 3로 가는 징검다리 역할을 할 것이고 ㅋㅋㅋ  
20170401,6,스파이더맨이 계속 해서 영화로 나오는건 좋은데 어메이징 스파이더맨에서 떡밥이란 떡밥은 다풀고 거기다 2편 마지막에 그웬까지 죽여놓고는 리부트라니...스파이더맨 영화라면 언제나 환영이지만 그래도 화가난다  
20170331,5,엠마스톤보고싶다...살려내라..  
20170331,9,그놈의 토비는 왜 자꾸 찾아 김치들아...나이 40넘은 아재가 쫄쫄이입고 어벤져스 나오면 그게 진짜 호러지  
20170330,10,이번영화 진짜 기대... 단순한 오락영화는 절대 아님  
20170330,10,스파이디X아이언맨 조합 너무 기대된다  
20170330,9,스파이더맨 첫 명장면 지하철의 확찢을 이번에 업그레이드 해서 선박가지고 확찢하는군요  
20170329,10,두세편 찍고 다시 소니로 갈수도 있다네요. 하나의 매력적인 캐릭터가 배급사들 사이에서 왔다갔다한다고 계속 초반모습만 보여주니까 주인공이 제대로 성장해가는 과정을 못보는게 아쉽네요. 매번 주인공 바뀔 때마다 몰입도 떨어지는게 사실이고  
20170329,1,망했다에 한표건다. 크크크  
20170329,10,삼촌 마음 모르는 비정한놈  
20170329,4,"나도 스파이더맨 팬인데 이정도로 우려먹는 건 걍 스파이더맨 시리즈를 망칠려고 하는 거 같다 샘 레이미의 스파이더맨 3부작은 최고, 리메이크 시리즈도 좀 스토리 붕괴긴 했는데 cg땜에 볼만함 근데 이젠 걍 완전히 다른 스토리로 가는거냐 한숨만 나온다  "
20170329,6,아! 감독 전작품을  보니  불안하다...  
20170329,10,갓 마블 스파이더맨 짱짱  
20170329,10,당연히 보러가야지 스파이더맨이라면  
20170329,9,"마이클 키튼,, 진짜 버드맨이 됐네  "
20170322,10,솔직히 토비가 아닌 스파이더맨은 기대가 되지 않는다 그래서 어메이징 시리즈도 한번도 안 봤음  
20170320,10,토모씨 제가 갑니다..제발 7월 빨리되라ㅜㅜㅜ  
20170319,10,숙모가 점점 젊어지고 이뻐져서 10점..ㅋㅋ  
20170315,10,너무 스파이더맨 시리즈가 많으니까 막 복습하는 기분이야 ㅋㅋ  
20170315,10,기본 스파이더맨 영화처럼 초반 성장과정 안보여준데요 그래서 삼촌 죽는것도 안나올듯 하네요~능력을얻고 히어로로 한참 활동할때 이야기래요  
20170313,10,삼촌죽는거 포함해서 과거얘기 안나온다고 마블이 예전부터 계속말했는데 사람들 뭔 개소리임?  
20170309,10,각앗아가삭ㅠㅠㅠㅠ빨리 나와라ㅠㅠ기다리기 힘들어..  
20170309,10,벤삼촌은 안 나올 예정이라 그랬음 아이언맨 나와서 좋구 나중에 데드풀과 팀업 이루는거 보고싶음  
20170308,10,영원히 슬픔과 고통받는 고모..  
20170306,10,스파이더맨은 그냥 ㄷㅊ고보는거거 아이언맨도 나온다고하니까 무조건  
20170305,10,개인적으로 마블에서 스파이더맨 제일 좋아하는데 그 이유가 물론 힘은 엄청나지만 어벤져스처럼 거창한일에 나서는 돈많고 인기많고 그런 영웅이 아닌 영웅도 사람이다를 보여줬기 때문인데 여기 스파이더맨은 시작부터 아이언맨 후원받고 시작해서 어떨지..  
20170303,10,1234749504338  
20170301,10,스파이더맨 슈트 드디어 뚜러뻥에서 해방인건가....  
20170225,10,와 마블영화라서 기대되는데?  
20170217,10,꺅 토니스타크도 나와 ><  
20170217,10,"여러분 제작자가 벤 삼촌 죽는 장면은 생략했다고 했고, 이 시리즈도 삼촌 죽고 나서의 시점이에요.... 삼촌 3번 안 죽어요  "
20170216,1,다 좋은데 도대체 왜 마스크에 표정이 나오니? 그 눈모양 고글에 망원랜즈라도 달아놨다니? 그럴거면 실사 왜 만드니? 만화 보고 말지 마스크에 표정드러 나는거 봤니? 데드풀도 그러더니 실망이넹  
20170214,10,다좋은데 예고편을 좀늦게 공개해라  아직 개봉할려면 반년가까이 걸리는데 예고편 일찌감찌 보여주니까 기다리는데 애간장이 다타가지고 빨리보고싶은데 아직멀었네 사실 배우가달라서 그렇지 사실상스파이더맨 6번째시리즈ㄷㄷ전작보다 훨씬재밌어야 호평받을텐데  
20170213,10,자기 전 침침한 상태서 잘 못 읽었다. 스파이더맨 컴잉아웃하는 줄 알았네..  
20170212,10,삼촌3번 안죽는게 좋음 그부분은 건너뛴다고 했으니 매번 너무 마음 아팠는데 솔직히 걱정했는데 시빌워보고 기대로 바뀜  
20170212,10,로다주가 평범한 배우였다는 새키는 대체 배우를 나누는 기준이 뭐지? 애초에 중간에 마약 중독으로 사라졌던 시기를 넘어서서 다시 자리를 찾은건데 오로지 아이언맨 때문에 로다주가 유명해진걸로 아는건가? 로다주 필모만 확인해도 그런말 못할텐데  
20170209,1,"재탕에 재탕 제발 리부트좀 그만해라 지겹다ㅋ 토미 맥과이어의 베놈과결투하는 스토리단계는 왜빼먹냐?? 그리고 각색만 잘하면 베놈스파이더맨과 흑인전기스파이더맨등등 같은편 만들수도있는데 마벨중에제일추한캐릭터로 선정됨, 감독,연출가,각본가들은무뇌충 뭐하냐?  "
20170207,10,"스파이더맨은 제가 가장 좋아하는 히어로입니다. 영화가 정말 기대됩니다. 새로 나오는 스파이더맨 게임도 정말 재미있을 것 같습니다. 스파이더맨의 멋진 점은 날렵한 묘기, 화려한 거미줄 액션이 특징입니다. 그리고 영화의 잘생긴 주연 배우도 기대됩니다!!!  "
20170205,10,시빌워 이후 아이언맨 근황과 스파이더맨 이 마블에 넘어오면서 어떤모습을 보여줄지 궁금 완전 기대 중....  
20170204,10,다 생각이 똑같넼ㅋㅋ 삼촌 3번 죽이는거 ㅋㅋㅋ  
20170203,10,이 스파이더맨는 다시 마블로 와서 새롭게 하는 내용인가보네요 ㅋㅋ 아 근데 삼촌 또 죽어 아니면 이미 죽어잇는 삼촌 화상하던가 근데 아이언맨 또 나오네 ㅋㅋㅋ  
20170201,10,마블이 만든 스파이더맨.. 기대된다  
20170127,10,마블 시네마틱 유니버스에서 스파이더맨을 볼 수 있다니 너무나도 기대된다.  
20170124,10,삼촌이 왜 죽는다고 하지??아이언 스파이더 번쩍번쩍-[hetge4]공갈  
20170122,10,여기선삼촌내용생략한다고합니다 러브스토리도요보고싶다..  
20170121,10,스파이더맨은 어벤져스 : 인피니티워에 출연 ㅅㅅ  
20170120,10,배트맨을 가장좋아하고 스파이더맨은 별로관심없지만 슈퍼히어로장르팬으로써 소니가 더이상 스파이더맨 말아먹는 모습을 안봐도된다는건 기쁘다.  
20170119,10,마이클 키튼이 나오는 영화다!!!버드맨 화이팅!!!~  
20170109,10,ㅜㅜㅠ기다립니다 톰홀랜드 스파이디ㅠㅠ이  
20170109,8,삼촌 또 죽어???? 삼촌죽는거 그만보고 새로운 빌런 좀 보고싶다  
20170108,10,님들아 여기선 삼촌 안 죽어요;; 이미 죽음...  
20170101,10,삼촌이 세번죽는게 아니라 시빌워이후에 스토리다  
20161231,10,아이언맨과  마블에서 가출했다 돌아온스파이디의 케미가 느므느므 기대됩니당  
20161230,10,톰홀랜드 개 잘생김...  
20161230,10,저기 마블에서 이영화에 벤삼촌은 출연하지 않는다고 했는데요...?  
20161225,10,엠마스톤보고싶어요 ㅠㅠㅠ  
20161222,10,스파이디한테 새 코스튬(아이언 스파이디) 안 줌?  이제 줄때도 됬을텐데.  
20161221,10,스파이더맨 ㅃㅃ와 ㄱㄱ  
20161220,7,정말  기대  됨니다. 빨리 나왔으면 하네요  
20161218,9,어메이징 스파이더맨 대신 잘하길 바란다 리부트지만 엄청기대된다  
20161218,10,마블에서 가장 좋아하는 히어로가 스파이더맨입니다.  
20161217,1,개앂노잼 확정 ㅅㄱㅇ~  
20161216,10,이거는 꼭 봐야되요 레알 진심  
20161215,10,"톰 홀랜드와 로다주의 케미라니, 시빌워도 엄청 재미있게 봤는데 기대된다.  "
20161214,10,와~~~~진짜 재미나겠다 역시 마블  
20161214,10,크~ 역시 마블이 영화를 잘만들어. 지금이라도 마블로 돌아와서 다행이다 스파이더맨. 스파이더맨이 마블로 홈 커밍했네  
20161213,10,무엇의 설명이 더 필요한가 톰 홀랜드와 로다주의 조합인데...  
20161212,10,유뷰브에 예고편 떳습니다. 정말 기대되네요~  
20161211,10,엄청 보고 싶다 아흘흙 언제까지 기다려  
20161211,10,이야 토니와의 캐미가 어떨지는 모르지만 엄청 기대됨  
20161210,6,사골 우리 듯 나오는 스파이더맨... 이번에는 시리즈로 많은 이야기가 전개 되었으면 좋겠다. 예고편만 봐서는 화려하거나 스케일이 커보이진 않는다. 스파이더맨이 그리 큰 인기를 얻지 못했는데 아이언맨의 인기에 힘을 얻을 듯. 아이언맨과의 케미도 기대..  
20161210,10,벌쳐 나왔네 ㅋㅋ 벤삼촌 죽은 후인가보다  
20161210,10,스파이더맨이집으로돌아왔군아~!마블의아버지스탠리가만들어낸걸작!!이제덕으로서기다린다  
20161210,10,인재발굴에는 일가견이 있는 마블이라 이번 감독도 기대해본다.. 마이클 키튼의 악역도 은근 기대됨  
20161209,10,마지막 아연맨 스파이더맨같이날라가는거 씹소름 ㄷㄷ  
20161208,10,이거 우리가 알덩 스파이더맨 얘기는 다루지 않는다고 하던데  
20161203,10,마블에서 만드는 스파이더맨을 드디어 보는건가  
20161130,9,음악감독이 마이클 지아치노인게 ㄹㅇ 맘에든다 그리고 오리지널 스파이더맨1 복장이 아닌게 아쉽다라니..그 촌시러운걸 입으라고? ㅋ  
20161108,10,앤드류 스파이더맨이 너무 그립지만....  
20161106,10,소니야 양심있으면 놔주렴  
20161022,10,로다주  나오면 스파이더맨 아이언슈트인가? 원작에서나오는 그슈트 기대해봐도 되나 ㅎ 그거 껴야 어벤져스 인건타노스랑 비빌거같은데 물론 닥스가있지만  
20161019,10,마블표 스파이더맨 기대된다 어메이징 스파이더맨보단 낫겠지  
20161006,10,시빌워 보면서 메이숙모 역 맡은 사람 되게 젊어서 왜 이리 젊은 배우 썼나 했더니 53세 셨네..완전 동안이시네...  
20161002,10,이번 거미인간 입담은 죽이더만 ㅋㅋ  
20160925,10,마이클 키튼 벌쳐....초대 배트맨 팬분들은 안타깝게 됐지만 놀란 베일 깎아내리던 추억팔이들은 쌤통이다ㅋㅋㅋ  
20160914,10,우으으 스타크가 제작한 스파이디 슈트 자세히 보고싶어 죽겠다ㅠㅠ 어서 내년 여름이 왔으면.. 홀리 내한해!  
20160911,10,이영화도 빌런이너무많이나오면 어디에중심을둬야할지모르므로 어메이징스파이더맨2와 같은평을받을지도...  
20160908,10,"제발 삼춘은 그만 죽여라 ㅡ,.ㅡ  "
20160830,10,흑누나말고 메리제인 보여줘 언제 영화에서 메리제인 명대사 들을 수 있냐.... 블랙켓이랑 옥상러브신은 언제 볼 수 있는겨 ㅠㅠ  
20160826,10,이번 스파이더맨 홈커밍은 시빌워 기준에서도 스파이디활동 6개월정도 흐른것입니다. 이번에 벤파커가 죽은뒤의 상황으로 단독영화나오는거에요.  
20160815,10,우리 톰 사진 애기애기한거봐♥♥♥  
20160812,10,빨리빨리빨리빨리빨리빨리빨리빨리빨리빨리빨리보고싶다 제발 ㅠㅠ  
20160808,8,"돌아온 스파이더맨의 진면모 기대되는 바, 그러나  그 복장이 오리지널  스파이더맨 1과는 달라 아쉬움이 많다...  "
20160806,10,시빌워에 첫등장한 이유는 아마 밴삼촌과 물리는부분을 스킵하기 위해서가 아닌가 싶음.  
20160806,10,삼촌 좀 그만죽여주세요ㅋㅋㅋ  
20160805,10,마블은 실망시키지 않으니까!!  
20160728,10,이유 불 문 스파이더맨은 진리~  
20160727,10,로다주 빼고 딴 배우들이 싫다 징징 대 지 좀마라  로다주도  원래  그냥 평범한 배우였어^^ 마블은 일반 배우를 스타 배우로 만든다  
20160724,10,삼촌죽는거 스킵한다그러던데..엉클밴!!!  지겨움..ㅋㅋ  
20160717,10,호엑 로다주 나오는줄 몰랐다..어째든 삼촌 또 죽어요?(생각해 보니깐...불쌍해  
20160712,10,메이 숙모 사랑해요~~  
20160710,10,빨리 나오면좋겠다 재미있겠다  
20160710,10,빨리 나오면좋겠다 재미있겠다  
20160704,10,여기서 톡신이나하이브리드 같은 심비오트 나오나요?  
20160627,6,감독 전작들 평점보니 너무 구리네 뭘 믿고 맡겼지  
20160620,10,이번 히로인은 누구인가여? 메리제인? 그웬? 누구져  
20160613,10,ㅋㅋㅋ삼촌 이 무슨 죄니?  
20160612,1,솔직히 배우 자꾸 바뀐것도 있지만 그냥 이번배우는 별로 맘에안듬..  
20160612,10,다시 살아나도 죽는 삼촌의 운명  
20160612,9,이미 관객들이 많이 알고잇다는 관계로삼촌이 죽는건 나오지않는다고합니다..  
20160608,10,스파이더맨홈커밍에서아이언스파이더나오고아이언맨이나와서빨리보고싶다  
20160607,10,톰 홀랜드보다 스파이더맨 제일 잘 어울리는 역할 있냐? 솔직히 얘가 갑 아니냐? 쭉 가라 나이도 어린데  
20160603,10,"그런데 스파이더맨의 탄생기가 아닌건 이해가 되는데, 여주인공이 그레이시가 아니네? 그레이시도 최근 두번 나왔으니 삭제된건가?  "
20160531,10,톰 홀랜드 사랑해 ㅇ.<  
20160530,9,영화를 기다린다...  
20160529,10,집으로 돌아온 걸 환영한다 피터 파커  
20160528,10,로다주도 나오네 꼭 봐야겠다  
20160525,10,다 토비 맥과이어가 좋다그러는데 나만 앤드류 가필드 좋냐진짜 스파이더맨캐릭터랑 겁나 잘어울렷는데  
20160525,10,다행히도 홈커밍에서는 삼촌 죽는장면 안나온다네요  
20160525,4,스파이더맨 주인공이  자꾸 바껴 ㅡㅡ 토비가 젤좋은데  
20160520,10,아이언스파이더슈트 보고싶다..  
20160520,10,ㅜㅠㅜ스파이더맨 인생캐릭ㅠㅜㅠㅜ  
20160520,10,마블쪽에서 스파이더맨의 탄생계기는 이미 다 알고있어서 삼촌 죽는건 생략하고 스파이더맨이 되있는 상황에서 연화 시작한다고 합니다~~  
20160516,10,벤삼촌 죽이지 마  불쌍해 흐어엉 ㅠㅠ  
20160515,10,파커삼촌을 두번도 모자라 세번 죽이려나..  
20160514,10,난 원조스파이더맨 토비를 너무 인상적이게봐서 솔직히 앤드류는 별로였는데 톰 홀랜드는 토비와 외모도 좀 비슷하고 찌질미가 있어서 넘 기대된다 스파이더맨은  찌질미지  
20160511,10,엄청 기대 됩니다!   스파이더맨!!!!  
20160511,8,감독을 믿지 못하겠어!!  
20160511,10,전에 마블이 말하기를 벤삼촌 죽는 장면은 안나온다고 했던거 같은데 잘은 기억이 안나네요ㅠ  
20160510,7,근데 내가 어매이징 스파이더맨하고 스파이더맨을 잘봤는데 이번 리부트는 정말 신의 한순데 저 리부트가 망하면 아이언맨은 처참해질듯.근데 아이언맨이 어벤져스3 인피니티 워에 나옴?  
20160509,10,로다주가 주연으로 나오네요? 로다주아저씨 늙지마세요 ㅠㅠ아이언맨을 누가 대체합니까 ㅠㅠㅠ  
20160509,10,데인드한은? 또 고블린  
20160509,10,기대된다 진심 10자ㅎㅎ  
20160508,10,토니가 나온다는건 아이언스파이더맨을볼수있는건가?  
20160508,10,시빌워에서 스파이더맨이 윈터솔져 왼펀치 한 손으로 막았을 때 반함  
20160508,10,드디어....!!!!  
20160507,10,ㅠㅠㅠ고향으로 온걸 환영해ㅠㅠ  
20160506,1,"아이언맨은 어벤저스,캡틴,스파이더맨까지 나오나?이제 좀빠져랴~  "
20160506,10,스포: 큰힘에는 큰책임이 따른단다  
20160506,10,완전 기대되네요..세월이 가는건 싫지만 개봉은 빨리했음 좋겠어요~~^^  
20160506,10,앤트맨과 더불어 스파이더맨은 타노스 앞에서도   나불댈 애들이다  
20160505,10,진짜 앤드류 하차가 너무 아쉽다 기존 시리즈 팬들을 다 만족시킬수 있는 연기와 영화 부탁해요ㅜㅠ 기대  
20160505,10,집나간 자식이 돌아왔네ㅎㅎ  
20160505,10,캡틴아메리카 시빌워에서 스파이더맨 완전 웃겼는데ㅋㅋㅋㅋ기대된다  
20160505,10,제발 엔딩크래딧에 개그풀과 크로스오버를 보여주세요 ㅠㅠ.  퓨ㅠㅠ 퓨ㅠㅠ스파이디??데드플  
20160504,10,오 스파이더맨 완전 매력있던데 로다주까지 ㅠㅠㅠㅠ 기대됩니다 ㅠㅠㅠ  
20160504,5,흑인인지..동남안지.. 여러인종 섞어서 흥행하는 꼴은 드물더라... 미국영화는 백인이 많이 나와야..흥행해..  
20160503,10,판권은 소니가 쥐고 제작은 마블에서 하는 거라 보면 됨. 수익은 소니가 챙기지만 이후 마블 영화에서 스파이더맨 쓸 수 있이니 둘 다 이득  
20160503,9,"밑에 뭘  잘못 알고 있는데  소니에서 망해서 마블로 판권을 넘긴게 아니라, 여전히 판권은 소니임. 제작: 소니    연출 : 마블 ㅇㅋ?  "
20160503,10,악당이 누가 될지도 정말 궁금. 베놈? 노만 오스본?  
20160502,10,삼촌 3번 죽이진 않겠지 설마... (옆동네 브루스는 부모님이 3번이라 카더라)  
20160501,10,벌써부터기대된다 스파이더맨♥  
20160501,10,시빌워처럼 코믹스와 비슷하고 유머스럽게 나오면 좋겠다 기대합니다  
20160501,10,와..96하고 56이야 미쳣오 20살차이인데 어쩜 시빌워애서도 쿵짝이 잘맞앜ㅋㅋㅋ 눈물널뻔 ㅠ 왜 난 이 영화가 갸봉된다는걸 지금알앗지..그것도 토니가 나온다니ㅠㅠ너무 조아ㅜㅜ  
20160501,10,시빌워 보고 엄청 기대중이다.  
20160501,10,마블의 크로스오버 형식으로 진행되어지는 스토리 전개는 매우 전략적인 시스템이다. 토르와 헐크 시빌워 그리고 시빌워를 본 사람들은 알 것 이다 블랙팬서와 윈터솔저의 크로스 오버와 이번엔 아이언맨과 스파이더맨 이들의 화음이 너무나도 기대된다.  
20160430,10,스파이더맨 : 홈커밍에선 피터가 스파이더맨이 되는 과정이 안나오며 삼촌이 죽는 것도 안나옵니다. 스파이더맨 이후에 과정이 나오는거지.. 개봉 후 평점   8점대 예상해봅니다.  
20160429,10,역시 로다주형의 아이언맨 클라스는 어딜가든 지리군요 스파이더맨과 케미 기대되네요.. 사랑하는 로다주형 화이팅!! 아이언맨 킹왕짱!!  
20160429,10,"오우야오우야 어벤져스 안그래도 스케일큰데,  더커지고 있다 !!!  블랙펜서도 기대기대  "
20160429,10,삼촌 불쌍하다..이번만 3번째여..  
20160429,10,삼촌 안죽인다고 공식적으로 밝혔으니까 염려마세요 제발....  
20160429,10,이건 본다. 로다쮸도 나오시네  
20160429,10,"웨인부부 "" 벤 간만 ㅋ ""  "
20160429,10,솔직히 기대 안했고 볼 생각없었는데 시빌워보고 새로운 스파이더맨에 푹 빠졌다... 꼭 보러간다... ㅜㅜ  
20160428,10,시빌워를 통해 스파이더맨에 대한 기대치가 커졌고 혹시 페퍼와 해어진 토니가 메이숙모와 연결되는 것은 아닌지하는 상상이 든다.과거에 온리유라는 영화서 연인으로 호흡을 맞춰봤던 터라ㅋ스파이더맨의 후원자겸 맨토로서 등장할 듯한 아이언맨도 기대된다  
20160428,10,시빌워에서 정말 제대로 쿨한 모습 보여줬다.고향으로 돌아와서 제대로 만들어주기를!! 내년이 벌써 기대되네  
20160428,10,여기서 토니스타크 가 아이언 스파이더맨 슈트 를 만들어주겠네요 여기서 슈트간지 기대합니다  
20160428,10,"다국적 배우를 캐스팅한다는데, 한국배우를 쓴다면 이경영씨 어떤가요?  "
20160428,10,꼭 보러갈 영화중 하나임 ㅋㅋ  
20160428,10,이번엔 삼촌안듀금 기모띠  
20160428,10,캡틴 아메리카 시빌워  - 엔드크레딧 두번째 영상이 이거였군아(스파이더맨은 돌아온다)!  
20160428,10,완젼 귀여운 스파이더맨 ㅎㅎ  
20160428,10,마블영화와 동시대를 살고 있다는것만으로도감격스럽다ㅜㅜ  시빌워  개명작이다ㅜㅜ  
20160428,10,내 생에 마블 영화들을 볼 수 있다는게 영광이다 진짜 너무 좋다 마블 영화 보면서 늙을거다ㅡㅡ  
20160426,10,와우 스퍄이더맨 영화중 최고 일듯  
20160424,10,스파이디~ㅠ너무좋아  
20160424,10,"부제가 쥑이네 ""홈 커밍""  집으로 돌아왔다  "
20160423,10,벤삼촌 매일매일 죽...네  
20160423,10,아이언맨도 나오네 ㅋㅋ  
20160421,10,마블버젼 무조건 믿어보겠어요 벤삼촌 세번 안죽었으면 좋겠다 베놈과 카니지도 마블로 판권 넘겼으면 좋았을텐데^^  
20160414,10,스파이더맨 홈커밍으로 제목나옴 빨리 제목을 바꿔라 네이버  
20160414,10,메이숙모 보소 ㅋㅋ 점점 젊어지다가 이젠 아주 ㅋㅋ 제대로 회춘하신듯  
20160413,10,커밍홈 스파이디!  마블의 대표적인 유명 캐릭터로써 영화 잘 뽑히길  
20160404,5,뭔가좀어리고 스파이더맨눈도이상해....그웬도아닌 미쉘은또뭐지?그냥이거어메이징스파이더맨으로연결하지  
20160402,10,무조건 굿. 이유:마블 시네마틱 유니버스기 때문이다.  
20160329,10,welcome spidy!  
20160327,10,갠적으로 마블에서 판권 회수해와서 좋은데 퀄리티좀 내줬으면좋겠네요  
20160326,10,고3인데 스파이더맨 5편 다봤네요 ㅋㅋㅋ어메이징 스파이더맨이 원작에 더 기깝다던데 활기찬 스파이더맨 기대해봅니다 ㅠㅠ  
20160324,10,삼촌또 총맞고 돌아가시네..  
20160322,10,다좋은데  여기 출연배우가 맡는 역  메이숙모로 바꿨네 저번에 분명  메리제인이라고 떠서 놀랐었는데 ... ㅋㅋ  
20160317,10,아 근데 여주별로 안예뻐 ... 캐스팅 왜이러냐 신인인건 상관없는데 여자 와꾸는 좀 보고뽑지  
20160311,10,엉클샘좀 그만주겨라!!!  
20160305,9,아니 앤드류 가필드 ㅠㅠ  
20160216,1,개 씨입망 캐스팅; 에휴  
20160214,10,몇번을 리메이크 하냐니 어벤져스에 스파이디 나오는거 볼려면 당연히 거쳐야하는 작품인데  
20160208,9,그래서 너는 상대가 누구냐?  
20160204,2,"몇번을 리메이크하고있어 ,., 이제 식상하다 , 어벤져스 일원으로 활동모습을 보고싶다..  "
20160204,10,됐고 엠마스톤이나 부활 시켜라!!  
20160202,10,토비 때나 가필드 때나 예전부터 인상적이게 봤는데이번엔 진짜 아니다 ㅋㅋㅋㅋ이래놓고 이상하게 나오면 ㄹㅇ 죽빵각이네  
20160122,10,이 영화가나오면 지금도 그렇지만 또 스파이더맨 코믹스만 우장창 나오겠지?  
20160110,7,개인적으로 어스파에 앤드류 가필드랑 그웬역의 엠마스톤커플을 너무 인상적으로 봐서 그런지... 내년나오는 리부트는 제발....진짜..좀 잘나왔으면...앤드류가필드 ㅠ.. 개인적으로 스파이더맨에 진짜 잘어울렸는데....  
20151206,10,마리사 토메이가 메이이모가 아닌 여자친구 메리역이라고???  
20151206,10,넌 잘되라 스파이더맨 흥행하길  
20151203,10,네이버야 마리사 토메이가 메리제인이 아니라 메이숙모 역할 아니냐 ..?  
20151129,10,삼촌 지금 원작까지 합해서 몇번죽이는거야...  
20151128,10,솔직히 이번엔 얼티밋 스파이더맨 처럼 가자 호랑이  
20151103,10,이건 이미 대성공한 mcu에서 만드는거니 성공해서 쭉 이어갈듯  
20151016,10,이번에야말로  다시 스파이더맨이 더  어메이징해지면 좋겠다  
20151007,10,왜 우리나라 사람들은 샘 레이미와 토비 맥과이어를 신격화하나?  
20150912,10,삼촌 몇번 죽이는걸까?  
20150911,1,앤드류 가필드를 돌려다오!  
20150830,10,시빌 워에서 잠깐 보고 리부트 보고 어벤져스 보면 되는 건가요  
20150830,10,웰컴홈 스파이디ㆍㆍㆍ  
20150830,10,안그래도 불쌍한 영웅인데 판권문제 때문에 더 불쌍해진...암... 마블 영웅은 마블이 만들어야지 소니한테 넘겨주면 안돼(현실은 영화는 마블이 만들고 이익은 소니가 챙김)  
20150820,10,개인적으로 그웬역에 클로이 모레츠 나왔으면좋겠다ㅎㅎ  
20150810,6,아니 왜 신인급감독한테 이영화를 맡기는거지?좀 경력도 있고 이름좀 있는 감독한테 맡기면 안되나?어메이징 말아먹은게 가장 큰탓이 감독이었다는거 몰라?  
20150804,10,아 여기에 울버린까지 더하면 어벤저스 완성인데 ㅠㅠ.  
20150728,1,앤드류 돌려내라 ㅅㅂ ㅠㅠㅠㅠ  
20150721,10,이번에 나오는 스파이더맨은 셈 레이미 버전을 좋아하는 팬들과 어메이징 스파이더맨을 좋아하는 팬들 모두를  만족시킬 수 있는 존재가 되었으면 합니다.  
20150720,10,이건 삼촌이 세번죽지 부르스웨인은 부모가 세번죽음  
20150718,10,만약  스파이더맨 시리즈가 이걸로도 안끝나면 삼촌은 고인이 돼는거야  
20150715,10,스파이더맨이 드디어 마블 나와서 좋긴한데 난 앤드류 가필드가 했엇으면 좋겟다  
20150713,10,리부트만 세번째. 슬슬 지친다.  
20150711,10,이젠 너가 형들의 뒷자리를 이어받는거니 제발 끝까지 이어가줘...  
20150706,6,삼촌 불쌍하다...ㅠ  
20150706,10,중간에 시리즈 끓어먹지 말고 잘 진행해!  
20150627,10,"제발 영화가 2버전으로나 나왔는데, 초기내용말고  중간으로 나갔으면 좋겠다.  "
20150626,10,"기대는 한다만...징글징글하게 우려먹네..123, 어메이징12리부트.... 이제 좀 그만  "
20150625,10,벤 파커 : 아니?! 나더러 또 죽으라고??  
20150527,10,"일단 감독이 드류 고다드라서 , 믿음이 안 감. ㅋㅋ 왜냐하면 스파이더맨도 약 빨고 만들 사람이거든  "
20150519,10,드디어 어벤져스 합류하는구나 !! 그리고 삼촌 좀 그만 죽여라 자식들아 ㅠㅠㅠ  
20150515,8,스펙터클 스파이더맨 영화화 인가?  
20150512,10,스파이더맨 보고 싶습니다.  
20150512,10,마블코믹스중 가장 좋아하는 스파이더맨! 토비의 액션과 앤드류의 로맨틱을 뒤이어 어떤 영웅이 탄생할지 기대됨 어벤져스에 끼운답시고 급조한 티 내지 말길...어벤져스 다합쳐도 스파이더맨이 제일 좋으니까  
20150510,10,벤삼촌 말대로 집에돌아왔구나!! 피터 you are my hero!  
20150503,6,삼촌ㅋㅋㅋㅋ만화책까지 합치면 4번 아니가?  
20150428,10,삼촌 3번 죽이는거임?  
20150425,10,"제목은 스펙타큘러 스파이더맨으로 확정이고,피터 파커가 스파이더맨이 되는 과정은 생략한다네요. 아마 영화 시작할때부터 15살의 스파이디가 등장할겁니다.영화에 아이언맨이 등장해 싸운다는 얘기가 있는데 아마 어벤져스에 들어가기 위한 테스트로 보입니다.  "
20150412,10,슈트 5개나 있네 여친도 이제 3명?  
20150406,10,영원히 고통받는 삼촌...  
20150403,10,몇년만에 고향에 잘돌아왔어  
20150402,10,돌아온 걸 환영해 스파이디!!!  
20150328,10,스파이디 일릉 와 ㅠㅠ 어벤져스애들이 너 목빠지게 기달리고있ㅈ쪄  
20150305,10,너도 이제 어벤져스 일원이다!  
20150226,9,"흠... 이 영화에선 스파이더맨이 피터파커가 아닐거라는 루머가 있던데, 뭐 어찌되든 마블유니버스 영화이니까 매우 기대중이다.  "
20150225,10,사랑해요 마블. 근데 스파이더맨 TAS 애니메이션처럼 그냥 스파이더맨으로 활동하면서 악당잡는 부분부터 보여주삼. 삼촌죽는거는 2번본거로 됬음.  
20150225,10,이거 나오면 스파이더맨 삼촌 또 죽는건가?  
20150224,10,이제 어벤져스3에서 스파이더맨을....  
