0,1,2
20170315,10,미녀와 야수 다음엔 티몬과 품바가 영화로 나오나?  
20170315,10,헤르미온느 연기가 좋았는데  다른 영화는 그냥저냥 이번에도 기대는됨  
20170315,10,어제 시사회 다녀왔습니다. 케익사다 얼떨결에 시사회로 보게됐죠. 영화는 진짜 대박. 겨울왕국만큼 히트할만. 다만 주제가는 예전 피보 브라이슨 샐린디온 곡이 낫네요. 그리고 엔딩 올라갈때 나오는 샐린디온 노래에 샐린디온 목소리는 늙지도 않는구나 감탄.  
20170315,10,기필코 보러가겠습니다  
20170315,10,헐 이번엔(?) 실사인가요? 추억의 디즈니 명작 미녀와 야수가 생각나네요 겨울왕국정도로 대박날것 같은 예감이  
20170315,4,하...엠마왓슨 때문에 안 보려고 했는데 나머지 배우들 때문에 보러 간다.. 엠마왓슨 이번에 연기 좀 잘해줬으면..  
20170315,9,고1때 셀린디온의 그 주제가를 테이프 늘어지도록 들었었는데. .  
20170315,9,진짜 화려하고 사랑스러운영화입니다!! 개봉하면 친구랑 한번더보러갈거예여  
20170315,10,어제 시사회.다녀왔습니다.뮤지컬 영화로.제작되어 노래가 정말좋아요영상미도 이쁘고 중간중간 씬스틸러들의 매력도 있습니다.재밌습니딘.  
20170315,10,영화보고 나오는 순간 다시 예매각 ㅠㅠ 정말 두근 거리는 영화입니다!  
20170315,10,시사회를 통해 본 소감은 엠마왓슨 때문에 보게 되지만 더 많은 캐릭터들의 향연과 감미로운 음악에흠뻑 빠지게 될듯 너무나 완벽한 동화한편이 재현된듯! 예쁘고 아름다운 것으로 힐링하기 최고의 영화!  
20170315,10,"시사회 다녀왔습니다 무엇보다 애니메이션 싱크로율을 노래,장면등 정말 예쁘게 잘 살려준게 너무좋았고ㅠㅠ 진짜 영상미가 너무황홀하고 음악이 계속 나와서 뮤지컬 보는듯한 느낌이였고 감동도 굉장하고 야수도 너무너무귀엽고 엠마왓슨은 그냥 여러분 여신입니다  "
20170315,6,ㅠ 엠마왓슨.. 너무 미스캐스팅이네요.. 암만 봐도.. 원작 애니를 너무 많이 봐서 그런가.. 너무 어색하네요..  
20170315,9,시사회로 먼저 보고 왔습니다. 강.력.추.천 꼭보세요. 두번보세요 ♡♡♡ 영상도 예쁘고 배우들도 예쁘고 노래도 좋고 어릴적 생각도 나는... 내가 벨이된것 같은 느낌!!!  
20170314,10,노래가 보이던 애니매이션을 배우들의 모습으로 보고싶다!!  
20170314,10,조금전 롯데시네마월드타워 21관에서 시사회보고 나왔습니다.다 아는 내용인데도 재미있게봤어요.눈물도 흘렸더라는^^21관 참 화면크고 사운드 좋더라구요.파리바게트 초콜릿도 선물로 받고.파리바게트도 미녀와 야수도 아주 좋아요!  
20170314,8,"실사화 잘한 영화. 소품들. 의상 엄청 이쁘게 잘나왔다. 특히 무도회  장면이 진짜 뭉클하다. 엠마왓슨 연기가 약간 아쉽다. CG가 최고였는데, 배우들 연기 없었으면 CG처리된 사물감정 표현은 많이 아쉬울뻔했다. 개스톤은 화면에서 튀어나온줄..  "
20170314,7,엠마 왓슨의 연기가 그닥이었으나 어렷을 때 본 추억을 떠올리게 해주어 행복했다. 고마워요 디즈니.  
20170314,10,특수연출이  눈에 튀엇습니다  
20170314,9,너무나 아름답고 사랑스런 사랑이야기  
20170314,10,너무너무  예쁜 엠마 너무 재밌네요 맗이보세요  
20170314,10,어렸을때 개스톤(악역)이 인상깊었는데 맙소사 루크에반스... 싱크로율이 어쩜 이리 높음... 심지어 촛불역할이 이완 맥그리거다 ㄷㄷ  
20170314,8,엠마  나오는 영화라서주말에 예매했어요왕기대!!  
20170314,10,엠마 왓슨 정말 기대 되네요♡  
20170314,10,디즈니가 보여주는 환상의 무대. 아름다운 노래들. 멋진 미녀와 야수 였어요.  
20170314,10,역시 Emma Watson!♥ ddd...언제까지 이렇게 예쁠까요..  영화 기대하고 있습니다~^^ 해리포터 팬으로써 정말로 기대되는 영화예요~☆  
20170314,1,이 영화 또ㅠ리메이크냐??지겹다..꺼져  
20170314,1,엠마 완전 아줌마 수준 됐던데 미녀로 캐스팅하긴 좀 에러. 너무 빼빼 말랐음.  
20170314,1,재탕에  재탕. 콩이  차라리  낫구만  
20170313,10,하 정말 오래기다렸다드디어 나오는구나  
20170313,10,무조건 봐야죠 미녀와 야수인데 봐야죠  
20170313,1,나이도 어린 엠마~  얼굴에 주름만 바글바글..  상품성 없네~~  
20170313,10,꼭 보러단다 티저 떴을 때부터 기대만빵이였다  
20170313,6,언제부터 배우보고 기대하고 영화를 보러가게되었나요..누구나  다 알고 있는 내용 ...  
20170313,1,애들 보는거에 동성애라니요!!!! ㅜ ㅜ 주변에도 절대 못보게 해야겠어요 ㅜ ㅜ  
20170313,1,헐...동성애라..  
20170313,10,캬 역시 쩌네 아.ㅠㅠㅠ  
20170312,1,왜. 굳이. 동성애 코드를??  
20170312,1,최악의 영화다 야수가 바포멧(염소신)의 얼굴이라니 .. 무슨 이런 일이  사탄과 동성애 영화가 전체관람가라니. 최악이다.  
20170312,10,보고십다새로운명작봅시다  
20170312,10,"믿고보는 디즈니,엠마왓슨, ost는 아리아나 그란데 라니빨리보고싶어요ㅠㅠ최고일듯  "
20170312,10,엠마왓슨이랑 디즈니여서 봄  
20170311,10,어렸을적 만화 원작이 정말 꿀잼이라서 영화도 기대 된다미녀와 야수 음악은 최고였다 ㅎ  
20170311,10,엠마왓슨이 직접노래까지하다니  
20170311,10,진짜기대된다 내사랑 미녀와야수  
20170311,10,완전 기대 중인 영화임ㅋ  
20170310,10,이거마지막에 전부 마법풀려서 사람으로 돌아오는 그런내용 아니였나  
20170310,10,수인씹덕이라 이건 꼭보러간다..  
20170310,10,와 루크에반스 주연이다!!!!꼭봅니다ㅠㅠㅠ 드라큘라보고 너무 멋있어서 팬됨...  
20170310,10,아... 엄마왔슴.? 디즈니사영화는 다 대부분 명작..신데렐라도 감명깊게 봤는데 이것도 잼있을듯..  
20170309,10,무조건봐야해!!!!  
20170308,1,엠마왓슨이라 보려했는데..의도적으로 추가시킨 동성애..  
20170308,10,시사회 100% 레알 감상평뻔하지 했는데 감동하고 있는 나를 발견. 엠마왓슨 로맨틱의 진수. 살아있는 캐릭터들 압도적 의상과 예술적 cg (의상과 학생들 꼭 보길) 뮤지컬 영화인가? 질문 말고 꼭 보셈  
20170308,9,이 평점을 남기는  네티즌의 절반은 해리포터때부터 엠마왓슨을 봐온 해리포터 팬분들이라고 생각합니다. 판타지계의 0순위인 영화에서 터득한  내공과  비주얼을 기대하겠습니다.  
20170307,10,극장에서 미녀와야수 딱 보고 추억에 젖어서 자기전에 애니도 한번 또 보고 자면 꿀잠 각  
20170307,10,인생 애니에 엠마왓슨까지 나오면 개봉하자마자 그냥 극장각이지  
20170307,10,개인적으로 루크에반스가 야수로 나왔으면 더 좋았을텐데.. 비주얼적으로 더 맞다고 생각..  
20170307,10,나 진심 3월에 이 영화만 기다리고 있다고!!! 컴온컴온!!!  
20170307,10,엠마왓슨 진짜 신의외모 (?)ㅠ 제가 지금 초딩인데 해포에 빠져가지구ㅠ엠마왓슨 나오면 꼭볼겁니다  
20170306,10,예고편보면 좀 유치할것같긴한데 어때ㅜㅜ엠마왓슨이랑 댄스티븐스ㅜ엉ㅓㅠㅜ조연도 다 빵빵해ㅜㅠ여태까지나온 디즈니 실사중 최고일듯  
20170306,10,디즈니는 일단믿고보는거지만 미녀와 야수는 이미 레젼드고 배우도 레젼드  
20170306,9,상당히 기대가 되는 작품입니다..허허허...  
20170306,1,당신이 추구하는건 이념이 아니라 이념에 뒤따르는 명예일 뿐이지  
20170306,10,엠마왓슨과 똑부러지고 현명한 벨의 이미지가 잘어울리네요! 개인적으로 미녀와 야수에 나오는 음악이나 장면들을 좋아하는데 아주 기대되네요 보기 전에 한번 더 애니메이션 영화 보고 가야겠어요  
20170306,1,엠마왓슨은 최고의 미스캐스팅같다 진짜.. 애니랑 비교영상보면 그냥 다른사람임  
20170305,10,말이 필요 없을듯ㅎㅎ 나오면 당장 여친이랑 팝콘들고 달려갑니다 ㅎ  
20170305,10,"미국 129 분이에요,우리 123 분?왜 6분 없어요?  "
20170305,10,어린시절 깊은 감동과 여운으로 남아있던 애니메이션 영화였는데다시만나게 되어 너무 반갑네요~ 영화를 볼때 멜로나 로맨스 영화는 철저하게 가려서 절대 안보는데 미녀와 야수는 무조건 봅니다.  예고편만 봐도 너무 예쁘고 기대감으로 가득 찹니다~  
20170304,10,예전 애니메이션으로도 감동이 컸습니다 영화로도 꼭 만족시켜줄수 있을거같네요 10점 드립니다~  
20170304,1,평점넘높아~~!! 기대도안돼~~!!!  
20170304,10,디즈니 영화 중 가장 좋아하는 미녀와야수여서 꼭 보려고 했는데 외국 배우 잘 모르는 저도 아는 엠마왓슨이 벨역을 맡아서 더욱더 좋고 기대되네요  
20170304,10,엠마왓슨이 주연이니 기대됩니다  
20170304,6,캐스팅 잘못된거 같다.  
20170304,10,댄 스티븐스 ㅠㅠㅠㅠ 엠마 왓슨과의 조합이라니 너무 기대된다. 해외에서도 반응 좋던데 ㅠㅠㅠ 댄 짱♡♡  
20170303,10,1234466778  
20170302,5,다행이다 엠마스톤이 라라랜드를 맡아서  
20170302,4,실사버젼 뭔가 다 협소하게 느껴진다 성도 스케일도 ㅋㅋㅋ  
20170302,10,저희딸이 너무너무 기다리는 영화에요~엠마왓슨의 벨이 너무 기대되네요~~^^  
20170301,10,드디어 이번 달!! 예고편만 봐도 엠마왓슨 예쁨가득! 엄청 기대됩니다!  
20170228,10,엔딩을 알고 있기에 더 보고 싶다.  
20170228,10,엄청 기대하고있는영화중하나에용 ㅠ  
20170228,10,여태 비슷하게 모티브한 영화 몇개 나왔었는데 개실망이였음 원작이랑 너무 다르기에 이번에 기대안했는데 티저보니까 원작에서 처음 시장?나갈때 나오는 노래부분 똑같아서 깜짝놀랬다 원작을 최대한 표현하려고 노력한거같아 완전기대된다 ㅠㅠ최고의 캐스팅 최고일듯함  
20170228,10,정말 미치도록 3월16일이 기다려집니다.  
20170227,10,모든 출연진이 영화를 더 기대하게 만드네요ㅠㅠ 너무 기대됩니다 꼭 보러갑니다 :)  
20170227,10,믿고보는 엠마왓슨!! 기대되네용~~  
20170227,8,이거 전채관람간데 더빙판 나올려나 모르겠네 아이들이 좋아하는데...  
20170227,10,그냥 좋다 꼭 봐야지!! 환상적인 영화이기를!!  
20170226,10,와진짜엠마왓슨님ㅜㅜ♡이영화꼭볼꺼에요아나영화관진짜안좋아해서영화안본지5년정도됬는데꼭보러갈꺼야너무기대된다  
20170225,10,디즈니가 영화에서도 부디 흥행하길 바라며..  
20170224,10,예고편 보니 대박칠것 같다 ... 엠마왓슨이라니 !!  
20170224,10,3월은 아이맥스 볼맛나겠구먼  
20170224,10,보고싶다보고싶다보고싶다  
20170223,8,흠 루크에반스가 게스톤도 어울리지만 야수했었음 더 좋았을것 같다..  
20170223,10,잘만 만들었다면 역대급으로 폭풍흥행 할거다..그런데 과연-  
20170223,10,엠마왓슨 비주얼이 백점만점에 백점  
20170222,10,왕 이거 무비 클립 봤는데 엠마 왓슨 노래 완전 잘해요완전 기대되네용  
20170222,10,엠마왓슨~♡ 헤르미온느가 다시 생각나네요^^ 꼭 보러 갈거예요~  
20170222,10,이완맥그리거땜에라도 무조건본다  
20170221,10,개봉하면 꼭 볼 영화!! 스틸컷인데 엠마왓슨 너무 이쁘다 ^^  
20170220,9,디즈니 애니중 제일 기억에 남는 커버송....  
20170218,10,진짜 나오면 반드시 본다.  
20170217,10,엠말왓슨이주연!! 이거레알 꼭봐야되  
20170217,10,우와 엠마왓슨 때문에 작년부터 기다린게 다음달 개봉이라니 시간 참 빠르기도 하지.. 그나저나 역시 여기에도 Ture Love는 나오는거군요 한결같은 디즈니^-^  
20170217,10, 44분이나 더 추가 되었다는 사실이 기쁘다. 원작이 애니라 조금 호흡을 천천히 하겠지?  여튼 2시간 동안 볼 수 있다는 것!!!  
20170215,5,엠마왓슨이 라라랜드 캐스팅 거절하고 이영화 택한덕분에 엠마스톤이 대박났지 과연 왓슨의 선택은 잘한걸까 개봉하면 알수있겠지  
20170215,10,Beast and Beauty  
20170207,9,예고편만봐선 아빠가 장미따는거빼고 애니메이션이랑 똑같은거 같은데 그래도 ㅠㅠㅠㅜ실사판 개봉이라니 얼른보러가야지  
20170207,1,애니를 실사화 한거외엔 특별한게 아무것도 없는 졸작  
20170205,10,예고편보니 최소 역대 북미흥행 탑 5안에는 들어갈듯  
20170205,10,엠마왓슨이라니 ㅠㅠ 무조건 보러갑니다!!  
20170204,10,엠마여신님이 나오므로 무조건 개봉 하자마자 달려간다.  
20170204,1,라라랜드를 포기해놓고... ~ 찍은게 이거? ㅋㅋㅋㅋ  
20170203,10,와...진짜 개봉할때까지 어떻게 기다리지????해리포터를 무지막하게 사랑해서 어느덧 엠마 왓슨의 팬이 되었는데 미녀와야수 개봉을 한다네.... 이건 진짜ㅠ역대급 예상한다♡  
20170203,10,라라랜드를 포기하고 택한 작품이 이 작품인가 엠마왓슨 화이팅ㅠㅠ  
20170203,10,빨리 보고싶어요 !! 예고편도 넘나 재밌는것  
20170203,1,재탕삼탕에 실시판. 그냥 그럴듯  
20170203,10,개봉날 무조건 봅니다. 완벽한 캐스팅이에요.  
20170201,10,디즈니 덕후인 내가 제일 좋아하는 공주가 벨인데 엠마왓슨이 그 역할을 맡다니ㅠㅠㅠㅠ♡♡ 얼른 나와라ㅜㅜ 이런 장르의 영화 얼마만이야♡  
20170201,10,개봉되면 바로보겠어!!!ㅇ얼마나 기다렸는뎀  
20170131,10,동화를 그대로 가져다놓은것같네요. 개봉하면 반드시 보러 갑니다.  
20170131,10,진짜미녀가왔다반드시 본다  
20170129,10,엠마왓슨이 나오면 무조건!!명작이 될 것임미닷!!  
20170129,10," 와 진짜 나오면 꼭 봐야지~! 이제 얼마 안 남았다!! 해리포터 광팬인데 우리의 영원한 헤르미온느, 엠마 왓슨! 빨리 개봉해라~~~~????  "
20170129,1,메갈련 ㄲㅈ요 안봐..  
20170129,10,엠마왓슨진짜이뿌다...해리포터때부터진짜조아햇능데!  
20170126,10,라라랜드를 밀어낸 엠마왓슨의 선택이 평타치기만을 원합니다  
20170124,10,워아ㅏ아아ㅏ하라라아왉!!! 트릴로니 교수님 맡으신 배우님도ㅜ 나온다!!!!~??';&&;&;&:&@아아ㅏ아랋 기대기대하우라앙  
20170124,10,너무너무너무 기대됩니다!! 엠마 왓슨 파이팅! 개봉하면 폭풍덕질^^  
20170123,10,이거 개봉하면 프폭도와 너의이름은의 혼모노들을 넘어서는 덕후 생길것임. 내가 보장함  
20170121,10,아 ㅠㅠ 해리포터 완전 광팬인데 내 최애인 엠마왓슨이 주인공인 영화라니 ㅠㅠ 두 말 할 것도 없이 바로 보죠 진짜 너무 기대돼요 ㅠㅠㅠ 엠마왓슨 ? 화이팅  
20170110,10,믿고 보는 엠마 왓슨~~개봉 당일에 보러 가야지:)  
20170110,5,라라랜드를 까고 미녀와 야수를 선택한 왓슨양 부들 대는 소리가 여기까지 들리네....  
20170106,10,미녀와야수 겁나 조아하는데 갠적으로는 여주 별로임ㅠㅠ 아역 이미지는 별 수 없나 벨은 성숙한 이미진데 미모도 벨이 더 좋고ㅠㅠ 그나저나 이완맥그리거도 나오다니 대박 볼 수 밖에 없다 분명 기대는 됩니다 두근두근ㅠㅠㅠ  
20170103,10,엠마왓슨♡♡♡개봉일날 바로 달려가야지  
20170102,10,내얼굴과마음은짐승인뎅...미녀가없다...어디에있뉭..  
20170102,10,믿고보는 디즈니사 영화  
20170102,10,어릴 때 한 20년도 더 전에 아버지가 사주신 비디오로 맨날 돌려봤었는데.... 실사로 나오다니.. 추억이 새록새록  
20170102,10,미녀와 야수 어릴때 정말 많이 봤는데 영화판 개봉이라니! 그것도 엠마왓슨 주연이라니! 극장 잘 안가는데 이건 진짜 꼭!! 가서 본다  
20161225,10,언능 2017년 되어라... ㅠㅠㅠ  
20161216,10,엠마 누님이 나와서 본다  
20161211,10,엠마왓슨이 나오는데 무조건 봐야지 기대된다 미녀와야수  
20161209,10,미녀와 야수 어렸을때 만화로 봤는데ㅋㅋㅋㅋ 실사라니 기대되네요^^~ 꼭봐야지 헤르미온느 나오니깐^^~  
20161203,10,와 진짜 이쁘다 완전 잘어울린다  
20161202,2,내가 아는 미녀와 야수의 미녀 벨은 엠마 왓슨이 아닙니다.  벨은 순수하고 청초하고 꽃같고 천사같은 여자입니다. 엠마 왓슨은 그냥 깡마르고 보이쉬하고 성질 까탈스러운 페미니스트 걸크러쉬 이미지입니다.  망했습니다.  
20161120,10,애니와의 연출을 너무도 잘 따라서 오히려 기대되는 작품! 보면서 애니메이션을 볼때의 감동을 그대로 느꼈으면 좋겠네요.  
20161120,10,에반스가 더 왕자 같아보이는건 왜일까...  
20161118,10,엠마왓슨으로도 충분한테 미녀까지!!  
20161116,10,봐야 알겠지만...루크 에반스가 게스톤의 역은 딱인거 같다.  
20161116,10,엠마왓슨이 출현한다니 너무너무 기대되네요~^^ 나오면 바로바로 볼 거예요! 이 시대의 진정한 미녀 엠마왓슨♡♡♡  
20161115,5,미스캐스팅 벨하고 이미지 너무 안어울려 ㅠㅠ 내 최애 애니인데 짱남  
20161115,10,일단 매우 기대중!! 언능 보고싶다!!  
20161114,9,드림걸즈 감독! 이건 무조껀 봄  
20161110,10,"제일 좋아하는 디즈니 공주가 벨 인데, 엠마 왓슨이라니...  "
20161106,10,맥 그레거 넥센에서 투수도 하고 영화도 찍느라 바빳구나!  
20161106,10,야수가 겁나 잘생겼어.  
20161026,10,마 왓슨이 벨이라니. 엠마 이미지랑 너무 딱임. 신의 캐스팅이네요. 예고편 보니까 영상미랑 음악이랑 퀄리티 장난 아니던데  어서 개봉하길 기대합니다  
20161020,9,예고편에 영국발음여자목소리만 나오고 얼굴은잘안나왔는데 설마하다가 진짜엠마왓슨이라니!!개봉하자마자 봐야지  
20161005,10,개봉한다는 사실은 알았지만 엠마 왓슨과 이안 멕켈런이과 루크 에반스가 나온다는 것과 빌 콘돈이 감독이라는 것은 오늘 처음 알았다 그로서 이 영화를 보아야 하는 이유는 더욱 확실해졌다  
20160918,1,페미니즘 드립치는년이 미녀와 야수 ㅋㅋㅋ 이런 언행불일치도 없네 왜 왕자는 좋아?  
20160916,10,너무너무너무기대ㅜㅜㅜ  
20160909,10,아이랑 같이 보고 싶은데...더빙판은 안나오겠죠? 정글북같이 더빙판이 나오면 좋을텐데ㅠ  
20160902,7,예고편 보니까 영화가 너무 어두워 보여요 ㅠ  
20160828,10,아니 무조건 10이다 이건 보나마나 내 인생영화가될 작품이야  
20160810,10,매일메일이 기다려진다  
20160730,10,루크에반스 나오면 닥치고 보는거졍 ♡  
20160725,9,어릴적 미녀와 야수 애니메이션 극장 개봉했을때 보러갔었는데..티저영상을 보니 음악과 실루엣..과 대화를 보니 실사를 애니처럼 그대로 데려놓은듯..그때의 감동을 떠올리며 개봉하면 보러가고프네요  
20160724,10,"엠마 왓슨이라면. 봐야해. 우리는 엠마왓슨의 빅팬이거든. 평소 저런 프린스같은 배역에 언젠가 캐스팅 됬으면좋겠다는 생각을 자주했는데,이렇게 되다니?  정말 감격스럽고, 미녀와야수의 큰 호응을 기대할께! 사랑해 엠마!  "
20160713,9,2017년 5월 기다리겠습니다. 꼭 봐야할 작품  
20160708,10,미녀가 누구인지 알 것 같다. 아니. 안다.  
20160707,10,엠마왓슨만 있는게 아니다...와 출연진봐....  
20160618,10,기대기대♡~♡~♡~  
20160520,10,기대가 아주 큰 영화 입니다.  
20160418,10,엠마왓슨이  연기한 거면 다 재밋음.이거 보면서 '오랫만에 해리포터 봐야지'라고 생각됨ㅋㅋ  
20160224,10,엠마왓슨 팬이여서 이번영화 꼭 봐야겠네요♡  
20160211,10,디즈니 영화고 엠마왓슨 주연이니 꼭 보긴할건데 엠마왓슨이 벨 이미지랑 잘 맞으려나..?벨은 좋아하는 딪프인 편이라 잘 나왔음 좋겠는데.일단 미녀라는 점에선 좋은 캐스팅인건 같긴하다.것보다 설마설마했는데 조시게드가 르푸역이라니ㅋㅋ올라프 변장 나왔음좋겠다  
20151230,10,헤르미온느와 오비완 캐노비 매그니토 까지 환상의 조합  
20151226,10,걍 배우쩐다..엠마왓슨 오비완캐노비했던분 호빗에나왔던낚시꾼 헝거게임사회자했던분 간달프할아버지까지 내가좋아하는영화 배우분들 집합인듯 거기다가 트와일라잇 감독님이라니꼭볼께요  
20151206,10,엠마왓슨이 주연이라 꼭봐야지  
20151124,10,엠마갓슨이 벨이라니 ㅠㅠ 이것은 축복  
20151114,10,"엠마왓슨이 벨에,, 루크에반스가 개스톤.. 짱인데요. 거기다가 이안 맥켈런 까지.. 꼭 볼껍니다.  "
20151018,10,엠마왓슨과 올라프 아저씨 나온당~~~.  
20151016,10,개봉하자마자 달려가겠습니다!!!!스크린에서뵙죠 엠마누님!!  
20151008,1,니들이 댄 스티븐스가얼마나 멋진지모르는구나 하긴 한국인들은 한국에서 유명한애들밖에모르지  
20150930,10,루크에반스가 야수 인줄 알고 달려 왔는데... 댄 스티븐스도 나쁘지 않다. 기대기대. 조연들 장난 아니다.  
20150920,10,이완맥그리거에 댄스티븐스까지~ 내가 좋아하는 배우 총출동 ㅋㅋ  
20150906,10,엠마여신이 나오기 때문에 닥치고 10점  
20150722,10,감독이름이 야하네요^^  
20150712,10,왓슨이다... 꼭본다  
20150613,10,엠마 왓슨 이라서 무조건 보러간다 다른 배우도 다 좋고 음악감독도 원작 감독님 이고 이건 망할수가 없다 2년이나 남았다니 이거 개봉후엔 엠마 왓슨의 새로운 대표작이 되길  
20150531,10,캐스팅ㅠㅠㅠ캐스팅ㅠㅠㅠ캐스팅ㅠㅠㅠ  
20150502,10,루크에반스와 엠마왓슨이라니...♥?  
20150418,10,개인적으로 해리포터 팬인데 엠마왓슨에 빠졌어요ㅜㅜ 여배우 엠마왓슨 최근에 생일이였는데 생일 축하드리고 미녀와 야수도 잘 찍어주면 좋겠습니다! (영화관에 상영하자마자 달려갈 영화)  
20150413,10,루크에반스가 나오기에...♡-♡  
20150401,10,엠마 왓슨에 조시 게드라니!!!내가 좋아하는 배우들이라니!!!!  
20150328,10,"엠마 왓슨 주연, 엠마 톰슨 조연해리포터시리즈에도 함께 나왔던 엠마듀오 기대합니다!  "
20150326,10,디즈니 최고 명작을 실사로 만날 수 있다니!  
20150321,10,엠마왓슨 주연이라는 소리에 달려왔습니다!! 신데렐라에 캐스팅이 안 되었다고 해서 실망했었는데 미녀와 야수에서 보게 되다니!! 개봉하면 무조건 봐야겠네요:D  
20150320,10,진짜 나오면 반드시 본다.  
20150316,10,엠마왓슨이 주연이라니ㅎㅎ빨리 개봉했으면 좋겠네요!  
