0,1,2
20161228,10,대박!!! 이건 꼭 봐야해!!!!  
20161228,9,스타워즈 시리즈의 모든 이야기를 관통하는 로그원!! 스타워즈 팬이라면 필관람!  
20161228,9,희망의 시작 그리고 그의 귀환! 멋지다!!  
20161228,10,방금 국내 최초 상영으로 보고나왔습니다!초보자도 매니아도 모두 함께 즐길 수 있는 스타워즈의 새로운 시작. 액션영화로도 훌륭하니 꼭 관람하시길 강추 합니다!  
20161228,10,"SF 넘어 우주영화의 끝판왕 스타워즈, 오랫동안 기다린? 보람이 있었네요 새로운 인물, 스토리,시대모든것이 설레였고 흥미진진했습니다 다른 시리즈가 더욱 더 기대됩니다  "
20161228,10,스타워즈에 대해 잘 모르고 봤는데도 재밌었다! 액션도 최고!  
20161228,9,포스가 함께 하기를!!  
20161228,10,짱이요 그냥 짱꼭 보세요  
20161228,10,또 보고싶고 재밌는 영화네요  
20161228,10,완전 재미있어요! 역시 스타워즈!!  
20161228,10,스타워즈 기다리가가 너무 멀어 슬펐는데  넘나 기쁨!!스핀오프지만  로그라는 제목이 무척 맘에 들었다. 역사는  힘을가진  주인공들보다 촛불집회에서처럼  주인공같지 않은  이름없는 주인공들이 만드는게 아닌가!!!  
20161228,10,스타워즈 입문자에게도 재밌는 최고의 스타워즈 스토리  
20161228,9,짱입니당~~~ㅋㅋㅋ고어냔ㄴ  
20161228,10,화려한 영상과 탄탄한 스토리. 로그온: 스타워즈 스토리 기대한 만큼 정말 재밌네요. 완전 강추입니다. ㅎㅎ  
20161228,10,와~ 대박이네요.. 스타워즈의 새로운 탄생에 포스가 있기를~  
20161228,10,<왕십리 cgv 시사회> 진짜 기대 그 이상의 영화!!!  
20161228,10,내가 원하던 나의 첫 스타워즈!  
20161228,10,굿~재밌게 잘봤어요~!  
20161228,10,희망의 전주곡 그 이상 역대 최고!  
20161228,10,스케일 짱~~ 역시 기대를  저버리지 않음  
20161228,9,스타워즈4.5.6이 돌아왓다. 아재들을 위한 영화.  
20161228,10,그들은 용감했다. 하지만 나는 다스베이더를 보고 열광했다~~  
20161227,9,스타워즈를 잇는다는것만으로도 의미있는 작품.또한 견자단과 같은 동양배우들의 출연또한 색다르다.SF광으로서 꼭봐야만하는 시리즈의 완성판  
20161227,9,스타워즈의 역사를 새로 쓸 작품! 정식 시리즈보다 뛰어난 번외편? 새로운 캐릭터들과 스토리가 스타워즈팬들에게도 큰 재미네요!^^  
20161227,10,펠리시티 존스 짱이다~!  
20161227,10,존잼이에요! 감동 전율 !!!  
20161227,10,굿굿재밋네요 새로운 시리즈의 시작  
20161227,9,스타워즈 첫 시사회 당첨!!! 우리나라 최초 스타워즈 관람객이 되네요!! ㅋㅋㅋ 기대됩니다!!!  
20161227,10,스타워즈시리즈는꿀잼  
20161227,10,이런 스핀오프라면 두 팔 들고 환영합니다.  
20161227,10,너무 재밌어요 짱짱!!! 로그원 대박나라><꺄앙  
20161227,10,새로운 스타일의 스타워즈시리즈의  시작을 알리다  
20161227,10,스타워즈 최고의 마니아들이라면 무조건 봐야 한다  
20161227,10,전쟁 영화같은 스타워즈라니! 끝내주네요!  
20161227,10,클래식 트릴로지의 팬이 기다리던 프리퀄은 이런 것이었다.  
20161227,10,스타워즈 시리즈는 만점 안줄수가 없죠  
20161227,10,스타워즈 광팬으로 이런 영화는 언제나 환영입니다!! 로그원 후속편도 만들어주세요~  
20161227,9,그래도 깨포보단 낫다 마지막 3분 최고  
20161227,10,워커의 거대한 스케일이 기대됩니다. 엑스윙 파이터를 다시 보게 되는군요!  
20161227,10,무조건 스타워즈는 다스베이더  
20161227,9,역시 스타워즈는 딴 영화랑 다르네요ㅎ  
20161227,10,스타워즈는 스타워즈지!!!  
20161227,10,역쉬나 견자단 형님 제일 기대됐었는데 짱이여여  
20161227,10,2016년에 볼수있는 마지막이자 최고이고 역사가 깊은영화 로그원:스타워즈 스토리! 꼭 cgv IMAX에서 관람하세요!  
20161227,8,재밌습니다! 대박나세요!  
20161227,9,스타워즈 월드의 성공적 확장! 앞으로가 더 기대된다!!  
20161227,10,올해 마지막을 장식하는 최고의 영화!꼭 IMAX3D로 보세요!!!  
20161227,8,매즈 미켈슨 나오니 기대가 되네요~ 스토리가 좀 탄탄했음 좋겠다ㅋ 견자단형님 여기서도 무술하까ㅎㅎ  
20161227,8,시간 가는줄 모르고 재미있게 잘 봤네요~^^  
20161227,10,스타워즈 시리즈의 최고봉이네요~ 아맥3D효과 최고~!!! ㅋ  
20161227,10,cg 월드인 스타워즈를 리얼 월드로 바꿔놓았다!  
20161227,10,3편이후의 공백을 절묘하게 매울 스토리와 스타워즈 특유의 분위기를 느낄 수 있어요. 깨어난포스에서 생각보다 실망스러웠는데 개인적으로 이번작으로 땅치고 올라갈거 같습니다  
20161227,9,안 봤지만 기대감은 이정도  
20161227,9,끝나지 않는 스타워즈 스토리는기다림을 헛되게 하지 않았다!  
20161227,10,말이필요없다  그냥 즐기면 된다 스타워즈는 영원하니까  
20161227,9,스타워즈 시리즈의 명맥을 다시 한번 살려주면서...  
20161227,10,짱 잼있어요 아이맥스로 두번 보세요  
20161227,10,"말 그대로 군더더기 없는 스핀오프! 이전에 봐오던 느낌과는 확실히 다르지만 새롭게 등장하는 캐릭터들의 다채로운 매력과 스피드있는 전개에 푹빠져서봤네요 ㅎ 시사회로 봤는데 마지막 그분의 포스에는 다시 한 번 또 전율하게되네요 두 번,세 번 보세요!!!  "
20161227,10,SF의 전설이 된 스타워즈의 외전. 숨은 이야기를 펼치다.  
20161227,10,정말 SF의 진수를 보여 주네요. 스타워즈 어릴 적부터 왕 팬인데 너무 쪼아~~ 행복해~~~  
20161227,9,스타워즈 잖아요. 고민할 이유가 있나요 ㅎㅎ  
20161227,10,역시 전설대로. 스타워즈는 영원하다.  
20161227,8,역시 한 해의 마무리는 스타워즈로#  
20161227,10,와아아아!!!지난화는 다스베이더 못봐서 아쉬웠는데스핀오프라니ㅠㅠㅠ 너무 기대됩니다~~!!!  
20161227,10,시사회로 보러왔는데 완전 기대되네요 ㅋㅋ  
20161227,8,스타워즈의 명성을 이어가는 한 편이라 해도 모자람이 없다.  
20161227,10,이게 진정한 최고의 프리퀄  
20161227,10,이영화는 단순히 사람들이 아는 그런내용이아니라 또하나의 스토리가존재하며 이부분은 밀수없지만  저에게는 재미를 선사해준거로 좋습니다  
20161227,10,얼마만에 아이맥슨가요 기대됩니다 !  
20161227,10,이런 영화를 볼 수 있다는 자체가 행운이다. 너무 재밌고 스펙타클한 영화. 최고다.  
20161227,10,자자빙크스가안나오는군요 일단10점드립니다  
20161227,10,원작에 대한 존경을 베이스로 다양한 바리에이션을 꿈꾸다  
20161227,10,기대됩니다! 베이더경을 볼수있다는거 자체가 너무 좋습니다.  
20161227,1,이럴수가....스타워즈 백미인 광선검대결이 없다니 ㅠㅠ  
20161227,10,자단 성님 싸롸있네~~~  
20161227,10,올해 마지막 액션 블록버스터는 로그 원인듯. 액션은 4DX로 봐야함  
20161227,8,평식이형이 7점줬다는건 평균이상이라는 뜻인데.. 문제는 내가 스타워즈시리즈를 몰라서 볼지말지 고민이넹  
20161227,9,평식이형 왠일인교 왠만해선 5점대인데 묻지도 따지지도말고 보러가야 것네  
20161227,10,스타워즈 로그원클래식은 영원하다!!아이맥스로 보는 우주의 대서사시!  
20161227,10,스타워즈 로그  원  시사회날이다  
20161227,10,무슨 일이 있어도 반드시 본다  
20161226,1,"진부한 스토리 짜집기.,....매니아 아님 절대비추..결말없는 다음기회에식 마무리..  "
20161226,10,읅 빨리빨리 4DX로 봐야지  
20161226,8,J.J 에브럼스가 싼 똥을 가렛 에드워즈가 치우는 느낌?  
20161226,10,박평식이 7점 줬기 떄문에 안심하고 예매합니다.  
20161226,10,박평식이 7점 줬다... 볼만하다는거다 ㄹㅇ  
20161226,1,미국에서 봤습니다. 스타워즈 시리즈를 열번은 넘게볼만큼 팬이지만 졸린눈을 뜨느라 고생했습니다. 볼만한 영화가 딱히 없을때 다운받아서 집에서 볼만합니다. 메타크리틱에선 65점으로 평가가 안좋습니다.  
20161225,10,난 벌써 봤음  결말은 다죽음 견자단이 졸라 멋지게 죽음 그리고 마지막에 레아공주 나와서 데스스타 설계도를 건네받지.  
20161225,1,쭝국무협지 스토리의 서양실사판... 양념으로 쭝국배우들을 살짝 곁들임..  
20161225,5,감독도  별루고 예고편도 재미 없어 보이고..  
20161225,10,2016년 마지막은 로그원으로 마무리 해야지기대 되고 재미겠다  
20161225,10,스포하는애들 여럿있네 니네 마스터알바지?ㅋㅋㅋㅋ진짜 인성수준하고는;; 영화안보신분들 밑으로내리지마세요 스포하는 미친X들 있어요  
20161225,9,한국인들이 가장 관심없는 영화. 김치싸대기가 안나와서 인가..  
20161225,10,저 베트남에서 봤는데 꿀잼   (새드앤딩) ㅠ(스포) 다죽음 ㅠ  
20161225,10,견자단형님 의리죠!!!!  
20161225,10,한국에서 아직까지 sf 장르를 애들 영화 취급하는 사람들이 많아서 더구나 마블하고 비교 잣대질 하지만 스타워즈는 전세계 영화 역사를 바꾸었다. 요번 편은 시리즈를 다시 만든 작품으로서 기대된다. 1편이 79년에 나온걸 기억하길.  
20161225,5,스타워즈 vs 가오갤  그냥 가오갤이나 볼란다  
20161225,10,로드 베이더가 두번등장 중간부분 그리고 마지막 레벨우주선안에서의 학살 이두장면 만으로도 스타워즈팬에게는 큰 선물이었다.  
20161224,10,견자단 행님이!!!!  
20161224,7,그리 나쁘지는 않지만 오리지널 시리즈에 비해 전체적인 스케일은 좀 떨어지는 듯. 갠적으론 견자단은 나름 멋있게 나왔다고 생각함. 뭐 중국자본이 꽤 들어가서 그러는지 모르겠지만 조연으로 중국배우가 2명이나 나오지만 나름 좋은 연기 보여 줌. 큰 기대없이  
20161224,1,데스스타 겁나게 우려먹네 진짜..  
20161224,10,이 영화는 진짜 감동적임  스포일러: 결국 중요한 애들은 자신으임무 끝까지 다하고 쥬금 ㅠㅠ 봇시면 알겁니다  포스와 함께하길  
20161223,8,호주에 먼저 상영해서 친구랑 봤는데 기대보단 나쁘진 않았던듯.. 근데 스타워즈 특유의 제다이 싸움이 없어서 스타워즈만의 재미는 못느꼈던거같아요 .... 그리고 결말이 행복하지만은 않네요..  
20161222,1,"전  시리즈 다 봤지만, 이전편이 핵망이었기 때문에 기대감이 없고. 알바들이 10점 평점 작업하는 거 보고서 개봉전 기대감은 0%다.  알바들 어떻게 못하나? 정말...  "
20161222,10,처음은 약간 지루한데 뒤로 갈 수록 심히 빠져듬. 스타워즈시리즈 중 역대 최고~!!!  
20161222,10,깨포보다 훨씬 낫네. 제다이가 안나와도 재밌을 수 있다니.. 시간만 되면 극장에서 열번은 보고 싶은 시리즈 마스터피스.  
20161222,8,마지막 5분..좀 처럼 보이지 않던 포스가 다스 베이더로 부터 깨어난다.  
20161222,8,"외전인척 구라치는 진정한 의미의 클래식 3부작의 프리퀄 영화 1,2,3같은 OOO기 프리퀄이랑 격이 다른 진정한 의미의 클래식 시리즈 팬보이의 고퀄 팬픽영화  "
20161221,1,뭐냐 저번엔 흑인 나오더니 이번엔 짱깨냐 ㅋㅋㅋ 웃음밖에 안나온다 정말 ㅉㅉ 요즘 스타워즈 시리즈 왜 이러냐  
20161221,10,이번 영화는 어떻게 되든 암울하게 끝날 수 밖에 없음... 진짜 전부터 나왔던 얘기처럼 제다이의 빈자리가 느껴질듯 그래도 기대하고 있음  
20161221,8,날 가져요 매즈 미켈슨!! 한니발 렉터  
20161221,10,견자단 때문에 동양에서도(우리나라 포함)이전보단 더 인기가 있을듯 하네요.  
20161221,10,최고   로그원 보고 에피소드 4부터 다시  봄 . 스타워즈 시리즈 중 단연 최고  
20161221,1,스타워즈시리즈를 통틀어 대표적 망작임.... 절라 을려먹을려고 시간끄는 개수작뿐으로 안보임...  
20161220,10,늦게 개봉하는이유가 머냐  대체  이미 토렌트에 풀리고잇다  
20161220,8,꼭 다 죽여야만 속이 후련했냐?  
20161220,8,해외에서 이미 보신분들이 많군요. 한국개봉이 많이 늦게 개봉하는듯 과거스타워즈 비슷하다니 일단 기대!  
20161220,10,오오 다스베이더의  화려한 컴백  
20161220,10,최고네요. 기대했던것 보다 그 이상 이었음~  
20161220,10,그냥 보세요 ㅋㅋㅋ 최고 입니다!!!!  
20161220,10,"내가 원했던 모든 것이 있는 영화액션 블록버스터를 좋아한다면 , 그리고 감정적인 부분까지도헐리우드판 <암살> 을 보는 것 같았다.  "
20161220,4,스타워즈 덕후인데..이번 스타워즈는 실망했음 역대 스토리중 제일 진부했고 디즈니 스러운 예상되는 스토리에 배역까지 산만하고 정신없고..특히 여주인공은 정말..이럴려고 나왔나..견자단 하나 볼만했음.개인적으로 북미 대박이네 뭐네 이해 안가는 1인  
20161220,10,이번에는  스타워즈 시리즈가  빨리 나온 듯 하지만  당연이  볼러가야겠다  
20161220,10,항상 기대된다는....거기다 견자단!!!!  
20161219,10,스타워즈 역사상 가장 무시무시한 다스베이더의 모습을 볼 수 있음  
20161219,7,기대 안하고 봤는데 괜찮긴 하네요 맨 마지막 부분만 ㅎㅎ  
20161219,10,여주 남주 다 죽고요 다스베이더가 끝까지 추격하다 놓치고 결국 설계도가 레아공주에게 전달되는 장면과 하이퍼스페이스로 떠나는 장면으로 끝납니다  
20161219,10,결말은 다죽고 마지막에 레아 공주가 나와서 끝 ㅍㅌ다  
20161219,10,스타워즈를 제다이 보려고 본다고?ㅋㅋㅋㅋ 참...급식들 알아줘야한다니깐?  
20161219,10,오호미. 영춘권 보러 가야겠다.  
20161219,10,스타워즈 세계관이 얼마나 많은지 사람들은 모르고 있다. 소설도 엄청나게 많고 주인공들도 다야하고 우리가 대표적으로 아는 루카스작품만 있는게 아니란 것!  
20161219,10,스타워즈 팬이면 마지막 몇 분에 짜릿함을 느낄것임..  
20161219,7,일단 견자단 영춘권  안씁니다... 무술기대하지마세요. 스타워즈 깨어난 망작보단 낫지만 여전히 안타까운게 많은건 사실입니다. 이 영화는 다른거 다 무시하고 마지막 다스 베이더 보러간다고 하는게 정답입니다.  
20161219,10,스타워즈는 에피소드 1~3만 리부트해서 다른 감독이 다시 만들었으면 좋겠습니다. 볼때마다 그놈의 발연기에 이상한 연출에.. 볼때마다 느끼는거지만 루카스는 감독으로는 꽝이에요.  
20161219,9,"미국에서 보고 등록합니다 진짜 재밌어요ㅠ 개그도 적절히 들어가고 재밌어요. 하지만 포스나 제다이 이런 스토리가 없고, 주인공들 서포트하는 사람들 이야기, 번외편이라고 생각하는게 좋아요  "
20161219,6,오늘 보고왔는데 후반 30분만 잼있다 그전까지 정신줄 잘붙잡아라  
20161218,10,엔딩 바톤터치릴레이  베이더형에 우주최강포스   스타워즈팬으로 최고다 끝까지꼭보시길  
20161218,10,한국 알바들 평점 테러 수준 ㅉㅉㅉ  
20161218,9,진짜 잼있게 봄. 7편보단 이게 훨씬나음. 견자단 싸움씬이랑 에피소드 4로 이어지는 다스베이더 광선검씬은 진짜 ㄷㄷㄷ  
20161218,6,멍청한년들 누구 나온다고 평점10점씩 때리는거 졸라 꼴보기 싫다 OO같으년들...  
20161218,10,와 주인공 다 죽네요~! 감동적인 비극임  
20161218,9,보신분들 공중전 오래 나오나요 깨포는 너무 잠깐 나와서 아쉬웠었는데..  
20161218,9,진어소 너무 불쌍하다 ㅜㅜ 하지만 갤럭시를 지켜냈으니 9점드립니다  
20161217,10,완전재밌을듯!!!♡♡♡  
20161217,1,일본서 봤어요..기대를 너무한것도 있겠지만..올드팬으로서 마음 비우고 보시길..  
20161217,9,스타워즈의 외전입니다  
20161217,9,방금 해외에서 봤는데 제국의 역습 이후 최고의 스타워즈인것 같아요!! 1점 깎은건 제다이가 안 나온다는 아쉬움...하지만 짧고 굵은 다스베이더 개간지!  
20161217,10,스타워즈가 어쩌다 이렇게 됐냐... 안타깝다. 그놈의 돈이 뭐길래  
20161217,7,마지막 다스베이더나올때 개간지엿음  
20161217,8,"일본에서 개봉일에 봤는데, 영화를 보기 전 에피소드 4를 한번 다시 보는 것도 나쁘지 않을 것 같네요. '아 이런일이 있었구나' 하는 정도? 다소 늘어지는 느낌이 있었지만 다스베이더 때문에 8점  "
20161217,4,역대 스타워즈 중에 가장 재미없게 봤네요..진심으로 스타워즈 팬인데..이 감독이 너무 영화를 못만드는듯..이 평점4점은 마지막 다스베이더 땜시 안줄수가 없네요..  
20161217,1,뭐지? 제다이가 없네? 그런데 스타워즈라고?  
20161217,10,일본에서 먼저 봄. 불만이 없는건 아니지만 스타워즈 시리즈 좋아하는 팬이라면 꼭 챙겨봐야할 영화. X윙 공중전은 역대 시리즈 중 최고! 라스트의 에피4로 이어지는 장면은 백점 만점!! 마지막으로 아이맥스로 보길 추천~ (우주의 스케일을 체험하려면)  
20161216,8,싱가폴에서 개봉해서 어제 관람 했습니다. 저는 예전 스타워즈를 좋아해서 그런지 몰라도 재미있게 봤습니다.  마치 과거의 스타워즈를 현재에 다시 촬영한것처럼 느껴져서 너무 좋았습니다.  
20161216,10,여기 1점 주는 사람들 보면 이게 처음으로 하는 평점인 사람들 많네. 뭐지 알바들인가?  
20161216,1,평점 조작 오지는 영화입니다  
20161216,10,배우 누가 나온다고 빨아대는 극혐 벙딘들은 스타워즈 볼 줄 모르는 머절이들이지. 아래 벙딘들 참 많네  
20161216,10,스톰트루퍼... 클론을 다시 복제하고 그 복제한 클론을 또 복제한거냐... 여자가 몽둥이로 슬쩍 툭 쳤는데도 그냥 쳐 눕네;;  
20161216,10,견자단 헐리우드 진출 드디어 했다는사람들이있는데 ㅡㅡ; 이미 진출한지 15년넘었는데 웨슬리스나입스 주연의 블레이드2에 출연한적있음  
20161216,8,현재 인니 거주중으로 여긴 개봉을 해서 관람했습니다.재밌게 봤네요. 다스베이더가 등장하는데 역시 포스가 장난 아닙니다^_^  
20161216,1,보면 후회. 안 보면  돈 절약.  
20161216,10,가렛 에드워즈 감독.. 이전 작품 2014년 5월에 개봉한 [고질라 2014] 감독인데 시각효과가 뛰어나서 이번에 어떤 극장화면에서 보일지 ... 고질라 2 에서 하차한 이유.. 자신의 작은 규모의 프로젝트 집중 때문에..  
20161216,9,호주 개봉해서 봤는데요 초반에 이야기를 이해 시키기 위해서 조금 지루하지만 중반 후반 개꿀잼. 스타워즈 팬이라면 추천합니다.  
20161215,9,해외에서 봤는데 초반에는 재미가 없어서 지루하기는 한데 누군가 죽고나서 중반부터 재미있었어요 결국에는 sadending?이지만 볼만한 영화입니다  
20161215,9,"독일은 14일에 이미 개봉해서 직접 보고왔습니다. 오리지널에서 제다이들이 포스로 적을 압도하던걸 생각하고 영화를 본다면 실망스러울것이고,, 죽어나가던 병사들의 심정으로 보면 공감 될것으로 생각됩니다.  "
20161215,1,딱보니 짱꼴라 머니 쏟아 부은 할리우드  짜장 영화 구만??  스타워즈에 견자단이 왠 말이야 어휴 ... 극혐  
20161214,5,미국에서 개봉날 보고 왔습니다.. 그냥 스타워즈 시리즈치고는 재미가 없네요  
20161214,10,스타워즈 시리즈 너무 좋아하는데  새로 나왔다고 하니까 꼭 보지 않을 수가 없네요. ㅎㅎ  
20161214,10,자단이형 헐리우드 진출했넹대~박!!  
20161214,1,스토리 이어서 바로 하지 잘가다 왜 또 스핀오프 삼천포로 빠지지... 터미네이터 처럼 대충 찍어내지 말라구.  
20161213,10,완전기대!! 스타워즈사란해요ㅠㅠ그리고 저위에분... 자자뱅크스아니고 빙크스입니다..  
20161213,10,핵잼일 것 같네요11살올림^^:  
20161213,10,견자단 내사랑 견자단 나온다니꼭 볼거야 ㅠㅠㅠ  
20161213,10,예고편에서 음?견자단이 스친거같아서 검색해보니 진짜 나오네 ㅋㅋ  
20161212,10,"10일 LA 상영관 시사회에서 로그원은 극찬을 받았다고 합니다. 최고의 스타워즈이고, 루카스감독도 만족했다고 하니 기대를 안할 수가 없네요.  와이프 손 잡고 영화관으로 고고싱~  "
20161212,10,펠리시티 존스 너무 좋다. 거기다 견자단까지. 스핀 오프지만 꼭 봐야지.  
20161211,10,북미 시사회평~  스타워즈 전시리즈 통틀어서  최고랍니다.  기대합니다.  
20161211,10,이것도 나오는데 포스언리쉬드 좀 잘 압축해서 한편으로 나오지 코타장군  
20161211,6,이감독 연출력  평점이  영~~~아닌듯한데....  
20161210,9,아버지께서 돌아 오셨습니다.  
20161210,9,이 영화에 리신 나온다던데 사실인가요?  
20161210,10,깨어난 포스는 스타워즈 치고는 망작이고 실패작에 적들도 허접해서 아동용 느낌을 지울 수 없었는데 이번작은 뭔가 오리지널의 그 포스가 느껴짐  
20161210,5,스핀오프... 기존 시리즈를 너무 인상깊게 봐서 걱정된다  
20161209,10,데스스타는 만들어졌으니 저작전은 실패한건가?  
20161207,8,"“이번에 성공 못하면, 될 때까지, 승리할 때까지 영화를 만들겁니다”  "
20161207,5,솔직히... 로그원은 좀... 기대가 안가긴한다 그래도 어쩌리 봐야지 ㅜ  
20161207,10,새로운 스타일이든 뭐든 스타워즈 시리즈 자체가 한국에선 대박치긴 어렵다. 어쨌든 대단한게 나오길 기대해본다.  
20161206,10,불쌍한 스톰트루퍼..학살을 당하겠지...ㅠㅠ  
20161206,6,궁금하다..왜..조지루카스는..예전처럼스타워즈안만들까...  
20161205,5,디즈니 는 스타워즈를 말아먹지는 않겠지..?  
20161205,10,경자단이 나오는데 관심이 안길 수 없지. 우주의 기운이 함께 하기를  
20161205,10,기대감만큼은 정말 최고다  
20161204,10,스타워즈 !!! 기대합니다.  
20161204,10,스타워즈 시리즈는 다꿀잼 이어서  
20161204,10,오래 긱다리지 않아서 좋구만. 근데 베댓 중에 어둡고 진지했으면 좋겠다는데 그건 스타워즈의 모토가 아닐텐데?  
20161202,10,스타ㅏ워즈흥해라만만세  
20161201,10,스타워즈여 영원하라!!1!!  
20161201,10,크리스마스전에  개봉안하는 거냐  대체 왜 그러냐 응 응?  
20161130,9,스타워즈+펠리시티존스까지... 그럼 된거야..  
20161128,10,짜증난다 군대 가고 개봉하네  
20161128,10,다스베이더 등장 -> 10점  
20161126,10,스타워즈는 나에게는  항상 최고의영화..  
20161125,10,매즈가 나온다면 봐야하는 것이다..!!!!  
20161125,10,이영화는 스타워즈시리즈에서 어느때를 배경한 영화 인가요 베이더경이 나온다고 하는데 초기는 아닌것 같고오~~  
20161121,7,스타워즈팬으로써 보긴하겠지만 전편처럼 망작일거 같은..예고편보니 기대는 버려야할듯  
20161120,10,이번편에서 다스베이더가 나오는듯 신비한 동물사전 아이맥스 관람시 스타워즈 예고편에 나오더군요  
20161118,10,광선검이 안나오는거 같아서 아쉽지만 재밋겟네요  
20161114,10,스타워즈는 전부 봐야됩니다.  
20161112,10,작년부터기대하는중ㅋ  
20161112,10,매즈 미켈슨은 사랑입니다. 스타워즈도 사랑입니다.  
20161112,2,뭔가 어설퍼 보이네....  
20161111,1,그만... 제발 그만...  
20161111,7,영화는 훌륭한데 . . . 레이저 쏘는 영화는 왜 늘 과학발전이 스케일만 커지는지 보기 힘드네요 . . .  
20161111,10,스타워즈를 계속 보려면 오래 살아야 겠죠  
20161110,10,"아, 정말 오래 기다렸습니다. 에피7의 '큰' 아쉬움을 만회할 수 있으리라 믿습니다.  "
20161109,10,다스베이더를 극장에서 다시 볼수있는건만으로도 볼가치는 충분  
20161106,10,예~^^ 내가 좋아하는 다스베이더가 부활한당  
20161103,10,허벌나게 기대된다! 대박이다잉  
20161101,10,견자단+진 어소 믿는다.  
20161101,7,로그원이라.... 중국의 자본력으로 부터 기존의 스타워즈를 지키고 싶었던 것이 아닐까?  
20161025,5,스타워즈도 중국용으로 바뀌는건가...흠...  
20161022,10,연말까지 어떻게 기다려? 크리스마스에 개봉해야지!!! 팬들의 힘으로 개봉일을 앞당깁시다!!!!  
20161016,10,"입 닫아 1점들아 이건 그냥 영화가 아니야. 단지 스타워즈라서 보고, 견자단 캐리+진 어소 걸크러쉬+스타워즈여서 본다. 개봉일 당일 본다.  "
20161016,10,실화라서 더재밌는 영화  
20161016,1,"카일카탄이 나온다 어쩐다 해서 누군가 봤더니 게임 스타워즈에 나오는 캐릭터...스타워즈도 어지간히 우려먹어야지..게임,애니부터 해서 레고 애니시리즈까지...마블이나 dc는 다양한 캐릭터와 개성이라도 있지..이건 그냥 우려먹기...  "
20161014,10,"스타워즈... 설마 DC꼴 되는 건 아니겠지? 배대슈랑 깨포 망작, 수어사이드 스쿼드와 로그원 예고편은 최고. 하지만, 막상 개봉하니 역쉬 망작... 수순으로 가지 말아주길. 어쨌든 최종 예고편은 정말 멋지게 잘 나왔다.  "
20161009,10,베이더형님  뒷퉁수만보고  뻑감~~~~!!!! 쓰으읍하아~~~~  
20161008,8,그 사람이 나온다니까.  
20161002,10,"섀도우트루퍼 쇼어트루퍼 등 비쥬얼은 깨포보다 백배 낫다. 퍼오 스톰트루퍼는 동글동글 어린이용 저금통같이 생겨먹어서 영 맘에 안 들었는데, 로그원은 훨씬 가오가 나오네. 새로운 기체도 많이 등장하고.. 설마 깨포처럼 빅엿을 주지는 않겠지  "
20160926,10,견자단^^ 모든것이 포스의 뜻이니  
20160926,10,뭔 말이 필요하겠냐! 그냥 보는거지  
20160926,10,헐. 매즈미켈슨 나와. 이번 시리즈 대박 ㅎㅎ  
20160926,10,12월 개봉이라닛! 넘나 감동적이야 (여주인공 걸크러쉬 대박)  
20160926,10,빨리 보고싶습니다 얼른 개봉해주세요ㅠㅠ  
20160926,10,스타워즈는 닥치고 개봉첫날 관람 예정  
20160926,10,이건 꼭 봐야됨 ㅠㅠ 필람영화임  
20160926,10,이제 점점 12월이 다가오는구나! 개인적으로 포스터는 이전 티저 포스터가 더 좋지만서도 영화는 뭐 보나마나 재미있겠지!  
20160926,10,말이 필요 없지 뭐... 스타워즈니까...  
20160926,10,스타워즈는 진리다..  
20160926,10,공개된 예고편 영상을 보니 기존의 스타워즈와는 뭔가 다른 느낌이네요! 좀 더 즐길 수 있는 작품이 된 것 같습니다  
20160926,10,그래도 스타워즈인데 기대 기대합니다  
20160918,10,스타워즈는 오져 이 짭새들아 넘보지마 흙수저들아  
20160916,10,다시 앞당겨졌네요 나이스~  
20160915,10,영춘권 제다이 기대해봅니다.연화권으로 트루퍼 때려눕힐듯  
20160914,1,난 왜 스타워즈가 재미없을까?  
20160911,10,왜 내년 1월이야?!!!!  
20160902,10,그분께서 돌아오시다니ㅠ ㅠ  무척 기대됩니다^^!!  
20160823,10,다 필요없고 포스 광선검 필요없다 견자단 횽이 영춘권으로 우주를 쌈싸먹을 것이다. 다스베이더 저리가라할정도겠지 덤벼라 다스베이더  
20160821,10,우우와아아아아앙 저 영화는 꼭봐야되~~  
20160821,5,스타트렉도 그렇고 . . . 무슨 스타워즈가 동네북이냐고! 아무나 연출시킬래?ㅉㅉ 당췌 10여년전부터 히어로물들 나오곤 전부퇴보하냐  
20160819,10,"그래서 카일 카탄이 나온다는거야, 안나온다는거야 ?ㅜ.ㅜ  "
20160818,10,2차 예고편 보고 다스  베이더 나올 뜻  
20160817,10,다스베이더는  분명 나온다. 오비완 케노비는...? 혹시 견자단? 포스 어쩌구 하는걸 보니...  
20160817,10,견자단.금의위에서 개간지였는데.견자단 검술이라면 제다이 정도는 한다스를 갖다놔도 단번에 쓸어버리지  
20160817,10,로그원 작중 인물들 모두 사망. 레아 공주에게 데드스타 디스크를 마지막 넘김. 그 정점에는 다스 베이더...모두 죽였지만 로봇에 의해 카피 디스크가 레아에게 도착하며 엔딩...  
20160813,10,견자단 형님 지렸습니다 ㄷㄷ 제다이보다 훨씬 더 쎄보이시던데  
20160813,10,스타워즈는 자자 뱅크스만 안나오면 된다  
20160811,10,제다이와 광선검이 없어도 성공할수있기를 ㅎ 밀리터리요소를 충분히 살려도 스타워즈는 재밌을거임 ㅋ  
20160802,10,스타워즈 역시~~!!  
20160722,10,깨어난포스이후로 계속기다렸어ㅜㅜ사랑합니다♡♡  
20160721,10,와 ㅁㅊ 다스베이더 나와요 여러분 다스베이더가 나온다구요!!!! 드디어 그분을 스크린에서 보다니ㅠㅠ  
20160628,10,재밌겠다!!!정말 보고 싶다  
20160623,5,솔직히 감독을 봤을때 이 영화는 좀 불안한게 사실이다...  
20160619,10,빨리 나왔음 좋겠다!!매즈ㅠㅜ  
20160619,10,견자단출연 보니까 중국을 겨냥??암튼 대박나라~~^^  
20160608,10,와우 펠리시티 존스 ^^  
20160607,5,제대로 만들어 보자 쓰레기로 만들지 말고  
20160605,10,새로운 기체도 많이 나온다고 하니 꼭  봐야겠네요  
20160601,10,믿고 보는 가렛 에드워즈. <고질라>의 절반 수준으로만 나와도 평작은 된다.  
20160531,1,완성된거 보고 툇짜맞아서 재촬영 들어갔다합니다 ㅠㅠ 우려했던 감독의 실력이 들통났네요..  
20160528,10,이것도 기대되네...  
20160524,8,스타워즈의 일부팬들은 스타워즈가 더이상 제작이 안되었으면 하는 바램이 있다 그건 원작을 더 이상 훼손시키지 말았으면 하는 바램이지만 안타깝게도 디즈니는 스타워즈 시리즈를 계속 만들거라고 한다 아마 디즈니영화사가 망하지 않는한 계속 찍어낼거다  
20160508,10,에피 8 나오는 내년 12월까지 언제 기다리나 했는데 다행이군ㅋㅋ 올해 크리스마스 영화는 이걸 보는 걸로...  
20160420,10,예고편에서 AT-AT봤을때 다시 전율을 느낌...기대됩니다  
20160420,10,하아 이런 무겁고 진지한 스토리 좋아요!  마치 오락적인 분위기 마블적히어로를 보다가(스타워즈 본편)  dc히어로의 무겁고 진지한 분위기 보는것 같네. 일단 예고편까지는 합격 나오면 일단 바로 보죠 ㅎ  
20160419,10,정말 재미있을 것 같습니다.  
20160417,10,시리즈 사상 가장 어둡고 무거운 이야기가 될꺼라고 하는데 기대됩니다. 에피4인가 6에서 데스스타 설계도 빼내면서 엄청난 인원이 희생되었다고 나오는데 ㅎㄷㄷ  
20160416,9,견자단 나오는 거 보소. (중국 시장 겨냥 각)  
20160416,10,화려한 라이트세이버 검술을 못본지 너무 오래되서 심심한 찰나였는데 예고편 보니까 액션은 장난아닐거 같다  
20160415,9,"그래, 웅장하고, 거대함 보다는 미세한 스토리를 보여줘라. 스타워즈는 이야기 뻗어나가면 정말 무궁무진함.  "
20160415,10,와 예고편은 존잼이네ㄷㄷ  
20160415,10,스타워즈니까..! 기대 만발입니다!  
20160415,3,견자단....  이거 뭔가....  광선검 가지고 무술할 기세...윙~윙~  
20160415,2,jj에브람스가 감독해라!!!..  
20160415,10,"A REBELLION BULIT ON HOPE _ 데드스타 설계도 스틸이 아닌, 다스베이더 암살작전으로 풀어냈다면? 놀란의 배트맨 비긴즈같은 느낌 그외 - 암살/작전명발키리 연상 저항군 스파이들의 SF 전쟁 블록버스터랄까?!  "
20160415,1,나도  스타워즈  전 시리즈 마스터 하고 팬 이지만 ~  이번 스타워즈 는  망한다에  한표~~  
20160413,10,감독이 고질라도 했었네  
20160411,10,첫 제다이가 나오지않는 스타워즈네요정말기대되요!!  
20160410,10,응? 깨어난 포스가 나온지 얼마나 되었다고 또 나오는거징 아무튼 환영 기대합니다. 견자단이 나오다니 중국시장도 노리는듯  
20160408,10,"예고편에서 부터 포스가 남다르다. 기존 스타워즈가  신화적이고 모험적인 영화였다면, 이번 영화는 어둡고 진지한 영화가 되기를 바란다. (물론 오리지널과 프리퀄이 진지하지 않은 것은 아니다.)  "
20160407,10,3과 4 사이 데스스타 설계도 얘기겠군요 베이더경만 나와도 대박터질듯 티저도 복고와 전쟁 분위기가 물씬나서 만족중입니다 디즈니 또 돈 쓸어담겠네요  
20160328,10,매저씨...스타워즈...주연..(털썩  
20160226,10,견자단 성님이 나오신다구..?!  
20160223,10,"아아아...12월까지 어케 기다리나,,,  "
20160215,10,꼭 보고 싶다.왜냐?스타워즈니까  
20160214,10,타킨 대총독도 출연한다는 루머가 있는데 사실이었으면 좋겠다.  
20160129,10,베이더경 나왔으면 헉헉  
20160129,10,어떤분께서 소재가 많이 떨어졌다고 말씀하셨는데.. 스타워즈 올드팬과 스핀오프작들을 많이 접해본 사람들에겐 세계관 최강인 매즈미켈슨 작의 Kyle katarn은 많은 인기를 가지는 캐릭터입니다. 현재 올드팬들 사이에선 난리났습니다 ㅎㅎ 기대됩니다.  
20160126,10,영어론 이제 'A Star Wars Story'로 바뀌었는데 한국어로는 여전히 앤솔로지네요.이대로 개봉할지 궁금  
20160123,10,설마 미켈슨이 베이더?  
20160122,1,망할 듯. 감독이 연출 영화 중에 제대로 터진 영화가 하나도 없는 걸로 봐선 이 영화 역시 쥬라기 월드 같이 그나마 이름값만 하고는 쓰레기 처리 될 듯.  
20160121,10,으어어억 너무 좋닼ㅋㅋㅋ  
20160120,10,아싸 수능 끝나고다 신난다야 헤레레레레렐  
20160104,10,자단이형 맨손으로 부탁해요~!  
20151228,10,매즈가 주연이라니요ㅠㅠ♡꼭 봅니다ㅠ!!  
20151226,10,어두운 이야기 기대합니다  
20151226,9,스핀오프 시리즈라 기대해보겠습니다  
20151224,10,견자단이 영춘권으로 스톰트루퍼들을 쓸어버리고 단신으로 데스스타 설계도를 가져오는 감동실화스토리  
20151223,10,드뎌10101010  
20151207,10,스타워즈니까... 우히힉  
20151124,10,헐.. 견자단 형님... 형님은 이런대작이 어울리죠..  
20151121,10,견자단이 제다이라고?.. 굳이 광선검이 없어도 우주를 씹어드실 기세인데;  
20151024,10,로그원도 재밌겠네요 ㅎㅎ 기대하겠습니다!1  
20151016,10,헐  견자단이 나오네  ㅎㅎㅎ 홍콩포스~  
20150907,10,내 매즈가 나오는데 안볼수가 있나 ^^*  
20150907,10,매즈 미켈슨이 나온다니♥?♥?♥?♥?♥?♥?  
20150830,10,로그 원 기대하겠습니다~ 그리고 가렛감독 화이팅~!!  
20150826,5,각 에피소드를 연결하는 내용으로 꾸며지겠네요~ 예전에 스타워즈 x윙 게임에서 각각 그랬던것 처럼 영화도 그렇게 만들어지나 봅니다.  
20150816,1,하필 고질라 만든 인간이..ㅠ.ㅠ  
20150803,10,굿굿굿굿굿굿굿굿굿  
20150728,10,"그래도 명색에 스타워즈니깐,!  "
20150328,10,스핀오프시리즈도 기대합니다!!!  
