0,1,2
20170124,5,회사의 이익만을 추구하는 무능한 간부와 산전수전 공중전 까지 겪었을법한 지미의 대결 구도로 영화는 시작되지만 결국 그 누구도 딥워터 호라이즌을 구해내지 못한다. 큰 스케일의 폭팔씬을 제외하곤 뭘 봐야할지 도통 모르겠다. 실화 바탕의 영화 중 최악이다.  
20170124,1,인터넷으로 다운받아서 봣는데 진짜 재미없다 시간낭비 돈낭비  
20170123,1,캬 인종차별주의자 나오는 영화네  
20170123,8,재난영화좋아사는 사람으로 폭발도 빵빵 아주 화려하고 볼거리많았네요 그런데 앞에는 좀 늘어지고 특유의 미국블랙코미디같은 쓸데없는 내용주절거리는 지루했었어요 그래도 볼만했던 재난영화에요  
20170123,10,현직 조선관련 해양선박 직업 종사자로서 굉장히 관심이가는 영화이고 무엇보다도 인재에의한 사고 그리고 인과관계등이 객관적인 시선으로  신파 없이 잘만들어졌다니까 궁금합니다  
20170123,1,토네이도의 짜집기에 막장한수  
20170123,10,아니 마크월버그때문에 1점주는애들 노이해;;  이건영화잖아ㅡㅡ작품성을보고따져야지 배우인성을보고 따지냐;;  
20170123,7,"실화를 바탕으로 만든 영화, 리얼리티도 잘살린 영화!!  "
20170123,9,와... 리얼하다 리얼해.  
20170123,10,"기대안하고 봤는데, 정말 생각이상으로 재밌었음/ 영화자체는 좋았어요!  "
20170123,1,결말요약:다터지고 끝납니다  
20170122,6,전개가 전문용어가 넘치고 왜 저질러 졌는지 너무 설명이 없어서;;;노공감;;  
20170122,7,피터 버그는 이제 이런 사실 영화에 도가 튼 듯..하지만 그 많은 재난 영화 속에서 이 영화 또한 별다른 건 없엇다..cg랑 연출은 진짜 훌륭한데  
20170122,1,내용도 없고 지겹다 차라리 판도라  
20170122,7,어느 날엔가 마주칠 재난은 우리가 소홀히 보낸 어느 시간에 대한 보복이다.  
20170122,2,"그나마 작품성때문에 2점 준다.인종차별주의자라고 칼맞고 싶어서 저러나, 그냥 속으로 삮였으면 당연 톱스타 반열은 아니더라도 명배우로서 남았을텐데.... 혓바닥이 문제여 문제  "
20170122,1,더러운 인종차별주의자가 주연이라니. 쳐다도 안본다.  
20170122,5,티비에서 예고편보고 판도라생각나서 검색해봄ㅋㅋㅋㅋ나만그런가  
20170122,8,흥미위주로 잘봤음 그냥 평범한 재난영화..  
20170121,1,예고편봤지? 그럼 다본거야. 11명 죽은 실화네. 다큐멘터리인줄.  
20170121,10, 배우들 연기력!! 완벽합니다~ 연출이나 모든면에서 부족함이 없는데 왜 평점이 낮나 싶었더니... 영화를 보구 알았네요 슬프다 ㅠㅠ  
20170121,1,우선고인들에게 애도를 표합니다.스토리가 없기 때문에 영화는 매우 지루함. 시간채우려는 쓸때없는 스토리에 잠을 청합니다.  
20170120,5,"딜런이나온다고해서 기대했는데 ㅠㅠ 분량다어디로갔냐,, 잘생긴 얼굴에 흙물만 잔뜩 묻쳐놔서 얼굴도 못알아보겠다  "
20170120,6,(시사회 관람) 압력의 무서움과 안전관리 중요성을 되새겨주면서 몰입감 돋는 영화이나 스토리는 그냥 정주행이 끝.  
20170120,7,영화 보다 끝났느낌 (허드슨 강의 기적 을 보구 제작 했으면)  
20170120,10,이 재앙의 시작인 본사관리자 놈은 어떻게 되는지 궁금하네요.현실에서 그런놈들은 잘먹고 잘사는데 영화에서라도 천벌 받았음 좋겠네 시원하게 벌받는지 보러가야겄어요.  
20170120,8,"실화를 바탕으로 해서 드라마적 소재는 더 넣지 못한 부분이 아쉬웠지만 수추선의 긴장감의 묘사, 실제 현장의 상태등을 보여주는 장면들은 놀라웠습니다. 부주의에서 나오는 재난의 무서움은 엄청나네요  "
20170120,1,"임팩트 없는 영화, 감동 없는 영화, 다큐멘터리같은 영화, 전달할울림이있는좋은소재를 이렇게밖에 못다루었나싶은 아쉬움이 묻어난다 평점 6점대에 맞춰지는게 적절하다는생각이든다  "
20170120,4,영화라 주인공 두넘을 미화 시켰다. 관리자들은 말 할가치도 없고  주인공 두넘은  자기일 끝났어도 위험을 감지 했으면  현장을 지키고 있어야지 한넘은 마누라와 노가리 까고 있고 또 다른넘은 축하파티하고서 샤워하고 있고 .  영화 초반은 지루하다  
20170120,6,판도라가 더 와닿는 재난 영화였음. 딥 워터 호라이즌은 처음부터 끝까지 정신없는 스토리로 이어져 좀 정리안된 어수선한 느낌을 받았다.  
20170120,9,처음부터 마지막까지 눈을 뗄수 없게 만드는 영화네요!두시간이 지루할 틈이 없었습니다.손에는 땀이 줄줄 흐르고 마지막은 뭉클ㅠ개봉하면 한번 더 볼 생각입니다!  
20170119,3,진심 드럽게 재미없음. 실제상황에서는 없었을 주연배우의 영웅놀이부분부터 개지루 .... 박평식이 딱 3점 줄거라 확신한다.  
20170119,5,역시 미국 국민성 오바마탓은 안하네  
20170119,10,정말 현실감100% 리얼리티 재난 영화!순가픈 1분 1초 생과 사의 갈림길. 순간의 선택이 삶과 죽음을 결정한다.  
20170119,9,영화중반부터는 숨도 못쉼...영화 끝나고 숨 쉴 수 있어요  
20170119,8,"엄청난 재난을 커다란 스크린에 담았다. 그리고 사고가 나면 신속하게 대응 해서 인명피해를 최소화하는 것을 보여준 영화, 우린 아직도 멀었다  "
20170119,8,얼마전에 판도라를 보고 봐서인지 급이 다른 할리우드 재난영화에 감탄하고 갑니다^^  
20170119,9,역대급 재난 블록버스터  
20170119,7,책임감 있게 살아가는 것에 대하여  
20170119,9,스펙타큘 한 재난 영화 였어요  
20170119,10,정말 재미있어요안일하게 대처하면 큰사고가 나는걸 확인하니 너무 무섭군요안일하게 대처하지 말고 살아봅시다~~^^  
20170119,10,BP의 만행을 재조명한 실화 영화미국 개 나빠  
20170119,10, 비극적.긴박함.두렵고 무섭다  
20170119,10,모든 사고는 사소한 결점을 지나친것에서 시작한다. 안전불감증에 대한 경종을 울리는 영화  
20170119,10,안전불감증은 어디나 똑같다  
20170119,10,박진감 굿 연기력 굿 재밌네요ㅎㅎ  
20170119,10,최근영화중 대박영화다  
20170119,10,지금까지 본 재난 영화중 최고네요..대박이네요  
20170119,10,재밋어요ㅎㅎㅎ 짱이에용  
20170119,10,"돈,책임감,안전불감증이 일으키는 사고  "
20170119,8,시추선이라는작은곳에서 벌어지는 재난영화라 걱정반 기다반으로 봤는대 정말 기대이상으로 재미있었습니딘.특히 마지막에 사망자이름을 부르면서  명복을 비는장면정말 감명받았습니다. 개봉하면 또보고싶습니다.  
20170119,9,세월호 생각난다 먹먹해  
20170119,9,수천억원이 두사람때문에 바다속으로... 그러나 담백하고 웅장하게 그린 연출이 좋았다  
20170119,10,너무 무섭고 슬펐던 영화. 안전불감증이 얼마나 무서운지 알게해줬다  
20170119,10,최고짱좋아요보고싶었어  
20170119,10,생각보다 재미임네용 하하  
20170119,10,완죤 최 최고입니다♡♡  
20170119,10,흥미진진하고 재밌어요~ 실화 바탕 재난영화 추천합니다!!  
20170119,8,실화영화인데 잘만들엇다  
20170119,10,엄청 몰입 잘 되고 연출bb  
20170119,8,나라를 불문하고 안전에 소홀하면 엄청난 댓가를 치러야한다는 평범한 사실을 다시 한번 일깨워주는 리얼하게 잘 만든 실화 소재 재난영화!  
20170119,10,세월호생각나고 깊이있는 영화였어요  
20170119,8,보고싶었던영화~ 시사회로 일찍봤다너무 안타까운 사고.. 막을수 있었을텐데..언제나 안전이 우선인걸을 다시한번 느낌영화#딥워터호라이즌 #1월25일대개봉  
20170119,10,영화가 앞에서 일어난것처럼 생생하네요  
20170119,9,압도적 현실감! 재난영화 갑  
20170119,8,잘 짜여진 재난영화. 실회를 잘 활용한듯  
20170119,7,왜 세월호가 생각날까 이게 실화라니.... 어느곳에나 무책임한 사람이 있다  
20170119,10,너무 무서워요 ㅠㅠ 안 일어나길!  
20170119,8,배우들의연기력은최고! 눈을 뗄수가 없음!  
20170119,9,매우 감명깊게 잘 봤어요 제가 재난영화를 좋아해서 많이 보는데 그 중에서도 정말 재미있었습니다!!  
20170119,10,"딜런이 나온다고 해서 기대하고 관람하게 되었던 영화였는데, 실화를 바탕으로 해서 그런지 초반에는 약간 지루한 감이 있었지만 후반으로 갈수록 긴장감이 더해지면서 흥미진진한 현장감을 느낄 수 있었던 영화! 사고에 대처하는 모습이 흥미로웠다 .  "
20170119,8,재밋어요... .감동도 잇엇어요  
20170119,10,잼있게봤어요 정말요~~~  
20170119,10,재밌는영화였습니다 꼭보세요ㅎ  
20170119,10,멋진 영화 꼭 볼만합니다  
20170119,10,넘나재밌어요 스릴넘침!?  
20170119,10,실화라서 더욱 더 마음에. 와닿는 작품이네요!  
20170119,8,최대의 해양재난을 통해 안전의 중요성을 깨닫는다  
20170119,9,액션좋아다ㅎㅎ 정말 습니다  
20170119,9,감동적이었어요! 좋아요!  
20170119,10,잘봤습니다.!?:~@  
20170119,9,재난 조심! 좋은 영화네요!  
20170119,9,수추선이 폭발하는 장면이 압권항상 조심 또 조심  
20170119,10,완전 재밌었습니다 마지막에 감동이였어요  
20170119,9,너무 무섭고 재미있어요.  
20170119,2,이미 영화 유츌 됬어요 ㅋㅋ  걍??  미국판 7광구??   괴물은 안나오는데  7광구랑 매우~~ 흡사해요 ㅋㅋ  
20170119,10,감동의 실화 흥미진진했어요 영화 빠져들었숩니다  
20170119,10,미국 자국의 잘못을 스스로 인정하는 훌륭한 영화이다  
20170119,9,인고로인한결과 그것을 잘보여준다  
20170119,8,재미있어요 실화라 더 관심이 가네요  
20170119,8,평소 재난영화를 정말 좋아하는데 몰입해서 봤습니다~재미있네요!시사회당첨으로 영화관람했습니다~  
20170119,9,재난영화가 보여줄수 있는 모든 것  
20170119,10,살아남음의 의미를 다시 새기며 실화라 더 가슴이 아프네요.  
20170119,9,안전불감증이몰고 온 참담한  비극 실화라서 안타까운 상황이 네요  
20170119,6,초반에 용어들이 너무 어려움. 그거 빼곤 평범한 재난영화  
20170119,10,최고입니다. 말할필요도없고요. 안전 기본을 지키는 것이 가장 중요합니다.  
20170119,9,재난영화의 진수! 신파없는 완성~  
20170119,10,스크린 큰곳에서 다시 볼꺼에요~ㅎ역시 재난영화는  진리입니다^^  
20170119,9,역시 재난영화는 늘 옳다재미있어요  
20170119,10,정말 스케일이 어마어마하네요~!  
20170119,10,꼭봐야할영화!!실화를 바탕으로 만든영화완전 기대돼요^^사상 최악의 해양재난 재난영화 좋아하는데 넘 기대됩니다^^  
20170119,10,실화를바탕으로 만든 해양재난영화라  실감나게 보여주어서 손에  땀을 쥐며  보았다  
20170119,10,재미있을것 같다 스릴감 100점  
20170119,10,신파 없고 박진감 있는 영화라 너무 좋네요!  
20170119,10,재난영화 꼭 봐둬야할 시국에 잘보았어요실감나게 잘만들어서 집중하고 보았어요  
20170119,10,태안기름유출사건보다 더 심각한 재난이었네요 항상 주의해야겠네요  
20170119,10,엄청난 재난이었네요 항상 안전이 제일이란걸 명심해야할것같아요  
20170119,5,마크월버그 한마디로 말하자면 흥행마이너스 안전불감증수표인데? 그동안 마크월버그의 필모그램을 보시길 그가 왜 흥행안전불감증인지  
20170119,10,이런 영화가 진정 재난영화. 그 사실적인  영상에 너무 감동했다.  
20170119,10,대한항공 여객기에서 봤는데 미개봉이였네요 영화 괜찮아요 ㅎㅎ  
20170119,10,딜런나오는데당연히봐야지  
20170119,10,시사회로 잘 보고 왔네요. 각자의 자리를 끝까지 지킨 선원들 뭉클하고 깊은 여운을 전하네요  
20170119,10,우리나라 댓글수준;; 영화평가 하랫더니 사람평가해서 영화평점 깎아먹네;;  
20170119,8,"OST 부터 너무 너무 좋았어요 마지막에 생존자확인한다고 명단부르는데 대답없는 이름들보면서, 그리고 생존자들이 가족들과 포옹하는 장면에서 살아있다는건 정말 감사한 일이라는걸 느꼈네요 잘봤어요!!  "
20170119,10,막을수도 있었던...일어나지 않았을 사건인데...안일함이 엄청난 재앙을 불러냈네요.  
20170118,10,와우 이영화의 시사회를 본 저는 감독에 한번 놀라고 스케일에 더 놀랐습니다 이영화 정말갑입니다.#딥워터호라이즌. #1월25일대개봉  
20170118,5,해외 갈일 있어서 비행기 탔는데 있길래 이미 봤습니다 같은 재난영화인 판도라가 훨씬 재밌습니다  
20170118,10,#딥워터호라이즌#1월25일대개봉영화너무재밌고 다음이벤트도 참여하겠습니다.감사합니다  
20170118,9,재난영화 오랜만에 좋았써요 ^^  
20170118,10,좋아요~ 너무재미있어요  
20170118,10,몰입도 최고! 배우들 연기가 좋아요  
20170118,10,안전불감증과 기업의 이익을 위한 이기적인 선택으로 벌어진 재난!! 느끼는 점이 많은 영화네요  
20170118,9,재난 영화의 완결판입니다.기대작입니다  
20170118,7,안전불감증 부른사고~세월호도 영화화할러나?  
20170118,10,몰입도가 최고에요! 꼭 보세요  
20170118,10,재난 영화라고 하기엔 너무 최악의 사고이지 않을까 싶다 87일간의 폭발의 심각성을 영화로 옮기려고 무던히노력한 영화이지 않을까  
20170118,10,감동적이었어요안전블감증 대박  
20170118,10,사상 최악의 해양 사고로 희생되신 딥워터 호라이즌 호 승조원들에게 애도를 표합니다.  
20170118,7,피할 수 있었던 재난ㅠㅠ  
20170118,9,휴머니즘과 스펙터클의 대재난영화! 흥미진진 감동적이다!  
20170118,10,너무 재밌었습니다.실화라서 슬펐어요  
20170118,9,영화 재미 있게 봤습니다  
20170118,10,재밌었어요2010년에 미국에서 그런 사고가 일어났으리라곤 생각도못했네요 희생하신분들의 고인의 명복을 빕니다.영화는 정말 감동적이에요  
20170118,10,정말 감동적으로 봤어요  다시 또 보고싶어요  
20170118,10,사상 최악의 사고를 재조명하며 먼저 떠나간 이들을 기린다  
20170118,10,독특한  재난영화  세월호가 떠오르네요  삼가고인의 명복을빕니다  
20170118,9,실화를 바탕으로 해서 더욱 슬펐고 인간의 이기주의가 큰 재앙을 불러오는지 실감했어요  
20170118,8,"이건 재미로 보라는게 아니고, 느끼라고 보여주는 영화  "
20170118,10,생각보다 정말 재밌게봤습니다.ㅎㅎㅎ  
20170118,10,긴장감있고 몰입해서 봣네요 재밌었습니다 실화라니 정말 슬프네요 적극추천합니다  
20170118,10,안전사고에 대한 경각심을 주는 영화  
20170118,10,정말 잘 만든 영화 강추 재밌네여 굿  
20170118,9,굉장히 무서운 재난영화였어요  
20170118,5,재난 상황이 이렇게 지루하게 찍기도 힘들다 그냥 추모영화 이상은 아닌듯  
20170118,8,"#딥워터호라이즌 #1월25일대개봉사촌동생과 시사회 오게 되었는데출연진들도, 감독도 믿고 보는 사람들이라 기대가 되네요실제로 있었던 이 사고를 어떻게 풀어나갈지..!  "
20170118,9,오랜만에 재난 블록버스터 영화 너무 좋았습니다  
20170118,8,설연휴에 볼만한 재난영화  
20170118,9,현장에 잇는듯한 연출과 배우들의 뛰어난 감정연기가 돋보이는 영화  
20170118,10,실화보다 더 두려운 공포감으로 업습하는 딥워터 호라이즌. 배우들 최고 구성 ! 야호!  
20170118,6,이거... 왠지 우리나라 7광구 영화에서 7광구 빼고 석유 시추 하는걸랑 비슷하지 않냐?  
20170118,10,솔직히 배우를 통해 영화를 평가하는건 좀아니라고본다.  
20170117,10,갠적으로 영화에서는 그사람의 인성이 아닌 연기력으로만 판단해주시길  
20170117,9,저 시추선 현대중공업 에서 만들었다네요  
20170117,10,몰입감 쩔어요~ 시간 가는줄 모르고 봤어요!!^^  
20170117,10,이거 래알 꿀잼인정 해야됨  
20170117,6,칠광구급아니냐!!!  
20170117,5,보면서 졸리거나 하진 않았는데 긴박감이 많이 떨어지고 인상에 남는장면이 많지 않습니다.  위험을 감지 하고도 감행시킨 비드린 의 행동이 11명의 목숨을 앗아 갔습니다. 다 죽게 생겼는데 권한이 없다면서 책임회피 한 제이슨 엔더슨도 쓰레기네요  
20170117,7,실제 상황을 소재로 했다지만... 정말 이친구들 눈이 안보이는 상황에서도 이렇게 책임감 있게 행동했을까? 미국인들 영웅화? 월벅' 이 친구... 아닐 것 같은디? ㅋ  
20170117,2,실화라는개 안타갑지만 마크 윌버그 때문에 ;;  
20170117,5,영화자체로는 큰 재미는 못줌..하지만 재난실화와 인명피헤가 있었다는 사실에는 추모  
20170116,1,아 개봉예정작이었네..  
20170116,1,인종차별주의자 월버그 떄문에 1점;  
20170116,10,7광구의 트라우마가...하지만 이건 재난영화라서 꼭 보고 싶네요  
20170116,10,실화 소재 영화네 ㅠㅠㅠㅠ 극장에 휴지 챙겨 가야지  
20170116,10,극장에서 예고편 봤는데 스케일 차원이 다름..ㄷㄷ 이런 실화 영화 너무 좋다  
20170116,10,재난영화 좋아하는데ㅎㅎ 석유 유출된 거라고 하니 뭔가 특이할듯 기대기대  
20170116,6,현다이에서 잘 만들어 줬음 잘 사용해야지...하여간 돈독 오른 놈들땜에 되는일이없는건 다마찮가지  
20170116,1,사상 최악의 해양 재난은 이런게 아닐텐데.대한민국은 뭐든지 1등  
20170116,8,군더더기 없이 정말 화끈하구만...마지막 사망자 사진과 배경음악이 찡하네...  
20170115,7,"치킨뜯으면서 볼 영화는 아님, 실화라서 그런지 너무 슬펐음..  "
20170115,1,월버그나옴? 에휴 영화는 좋은데 배우가 별로다 절대 돈주고는 안본다  
20170115,1,"마크월버그가 그런 쓰레기인줄 몰랐었다. 그가 저지른 만행의 피해자에게 직접 속죄를하고, 전재산을 유색인종 보호단체에 기부하지 않는한 그가 출연한 영화는 안볼것이다.  "
20170114,10,폭발 장면들이 압권이다. 이런 재난사고는 일어나지않았음 좋겠다.  
20170114,1,광고 오지죠 존1키크크ㅡ  
20170114,9,딥워터호라이즌 현대중공업이 설계한 석유시추선인데...ㅋㅋㅋㅋ  
20170114,1,마크 윌버그라니...  
20170113,1,인종차별주의자 주연 영화네...  
20170113,1, 인성 쓰레기인 인종차별주의자가 무슨 인간미 넘치는 주인공으로 나오는거 자체가 실화에 대한 에러  
20170113,8,"생각보다 나쁘지 않습니다. 확실히 판도라 본 후에 이 영화를 보니 스케일면이나 볼거리면에서는 조금 떨어지는 편이나, 볼만해요. 다만 사고나기 전까지 그닥 웃기지도 않은 시시껄렁한 농담따먹기 분량이 너무너무너무너무 김.  "
20170112,10,관련직종에 있어서 흥미롭게 영화를 봤다. 안전에 대해 다시 한번 생각해볼 수 있었다.  
20170112,10,이거 개봉전인데 벌써  풀HD로 떠돌아다님ㅋㅋㅋ  
20170112,6,실화라 감동은있지만 재미는 그닥.  
20170112,1,"여기에 무슨 드라마나 감동이 있다거나, 지진 처럼 스케일 큰걸 느낄 수가 있을까. 고작 해봐야 석유시추선 하나일뿐. 아무리 포장해봐야 단지 뉴스 소재일 뿐이다.  "
20170112,9,영화를 보는 내내 세월호가 생각나는 이유가 몰까요!? 엔딩에서 새월호 생각에 눈물이 났습니다.  
20170112,9,거짓말 1도 안보태고 집중엄청하게 해주는 영화 ㅎㄷㄷ  
20170112,8,산업현장은 역시 규정과 원칙을 지켜야한다.  안타깝게도 실화라서  
20170112,9,재난대응보니 괜히 빡치네 이 나라는 언제 제자릴잡을런지  
20170111,1,왤케 어지럽냐....  
20170111,10,보니까 엄청 슬프다...  
20170111,10,역시 고추큰 갓양남이네요 여성배려하는거 봤나요 어우 일단 한남충들같으면 서로빠져나갈려고 막 떠밀고 손뿌리치고 ㅋㅋㅋ 눈에 훤하죠? 세월호선장같이 그리고 어쩃든 쪼매한보트도 혼자쳐타고 그냥감 엌ㅋㅋ 역시 고추큰갓양남 여성배려하는거봤죠? 고추커야 굿job  
20170111,8,"머지,,,이미 인터넷에 돌아다니는듯,,,  "
20170111,1,재미없어  진짜 재미없어  
20170111,8,영화보면 재난잘생하자마자 신속히 대응하는 미국시스템 모습을 볼 수있다. 우리나라와 정말 비교되는....끝까지 마지막탈출자까지 챙기는 선장이랑 마크월버그 보면서 세월호에 300명이 넘는 승객 버리고 간 세월호 선장 개xx랑 무능한 정부 생각남.  
20170111,3,긴장감도 없고 실화인데 감동도 없고  
20170111,7,피터 버그 언제나 준수하다.  
20170111,4,다큐를 영화화하고자 애쓴건 인정하나 재미가 없음.. 초반 40분은 bbc 다큐를 보는듯.. 앞 지루 뒤 펑펑 인물 npc  
20170110,9,세월호를 보는 느낌ㅓ랄까?  어딜가든 지만살려는 그런 니쁜놈들이있기마련.... 이 영화는 끝까지 선원을 지키려는 선장의 의지와 동료를 구하려는 선원의 의지가 있었음. 실화라는점에서 완전 놀라움... 재밌음...  
20170110,7,안전을 무시한 결과가 어떤지 이영화가 잘 말해준다.  
20170110,9,"많은 기대를 하고 보지 않았지만, 제2의 론서바이버같은 감동은 똑같다.  "
20170110,1,응 마크월버그 인종차별주의자 안봐씨발  
20170110,10,웅장함이 빛을 바란 영화 역대급 재난영화  
20170110,1,미래에서 영화 보고왔냐는 십6974새6974끼들은 인터넷 검색도 안 하고 사는 미개인들인가.... 북미에서 이미 16년9월30일에 개봉했고 국내에 이제 개봉한건데.... 어휴 개한심하다.... 무엇보다 중요한건 이 영화 노잼. 걍 다른거 봐라.  
20170109,7,자본 앞에 굴복한 안전할 권리  
20170109,8,인재는 작은것에서 시작한다. 사실에 기초한 영화였지만 긴장감은 조금 떨어졌다.  
20170109,9,"재밌네요. B급이지만, 전혀 B급같지 않음.  "
20170109,8,전체적인 느낌은 굉장히 사실적인 다큐느낌입니다. 개인적으론 좋았어요...산안드레아스 느낌 바라는 분들은 보지 마셈  
20170109,10,재미 보다는 안전불감증에 대한 경각심 키우기 위해 본다 생각하심 됨. 모든 산업 공돌이 분들과 위험한일 하시는분들은 보면 좋타 생각 됩니다~  
20170109,10,지금보고있는데 완전 긴장되고 재밌네요!역시 모든 사고의 원인은 결국 돈이군요  
20170109,9,현실적인 소재의 재난영화인데 몰입감있게 잘 살렸음. 연출 굿.  저 큰사고에서 사망자 11명. 빠르고 정확한 대처가 너무 부러웠음. 우리나라였다면 과연 몇명이나 살았을지...  
20170109,1,마크 윌버그때문에 1점 ㅋㅋㅋ  
20170109,5,deep deep sleep horizon  
20170109,10,피터 버그의 의외의 리얼리즘 행보. 중간까지는 지루할 정도로 현실적으로 간다. 클라이막스의 화재씬은 압권. 다만 안전 점검을 무시하면 어떻게 되는지를 보여주는 교훈말고는 그닥 별게 없어서 아쉬움.  
20170109,5,익숙한 장면. 진부한 전개. 저 배우들로 그렇게 밖에 못만드는 것도 다 감독의 한계.  
20170109,10,뻔한 영화라고 생각하고 봤는데 시간이 의외로 잘 갔다  
20170109,9,재난영화 정석으로 잘만들어진 영화입니다충분히 시간 아깝지 않게 즐길수 있을거라 봅니다  
20170109,10,스케일 장난아님 .. 지루할 틈이 없었음  
20170109,8,재난영화는 큰 스크린에서 필수관람 해줘야지!  
20170109,10,석유가 솟아나는데 불붙는거잖아~ 후덜덜  
20170109,10,마크월버그가 주연인 영화는 기본이상 한다  
20170109,10,감독도 저명하고 주인공 또한 익숙한 배우~ 스케일 보장~  
20170109,10,대단~ 실화래도 감히 만들기 힘든 내용을 제일 먼저 챙겨보겠숨  
20170109,10,긴장감있는 사운드 빵빵하게  볼수 있겠네~ 강추  
20170109,9,잼나겠다~ 여친하고 보고 싶은 영화~  
20170109,10,딜런 오브라이언도 출연한답니다 딜런빠들 모이라모이라~  
20170109,10,멀자꾸 7광구 이야기들 하냐..  외국스케일 제작비 차이가 어마어마하단다  
20170109,8,세계최대 실화 재난 블록버스터다.. 무조건 봐야지  
20170109,10,나는 재난 광팬이다! 개봉당일 봐야지 재난덕후들 모여라  
20170109,10,새해에 마크월버그가 먼저 내눈을 호강시키게 하네  
20170109,10,내용이 되게 참신하다 생각했더니 실화라니.. 꼭 보러가겠습니다  
20170109,10,"재난은 IMAX로 봐야지, 보고싶다는 생각이 절로나네~  "
20170109,9,캐스팅 되게 빵빵하네 ㄷㄷ 강추  
20170109,10,개봉 엄청 기다립니다 달려가서 바로 보고싶은 영화  
20170109,10,스케일하나는 짱일듯. 왕기대함  
20170109,8,이번년도 들어서  처음으로 기대되는 블록버스터!!  
20170109,10,이런건 극장가서 봐야 제맛~ 아이맥스 궈궈  
20170108,10,새해 재난 첫 영화 좋다~ 2017 올해 영화들은 큰영화들이 많을듯  
20170108,10,명 배우들이 출연~ 감독도 이런거 잘만든다  먼가 시원한 감을 주는 영화일듯  
20170108,10,새해 친구들과 함께 사운드 빵빵하게 극장가서 봐야긋네  
20170108,9,딜런 오빠꺼는 꼭 봐야행~a  
20170108,10,연기잘하는 배우들 나와서 괜찮네..ㅎㅎ 꽤 흥미롭게 보여  
20170108,10,이런 얼마만에 이런영화가 나온거 보는지 ~ 오랬만~  
20170108,10,"찍다가 고생 엄청들 할만한 영화네, 예고편편만 봐도 엄청 리얼  "
20170108,9, 해외의 재난안전시스템은 한국공무원들이 꼭 배워야 한다  
20170108,10,설날주에 기대해볼만한 대형 재난 블록버스터 !!  
20170108,10,잼있겠다~ 꼭 보러간다 기대기대~  
20170108,10,극장용 킬링타임으로 너무 좋은데? 감독이 유명함?  
20170108,10,전세계가 주목했던 초대형 해양재난 사건이라.. 타이틀 오진다  
20170108,10,재난 영화는 희생하는 사람도 있고 이기적인 사람 볼 요소가 많아 좋아~  
20170108,9,마크월버그가 믿고봐도 될만큼 믿음직 스럽다~ 기대에 아깝지 않게나오겠지?  
20170108,10,불구경하는거 너무 잼있는 장르지 이런건 꼭 보고 가야지~  
20170108,10,오랬만에 볼만한 재난 영화 하나 나왔넹.. 10점  
20170108,1,랩처럼 빠른 대사와 전개로 영화의 본질이 제대로 전달안되는 영화ㅜㅜ  
20170108,7,깊이있는 영화는 아닌데 그냥 그럭저럭 재미있는 영화임  
20170108,8,다시는 일어나서는 안될 또 하나의 인재사건!!!  
20170108,10,세월호가 떠오르는 영화... 아무리 대응이 빠르고 탈출을 해도 사상자가 나오는데 가만히 있으라 했으니....  
20170108,10,"재난영화인데 믿어도 되는 감독이 만들었고, 주인공 또한 무난하다 믿어의심치 않는다  "
20170108,9,재난 영화가 볼거리 하나는 끝내주지 예고편이 찰지네  
20170108,10,스크린 큰데서 봐야 제맛이지 :)  
20170108,8,배우들이 명작에 어울리는 사람들만 나와서 재미지게 볼거 같은데 기대해봄  
20170108,10,오랬만에 볼거리 나왔네 요즘 볼거 너무 없어  
20170108,7,실화라 어쩔수 없지만 재난영화가 갖고있는 한계를 뛰어넘진 못했다  
20170108,10,이런거 안보면 도대체 뭘 극장에서 봐야함  
20170108,10,실화라니 고인의 명복을 빕니다 이런 엄청난 사고가 있었군요  
20170108,8,잼있겠네요!! 요런 영화 너므너므 좋아  
20170108,10,역시 재난영화는 나오면 눈이먼저 간당게 꼭 보고싶어  
20170108,3,약 1시간가량 노가리만 까다 실제 재난이 일어나고는 어지러워서 못보겠고 러닝타임도 짧다.  
20170108,1,진짜잼없음 영웅감동이런거바랬나본데 잼요소가하나도없음 차라리다큐가났겠음  
20170108,10,안전불감증은 선진국이라고 불리는 곳에서 조차도 존재하는구나  
20170108,9,설날즘 개봉이라 가족이 함께보기 재미나겠군~  
20170108,10,흥미있게 예고봤는데 너무 재미있겠더라 추천  
20170108,8,인간의 무능함과 이기적인 욕심이 또 이영화에 담아져 있는 현실적인 영화가 되겠네~  
20170108,6,시멘트 검사를 스킵했다가 큰봉변을 당하는 미국판 재난영화.. 이렇게도 너무도 당연한 구조활동을 우린 왜...  
20170108,10,내가 좋아하는 딜런 오브 나옴 ㅋ 무조건 보자  
20170108,10,개봉하면 꼭 보고 싶은 영화 정말 기대할게요 실망없길  
20170108,10,볼거리 하나는 정말 많겠네~ 한곳에 집중된 재난이라 기대해볼만한 영상이야  
20170108,1,졸렬한 인종차별주의자 마크월버그 떄문에 1점  
20170108,8,4D나오겠죠? 재난영화는 입체적으로 보고 싶은 매니아~  
20170108,10,먼가 강력해 보인다. 꼭 보고잡다  
20170108,9,와 꼭 극장에서 보고싶은 영화네.. 오지겠는걸  
20170108,10,이런영화는 마크 월버그가 제격임~ 정말 멋있는 중년배우  
20170108,10,몇년 되지 않은 사건인데 이런게 큰사고를 만들다니 감독들은 대단해  
20170108,10,역대급 재난 블록버스터다 -0- 너무나 보고싶다  
20170108,9,우와~~~ 대단하다 정말 기대되는군!  
20170108,10,티비서 소개 봤는데 리얼리티 정말 실감날듯~  
20170108,10,딜런 오브라이언의 또다른 감상작 ㅋ 언제나 잘생긴 그는 진리다  
20170108,10,역시 외국스케일이란 >.<  소름  
20170108,10,우리 학과애들끼리 단체로 보기 너무 좋을듯 ㅋㅋ 예압주의해야할듯  
20170108,10,진짜재밋을거같아요 ㅠ 딜런 나온다 +_+!!!  
20170108,10,큰 화면에서 봐야 제맛이지 아이맥스 기다리라  
20170108,8,광고와 포스터로만 먹고 들어간 영화. 기대를 버리지 말기를  
20170108,10,재난 덕후들 소리질뤄~~~  
20170108,9,오우 눈에 확들어오네 쩐다..  
20170108,10,훌륭한 배우들 다수 출연으로 왠지 완벽한 영화일것 같은 느낌  
20170108,10,완전 재밌을듯 외국 재난 대작!! 스케일이 후덜덜  
20170108,9,우와 재밋겟다 !! 재난영화 짱좋아 ㅋㅋㅋ  
20170108,10,3D로 봐도 흥미진진하겠음 저걸 어케 촬영하지  
20170108,10,기대는 엄청큼.. 어느작품보다도..  
20170108,10,진짜 배우들 나온거보면 충분히 볼만한 영화인듯  
20170108,10,이 영화 무조건 영화관에서보세요 몰랐던 사건인데 너무 안타깝네요  밑에 재미없다는 사람들은 그냥 감성도없고 영화도 안좋아하는사람들입니다  
20170108,3,재미없습니다  이해하기 어렵고 주인공은 폭발시 지하에서 안다치고힘없는 노동자만 다치고 시작합니다 ~~~  
20170108,10,세월이가며어언~~~  
20170108,10,돈더주고 볼만한 아이맥스급 영화가 나왔네  
20170108,10,예고편이 정말 재미있어 보이네요. 기대하고 보겠습니다.  
20170108,10,재밋겟다>< 넘넘 보고싶어 ㅠㅠ  
20170108,10,취향 저격이네~ 바로 개봉하자마자 볼만하겠다  
20170108,10,처음 광고나오고 포스터 봤을 때부터 완전!! 기대했고 너무 재미있을것같다  
20170108,10,역대급 나오나요?? 예고편만 봐도 엄청 재미있겠는걸~  
20170108,10,딜런 오브라이너의 카리스마 사랑입니당~  
20170108,1,진짜 최악의 영화 지루 산만 어려움 다큐보다 재미 없음  
20170108,8,정말 봤으면 좋겠다.. ㅎ 엄청 기대됨  
20170108,9,잼나겠다. 실화라 슬프겠지만 이런건 봐야지 기대기대  
20170108,10,재난영화라서 기대가 크고 재미날거 같은 느낌  
20170108,10,역시 외국스케일이란 >.<  소름  
20170108,9,석유폭발이라니.. 그해안은 몇년내내 다 죽는거아님??  
20170108,10,증말 보고싶게도 만들었네 물위에 재난이라 찍기 어려웠을건데 대단하다  
20170108,10,재난 덕후인 내가 예고보고 지렸다 보러간다  
20170108,10,새해 첫 스타트~! 굵직한 재난 블록버스터 시작  
20170108,10,피터버그가 선택한 마크월버그다 결코 틀리지 않았을 것  
20170108,8,재난영화다 솨리질러~!!! 기대충만  
20170108,10,초대어급 나오나요~~ 주인공 파워에 먼가 이영화 일낼듯~!  
20170108,9,예고 진짜 무지막지 하네요 ^^ 알볼수가 없겠답  
20170108,10,배우나 촬영 모든면에서 제일 힘들거 같은 장르인데 역대급이 나왔다  
20170108,10,감독의 노고를 생각해서라도 이영화는 볼만한것 같아  
20170108,10,블록급은 아이맥스에서 사운드 크게 밤에 봐야 제맛  
20170108,9,"나는 재난영화를 보고나면 슬프고, 마음이 착잡한데.. 실화라니  "
20170108,10,실화가 역대급이네~  3달간 석유가 터져서 동물 다죽고 흑.. 우리나라에서 일어났으면 폭망했을듯  
20170108,10,스케일도 크개 잼있을거 같은 냄새가 스멜스멜  
20170108,10,4D나오면 꿀이겠는걸? 보고싶어!  
20170108,10,안방용영화는 아니다 필히극장용이지ㅋ 재난영화는 돈안아깝다  
20170108,8,개봉좀 당겨서 해주면 안되나요? 볼만 하겠는데  
20170108,10,딜런 오브라인언나왔어요 ^0^ 자주좀 나오지~ 암튼 새해부터 기분좋은 영화한편 찜이요  
20170108,9,흥미진진한 스토리네요 실화라서 마음 아프지만 기다리고 있다가 개봉하면 ㄱㄱ  
20170108,10,극장에서 큰스크린에 팝콘딱 먹는 각이네 ㅋㅋ 잼나게 볼게요  
20170108,10,인간의 나약함을 이영화에서 보게 되게꾼~ 멀또 잘못한거야 참..욕심이란  
20170108,10,예고보니 주저하고 싶지 않다 스케일도 크고 바다위에서의 촬영까지 돈이 아깝지 않을거 같다  
20170108,9,전 세계가 주목할만한 사고인데 이거를 어케 영화로 담았을까?  
20170108,10,아이맥스용 영화네.. 재난은 피할수 없지만 인간도 조심해야할게 많다  
20170108,10,우연히 티비에서 예고봤는데 너무 혹하네!! 개봉한지 알고 예매눌렀는데 없네  
20170108,10,저 상황에서 제대로된 판단력이 과연 나올수 있을까 완전 맛이 갈거 같은데...  
20170108,7,사람들이 하나같이 무능하고 멍청 특히 뚱땡이 가장 중요한 일을하며 상황이 발생하니 대처 못하다 폭망 그래도 판도라같이 되도않는 눈물 찔찔은 아닌게 다행 다른것보다 미국 구조대가 볼만함 상황이 생기니 위성으로 확인하고 역시 천조국  
20170108,8,"선원들이 각자 책임감을 가지고 일사분란하게 움직여서 서로를 도우며 사고를 수습하고, 가족들은 선을 넘지 않고 돌아오리라 믿으며간절히 기다려주는 미국의 뛰어난 시민 의식이 매우 빛났던 영화  "
20170108,9,"중반부 부터 몰입하면서봤다.실화라는것에 놀랐고,  전체적으로 나쁘지않았다.  "
20170108,9,여러모로 대단한 영화다  
20170107,9,어딜 가나  안전관리 제대로 안하는 회사는....  
20170107,10,꼭 봐야한다.  보는 동안 세월호 생각이 났습니다. 눈물이 납니다....  
20170107,8,방금 토렝이로 봤는데 그냥 무난한 재난영화다 재밌다 추천 ㅋㅋ 영화관에서 보면 좀 더 재밌지않을까  
20170107,7,상황이 벌어지기까지 서두가 너무 길다~!!! 그런 면에서는 우리나라에서 만든 판도라가 참 맘에 든다. 내용은 실화를 바탕으로 만든 재난영화지만 촬영은 진짜 실감나게 잘한거 같고 내용은 그저 그런 재난영화???  
20170107,10,벌써 토렌트떴다 우리나라에서도 흥행못하겠네  
20170107,7,그냥 무난한 재난영화.  
20170107,9,피터버그 감독은 정말 명장인거같다.. 믿고 보는 감독임  
20170107,10,내사랑 딜런 나옴^^? 무조건 남친끌고 보러감  
20170107,7,그냥저냥 무난하게 볼만했다...7점  
20170107,10,재난 영화중에 참 어려운 과제를 영화에 담았다는 사실에 박수를 쳐주고 싶다  
20170107,10,광부들의 실화를 다룬 주제네 ㅠㅠ 재난은 역시 무서워  
20170107,10,제발 잼있길~ 기대 많이 하고 있을게요  
20170107,10,극장에서 이런 영화보면 지린다 보고싶어요!!!  
20170107,10,재난 영화를 힘들게 만들어주신 영화 관계자들께 감사를 드리며 꼭 관람하겠습니다  
20170107,9,마크월버그가 딱 잘어울릴만한 영화에서 나온다 총만들지말고 이런 의미있는 영화에서 보면 너무 멋진 배우임  
20170107,10,CG별로없을거 같은데 ㅡㅡㅋ 고생들 엄청 했을법한 화면들이네  
20170107,10,예고편은 정말 보고 싶게 만들었네.. 과연?? 기대에 부흥할까  
20170107,10,감독이 피터버그다..이런거 굉장히 잘만들었을것이야~ 믿고 보자  
20170107,9,4D로 나오면 진짜 잼있겠다.. 이거 3D 4D출시 계획 있나요??  
20170107,9,출연진이 왼지 사고당사자들 같은 느낌에 감동스러울듯한 영화로 보인네요  
20170107,10,사고로 인해 돌아가신분들의 명복을 빌며 잘 관람하겠습니다.  
20170107,10,배우들 좋네 기대해도 좋을거 같아 응원 짝짝  
20170107,10,너무 좋다 재난영화 ㅠ.ㅠ 예고편보고 음악나오는거에 왠지 짠하다  
20170107,10,예매 지금 안열리남? 꿀잼있을거 같은데  
20170107,9,오랬만에 가족들하고 봐야하는 영화 출시요~  
20170107,10,나는 이런거 너무 좋더라 ㅋ 엄청 기대하고 있으니 실망 없길  
20170107,10,7광구충들 그만 들먹여라~ 비교자체가 안된다  
20170107,10,너는 새해부터 재난질이냐!? 아그야 가서 예매권 가지고 오너라  
20170107,10,저런 사건이 있었나.. 흥미있는 내용이네  
20170107,9,역대급 재난 블록버스터가 나왔네 아이맥스지 이런건~  
20170107,10,영화 3박자 다 갖췄다 기본이상은 할테니 팝콘들고 가는일만 남았네  
20170107,10,기대되는 영화가 나왔네요 내용 실화고 화면 연출 굉장히 인상적이네요  
20170107,9,딜런 오브라이너네 ㅋㅋ  잊을만 하면 나와서 심장을 뺏어가  
20170107,10,아이맥스 예매다 어디가 제일 큰 아이맥스영화관이냐 보고잡다  
20170107,10,이런거 출연하는 배우들은 의미있는 출연이기에 굵직한 배우들이 손수 나섰다 이런건 봐야함  
20170107,10,영화프로에서 오늘 봤는데 너무 잼있겠는걸? 이런게 나와줘야지  
20170107,9,감독 배우 다 나쁘지 않다 연기는 머 의심않고 봐도 되고 왜 사고가 났는지 궁금하다  
20170107,10,딜런은 사랑입니다 -0- 개봉당일 사수해야지  
20170107,10,극장용 재난 블록버스터 탄생이요 꼭 볼게요  
20170107,9,오랬만에 극장에서 재난보게 생겼네 이런거 너무 좋아  
20170107,10,새해에는 이걸로 정했으~ 긴장감 있게 빵빵한 사운드로 느껴보고잡~  
20170107,1,재난 영화를 보면서 나도 모르게 잠에 빠지는 신묘한 경험을 했다.  
20170107,10,실화라는 영화는 보고나서 교훈을 안겨주는 참 좋은 드라마~ 이것도 잼나겠네요  
20170107,9,스케일이 말이 안되네!! 이런게 촬영이 가능함?  
20170107,9,외국영화 잘 안보는데 재난 블록버스터는 꼭 본다 아이맥스  
20170107,10,예고편에서 너무 인상깊었기에 올만에 외국영화시청 함 해야지  
20170107,10,실화다 실화.. 여친꼬시기 딱좋다 보자보자  
20170107,10,카피라이트가 나를 홀리네~ 먼가 묵직한 영화일듯  
20170107,10,개봉하면 바로 볼만한 가치가 있겠는걸~ 이런건 큰스크린으로 봐줘야해  
20170107,10,와 예고편 지렸다~ 안볼수가 없는 영화네  
20170107,10,믿어도 되는 배우들 많이 나오네~ 앵간하면 출연안하는데 이건 먼가 재미나고 의미있는 영화같다  
20170107,10,"역시 외국스케일 대단하고, 누가 감히 할수 없는 재난을 필수관람입니다 이거는  "
20170107,9,이번년도 영화 엄청볼게 많다 특히 재난 영화는 너무 잼있어  
20170107,9,캬~ 엄청나겠다.. 화염봐봐 그냥 터지는것도 아니고 석유가 솟아나는데 불붙는거잖아~ 후덜덜  
20170107,10,석유시추선에서 벌어지는 재난영화라서 예고편보지마시고 그냥봐야재밌을것같습니다.주연배우도 맘에드네요^^  
20170107,10,마크월버그나오넹~ 영화가 진짜 잘 짜임새 있게 만들어 진거 같은 느낌  
20170107,10,감독도 맘에들고 주인공 특히 믿어의심치 않는다~ 광대한 화염 스케일을 물위에서 보다니  
20170107,9,대단하다~ 실화래도 다루기 힘든 주제를.. 웅장한느낌은 머지  
20170107,10,재미나겠넹~ 여친하고 보기 나쁘지 않는 내용이넹 일순위 예약 ㄲ  
20170107,10,딜런 오브라이언도 출연한답니다 딜런빠들 모여~  
20170107,9,재난 블록버스터다.. 오랬만에 기대해봅니다  
20170107,10,오우~ 새해에 마크월버그가 먼저 신호탄을 쏘네 좋아좋아  
20170107,10,"이런건 IMAX로 봐야겠다, 여러영화가 생각이 나네 꿀잼일듯  "
20170107,4,100분짜리영화 50분부터 볼만하며 볼만한 장면도 지루하네  
20170107,8,물위에 떠있는 그큰걸 다 터트리고 와우~ 스케일 오집니다  
20170107,10,사운드 빵빵하게 긴장감있게 볼수 있겠네~ 추천  
20170107,10,ㅋㅋ 아래 자꾸 7광구 이야기들 하냐.. ㅉㅉ  외국은 이런거 스케일하고 제작비 차이가 어마어마하단다  
20170107,9,재난 광팬이다 무조건 개봉일 봐야지 재난덕후들 모여라  
20170107,10,내용이 되게 참신하다 했더니 실화라니..기대해봅니다  
20170107,9,캐스팅 되게 빵빵한듯 ㄷㄷ  
20170107,10,개봉 기다립니다 바로 달려가서 보고싶은 영화  
20170107,10,올해 처음으로 기대되는 블록버스터!!  
20170107,10,이런건 극장가서 봐야 제맛~  
20170107,10,이번년도 첫스타트 좋다~ 올해 영화들은 큰영화들이 많을듯  
20170107,10,믿어 의심치 않는 배우들이 향연~ 감독도 나쁘지 않다 재난은 먼가 시원한 감을 주는 영화야  
20170107,8,새해 친구들과 함께 사운드 빵빵하게 극장가서 봐야긋네  
20170107,9,딜런 오빠꺼는 꼭 봐야행~a  
20170107,10,배우들 괜찮네..ㅎㅎ 꽤 흥미롭게 보여  
20170107,10,이런 얼마만에 이런영화가 나온거 보는지 ~ 오랬만~  
20170107,9,찍다가 화상 엄청들 입겠구만ㅋ 예고편은 일단 엄청 리얼하네  
20170107,6,7광구보다는 훨 나은데 그닥 와닿진 않는다... 그리고 딜런이라는 샊이는 누군데 다들 영화보기도 전에 난린데? 여기 애들 다 기름 뒤집어써서 마크외엔 누가 누군지도 모르겠다  
20170107,5,내용이 너무 복잡하고 산만한 였다솔직히 재미없다  
20170107,10, 해외의 재난안전시스템은 우리나라가 꼭 배워야 한다 공무원들 다 보셈  
20170107,10,긴장감 쩔겠다 ㅋㅋ 재미날거 같은데  
20170107,10,기대해볼만 설날주에 대형 재난 블록버스터라니 후덜덜  
20170107,9,"홍수,태풍,지진,불구경 너무 재미나는 장르지 이런건 꼭 봐야함  "
20170107,8,"극장에서 시간보내기 좋은 내용같은데, 감독이 유명함?  "
20170107,10,한국에서 저런거 찍었으면 1000만은 넘을듯~ 역시 글로벌 스케일  
20170107,10,전세계가 주목한 초대형 해양재난! 멋들어진다  
20170107,10,재난은 희생에 드라마틱한 구성이 제맛인데 월버그가 딱이다  
20170107,10,오랬만에 볼만한 외화 하나 나오나.. 일단 10점  
20170107,9,주인공이 믿음직 스럽다. 제작비 아깝지 않게나오겠지?  
20170107,9,간큰 감독님이시넹~ 불바다 만들고 정유시설 다 부술려면 많이들 다칠거 같은데  
20170107,10,스케일 진짜 장난아니네요 예고보고 급관심이 가네요  
20170107,8,배우들 듬직한 친구들이 나오네유.. 어느정도는 볼만할듯  
20170107,10,"마크 월버그, 딜런 오브라이언 신구 조화가 재밌겠다 7광구랑 비교하는 사람들은 머임 ㅡㅡㅋ  "
20170107,9,"새해부터 재난이냐, 좋아 내가 극장가줄게~  "
20170107,10,간지남 딜런 오브라이언 러블링~ 꼭 봅니다  
20170107,10,소재 죽인다 ㅋㅋ 재미날듯 -0-  
20170107,9,머야..헐이다 저런게 실화라고 ~_~ 왜 난 몰랐지..  
20170107,10,예고편의 음악이 왼지 슬프고 웅장하니 마음을 움직이네 빨리 보고잡다  
20170107,10,감독 제작진이 이런영화 잘만든다 이런건 아이맥스감  
20170107,8,이거 벌써 올라와있던데  
20170107,8,바다위 불꽃놀이네 ㅎ_ㅎ 소재참 블록버스터 하네~  
20170107,10,영웅 마크월버그가 주연이라니~  오랬만에 믿고 보는 영화나왔다  
20170107,10,생각보다 재미날거 같은데 기대해봐도 되겠는걸?  
20170107,9,잘됬네 재난 블록버스터 -0- 빨리 개봉 ㄱㄱ  
20170107,9,아이맥스 전용 영화 나왔네 아이맥스 매니아~  
20170107,9,감독 지리구요~ 주연 지리구요~ 반이상 성공  
20170107,10,예고편만으로도 보고싶게 만드넹 ㅋㅋ 신년 첫 극장을 재난으로다가 예약  
20170107,10,실화라 마지막에 괸히 짠할거같은데~ 이런영화 너무좋아  
20170107,10,재난영화는 일상에 먼가 필요한 볼거리라고 생각듬 불구경~  
20170107,10,오~ 기대되네요~ 마크 월버그는 아무영화에나 쥔공으로 안나와서 믿고 보는 영화일듯  
20170107,9,아마 몇백만은 볼듯.. 한국특성상.. 제발 제대로 된 영화이길  
20170107,7,안전 무시한 사고...그리고 뭐?  
20170107,10,극장에서 봐야하는 각아님??  
20170107,10,재난 영화 덕후다 무조건 보러가야지~~  
20170107,8,"기대짱됨. 소재만 봐도 흥미진진, 주인공만 얼굴 알겠고 기본이상할듯  "
20170107,10,역시 국내 스케일하고는 다르네~  
20170107,10,마크월버그가 나오는데 기본이상은 할거라고 믿는다  
20170107,9,"제발 제대로 된 재난 영화이길.. 감독, 배우 믿고 기대합니다  "
20170107,9,실제로 있던일?? 확땡기네요!!  
20170107,9,재난 블록버스터는 어떤거든 다 잼있다 :) 실화라니 맘에듬  
20170107,10,스케일 장난아닌듯..재난 역사의 당일을 얼마나 리얼하게 했을지는 예고편포스에 나왔다  
20170106,10,엄청난 화염이라 인간의 나약함과 안전에 대한 교훈을 줄거같은 뜻깊고 볼만한 영화 오랬만에 기대합니다  
20170106,10,영화속 촬영공간이 정말 한계가 어디까지인지.. 엄청난 스케일이네요  
20170106,10,티져 보고 감탄했습니다. 딜런도 나온다니 이건머 안볼수 없다  
20170106,8,커트 아저씨는 재난 영화에서 더 돋보이는듯 !! 분노의역류 같은 ~  
20170106,9,실제로 이사건때문에 동물이 8.000마리 이상 죽었다고 합니다. 영화로 그 원인 현장을 본다는게 정말 기대가 되네요  
20170106,10,좋아하는 마크월버그에다가 딜런까지.. +_+ 완죤기대  
20170106,10,오 잼나겠다 폭팔력 보소..  
20170106,9,실화네.. 역시 실화가 잼있음.. 감독도 믿을만 하고  
20170106,9,바다위 촬영이라 진짜 리얼하네요~ imax용이네  
20170106,10,예고만 5번 봤네요 빨리 개봉해주세요 보고싶어요  
20170106,10,끼악~ 딜런 오브라이언 ㅠ.ㅠ 꼭 봐야지  
20170106,10,"몸에 불붙고, 폭발장면 엄청나고 압도적이네요~ 오랬만에 꿀잼일듯  "
20170106,6,역사 반성하지 않는 왜놈들 싫어해도 일본여행 잘가고 일본영화 잘보고 일본제품 잘 쓰는데 왜 한놈의 인종주의자 때문에 별점 테러를 하는 찌질한 놈들은 뭐냐.   뭐 어쨋든 영화봤는데 전개나 너무 단순하고 밋밋해.  
20170106,10,이건 꼭 보러간다 아이맥스 개봉기대합니다 -0-  
20170106,9,"믿고보는 배우 마크 월버그, 메이즈러너의 딜런 오브라이언 배우들 빵빵 기대감 잔뜩입니다  "
20170106,10,오랬만에 재난 블록버스터 나왔네요ㅎ 예고만 봐도 벌써 기대되네요  
20170106,10,수심 1500미터에서 시추 파이프 파괴.. 이후 폭발 스케일 자체가 너무 흥미롭네요  
20170106,10,예고편만 봐도 무서울정도의 연출효과.. 역시 최고의 감독과 배우 이거면 끝난거다  
20170106,10,큰 사건들이 많지만 느낌이 사뭇 다르네요~ 스케일 어마어마 한느낌  
20170106,10,이 영화가 바로 7광구의 경쟁작인가?  
20170106,1,"글쎄...실화라는점이 감동적인면이 있지만 다소 기대를하고봐서 그런가 예고편만봣을땐 엄청재미나보엿는데 그저그런 흔한 재난영화인데 재난영화특유의 스케일과 cg가 다소 부족한느낌? 아랫분 미국버전 7광구라 햇는데 진심 비슷한느낌임 ㅡ,ㅡ  "
20170106,9,중년 굵직한 배우들 총출동이네 ㅋㅋ 세계 최고의 재난영화가 되길 바라면서~ 기대해 봅니다  
20170106,10,IMAX로 볼만한 영화 또 탄생!! 필관람 할게요~  
20170106,10,한국은 재난영화 흥행을 해서 예고보니 진짜 재미날거 같다능  
20170106,10,피터 버그감독이 캐스팅한 강렬한 비쥬얼들 총 출동  
20170106,9,"카피 인상적이네요, 수심 1500m 바다에 구멍이 뚤렸다 강렬한영화  "
20170106,10,광고엄청 하네요 잼나겠다 >.< 아빨리 개봉했으면 좋겠어요 현기증나네요  
20170106,10,겁나 재밋을듯 ㅋㅋ 에꼬편만봐도 기대됨..믿고 보는 딜런 오브라이언  
20170106,10,이거보니까 괜히 세월호생각나고ㅜㅜ..  
20170106,9,커트러셀&마크월버그 둘의 조합이라니;; 캐스팅 완전 빵빵  
20170106,10,안전불감증이 얼마나 위험한 것인지 또 한번 되새기는 시간을 갖게 되네  
20170106,1,알바들 아주 참 많네~~~~  
20170106,10,실화라는 사실에 깜놀..응원합니다  
20170106,9,"재난블록버스터는 언제나 옳다, 스크린은 역시 큰데서  "
20170106,10,메인예고편 보니까 소름돋더라  
20170106,10,와 역대급 재난영화 탄생인가요 예고편 작살  
20170106,10,유튜브 광고 봤는데 빨리 개봉했으면 좋겠어요. 엄청 흥미진진  
20170106,9,마크월버그ㅜㅜㅜ짱짱!! 출연진만 봐도 화려하다  
20170106,9,헐.. 소재만 봐도 겁나 기대됨 ㅋㅋ 개봉기대~!  
20170106,10,오우~ 새해 첫 재난 블록버스터 기대완죤 됩니다. 실화각색이라니 스케일도 좋을거 같고~  
20170106,10,서론길고  말많고  무슨 설명은  그리많은지  
20170106,3,뻔한스토리. 마크월버그가 막판에 인명 구조하고 11명 사망.  
20170106,10,실화. 그럭저럭 볼 만함. 평점 6.5  
20170106,7,안전불감증을 되새기게 해주는 영화.  
20170106,2,의미있는 재난 실화 영화지만.. 영화엔 그저 폭발 탈출 끝..감동도 재미도 없는.. 지금까지 나온 지진 태풍 행성 충돌등등 눈요기가 될만한 사고 발생 cg 마저도 이영화는 그닥 볼거리도 없으며 사고 외 스토리 라인도 따분하다  
20170106,10,예고편 존잼 스멜  보러가야지  
20170106,1,딜런딜런 ㅈㄹ들을하세요 아주  
20170106,1,마크 월버그님 영화는 토렌트로 감상이 제맛 ㅋ 이거 존노잼임  
20170106,1,글쎄... 지루함의 끝판왕  
20170106,1,시나리오 작가 애미 출타하시고 등장인물 전부 비호감.  
20170106,1,모든 재난과 불행도 결국 돈때문이라는것...  
20170106,6,"실화라는점, 해상위의 재난이라는 점이 호기심을 불러일으키지만 특별함 없이 식상한 전개.  "
20170106,9,우리나라였으면 다죽었을듯  
20170106,5,이거 p2p에서 하두돌아다니길래받은 300원짜리영화라 오래된건줄알았는데 미개봉작이라니 충격이다 무튼 영화로만 평가하면 기대없이 과자나먹으면서봐야될 킬링타임수준이 딱맞는말. 양념을 너무안쳤다 실제사건을 모티브가아닌 그대로 보여줬기에 내용자체가 너무 뻔함  
20170106,10,실화라는게 너무도 슬프네요.  
20170106,5,"딜런이 누군가 했네. 팬?들이 많은지 몰랐는데, 오빠 엑스트라급임. 50분까지 지루함. 사고 터짐. 계속터짐. 구조 끝. 실화바탕. 10사망. ㅠㅠ  "
20170106,7,재현영화라 플롯이 좀 미비하다. 인종차별은 한국이 미국보다 더 심하다. 괜한 너스레 떨지 마라.  
20170106,10,진심 방금 봤는대 판도라 뺨친다...  
20170106,1,인종차별 아가리 똥내 오지게 나게 생긴 맷데먼 짝퉁 씝백인ㅎㅌㅊ때문에 1점 ^^  
20170106,1,보슬들 때문에 1점준다.. 배우보고 영화보는건 뭔 논리지;;  
20170106,1,마크 월버그라면....그 인종차별 주의자? 저는 1점이요~  
20170105,5,실화라지만 뭘 얘기하려는건지 이해가 안감  
20170105,10,와 아이맥스4디에서 만오천원내고 보면 더잼있겠지만 나는 빤스입고 뉴욕에서봐서 양보 그나저나 현대중공업에서 만들었다던데  아무리 인재라지만 너무 잘터지는거같네 그래도 책임 뒤집어쓰지 않아서 다행이네 역시 잘만들긴 하나봄  
20170105,1,"스토리 없다. 시추선 화재, 탈출, 끝!  "
20170105,6,여기가 배우평가 하는곳이 아닐텐데 ㅉ  
20170105,5,긴장감 없는 재난 영화...  
20170105,8,세월호 생각나게 하는 영화  
20170105,1,이게 그 인종차별주의자 가 주인공으로 나오는 영화맞나요??  
20170105,5,딜런빠 싸그리 모아다가 족쳤으면 좋겠네 진짜  
20170105,9,봤는데 극장에서 개봉하면 달려가서 본다. 꼭봐라!!!  
20170105,1,알바들에게 고한다. 댓글로 여론몰이 하는짓은 국정원이나 하는 나쁜짓이다. 좋은 영화는 많이 봐주고 아님 외면당하는게 문화 생태계에 도움이 되는일이다. 이를 돈벌려고 왜곡말라. 부끄러운줄 알아야지..  
20170105,10,아니 왜 이 영화랑 7광구를 비교하냐..  
20170105,6,와... 진짜 스케일은 압권이었다 cg인지 실제로 찍은장면인지 분간이 안갈정도로 스케일 큰 재난영화였음 히어로영화들이나 블록버스터 영화나 화려한CG가 많은데 이 영화가 이런영화들 압살하는 정도.. 보는내내 어떻게 만들었을까 대단하다 싶었네요  
20170104,6,오늘 극장에서 예고편을 봤는데 스토리는 잘 모르지만 영상이 스케일도 크고 재난영화라서 기대가 되네요.  
20170104,10,스케일이 헐리우드 답게 최강급이구나 꼭 보러가야지!  
20170104,8,참 이런 실존했던 사고도 투자해서 영화로 만들어 낱낱히 공개하는 마인드가 부럽다..  
20170104,3,그냥 흔한 재난 영화랑 똑같아서 자막없이 보았어도 무슨 내용인지 이해갔던 신기한 영화. 개인적으로 마지막 크레딧에서 컨츄리풍 ost는 도대체...  
20170104,8,응??? 판도라????  
20170103,10,이거 현대중공업이 만든 유조선인가 그랬던 것 같은데 드디어 국내 개봉하는군요 ! 기대됩니다!!  
20170103,10,음? 뭔가 볼만할거 같은  
20170103,10,천조국 재난 클라스 후더덜  
20170103,10,"이거는 딜런때문에 보는게 아니라 마크 월버그,커트러셀 때문에 보는거아냐??둘이 있기때문에 진지함 살아있는거지...!  "
20170103,10,우와 딜런 나옴!!! 봐야지  
20170102,7,미국판 7광구 같은 건가요?  
20170102,6,"현직 Drilling 업종에 근무하는 1인인데요, 영문판으로 우선 봤는데 전문적인 시추용어들이 많이 나옵니다. 국내개봉시 한글자막을 어떻게 하실련지 조금 걱정이 되네요,, 이쪽 업계에 어드바이스라도 요청을 하시는게 좋을듯합니다.  "
20161231,1,배우보고 평점남기는 족속들 개그켬 평점 밸런스 맞추기 ㅇㅇ  
20161228,7,"BACKDRAFT를 생각하게 하는 커트러셀, 폭발 효과는 대단한  "
20161224,4,솔직히 별로 재미는 없습니다. 실화를 바탕으로 한 영화라서 기대를 하긴 했는데 무리한 시도와 안전을 되외시한 결과로 이리저리 폭발하고 다치고 대피하는 것 외에는 별 다른 볼 거리는 없군요.  
20161223,7,미드 뉴스룸 시즌1 1화 소재였는데...  
20161222,10,실화였다니.. 존잼각이다  
20161222,8,기대되는 내용이네요.. 이야기를 감독이 어떻게 풀어나갔을지 살짝 걱정되긴 하지만요.. ^^  
20161222,10,이 내용이 실화라니..  
20161222,10,연기파 배우들이 총출동하네요. 빨리 개봉해라.  
20161222,10,"배우 사생활이 싫다면 팬페이지 가서 난동을 부려. 영화 감독이랑 스텝, 다른 배우들은 무슨 죄라고 감정적으로 점수를 테러하나. 먹고 살기 바쁜데 같이 출연하는 배우가 인종차별주의자라고 거부해야 함?  하여튼 생각하는거 흑과백 논리 존나 미개함  "
20161222,3,"피터 버그 감독의 문제, 그냥 재연드라마  "
20161222,1,믿고 거르는 마크 월버그  
20161221,10,미국 시추선 전문 기업인 트랜스오션이 나오네요 기쁘네요  
20161221,1,좀 정신 좀 탑재하고 댓들들 달았으면~~영화 안봤으면 남기지 마아 쫌~~~ 그러니 네이버 평점 못믿겠다는  소리 나오는거 아니냐  
20161221,9,딜런!!!이번에도 매력 터지남?  
20161221,7,딜런옵딜런옵 도배되있네 ㅋㅋㅋ 나는 마크윌버그때문에 본다 빠순이들아 ㅋㅋㅋ  
20161217,10,내용 재미업서도 딜런보고오면 된겁니다  
20161027,10,제발 개봉 좀 해라.. 수입 안 했냐 좀 보자..  
20161026,10,단순 재난영화가 아닌 실제 사건을 다룬 영화라서... 궁금해지는군... 개봉하면 봐야할듯~~~  
20161026,10,재밌을거같음 ㅋㅋㅋ 실화라니 더 기대됨  
20161025,10,영화화 한다고 했을 때부터 관심 퍽발!! 해외 평들도 좋던데 ㅋㅋ 큰화면에서 봐야할 각인듯 ㅋㅋ  
20161012,1,인종차별주의자 잘나가네  
20161012,1,저거 다 댓글 알바아니냐?ㅋㅋ 존나 영혼없는데  
20161009,1,와 진심 보지마셈.. 방금 보고나왓음 ㅡㅡ 다큐멘터리인줄 걍시간아깝고아무튼재미없음 나와서화나서평점남김다  
20161008,9,이거 메타크리틱이랑 imdb 점수 좋던데 왜 한국은 같이 동시개봉안하는가  
20161008,10,이 영화는 그냥 재난영화가 아니라 실제로 Gulf of Mexico 에서 있었던 바다깊이 기름 파는데에서 기름유출 폭발사고로 인명피해가있었던 사건을 재구성 한 영화로 단순히 재난영화가 아닌 실제사건을 재구성한 따듯한 영화입니다  
20161002,7,"실화를 바탕으로 한 영화,재미는 있었지만(?) 영화내내 보면서 너무 폭발만 하는거 아닌가..라는 생각이든다.  "
20160929,10,호라이즌 호선의 사건은 역사에 길이 남을 최악의 사건이자 아픔입니다 영화 자체를 존중해주세요  
20160806,1,딱 봐도 3류영화 질색이다  
20160726,1,인종차별주의자  월버그 떄문에 1점;  
20160710,10,메이즈러너 최종편 개봉이 1년이나 늦어진게 이 영화때문이라니...  
20160706,10,실화영화 보러 가야겠어요기대만땅  
20160504,7,여기서 사고나는 배가 현대꺼 ㅋㅋ  
20160411,10,딜런 나오는데 당연히 봐야죠 헝헝제발 영화 대박나길 바래요!!!!  
20160304,10,딜런빠 보러 영화관에 첫방영날 첫시간에 보러갑니다(진지)  
20160122,10,딜런인데♡♡언제개봉해ㅠㅠㅠㅠ  
20151004,10,딜런오빠야가 나오는거니까  뭐..♡ 믿고보지!!  
20150926,10,믿고보는 딜런.... 개봉하자마자 보러갈생각♡  
20150920,10,딜런오빠님이 나오시는데 당연히 봐야지  
20150920,10,개봉하자마자 바로 달려가서 봐야지♡♡♡  
20150920,10,뭔 영화지?그래도 딜런 밑고 봐야지ㅋㅋ  
20150621,10,그래서 이게 드라마라는거임? 아님 영화란거임?  
20150426,10,딜런이 나오는거니 당연히 봐야지..♥  
