0,1,2
20180214,10,DC별점테러 여기도 하냐?  
20180214,1,"트럼프, 보고 있나?이딴거도 평론이라고 적어놨냐?  "
20180213,10,시사회로 보고왔습니다. 개인적으로는 실망했어요. 뭔가 좀 자연스럽지 않은 느낌? 어색한 한국말은 재밌긴했는데 오히려 몰입도가 깨졌어요 ㅜㅜ  
20180213,10,"백화 페인트도장,한글패치가 덜된 캐릭터. 액션은 수준급 !!  "
20180213,10,드뎌 낼 보러간다!!!  
20180213,10,무엇보다..발음이 너무 섹시하다 남자인 나도 반하겠어  
20180213,10,믿고 보는 마블. 시사회 갔다 온 사람들 말 들어보니까 재밌다던데.  
20180213,10,제가 영화예고편 가장 빠르게 볼수 있는 앱을 만들었습니다. 영화를 너무 좋아해서 만들게되었어요 ^^ 앱스토어:https://itunes.apple.com/kr/app/id1342065899  
20180213,10,블랙팬서 존잼각ㅋㅋㅋㅋ  
20180213,9,예매할라고 보니까 스크린X 있어서 그걸로 예매했는데 아맥보다 좋은거임??  
20180213,9,"스크린엑스 버전은 효과가 어떨지 궁금,. 상영관 투어를 해야하나..ㅋㅋ  "
20180213,10,블랙팬서 천만까지는 아니지만 흥행성공했으면  
20180213,8,드디어... 드디어... 드디어!!!  
20180213,10,킹스맨2 스크린x 로 보고 진짜 신세계였는데 마블 영화도 스크린x로 보게 되다니ㅋㅋㅋㅋ 너무 좋네요 기대할게요!!  
20180213,8,트럼프가 당신 친구가~ ㅉ  
20180213,10,와 드디어 내일 개봉ㅜㅜㅜㅜ  
20180213,10,티찰라 속눈썹 갖고싶다  
20180213,10,마블의 세계관은 맘에 안들지만 영화는 잘 만든다.  
20180213,2,스크린 x 홍보 작작점 합시다 ㅎㅎ 넘 티나게 하시네  
20180213,10,이사람들아 스크린x말고 아이맥스로 봐야된다!  그래도 굳이 린엑스로  보려면 레이저프로젝터 쓰는곳으로가고.. 아이맥스필름으로 봐야지 위아래화면 안짤린걸로 볼수있음. 참고로 번역가가 개똥멍청이가 했는데 영화자체가 훌륭해서 번역가가 개똥은아니고멍청이처럼뵘  
20180213,1,기자가 얼마나 무식하면 트럼프를 언급할까  
20180213,10,"평론가 평점 다른건 다 그렇다 쳐도 트럼프, 보고있나? 는 대체 무슨 생각으로 쓴 한줄평인지? ㅋㅋㅋ  "
20180212,10,전 무조건 스크린Xㄱㄱ입니다 ㅋㅋㅋ  
20180212,10,너무 최고이고 부산 씬이 멋져요  
20180212,6,panther in black body and his tribes  
20180212,10,너무 기대된다. 빨리 보고싶음  
20180212,9,오.. 이번에 SX버전 잘 나왔을라나?  
20180212,10,아 너무 기대된다 두근두근 이번엔 돈 더 주고 스크린엑스로 봐야지 ㅋㅋ  
20180212,9,스크린X 예매 언제 열리냐  
20180212,10,그래도 킹스맨보단 이게 더 스크린X로 볼맛 날듯  
20180212,10,N차 몇번 찍어야되는지 감도 안오네.. 아맥은 당연하고 스크린X도 땡기는데.. 블랙팬서를 양옆에서도 볼 수 있다니까..  
20180212,1,미국 영웅물에서 검둥이들은 빠지자.  
20180212,1,이거 번역 박지훈이냐??? 인맥으로 번역한다는 실력 없는 놈 왜 자꾸 기어나오는건데  
20180212,10,시빌워는 블랙팬서가 주인공 아니었나?  
20180212,10,냥전하 사랑합니다ㅠㅠ  
20180211,10,평론가들 평론 진짜 더럽네. 흑인은 주인공좀 하면 안되냐? 이게 히어로물이지 무슨 인권영화야? 블레이드 평론에 '흑인 히어로' 운운해본다고 생각해봐라. 빌어먹을 인종차별자 색히들.스타트렉 인터뷰때 아시아인 주역 질문했던 ㅄ기자 생각나네  
20180211,10,트럼보고 있나? 이러고 있네 ㅋㅋㅋ보고있으면 어쩔건데 ㅋㅋ 저런 사람은 평점 못남기게 해라 수준 떨어진다  
20180211,10,오오 스크린X로도 개봉하나요?!! 기대되네요!!  
20180211,10,쿠키영상 1 블랙팬서가 전 세계를 도와주기로 한다 기자 왈: 와칸다는 가난한 나라인데 어떻게 돕냐?  블팬: 씨익 웃는다 쿠키2 슈리가 버키랑 대화를 나눈다 끝 ㅎㄷㄷ  
20180211,10,라제에 8~9점 준 평론조무사들 말은 믿고 거른다. 케빈 파이기 믿습니다!!  
20180211,10,와 이거 봤는데 대단하네요  
20180211,10,"평론가 평점에 트럼프, 보고 있나?씨네21 | 이주현이게 뭐냐?  장난하냐?  "
20180211,8,"트럼프, 보고 있나? ㅇㅈㄹ ㅋㅋㅋ  "
20180211,1,개노잼이네 마블영환데  
20180211,10,"이젠 하다하다 다큐랑 예능 구분도 못하는 평론가 수준, 이 OO들은 쥬라기공원 보면서 공룡이 멸종된지가 언젠대 말이되냐 할 새키들  "
20180211,10,기대중입니다!! 스크린X 예매뜨면 바로 하려고요 ㅋㅋㅋ  
20180211,10,ScreenX 땜에 2차 예약각  
20180211,10,블랙팬서수트개간지ㅋ  
20180211,10,블랙팬서가 화이트팬서가 이름이라면 전문가들이 존나 핥아줄거임  
20180211,10,그저 또 커뮤니티에 떠도는 평론가까는 짤보고 뭣도 모르고 까기바쁘네. 평론가가 그냥 재미만 평가하는 사람이면 말그대로 늬들같은 애들도 그냥 하지. 아는 만큼보이는거다. 너희가 모르는걸 왜 틀린것처럼 뺴액대냐  
20180210,9,도대체 이 영화를 어떻게 봐야 흑진주를 뛰어넘어 트럼프까지 나오냐? 말 한번 색다르게 해다가 남들보다 우위에 서는거 좋아하는건가?  
20180210,10,비브라늄 클라스를 알려주는 영화다  
20180210,10,"밑에있는 평론가새 !,.끼들 꼴밤 존,1나게 박고싶네  저걸 평가라고 ㅋㅋ  "
20180210,10,상남자... 부산팬서..!!!  
20180210,9,인피니티 워 가기 전 마지막 스토리 어떻게 연결될지 궁금하네  
20180210,10,마블 영화 사상 최초로 스크린X 버전 개봉한다던데 실화냐?  
20180210,10,아 이거 특별관 그 뭐냐 스크린X? 그걸로 보면 개쩔듯  
20180210,10,두근 두근 두근 두근 두근  
20180210,10,마블3대 금속  우르 >> 비브라늄 >> 아다만티움     우르의 비중은 토르의 망치크기면 헐크도 못든다 그런데 웃긴건 토르가 망치들고 작은 우주선 타도 우주선이 추락하지 않는다!!  
20180210,10,영화 재밌냐고 평론 좀 해보랬더니 '트럼프 보고있나?' 이딴 소리나 해대는 평론조무사들 ㅋㅋ10년 안에 없어져야할 직업 1순위 영화평론가  
20180209,8,또  박지훈이냐? 최소한 난 극장에서 안볼란다. 어벤져스도 박지훈이라며? 내가 어벤져스는 울며 겨자먹기로 극장에서 보겠는데  블랙팬서는 다운받아 볼란다. 이것들이 고객 알기를 아주 우숩게 아네.  
20180209,1,이런 니미 십헐 번역가가 박지훈이라서 10점 주고싶은데 1점준다  
20180209,10,아이언맨빠였는데 이제 블랙팬서다.  
20180209,10,소울스톤 행방을 찾아서  
20180208,10,블랙전하 어서 오세요.  
20180208,7,번역가 박지훈 에서 ..결국 관람후 평점이 훨씬 줄어들겠군요.  
20180208,10,저스티스리그에서 배트맨의 초능력이 돈이라 했지만 블팬형님 정도는 되야 초능력이 돈이라하지~  
20180208,1,배우가 다 깜둥이밖에없네엠흑 ㅁㅈㅎ  
20180208,10,크...인피니티 워라는 종착역에 도착하기 전의 마지막 정거장인가  
20180208,8,빨리 개봉해.... 어서 개봉해....! 부산 나오는 장면에서 한국인들만 웃을 수 있는 포인트가 있다고 하네요ㅋㅋ  
20180208,5,"예고는 액션이 가득하지만,정말 그게 다입니다,비중이 드라마 90%,액션 10%입니다.액션을 기대한다면 굉장히 심심하고 지루할수도있음.  "
20180208,6,아마 큰 재미는 없을것이다 너무 기대 하지 마라  
20180207,10,메타스코어 87점 실화냐  
20180207,8,가오갤2랑 토르3 오지게 재미없던데 블랙팬서는 재밌었으면 좋겠다.  
20180207,5,흥하진 않을듯.너무 흑인천지.이런 영화는 인물 포스터보다는 그냥 블랙팬서 변신후 포즈를 멋지게 하는 게 더 나을 텐데 다크나이트처럼 포스터처럼.인물 위주로 해봐야 아는 인물도 없고 .  
20180207,1,예고편보니까 별로 기대가 안 된다. 3월달에 퍼시픽림2하고 4월달에 어벤져스나 봐야겠다  
20180207,5,라제처럼 pc질하지만 말고 액션은 마블치고도 OO네  
20180207,10,마블 최초의 흑인영화. 부디 성공하길  
20180207,7,기대치를 낮추시길..  
20180207,10,로튼100%실화냐 꼭본다  
20180207,10,마치 3D로 보는듯한 입체적 영상미와  재미 그리고 즐거움!!!.  
20180206,10,예고를 보니 부산이 멋지게 나올 거같네요. 부산사람이라면 자부심 느껴질 듯  
20180206,10,최고 수혜자는  부산 콩나물해장국밥  
20180206,10,위 옹ㅁ냐! 위 옹ㅁ냐! 위옴냐!  
20180206,10,제발 흥합시다!!!!  
20180206,7,부산이 배경으로 나오는데 자동차는 도요타/렉서스.... 디테일이 부족하네요. ㅡ.ㅡ;;  
20180206,1,전형적인 미국 영웅주의 유치하고 흑형파티  
20180205,10,티찰라/블랙팬서(채드윅 보스만)영등포 타임스퀘어에 왔다.축제가 따로 없다  
20180205,10,무조건 봐야지 국뽕을 1점주는꼴봐라  
20180204,2,점점 갈수록 유치해지는 느낌이다.마블 팬들께 정말 죄송하지만한때 나도 마블 팬이였기에 의리로 봐야겠다  
20180204,10,시빌워에서 잠깐 등장했는 것으로도 이렇게 반응이 좋은것만 봐도 이 영화가 갓띵작이라는 것을 알 수 있다 ㅇㅇ  
20180204,10,마블 슈트는 블랙팬서하고 데드풀이 최고인듯 합니다  
20180204,10,"도데체 영화가 흑인 밖에없다고 1점주시는 분들은 뭐죠?흑인은 저런 문명못세운다, 영화가 너무 까맣다, 백인이 없어서 불편하다,등 이런거는 뭐죠??? 제발 생각좀 하고 말하시죠  "
20180204,1,...;;...;;;..  
20180204,10,이거 나오면 극장가에서 많이 볼듯 하네.. 흥행!  
20180204,10,예고편 음악이 두근거리는 건 또 처음이네  
20180203,10,마블 영화는 믿고 보는거지  
20180203,1,블랙팬서도 또 박지훈 번역가 랍니다 ....휴 진짜 답이 없다  
20180203,10,너무 기대중.  빨리 14일 와라  
20180202,10,마블은 지금보나 나중에 보나 어차피 보게되있다. 의리~  
20180202,5,콩나물해장국 ㅎㅎ ..  
20180202,1,와칸다 라는 정체불명의 초 고도 문명때문에 -1000점 먹고 들어감  
20180201,10,비브라늄 슈트 진짜 멋있다  
20180201,9,마! 붓싼에 왔으면  회도 먹고 부산갈매기도 부르는 장면 넣었으야지 어?  
20180201,10,믿고 보는 마블 기대하겠습니다.  
20180201,1,포스터 진짜 촌스럽네ㅋㅋㅋ  
20180201,7,근데 번역가는 꼭 박지훈으로 해야하나?  데드폴을 번역하신 황석희씨도 계시는데 말이야  
20180131,1,유치해 흑표범이 뭐냐?? 파워레인저 수준 ㅋㅋㅋㅋ  
20180130,10,슈트 실화?? 넘 멋지다  
20180130,1,안봤는데도 10점주네 난 안보고도 1점준다 보고 평점을 줘야지 ㅉㅉ  
20180130,10,존나재미있겠다 빨리나와라  
20180129,10,그냥 간지. 가만히 있던 액션을 보던. 너무 보고 싶어요 ㅠㅠ  
20180129,10,아니 배우들이 흑인이라고 별접 낮게 주는 인종차별하는 놈들은 뭐냐 ㅡㅡ  
20180129,10,The best movie ever  
20180128,10,메인 빌런이 판타스틱4 휴머토치네  
20180127,10,콩나물해장국집 흥해라!  
20180125,10,마블은 사랑임 믿고보는 마블  
20180124,10,어디서 이런배우를.. 꼭봐야지  
20180122,10,쿠키 영상으로 버키 다시 깨어나는건가? 블랙팬서 완전 기대해요!  
20180122,10,그 슈트 비브라늄인가?  
20180121,1,요즘 흑인쿼터제가 심하다더만 결국  
20180119,10,트레일러부터 벌써 간지남  
20180119,10,시빌워에서 봤는데 간지!! 이번 블랙팬서 예고편도 간지!! 믿고보는 마블!! 캬!!!  
20180118,10,나는 인피니티  워 를 보기위해 총 16편을 봤다.그러니 내가 땅에 까꾸로  박혀서  죽지 않는한 봐야한다  
20180118,10,기대되요 마지막 인피니티스톤이 나오거든요  
20180117,10,20OOO 기대작  중 하나블랙팬서!♡♡꼭 보고 싶어요.특히 부산 광안대교가 나온다 그래서더더욱 기대됩니다 .블랙팬서 기대합니다!♡♡  
20180117,10,어벤져스 인피니티워 보실려면 이거 꼭 봐야합니다!!  
20180117,10,기대되요!!!마블의 블랙팬서  
20180116,10,블팬  형 존나 멋져보리기~~  
20180116,10,율리시스 클론(수염난 백인)이 블랙펜서 아빠 죽인 듯  
20180115,10,번역가 누구임? 설마 박지훈?  
20180115,10,발음이랑 씩웃는거 왜케 섹시하냐;;  
20180115,10,무조건  봐야 하는 영화인 듯  
20180115,10,재밌을듯 여태 대부분 흑인들로만 된 헐리웃 영화는 별로 없기도하고 블록버스터급 중엔 최초라고 볼만한 작품인데...민족구성에서 상당수 흑인들이 차지하는 미국인데...  
20180112,10,인종차별 댓글들보소 ㄷㄷ 아직도 저런 미개한애들이 있었구나.  
20180112,10,재밌겠네요 빨리 보고싶어요!!  
20180111,10,전 마블팬이긴한데...국내기준 가장 듣보잡이었던 앤트맨의 완성도가 어땠는지를 생각하시길~인피니티워 바로전 개봉작이란 점까지 고려한다면 영화퀄이 대충 예상가능함. 저스티스리그 따위랑 견줄 물건이 아니란건 안봐도 답이 나옴..가서 안보면 본인만 손해임.  
20180110,1,마블히어로물 졸라 지겹다 3류스토리 뻔한영상미..  
20180110,10,흑인 노예라고 안본다는 놈 아이디가 2급정신 어쩌고네 ㅋㅋ  
20180110,10,이제 한달하고 4일 남았다블랙팬서 목소리 존멋  
20180109,8,뭔 다 흑인노예들만 나오냐. 안봐 노예새끼들을 왜 봐  
20180108,10,블랙팬서 새로운 어벤져스맴버^^  
20180107,6,아무리 그래도 너무 흑인만 나온다;;;  
20180107,10,블랙팬서 슈트는 마블 히어로중 레전드이다. 블랙팬서는 강철팔을 가지고 있는 윈터솔져를 맨손으로 제압했다. 블랙팬서는 마블 히어로중 가장 부자이다. 블랙팬서는 비브라늄이 넘쳐난다. 이렇게 말하면 할말 없겠죠?  
20180106,10,포스터 바뀌었다으아아라ㄹㄹ  
20180104,10,뭐길래 스틸컷에 19가....  
20180104,6,아니 뭐가 보여야 볼 거 아냐 ㅡㅡ  
20180104,10,박지훈 쓰지말라고 ㅅㅂ  
20180104,10,인피니티워 전이야기인 만큼 중요한 이야기이길....  
20180104,10,와칸다 동맹 든든합니다~!!!  
20180103,10,부산에 찍어서 꼭 봐야됩니다 꼭 볼거고요!제 생일날 개봉 해서 너무 기쁘고 슬프네요ㅜㅜㅜㅜ제 생일날 제일 기쁠것같습니다~감사합니다  
20180102,10,블랙팬서 내가 제일 좋아하는 히어로 진짜 이영화 안보녀뉴내인생 가장 후회할일이 될것이다  
20180102,10,마블영화들은 항상 기대이상이였다.  
20180102,2,흑인감독이넹 인종차별하나?주인공이야 흑인인건알지만 그외출연배우들 스탭들은 거의90퍼 흑인이넹  
20180102,10,"DC영화는 기대할 수가 없지만, 마블영화는 기대를 안 할 수가 없다.  "
20180102,5,"블랙팬서라 흑인  화이트팬서면 백인 ㅇ,.ㅇ??아시아는 황인팬서~색깔비하 지려  "
20180101,10,인피닛워 4월까지 어째 기달리나 했더니 아뿔싸 블팬이 있었지~ 맞아 !  
20171231,10,마블의 위대함의 진짜 모습은 액션 가득한 블랙팬서에서 나온다!!!  
20171231,10,블랙팬서 너무 기대된다ㅠㅠ버키에 대한 소식도 나오면 좋겠다!  
20171230,10,이 흑형 진짜 피지컬은 갑인듯. 또한 이 특유의 절제된 카리스마는 마블의 캐스팅이 최고의 선택이었음을 말해준다. 향후 우리에게 보여줄 액션이 기대된다.  
20171230,10,와칸다 국왕님을 2달뒤에 볼수 있다  
20171229,10,역시 무조건 믿고보는 마블  
20171228,10,내가 기대하는 그 이상에 영화가 될것같다!!  
20171228,10,인피니티워를 보기전 꼭! 보자!  
20171223,10,당연히 인피니티 워 다음으로 기대되는 영화 아닙니까  
20171221,10,재호가 기다리는 영화!!  
20171215,10,완전 기대됩니다 올해는 볼 영화가 엄청 많네요:)  
20171213,10,블랙팬서 수트와 액션  다 멋지다 역시 마블  
20171210,10,아니; 근데왜 번역가가 박지훈이야제발 그러지마라...  
20171209,10,내인생에서  아프리카가 주 무대고 흑인이 주인공인 영화는 부시맨 이후로 처음이다. 어떻게 아프리카를 녹일지 그들의 문화를 녹일지 엄청 기대된다 우린 전혀 다른 새로운 영화 장르를 만날 수도 있다  
20171209,10,시빌워 최고의 플레이 블랙펜서  
20171208,10,니가 팬서냐? 니그러다 타노스횽한테 쳐맞는다  
20171208,10,사랑해요 마블 영원해주세요ㅠ블랙팬서 짱  
20171207,10,후아욷붓드븍듲섯너음  
20171206,10,일단 출연진이 전부 흑인인게 맘에 든다  
20171205,10,스파이더맨 토르 블랙팬서 어벤져스 캬 역시 마블 ㅠㅠ  
20171205,10,예고편 브금부터 존나 힙함;;  
20171204,9,Black Panther면 보통 우리나라에서 th발음이지만 서와 더의 중간발음으로 더에 가깝게 읽지않나요?  
20171204,10,블랙팬서 서울에서 찍는데;;;;마블 사랑합니다!!!!  
20171203,8,오 블랙팬서 잘생김 성공하세요  
20171203,1,솔직히 흑인들이 저런 고도의 문명을 이룩했다는게 말이 안댄다. ㄹㅇ;  
20171202,10,흑형들의 개간지 액션 기대해봄  
20171201,10,내 가슴속 최고의 히어로 ^^  
20171201,10,가장 좋아하는 마블 히어로다. 정말 보고 싶다.  
20171201,10,"마틴 프리먼이 나와서 10점, 그리고 이번 인피니티 워 핵심캐릭터라서 기대지수 10점 줌  "
20171130,10,개간지난다 액션 오질거같은데 기대된다  
20171130,10,블랙팬서 OO간지다.. 예고보고 지렸다 꼭 본다  
20171130,10,인피니티 워로 가는 마지막 관문  
20171130,10,이걸봐야지 어벤져스 3 의 스토리를 알수있습니다. 고로 꼭봐야됨  
20171130,10,아이언맨 블랙팬서때문에 히어로 재산 순위 밀림ㅋㅋㅋㅋ  
20171130,10,비브라늄의 원산지 기대 됩니다.  
20171130,10,리얼 개좋다 블랙팬서 두달후에 어벤져스개봉이라니...보스만 근데 개힘들엇겟다 ㅋㅋㅋ 두편을 동시에찍으러다녓네  
20171130,10,엑스맨 스톰도 나와야하는거아니냐? ㅋㅋ 판권때문에 마누라가 안나온다니... 정말 ㅋㅋ 그놈의 판권때문에... ㅠ  
20171130,10,감독도 흑인 배우들도 다 흑인 제목도 블랙팬서 트리플블랙이네  
20171130,10,DC야.보고좀 배워라. 언제 마블 넘을래 ㅋㅋㅋㅋ  
20171130,1,또 시작됐군 어차피 보든 안보든 10점일껄 마블어벤져스빠들은  
20171130,10,jeff 인종차별 극혐 ㄹㅇ  
20171130,5,영화가 좀 어둡네 ㅎㅎㅎ  
20171130,1,한편의 흑백영화보는듯한 느낌 등장인물이 다 시꺼매  
20171129,10,마블영화는 진짜 보고싶다.. 이번영화에는 왓슨아저씨 비중 클라나  
20171129,9,시빌워에서 봤는데 멋지더라 이영화 기대중  
20171128,10,블랙팬서 너무 좋아ㅠㅠㅜㅜ 잘생겼어  
20171127,10,블랙팬서 시빌워때 대박이였는데 이번 영화에서도 기대 해야지  
20171125,10,시빌워를 봐서 특히 기대되는 히어로 마블은 흥행보증수표에다 부산에서 촬영한국에서 7~800만 갈듯  
20171125,10,이게문라이트인가그거냐?  
20171121,10,시빌워에서 가장 간지나는 캐릭터지만이게 솔로 영화로 잘나올수 있을까 했는데..예고편보고..띠용  
20171121,8,마블은 언제나 실망시키지 않을 거다.  
20171119,10,여기서 소울스톤이 나왔으면..  
20171119,10,영화 중에서 마블 영화가 최고다  
20171118,10,"차세대 캡틴 아메리카 시리즈의 위치에 서게 될, 시빌워이후 역대급으로 기대되는 영화  "
20171116,9,평점에 인종차별하는 애들은 머리에 뭐가 들어있냐  
20171112,9,폐하 만세!!! OTL  
20171111,10,마블은 사랑이죠. 찬양하라 마블! 마블영화 꼬박꼬박 챙겨보고 있음다  
20171111,10,빨리 나오면 좋겠어요.  
20171111,10,아니 ㅅㅂ 내가 군대갈때 나오네  
20171108,10,내년 2월이 너무 기대가 됩니다. 5월에 개봉할 어벤져스3를 기다리는 기분삼아 볼것입니다.  
20171107,10,다니엘 칼루야가 나오다니!  
20171103,10,콩나물 해장국 팬섴ㅋㅋ  
20171030,10,블랙팬서영화모든사람들이 기대하고있고. 저도마찬가지로영화를무척보고싶습니다. 빨리나왔으면좋겠네요...  
20171030,10,마블이기에 기대할만하다  
20171030,10,콩나물해장국....  
20171029,10,마블 스튜디오와 마블 코믹스 팬으로서 겁나 기대된다  
20171028,6,블랙팬티 기대 됩니다 ~  
20171028,10,3년을 기달렸다 블랙팬서 역대급 영화  
20171026,10,이번엔 와칸다의 다크 나이트  
20171026,10,ㅡㅅㅡ 마블 신규 캐릭터 별로 다 만들어가넹ㅋ조아요ㅋ  
20171021,10,와 이걸 글쎄요 누른사람 도대체 뭐냐??흑인갠지 뿜뿜  
20171020,10,나도 팬서형님 처럼 정의 추종자  
20171020,10,감독 전작이 괜찮아서 준수하게 나올 듯  
20171019,10,흑표범 간지 지리네요ㄷ  
20171019,10,20OOO이 기대됩니다  
20171019,9,내가 본 마블 히어로 중에서 제일 섹시하고 힙한 예고편이었다 꼭 보러간다  
20171018,10,100퍼센트  이 영화 대박난다  
20171017,10,우리 동래에서 찰영해서 진짜 팬이어섳갔는데 2차예고편에서 마지막에 우리동래 많이 나오네개봉하자마자 봐야겠다  
20171017,1,흑인 쿼터제는 있는데 왜 백인 쿼터제는 없죠? 영화에 흑인만 나오니 불편하네요  
20171017,10,예고편 너무 쩐다 이 기대만 만족시키면 초대박 흥행 예약임  
20171017,10,한감동맹 든든합니다~~~~^^ 북한 비브라늄 수출금지 잘하셨습니다!!!  
20171017,9,마블꺼는 역시 믿고 보는것이져  
20171017,10,한감동맹이후 최고의 영화로 생각합니다 간경화장관님 덕분에 영화산업이 든든합니다  
20171017,1,감비아 최고의 히어로는 블랙팬서였다  
20171017,10,단역 스탠리뭔데ㅋㅋㅋ  
20171017,10,제가제일 좋아하는 마블영웅  
20171017,6,약해보이더만 캐릭 발란스 갑자기 너무 올리는거 아님???  
20171017,10,진심 최고의 매력적인 캐릭터 현재 시대에 그 매력은 더욱 더 증가 될 수 있는 캐릭터 블랙 팬서. 너무 기대 된다.  
20171017,10,아 진짜 간지가 철철철 흐른다ㅜㅜ 너무 멋있어  
20171017,10,멋있어요 간지폭발 잘생겼어요 와칸다기대돠요....ㅠㅠㅠ 빨리보고싶어요!!!  
20171017,10,다들 흑형아님 흑누나구만 기대할께요  
20171017,4,으악 엄마 너무까매 전부까매  
20171017,10,블랙팬서 핫토이 피규어 가지고 싶다 진심으로  
20171017,1,시빌워에서 스파이더맨에게 2:1로 덤벼도지더만;; 졸라실망액션뻔하지뭐;;  
20171016,10,진짜 섹시할듯 기대된다  
20171016,10,시빌워 쿠키장면에서 블랙팬서 너무 멋졌음ㅜㅜ  
20171012,10,"마블.,, 세계최고의  무비회사...존경합니다!   마블배우들,  대박나길  바래요~~~~!  "
20170929,10,빌보 배긴스와 스미골의 새로운 만남. 기대합니다.  
20170923,10,고양이 콰리수마 촥!!!  
20170923,9,저번 드라이브하다 해운대서봄ㅋㅋ 그때기억으로 자동차 까리한차였는데ㅋㅋ 그리구 광안대교서 이백가까이 밟고 하던데  
20170915,1,검정. 검정. 검정. 검정. 검정. 다검정  
20170907,10,블랙팬서너무기대된당  
20170822,10,bgm까지 간지 크으으으으 ㅠㅠㅠㅠ  
20170812,10,캬...포스터에서 의자에 앉아있는 위엄좀 봐라  
20170812,10,시빌워 이후 윈터솔져 이야기도 나왔음좋겠다 그래도 무조건 봐야지 갓마블  
20170809,10,모든 멤버의 합류  다음은 타노스....  
20170808,10,비브라늄수저 블랙팬서  
20170805,10,블랙 팬서가 드디어 나오다니!꼭 볼게요.마블 짱  
20170805,10,예고편 BGM 역대 마블 영화중 최고다... 내용 그딴건 모르겠고 브금 OST라고 해야하나 그거 때문에 계속 봄...쩐다 ㅋㅋㅋ 마블 거는 어벤져스 말곤 기억에 남는 브금이 없엇는데 이건 대박  
20170804,10,꿀보이스 블랙팬서 빨리 나와라 너무 기대된다 ㅠㅠ  
20170803,10,ㅅㅈㅂ이 남깁니다 하하  
20170730,10,이 얼마나 상징적인 영화인가  
20170726,10,비브라늄 수저  블랙 팬서  
20170724,10,흑형에게 간 여자가 왜 돌아오지 않는지 확실히 알려주는 영화  
20170722,1,마블 돈이 남아도나. 설마 블랙팬서 케릭이 흥행 할거라 보나? ㅋ  
20170717,10,마블의 어벤져스가 21세기에 흥행하는 덴 이유가 있다. 모두 30~40년 전의 소재지만 이 스리즈는 정말 세련됐다. 루소 형제의 공이 크다.  
20170717,10,마블 최고의 금수저 블랙팬서  
20170716,10,내가 모든 히어로들중에서 가장 멋지다고 여기는 개간지 슈트와 섹시함 날렵한 발차기 액션으로 가장 사랑하는 블랙팬서.... 꼭 파이팅이다  
20170714,10,블랙팬서 멋있어서 보고싶다  
20170710,10,비브라늄 국왕님!\♥  
20170708,10,흑표범 빨리 나와라.호랑이가 기다린다.  
20170629,10,워킹데드 미숀역 나오네ㅎㅎㅎ 꼭본다  
20170621,10,나는 곧 대한민국에서 로또 1등에 당참된다.내 이름은 박기원이다.작성일자 : 2017년 6월 21일 15:03  
20170620,7,이영화  먼저나온  단독이면 폭망인데  마블세계관에 있고  내용이 조금씩 연결돼 있어  많이볼듯  아이언맨이 처음에 기본을  잘  닦아놨지  하이테크롤로지 현실성있는  장착로봇에 멋도 있고   첨부터 토르 나왔으면  유치해서  다  망했다..  
20170617,10,내년이면 마흔 살인데 내가 빨리 40대가 되길 바라게 될 줄은 몰랐다.  
20170617,10,블랙팬서 이건 무조건 봐야함 ㅎㅎㅎ  
20170614,10,혹시 캡틴아메리카 나오나요  
20170613,1,너무 많은 cgi가 거슬린다  
20170613,10,형~ <갓 오브 이집트>때 속으로 비웃었었는데 죄송해요;; 형 ㅈㄴ멋있어요! 사랑해요~  
20170612,10,마블 영화상 최초의 흑인 주연 히어로 블랙팬서.이 영화의 출시로 마블 세계관이 어떻게 진행될지가 기대되네요!  
20170612,10,이거 내년에 개봉한다던데 참말이냐 ㅡㅡ 토르가10월 블랙팬서가 내년 2월 흠..  뭐하는짓? 올해 말쯤에 개봉하기싫음?  
20170612,1,nigro panther  
20170612,10,광안대교 배경 1분나오면 많이 나오는거다 ㅉㅉㅉ 영화만 촬영하면 개오바떨고 있어 ㅋㅋㅋ 한국배경보려고 영화보냐?? 마블이니까 보는거지~  
20170611,10,예고편 죽이네 이건 또 새로운 느낌의 히어로군  
20170611,10,예고편나왔슴다얼른올려줘여  
20170611,10,블렉팬서보고 쌍칼들고 설치는 일본 닌자로 착각하는 사람도 있는데 쫌다르지 아이언맨급의 재력+명성? 그리고 슈트빨 +신체능력 어찌보면 아이언맨보다 더강할수있지  믿고보는 마블이 잘만들겠지 기대한다 빨리나와라!!  
20170611,10,미숀!도 나오넴~10자  
20170610,10,눔바니로 떠납니다수비를 준비하십시오  
20170610,10,예고편 죽이네!기대된다 ㅎㅎ  
20170610,10,티저 예고편 떴음 봐바바 개멋져  
20170530,8,이 영화 정말 잘됐으면 좋겠다... 블랙팬서라는 캐릭터 자체가 너무 잘뽑혔고 주연 맡은 배우도 너무 잘어울리고 섹시함..  
20170523,10,아이언맨 이상의 캐릭터가 될것같아 기대됨!  
20170521,10,헐 미숀도 나오는 거였어....  
20170520,10,이거 볼때 여자친구 있었으면 좋겠다  
20170519,10,게르게르게르게르게르게르게르게르게르게르게르게르게르게르게르  
20170513,9,진짜 마블흑인쿼터제 가동!!  기대!!  
20170507,10,미숀!! previously on amc's the walking dead..  
20170502,10,비브라늄 관련 영화는 그냥 기대됨.  
20170426,10,샘 오취리는 출연안하나요 ?  
20170414,10,시빌워 안봐서 무슨 캐릭터인지 모르지만 엄청 멋있어보인다..  
20170406,10,수트도 엄청 사기  비브라늄으로 만들어짐  블랙 팬서 완전 짱  
20170404,9,시빌워보고 엄청난 인상을준 히어로 블랙팬서 우리나라부산광역시에서 잠깐 촬영했다하는데 마블영화 또 개봉한다니 무조건 봐야겠어요.  
20170323,10,설마 흑인들이 나오는 영화라고 까대는 모질이들은 없기를 바랍니다 블랙 팬서의 카리스마를 보여주세요  
20170318,10,부산 자갈치에서 첫 촬영이라는데 볼만하겠다.  
20170318,10,부산서 영화촬영화는데 블랙팬서 차에 매달려서 공들고 왔다갔다하는거 한장면 봤네요...ㅋㅋ  
20170306,1,"제국주의 옹호(개무식해서그럴수도있음), 욱일전범기 아무생각없이 내거는 미친감독 영화볼겁니까? 전 안볼껍니다  "
20170304,10,배리배리궅정말재미가있네요  
20170301,2,과연 이 영화를 부산에 찍으면 좋은걸까? 안그래도 나라가 좁은데 영화를 찍는다니 미국은 참 신기하네 지네 나라도 넓으면서 다른나라에서 영화를 찍고  
20170227,10,마블중 개인적으로 제일좋아하는 히어로여서 기대하고 있습니다. 제발 어서 빨리 나오길영화나오면 영화관에서 한번 두번 세번 봐야지 ㅋㅋ  
20170224,10,티 찰라 와칸다 대통령이 우리나라로 오네 ㅎㅎ  
20170201,10,버키도 나왔으면 좋겠다  
20170130,10,블랙팬서 한국 촬영씬있다고 합니다.  
20170128,10,블랙팬서  아이언맨  누가 더 돈 마나용??  
20170128,10,"한국서 촬영 확정, 1000만 관객 확정  "
20170127,10,대박~~~~ 한국 촬영확정에다가미숀까지 나오네~~  
20170127,8,금수저 영웅의 이야기 ?  
20170127,10,시빌워 이후 스파이더맨과 더불어 가장 기대하는 영화가 되버렸다..  
20170127,10,한국 로케이션 확정 마블의 스크린에 한국이 또 나온다니 여러모로 봐야 할 이유가 많아지네  
20170127,10,제목처럼 배우자분들도 대부분 블랙이시군  
20170127,10,이거 한국에서도 촬영한다네요!!!  
20170123,10,감독도 흑인이고 완전 블랙영화네  
20170123,7,귀여운 프리먼만 제외하곤 나머진 다 흑인이네.... 프리먼 덕에 기대해봅니다.  
20170121,10,"MCU에서 유일하게 토니스타크한테 ""야 이 거지야!!!""라고 할수있는 히어로  "
20170101,10,마블 최상 간지캐 비브라늄 수저 블.랙.팬.서!  
20161229,10,블랙팬서너무재밌겠다!  
20161104,10,스파이디 이상으로 기대되는 페이지3  단독작품  
20161101,10,마블영화중 윈터솔져와맞먹을정도로가장진지한작품이라던데 기대중~~ㅎㅎ  
20161027,10,기대가 엄청되는 영화네요 특히 블랙팬서 편에서 버키가비브라늄 팔을 장착하고 나오지 않을까 예상합니다 마블최고!!!  
20161007,1,덴젤워싱턴이나 윌스미스가 어울리지 않을까?  
20160811,10,블팬이랑 버키랑 화해해서 비브라늄 팔좀 다시 달아줬으면!  
20160621,10,윈터솔져 냉동 이후 이야기도 같이나왔으면 ㅠㅠ ..세즈..  
20160620,9,윈터솔져도 나온다던데 참트루인가여  
20160619,10,블랙팬쪄 쪼아욯 진자루염  
20160527,10,마블 영화에서 가장 멋있었던 히어로 ...  
20160526,10,블펜 흥해랏마블씨 팬으로서 부탁드리는데 제발 기대를 저버리지 않도록 잘 만들어 주십쇼...  
20160521,10,캡틴아메리카도 나오길....  
20160520,10,옛날에 나왔던 블랙팬서는 개 쌈미이였는데ㅋㅠ 그게 이렇게 다시 만들어지다니ㅠㅠ 진심 시빌워 보면서도 믿기지가 않더라ㅋ  
20160519,10,꺄하하하하!!볼 거 늘었네에히히히히~~~!!!  
20160516,10,헥~~!!!! 201 8년 까지 어떻게 기달려 ㅠㅠ  
20160514,10,블간지 블간지 블간지 블간지 블간지  
20160509,9,블팬을 좋아하니깐 보다만 예상 흥행수준 : 어메이징 스파이더맨 1 혹은 퍼스트어벤저하고 비슷할거 같음.[이럴땐 객관적으로 봐야함..ㅋㅋ]일단 처음 영웅 시작할때 계기로 시작하고 뭐하고 해서 영웅되기까지가 무진장 루즈하지..그래도 블팬이니깐 볼거양  
20160506,10,시빌워 등장때부터 터널 구간 소름돋았다  
20160506,10,아 블랙 랜서 빨리 보고싶다  
20160504,9,캡틴아메리카:시빌워에 나와서 기대해보겠음  
20160502,10,블랙 팬서 정말 보고 싶네요.  
20160502,10,진짜 시빌워 보고 블랙팬서한테 반했다 ♡목소리도 그렇고  
20160502,10,시빌워의 잠재적 주인공  
20160501,10,난 개인적으로 수트가 지금까지 본 마블히어로 중에 젤 멋졌음.. 디자인 누가했냐 진짜  
20160501,10,시빌워에서 짧았지만 가장인상깊고 멋진 캐릭터였다표현력도..굿 기대해봅니다.  
20160430,10,2018 2년동안 어떻게 기달려 ㅠㅠ  
20160429,10,요것도 어벤져스 멤버 나올꺼임  
20160429,10,시빌워보니깐 ㅈㄴ 기대됨  
20160428,10,멋있어요..흑간지!!!!  
20160428,10,블랙팬서 개간지~!!!!  
20160428,10,국왕님 짱짱입니다 멘탈갑에다 재산도 토니의 5배 왕의 위엄이 넘칩니다  
20160427,10,시빌워  최고의 히어로는 블랙팬서였다  
20160427,10,단언컨대이거꿀잼브랙팬서흥해라!  
20160416,10,이때쯤이면 여자친구와 영화볼수있는 날이면 좋겠다~  
20160402,10,만화를 직접 보진 못했지만 진짜 좋아하는 간지캐 중 하나 ㅎㅎ 개봉일에 바로 보러가고 싶음ㅎㅎ 그나 저나 블랙팬서 배우님 의외로 귀엽게 생기심ㅋㅋ  
20160330,10,블랙팬서ㅠ♥내가제일좋아하는캐릭이드뎌ㅠㅠ!!  
20160329,10,이때 쯤이면  3티어 될듯  수정충전하자 애들아  
20160327,10,내 최애캐 흥해랏!!!  
20160321,10,블랙팬서 맛보기만으로는 부독하다!!  
20160306,10,이건 내 인생영화가 될겁니다 어헝ㅎ유  
20160303,10,이 캐릭터가 캡틴아메리카도 이길 수 있는 블랙펜서?!....  
20160213,10,K-2흑표랑 같이 나오면 안되겠니?ㅋㅋ  
20160208,10,이것도 무조건 10점이지!!!!  
20160118,10,빨리 보고 싶은 영화 입니다.  
20160103,10,근데 엄청늦게나오네;;  
20160101,10,마블은  다  좋다. 왜냐하면  재미가  최고이기 때문이다.  
20151216,10,"크으-블랙팬서 간진데-캬아-기대된다- 마블은,사랑입니다.  "
20151214,2,마블 노잼이다 갈수록 유치해져만 간다~~디즈니에 팔려서 안돼는겨 ㅉㅉ  
20151025,10,마블에서는 1.노바(샘 알렉산더) 2.파워팩 3.캡틴인데 어벤져스EMH보고 관심이 생긴 팬서형님 막 벽도 타던데 애니메이션 에서는  
20150930,10,빨리 개봉하면 좋겠다 아 20OOO7월6일까지 어떻게 기다릴까 하아아아아  
20150913,1,꿀잼 예약이여-/-/  
20150831,10,블팬 볼수있는 시빌워가 얼른 개봉하길!  
20150830,10,이분 슈트자체가 전부 캡틴 방패랑 같은 재료인 비브라늄으로 만드심 장비빨 최강 히어로  
20150726,10,블랙팬서 진짜기대된다...  
20150606,10,마블이라면 다좋다. 흥해라 마블!  
20150520,10,완전기대되는영화 빨리나왔으면좋겠다  
20150502,10,갠적으론마블에선흑인히어로가더좋음ㅎㅎㅎ  
20150425,10,와 형 진짜 사랑하요 진심  
20150414,10,스쿠터 타고 쌍칼들고 총들고 다니는 검은표범 블랙팬서 기대됩니다 마블코믹스  화이팅 입니다  
20150312,10,진심 기대한다 블랙 팬서 흥해라ㅎ♥♥♥♥  
20150913,1,꿀잼 예약이여-/-/  
20150831,10,블팬 볼수있는 시빌워가 얼른 개봉하길!  
20150830,10,이분 슈트자체가 전부 캡틴 방패랑 같은 재료인 비브라늄으로 만드심 장비빨 최강 히어로  
20150726,10,블랙팬서 진짜기대된다...  
20150606,10,마블이라면 다좋다. 흥해라 마블!  
20150520,10,완전기대되는영화 빨리나왔으면좋겠다  
20150502,10,갠적으론마블에선흑인히어로가더좋음ㅎㅎㅎ  
20150425,10,와 형 진짜 사랑하요 진심  
20150414,10,스쿠터 타고 쌍칼들고 총들고 다니는 검은표범 블랙팬서 기대됩니다 마블코믹스  화이팅 입니다  
20150312,10,진심 기대한다 블랙 팬서 흥해라ㅎ♥♥♥♥  
