0,1,2
20170816,1,시사회보고왔는데 일단스토리가 너무너무재미없었다 추천하고싶지않다  
20170816,10,너무 무서워요 ㅠㅅ ㅜ 와이프랑 눈감고 봤네요 ㅎ  
20170816,9,장산범 보고 왓어요긴장감 장난아니네요약간의 1%부족한거 빼고는 재밋 있습니다^^  
20170816,8,시사회보고왔는데 곡성이후 1년만에 정신적으로 너무 안좋은것 같습니다.ㅜ  
20170816,10,숨바꼭질 영화 보면서 놀라 팝콘 던졌는데...이번엔 뭘 던지게 될까?  
20170816,10,염정아 상도 초등학교 졸업...동창생이 나오는 영화니까 꼭 봐야지~(웃음)  
20170816,10,시사회로 미리 보구 집가는길에 후기 ㅋ.ㅋ에나벨은 어떤지 몰라도 오랜만에 본 영화인데 너무 재밌게 잘보고감 아는 동생 중간에 제 손잡고 끝까지 영화봄^^ 뒤에서 소리 막질러요 갑툭튀로 심장마비올수있으니 주의바람  
20170816,10,시사회 보고 왔는데 곡성 바로 아래급 된다고 봅니다 간만에 집중해서 재밌게 봤네요 강추  
20170816,10,완전기대되고숨박꼭질   잼께봤고출연진들도   다연기파고  낼보고나서  후기올리겠음  
20170816,1,캐스팅보니까  돈 절라 아꼈다...이런영화 맹글지마라...질떨어진다  
20170816,3,거의 맨홀급노잼 돈주고 시간버리기  
20170816,10,우리나라 공포영화의  최고를 보여주네요. 관람전 웹툰은 꼭 보고 가세요~  
20170816,10,우리나라 공포영화의  최고를 보여주네요. 관람전 웹툰은 꼭 보고 가세요~  
20170816,1,박혁권때매 망했네 저런 배울쓰냐 ㅋ  
20170816,7,나쁘지도 그렇게 좋지도 않은 괜찮은 영화 ~ 하지만 숨박꼭질에 비할바가 못됨..  
20170816,1,"제목이 장산범이 뭐냐? 장씨에 산범이냐, 범죄자 이름이냐, 호랑이 이름이냐 그냥 아재 이름이냐  "
20170816,10,아버지랑같이방금장상범관람하고나왔눈데아버지놀래켜드린건아닌지내심조마조마했어요ㅎㅎ;;  
20170816,10,재밌습니다 알바아닙니다 대한독립만세!!  
20170816,1,내 장담컨데 7광구 꼴 납니다.  
20170816,10,시사회 갔다왔는데 숨바꼭질 만큼 무서운 영화!!!!  
20170816,10,시사회 갔다가 응급실에서 깼어요. 귀마개 꼭 준비해 가세요.~~~  
20170816,5,티저봤는데 영.. 지금 애나벨과 뭐가 다른가  
20170816,10,부산 지하철 지하철 2호선 장산역에서 범같이 생긴 애 볼려고 장산범을 영화로 구지 돈 내고 봅니까? 부산 사람은 목격 많이 했다니 구지 안봐도 될듯 싶네여  
20170816,10,"어제 대구 시사회에서 영화보고왔는데 몰입도가 장난아닙니다. 정말 심장이 쫄깃졸깃 합니다. 영화 끝나고 허정감독, 박혁권배우, 염정아배우 봤는데 와 정말 실물깡패에요. 17일 개봉인데 다들 기대많이하시고 재밌게 관람하세요.  "
20170816,2,알바존나많네숨바꼭질이 잘 만들었냐?어제 보다가 존나 웃었다  
20170816,8,한국만의 오컬트적인 요소를 잘 나타낸것 같다  
20170816,10,시사회에서 봤음.평타는 하는듯  
20170816,4,평식이 형이 4점 줬다 뭘 기대하냐  
20170816,7,모성애가 깃들어진 영화  
20170815,1,오 개봉전평점에도 전문가평점이 있구나  
20170815,9,염정화 연기가 압권. 우리나라에도 제임스 완 같은 감독이 나타났네요. 감독님의 다음 작품도 기대하겠습니다.  
20170815,6,시사회 다녀왔습니다. 많이 놀랬고 재밌었지만 결말이 조금 그렇네요  
20170815,2,시사회 보고 왔는데 삼류영화..  
20170815,10,시사회로 미리봤는데 ....진심 무섭고 소리도 소름끼치는부분도많고이제까지 본 공포영화중 따봉봉!  
20170815,9,곡성보다 조금 더 무섭고 조금 더 깝툭튀 ..  
20170815,10,어떤 내용일지 기대됩니다  
20170815,5,이번주 금요일에 애나벨 보려고 했는데 장산범 개봉시기에 맞춰서 싹 다 내려버림ㅡㅡ  
20170815,1,소뒷걸음에 얻어걸린 희대의 쓰레ㄱ영화 숨바꼭질. 그 감독이 또 쓰레ㄱ양산. 이번 영화는 제대로 폭망되길  
20170815,7,어제 유료시사회로 보고왔는데요 감독과의대화에서영화볼때 주의점을 알려주셨으면 더 좋았을듯한데 아쉽네요. 맨처음 20분긴장감은 정말최고구요 후반으로 갈수록 전개가 뻔한점은아쉽네요.그리고염정아님역할이부각되다보니 상대적으로 박혁권님 역활이 좀 아쉽네요.  
20170815,1,숨바꼭질  감독이라는데 말 다했네요..  
20170815,10,박평식과 허남웅의 영화 평점은 그냥 무시하세요. 자기 세상에만 빠져서 악평 일삼는 것들입니다.  
20170815,10,꼭 보세요! 애나벨보다 이게 더 무섭고 재밌습니다!애나벨 볼 돈으로 장산범 보세요!!시사회에 가서 봤는데 스릴러 대박입니다!!  
20170814,1,"재미없을거같다, 소재부터가 도깨비와 혹부리영감 수준  "
20170814,10,"장산범 페이스북에 뜰때부터 수도없이 본 좋아하는괴담이라서 정말기대많이했습니다 기대에 부응할만큼 소리,내용 빠지는거없이 로 정말만족했고 장산범이 얼굴도없고 자세히 기록되어지지않은 괴물이라서 어떻게표현할지궁금했는데 하얀털날리는부분 대단합니다  "
20170814,10,스릴러 및 공포 영화는 모 아니면 도 입니다 유치 혹은 재탕이거나 아님 진짜 신선하고 표현이 정말 무섭거나 말이죠 곡성이 두번째 해당되는 영화인데 장산범은 어떨지 궁금하네요 시사회 다녀 온 사람 말로는 곡성 급이라던데 대박 냄새가 납니다  
20170814,1,이거 볼빠에 애나벨2 보고만다 비교 자체 불가임 국산 공포는 이제 끝이지  
20170813,10,아들 태어나면 이름 장산범으로 지어야겠다 이득이구만  
20170813,8,평식님은 바지에 지리는 영화는 짜게 주더라...  
20170813,10,"시사회로 미리보고왔는데이거보다가  중간에 나가고싶었음 소리가 너무 무서움 .. 소름끼치는게 진짜 장난아님 숨바꼭질보다 훨씬 소름돋고,  곡성이랑비슷한데 곡성보다 100배무서움 꼭 보세요  "
20170813,10,납량이 씨가마른 지금.. 단비같은 작품이 되길!  
20170813,10,시사회로 보고왔는데 진짜 재밌었음나중에 또 보러가야겠다~~  
20170813,10,굉장히 기대되는 영화입니다!  
20170812,10,"생각보다 재밌나보네요, 기대해보겠습니다  "
20170812,10,소리만으로도 무서운 기분.. 사운드 빵빵한 극장에서 보시길..  
20170812,10,재밋다는 말이 많아서 기대중이에요!! 담주에 당장 보러갑니당  
20170812,10,와 최근 나온 한국 영화 중에 제일 소름돋더라  
20170812,9,염정아랑 신린아 연기 미침ㅋㅋ  
20170812,10,개봉일이 늦춰져서 재미없어서 그런가보다 했는데 잘못된 생각이었음. 별로 볼 생각없다가 친구따라 시사회 갔다온건데 존나무섭더라.  
20170812,10,생각한 것 이상으로 잘 만든 영화였어요. 숨바꼭질도 엄청 가슴 졸이면서 봤는데 장산범은 더 무섭네요  
20170812,10,"보는 내내 심장이 두근두근, 기대이상의 영화였다  "
20170812,10,이번엔 진짜 무섭네요.. 한국 공포영화는 잘 안믿었는데..  
20170812,1,알바가 벌써부터 판을치네 어후...  
20170812,10,나오기만을 손꼽아 기다리는중  
20170812,1,떡밥만 많이 던져놓고 회수는 안하고... 시사회로 미리봤는데 돈주고 봤으면 돈낭비에 시간낭비에. 고구마 잡숫고싶으신 분들 보시길.  
20170812,10,"장산범 시사회 다녀왔는데 , 보는내내 소름돋고 심장 쫄깃했어요 추천추천 합니다~~  "
20170812,1,장산범좀 보고 싶다 좀 그래야 믿든지 하지 차라리 그리고 애나벨 보는게 훨낫겠네 쫌 장산범좀 인천으로 끌고좀 와주세요 누가들좀 나도 믿고 싶다 보질 못하고 실화가 아니니 귀신도 아직 못본 사람임  
20170812,10,시사회로 봤는데 짱! 무서웠어여....ㅠㅠ  
20170812,1,감독이 숨바꼭질 만든 감독이라 왠지 불안하다  
20170812,1,ㅋㅋ 이감독 숨바꼭질인가 OOOO영화 만든 감독이잖아..ㅋㅋ 방금 케이블서 하는거 보고 그영화구나하고 또봤는데 진짜 욕나오더라 감독아 정신차려라 너혼자 판타지냐 sf 영화를 만들어  
20170811,10,믿보 염정아 아닌가요 염정아만큼 다양한 연기잘하는 배우도 드문데 ㅋㅋㅋ  
20170811,1,감독은 기대되지만 믿고 거르는 염정아  
20170811,9,"만약,흥행실패한다면,개봉일 잘못잡은 배급사 잘못!감독,배우,전체적인 영화로는 아주 훌륭했음.혹성탈출 피할려고 광복절황금연휴 지나서 개봉하다니..다른영화와 붙어도 전혀 밀리지 않은 수작!! 개인적으로 숨바꼭질보다 더 좋았음,  "
20170811,7,영화관에서 맨뒷자리였는데 팝콘부자 됬습니다. 대사가 많지 않은 공포여서 좋았습니다.  
20170811,8,호랑이굴에 들어가도 정신만 차리면 산다  
20170811,10,앞에서끊기는장면많아서뭐지했는데뒤로갈수록재밌네요갑자기확튀어나오는장면이많아서깜짝깜짝놀랬고보는동안OO만한10번한것같아요막짜증나게무서운건아니고적당히?자기전에떠올라서잠못들정도는아니구더위가실정도라서걱정안하셔도될것같아요 재밌어요♡ㅎㅎ  
20170811,9,어제시사회보고왔습니다 참고로 공포영화를 자주보는편인데 결말도 나름재스타일이였고 몰립도도 나쁘지않았습니다~ 놀래키는장면도 괜찮았고요 돈주고봤어도 재밌었다고 했을꺼같습니다ㅎㅎ  
20170811,10,시사회 갔다왔습니다. 진짜 너무너무 무서워요ㅠㅠ 친구랑 둘이서 손 꼭 잡고 보고 왔어요ㅠㅠ 소리로만 무서운게 나올지 알았는데 시각적으로도 무서운거 많이 나오구요ㅠㅠㅠ 진짜 매순간 긴장되고요ㅠㅠ 꼭보세요 여기저기서 관객들분들 소리지르고 눈가리고요ㅠ  
20170811,10,진짜 무서워요  원래 무서운거 잘보는데 이거는소리지르면서 봄  
20170811,9,시사회로 보고왔는데요핸드폰 손에쥐고 보다가 발작 일으키며 땅바닥으로 던졌습니다.진짜 겁나무서움... 역시 숨바꼭질 감독님...다만 마무리가 좀 아쉽다는 생각이 ㅠㅠ  
20170811,10,화면의 3분의 2를 가리고봐서 영화끝나고나서 친구한테 젤 무서운장면이 뭐엿냐고 물어봣습니다..겁나무서워요  
20170811,10,장산살아서 더 보고싶은 영화 ㅋㅋ숨바꼭질 감독님이라니 더 기대되네용.  
20170811,10,"진짜 너무 무서워요...너무 무서워서 하두 긴장해서 영화가 끝났을 때 몸이 축 늘어지더라구요, 여자주인공 캐릭터에 완전히 공감할 수는 없었지만 영화 자체는 더위를 날려버릴만했습니다ㅋㅋ  "
20170811,10,시사회 봤는데 너무 무서워서 고함 많이 질렀습니다. 옆자리 분들 죄송합니다.  더위가 싹 가실정도로 오랜만에 제대로된 공포영화를 보고 나왔네요. 장산범  저에게는 올해 잊지못할 영화가 될 것 같아요  
20170811,5,처음에는 소름도 돋고 깜짝깜짝 놀라게 할 만큼 재미있었는데 중반부 좀 지루하고 결말이 그닥이었어요. 결말에서 급 실망  
20170811,9,시사회 봤어요 ! 진짜 ㅋㅋ대박무서워요 중간에 울면서 나갈뻔ㅠㅠ시간가는지도 모르고 봤네요..  
20170811,10,"정말 기대되는 공포 영화, 예고편만 봐도 긴장되네요  "
20170811,8,숨박꼭질이란 영화를 너무 재미있게 봐서인지 이번 작품도 기대가 컸습니다. 그래서인지 역시 좋았습니다...2시간이라는 시간이 30분인듯 긴장의 끈을 놓을 수 없었다.  
20170811,8,시사회에서봤는데 이때동안 본 무서운영화중 제일무서웠습니다..  
20170811,8, 호러영화인거 알고 보세요. 모르고 봤다가 죽는줄 알았습니다...영화 끝난지 2시간이 지났는데도 팔다리가 아파요...ㅠㅠ  
20170811,10,시사회로 봤는데 진짜 처음부터 끝까지 긴장의 연속입니다.  
20170811,7,시사회로 보고왔는데..재미없는건 아니지만 다소 억지스러운 전개에 실망감이 들더라구요.많이 무섭지는 않고 깜짝 놀라는 부분이 꽤 있었습니다. 몰입도는 괜찮았고 배우들 연기도 좋았어요.숨바꼭질보다는 별로였지만 기대를 내려놓고 보시면 괜찮을 듯 합니다^^  
20170811,10,시사회 보고왔습니다. 지릴준비하고 갔었는데 별로 안무섭드라고요. 오늘은 엄마아빠 사이에서 자려고합니다  
20170810,10,시사회로 보고 왓습니다! 보는 내내 일행과 두려움에 떨엇어요 ㅋㅋㅋ 스토리도 탄탄하고 진짜 한국 공포영화중 젤 잘만든듯 ㅜㅜ 짱! 흥해라!  
20170810,9,사회 보고왔는대 영화 시작하자마자 나가고 싶은건 처음이였어요... 사운드도 대박 ㅠㅠ 진짜 꼭 보세요!!! 생각없이 보면 존잼!  
20170810,7,시사회를 보고 왔습니다.일단 관람 초반부터 중후반 까지 조마조마하게 봤을정도로 재밌었습니다. 실제로 엌 하고 놀랄정도로 봤네요 ㅋㅋㅋ아쉬운건 마무리가 상당히 아쉽네요. 뭔가 허무하게 끝난 느낌이에요.아예 파격적으로 나쁘게 엔딩하는게 나았을수도  
20170810,10,시사회를 봤는데 배우들의 연기 이준혁씨의 무당의 연기 쩌네요 꼭 봐야되는 영화네요 적극추천해요  
20170810,10,굿하는 장면 너무 리얼하네요..  
20170810,5,긴장감을 느끼지 못해 높은 점수는 못 주네요..  
20170810,8,우리나라 공포영화의 묘미를아는건 알포인트 이후로 그냥 멸종수준아니냐? 그냥 소리만 빽빽 지르면 공포인줄아는...다른거 배끼지말고 공포영화좀 배껴라..  
20170810,3,방금 시사회 보고 왔는데 졸라 열심히 만들다가 마지막에 지쳐서 나무로 대체하는 영화같은 느낌..? 너무 실망입니드.  
20170810,8,그냥 보고나면 귀막느냐고 귀아픔 내용은그냥그렇고 무섭기만함  
20170810,10,오늘 시사회 보고와씀...존잼....보는 내내 소오름....작년에는 곡성이었다면 올해는 장산범이예요. 둘다 아역들연기가 돋보이네요  
20170810,5,초반엔 좀 지루했는데 후반부 갈수록 깜짝 놀랐습니다 마지막엔 좀 여자 주인공분이 답답 했습니다 ㅜ  
20170810,3,싸이가 출현한거에 만족한 영화그외에는 시간 아까움  
20170810,10,오늘 시사회로 먼저 봤는데 스릴러와 공포 ~~  무섭지만 넘 재미있게 보고 나왔네요 영화 장산범 강추 합니다아역배우 연기 최고 ~~  
20170810,10,시사회 보고왔어요. 원래 공포영화 잘 못보긴 하지만 친구랑 저랑 워낙 소리지르다 나와서 죄송했다는... 외국 스릴러 공포영화만 보다 장산범 보니 한국영화 느낌이 확 나네요. 어떤 부분에선 곡성도 조금 생각났다는ㅋㅋ(보신분들만 아는ㅋㅋ)  
20170810,4,시사회 보고왔습니다. 숨바꼭질 재밌게 본터라 기대했는데 기대 이하네요. 소리에 신경쓰신거는 느껴졌으나 중간중간 놀래키기 위해서 갑툭튀가 많아 흐름을 깨는 것 같습니다. 갑툭튀보다는 스토리적으로 무서운 편이 좋을것 같네요.또한 마무리가 아쉬웠습니다.  
20170810,1,필요없는 쓰레기씬이  넘많아요ㅡㅡ 바람부는씬 복붙 간간에 훅. 놀래키다 끝나네요  
20170810,10,시사회로 방금 보고 나왔는데 곡성의 현혹은 아무것도 아니네요. 영화 중간에 나가고 싶었던 공포영화는 처음! 영화 후반부는 거의 고개를 못들었어요; 강심장들만 보세요~  
20170810,10,시사회 보고 방금 나왔는데 허정감독을 우리나라 불모지장르 호러물을 위해서 앞으로 호러물만 만들게 했음 좋겠다. 진심  
20170810,9,굳 우리나라만의 특색있는 영화네용  
20170810,9,무섭고 목소리들이 많이 나오던데 마치 숨바꼭질 도입부 동네 기괴한 소문 말하던 거 생각나면서 역시 몰입도는 최고입니다!! 기대 이상 좋은 영화 잘 보고 집 갑니다  
20170810,9,그냥 너무 무서움...  
20170810,9,시사회 다녀왔습니다 웰메이드 한국식 공포영화.. 염정아와 신린아의 연기력이 진짜 최고  
20170810,9,한국공포중에서 젤 나은듯 참신했따  ㅅㅅ  
20170810,9,사운드와 영상이 적절하게 어울려서 공포감을 더욱더 올려주는 영화네요.곡성과 비슷하지만 전혀 다른 느낌을 주는 영화.  
20170810,9,무서워 죽는줄 알았어요ㅜㅜ 어깨가 뻐근할 정도  
20170810,10,집에가서 거울 못 볼 듯...ㄷㄷ 개무서움...  
20170810,9,명불허정!올여름 깜놀하며 숨바꼭질하기 좋아요  
20170810,9,너무 재밋어요 오싹오싹하네요~~  
20170810,9,너무 재밌었어요!! 숨바꼭질 다음 번 영화여서 기대했는데 역시나 재밌네요  
20170810,10,짱  무서웟어요. . . 무서움  
20170810,10,오랫만에 재미있게 본 호러 영화였습니다.  
20170810,8,여태까지 봤던 영화 중에 손꼽히게 무서워서 소름 돋고 더위 싹 가시게 써늘해서 진짜 춥기까지 했습니다.공포영화는 소리가 안 나면은 덜 무섭다는데 장산범은 그 중요한 목소리가 진짜 몇년동안은 이 무서움이 가시지 않을만큼 진짜 리얼 무서웠습니다.  
20170810,10,역시 허정 감독은 기대 이상이다  
20170810,10,재밌게 잘 본 거 같아요 연기도 좋고  
20170810,10,완전재밌었고 무서웠름 다시보고싳기도한데 너무무서웠다 한여름밤에 가족끼리와거 더위날리고 갈수있을만틈좋았다 가족끼리오든 친구끼리오든 완전좋은영화!!! 강추 ♡  
20170810,7,소리를 듣지마세요 제발  
20170810,10,스릴 최고입니다! 올여름 최고의 영화  
20170810,9,"긴장감 풍부한,신종, 사운드 호러 귀만끽하라  "
20170810,7,결국 엄ㅁ마는 맨날 모성애 때문에 참...보면서 고구마  
20170810,10,최고!엿다다음에도토볼만큼  
20170810,10,와 너무 무서워서 중간에 팝콘을 던져버렸어요 꼭보세요 몸이 다 추워져요  
20170810,9,올해 최고의 미스터리 스릴러  
20170810,10,영화 재밌어요~ 깜짝깜짝놀라는게 볼만하네요  
20170810,8,생각보다 볼만 하네요 공포물  
20170810,10,좋아요좋아요좋아요하하하  
20170810,10,재밌어요 꼭보세령ㅋㅋ  
20170810,10,시간가는중 몰랐어요 나중에 또보고싶  
20170810,10,시사회 방금 끝났는데 ... 뒤에사람 팝콘 쏟았습니다 ...진짜 너무너무 무서워요  
20170810,10,목소리가 전해주는 섬뜩함. 근래 본 영화중에 제일 스산하고 무섭다.마치 목소리에 홀린듯한 이느낌. 절대 현혹되지 말아야한다.  
20170810,7,결말은 없고 스릴은 넘침  
20170810,8,초반에 쫌 지루했어요.. 마지막에 열린결말??인거같아서 여운이 많이 남는 영화였습니다:)  
20170810,10,저는 그냥 무서워서 죽을뻔했어요 ...귀를 너무 쎄게 막아서 귀가 아플정도 .. 근데 사운드가 커서 귀를 아무리막아도 뚫고 들려오네요 ^^.. 괴롭지만 근데 진짜 숨바꼭질보다 너무 무섭고 그냥 너무 무서웠어요..  
20170810,10,심장 쫄깃쫄깃   긴장감 쵝오  
20170810,8,으으 무서워 죽는줄 으으ㅡ으으으으ㅡ으으  
20170810,10,무더운 오름 더위를 싹 날릴 영화네여 ㅜㅜ 너무 무서웠어요  
20170810,8,지금 영화 보고 나왔어요... 너무 무서웠어요ㅜㅜ  
20170810,10,가슴 섬짓해지는 영화예요  
20170810,10,공포영화잘보는데 엄청무서운것같아요ㅜ  
20170810,8,무서워서 팝콘 쏟앗어요...  
20170810,10,옴싹달싹 못하게 만드는 극강의 귀르가즘 공포! 장산범 무시무시허다 진짜!  
20170810,10,시사회 보고 왔는데 입에 주먹넣고 울부짖으면서 봤다..감독이 공포영화 존나 잘만드는듯..  
20170810,9,무더운여름.. 더위를 날려 버릴 영화입니다..  
20170810,10,"영화 진짜 재밌어요 약간 여주가 암이지만 진짜 꿀잼 공포, 스릴러 장르 좋아해서 그런지 진짜 재밌어요  "
20170810,10,굳ㅎㅎ좋라료짱감사하허  
20170810,10,긴장감의 연속이네요 잼있어요  
20170810,8,재밌게 봤어요!!배우들의 연기가 좋았어요  
20170810,10,여자 아이 연기가 무척 좋네요~~ 처음부터 긴장감이 장난 없어요!  
20170810,10,올해 영화중 역대급 스릴러.... 처음부터 끝까지 심장 졸이면서 봤네요  
20170810,8,언뜻보면 중구난방 스토리가 공포를 중심으로 하나로 되어나간다.올여름 국내 공포영화로 추천.  
20170810,10,무서운데 재미있어요!  
20170810,8,여름에 보기 딱좋은 영화 같습니다 요  
20170810,10,잼나요잼납니다 짱재미나요  
20170810,9,여름에 완전 시원 했어요~~~  
20170810,10,목소리의 이끌림 그리고 공포  
20170810,7,근간에 봤던 한국 공포영화중 꽤나 수작을 본느낌 허나 역시 시각을 중시하는 영화에서 청각만으로 승부를 보려는 점에서 전작보다는 후퇴한 느낌  
20170810,8,숨죽이면서봣어요 정말  
20170810,9,너무 무섭다 그무당분장이 무서움  
20170810,10,진짜 너무 무서워요 ㅠ 강추합니다  
20170810,8,재미있어요 더위가 달아나네요  
20170810,10,재밌어요와아 재밌습니다  
20170810,6,장산범보다 염정아가 더무서움;  
20170810,10,진짜 영화보는내내 무서워서 귀를 막고 봤습니다 ㅠ ㅠ  
20170810,10,와 뛰쳐나가고싶었음 핵무서워 ㅠㅠㅠㅠ진짜보다 쓰러질뻔 소리지른게 한두번이아님 추천추천  
20170810,10,완전 무서워요!!재밌어요  
20170810,9,엄마로서의 죄책감이 덫이 되네요  목소리 의 사연  절대  속지 말아야 하는데..  
20170810,10,장산범 무섭고 소름돋네요.오랜만에 한국 공포영화 재밌게 봤습니다.  
20170810,10,너무 무섭고 재밌었습니다  
20170810,10,목소리로 사람을 홀리는 무시무시한 장산범! 꼭 보세요~  
20170810,10,역시 허정감독 짱이에여... 대박 짱잼 졸잼  
20170810,8,소름 돋고 깜짝놀라는 부분이너무 많아요 여름더위 가 싹 달아나네요 재미있어요  
20170810,10,최근 몇 년간 공포영화 중 가장 무서웠다!  
20170810,10,재밌게 잘봤습니다!최고뮤서워요  
20170810,9,허정 감독님 작품 숨바꼭질을 너무 소름돋게 흥미롭게 봐서 장산범도 기대했습니다. 역시나.... 이번 작품도 배우들의 연기들로 인해 빛이 났습니다. 잘봤어요~!!  
20170810,10,너무 무서워요....  
20170810,9,무섭기도  했지만  나름  내용은 잘  만들라고 한 흔적이 있으나  마지막  장면이  아쉽네요  
20170810,10,완전 소오름~~ 대박 무섭다  
20170810,8,장산범이라는 개성은 확실하다 무서움  
20170810,10,숨바꼭질을 잇는 멋진 미스터리물  
20170810,10,장산범 넘 무서워요. 재밌어요.  
20170810,9,한국드라마랑 공포영화 짬뽕시킴  갑툭튀 무서웠음  
20170810,9,스릴 대박이에요...!  
20170810,9,아진짜 너무 무서워서 눈가리고봤네요 진심 지릴뻔했어요;;  
20170810,10,소리로 느끼는 공포가 엄청나네요ㄷㄷ 시종일관 쫄면서 봤습니다 공포영화 좋아하시는분들은재밌게 보실 것 같아요~ 적극추천!!  
20170810,10,양옆에 소리지르고 난리난 영화에요 재밌습니다  
20170810,10,소리만으로 극강의 공포를 준다. 처음부터 끝까지 긴장하며 봤을정도.민담설화를 공포영화에 잘 녹여내었다.  
20170810,10,진짜야 눈감고 귀가리고 다봤어 이건 진짜야  
20170810,10,매우 신선한 소재의 영화 잘 봤습니다.깜짝 놀라는 부분이 매우 많아요!  
20170810,10,소리로 긴장감과 공포를 주는 영화 장산범 정말 재밌었습니다.  
20170810,10,영화 정말 무서우면서 재미있네요  
20170810,8,숨바꼭질 감독님 다운 영화였습니다. 놀래키기만하는 영화가 아니라 더 좋았습니다.  
20170810,10,장산범너무재밌었어용  
20170810,8,정말 공포가 엄쳥났고 소리를 따로 녹음해서 음향이 최고여서 몰입해서 재밌게 잘봤습니다  
20170810,10,재밌어요 강추합니다.  
20170810,10,심장이 쫄깃쫄깃 엄청 무서워요 꼭 둘이서 보세요!!  
20170810,8,촤근에 본 한국 공포영화중애ㅜ재일 재밋내요  
20170810,10,역시 허정 감독님! 소름끼치게 스릴있다 강추!  
20170810,10,완전 무섭네요!! 영화 완전 강추합니다^^  
20170810,9,완전 무서워ㅋㅋㅋ 재밌게 잘 봤어요!!  
20170810,10,재밌어요 스릴있고 좋은거같아요  
20170810,7,긴장하면서 봤어요ㄷㄷㄷ  
20170810,10,극장에서 보면 더 무서운 영화꼬맹이가 겁내 놀래켜ㅠㅠㅠㅠ 무서어ㅠㅠㅠ  
20170810,7,"3면을 가득 채우는 시청각 공포, 어쩌면 당연하다 여겨지는 결말로 흘러가는 과정 속의 참신한 시도가 돋보였다.- <장산범> ScreenX ver.  "
20170810,9,진짜 소름 ㅠ 무서운거 잘 못보는데. 진짜 궁금해서 보게되는!! 스크린엑스가 더 대박일거가틈  
20170810,10,ㄱㅣ대하고 있는 작품입니다  
20170810,8,실화라그래서 기대안했는데 신선하게 무서웠어요 ㄷㄷ  
20170810,10,시사회로봤는데 정말재밌어요 강추합니당  
20170810,10,무더운 여름 이 더위를 가실 영화로 아주 딱...준서야...  
20170810,10,너의 목소리가 들려.. 준이야 준서야..  
20170810,8,숨바꼭질 허정 감독의 신작 웹툰으로 기대를 했는데 스크린엑스로 잘 봤습니다  
20170810,10,너무 추워요 살려주세요 준아 오지마..  
20170810,8,신선하게 무섭고 실화라는거에 더무섭네요  
20170810,7,간장감이 있으나 줄거리나 따임새는 아쉽다  
20170810,10,방금 ScreenX 감독님과 함께 봤어요. 신선한 소재 와.. 좋앗어요 장산범은 스크린엑스에서 꼭 보세요!!  
20170810,10,여름에는 공포영화죠 재밌게 봤어요  
20170810,10,최고 너무 무거워요 덜덜  
20170810,10,해외에 국내영화들은 예고편이 전부다.국내에 공포영화는 예고편에 맛깔나는 MSG가 섞여있지만이 작품을 국내에서 제일 먼저 시사회로 보게된 나는 눈을 감고 소리에만 의지하고싶다.소리도 막고싶다.그냥 무섭다 ㅠㅠㅠ 무서운거 좋아하면 보세요...  
20170810,9,너무기대됩니다 장산범화이팅  
20170810,9,오늘 시사회보러 왔는데 너무 기대되요!숨바꼭질을 못봐서 이거라도 보러가야지...했는데 보게되서 좋아요!!기대하고있어요  
20170810,9,미스터리물 좋아하는데 기대됩니다  
20170810,10,소리의 공포가 압권. 너무 재미있고 몰입감좋았어요  
20170810,10,장산범  올여름 최고의 공포영화  
20170810,10,장산범 무서웠어요 역시 숨바꼭질 감독님  
20170810,10,너무 무서울것같아요 ㅠㅠㅠ기대기대 여름을 날려버려~~  
20170810,10,장산범이 너무 재미나요.시사회 보고 왔는데 괜찮아요!  
20170810,10,역쉬!!! 기대를 져버리지 않는군요^^~~  
20170810,10,보이지 않는 것이 가장 무서운법  
20170810,10,너무 재밌어요. 미스터리의 새로운 장을 열었네요.완전 강추합니다~^^  
20170810,7,올여름 꼭 봐야할 영화! 추천합니다. 단 호불호가 갈리는 영화예요.  
20170810,9,올여름 이런 미스테리 드라마를 기대했다  
20170810,9,충격적이면서도 인상을 주는 스릴러가 좋아요  
20170810,8,꼭 보세여.이 여름에 짱 어울림.ㅋㅋ  
20170810,9,숨바꼭질에서 뭔가부족했었는데 장산범에서 채워줄거 같아요 박혁권과 염정아의 시너지까지 기대됩니다  
20170810,10,무더위를 시원하게 날려줄 장산범 기대됩니당!  
20170810,10,"숨바꼭질도 재밌게봣는데, 이 영화도 너무너무 기대되요!  "
20170810,9,기대한만큼 무시무시한 영화네요. 이 무더운 여름에 강추드려요!!  
20170810,10,역시 숨바꼭질을 만든 허정감독님 영화였습니다. 끝까지 긴장감을 놓치지 않고 봤습니다.  
20170810,9,여름엔 공포영화 한편은 봐줘야죠.깜짝깜짝 등골이 오싹하니 간떨리는 영화 떨리네요  
20170810,10,드디어 개봉하는 장산범감독님만 믿고 갑니다대박  
20170810,10,최고의 스릴과 서스펜스!!!대한민국 최고의 스릴러!!  
20170810,10,말수 커모~~~~온!!  
20170810,10,수민이가 보여주기로 한 영화 기대됩니다  
20170810,10,수민 범 기대중입니다 ^^  
20170810,10,"우리 수민이가 추천한 영화, 꿀잼 기대 중  "
20170810,9,잼나용 재미나게 봤어용  
20170810,10,한국형 공포영화 굿 기대됨  
20170810,1,소재는 좋은데 시나리오 자체가 C급..  
20170810,10,여름에 스릴러영화~~기대됩니다^^  
20170809,9,오늘 시사회 보고 왔어요~~ 더위가 싹~~~ 사라져요~~강추  
20170809,10,재밌을듯 기대기대 ㅎㅎ  
20170809,10,이름이 희연이면 보지마세요...  
20170809,10,꼭 보고싶은 영화.^^  
20170809,7,영화제목 ㅅㅂ 당연히 일제강점기나 사극 영화인줄 알고 예고편봤다가 지림  
20170809,10,저희 아빠 어릴적에 할머니께서 산에 올라갈때마다 아빠께서 물찾으면 호랑이 나타난다고 혼냈다 그랬는데 지금생각하면 그 호랑이가 장산범일 수도  
20170809,10,숨바꼭질 감독이면 봐야되는거 아닌고?  
20170809,10,올해 최고의 공포영화가 될 것이다~~~  
20170809,7,예고편만 봤을때는 왠지 장산범 실체는 안나오고 장산범이 소리로 사람을 홀린다는 점만 따온것 같은데 그럼 장산범이라고 제목을 지을 이유가 없는데...흠  
20170809,10,  예전부터 해운대 안살아본사람들은 모름. 지금 이사온지 10년정도 밖에 안된 사람들도 모를거임 난 해운대 구시내 토박이라서 예전부터 많이 들은 이야기 . 정확히 할매한테 들은이야기 알려줌. 지금 해운대 신도시 안아파트단지 사이에 계곡이 하나있음  
20170809,3,예고편 보고 실망. 사실 괴물 영화 처럼 나왔으면 했음.  
20170809,10,개인적으로 염정아씨 팬이에요. 영화 잘 됐으면 좋겠네요.^^  
20170809,10,재미있을것 같아요~~  
20170809,10,오늘 시사회 봤는데 짱무섭ㅠㅠㅋㅋ무섭고 슬픔 ㅠ  
20170809,10,시사보고왔습니다. 진짜 기대하셔도 좋을 공포영화입니다. 간만에 공포다운 공포영화 봐서 너무 좋았네요 무서웠지만ㅠㅠㅎㅎ 감독님 공포에 정말 특화된 분이신듯..  
20170808,10,시사회보고왔는데 염정아씨 연기는 정말 최고.. 소리를 소재로 사용한 공포영화라 좋았어요. 허정 감독님 영화는 앞으로 믿고볼듯!  
20170808,10,숨바꼭질 재밌게봤어요  
20170808,10,숨바꼭질을 정말 식은땀 흘리면서 봤었는 데.. 장산범이라는 영화에 기대가 큽니다.  
20170808,10,영화 시작도 전에 평점깎지는 말자  
20170808,1,"전혀 기대가 안된다,,,  "
20170808,2,곡성급 아니면 한국영화는 공포장르 제발좀 만들지마라ㅉㅉㅉ  
20170807,3,숨바꼭질...엄청 유치하고 허술하게  끝났잖아..기대된다고?  
20170807,1,음..별로임...이제.ㅋㅋㅋ  
20170806,10,정말정말기대기대됨됨  
20170806,10,오랜만에 한국 공포영화 좀 봐볼까?  
20170806,10,ㅋㅋㅋ 신린아는 그냥 '여자애 '역이네  
20170806,1,숨ㅋ바ㅋ꼭ㅋ질ㅋ믿고 거른다  
20170806,10,무엇인가 이끄는 무서움이 가득한 영화  
20170806,10,염정화 이쁘다 이번영화 연기력 기대할께여  
20170806,9,숨바꼭질.. 그리고 장선범 기대합니다~  
20170805,1,숨ㅋ바ㅋ꼭ㅋ질ㅋㅋㅋ  
20170805,10,여름 끝자락인데 공포영화 개봉이라니... 꼭 보러갑니다.  
20170805,1,뻔한 스토리라 바로 거릅니다한국 공포영화 진짜 무섭지도않은 갑툭튀 집어넣어놓거나소재를 잘잡아도 스토리를 안봐도 상상가고 재미없어서보나마나 재미없음 이거  
20170805,5,숨박꼭질에 데여서...ㅠ  
20170804,10,염정아 작품보는 눈 탁월하시니 재밋을거같습니다.  
20170804,10,염정아연기짱이지ㅎㅎㅎ  
20170803,8,와 이게 영화로 소재로 쓰였구나.. 부산 장산 근처에 살면 왠만해선 아는 전설인데..  
20170803,10,<숨바꼭질>을 재미있게 봐서 <장산범>도 기대하고 있습니다.  
20170803,4,개봉후 평점 4점 예상해봄  
20170803,1,한국은 뻔하니까 하나도 기대 안됨ㅋㅋㅋㅋ여자 비하하는 영화만 가득하네쓰레기 나라와 드러운 남자들 때문에 여자들이 뭔 몸을 팔고 다니라는 것처럼 OO 생각들도 해줫으면 여자들만 불쌍하지ㅡㅡㅡㅡ  
20170802,9,숨바꼭질만큼만 되어도 흥미진진할듯합니다  
20170801,10,박혁권나오네 그럼봐야지  
20170801,10,완죤 재밌겠네요~~~기대 됩니당!  
20170730,1,해운대 태어나서   50년가까이 살았지만 장산에 범이산다고 살다가 별소리 장산이 지리산이냐 ㅋ장산정상 두시간이면가고 신도시바로옆이라. 등산객 메어터진다 범은커녕 멧돼지 구경하기도 힘들다  
20170730,10,"감독은 숨바꼭질, 염정아는 장화홍련 생각난다..  "
20170730,10,아 이거 기대되는데 자꾸 마음의소리 생각나서 웃겨...ㅜㅜ  
20170729,1,좋은 소재긴한데... 한국공포 영화는 안봐도 망삘. 게다가 감독이  숨바꼭질감독...연기 그렇게 잘하는 배우들 데려다가 개망으로 만든...  
20170729,10,예고편 보고 무서울것같아 봐야되는지 고민되네요.. ㅠ 무서울것같다...  
20170729,6,개봉 대기중인 영화이다  
20170726,9,요즘 장산범 소재 핫하네요  
20170726,1,괴물이 아니라 귀신으로 표현되었네 핀트 잘못잡았네  
20170726,10,개꿋 장산범 겁나 기대됩니다.  
20170725,2,진짜 기대하고 있었는데 예고편 보니까 그냥 장산범은 나오지도 않는 그냥 귀신영화인듯....왜 제목이 장산범인지 이해가...  
20170725,10,장산범   영화가  넘넘 기대돼요 장산번  화이팅  염정화  박혁권 화이팅 장산범  
20170725,10,"시작도 안했는데, 1점 주는 사람들 때문에 10점 줌  "
20170724,10,아... 시험 코앞인데 겁나 보고싶네....  
20170724,7,어디있니~  임재범아~~   나는너의영원한 혀엉제애야아차범.근아~   두리야 피로가뭐지이현도야~ 최민수야~토니스타크야~ 조석때매 장산범하면 웃기기만함ㄷㄷ  
20170724,10,장산범이라는 웹툰을 많이 보았습니다. 그러다보니 이 만화가 영화로 나왔으면 하는 생각이 있었는데나오네용 극장가서 꼭 보겠습니다  
20170723,1,내가볼땐 이것도 리얼처럼 소문만 무성하고 별거없다 진짜 이영화 잘되면 홍대에서 팬티만 입고 돌아다닌다  
20170723,10,허정감독이하는말컨져링보다10배재미있고무섭다....과연정말일까  
20170723,9,딱봐도 장산범은 인간이고 연쇄살인마지 보통 반전은 그럴거임 그리고 주인공이던 아이가 살아남고 죽은줄 알았던 장산범은 어디서 또 일을 저지르던지 원래 장산범이 죽이던지 할거임 숨바꼭질 보면 마지막 애가 살아서 일을 시작하던지  
20170722,10,몇년전에 본 장산범 웹툰이 아직도 잊혀지지 않네요 그때의 소름이 이번엔 더 오래가겠죠? 기대됩니다!  
20170721,8,"우리나라에서 공포물이 살아남기란 어렵다. 손에 꼽아보아도 여고괴담1, 알포인트, 장화홍련 정도를 제외하면 사실상 수작이랄 만한 건 없다. 장산범에 대한 이야기는 익히 들었다. 소재가 갖는 힘이 영화의 서사에서 탄탄하게 구현되기를 빈다.  "
20170720,10,숨바꼭질 재밌게 봐서 요것두 기대중이에요  
20170720,9,쟝르적으로 기대되는...  
20170720,9,"아, 숨바꼭질 감독이시구나. 극장 가서 볼게요~  "
20170720,10,남자친구가 무서워해요ㅠ  
20170719,10,장산범 기대돼요 허정감독도 그렇고 염정아도 그렇고 ㅎㅎㅎ 스릴러 대가끼리 모였으니 진짜 무서울듯  
20170719,10,예고편 보고왔는데 개무섭닼ㅋㅋ 솔지기 염정아 나오는 영화는 다 무서움. 애기 목소리 나오는게 젤 무서운듯ㅋ  
20170719,10,와씨 숨바꼭질 감독님이면 말 다했음 기대된다 미친 ㅡㅡ  
20170719,10,허정감독 전영화도 너무 좋았는데! 완전 기대중!~  
20170719,1,숨바꼭질 감독이야ㅡㅡ? 나그 영화 옷장 시체보고 과장1도안보태고 헛구역질 했어요 ㅅㅂ 작작해야지 고어표현 자제좀하세요 15세영화에서  
20170718,10,공포영화 보고싶었는데 기대됩니다!!  
20170718,10,기대되요 빨리보고싶다  
20170718,9,이것도 왠지 시작은 좋으나 결말은 허접할것 같다...제발 그런 영화는 아니길;  
20170718,10,숨바꼭질 보고 난 다음 날 족발을 시켰는데 검은 헬멧을 쓴 배달원이 와서 깜짝 놀랬음. 장산범 기대합니다~  
20170717,10,감독님!기대됩니다!  
20170717,3,댓글에서 알바냄새가 물씬나네 극혐  
20170717,10,허정감독... 완전 기대중!!!!  
20170717,10,아씨..소름..ㅠㅠ  예고편땜에 개놀랫네 극장에서 보면 진짜 지릴듯  
20170717,10,소름 소름 소름 !!! 스릴러 취향적격 .. ㅎㅎㅎ  
20170717,10,으악... 예고 영상만 봐도 엄청 무서움... 올 여름은 장삼범보면서 더위를 달래야겠습니다..후덜  
20170717,10,예고편 완전 무섭던데 기대된다... 한동안 제임스 완이 국내 공포시장을 다 장악했는데 숨바꼭질 감독이라 한방이 있을 듯  
20170717,10,오 이거 기대했던 작품인데ㅋㅋㅋ얼른 보고시픔  
20170717,10,소리 너무 소름돋아서 자꾸 생각난다고여ㅠㅠ 지금도 소름끼침 무서버  
20170717,10,예고만봐도 졸무섭...빨리보고시품!!  
20170717,10,이런류의 영화인지 몰랐는데너무 기대됨숨바꼭질 볼 때 온갖 장농 문은 다 열어놓고 잤는데이번엔 귀 막고 자야하나^^  
20170717,10,"진짜 빨리 보고 싶어요~ 숨바꼭질 너무 재미있게 봐서 더더욱 기대되고, 거기에 염정아까지. 올 여름 진짜 오싹해질듯  "
20170717,1,"이분 또 영화 내셨네,,, 보면 찝찝해지는 영화  "
20170717,4,괴물영화 처럼 스릴러물인줄 알았더니 그냥 장산범을 소재로한 귀신영화네  
20170716,10,오랜만에 호러영화보러 갑니데이  
20170715,7,전래동화 해님달님에 보면 호랑이가 어머니를 죽이고 아이들있는 집으로 찾아가죠~! 어머니 목소리를 흉내내서...아이들을 유인할려고하는데..전 이게 장산범과 전래동화와 유사점이라고 봅니다.. 전래동화자체가 민담을 중점으로 만들어져 있으니 말이죠  
20170715,7,장산범이 진짜면 왜 나는 자연인이다 같은 혼자 사는 사람들은 절대 못본거냐? ㅋㅋ  가설에 속지들 맙시다.  
20170715,10,니들이 본건 장산범이 아니라 스이쿤이다.  
20170715,1,장산범이란건 존재하지 않습니다. 조선시대 야사 야담 아무리 OO봐도 장산범은 안나와요. 장산범이 최초로 등장한건 2000년대 중반 인터넷 커뮤니티 공포게시판이고 그 후로 나온 글들도 문체가 똑같았습니다. 누군가가 의도적으로 지어낸 현대 창작물이란거죠.  
20170715,5,언제부터 장산범이 어린꼬마엿냐 우리가 원하는 그런 장산범의 모습은 안나올듯  
20170714,10,"아 진짜 얼른보고싶어요ㅠㅠㅠㅠ 영화관에 꼭! 보러가야겠어요. 3년 전 부터 장산범이란 괴생물체에 대해 관심을 가지어 검색도 해보고 그랬는데, 이러한 전설이 영화화 되어서 정말 기쁩니다!1  "
20170713,10,"장산범을 오랫동안 전해진 전설,민담 등으로 알고 계신 분이 많은데 사실 50년대 이전에 어느 자료에도 장산범에대한 기록이나 이야기는 없습니다. 그러나 현대에도 자연에대한 두려움에서 기인한 괴담이 만들어졌다는 것은 민속학적으로 의미있는 것입니다.  "
20170713,2,장산범? 성이 장씨이고 이름이 산범이인가? 이름보니 억울하게 죽은 남자귀신영화인가요?  
20170713,1,알바들 풀렸나 재미 없어보이는대요 열대야를 시원하게 해주면 좋겠는대  
20170712,7,예전에 네이버 웹툰 전설의 고향인가 장산범편 있었는데 거기서 모티브 얻은듯  
20170712,9,염정아 오랜만에 스크린 외출이네요.  다양한 모습 기대합니다.  
20170712,10,개인적으로 염정아 너무 좋다  
20170712,10,믿고 보는 박혁권 ! 믿고 보는 부산이야기 !  
20170712,2,댓글이 죄다 알바느낌이 나냐  
20170712,1,숨바꼭질 감독인거 보고 1점드림.. 진심으로 숨바꼭질은 제 인생 최고의 망작영화였음.. 개연성 연출 진짜 똥... 그냥 화제가 되는 이야기를 영화로 만드시는것같은데 만들고싶으면 잘 만드시던가요  
20170711,10,어흑. . 여름 다 지나구 개봉이라니ㅜㅜ  
20170710,2,잠깐 장산범 이슈화돾다고 또 망작 만들고있네  
20170710,10,장산범이라는 괴수는 누가 만들었는지 너무 궁금하다 해운대 장산에 20년 넘게 살았는데 ㅋㅋ 들어본지 불과 2? 3?년 됨 ㅋㅋㅋ 그것도 페북으로  정작 주위에 해운대 사는 사람들은 아무도 모름 ㅋㅋㅋ  
20170709,1,예고만봐도 개판이네. .독립영화보다못하겠네  
20170708,10,장산범에 대한 썰도 많이 보고 웹툰도 봤지만 이럴게 영화로 나오다니 너무 기대되요♥♥  
20170707,9,귀신인가? 괴물인가? 그것이알고싶다  
20170705,1,한국 공포영화는 더이상 안믿는다  
20170705,10,완전기대됩니다. 천만관객 찍을듯  
20170703,10,오랜만에 공포영화 대박 한번 갑시다  
20170629,10,어릴때 해운대 장산에 늦은 저녁 애들과 올랐다 내려오는데 뭔가 쎄하고 소름이 돋는 느낌이들었지만 뭔가 보고싶지않은 것을 직감한 난 앞서 걸었는데 뒤에 아이들이 울부짖으면서 뒤에 뭐가 있다며 뛰쳐내려왔고 난 뒤돌아본순간 하얀 무언가가 풀숲으로 숨는걸봤다  
20170628,10,제작비가 없냐;;좋은 시나리오 가지고 배우들이왜 이모양 아 숨바꼭질 감독이라 그런가ㅋㅋ  
20170627,7,"엄정화면 보겠는데, 염정아라 패스  "
20170626,10,으 진짜 궁금한 스토리ㅠㅠ 무서울것 같지만 본다  
20170626,10,대박..  요즘 장산범 웹툰도 나왔던데! 사람 목소리를 흉내내는 귀신이라니 무섭네요  
20170623,10,"왜 조석의 장산범, 그리고 임재범이 생각나지.. 아아 조석이여.!  "
20170623,1,홍보사 제작사 총 출동~ 손바닥으로 하늘을 가려라.  
20170623,10,일단 귀신인지 요괴인지 사람목소리 흉내내는 컨셉부터 소름끼짐  
20170622,10,역시 여름에 공포죠! 장산범 얘기만 들었는데 영화로 어떻게 나올지 기대돼요ㅋㅋ  
20170621,10,염정화 하나 믿고 기다리는 중!  
20170621,10,이여~~ 장산범이란 말을 이미 알고 있어서 그런가... 제목보자마자  소름과 닭살이 쫙~올라오네... 그리고 감독이 숨바꼭질감독이 2번 소름...  
20170620,10,드디어 개봉이라니 너무 기대되네요!  
20170620,10,색다른 장르라 너무 기대되네요!  
20170620,10,기다려진다~~ 무서울까?  
20170615,1,이거 10년안에 개봉하는 거 맞제? 이리 질질 끌어놓고 OO재미없으면 그때가서 함보자  
20170609,1,숨바꼭질에서 여자와 아이들을 표현한 방식 보고 기겁했었다. 어떻게 저렇게 무지하고 여혐과 아동혐오에 절은 시각으로 표현해 놨는지. 애 없거나 안 키워봤을 것이다. 와이프 독박육아 하게 만들고. 그 나이대 요즘 아이들이 그렇게 멍청하다고 볼 이유가 없다  
20170607,10,난 옥자보다 이 영화가 더 기대됨... 장산범..공포웹툰으로 재미나게 봤었어...  
20170508,10,개인적으로 정말 무서운..ㅠㅠ  
20170417,2,그래서 언제나온다는거야  
20170407,1,간보지말고 빨리좀 개봉해라  
20170326,10,대체 언제 나오나요ㅠㅠ 빨리 보고 싶어요!  
20170302,10,빨리좀 나와라 !!보고싶다  
20161227,10,언제개봉되나요ㅠㅠㅠ  
20160916,9,핵무서움 눈물콧물흘리면서 겨우봄  
20160910,1,전작을 보면 감독에 역량이 어느정도 인지 판단이 되는 경우가 너무 많기 때문에 이건 안봐도 1점  
20160903,9,장산범이란부산에있는 장산이라는 산에서 목격됬던 불가사의 괴물이고 설담으로 전해지는 형태입니다흰색 설인같은 모습으로 괴상한 울음소리를 내면서 엄청난 속도로 움직인다고 합니다 ..어디까지나 가설입니다ㅋ  
20160805,10,아래아래 tjtk.구라치네 ㅋㅋㅋㅋ 실화인것처럼 얘기하지마 니가 애초에 여친이 있다는 것부터 구라인거 티나 ㅋㅋㅋㅋ  
20160731,10,너무너무 보고싶어요ㅜㅜ 운제 개봉인가요  
20160713,10,실제로 장산범 봤슴.. 여친하고 김광석 거리갔다가.. 정면으로 마주침.. 살면서 괴물을 처음봄..태권도4단인데 난생처음 죽을수도잇겟다 싶엇음..우린둘다 꼼짝도못함.3미터넘는 담장위로 날듯 점프후 도로위로 엄청난속도로 어디론가감 그날 119신고도 햇음  
20160707,10,이런게 공포영화지 한국식 공포영화 굿  
20160702,5,사진중 감옥장면보니.장산범을 사람으로 표현해서 붙잡아두는거 같네요..대략. 기대감도있지만 불안불안하네요.영화만 몆년째 영화싹쓸이 보다보니.. 나름 스토리가 예상되네요.굿바이싱글도 10분만에 스토리 눈에 다보였으니사냥도..  
20160608,10,기대됩니다~~숨바꼭질도 재밌게 봤어요  
20160517,10,장산범이 실제이기도 하니까 대게 마지막끝날때  다큐식으로도 나왓음함 ㅋㅋ 시민들 인터뷰 한거나 증거자료들 같은거 예전부터 장산범을 대상으로 다큐 많이 나왓엇으니까  
20160429,10,언제 개봉해요? 진짜빨리보고싶음  
20160413,10,쌈무이 장산범 이야기 듣고 장산범이 먼가하고 검색해봤는데 영화가 나오네요. 엄청 기대됩니다.  
20160302,10,궁금해여 ~~~장산범을 어떻게표현할지 궁금합니다..  
20160107,10,재밌겠다 빨리보고싶네요  
20150928,1,보나 마나지 숨바꼭질때도 알바 쓰더니ㅡㅡ  
20150729,8,"장산범은... 어떻게 표현하냐에따라서 웃겨질수도, 오싹해질수도 있겠군요... 한국산 호러풍 요괴물나오나용ㅇ.ㅇ 궁금...  "
20150723,10,벌써부터 기대되네요~  숨바꼭질이어  대박나는 영화되길  바랍니다.  삐삐도  많이 이뻐해주세요~~^^  
20150712,10,젊은 나이에 숨바꼭질이란 영화를 만드셔서 기대가 됩니다  
20150709,1,내 밑에 4명 감독이 시켜서 평점 다냐  감독 하지마라 집에서 편하게 쉬는게 한국영화 발전에 큰 도움이 된다  
20150625,10,숨바꼭질 감독님 이시구나! 이번에는 장산범이라는 내용으로 영화를 만드신다니 더욱 기대됩니다  
20150609,10,허정 감독 화이팅! 이번 영화도 기대중 ㅋ  
20150601,10,빨리 나왔으면 좋겠네요. 미국에 빅풋이 있다면 우리나라엔 장산범이 있죠.  
20150507,10,<숨바꼭질> 의 충격이 너무 인상적이었습니다. 허정 감독님 응원합니다~^^  
20160107,10,재밌겠다 빨리보고싶네요  
20150928,1,보나 마나지 숨바꼭질때도 알바 쓰더니ㅡㅡ  
20150729,8,"장산범은... 어떻게 표현하냐에따라서 웃겨질수도, 오싹해질수도 있겠군요... 한국산 호러풍 요괴물나오나용ㅇ.ㅇ 궁금...  "
20150723,10,벌써부터 기대되네요~  숨바꼭질이어  대박나는 영화되길  바랍니다.  삐삐도  많이 이뻐해주세요~~^^  
20150712,10,젊은 나이에 숨바꼭질이란 영화를 만드셔서 기대가 됩니다  
20150709,1,내 밑에 4명 감독이 시켜서 평점 다냐  감독 하지마라 집에서 편하게 쉬는게 한국영화 발전에 큰 도움이 된다  
20150625,10,숨바꼭질 감독님 이시구나! 이번에는 장산범이라는 내용으로 영화를 만드신다니 더욱 기대됩니다  
20150609,10,허정 감독 화이팅! 이번 영화도 기대중 ㅋ  
20150601,10,빨리 나왔으면 좋겠네요. 미국에 빅풋이 있다면 우리나라엔 장산범이 있죠.  
20150507,10,<숨바꼭질> 의 충격이 너무 인상적이었습니다. 허정 감독님 응원합니다~^^  
