0,1,2
20170228,10,벌써보고싶다ㅜㅠㅠㅠ 조조로봐야징  
20170228,1,검색어 조작좀하지마라  
20170228,10,"김대명 특종:량첸살인기에서도 소름돋았는데, 또 그런 역인가보네 ㄷㄷ  "
20170228,10,믿고보는 배우 조진응 신구 의 쩌는 연기. 최고.  
20170228,10,기대됩니다....--  
20170227,10,과연제2의 곡성이 탄생할것인가?  
20170227,10,내과의사 승훈(조진웅)은  치매아버지 정노인(신구)을 모시고 정육식당을 운영하는 성근(김대명)의 건물 원룸에 세를 든다-> 두가지로 해석이 되니 정육식당을 운영하고 치매아버지 정노인을 모시고 사는 성근의 건물 이렇게가 맞는거 같은데  
20170227,10,기대기대기대 빨리 개봉해라  
20170227,10,진웅이형이랑 대명이형나오는데 당연히 보러 가야지  
20170227,10,해빙!! 기대합니다!!  
20170226,10,개봉 하면 바로 보러가려고 예매해놨음ㅋㅋ 기대중!!  
20170226,1,조진웅연기는참테크닉이많은듯 연기하지말고 연기했음좋을듯 연극보는거같은느낌 인생술집서 안주로치약먹고 가식을빼야 좋은배우가될텐데  
20170226,9,조진웅이 아내 죽인건 아니겠지?  
20170226,1,이런 분류의 영화는 예고편만봐도 답이나온다.  
20170226,10,정말 재밌네요~!언제 개봉하나요? 보고 싶은데...  
20170226,10,해빙 : 가라앉은 비밀이 수면아래에서 떠오른다는것  
20170225,10,완전 기대해요! 조진웅인데 무슨말이 더 필요하겠나~~~~ 개봉날만 손꼽아기다리고있어요ㅠㅠ 신구님의 연기인생 첫악역이래서 더욱 기대되고요~~메인예고편에서 생고기드시는거 좋네요~~ 이청아는왜나오는지모르겠지만.. 조진웅씨 김대명씨 기대합니당  
20170225,1,"소재보고 기대하지만, 감독이 4인용 식탁 만든 사람이다. 뭔 이야기를 하는지도 모르겠고, 이것도 예고편 보니 스토리는 없고 그냥 꿈으로 끝낼 이야기네.  "
20170225,1,기대하지마세요 블라인드시사회때 노잼이라 나가자고 했나네요 ㅠㅠ 저도 기대했는데 실망이 엄청 크네요  
20170225,4,뭐해서 보고 깜짝놀라면 잠에서 깨고 '꿈이였구나..' 구시대적 연출 아닌가?  
20170225,10,이..재한 형사님~!??  
20170224,5,드라마가 망해도 영화는 절대 안망하기는..ㅋㅋㅋ 사냥 폭망했구만  
20170224,10,뭔짓이냐? 보기도 전에 이런 평점질..ㅋㅋㅋㅋ 기대됨 ㅎ  
20170224,10,드라마는 망해도 영화는 절대 안망하는 배우인건 인정합니다. 드라마 말고 영화만 계속 해주세요.  
20170224,10,조진웅 김대명 꿀조합이네 얼마 안남았닷  
20170224,10,예고편 보니까 벌써부터 두근두근함 .. 나오자마자 봐야겠다  
20170224,1,연출력 완전 최악으로 평가났는데 또 찍었어?  
20170223,10,대체불가 조진웅표 미친 연기! 영화가 끝나는 그 순간까지 의심을 멈출 수 없다.  
20170223,10,"스릴러 장르 매니아들 제대로 취향 저격하는 영화, 관객들의 심장을 제대로 조여준다 ㄷㄷ  "
20170223,10,117분 보여지는 모든 것을 의심하라  
20170223,1,뭔가 잼이별로업ㅇㄹ...  
20170223,10,"배우들 조합도 정말 기대되고, 스토리도 재미있을 거 같아요! 꼭 보러 갈게요~  "
20170222,10,매 순간 조여오는 심리스릴러  
20170222,10,단 한 순간도 놓치지 말 것!  
20170221,1,딱 봐도 19세여야 할 것을 15세로 돌렸네. 노잼각  
20170221,10,이번엔 대박납시다 조진웅님  
20170221,8,조진웅은 사냥에서 내게 큰 실망감만을 안겨줬어.. 배우는 자신의 이미지를 위해 연기뿐만 아니라 작품도 잘 선택해야한다고 생각하는데 ㅋㅋㅋ 그래도 이건 내용이 기대돼서 보러갈거임  
20170221,10,예전에 시사회에서 봤었는데 이제야 개봉하네요! 영화 진짜 섬뜩해요 진짜 재미있어요!!  
20170220,4,출연베우들이ㅜ조진웅 말고 볼사람이 없네 에이 그럼 비디오로ㅜ볼랍니다  
20170219,10,볼래요볼래요  연기파나오면꼭봐야함^^  
20170219,10,개봉일 좀 바꿉시다!! 다른데 가면 1위로 출발할 듯 한데 왜 로건이랑 함께입니까..TT 로건.. 역대급 울버린 이라던데..  
20170219,10,"조진울 김대명이면 말 다했다 진짜 이번영화는 조연들도 기대된다 ,, 얼마나 재밌을까 벌써부터 기대되고 예전부터 기다린 영화인만큼 얼른 보고 싶다 ㅠㅠ 조연들도 화이팅 그 중 이강재라는 배우가 눈에 띈다 ㅎㅎ 잘됬으면 ㅠㅠ 해빙 화이팅 !  "
20170218,10,너무 기대돼요ㅠㅠ 원래 영화 뭐 나오는지도 모르고 잘 안 보는데 이거는 꼭 볼거에요ㅠㅠ  
20170218,10,전엔 304호더니 이번엔 301호네  
20170217,10,내평점믿고 보는 배우 조진웅! 에 이수연 감독님까지... 정말 안 볼 수 없게 만드는 조합이네요. 요즘 영화관 일이 없었는데 3월 1일 부터 영화관 밥 먹듯이 가게 될것 같아요...ㅠㅠㅠㅠ내 통장..하지만 너무 기대 됩니다. 응원할게요! 해빙 대박나라  
20170217,10,미쳤다...15세 해주셔서 감사합니다ㅠㅠ  
20170217,10,100% 흥행예감된다 예고가 다가아닐듯 조진웅 화이팅!!  
20170217,10,기대된다 기대되...  
20170217,10,조진웅과 신구의 조합??미쳤다 사건이다.   연기의  신령님 2명이다 이건 안보면 안구에게 죄짓는거야  
20170217,9,정말 너무 기대되는 영화네요....  
20170216,7,"신구, 조진웅 김대명 연기 기대합니다.스토리까지 완벽하길..  "
20170216,10,믿고 보는 조진웅 진짜 재밌을듯  
20170216,8,헉 예고편만 봐도 무섭네요 ㅠ ㅜ  
20170216,5,예고편만 봐도 의사가 범인이네요 ㅎ뻔한 반전영화  
20170216,10,예고편 보니까 몰입도 쩔듯...  
20170216,10,얼릉 했으면 조배우 겁나 재밌겠다 뀨!  
20170214,10,개꿀잼일듯 진짜   나오자말자 봄  
20170213,10,진짜 빨리 보고싶네요~~  
20170212,10,일단 배우진이 완벽하다. 스토리도 좋은 거 같고.  
20170212,10,ㄹㅇ재밌겠다 김대명 화이팅  
20170211,10,출연하시는 배우들 모두 대단하시네요! 3월 개봉 기다리고 있습니다.  
20170210,10,빨리영화보고시퍼요ㅠㅠㅠㅠ 조진웅사랑♡  
20170209,7,15세 관람가라니...  
20170209,10,얼른 보고싶다 진짜로ㄷㄷ  
20170209,8,영화 사냥의 오명을 벗기를...  
20170208,10,잼꼣다... 기대된당.. !!  
20170208,10,신구할아버지 연기... 믿고봅니다. 얼른개봉하길!!  
20170205,10,신구할아버지  중말멋지당  
20170204,10,조진웅이 주연도하고 마이 컸네~~~  
20170204,10,빨리 보고싶다 제발..  
20170204,9,믿고 보는 배우 조진웅!! 장르도 딱 내가 좋아하는 스타일이라서 너무 기대되요  
20170203,10,이런 한국 범죄 스릴러 영화 진짜 좋아하는데...다봐서 볼게 없어.ㅜㅜ 좀 많이 나왔음 좋겠다  
20170203,10,해빙 잘됐으면 좋겠네요~~~~  
20170203,6,일단잼나보임ㅋㅋㅋ근데축산일하기전에는몰랐는데되게....뭔가모욕적임  
20170203,10,"어머, 줄거리 읽었는데 기대되고 배우들 보니 더 기대됩니다~~^^  "
20170203,10,"기다린만큼 기대되는 영화 입니다.  배우, 감독, 제작, 시나리오까지... 모두 완벽한 영화라 믿습니다~!!  "
20170203,9,내과의사 승훈(조진웅)은  치매아버지 정노인(신구)을 모시고 정육식당을 운영하는 성근(김대명)의 건물 원룸에 세를 든다여기서 나는 왜.. 조진웅이 아버지를 모시고 ...  김대명의집에 세를 든다로 .. 난독증인가? 씁..  
20170203,10,믿고 보는 조배우! 스토리도 으시시한게 맘에듭니다. 꼭 보러갈려고용  
20170203,5,한국 영화는 진짜 살인사건 추정 용의자 = 정육점 직원 엮는게 획일화 되어있네 ㅋㅋㅋ  
20170203,10,602/2825/알파 김정준있어 재밌는 해빙 -OSJ  
20170202,10,와아아!!!! 조진웅 대형스크린에서 본다!!!! 아싸 아싸 아싸뵤!!!  
20170130,10,왜..화정인거죠? 저 화정 사람인데...ㅠㅠㅋㅋ  
20170129,10,헐 저기 나오는 정육점 우리동네 ㅎㄷㄷ 그것도 단골집 언제 촬영하셨대요 대박신기!!!  
20170129,10,재밌을듯??!!!!  
20170129,10,조진웅 연기력!! 재밌겠다ㅋㅋ  
20170128,10,믿고보는 조진웅!!!  
20170128,10,진웅님♡♡♡♡기대됩니다ㅎ  
20170128,10,설날엔 떡국이잇다면 영화계엔 조진웅이 잇다보고싶네요  
20170128,10,역시 조진웅... 빨리 보고싶어 죽겠어  
20170127,10,믿고보는 조진웅배우님!! 예고편만 봤는데도 벌써부터소름돋네요. 기대하겠습니다!!  
20170127,10,배경 동탄임?? 맞는거같은데  
20170127,10,흔하지 않은 소재에 예고편에서 보셨듯이 조진웅 배우님 연기가 더해져서 어떤 명작이 나올지 궁금하네요...  해빙 흥했으면 좋겠어요!!  
20170127,10,한니발같은 식인살인마 나오는 장르는 굳! 요즘 공포영화 볼게 없었는데 우리나라에서 이런 장르가 만들어지나..ㅋㅋ? 가능한가..  
20170127,10,예고편만 봐도 기대가 잔뜩되는데.. 특히 조진웅의 첫 스릴러 작품이라 더 기대가되는 나는.. 나는.. 조진웅의 연기에 빠졌어..  
20170127,10,믿고보는조진웅 예고만봐도 이건 꼭봐야한다. 연기력폭발한듯  
20170127,10,와... 예고편 진짜 잘만들었는데 이게 15세라고? 청소년관람불가 같은데  
20170126,10,김대명 진짜 기대된다 빨리 보고싶다  
20170126,5,왜 하필 장소 이름이 경기도 화정 신도시인지? 제가 알기론 화정에서 연쇄살인사건이 없었고 화정은 신도시도 아닌데... 촬영도 다른 곳에서 했다고 하고 아예 없는 도시명을 짓지 왜 하필 화정인가요?  
20170126,9,기대는 되는데 사냥이 너무 망작이라 ㅋㅋ 조진웅 원톱 주연은 아직 무리인가? 하는 생각이드네 그래도 언젠간 탑 계열에 들어설듯  
20170126,10,"우와우왕 내가 좋아하는 배우인 조진웅, 이청아  두 분이 나오시다닝..!!! 꼭 봐야겠어용 ㅎㅎㅎ  "
20170126,10,"포스트최민식은  하정우가, 포스트송강호는 조진웅이...  "
20170126,10,조진웅 볼살 어디감? ㅋㅋㅋㅋ  
20170126,10,크으으 빨리 개봉되기를 !  
20170126,9,헐.. 다른것보다 신구할아버지라니 대박 얼마만인지 ㅜㅜ  
20170126,10,와 예고편부터가 오지는군  
20170126,10,예고만 봐도 잼있다 ㄷㄷ  
20170126,10,완전기 대하고있어요♡♡♡♡  
20170126,10,드디어 개봉하는구나 ㅋㅋㅋ조금전에 예고편보고왔는데 무서울거같으면서도 재밌을거같아서 기대중 ㅜㅜ  
20170126,10,왜 15세 관람가냐??  
20170126,10,조진웅배우님 나와서 보고싶긴한데 예고편보니까 무서워서 못볼수도...끄엉ㅠ  
20170126,10,믿고 봐요 조형님..~~ 컴백컴백  
20170125,10,우리 이재한형사님이 나오시는데 당근 봐야디>< 꿀잼각  
20170125,10,조진웅이면 믿고보죠! 기대됩니다!!  
20170122,10,볼래요!!!~~~~><조진웅  
20170120,10,믿고보는 진웅오빠!!!  조진웅화이팅! 변승훈화이팅!  
20170120,10,믿고보는 조진웅 신구 진짜 기대  
20170119,10,???조진웅무조건봅니다믿고보는 조진웅  
20170119,10,조진웅♥? 기대합니다  
20170118,10,믿고 봅니다 조진웅! 영화가 어떻더라도 그의 캐릭터 해석과 연기에 푹 빠져서 감상하게 되니까ㅎㅎ  
20170117,10,"조진웅,김대명+스릴러완벽하다 꼭본다 개봉빨리했으면 ㅠㅠ  "
20170117,10,와 이거 죽이네...ㄷㄷㄷ  
20170115,10,조진웅님이 나오시는데 당연히 봐야지이♡  
20170112,8,빨리좀  개봉해라~ 곧 군대간다  
20170103,9,우리동네에서찍던건데기대합니다~  
20161121,10,언제 개봉 하나요? 기대하고 있습니다.  
20161112,10,대작타는냄새가 나네요  
20161004,10,다작배우 송영창!!! 기대합니다ㅋ 진짜 많이 찍으시는듯  
20161001,5,얘들아 개소리좀 지껄이지말고 영화는 좀 보고 평점 달아라.. 조진웅 좋은 배우인거 맞는데 느그들때문에 평점 객관성 다 떨어진다 개나소나 10점 주고 튀니까 5점 정도로 어느정도 균형유지하고 간다  
20160824,10,헐 진웅아재 ㅜㅜㅠ언제개봉함? ...ㅎ 올해안에 개봉할수있을지  
20160820,9,조진웅짱  그런데영화언제개봉하는지  
20160812,10,스토리가 구려도 김대명 조진웅 믿고 볼겁니다  
20160728,10,지눙이오빠 나오니까 꼭봐야지  
20160710,10,작년에 양주서찍을때 봤는데..ㅋ 올해개봉언제하나요?  
20160710,10,빨리보고싶당!ㅜㅜㅜ  
20160704,10,도대체 언제 개봉하나요~~~~ㅠㅠ  
20160619,9,하..이청아ㅋㅋ얘만 없음 딱인데  
20160517,10,완전기대됩니다♥믿고보는조진웅씨^^♥♥빨리개봉하길~~  
20160517,10,완전기대됩니다♥믿고보는조진웅씨^^♥♥빨리개봉하길~~  
20160515,10,내가좋아하는배우들여기에모두모이셨네요~!!완전대박기대하고있어요~!!아싸~청아언니나온다~ ㅋㅋㅋ조진웅아자씨두♡  
20160507,10,진웅아찌항상기다립니다!!!사랑해여  
20160504,10,김대명 ♡보러갑니다♡♡♡  
20160401,10,개봉만 기다린다 조진웅!!  
20160326,10,믿고보는 조진웅!!!  
20160320,10,이거 언제 개봉하나요!! 빨리 개봉 하길! 조진웅 기대합니다  
20160316,10,언제개봉함까?10자  
20160315,10,이거 언제 개봉하지?;;;  
20160315,10,갓진웅 믿고봅니다잉ㅎㅎ  
20160314,10,이재한형사님 ....꼭 보러갑니다  
20160314,1,또 청불이겠지...제발아보고싶은데  
20160313,10,아 진짜 이거 꼭 보고싶어 진짜  
20160313,10,조배우가 있는데 무슨말이 더필요할까...  
20160312,10,완전 보고싶어요~~~  
20160311,10,조진웅은 머니머니해도  영화아니가~~!  
20160304,10,곰진웅♥♥♥♥기대기대중  
20160222,10,기다리고 있습니다. 감독님이 여자분이시라니 좀 더 기대가 되는데요? ㅎㅎ 조진웅님이 나오신 다니 믿고 보겠습니다. 빨리 나와주세요오 ㅠㅠ  
20160212,10,"조진웅 전문직역인건가요..? 아 죽을것같아 조진웅, 이청아에 스릴러라니 넘나 좋음..  "
20160201,10,빨리 개봉하길ㅠㅠㅠㅠ조진웅!!!!  
20160131,10,조진웅이다. '조진웅'이란 말이다. 무슨 말이 더 필요한가?  
20160112,10,언능나오길.. 조배우 엄청 기다려지네요^^  
20151203,10,급땡기네요~보고싶어요♡♡♡  
20151105,10,김대명 나오잖아 봐야지   조진웅 나오잖아 봐야지  
20151102,10,조진웅과 김대명이라니 김대명은 스릴러와 정말 잘 어울리는듯 소름돋는 연기ㄷㄷ 어떤 역으로 나올진 모르겠지만 기대되네요  
20150924,10,윤세아씨도  영화에 나오네요~~ 기대가 되용^^*홧팅!!!!  
20150828,10,제 친구가 경기도 선부동에 사는데 거기에있는 정육점 한 곳에서 영화를 찍고 있다고 소문남 정말 이영화 궁금하다 꼭보고싶다...  
20150826,10,기대되는 영화 연기파 조진웅씨 대박 나세요 안산 선부동 촬영 현장 보면서 좋았습니다  
20150826,7,우리동네에서 찍던데...안산선부동~ ㅋㅋ  
20150825,10,지눙이!!ㅠㅠㅠㅠ..  
20150823,10,오늘도 나는 기다린다.  
20150808,10,",조진웅에 김대명 하...진짜 완벽하다  "
20150807,10,조진웅 배우님은 믿고 보고 ㅎㅎ 김대명배우님이 꽤  기대되네요~ 화이팅입니다!  
20150801,10,언제개봉???조진웅오빠 나오는거 항상 기대하는데 .  
20150727,10,조진웅에 김대명ㅎㄷㄷ청아언니도!!  
20150709,10,믿고보는 배우 조진웅!!!! 기대합니다 ㅎㅎ  
20150702,10,영화흥행 되시길^^그리고 조진웅배우님 화이팅!!  
20150620,10,헐 조배우다! 기다립니다  
20150607,10,기대됩니다 이것도 기다려야겠네요 ㅠㅠ  
