0,1,2
20170829,1,우이판퉤. 캐스팅OO이상  
20170829,10,가볍게 즐기기엔 좋은 영화에요^^  
20170829,10,굿~~ 최근 본 영화중 가장 잼남  
20170829,10,올해 나온 영화중에서 비주얼 최강인둣?  
20170829,10,역시 이런 영화는 효과있는 상영관에서 보는게 최고인것 같아요  
20170829,10,뤽베송의 상상력은 또 알아주지 ㅋㅋ  
20170829,10,드디어 하루 남았구나+_+ 우리 드하니..♥  
20170829,10,"와, 배우며 감독이며 기대안할수가 없쟈냐  "
20170829,10,이거 무조건 3D나4D로 보세요!!  
20170829,10,이거 진짜 재밌을 것 같아여 ㅠㅠ  
20170829,10,기대할만한 가치가 충분한 영화  
20170829,10,영화보는데 데인드한 눈빛에 빠져들어가는 줄 알았다  
20170829,1,럭키짱의 SF영화버전  
20170829,10,발레리안? 짐.. 나 영화 찍게 되었어요  
20170829,10,볼거없어서 봤는데 제법 볼만합니다  
20170829,2,왜 저런 생각을 할까 라고 생각이 날정도에 영화개판이라고요 개판  
20170829,4,제5원소보다 반을 스타워즈보단 반에반을 아바타에겐 완전 발가락때낀것 만도 못한 졸재  
20170829,10,배우들 케미가 상당히 기대되는데요  
20170829,10,뤽베송 영화는 항상 실망 시키는 법이 없지  
20170829,10,데인드한!! 비쥬얼 미쳤다 낼 당장 보러간다  
20170829,10,가장 기대중인 영화에여ㅠㅠ  
20170829,10,올해 본 SF영화중에 최고였던 것 같다  
20170829,10,시간가는줄 모르고 보게 됩니다 보세요 꼭보세요!  
20170829,10,3D로 봐야지 진가를 알 수 있는 영화  
20170829,10,이 영화 대박임. 존잼! 28세기 신기방기 ㅋㅋ  
20170829,10,뤽베송ㄷㄷ 이번주 당장 보러갑니다 ㅋㅋ  
20170829,10,기대 이상의 영화를 보게 되실 겁니다  
20170829,10,"딸과 함께 3D로 봤어요. CG 연출 연기 스토리 모두 3D  포커스인듯. 시작부터 끝까지 흥미진진 긴장연속. 딸래미가 너무 재밌데요. 3D나 4DX로 꼭 보시고, 런닝타임 기니까 미리 화장실 및 음료는 삼가...재밌게 보세요.  "
20170829,1,"그래픽 떡칠한 망작이라는데에 내 손목아지를 걸지. 캐스팅도 그냥 감독 꼴리는대로 한듯 예고편에 데인드한 액션 움직임 보면 엉성~, 데인드한은 액션은 솔직히 아니다.  "
20170829,3,여기 한국보다 먼저개봉한데서 봤는데 잘 모르겠다..주연 비주얼로 보는영화랄까. 아이들이 보는 영화같음. 개봉하면 평점 많이 떨어질듯 딱히 기대가 큰것도 아니었는데. 영화 보지도 않고 데인드한 나온다고 무작정 10점주는 사람들이 많네..  
20170829,1,발레리안 맹스크 ㅋㅋㅋㅋ  
20170829,10,과거 루시때 평론가들이 낸 점수보고 느꼈다. 니들은 그저 남이 가르키는 것만 볼 줄아는구나 하고..  
20170829,10,내용이 알차진않지만 영상미나 감독의 상상력 등이 구체적으로 잘 나타나서 정말 좋았습니다. 시사회봤는데 꼭 한번더볼거에요!!!  
20170829,8,28세기 미래 비주얼만 봐도 황홀하다..  
20170829,9,"3D로 오랜만에 봤는데 이 영화야 말로 3D로 봐야 제맛일 거 같습니다. 기대 안하면 9점, 기대하면 8점정도의 영화인데 전 갠적으로 아주 만족스러웠습니다. 솔직히 볼만합니다. 간만에 아바타 같은 신비함을 느꼈어요  "
20170829,10,발레리안맹스크인줄..  
20170829,7,우이판은 중국시장을 노린건가ㅎ 출연진 마지막에 존 굿맨을 발견했어 존굿맨이 선택한 영화라면 난 무조건 본다☆  
20170829,3,걍 영화라고 생각될정도로 볼만은했는데. 꼭보고싶은 수준은 아니네요.. 걍 난잡한 스토리  
20170829,10,어제 시사회보고 왔는데  정말 재밌어요ㅠㅠ  꼭 보세요. 돈 주고 또 영화관가서 보고 싶을 정도에요  
20170829,10,시사회로 보고 왔는데 데인드한 존잘 진짜 개잘생겼어요 여주 개이쁘고 영상미 쩔어요 외계인이 많이 나와서 그런가 스타워즈랑 비슷한 느낌도 받았어요ㅋㅋ 진짜 엄청 재밌게 봤어요 또 보러 갈거  
20170829,10,엑소팬들 제발 대중들은 알지도 못하는 우이판이 이 영화에 나온다고 평점 깎는 멍청한 짓은 하지 않길 바란다  
20170829,10,시사회보고왔는데 나는 존잼이었는데ㅋㅋ주인공들이 너무 잘생기고 예뻤음  
20170829,6,2400억 들인 영화라던데 데인드한말고는 다른 출연진들땜에 크게 기대가안되는건 나뿐인가..카라델레바인과 리한나 크리스라니ㅋㅋ영화스케일에 비해 배우섭외엔 돈 아낀느낌이드는데 영화를 보고 판단해야하겠지만 우선 예고편만봤을땐 아바타 보급형 영화느낌일것같다.  
20170829,3,이젠 믿고거르는 뤽 베송  
20170829,10,우와 우이판 나오넼ㅋㅋ그치만 쟤 하나때문에 안 볼 순 없지..기대중입니다!  
20170829,10,어제 봤는데 진심 꿀잼이었음 강추 SF영화에 한 확을 그을 작품 진심 띵작  
20170829,1,시사회로 봤는데 진심 핵노잼. 보다잤는데 잔 시간이 아깝지않았음. 뤽베송감독이 아바타랑 인터스텔라를 감명깊게 봤는지 몇개의 영화가 짬뽕되어있음. 영화보다가 나가고싶어서 출구찾은건 처음. 김수현에게 <리얼>이 있다면 데인드한에겐 <발레리안>이 있다.  
20170829,1,영화를 보고 댓글을 답시다 기대는 혼자하시고요 평점은 객관적이어야 하잖아요  
20170829,9,"10점 당연히 주려고 들어왔는데,,,크리스 뭐냐;;; ㅜ  "
20170829,10,헐??  에단 호크가 조연으로 나와 ㅋㅋ???? 기대된다 !!!  
20170829,10,데인드한!!!!sf완전 기대되고ㅠㅠ일요일에 보고싶었는데 못봣서 너무 아쉽고ㅠㅠ수요일이 빨리되길!!  
20170829,9,저는 40년을 준비해서 실현했다는 감독의 말에 정말 기대 많이 했는데 역시 40년 준비할 이유가 있는 영화라고 생각해요. SF영화라서 이미지의 화려함은 망할것도 없이 멋지고 대사에서 느껴지는 아름다운 느낌도 좋았습니다.  
20170829,10,택시충들때문에 별점테러 후기테러 답도없다 송강호마저밉다  
20170829,10,2700억 든 영화라니 봐야죠  
20170829,10,영상미 10점  연기 10점 눈호강 10점  
20170829,10,이런게 영화지 믿고 거르는 한국영화보단  훨씬 낫다  
20170828,10,"데인 드한 연기는 여전히 좋습니다. 영화는 스토리는 진부하지만 세계관이 매력적이며, 볼 거리도 많습니다. 다만 정말 아쉽게도 지금보다는 10 ~ 15년 전에 개봉했다면 더 좋았을 작품입니다.  "
20170828,5,영상미는 개쩌는데 스토리는 휴지통에 던져야할 정도로 후짐. 매력있는 배우들을 주인공으로 쓰지만 캐릭터가 이렇게 미워보이게 하는 것도 작가의 능력 조연으로 나온 에단 호크가 더 맘에 드는게 웃김. 스토리랑 캐릭터가 진짜 별로라 몰입이 불가능함.  
20170828,10,영상미 CG는 SF 영화 중 최고라고 본다 또 리한나가 최고였다...  
20170828,10,예상을넘은 영화. 뛰어난 상상력과 영상 재미가 더해진 최고^^  
20170828,10,기대이상이었네요!!! 상상의 끝이 어디까지일지?  
20170828,9,영상미와 특수효과랑 스토리는 나쁘지 않아요~ 개인적으로는 아이맥스 한번 보고싶음  
20170828,10,미치겠네 ㅋㅋ 잼있어요!! 눈감으면 우주 라다니는 기분이겠다ㅋㅋ 스토리도 좋아요 강추  
20170828,10,기대안하고 봤는데 생각보다 재미있었어요! 3d로 꼭 보세요 나름 좋아요~  
20170828,5,마국에서 폭망했다. 뤽베송 전혀 기대가 안된다 이제  
20170828,1,크리스???엑소 크리스??왜 이런애가 나오냐???  
20170828,6,레옹과 그랑블루로 돌아와주세요  제발~  이런거 말고  감성터지는 그런  스타일로  안되나요~  
20170828,1,아바타 흉내내다 끝난 그저그런 영화..  
20170828,9,"갑자기 시사회 기회가 생겨 보고 왔어요~ 사전 정보 없이 봤는데요. 어떻게 이렇게 생각할수 있는지 상상력이 대단한것 같아요~ 앞부분에 아주 조금 지루한 느낌이 있었지만, 중반부터 시간 가는줄 모르고 봤어요~  가오갤 재미있게 보신분들께 추천드려요~  "
20170828,10,3D 정말 좋았다...  입체감이 후덜덜했고 재미있었다..  
20170828,10,데인드한에 여자주인공까지 케미가 너무좋아요ㅠㅠㅠ3D로 봤는데 진짜 볼거리많고 내용까지 진짜 최공아이들이랑 같이 봐도좋은데 어른이 보기에도 아주 재밌었어요  
20170828,8,스토리는 진부하지만 화려한 영상미는 보장하는 영화입니다. 아이맥스나 4DX 관람을 권장합니다. 참고로 엑소 전 멤버의 비중이 아주 적으니까 걱정 안 하셔도 됩니다.  
20170828,8,남여주 대사 주고 받는 초반은 뭔가 어색중반부터 재밌네요  
20170827,10,뤽베송 볼때마다 무리뉴 생각나네  
20170827,6,그냥저냥 soso하네요  
20170827,8,환상적인 CG의 향연. 볼거리는 충분  
20170827,9,"예고편 보니 망작은 아닐거 같고, 데인드한 sf 처음 아니에요. 지금의 데인드한이 있게 한게 sf 영화 크로니클인데..  "
20170827,10,데인드한 하이힐신고 영화찍나 여주가 키가엄청나던데  
20170827,5,중국 영화 너무 티남...  
20170827,6,"누구 나온다 신경 안 쓰고 걍 기대를 빼고 보면 괜찮아요...근데 전개가 좀 불친절하고, 주인공들 빼고 나머지는 무슨 부품 취급하는 느낌?보실거면 3D로 보시는걸 추천  "
20170827,7,"기대를 접고 봐서 그런지 생각보단 괜찮았고, 3D 효과도 괜찮은 편이었다. 근데 애정행각이 좀 심하지 않나... 그나저나 유료시사회 지점 선정이 이상하다... 대전에서 3D 보려면 세종시를 가야 되네  "
20170826,7,"오늘 유료시사회로 관람했는데 나쁘진 않지만 그렇다고 대유잼은 아님.   좋은건 전체적인 비주얼, 흑발데인드한.   나쁜건 왜 계속나오는지 모르겠는 크리스, 오글거리고 전형적인 고전 꼬시기 멘트  "
20170826,8,"8/26 15:10 동탄CGV 2관 3D 관람함. 월드인베이젼, 컨택트 같은 장르가 아니고, 가오갤처럼 정말 다양한 외계인과 재밌는 요소가 많은 장르임. 화려한 영상미와 스토리도 괜찮음. 가오갤 재밌게 보신분은 분명 재밌게 보실수있음. 참고-여주이쁨  "
20170826,8,현란한 3D 초등 아들이 좋아했어요.  
20170826,9,너무 기대됨 이런 영화짱좋은데 제발 보면서 내용이해가 잘되기를  
20170826,5,"분명 다른 영환데, 왜 20년전 제5원소를 다시 본 느낌이지? 갈등구조, 전개구도가 비슷함. 게다가 미장센도. 재미가 없지는 않은데, 글쎄? 흐음.. 뤽베송도 늙었나봄.  "
20170826,10,포항에서 3d로봤어요너무잼나고 남주인공 넘 멋지네요ㅠ영상도 뛰어나고 잼나요!!  
20170826,10,시사회 보고 왔는데 데인 드한 너무 잘생겼고 ㅜㅠ 시간 가는 줄 모르고 봤다 진짜 재밌엇고 발레리안 스윗하고 잘생겼고 여주랑 케미 쩔고 ㅜㅠㅜ 꼭보세요 2번 보세요  
20170826,2,"시사회보고 왔습니다. 3D인데 그래픽은 나쁘지 않아요.근데.... 스토리 개연성이 전혀 없고, 등장인물이 뜬금없이 죽는가하면 마지막에는 로맨스로 끝나는 장르를 초월하는 영화였어요.3D보고 싶으면 보시고 개인적으로 팝콘 사들고가시는거 추천팝콘꿀잼  "
20170826,10,빨리 개봉해주세요. 현기증 난단 말이에욧!!!!  
20170826,9,SM은 더이상 중국남자를 뽑지말라. 90%의 확률로 배신때림. 크리스 성형전봤는데.. SM이 성형시켜주고 톱스타만들어줬더니 배신때리고 중국가서 개 잘사네  
20170825,10,이 영화 좀 기대가 되는구만  
20170825,8,표지 별로라고 욕 얻어먹더니 조금 괜찮게 바꿨네요  
20170825,10,여배우 남배우 둘 다 좋아함.. 꼭봐야지ㅋㅋㅋㅋ  
20170825,1,"믿지 마세요.  절대 보지마세요.  해외에서 관람하다가 도저히 못 참겠어서 뛰쳐나왔습니다.평점1점도 아깝구요.플롯,대사,캐릭터,일관성,설정,관계도 죄다 엉망입니다.제발 그냥 보지마세요.2시간과 만원을 버리는 지름길이고 액션이나 영상미도 특출나지않습니다  "
20170825,10,"여기 올린글중 내가 인정 못하는 부분은 미국에서 흥행 어쩌구 저쩌구, 미국에서의 평이 어쩌구 저쩌구 왜 모든것을 미국 기준으로 영화를 평가해야 하나요? 그들에게 안맞으면 우리에게 맞을수도 있지 않나요?영화를 보고나서 판단해도 늦지 않을듯 ,,  "
20170824,10,시사회에서 보고왔는데 영상미가 ㄷㄷ 꼭 3D로 보셔야함  
20170824,10,12세 관람으로 올렷네 성인물 아닌가?  
20170824,10,데인드한때매 보는거다  
20170824,1,엑소 리한나 자살특공대 발연기마녀 ㄹㅇ극혐캐스팅  
20170824,2,미국에서 개망한영화~`한국에서 홍보 존나 하네 ㅋㅋㅋㅋ  
20170824,5,IMDB 메타스코어 51점  
20170824,10,발레리안이 원레 sf만화 였는데 그걸 영화화한다는것에대한 기대가 큽니다 ㅎㅎ 컨셉아트를 보고 알아 기다렸습니다 ㅎㅎ  
20170824,10,네가본 미국 영화 중에 최고다  
20170824,10,멈춰! 누가 저글링을 만들라고 했소!  
20170824,7,시사회 반응이 별로네요~ 스토리나 연기는 어설프고 시각적인 효과만 노린 초등학생용 SF정도가 될듯합니다. 어른들은 비추요  
20170824,10,"진짜 오랜만에 10점 줄만한 영화가 나왔네요. 꼭,  반드시 3D로 보세요. 파이스토리에 나오는 최고의 3D 장면 수준이 처음부터 끝까지 나와요.사랑과 관용, 그리고 상상력의 현신을 다뤄요. 뤽 베송 감독님 무대인사에서 하신 말씀이 너무나 와닿았습니다  "
20170823,7,방대한 세계관 화려한 그래픽 뤽베송 감독님이 무대인사에서 어린아이 같은 꿈이라고 하셨는데.... 어린아이가 좋아 할 스토리의 영화인듯 하지만 카라델레바인의 미모는 열일하였습니다  
20170823,10,진주족 장면들은 아바타보다도 매혹적이었다  
20170823,7,"순환과 공생, 대자연의 이치를 SF라는 장르에 녹여낸 뤽 베송의 신념. '아바타' 떠올리는 펄족과 '시카고' 연상시킨 리한나의 쇼타임 눈길.  '스타워즈'보다 앞선 코믹북 원작으로 한 위트있고 경쾌한 우주 대서사.  "
20170823,5,뤽배송: 야 나 아바타도 할수있고 어벤져스도 할수있고 해리포터도 할수있고 반지의 제왕도 할수 있어 빼액!  
20170823,7,시사회로 보고 왔습니다. 뤽배송 감독님도 봤구요. 제가 본건 3D aToms로 봤었습니다. 영상미도 꽤나 괜찮고 3D로 보는 영화 중 손 꼽을 정도로 괜찮았습니다. 다만 주인공 남녀가 뭔가 부실하다는 느낌을 받았네요. 그냥 볼만한 영화입니다.  
20170823,9,눈이 호강하는 영화.  시각적 이펙트 가 황홀하다. 다만 스토리는 아쉽다  
20170823,9,시사회에서 봤는데 볼거리 많고 내용도 나쁘지 않습니다2디보다는 3디나 4디 추천드립니다!  
20170823,9,지금까지 SF영화중에 최고로 재밌고 발상의 전환이 제대로 된 영화다 생각치도 못한 장면들에 눈호강되는 영화  
20170823,8,아직 개봉안해서 못봤는데 뤽베송 감독님 부활합니까??  
20170823,10,"값진 만화원작과 뤽 베송의 상상력.. 데스플라의 선율과 미래감각까지, 아깝지 않은 놀라운 세계,, 미개종족부터, 고도의 감성&지능의 소유자들, 그리고 인간, 발레리안과 로렐라인의 사랑까지 다채로운 공존의 세계가 너무 아름다웠습니다! 감독의 최상 감각!  "
20170823,9,와!! 이거 꼭 큰 스크린에 3D로 보셔요.. 시사회 다녀왔는데 아주 장관임.. 스토리가 중간중간 약간 뜬금없지만 후반부에서 모두 설명해 줌.. 이게 왜 북미에서 망했지ㅠㅠ  
20170823,4,이런 영화는 태반이 노잼인 경우가 많음. 아마 [트론] 정도 꼴 나지 않을까 싶다 ;;  
20170823,10,오늘 시사회 슈퍼4디로 봤는데 뤽베송 감독님께서 7년을 투자한 노력이 한눈에 보였다. 그냥 할말이 없음 내 인생에 이렇게 황홀한 SF영화는 처음이자 마지막일것같다 꼭 극장 가서 꼭 Super 4D로 보세요 올해 가장 잘한 짓이 이 영화 극장에서 본거.  
20170823,10,오늘 롯데타워 시사회에서 보고왔습니다 영상미 배우 정말 대박이고요 리한나 씬에서 진짜 입벌리고 봤습니다 대박 카라 진짜 이쁘고 아쉬워할 부분이 있을 수 있으나 후회안하게 재미있으며 나름의 교훈도 있습니다 꼭 보세요!  
20170823,10,정말 눈호강 제대로 했어요!! 데인드한이랑 카라 미모도 미모지만 씨지가 와... 홀리는 줄ㅠㅠ 사운드도 최고였어요!! 여자주인공이 남자주인공을 구하고 또 능동적으로 행동하는 모습 정말 좋았습니다.  
20170822,10,광활한 우주와 다채로운 영상에 눈이 너무 즐거운시간이었어요~  시간 가는줄 모르고 몰입되서 봤습니다~스케일 크고 화려하고 배우들 보는 재미까지 이런 대작은 꼭 봐야합니다 적극추천  
20170822,10,시사회 보고왔습니다. 감독님이 중요하게 여기는 부분이 제5원소와 매우 유사합니다. 서사가 없다 스토리가 맥락이없다. 다 맞는 말 입니다. 하지만 제5원소에서 흑인가수가 노래부르고 외계인이 오페라 부르는 장면 처럼 상상의 세계를 그리는것이 주된 영화에요  
20170822,8,오늘 시사회가서 보고왔습니다 개인적으로 배우나 그래픽같은건 다 좋았는데 사랑얘기가 분위기깨고..(그냥 전체 액션으로 갔어도 좋았을 것같아요)제가 영화를 많이 보는 편이 아니라 딱히 평은 못내리겠지만 우왕 짱짱!정도까진 아니고 와- 정도?라고 생각해요  
20170822,10,Sf의 선입견을 깨준! 꿈을 이룬 뤽베송 감독! 계속 해서 꿈 배송 하길  
20170822,3,시사회 갔다왔습니다 영화에 서사가 없습니다 보지마세요  
20170822,10,오늘 시사로 보고 오는 길인데 핵꿀잼! 솔직히 포스터보고 갈까말까 망설이다가 예고편 보고 갔는데 가길 잘했어용! 포스터 바꾸고 싶다 진짜 핵꾸르잼 영화인디 ㅜㅜ  
20170822,10,넘나 재미있는 ㅜㅜ 남주 여주 넘 훈훈 포스터보고 안보면 후회한다 ㅠㅠ 꼭보길추천  
20170822,10,진짜 눈빛이 캬~~ 짱입니다b  
20170822,10,영상미 배어연기 캐스팅 내용모든게 완벽한 영화진짜 재밌어요 꼭보세요  
20170822,7,방금 코엑스에서 한 뤽베송 감독 무대인사랑 3D 시사회 봤는데 영상미는 끝내줌. 그러나 스토리가 약간 루즈한 경향이... 영상미와 상상력은 정말 어메이징이라고 할만함. 거대한 스페이스 오딧세이보다는 두 요원의 사랑싸움(?)과 평화와 용서에 대한 이야기  
20170822,10,너무좋아하는 감독과 배우(에단호크)  강력추천!  
20170822,10,뤽베송감독과 데인드한...최고네요.감각적이고 독창적인 영상으로 눈길을 사로잡네요.  
20170822,8,예고편은 괜찮은데 포스터가 무슨 90년대 영화같냐 포스터 담당자 교체해라  
20170822,8,기대는되는데...데인드한 sf 첫작품아닙니다 존문가님들  
20170822,10, 데인드한과  카라 델버비인의 환상의 케미 너무 좋았다  
20170821,8,로튼토마토 평점 믿을게 못되요. 덩케르크 평점 좋아도 개봉후 흥행저조합니다. 전문가들은 재미위주로 평을 내리는게 아니고 예술적인 측면에서 평가하기때문에 평점 믿을게 못되요  
20170821,8,오랫만에 보네 뤽 배송 기대기대  
20170821,1,짱개자본땜에 최악이라는소문이.ㄷㄷㄷㄷ  
20170821,10,드한아 ㅠㅠ 개봉일날 꼭 보러갈게  
20170821,10,개봉 하자마자 달려갈거임ㅠㅠ뤽 베송...영화가 아름답다. 진짜 예술하는 감독같음...  
20170821,10,비주얼도 액션도 환상 그 자체다!!!  
20170821,1,빠순이들은 다 디져야한다  
20170821,1,로튼토마토 51% 믿고거른다  
20170819,10,뤽베송 이 세글자로도 볼 가치는 잇다  
20170819,5,우이판이 망쳤다구요?세상에..  
20170819,10,난 이게 재밌던 없던 꼭 영화관에서 볼거야. 이런걸 모니터화면으로 보면 두고두고 후회할듯  
20170818,10,카라 델레바인... 무조건 본다... 무조건...  
20170817,10,카라델레바인 진짜 너무 예쁘다  
20170817,10,데인드한 ㅠㅠㅜㅠ빨리 개봉하길  
20170815,7,데인드한은 좋은데 씹퇴물 감독이라 솔직히 영화는 쓰레기일듯..  
20170814,7,"해외에서는 이미 개봉한 영화와서 보고 왔습니다. 비주얼 효과나 화면의 색감을 훌륭한거 같은데.. 가상현실 설정이 좀 황당해서 이해가 안되는 부분이 있고, 러브라인이 스토리 맥을 끊는 느김이 있습니다. 우주로 나간 007 같은 느낌이요.시간때우기용..  "
20170814,5,"외국은 지금 쇼잉 중이라 봤는데... 주인공들은 매력적이나 스토리, 볼거리 등 안타깝네요. 몇년만에 영화보다가 졸았던 유일한 영화..아주 약간의 볼거리에 점수를  "
20170814,9,이것은 뤽 베송판 아바타! 그리고 중국제작사라서 시러하는분들이 많은데 아바타도 장소를 중국으로 잡고 만든거라 제작사는 관심업ㄴ음 순수 영화로서 직접 보고 평가 하겠음  일단 기대점수누 9점  
20170814,8,영화 언제볼수있나요? 퀵베송입니다  
20170814,9,기대평> 완벽한 작품 레옹과 새로운 sf 제5원소를 남긴 릭 베송이기에 어쩔 수 없이 기대만땅. 개인적으론 브루스 윌리스를 출연시켜 브루스를 다시 메이저 영화로 복귀시키길 바랐었는데.. shape of my heart  
20170814,5,기대안됨 루시보고 내가 돈아까워죽는줄ㅡㅡ  
20170813,6,"태국에서 봤는데 스토리 똥망, 초~중학생 정도 여자들이 좋아할만한 유치함의 극치. 여주인공 예쁘다고 3번 정도 생각하니 끝남.  "
20170812,1,보면 안다. 우이판 나오고 억지 춘향의 중국 문화나오고 아 짱개자본이 상당하구나  
20170812,8,제5원소까진 아니어도 볼만하구만 평점테러랑 데인드한 얼빠들은 뭐냐 객관적으로 보고서 점수주자. 여주 존매. 몸매 하아.  
20170810,1,"레옹,제5원소로 만족하자...거의 폐급...  "
20170810,3,캘리포니아 산타모니카에서 관람했음. 별 한개가 딱 알맞지만 그래도 룻거하워랑 에단호크땜에 별 세개줌. 한마디로 내용이랄것도 없고 딱히 눈요기가 될만한 스케일도 아님. 엎친데 덮친격으로 크리스와 리안나는 진짜 재앙 그자체임.  
20170810,5,데인드한이 뭔데 씹덕들아  
20170810,9,대만에서 이미 개봉해서 봤는데 재밌더라고요~ 볼만해요~3D로 보면 정말 재밌을거같애요!!  
20170809,7,뤽베송 감독. 루시때 실망을 너무 많이 했다. 한번더 믿어보고 싶지만 공개된 포토나 연출을 보면 또 실망할것 같은 불안감이 든다.  
20170809,10,일단 예고편만 봐도 10점이다 .. 내용이 기대댄다 발레리안이 아바타 능가햇음 좋겠다 ... 발레리안 남자배우는크로니클에서 보던 배우다 흐흐  
20170809,10,중국 자본 들어갔나보네 ㅉㅉ  
20170808,6,느낌에 제5원소랑 비슷.... ㅠㅠ  
20170808,10,발레리안 이라는 제목때문에 [발레리안 맹스크] 이야기인줄 알았는데 SF라니 약간 실망감이 스친 찰나 데인 드한보고는 생각을 고쳤다.  
20170808,9,아 드디어 개봉일이 확정됬네요...예고편을 보니 영화 아바타같은 신드롬이 또 일어날거 같네요...제작비만 2천만불 넘게 들었다니 기대됩니다..오랫만에 극장에서 볼만한 영화가 개봉되네요  
20170808,10,우와~우와~우와 이거다!!!  
20170808,10,뤽베송  이니까 본다!!!!\  
20170808,10,ㅋㅋ 뭐여 네이버 배너에 있길래 왠 허접한 게임광고인가 했는데 데인드한 이름있길래 보니 영화네 ㅎㄷㄷ  
20170808,9,광활한 우주의 스페이스정거장에서 다양한 외계인과의 만남.. 마치 제5원소의 속편을 보는 느낌이다. 스타워즈와 스타트렉.. 스타크레프트.. 제5원소가 한편에 복합된것처럼 눈이 즐겁다..만화영화가 원작..  
20170808,10,조조로 달려갑니다ㅜㅜ데인드한 행쇼  
20170807,9,데인드한처럼 생기고 싶다. 남자가봐도 존나 섹시함 눈빛쩔어  
20170807,10,"데인 드한을 남자 주인공으로 캐스팅한 것만 봐도,뤽 베쏭에게는,정말 흥행에 대한,미친 감각이 있다.발군의 센스라고 밖에는...  "
20170806,1,베트남에서 방금 전 봤는데... SF를 안좋아해서인지... 그닥... 잘 모르겠어요....  
20170806,10,저 해외나갔다가 보고왔는데 진짜 꿀잼ㅠㅜ데인드한 웃는거 완젼 치명적!  
20170805,8,대만에서 보고왔습니당!! 와 상상력이 정말 대단한영화입니당 정말 어떻게 그렇게 섬세할수가 있는지 멋진영화였습니당. 데인드한 너무 멋지고 카라델레바인 진심너무이뻤어요  
20170804,10,"발레리안, 기대되요.꼭 보러가야지!  "
20170804,10,데인드한이면 무조건 본다. 흑발미쳤어ㅠㅠ  
20170804,9,나는 필리핀 놀러갔다가 거기서 이미 개봉해서 봤는데...//스포는 안하겠고 재밌는데 뭔가 감동? 교훈? 그런거가 약함하여튼 되게 신기한거 많고 누가봐도 sf스러움보길 추천함!!무서운것도 없어서 얘랑 봐도 괜찮음  
20170804,10,데인드한 영화 막 그런거 많았으니까 발레리안 잘돼게해주세요  
20170803,8,원더키디? 느낌나는데  
20170803,10,흑발 데인이라는데 재미없다고 해도 볼거 데인!!!! 흑발 데인이 SF!!!!  
20170802,4,미국에서 이미 봄.. 제발 보지마.. 한국 개봉 전에 미리 경고하는 거임.. 지금 평점 데인 드한 때문에 높은데 그냥 데인 드한 보려면 제발 다른 영화 보셈  
20170801,10,데인 드한에 카라 델레바인까지 나오네 ㅋㅋㅋㅋ 개봉하자마자 보러간다 딱기다려라  
20170801,7,"저 캐나다에서 개봉했길래 봤는데ㅎ 여기서 나오는 배우들 팬이시라면 봐도 상관없는데 ""내용""으로 보시는 분들은 안 보시는걸 추천드립니다 내용 다 보면서 예측가능함  "
20170801,2,싱가폴에서 보고 왔습니다. 리한나 왜 나오는지 이해 1도 안가고 단지 엔딩 크레딧에 노래 줄려고 나온 것 같네요. 카라 연기 정말 오글거리고 못봐주겠습니다. 영화 자체는 나쁘지않는데 뤽베송 커리어에 어떻게 영향 끼칠지 궁금하네요  
20170801,5,봤습니다. 시각특수효과 스펙타클이 매우 좋습니다 특히 오프닝 좋아요. 하지만 작가가 너무 이것저것 넣으려해서 그런지 긴 러닝타임에 비해 피곤함도 빨리 찾아옵니다.내러티브도 약하고 캐릭터도 별롭니다 주인공 둘 하는 짓이 맘에 안드니 몰입이 안 되요  
20170731,5,스포를 싫어하시는 분들을 위해 한가지만 말씀드립니다 영화가 너무 애매합니다  
20170731,6,카라 델레바인때문에 좀 불안불안...  
20170730,10,카라와 리아나라니... 미친 캐스팅!  
20170728,1,미국서 개봉한지 일주일만에 빠른 폭망  
20170728,2,최고의 그래픽과 오글거리는 사랑이야기  
20170728,8,비록 영어는 못알아들었지만 데인드한이랑 여배우 케미가 쩔었어요ㅋㅋ 데인드한 능글맞게 나와서 긔욤 여배우 박력 터짐! 데인 드한 보러가서 여배우한테 반하고 나옵니다ㅋㅋ  
20170727,10,데인아ㅠㅠ 아직도 개봉일이 안정해진거 보니까 이번 영화도 한국에서 흥행하긴 틀렸구나....제발 다음 영화는 흥행할 수 있기를...!  
20170726,10,데인 드한 흑발 미쳤다ㅠㅠ  
20170726,6,진짜 제가 북미에 살아서 이영화 먼저 봤는데요 크리스가 영화 반은 망쳐놨습니다  
20170725,5,이거 외국에서 씹망작이라던데  
20170724,10,제가 미국 살아서 미리 봤는데 진심....비주얼 땜에 눈이 부심....아마 cg 넣다고 한두명 죽었을 듯....남녀 주인공은  말 다했고ㅋㅋ스토리 몰입도 비주얼 다 잡은 영화 었음ㅋㅋㅋ( 데인드한의 능글미도♡ )  
20170723,5,미국에서 4D로 봤어요 영상미는 좋으나 내용이 너무 뻔해서 실망  
20170723,1,믿고 거르는 뤽베송 영화군 .. 프랑스 감독이 SF를 연출하면 ... 일식요리사가 이탈리안 요릴 선보이는 해괴망측한 결과를 보게 될 것이다..  
20170723,6,데인드한 팬이라면 분명 손발이 오그라져서 극장을 나가게 될 영화. 제5원소보다 볼건 많은데 제5원소가 더 낫다.  
20170722,7,"북미개봉해서 오늘 보고왔어요. 영상미좋고 아이디어좋고 진짜 너무 재밌게보다가 중간중간 어이없는 이유는 딱 하나.. 자꾸 사랑타령을 너무해요. 90년대 세일러문도 아니고 ""사랑의 힘은 위대해요"" 이런식의 대사 넘 짜증났어요 영화랑 어울리지도않구요.  "
20170722,10,아 진짜 데인드한♡♡나오면 바로 보러간다 ㅜㅠㅠ데인드한♡♡♡♡  
20170722,10,예고편만 봤는데도 기분이 상쾌해지네. 즐겁다. 상상력 죽인다  
20170716,10,카라가 나온다니...그냥 다 기대된다ㅠㅠㅠㅠ  
20170714,10,기대중입니다.. 재밌어 보여요..  
20170713,9,벌써 부터 기대 충만      고블린의 한을 여기서 풀 것 같다.  꼭 보러간다.  
20170711,10,카라 진짜 예쁘다 ㅜㅜ 카라 사진만 여태 1700장 넘게 모았는데 몇 년 동안 좋아하는 지 참 .. 카라가 나온다는 것만으로 볼 가치가 있다 얼른 개봉해랏 ! ! !  
20170709,10,데인드한 이번에 리즈 찍었다ㅠㅠㅠ 진심 너무 잘생겼으뮤ㅠㅠㅠㅠ  
20170705,10,재밌을 것 같다ㅠㅠㅠㅠ  
20170705,10,먼가  기대되는 영화 ㅋㅋㅋㅋ  
20170628,10,레알 눈뽕하나 믿고 볼것  
20170619,7,누가 보면 데인드한 sf첫작인줄 알겠네  
20170611,10,28세기 배경인데 슈트(?)가 왠지 안습... 그래도 얼른 보고 싶다!!!  
20170608,10,우이판은 왜때무네...  
20170608,10,나도 30세기쯤 상상을 해봤는데 과연 아떨지...  
20170603,10,스타워즈 보다 더 기대됨 잘되길..  
20170601,10,음... 디카프리오랑 닮았네..디카프리오 리즈시절보단 쬐끔 못하지만 잘생겼다ㅋㅋ예고편 본까 무조건 봐야할 영화!!제5원소같이 기대되네요. 볼래요~ 보고 또보고 또봐야지~^^*올해 대작 sf 영화 풍년이네요.  
20170529,10,내사랑 에단호크 룻거하우어가 나온다니 ...  
20170527,9,예고편과 그래픽으로 봐서 꼭 보고 싶어요.  
20170521,10,이건 그냥 미친거임 꼭봐야됌  
20170520,10,커버넌트 보고 실망한거 발레리안으로 힐링하려고 기대중~  
20170511,1,인종차별자 리아나 꺼져  
20170425,10,뤽 베송은 세계 문화 유산이다.  
20170421,10,데인 드한 진짜 기대해요!! 잘볼께요ㅠㅠ  
20170421,10,데인드한 SF 보고싶다~  
20170406,1,뤽배송이 감독이냐 안볼란다  
20170406,10,"따봉...^,.^~~~~  "
20170404,10,5원소 감독 5원소 감독 5원소 감독 5원소 감독 5원소 감독 5원소 감독 5원소 감독 5원소 감독 5원소 감독 5원소 감독 5원소 감독 5원소 감독 5원소 감독 5원소 감독 5원소 감독 5원소 감독  
20170403,10,데인드한 흑발이에요 ㅠㅠㅜ  
20170330,9,"아...먼미래SF 너무 좋아...근데 주피터어센딩,존카터바숨전쟁 이런 테크트리 탈까봐 두렵네...그래도 일단 첫인상은 9점  "
20170330,10,카라델레바인이 나오는 영화인데 안 볼 수가 있나?너무 좋다  
20170330,1,데인드한 카라 리아나라니 정말 조합 하곤..ㅋㅋ 망작 고르는데 안목있으신 분들이 모였으니 믿고 거르란 뜻인가  
20170325,10,"뤽배송의 sf 데인드한의카라델레바인 조합 에단호크,리한나 겁나 신선한네ㅋㅋ  "
20170324,10,데인 SF 기대 안 할 수 있나... 거기에 뤽 베송 감독인데...  
20170316,10,데인이가 나오는 블록버스터라니... 흑발 데인이라니.. 텍 마 머니  
20170315,10,믿고보는 리아나!!^^앞으로 영화좀 많이 찍어줬으면 좋겠네요리아나땸에 두번볼듯  
20170312,9,출연진들이개쩌넫ㄷㄷ  
20170308,10,포스터 배틀크루져로 알고 발레리안 멩스크인 줄  
20170222,10,일단 보는게 남는거다.  
20170218,10,예고편 비주얼 지림 재밌어보인닷ㅅ  
20170216,4,공개된 동영상만 봐서는 CG도 영 어설프고 여러가지로 너무 어설픈데. 더 나와봐야 알듯  
20170210,10,코푸룰루를 가질수 없다면 잿더미로 만들어 버릴태다  
20170202,10,데인이랑 카라나와서 좋은데 우이판 왜나오냐 ㅋㅋㅋㅋ진짜 뜬금포다  
20170130,10,지금도 내 최고의 sf는 뤽베송의 제5원소다...진짜 기대된다..  
20170125,10,이건 개봉하자마자 본다  
20170113,10,데인 드한과 뤽 베송이라니 SF라니 ㅠㅠ 이번에 더 큐어 등 데인 볼일 많아서 좋다 ㅠㅠ 믿보데  
20170113,7,배경음악으로 비틀즈 깔고나와서 잘된 영화 거의 못봤다. 하지만 에단호크와 데인드한은 봐야지  
20170111,10,너무너무 기대되요 초호화 스케일 ㅎ  
20170108,10,다행히네 우리나라사람 안나와서 ㅋㅋ진짜 뤽베송 개좋아 제5원소랑 루시 재밌게 봤는데 루시는 스칼렛요한슨땜에 보고 제5원소는 티비에서 봤어요 ㅋㅋ  
20170107,10,데인이 카라 에단호크 뤽베송 다좋은데 크리스 ㅠㅠㅠ크리스라니...개뜬금  
20170106,10,와 데인드한에 카라델레바인 이라니  
20161231,10,뤽배송형님이 루시의 뭔가모를찜찜함을 덜어줄수있을까  
20161228,10,데인드한.. 스파이더맨에서 그 짧디 짧게 나왔음에도 불구하고 엄청난 매력 발산... 이번에도 그렇게 되길.  
20161212,10,데인드한이랑 카라델레바인 내가 좋아하는 배우만 나오네ㅠㅠ  
20161210,10,데인 드한 = 무조건 봐야 함  
20161209,10,제발 잘 되었으면 좋겠는데 갤럭시 오브 가디언 예고편과 비교해보니 제5원소의 수준에서 크게 벗어나지 않는 것 같아 심히 걱정되네요. 제발 제작비를 건질 수 있고 대박 날  작품이 뤽베송의 팬으로서 되기를 기원합니다  
20161206,8,sf 영화들은 예고만봐선 알 수 없다;; 직접 나와야 평이 가능하지 예고가 전부인 영화가 한둘이었어야지 ㅋㅋ  
20161206,8,꼭 4D로 보려고 기다리고 있습니다 예고편이 다가 아니길 흑발에 데인드한 이라니 ~  
20161206,10,루시를 재밌게 본 사람으로서 이번 작품또한 완전 기대중~~거기에 데인 드한까지 ㄷㄷㄷ 개봉빨리했으면ㅠㅠㅠ  
20161206,10,초 기대 ! 아 현기증남 .... 그런데 한국분들아 제목좀 .. 부제처럼 적지좀 마요 영어 제목이 발레리안 그리고 천개행성의 도시 구만 무슨 부제처럼 적어놨어... 이 부제병 걸린 영화 관계자들 같으니라고  
20161206,10,우와 기대만발~~~~너무보고싶어요  
20161206,10,2017년이 기대 됩니다. 뤽베송감독에 데인 드한 주연 게다가 여주도도 이뿌네 아... 예고 편 보지말껄 너무 보고 싶다.  
20161206,10,예고편만 보고도 데인드한과 카라의 캐미가 좋네요기대되는 작품입니다  
20161206,10,데인 드한이랑 카라 델레바인 케미 완전 기대!!  
20161204,10,개봉 1년전부터 알게 되서 쭉 안 잊고 기다리는 중입니다ㅜㅜㅠ♡ 뤽 베송의 드림 프로젝트라서 감독 되기 전부터 계속 발레리안의 원작을 영화로 만들고 싶었다고 하네요 그래서 제작비가 1억 8천만 달러..ㅎㅎ SF 빠순이에 데인드한 에단호크 좋아해서ㅎ  
20161121,7,기대는 되는데...하필 덩케르크랑 붙었니...  
20161111,10,미친 뤽배송 으로 이미 게임끝.하 일년 어떻게 기다리냐ㅡㅡ  
20161111,9,미국에서만 개봉하는 건가? 우리나라는 왜 내년에 개봉하는거지?  
20160927,10,베송이형 나랑사귀자 난 형이 너무 좋아 알랍  
20160808,10,카라 나오는데 제가 안볼수가....♡♡  
20160725,10,데인 드한 흑발 미쳤다ㅠㅠ겁나 소년소년함ㅠㅠ뤽 베송 감독 sf 데인 드한?안 볼 이유가 없는데?ㅇㅈ?  
20160720,10,데인 드한에 뤽 베송에 카라 델레바인까지 완전 안보면 후회할듯...ㅠㅠ  
20160713,10,으아아아 빨리나와라~!!!  
20160517,10,뤽 베송의 두번째 SF 블록버스터라 꼭 봐야지. 제5원소 같은 명작을 뽑아주길  
20160510,6,데인드한이 주연이라니♡♡  
20160421,10,올해 기대작 다섯 손가락 안에 들어가는 영화  
20160411,10,데인드한도 데인드한 이지만 리리덕후인 나에게 일년은 너무 긴시간이다!!  
20160411,10,다 된 영화에 우이판 뿌리기  
20160411,10,개봉하자마자 달려갑니다  
20160329,10,재밋재밋일것 같음^*^  
20160327,10,1년 어떻게 기다리냐 데인드한..♡  
20160321,10,카야델레바인?키스신있는건아니져?으앙..델레바인시름...눈썹땜시  
20160320,10,데이드한이라니!!!  
20160319,10,믿고보는 뤽베송 ... 제5원소만보면 알수있지  
20160305,10,리한나대박 꼭봐야징♡  
20160301,10,그랑블루로 시작해서 니키타 레옹까지...이 명작들과 비슷하게만 만들어 주시길...  
20160219,10,카라 델레바인 아니라 카라 델레빈 이다.  
20160131,9,발레리안이라고 해서 스타크래프트영화 나오는줄...  
20160119,9,제발 주피터 어센딩/클라우드 아틀라스/엔더스 게임  왜 ? 망했는지 알지? 제발 제5원소마냥 그냥 시원하게 좀 만들었으면...  
20160110,10,감독이 뤽베송 ㅋㅋ기대된다  
20160104,10,그냥 뤽베송이면 일단 기대는 되는데 데인드한에 에단호크까지 진짜 데인드한한테는 큰 도전이 될듯  
20151207,10,오늘 에단호크 최종 캐스팅까지 확정했던데... 카라델레바인 데인드한 리한나까지..캐스팅부터가 대박이다 진짜..ㅋㅋㅋ걍 뮤조건봐야지..  
20151204,10,발레리안에다가 우주영화라서 스타크래프트인줄 알았네...  
20151126,10,데인 드한! 뤽 베송! SF! 기대됩니다.  
20151118,10,riri 나온다 >< 퍄퍄  
20151116,10,뤽 배송 의 SF라니..제 5원소급 기대해도 되겠죠?  
20151114,10,이거 영화 재밌어보인당  
20151112,10,이거 원작이 만화라고 들었어요.  
20151108,10,믿고보는 데인드한 s2  
20151103,10,잠만  데인 드한도 모자라 뤽 베송 감독??? 게다가 sf 라니 ㅋㅋㅋ  
20151103,10,인터스텔라 이후 대박 기대되네요.  
20150829,10,이렇게 이름긴 영화가 있었나  
20150621,10,sf라니...데인이가..sf...미친sf..감독도 뤽베송...미친영화다  
20150513,10,데인 드한이 SF라니 아 ㅜㅠㅠ  
20150513,10,아직 정보가 없네요. 무슨 영화일까요?  
