0,1,2
20170913,10,이번 톰 캐릭터 너무 좋댜ㅠㅠㅠ 잔망돋아서 기대중  
20170913,10,"내평점내평점영화 전반적으로 경쾌하고 재밌다고함, 특히 감독과 톰크루즈의 조합이 액션이 아닌 다른 장르에도 빛을 보인다고 해서 더욱 기대중..!  "
20170913,2,뭐야 개봉도 안했는데 평점들이 왜 만점이야.. 이런거로 먹고 들어가는건가  
20170913,10,그냥 액션영화인줄 알았는데 기자들 리뷰 보니까 스토리랑 톰의 오랜만에 보는 캐릭터 연기가 탄탄한것 같아 기대중  
20170913,1,2017 최고의 기대작 기대중 톰 크루즈 그의 한계는 어디까지 인가...  
20170913,10,기대되네~~~~OO8  
20170913,10,와 이거 어제 기자 시사 했나보네 리뷰 갠찮은거 보니 영화 볼만한가봄  
20170913,10,언론시사에서 엄청 호평 받고 있다던데! 기대하고 있음 이번 캐릭터 존웃인듯  
20170913,10,기본적으로 영화를 잘 만드는 감독님과 찍으면 대박나는 톰크루즈의 조합 ㅋㅋ 곧 개봉이라니 안볼수가 없을듯  
20170913,10,생각보다 예고편도 홍보도 잘 뽑은듯 기대됨  
20170912,1,톰 크루즈 액션... 또냐.  
20170912,10,'아메리칸 메이드'는 반전 매력의 연속이었다.  벌써부터 올라오고 있는 언론평 ㄷㄷ 바로 예매각  
20170912,10,평보니까 역시 엣지 조합은 날 실망시키지 않으려나보다ㅠㅠ 더그라이만 + 톰 크루즈 조합 사랑임ㅠㅠ  
20170911,1,뻔하고 진부하다. 장르가 없음  
20170911,10,기대기대 탐~쿠르즈호  
20170910,9,실화를 바탕으로 만들었다는데 그냥 보세요파란만장한 인생사는 영화인데 와 지립니다  
20170909,9,재밌을거같아 보러가야징  
20170909,10,무중력섹스가 제일 오졌다  
20170908,10,롬 크루즈라뇨! 톰크루즈는 대박이죠 ! Always!  
20170908,10,역시 우리 탐형 캬.ㅎㅎㅎ  
20170907,10,탐크루즈 변신 기대중!!  
20170907,10,"톰 크루즈, 더그라이만 조합이라니.... 완전 기대된다  꼭 봐야지  "
20170907,10,엣지 오브 투모로우 진심 최애 영환데ㅠ 이것도 봐야지 봐야지 봐야지  
20170907,10,엣지오브투모로우 진짜 인생영환데 둘이 또만난다니 이미 띵작 아니냐  
20170907,10,아 톰 크루즈. 열일하네. 근데 왜 이리 잘생긴거 ㅠ 기대된다!! 봐야지!!!  
20170907,10,믿고보는 톰크루즈! 거기에 엣지오브투모로우 감독이라늬..실화여서 그런지 더 기대되고 재밌을듯!개봉날만 기다리고있음 ㅋㅋㅋ !!!  
20170907,10,톰크루즈는 거의 국민배우인듯 ㅋㅋ 이번영화도 기대된다  
20170907,10,믿고보는  톰크루즈.!실화라니 더더 기대되는영화네욥~  
20170907,10,"기본적으로 위트, 코믹있을거고볼거리 있을거고, 긴장감 있을거고톰 아저씨 명연기 있을거고볼 만하겠네 콜!  "
20170907,10,더그 라이만 감독과 톰크루즈의 만남 간만에 볼만한 영화 기대합니다  
20170907,10,실화영화도 좋아하는데 거기에 톰  크루즈!!!! 와우  너무너무 기대됩니다!  
20170907,10,더그라이만X톰크루즈...보러가야징ㅋㅋㅋ  
20170907,10,"<미라>때  약간 실망을 하긴 했는데,  그럼에도 톰크루즈 영화 기대되네요.  "
20170907,10,엣지오브투모로우 조합이면 무조건 봐야함  
20170907,10,쉬지 않는 톰 아저씨 예고편 봤는데 웃길거 같음 ㅋㅋ  
20170907,10,믿고 보는 톰크루즈 영화에 실화바탕이라니~ 기대되네요~^^ 톰크루즈만의 코믹함도 어떻게 나올지 궁금해지는 영화네요.  
20170907,10,톰크루즈 새로운 영화 너무 기대되요!!!  
20170907,10,기존과 다른 톤의 캐릭터를 연기하는 톰이 궁금하다.  
20170907,10,믿고보는 톰크루즈형~  
20170907,10,톰크루즈껀 무조건 ㅋㅋㅋ 본다  
20170907,10,엣지오브투모로우 진짜 재밋게 봤엇는데 ㅋㅋㅋ 기대된다  
20170907,10,이 영화 진짜 대박이라던데... 드디어 개봉하느구나!!! 열일하는  톰아저씨 ㅋㅋㅋ  꼭 보러간다  
20170907,10,오 이거 극장에서 봤는데 톰크루즈는 약간 믿고 봐야지 ㅎ.ㅎ  
20170907,10,돔놀글리슨 핵좋 진짜 톰크루즈랑 더그 라이만 감독 영화도 찍고 빛을 보는 것 같아서 너무 좋다 ㅠㅠ 개봉하면 진짜 바로 볼듯  
20170907,10,엣지 콤비면 무조건 봐야지ㅠㅠ 해외평도 좋고 로튼도 88%이라 영화 잘나왔을듯  
20170907,10,믿고보는 톰~톰~ 크루즈!!  실화라고 하니 더더욱 보고 싶네요 이런 영화 기다렸습니다!! 빨리보고픔ㅋㅋ  
20170907,10,더그 라이만 + 톰 크루즈 환상적인 조합! 얼른 개봉했으면..  
20170907,10,믿보 톰형님! 유쾌한 영화!  
20170907,10,기대돼용!!!! 존잼예상  
20170907,10,무기+마약+탐크루즈 엄청 기대된다!  
20170907,10,톰크루즈! 기대됩니다!  
20170906,9,"해외개봉으로 먼저 봤습니다. 전날 잠을 못자서 졸겠거니 했는데 정말 몰입해서 봤네요! 진짜 꿀잼, 여전한 톰 크루즈! 톰 크루즈라서 가능한 주인공 베리 씰. 범죄자이지만 선한 사람이라 응원을 하게되는.. 전체적으로 좋았습니다.  "
20170905,1,완젼 꽝이다ㅡ꽝인 영화  
20170905,1,아메리칸 들어가는 건 다 재밌음  
20170904,4,"해외는 개봉했음...다큐멘타리 영화 같았고, 결말이 너무 예상되는 영화임  "
20170904,7,톰 연속 개봉하네 이번엔 재미있길  
20170903,10,베리 실이면 나르코스에도 잠깐 나왔던 메데인 카르텔의 마약 운반책 이야기네  
20170903,10,더그 라이만과 톰의 조합 볼만할듯  
20170902,10,톰 크루즈는 무조건 봐야지요...  
20170901,6,미이라에서 실망했지만 톰크루즈는 여전히 믿고 보는 배우지. 무조건 보러간다.  
20170831,8,"비행기 , 총 , 달러 , 마약 기대되는 영화네요.^^  "
20170831,8,로튼지수를 믿어보겠음ㅎㅎ현재 87임  
20170831,10,10점은 톰크루즈에 대한 예의라고 생각한다  
20170831,1,미이라 보고도 믿고 보는 탐형??? 믿고 거른다 !  
20170829,10,도널 글리슨이라니 ㅠㅠ ??  
20170828,9,톰아저씨 영화라면 호주머니에 있는 만원따위야  
20170826,10,ㅁㅊ다 ㅁㅊ어 ㅁㄴㅇㄹ  
20170826,10,2017/08/26 오전 10시 43분 나는 대작을 보았다. tv를 통해. 어멋 이건 꼭 봐야되!!!!  
20170825,10,톰크루즈 영환데 봐야죠 오늘부터 카운트다운 고!!!!  
20170825,10,이런 역할 오랜만에 봐서 너무 반가움  
20170824,10,현재 로튼 90점이네요. 대박인듯. 무조건 첫날 보러갑니다~  
20170824,10,에스코바르~~~ 내용이네 오랜만에 대작나올듯 느낌이팍오네 개봉 기다려보기는 처음이네  
20170823,10,예고편만봐도 디카프리오 영화 울프 오브 월스트리트 삘난다 ㅎㄷㄷㄷ  
20170823,1,숨돌릴틈도 없이 넘 여기저기 나오네. 지겨워  
20170823,10,왔다갔다! 다이나믹한 소재 너무 기대된다.  
20170823,10,둘이 다시 모였다면 꼭 봐야죠!! 엣오투 너무 재미있게 관람했습니다.  
20170821,8,Oh! American Maid! Kawai Kawai! Wonderful!  
20170818,8,믿고보는 톰아저씬데.. 이건 좀 덜 땡긴다  
20170816,1,미이라 이후로 또 한 번 낚이고 싶지 않다~~  
20170723,10,본 시리즈 기획도 하시구..엣지 오브 투모로우 감독님에 톰 크루즈까지!!  사랑합니다 감독님!!ㅋㅋ  
20170721,9,로드오브워 캐치미이프유캔 합한 대작 액션드라마가 탄생한것같아서 매우기대됩니다  
20170712,10,뭔가 울프오브 월 스트리트 예고편 같네 오스카 받으면 좋겠다  
20170613,10,"미국예외주의를 향한 신랄한 조롱과 진득한 B급 정서, 그리고 톰&더그, 더 이상 무엇이 필요한가  "
20170611,10,조난 웃길꺼 같은데...  
20170610,10,예고편 봤는데 실화라고하니까 더 기대되네요 ㅋㅋ  
20170609,10,탑건의 배송실력을 보여주갔어~~  
20170609,8,파블로 에스코바르 시다바리 이야기네  
20170608,10,톰크루즈가 등장하니 딱봐도 구르겠군  
20170606,10,톰크루즈가 나온다고 하기만해도 기대된다ㅠㅠ  
20170606,10,출연배우중에 톰 크루즈 네글자 보고 바로 기대됨  
20170606,10,말해 뭐해 톰크루즈!!!  
20170604,10,제목앞에 아메리칸이 붙어있는 것들은 모두 재밌더라고  
20170520,10,미션 임파서블6 보다 이게 더 기대 된다  
20161203,10,제목이 메나에서 아메리칸 메이드로 바꼈네요. 탐이 이번엔 요원이 아니라 마약상 역할이라 더욱 궁금해요~! 살도 일부러 더 찌우고 촬영한건데 매우 기대가 됩니다~!!!  
20160830,10,더그 라이만 감독과 톰 크루즈가 이번엔 어떤 명작을 만들어낼지 기대된다  
20151217,10,"톰 크루즈, 더그 라이만, 돔놀 글리슨, 성공적  "
20150731,10,오오 범죄라니 뭔가 엄청난게 나올것같다  
20150607,10,엣지오브투모로우 이후 또만난 더그 라이만 톰 크루즈 기대됩니다  
20150524,9,제이마 메이스 ㅎ 톰크루즈와 함께라니 기대됩니다  
20150427,10,더그 라이만과 톰 크루즈라니 이건 무조건 봐야되는 조합  
20150423,10,톰 크루즈 영화는 봐야지  
