0,1,2
20170103,10,"배우 캐스팅은 누가 한걸까요? 완벽해서 소름돋네요... 영화 타이틀, 그 소재를 잊게하는 메시지가 있어요. 영화보신 분들은 알거에요..  "
20170103,10,"마지막이 꽤나인상깊었다., 내일 개봉하면 큰 화제일듯..  "
20170103,8,호불호가 갈릴순 있겠네요. 볼땐 뭐지? 하고봣었는데 보고 나서 생각해보니 훨씬 인상 깊게 다가왔어요  
20170103,10,내용이 아주.. 상상치도 못한 스토리였달까? 마지막엔 엄청난 쾌감!  
20170103,10,"금수저,흙수저 논란이 영화에서까지..  "
20170103,10,사회인으로써 뭔가 마음 속으로 훅 들어오는 무언가가 있네요..  
20170103,9,여기서 유인영 너무이쁨ㅎㅎ.. 밉상인데 얼굴은 너무이뻐..  
20170103,8,역시 김하늘 진짜대박이다 ㅋㅋㅋㅋ  
20170103,10,소름돋는 연기와 흥미로운 스토리에 눈을 떼지 못하고 봤다ㅠㅠㅠ  
20170103,10,김하늘의 역대급 연기를 볼 수 있었던영화  
20170103,10,결말에 충격;; 상상지도 못한 스토리였다  
20170103,10,"흙수저, 금수저를 이렇게 그려낼 생각을 하다니, 역시 김태용 감독!  "
20170103,9,"어찌보면 문란한 삼각 관계를 그린 영화라고 생각이 들겠지만, 직접 영화를 본 사람들이라면 그런 생각은 하지도 않을듯? 세 사람의 관계에서 나타나는 미묘한 사회계급의 문제점을 그린 영화였다.. #영화 #여교사  "
20170103,9,파격이라기 보단 마음을 흔드는 영화였음.. 두 여배우의 연기도 좋았구..  
20170103,10,이런 야한영화  개봉은 언제나 환영입니다 낄낄낄  
20170103,10,와 사람들이 김태용 감독을 찬양하는 이유가 있었네  
20170103,10,흙수저라서 그런가 ㅋㅋㅋ 영화보면서 별 생각이 다드네 흠  
20170103,9,예민한 소재를 이렇게 풀어낸 것만으로도 김태용 감독의 위력을 느낄 수 있었다..  
20170103,10,다양한 메시지를 담고 있는 영화  
20170103,8,한시간 반정도 푹 빠져서 보고온 것 같다.  
20170103,9,생존을 위해선 효주처럼 살 수 밖에 없는 현실 ㅠ_ㅠ.. 힝..  
20170103,10,사회에서는 자존심을 버리는 일이 허다하다.. 그래서 더욱 효주의 마음에 공감이 간다..  
20170103,10,보면서 스릴만점이었던 영화 마지막 결말은 상상도 못한;;  
20170103,10,드디어 내일 개봉! 진짜 김하늘 연기 후덜덜!!!  
20170103,10,한번 흙수저는 영원한 흙수저.. 어딜 가든 똑같구나  
20170103,10,김하늘 ㅠㅠㅠ 인생작 만난듯 ㅠㅠㅠ 요즘 리즈갱신!  
20170103,10,나같아도 박탈감에 휩싸였을 것 같음..  
20170103,10,와..진짜 혜영이의 사실을 알고 나서나도 부들부들. 효주만 불쌍  
20170103,10, 사회의 부조리한 현실을 그린 영화  
20170103,10,"공감하지 못하는 자들은 영화에 대해 혹평을 할테고, 공감하는 자들은 호평을 할 것  "
20170103,10,김태용 감독이 괜히 인정 받는게 아님  
20170103,10,영화 볼줄 모르는 놈들은 다 재미없다하겟지 ㅋㅋ  
20170103,10,가벼운 영화나 블록버스터 같은 오락 무비보단 이런 다양성 영화? 사회 고발성을 띄고 있는 영화들을 좋아하는지라 꽤나 괜찮게 봤네요. 김하늘의 새로운 연기도 좋았고 영화가 전하는 메시지도 좋았어요  
20170103,10,김하늘의 놀라운 연기변신..  
20170103,10,이원근 섹시행.. 하..  
20170103,10,김하늘의 연기변신이 돋보이는ㅎㅎ  
20170103,10,생각했던거 보다 더 파격적인 스토리의 영화  
20170103,10,마지막 결말 진짜 생각지도 못했다  
20170103,10,김하늘 이번에 연기변신 제대로 했네 19금 영화도 처음이라고 하던데 여교사 대박나길!  
20170103,10,넌 학생이고 난 선생이야 하던 김하늘은 어디갓니…  
20170103,10,1월 4일 드뎌 내일 개봉ㅎㅎㅎ 빨리 보고시프다  
20170103,10,라이브러리톡 시사회로 봤었는데 영화 잘나왔더라구요^^  
20170103,10,유인영은 역시 악역연기가 짱..ㅋ 지독한년(영화에서)ㅋㅋㅋ  
20170103,10,사회적 문제점을 반영하게 잘만든 영화가 아닐까..  
20170103,10,김태용감독의 섬세한 연출에 감동받고 갑니다  
20170103,10,기다리고 기대했던 영화였는데 이제 곧 볼 수 있겠군 ㅋㅋ  
20170103,10,시사회 갔다 온 친구가 재밌다고 했었는데 드디어 내일 개봉이네요!  
20170103,10,최근들어 보지 못한 소재와 설정으로 흥미롭게 재밌게 볼 수 있었던 영화  
20170103,10,요즘 같은 사회에 전하는 메시지 같은 영화  
20170103,10,김하늘 진짜 이쁘다…하아 내 워너비 배우♥  
20170103,10,"사회생활을 한번이라도 해봤다면, 지금 사회생활을 하고 있는 성인이라면 충분히 이해하고 헤어릴 수 있는 영화  "
20170103,10,김하늘의 연기가 꽤나 기억에 남네요  
20170103,10,두 여교사 사이의 팽팽한 긴장감  
20170103,10,결국 우리 운명은 태어날때 부터 정해져 있는것인가  
20170103,1,김하늘 통수.불보듯 뻔함  
20170103,8,이거 아청법안걸리나요??? 진짜궁금한데  
20170103,2,장담하는데 이 영화 끝나고 고딩들 여교사 성추행 및 범죄 분명히 일어 난다. 이런 영화 때문에 애들이 여선생을 웃습게 보지..에휴  
20170103,7,후기 남깁니다...시사회에 당첨되서 잘 보고 왔습니다.영화의 스토리나 흐름은 만족합니다만수위나 노출을 기대하시고 보신다면 비추입니다...노출은 고작 1~2번이고 반전의 잔인한이 결말입니다.  
20170103,8,이런 영화는 어떠한 절제 없이 폭주하는 기관차같이 끝까지 파멸하는 모습을 보여줘야 한다고 본다. 거기서 영화가 주는 메세지가 나아질듯  
20170102,10,라이브러리톡 시사회로 미리 봤는데 이원근 진짜 짱잘생겼더라..  
20170102,10,배우들 연기 다 좋고 재밌었어요 시간가는줄 몰랐네요  
20170102,10,예고편 보니까 잼나겠던데~~  
20170102,10,유인영 악역의 새역사를 쓰는구나. 지독하다 지독해  
20170102,10,이원근 너무좋음ㅠㅠㅠ내스타일 ㅋㅋㅋ 여교사 기대된당  
20170102,10,영화 끝나고 한동안 멍때리가 옴  
20170102,10,심오하면서도 파격적인..? 하지만 마지막은 강력한 한방  
20170102,10,여교사 역할만 4번째인 김하늘이지만 이번에 맡은 여교사 이미지는 그 전과는 확실히 달랐다  
20170102,10,GV로 영화 보니까 이해하기도 쉽고 좋은 것 같아요  
20170102,10,한번 쯤 보고 싶은 스타일 ㅎㅎ  
20170102,10,영화로나마 속을 뻥 뚫어주는구나..  
20170102,10,보는 사람의 입장에 따라 영화에 대한 느낌이 다를 것 같아요  
20170102,10,이번에도 엄청난 화제를 일으킬 것 같음  
20170102,10,이 감독님의 <거인>을 굉장히 인상 깊게 봐서 이번에도 기대중이에요  
20170102,10,세 배우의 엄청난 연기!!!  
20170102,10,"확실히 여운이 긴 영화긴 한것 같음, 볼떄보다 보고나서가 더 여운이 남는영화였다  "
20170102,10,김태용 감독의 영화는 사람을 주목시키는 힘이 있다  
20170102,10,"기대되는 영화네요, 김하늘의 연기가 일품이라던데 ㅎ  "
20170102,10,영화를 보는 내내 줄타기를 하는 듯한 기분  
20170102,10,"마냥 단순히 즐기기만을 위해서라면 말리고 싶고, 생각이 있는 사람이라면 권하고 싶다  "
20170102,10,솔직히 야하거나 선정적인 영화는 아닌데 확실히 내용은 충격적이었다  
20170102,10,"요즘 자주언급되는 '금수저','흙수저'에 대한 문제를 두 여교사를 통해 표현해낸 웰메이드 무비  "
20170102,10,지독하고 지겨운 사회의 현실을 그대로 그려내고 있는 영화  
20170102,10,대구는 cgv 어디에서도 개봉하지 않네요. 개봉관이 너무 적어요.  짐작가는 이유가 있긴한데.. 어쨌든 롯데시네마에서 개봉 첫날 볼게요. 기대작입니다!  김하늘 배우의 변신도 궁금하구요.  
20170102,10,어디든지 금수저가 문제야-_-  
20170102,10,"꽤 충격적이었음 19금, 청불, 소재 때문에 안좋은 시선이 많은 것 같은데 직접 보고 얘기하시길  "
20170102,10,"거인을 봤을때 놀라움을 금치 못했던 게 생각난다, 다른 사람들에게는 어떻게 비춰지고 있을지 모르겠지만 나에겐 충분히 기대할만한 요소가 충분한 작품  "
20170102,10,상상 그 이상의 스토리와 결말...  
20170102,10,"""난선생이고 넌제자야""  "
20170102,10,정말정말 기대되는!!  
20170102,10,"배우 김하늘은 점점 독보적 위치로 가는거같다.드라마 공항가는길도 잘보았지만, 이영화는 더더욱 기대가 된다.  "
20170102,10,98년생들아보러와~  
20170101,8,김하늘씨 다내려놓고 연기했다 하더군요..많이 기대가 되네요.. ㅎ  
20161231,10,우리 인영이 가슴 노출 기대한다 항가항가~  
20161231,6,"전에 소개팅나온 여자가, 초등학교 컴퓨터 시간외강사인데, 초딩애들중에 덩치큰애가 어깨에 손올리면서 선생님 이쁘네 하면 엄청 설레인다. 어린남자도 남자라고 할때, 이런 영화 나올지 알았다  "
20161231,1,영화관에서 이런 내용을 개봉하는건가?  
20161231,1,안봐도 개 쓰레기 영화네  
20161231,9,시사 다녀왔었는데 아직까지도 생생해요  
20161230,10,오랫동안 기다린 만큼 재밌기를 기대해볼게용  
20161230,10,존잼일듯.. 소재랑 설정부터가ㅋㅋㅋ  
20161230,10,2017년 최고의 기대작 여교사! 빨리 만나보고싶습니다!  
20161230,10,시사회 갔다 온 친구가 재밌다고 쩐다고 막 그랬는데.. 과연..  
20161230,10,오 드디어 개봉일이 얼마 남지 않았네여 개봉일날 바로 보러 갑니다요  
20161230,10,이거 기대하는 사람들 많던데 빨리 보고싶어요~  
20161230,10,여자 영화는 정말 오랜만인듯ㅎ  
20161230,10,기다리구 기대하고 있는 여교사!  
20161230,10,생각보다 강한 수위와 심장 쫄깃한 스토리 전개에 나도 모르게 영화 속에 푹 빠져 있더라 개봉하면 한번 더 볼 의향 있다  
20161230,7,이게 청불인 이유는...?  
20161230,10,김하늘의 색다른 연기 변신! 이번에 인생연기 보여주시는듯!  
20161230,10,오랜만에 인상깊은 영화랄까? 나 좋았는데 개봉하면 사람들 반응이 궁금하긴 하당ㅎㅎ  
20161230,10,간만에 쎈 영화가 나온거 같아요 보고나면 느끼는게  참 많습니다  
20161230,10,반전과 결말이 상당히 충격적이였다…  
20161230,10,소재와 설정은 자극적이지만 안에 알맹이는 그렇지 않았던..  
20161230,9,이원근 개 섹시하게 나온듯ㅠㅠ  
20161230,10,개봉일만 기다리구 있는 중ㅎㅎㅎ  
20161230,10,여교사 시사회로 보고 왔었는데 생각보다 재밌고 임팩트 있는 영화였습니다 기대하셔도 좋을거 같아요  
20161230,10,보는 사람에 따라 생각하는것과 느끼는게 다를 수도 있겠지만 난 정말 재밌게 봤다  
20161230,10,줄거리만 들었을때도 파격적이였는데 영화는 더 파격적이였음 개봉하면 한동안 이슈일듯  
20161230,9,보고나서의 여운이 오래 간 영화  
20161230,9,스토리뿐 아니라 배우들의 연기 또한 굿!  
20161230,10,간략한 줄거리만 봐도 기대되요ㅋㅋ 빨리 보고싶어요  
20161230,10,진짜 진짜 보고 싶은 영화ㅋㅋㅋ 드뎌 곧 개봉  
20161230,10,생각지도 못한 반전 그리고 결말은 충격적이네요…  
20161230,9,보는내내 긴장의 연속.. 김하늘 유인영 이원근 모두 연기력 너무 좋았다  
20161229,1,올해 본 최악의 영화 아니 내 인생 최악의 영화  
20161229,10,"하필 여교사가 김하늘씨라 비현실적으로 느껴지지만... <싸이코>를 연상시키는 마지막 장면부터, 흔들리고 흔들리지 않은 카메라 앵글까지 영화적으로 좋은 장면이 참 많아서 좋았습니다. 다시 보고 싶네요.  "
20161229,10,김태용감독의 영화라면 믿고 볼 수 있을거 같음!!  
20161229,10,장르가 드라마지만 심장 쫄깃하게 만든는 긴장감까지 너무 좋았고 몰입감 쩔었어여ㅋㅋ 친구따라 시사회 갔다 왔는데 잘 따라 갔다 온 듯 해여  
20161229,10,김하늘과 유인영의 연기변신 기대해도 되겠져?!  
20161229,10,시각적인 파격이 아니라 정서적인 파격이였던거 같음.. 오랜만에 쎈 영화가 나왔다!  
20161229,10,생각한것보다 훨씬 강한 수위ㄷㄷ  
20161229,10,"19금, 교사와 학생의 부적절한 관계 등 소재와 설정 자체가 엄청나게 파격적이네여  "
20161229,10,보는내내 긴장감을 놓칠수 없었던 파격적인 스토리..  
20161229,10,우연히 예고편 보고 개봉일만 기다리구 있어요~~  
20161229,10,두 여자의 미묘한 심리전은 보는내내 긴장하게 만들었네요 시사회로 보고 왔는데 개인적으로 너무 잘 보고왔어요  
20161229,10,기대할 수 밖에 없는 스토리로 너무나 기대되는 영화  
20161229,1,헐 더러워 .... 일본 야동을 보겠다  
20161229,10,예상하지 못한 전개와 결말 기대해도 좋을듯  
20161229,9,제목부터 쎈 느낌이였는데 영화 자체는 더 쎄다..  
20161229,10,기대감이 높은 영화였는데 그 기대감을 충족시켜줬네요 좋은 기회로 보고 왔는데 인상깊게 잘 보고 왔습니다  
20161229,9,장르가 그냥 드라마던데 왜 예고편을 보는데 쫄깃쫄깃할것 같냥..ㅋ  
20161229,10,거의 매일 예고편 보는대도 무슨 스토리의 영화일지 감이 안잡힘;  
20161229,10,정말 기대되는 영화입니다. 이거 나이 속이고 들어가서 몰래 볼거에욤 ><  
20161228,10,야한건 아니구 소재와 설정이 파격적이라 19금인듯ㅋㅋㅋ 노출은 둘째치고 그냥 왠지 끌리는 영화임  
20161228,10,sns에서 우연히 본 뒤로 개봉일만 기다리구 있어요ㅎ 정말 재밌을거 같습니다ㅎㅎ  
20161228,10,기대할 수 밖에 없는 스토리와 출연진들  
20161228,10,한 사람을 향한 시기와 질투 그리고 열등감을 부르는 삐뚤어진 욕망을 여교사를 통해 만나 볼 수 있는 기회가 생길 것 같네요 너무 기다려지는 영화입니다  
20161228,10,김하늘의 인생 연기를 볼 수 있는건가!!  
20161228,10,예고편만 봤는데도 심장 쿵쿵.. 오감 자극하는 이런 영화 좋으다  
20161228,10,감독님 인터뷰하는거 보고 내 스타일도 아닌데 기대중인 영화ㅎㅎㅎ  
20161228,10,그냥 단순한 파격적인 영화는 아닐거 같은 느낌  
20161228,10,어떤 갈등과 반전이 있을지 기대되네요  
20161228,10,흥행을 떠나 너무나 흥미롭고 파격적인 소재와 설정이 아닌가 싶네여 기대해봅니다^^  
20161228,10,여자들의 심리를 어떤식으로 풀어서 보여줄지 너무 궁금하다  
20161228,10,제작발표회에서 계급을 다룬 영화라는 언급을 봤는데 그 이후로 개봉일만 기다리고 있다ㅋㅋ  
20161228,10,기대반 걱정반이지만 재밌는 영화 기대해 볼게여~  
20161228,10,이런 자극적인 스토리를 어떻게 풀어냈을지..  
20161228,9,김태용감독님의 작품이라는걸 알고 더 궁금해졌음  
20161228,9,김하늘씨의 색다른 연기 변신 너무나 기대됩니다  
20161228,9,유인영 정글의법칙보고 팬 됬음 완전 착하던데 이미지랑 정반대라서 호감!!  
20161228,10,예고편보니가 더 궁금증 유발ㅠㅠ 그래도 곧 개봉이다  
20161228,10,여자라면 끌리는 영화가 아닐까  
20161228,10,여자의 심리를 남자 감독이 어떻게 풀어냈을지 너무 궁금하다  
20161228,10,여교사 진짜 재밌을거 같음  
20161228,10,왠지 심장 쫄깃할거 같은건 나뿐인가?  
20161228,9,김태용감독 전작인 거인도 진짜 대박이였징  
20161228,10,기다리고 기대하고 있는 영화 중 하나ㅎㅎ  
20161228,10,"여교사라는 소재와 배드신이 아무래도 많은 스포트라이트를 받고있지만, 실상 영화를 보고나서는 놀라운 엔딩신과 대단한 감독의 연출력및시나리오가 한동안 충격에 휩싸일수밖에 없다. 그리고 이영화로 이원근이라는 큰 보석을 발견하게 된것이 기쁩니다. #여교사대박  "
20161228,10, 김하늘씨의 연기변신을 기대하고 봤는데... 제 개인적으로는 두 여배우 보다 이원근이라는 배우에 눈뜨게하는 영화였어요. 그리고 지루하지않은 소토리 전개로 영화에 빠져들 수 있었고... 착하고 뻔하지않은 결말이 가장 좋았던것 같습니다.  
20161228,10,남학생이었다면 누구나 다 꿈꾸는 상황인지라...  
20161228,10,기대됩니다 유인영 김하늘 짱짱  
20161227,1,학생과 여교사의 저질스런 19금 영화 사회악 이런걸 보면 학생들이 무슨 생각을 하고 여교사를 대하겠습니까.  
20161227,8,"김하늘 배우님 보고 보고싶었던 영환데, 기대만큼 재밌네요. 이원근 배우님 웃는 모습에 새삼 반하고 이희준 배우님 ㅂㄷㅂㄷ 하고 봤습니다. 청불이라 큰 흥행은 어렵겠지만 많이들 보셔도 후회 안 하실 것 같네요.  "
20161227,10,정말 최고의 반전영화라고 생각합니다.영화 여배우 꼭 보세요  
20161227,10,여교사 넘 잘봤고 여교스 제목 부각되었지만 현실을 반영한 영호ㅏ내용이 참 안타깝운 현실이네요 청불이라서 아쉽지만 많은 불들이 보셨으면 좋겠습니다  
20161227,10,19금 타이틀보다도 더 좋은 내용이 담긴 영화!좋은 감독과 좋은 배우들이 만나 좋은 시너지를 낸 것 같습니다!강추!  
20161227,10,여운 남는 영화.배우 김하늘의 새로운 발견.배우 유인영의 다른 변신.배우 이원근이라는 보석 발견.  
20161227,10,인상적인 캐릭터들을 멋진 연기로 표현해서 좋았습니다!  
20161227,10,너무 잘봣습니다 여운이 마니 남습니다  
20161227,10,이원근 배우의 재발견!  
20161227,10,정말 어떤 내용일지 감이 안오네요 그냥 빨리 보고싶어요  
20161227,10,이원근 이번에 진짜 섹시하게 나오는듯…하  
20161227,10,방금 여교사 영상들 다 보고 왔는데 김하늘 목소리 진짜 매력적이다.. 이 언니는 뭔가 볼수록 끌려ㅜ  
20161227,10,김하늘 영화는 정말 오랜만인거 같은데 기대됩니다^^  
20161227,10,예고편밖에 안봤는데 짧지만 상당히 임팩트 있었음.. 배우들의 연기 변신 또한 넘나 기대중  
20161227,10,왠지 스릴러 느낌이ㅎㅎㅎ 이원근 너무 잘생김  
20161227,10,기대반 걱정반이지만 개봉하면 볼 듯  
20161227,10,김태용감독님 짱! 여교사 대박나라!  
20161227,10,김하늘이 이번에 연기변신 제대로 한 듯 하다ㄷㄷ 예고편에서부터 표정이 장난아님;  
20161227,10,개인적으로 이런 류의 영화들 좋아하는데 엄청 기다려진다  
20161227,10,김하늘 최근에 드라마에 이어서 영화까지 활동 많아서 보기 좋네여  
20161227,10,과연 무슨 내용일까 아직도 감이 안와ㅜㅜㅜ  
20161227,10,장르가 그냥 드라마라고 써있는데 뭔가 분위기 이런거 보면 미스터리? 스릴러같은 느낌..ㅋㅋ 빨리 보고싶다  
20161227,10,배우로서의 김하늘의 도전에 박수를  
20161227,10,감독도 그렇고 배우들도 그렇게 기대할 수 밖에 없는듯  
20161227,10,김하늘연기 좋아하는데ㅎ 여교사 꼭 보겠슴당  
20161227,10,유인영님 기사보고 영화 찾아 봤는데 정말 파격적인 소재이네요.. 기대해볼게요..ㅎㅎ  
20161227,10,난 여교사 재밌을거 같은뎅ㅋㅋㅋ  
20161227,10,김하늘 유인영 이원근.. 다들 너무 좋아하는 배우들이라 영화 또한 기대되는거 같습니다^^  
20161227,9,파격적인 소재와 설정이라 더 기대되는거 같아요  
20161227,1,남학생과 여교사의 이야기인 줄 알았습니다 죄송합니다.  
20161227,10,방금 예고편 보고 왔는데 재밌을거 같아요~ 오랜만에 여자를 주제로한 영화가 나왔네요~  
20161227,9,매력있는 두 여주인공 덕분에 기대된달까ㅎㅎㅎ  
20161227,10,김하늘의 오랜 팬으로써 이런 색다른 연기도 너무 기대되네요 스크린 복귀작 여교사 응원할게요!  
20161227,10,김하늘 유인영 이원근 너무 기대됩니다  
20161227,1,"매체에서 다뤄지는 것뿐만 아니라 실제 학교 현장에서도 학생이 여교사에게 성희롱을 하는 사례가 존재하고, 그런 상황에서도 솜방망이 처벌밖에 못하고 있는, 교사의 인권이 보장되지 못하는 현 시점에서 이런 영화를 만든 감독의 의중이 궁금할 따름입니다.  "
20161227,9,유인영 너무 이쁨ㅜㅜ 인형인가  
20161226,10,여교사.. 제목부터 끌리네요^^  
20161226,10,설정이랑 소재만 듣고 놀랐는데 찾아 보니까 스토리 나름 괜찮던데 빨리 보고싶다  
20161226,10,그냥 단순한 야한 영화는 아닐듯 싶어요  
20161226,10,김하늘씨의 새로운 연기 변신 너무 기대됩니다  
20161226,1,신성한 학교와 학생 그리고 선생님들을 모독하는 이런 영화는 개봉하는 동시에 바로 내려왔으면 좋겠다. 개봉도 못하면 더 좋고!!!! 도대체 생각이 있는건가 싶다. 쯧쯧쯧....생각좀 하고 삽시다. 관객들도 이런 얄팍한 상술에 놀아나지 말기를~~  
20161226,10,제자와 선생.. 뉴스에서 보던 이야기 아닌가..? 진짜 잘만들었으면 성공할거 같고.. 감이 안잡히지만 개봉하면 보긴 볼 듯  
20161226,10,김하늘과 유인영의 파격 변신이라고 하던데 청불이라 그런지 더 궁금하네요  
20161226,10,왠지 기대 이상의 영화가 나올거 같은ㅎㅎ  
20161226,10,파격적인 설정이라 그런지 난 끌린당..  
20161226,10,이원근 열일해서 조으다 ㅎㅎ  
20161226,10,파격적이지만 현실과 흡사한 전개에 넋을 놓고 보게되더라  
20161226,10,어떤 영화일지 궁금하네요  
20161226,10,김태용 감독의 다음 작품까지도 기대하게 만드네  
20161226,10,앞을 내다 볼 수 없는 두 여자의 심리전  
20161226,10,당신은 모멸감을 느껴본 적이 있는가  
20161226,10,"김하늘, 유인영, 이원근 셋의 연기가 일품  "
20161226,10,질투심과 열등감이 불러 일으킨 심리드라마  
20161226,9,내용이 생각보다 너무 좋던데^^;  
20161226,10,효주의 심정을 이해하는 사람은 충분이 영화를 느낄 수 있을 것  
20161226,10,김스카이의 연기와 꾸준한 변신 자랑스럽고 사랑합니다.  
20161226,10,단순히 마냥 야한 영화가 아니다.  
20161226,10,김태용 감독이 무얼 말하고자 하는지 파악한다면 영화를 단순하게만 볼 수 없을 것이다  
20161226,10,다 벗는다면 천만 넘는다  
20161225,10,"김하늘이 못하는건 옹심이 요리뿐이야, 김하늘 화이팅!!!  "
20161225,10,김하늘의 다양한 연기를 볼 수 있는 영화  
20161225,10,"주인공들의 연기가 일품, 감정 하나하나를 잘잡아냈더라  "
20161225,9,흙수저들은 이해할 수 있는 효주의 마음..  
20161225,10,소재만 보면 논란을 일으키기 충분하지만 안에 내용은 그렇지 않다  
20161225,10,충격적이었던 영화 개봉전이니 긴말은 않겠음 김하늘과 유인영의 연기가 엄청 돋보임  
20161225,9,많은 사람들이 차별을 느끼는건 자신의 열등감에서 비롯된게 아닌가 생각된다  
20161225,10,"기대감이 높은 감독인데, 거인도 참 괜찮게 봤거든요 여교사도 기대해 봅니다  "
20161225,7,남제자가 여교사2명이랑 썸타는거임? 너무하네 씨븅..  
20161225,10,유인영언니 팬이에요 꼭!!!볼거에요!  
20161225,1,제발 감독이 사회에 미칠 영향을 생각했으면...  
20161225,10,외유내강&김태용기대된다  
20161224,9,새해부터 엄청난 스타일의 영화가 개봉하는군-_-;;  
20161224,8,김하늘 연기가 진짜 대단하다고 느낀 첫 번째 영화  
20161224,10,보는 내내 나도 모르게 쫄음..  
20161224,10,"선생과 선생, 선생과 학생의 미묘한 관계..  "
20161224,10,"김하늘, 유인영을 다시 보게 한 영화  "
20161224,10,"처음엔 이게뭐야? 했다가 GV로 이야기를 나누고나선 그랬구나 하고 생각이 바뀌더라, 소재 때문에 마냥 욕만하고 보기 보다 영화가 주는 뜻을 알고 봐야하지 않을까  "
20161224,10,"질투, 열등감, 모멸감.. 많은걸 내세운 영화  "
20161224,10,김하늘 연기 대박 ㅋㅋ 이거 올해에 나왔으면 연기거의 역대급이던데 여우주연상 가능했을듯  
20161224,8,김태용 감독 영화는 항상 마음에 드네요..  
20161224,9,"호불호가 날 것 같은 영화이긴함, 어떻게 보느냐에 따라 대중성을 따질 수 있을듯.  "
20161224,9,김하늘이 이렇게 연기를 잘했었나?  
20161224,10,배우들 연기 진짜 후덜덜.. 이원근이 특히나 돋보이네  
20161224,10,"마냥 가벼운 성인 영화, 청불 영화가 아닌, 많은 가르침을 주고 사회의 부조리를 집어주는 시간이었다.  "
20161224,9,김하늘의 첫번쨰 청불영화라니까 더 기대되고 그러는건 나뿐?ㅎㅎ  
20161224,8,구성에 여교사와 제자의 사랑이 말안된다고 하는 악평러들 많은데 세계적으로도 이런 일 많음. 실제 존재하기도 하는데 영화소재는 뭐..  
20161224,10,"군더더기 없는 흐름에 강렬한 연기까지, 지루하지 않은 시간일거라 확신해요!  "
20161224,1,이 박근혜최순실스러운 영화는 가진것에 비해 언플만 많이 해대네  
20161224,1,교사는 있지만 여교사라니 제목부터가 논란인데 스토리는 미성년자와 선생의 로맨스.. 말이되는소린가  
20161224,1,미성년자와 선생의 삼각 소재 역겹다  
20161224,4,주변에 교사1도 없는 자가 만든 상상의 도가니  
20161224,8,촬영지 학교 어디인가요?  
20161223,10,"이원근 이곳저곳에 많이 보이네, 얼마전에 그물에서도 꼬ㅒ나 인상 깊었는데..  "
20161223,10,김하늘 연기에 놀랐네요  
20161223,10,"무언가 현시대를 반영한 느낌을 지울 수 없네요, 금수저와 흙수저의 관계 우리가 낳은 최악의 설정  "
20161223,10,<거인>의 김태용 감독의 신작 <여교사> 이번에도 역시나 만족. 다음 작품이 기대된다  
20161223,10,하늘씨의 연기 호평이 많네요 김하늘씨의 새로운 연기변신 너무 기대되네요  
20161223,10,"배우들 전부 자기 역할을 잘 해낸듯, 김하늘은 물론 유인영, 이원근 둘의 연기도 꽤나 인상 깊음  "
20161223,10,김태용 감독.. 대단한 사람이 될 것 같다  
20161223,10,현실과 맞닿은 듯한 두 사람의 관계  
20161223,10,"GV갔다왔는데 영화에 대해 서 자세히 들을 수 있어서 좋았어요, 생각했던것만큼 선정적인것도 없고 많은 생각을 하게 만드는 영화였네요  "
20161223,9,배우들의 연기가 모두 인상 적이었어요  
20161223,10,가히 김하늘 필모 중 최고의연기라고 말하고 싶다  
20161223,10,영화 속에서도 느껴지는 권력의 위대함  
20161223,10,"우습지 않아? 너는 되고, 난 안된다는거  "
20161223,10,김하늘이 청불 영화를 찍을거라고 생각도 못했는데..  
20161223,9,강력한 결말.. 예상치도 못한 결말에 벙찌고 말았다  
20161223,10,"스토리도 흥미진진하고 사회적 이슈를 다룬 부분이 마음이 드네요,  "
20161223,10,김태용 감독의 영화는 항상 사람을 놀라게 만든다  
20161223,10,"김하늘, 유인영 둘다 너무이쁨 ㅠ ㅠ  "
20161223,10,아 뭔가 영화가 되게 섹시한느낌?ㅋㅋ  
20161223,10,"금수저, 흙수저에 대한 차별을 여기서도 보게되다니-_-  "
20161223,9,이원근 너무좋다ㅠㅠㅠ잘생겼는데 연기도 잘해 ㅠ  
20161223,10,"김하늘이 로코의 여왕이라는 편견을 버려야할 때가 온듯, 이제는 다재다능한 만능배우!  "
20161223,10,<거인>의 김태용 감독의 신작 <여교사> 이번에도 역시나 만족. 다음 작품이 기대된다  
20161223,1,주제 자체가 쓰레기다  사회적 파급 효과 고려해서 만들어야지 그저 자극적으로 만들어 돈 벌어볼려고  야동에중독된 감독이 만든 쓰레기라는 생각밖에는  
20161223,10,"하..진짜 파격적임, 그렇다고 야하거나 더러운건 아닌데 뭔가 묘하면서도 끌리는 느낌? 김하늘 연기는 진짜 엄지척!  "
20161223,10,청순과 로코의 대명사 김하늘의 연기변신이라니!!! 기대할게요~~  
20161223,10,이쁜 하늘언니 연기변신 완전 기대됩니다 !!!!  
20161223,10,오오.. 간만에 기대되는 SKY 연기변신!! 기대됩니다!  
20161223,10,김하늘의 새로운 도전. 믿습니다!!!  
20161223,10,이제 연기파 배우 김하늘이라 불러야 할 때가 왔는가~  
20161222,10,기다리고 있습니다!! 계속 기달릴꺼에요ㅎㅎ  
20161222,1,무슨소리를 하고 싶은건지  
20161222,10,배우조합이 영화 소재랑 잘어울려서 기대됨  
20161222,10,예고편부터 기대됐다!!  
20161221,7,김하늘씨 연기 잘하시네요. 근데 왜 어른들 관계에 학생이 놀아나야 하는지 ㅜ 스토리가 마음에 안 들어서 3점 깍아요. 영화 잘되세요~  
20161221,3,유인영 노출있고 김하늘 노출없다... 김하늘 노출 있었으면 10점인데 아쉽네요  
20161221,1,음.. 이거 별로임...  
20161221,1,역시나 전라도 급 통수!  
20161221,10,여성 캐릭터의 다양성은 환영!  
20161221,1,안봐도 개봉일 이후에 나올 댓글들 예상된다.  ㅋ 하늘이 대한욕. 인영이 욕.  
20161221,10,기대안하고 봤는데 완전 연출이 굿. 유인영 노출있음  
20161221,8,보기도 전에  별점 테러 참내.자기 수준에 맞는 평점을 남기네.뭐눈엔 뭐만 보인다고 애로물인줄 알았냐 ㅉㅉ감독 전작 거인을 보니 기대된다  .기대점수로 8점  
20161221,5,물론 여주 둘다 노출은없겠지?예고보니 유인영 등짝만 나오던데 그래도 로망스19버전같아 기대된다  
20161221,1,그래서 어디까지 벋습니까?  
20161221,10,유인영 나오니까 10점  
20161221,2,이딴 소재의 영화가 개봉이 가능하다니 ...  
20161220,1,안그래도 신안군에서 여교사가 학부모들한테 성폭행당한 일도 있는데 .. 교사들의 명예를 실추시키는것같습니다.. 또 주인공들의 성별을 반전시켰다고 가정했을때 과연 그 영화는 개봉될수있을까요? 이 변태판타지영화처럼요?  
20161220,6,김하늘은 안벗을거고 유인영 기대합니다.  
20161220,1,감독이 무슨사상을 가지고 이런영화를 만든건지 이해가 안 되네요. 교사들의 명예를 실추시킬 만한 충분한 소재이군요.사상 자체부터가 예술로 승화시키기에는 역부족인 것 같네요. 이 영화 나온 것 자체가 불쾌하네요.  
20161220,1,아청법 ㅅㄱ 아청법 ㅅㄱ  
20161220,6,역할들의 성별을 바꾸면범죄미화한다고 비판을 받겠고 여혐이라고 비판받겠지?ㅋㅋ 안봐도 뻔하다  
20161220,1,남자교사가 하면 범죄인데 여자교사가 하면 범죄가아니냐?이런 내용이 현실이면 제일 혐오하는 것들이 좋아하는 것을 보니 이 나라는 세상에서 가장 위선적이고 드럽기 그지 없다.  
20161220,10,드라마 로망스 성인판?  
20161220,10,"영화 개봉 전에 남기는 평점이라 간단히 남기자믄... 유인영 씨 제발 이번 작품을 통해서 뜨길 바라는 의미루다가 점수를,,,  "
20161220,1,영화 안봐요. 내가 안봐요. 이건 내문제니까 내가 안본다는거요. 누가 강제로 날 시사회에 집어넣겠단 말이오.  
20161219,10,예고편이 넘나...매혹적~~  
20161219,10,김하늘 팬인데 영화 너무 기대되요~! 빨리보고싶네요!!!  
20161219,1,'여'교사 라는 제목도 그렇고 영화정보도 그렇고 한남들 취향저격 아니냐;  
20161218,10,넌 학생이고 난 선새..?우웁... - 로망스 미공개 19세판-  
20161216,1,왜 이딴 내용으로 영화를 만드는지 영화제작자 배우 생각을  진지하게 생각하고 만드는건지 출연하는건지 정말 창피하다 감독 출연배우님들 이건 아니라고 제 의견을 전합니다  
20161216,10,김하늘씨의 연기변신이 기대된다!!  
20161216,10,김하늘이 섹시장르라니~ 신선하넴 기대된다아  
20161216,10,김스카이 언니의 연기변신 기대할게요!  
20161216,10,아이제 자꾸자꾸 기대하게돼 스카이언니 ㅠㅠㅠ  
20161216,10,김하늘 유인영 너무 기대됩니다!!  
20161216,1,상폐년들의  보르노 늙고푸석거리는여자가 남고생과의 연예이야기네 반대로 갔으면 프로불편러들의 쌍욕과 온갖 저주를 다 받겠고여성부까지 나서겠지만 남고생이라서 개봉되는군 결론은 누가 되든해피엔딩 보르노가그렇듯 그녀들의 취향에맞춰야니까  
20161216,10,빨리 보고 싶네요!! 대박나길  
20161214,5,교사와 학생의 관계가 아닌..동성애 냄새가 나는건 뭘까?  
20161213,1,교사를 준비하는 사람으로서 비정규직 교사에대한 폄하가 들어있다고 생각합니다 교사라는 직업을 이용해서 자극적 현실을 상업화한 영화라고밖에 생각이 안드네요 현실에서 모든 학생들이 이런 생각을 해도 된다는 것 처럼 느껴지기도하고요  
20161210,10,유인영씨 사랑합니다♡  
20161209,2,"영화 별로일거 같다. 배우 덕에 평점 5~6 나올거 같은데내용 안 봐도 비디오고, 한국영화 거기서 거기야...  "
20161208,10,와 감독이 87년생이야 ㄷㄷㄷㄷ  
20161208,5,최소한 젖은까야 파격적인 문제작이지기대하마  
20161207,1,15년이었으면 아동청소년이용음란물일텐데ㅋㅋㅋ 여교사둘이 남학생 꼬셔서 연애하는 삼각관계 내용으로밖에 안보임.만약 남교사둘이서 여고 여학생한테 저런거면 반응이 과연 어떨까?  
20161207,1,내용을 떠나 제목부터 싫다  
20161207,10,난 선생이고 넌 학생이야!  
20161207,10,아청법 안걸리나요??  
20161207,1,영화제목이 여교사라니 이거 여성혐오 아닌가요?!!! 우리 주영언니가 그랬거등요???  
20161206,10,인영누나 배드신이라니 ㅜㅜ  
20161203,1,수준 되게 낮은 영화- 보는 내내 불편했던 전개-  
20161129,10,이원근 배우 마스크도 좋고 특유의 분위기 품은 연기 정말 좋아요! 기대 많이할게요 :)  
20161129,1,교사에 대한 학생의 성범죄가 심해지고 있는 상황에서 이런제목과 느낌의 포스터라니...남감독님 흔한 교사에 대한 성적판타지팔아서 흥행까지도 모르겠고 iptv를 노리는것같은데 예술한다고 하기전에 당신의 선택이 어떤영향력을 미칠지 생각좀...  
20161129,7,임화영이 출연확정이라고 했는데 뭐야? 바뀐이유가  
20161129,8,넌학생이고 난선생이야의....성인버전인가 ?  
20161128,10,넘 기대되여!~~ㅎㅎ영화관 바로 달려갈 준비하고 있습니다!ㅎ  
20161128,10,오...김하늘 이런 연기 기대된당  
20161128,10,스카이언니 기대되네~  
20161127,1,미하엘 하네케 따라는 하는 건 아니지?  
20161125,5,아직 개봉이 안되서 모르겠지만 여교사라는 성적 프레임을 아이들을 가르치는 특정 여자 교사에게 씌우는 것 같아서 우려가 되네요. 영화가 그러한 프레임 그 이상을 보여주는 진정한 예술인지 아니면 소재고갈 그럴듯한 돈벌이 용인지 개봉하면 확인해보겠습니다.  
20161123,1,여교사들과 미성년자인 남학생과 삼각관계를 그린 영화?저 영화를 본 학생들이 교실에서 선생님들을 볼때 어떤 생각을 하게 될까..진짜 부끄럽고 끔찍하다어차피 청불이라도 애들도  다 볼텐데  
20161122,10,나는 유인영때문에 보고싶네 계속 봐왔지만 뭔가 배우로서 매력있는듯  
20161121,1,재미없을듯.. 알바들은 가라..  
20161118,10,와  데뷔  첨아닌가요  하늘님 노출신  김태용감독님거면 작품성은 기본일거고  하늘님  언기력이면  영화 500만이상나올듯  빨리보고파  
20161114,10,기대된다. 김 스카이 이뻐용 ㅋㅋ  
20161022,10,와. 포스터가 너무 좋아요. 분위기 여신 김하늘 유인영. 두 여배우와 이원근이라니...! 세 배우의 연기력과  케미까지 기대됩니다. 기다릴게요 응원합니다!!!  
20161021,10,자주 얼굴 보여주고 소식 들려줘서 고맙습니다... 스카이 언니 언제나 화이팅!! 지금 하고 있는 드라마랑 앞으로 할 영화들 다 대박나길...! 응원합니다!!! 그냥...19금만 아니었으면 합니다...제가 못 보니깐 ㅠㅠ  
20160831,10,유인영 연기 기대됨!!! 완전 차갑고 도도하고 이쁘겠지♡♡  
20160507,5,"김수현송중기는 19금없이도  한류스타가 되었는데, 이원근도 그렇게 자라주었음 좋겠다ㅠㅠㅠ 그 해맑고 싱그러운 미소는 베드신과는 어울리지 않는데...  "
20160125,10,유인영 배우님 응원합니다!! 어서 빨리 개봉했으면 좋겠어요!!!  
20160109,10,너무기대되는영화 김하늘이즈뭔들~~!믿고보는김하늘  
20160108,10,김하늘씨 팬으로서 많이 기대하고 있습니다.  
20160101,10,꼭볼꺼야꼬옥...끄으윽 원근오빠팬은 학생이참많아요ㅠㅠㅠ 꼭볼수잉ㅅ게해주세요....ㅇ끅극  
20151126,10,기애되는 작품입니다..유명여배우와 핫한 트랜드 남배우와의 만남  
20151119,10,"이원근배우님 !정말좋아해요 꼭볼꺼에요!ㅠㅠ 19금이라면.,....ㅠㅠ  "
20151118,10,원근오빠 화이팅!! 꼭 보러갈께요♡  
20151115,10,기대 돼네요 이원근 화이팅  
20151113,10,제발 19세...원근빠 팬들중에 학생들 많아요..볼 수 있게 해주세요..크흑..기사에 정사씬인가 뭐라고 있어서 당황하긴 했지만 여교사 흥하길!!화이팅!!  
20151112,10,이원근 덕분에 보게된다 !  
20151108,10,이원근...ㅜㅜㅜ이원근이즈뭔들...완전기대되요!!!영화대박나세요!!//  
20151027,10,이원근 오빠를 열심히 응원하겠습니다.~ 대박나세요~ 파이팅! 빨리 보고싶네요ㅎ  
20151027,10,이원근  잘되길바래요 화이팅  
20151024,9,뭐랄까 뭔가 기대는 되는데요.  이원근 배우님도 나오고요.  19금만 아니었으면 좋겠어요.  청소년이라.이원근 배우님 나오는 영화보고싶기도하고요  
20151011,10,이원근 사랑해요! 영화 대박나길!♡3♡  
20150927,9,기대대요^^ 꼭대박나면좋겟어요^^  
20150829,9,넌 학생이고 난 선생이야! 으으응ㅇ  
20150828,10,이원근 화이팅 응원합니다  
20150816,10,솔직히 김하늘씨 하면 로코퀸으로 이미지가 굳어버린 점이 있지만 난 이 배우의 연기력을 믿는다.어떤 쟝르의 배역이라도 그녀만의 독특한 매력으로 멋지게 연기해 낼 것을 확신하며 개봉날만을 손꼽아 기다린다.  
20150717,10,저희학교에서 촬영한다던데 영화대박나길!  
20150711,10,거인을 본 사람이라면 기대하지 않을 수 없다  
20150707,10,진짜... 언니 항상 응원하고있어요! ㅠㅠ  
20150619,10,만약 탄탄한 시나리오에 김하늘의 파격적인 노출신까지 더해진다면 흥행 할 수도 있다고 봄ㅎ  
20150605,10,"스카이..오랜만에 차기작 소식 들려줘서 정말 고마워요 :) 지금 찍어둔 나를 잊지 말아요, 메이킹 패밀리도 빨리 개봉하구 잘되면 좋겠고 여교사도 응원할게요 김스카이 내가 믿어요!! (+19금 아니면 좋겠다 엉엉)  "
