0,1,2
20170411,10,빡빡이 시대가 돌아온다!  
20170411,10,이런거 처음써본다 내 인생영화 분노의질주 제발 흥행작되길바라고 함께했던 폴 워커를 잊지않겠습니다  
20170411,10,이젠 감독도 빡빡이네 ㅋㅋㅋ  
20170411,8,빡빡이보단 소위 샤이닝 헤드라고 하죠.  영화 '샤이닝'도 이 영화를 보고 너무 눈부셔 울고간다는 이 샤이닝 헤드들을 볼 마음에 벌써 들뜨네요.  
20170411,10,"Of the 빡빡이, By the 빡빡이, For the 빡빡이  "
20170411,10,어느 극장의 기대평에 빡빡이와 빡빡이와 빡빡이가 나온다고 표현했던데 늪공감이다.  
20170411,10,제목만 들어도 소름 쫙~ 더이상 말이 필요 없음 디젤형~~짱~~^^  
20170411,5,아니 근데 대체 왜 지금까지 몇편이나 강조했던 '가족'을 갑자기 깨트리는건지...  
20170411,10,분노의질주 자세 풀악셀~  
20170411,10,맨손어뢰남 우아아아아악!  
20170411,10,"트랜스포머 : 1편 (극장)잼있다~~, 2편 (극장)잼잇네. , 3편(다운로드) 또 굴러다니네, 4편 (OCN)또나왓네, 분노의질주 : 1,2,3,편 (다운로드 )잼있다~~, 4~7편 극장 (졸라 잼있다)  8편 4/12  21시 메가박스 예매완료  "
20170411,10,떨린다 드디어 낼 개봉!  
20170411,10,역시 액션은 션션하게 쵝오! 분노의 액션!  
20170411,10,시리즈봤으면 무조건봐야됨. 근데 시리즈 제대로안봤어도 재밌음ㅎㅎㅎ  
20170411,10,분노는 늘 기대하고 본다!  
20170411,10,놓칠 수 없는 시리즈!!  
20170411,10,액션 끝판왕.. ㅠ 진짜 내일이 개봉이라니!!!  
20170411,10,예고편만 봐도 기대돼 미치겠다!!!!  
20170411,10,요즘 진짜 볼 영화 없는데 분노만 기다리고 있음 ㅋㅋ  
20170411,10,이런 시리즈 또 없습니다  
20170411,10,폴워커를 기리며....  
20170411,1,식상하다 이제... 남자들의 우정과 차에 대한 애정을 그렸던첫번째 시리즈가 그립다. 어찌보면 그냥 동네 양아치들이었는데 점점 사이보그가 되어간다. 1편이나 다시 보러가자.  
20170410,1,안지겹냐? 빈 디젤 나오는건 왤케 하나같이 재미없냐  
20170410,10,분노의질주는 무조건 별 5개지.  
20170410,10,너무 기대된다 그립다 폴워커  
20170410,10,탈모남들을 위한 영화. 탈모남들도 멋있을수 있다는걸 보여주는 영화. 모든 결혼정보회사는 탈모남들의 점수를 좀 더 객관적으로 평가해야 한다.  
20170410,6,빈디젤이 배신하는게 말이됨? 몬가 사연이있어서 배신한척하는 시나리오 겠넹.. 액션은 잼있는데 시나리오가 너무 단편적인듯 ㅠㅠ  
20170410,10,분노의질주 이제 폴워커도 없고 한도 없고 죄다 빢빢이내 머리 털잇으면 죄다..  
20170409,10,폴워커의. 빈자리를...빈디젤이잘해주시는것같아용~개봉하면 무조건봄!!  
20170409,10,이거 1점준 사람은  영화초딩이냐  액션 마스터피스   영화가 아니고  분노의질주는 가족이다  이거 안보면 영화마니아 아니다  취향이 예외인 두편이 있다  미션과분노는 꼭봐야한다  
20170408,10,오졋다리 재밋겠다리@@@  
20170408,10,기대감을 항상 가지고보는 영화  
20170408,10,빡빡이들을 배신한 빡빡이를 잡기위해 나쁜 빡빡이와 손을 잡는 분노의 빡빡이들. 감독도 빡빡이.  
20170408,10,걸어다니라고 워커라 지어줬건만 차타고 다니다 그만 ㅠ  
20170407,7,폴워커가 없어서  7점  찍어요분노의 질주는 7편으로 끝냈으면 했는데폴 워커 없는 분노의 질주는 상상할 수 없다앞으로 안볼래요 ㅜㅜ  
20170407,1,난 별루요.... 어짜피 레파토린데.. 이젠 그만 우리자  
20170407,3,소문난 잔치에 먹을 거 없습니다.  
20170407,10,1편부터  않본  사람은  모른다  차  좀  좋아하는  사람은  다  본다  
20170406,10,이번에도 재미있게 나왔으면 종겠습니다.폴 워커의 명복을빕니다..  
20170406,10,이정도 분노면 고혈압으로 사망했을듯  
20170406,10,완전 재미있을듯!!  폴 워커 없는 분노의질주의 느낌이 어떨지...  
20170406,2,그만우렸으면 하는 생각  
20170406,10,폴워커가없어도 분노의 질주는 분노의 질주.  
20170406,10,ost 전부 들었다 트레일러 수십번 보고있다 개봉일날 바로 달려간다 퓨리오사가 나온다니깐 너무 기다리기힘들다...  
20170405,10,진짜 무조건본다...  
20170405,10,영화 자체의 재미와는 큰 상관이 없지만. Fate Of Furious 라는 멋진 원작명을 두고 왜 대체 더 익스트림이라는 근본 없는 단어를 붙힌건지 이해가 안된다  
20170405,10,진짜 내가 오지게 좋아하는영화 해리포터다음좋아하는게 분노의질주인데 분노의질주 시리즈를다보고나서 분노의질주8 언제나올까 궁금햇는데 곧개봉!!! 개봉하자마자 보러가야지  
20170405,10,아좋아...짜릿한카체이스액션...근데 이번엔 빈디젤이 악당으로 나오는겨?...뭔가밑밥이 깔렸나?...  
20170405,10,폴워커. 보고싶습니다 ㅠㅠ. 완전꿀잼  
20170405,1,폴이 없는 분노의질주는 분노의질주가 아니다  
20170405,10,고인 폴워커님을 제외하고 어떻게 영화를 만들까 생각했었는데..트레일러 영상만으로 또 지름신이 도졌습니다.이번에도 영화보러갑니다 ㅋㅋㅋ  
20170405,10,와 빡빡이형님 3명나오시네  
20170405,10,대머리들의 전쟁이다.  
20170405,1,시사보고 왔는데 ... 자기복제하듯이 나오는 시리즈네요 이젠 그만해야할듯  
20170404,10,예고편 지리구여!!!!  
20170403,10,내인생영화지.. 잠입경찰 폴워커가 빈디젤이 이끄는 폭주족에 잠입한지 15년만에 8탄이 나왔네 헤헤  
20170403,10,이번에는 제발 여자랑 보러가고 싶어요 벚꽃구경도 분노의질주7나왔을때가 벚꽃폈을때였는데 남자랑봣어요그치만 영화는 개꿀잼 감동적  
20170403,8,스태덤  탈옥해서 악역나온다 생각한 사람이 있는거보면 반대로 잘 비틀었네ㅋㅋ  
20170403,10,폴워커...ㅠㅠ..ㅠㅠ  
20170403,10,유일하게 평점 안보고 보는 영화..  
20170402,10,분노의 질주는 일단 10점부터 주고본다 믿고보는 분노의 질주  
20170402,10,매드맥스 누님.. 여기서도 포스쩌시네  
20170402,9,일단 주연이 전부 빠박 트리오가되었다. 다 유명한 빠박이들인데 폴워커를 잊게 만들수 있을까? 남자의 힘은 민머리에서 나오는듯  
20170402,10,기대 됩니다  흥행 하기를 ㅎ  
20170402,10,분노의질주 시리즈는 실망시킨적이없다  
20170402,10,처음으로 4D로 느껴보고싶은 영화다  
20170402,10,분노의질주는 볼것도없이 10점 만점이지  
20170401,10,말이 필요 한가? 그냥 가서 보면 굿.  
20170401,10,내 모든닉은 분노의 질주이다~  
20170401,10,예고편만 봐도 대박이네요  
20170331,10,Poll warker를 위한.. Poll warker에 의한.. poll warker의..  
20170331,9,제 홈페이지 가시면 이영화 공짜로 볼 수 있는 예매권2장 얻을 수 있는 꿀팁 드립니다. http://dabangap.modoo.at 개인적으로 이번 시리즈가 역대 시리즈 중 가장 기대되는 작품입니다.^^  
20170331,8,본격대머리영화기대되네요ㅋㅋㅋ  
20170331,10,도미닉이 배신ㄷㄷ 신선하네  
20170330,10,단연 최고다 무조건봐라  
20170328,10,"분노의질주 시리즈, 짱이야~!  "
20170328,10,의심의 여지가없다 닥추  
20170327,10,아 진짜!!! 사랑해요!!!!  
20170327,10,폴워커가 그립다. 흑흑ㅠㅠ  
20170327,10,폴 워커의 빈자리가 크지만 기대되는건 마찬가디  
20170327,10,시리즈가 계속 나오길 기대했지만... 예고편 보는것만 해도 눈물나옴...  
20170327,10,"분노의 질주인데 생각할 겨를이 있나요? 무조건 닥본사!! 영화 하나로 모든 스트레스가 풀리는, 그야말로 익스트림 무비!!꼭 보고싶습니다~ 하루빨리 개봉해주세요~~!! >_<  "
20170327,10,걍.갸꿀잼이거 꼭보세요  
20170327,10,아직 하려면 멀었구만유 ㅠㅠ  
20170327,10,하늘에서 브레이크 없이  달리고 있을 폴워커 에게...  
20170326,10,재미있을거 같은데 폴 워커가....없어서...조금 아쉽네여..  
20170325,10,분노의질주 팬이자 폴워커 팬인 입장에서 매우안타까우면서 기대가되네요...R.I.P  Paul Walker 1973~2013편히잠드시길...  
20170325,10,매번 이 시리즈의 새영화를 볼때마다 폴워커를 떠올리며  
20170325,10,네티즌 평점 왜 10.00안 돼는지 이유점 이정도 영화면 10.00 달아야됨  
20170324,10,개봉 겁나기다리는중..  
20170323,10,예고편만으로 영화다본거 같다는 애들은 뭐니~~분노의질주 영화제목 첨들어보는 애기들??우리나라서만 관객수평타치지 전세계에서는 누적관람넘사벽인영화다  
20170322,10,항상 기대되는 분노의질주~! 이번에도 무척 기되됩니다.~!http://www.ticketmonster.co.kr/talk/526243094/14090000/#content_start  
20170321,10,와... 이건 분노의 질주 시리즈중 가장 역대급 블록 버스터다!!!  돔의 배신? 뭔 이유인진 모르짐나 가장 재미있을 시리즈 같음 시스템으로 차를 다 해킹해서 사용하다니 대박이네 개봉날 바로 보러가야지 23124212432352435!~@~@~@~@~  
20170320,10,아직도 믿기지가 않아요.. 폴 워커가 없는 분노의 질주..  
20170320,10,완전재밌을꺼같네요ㅋㅋ  
20170320,10,이번편은 진짜 어마어마하다...  
20170320,10,믿고보는 분노의질주 시리즈 경유형님만 믿습니다.  
20170320,10,ㅠㅠ방금 7봣는뎅 ..폴워커....그립다  
20170319,10,예고편봐도 기가차네정말 ... 대다나다!  
20170318,10,폴 워커를 기리며 이영화를 기다립니다.  
20170317,10,폴은 없지만...기대만땅  
20170317,10,다 필요없고 그냥 예매해서 보면 됩니다~^^  
20170316,10,"벌써부터 기대되는 영화, 역시 또 나올줄 알았어요. 액션의 끝판왕 기대할하게요~~!!!  "
20170316,10,폴워커 없이 제이슨이 그 자리로 들어갔나보네...  
20170316,10,갈수록 스케일이 더 커지는 분노 완전 기대됨  
20170316,10,영화 중에 영화!!!!  
20170315,7,"스타뎀, 더락, 빈디젤 대머리 배우들ㅋㅋㅋ 볼만한 시리즈 기대해야지.  "
20170315,10,빈디젤 너무좋다 ㅜㅜ꼭봐야징 빈디젤 영화는 싹다봤다 ㅋㅋㅋ  
20170315,10,고인이 된 폴워커 당신의 연기가 그립네요.  
20170315,10,재밌건 재미없건 무조건 본다.. 폴 형과의 의리!!!  
20170315,10,제임스스타뎀은 탈옥한게아니라일부러풀어주고 팀에합류하게됨  
20170315,6,대머리가 액션영화에 적격인가?  
20170315,10,분노의질주가 나오기만 기다렸어요ㅠㅠㅠ다음달에 만날수있다니 너무 너무너무너무너무 좋닼ㅋ  
20170315,10,메인포스터 풀 워커의 빈자리가 생각보다 크네ㅠ  
20170315,10,파블로가 하늘에서 행복해 할거야  
20170315,10,예고편만 봤는데 온몸에 소름이~ 빨리 보고싶다 !!!!  
20170315,8,예고편이 약간의 스포성이 있네요 제이슨ㅋㅋ  
20170315,10,대머리가 배신한 대머리를 막기위해 나쁜대머리를 영입해서 싸우는 대머리영화  
20170315,9,솔직히 영화가 많이 변질되었다. 순수 자동차 레이싱이었을때가 재미있었는데  
20170315,10,뭐야  이건  안볼수 없게 만들었자나  8편 모두  기대를 저버리질 않네  
20170315,10,드디어 개봉한다 ㅠㅠ꼭보러갑니다 ..남자친구랑 !하하하 폴워커없어서 너무 슬프다 ㅠㅠ  
20170315,10,관점이 레이싱에서 액션으로 점점 봐뀌는구만..  
20170315,10,빨리 나와주세요 현기증 난단 말이에요  
20170315,10,스케일 크게 노는구만ㅋㅋ  
20170315,10,"폴워커가없으니 도미닉이 삐뚤어졌구나 ,...ㅠㅠ  "
20170315,10,이러다 나중엔 우주가서 차몰겠어ㅋㅋㅋㅋ예고편만 봤는데도 영화다본듯  
20170315,10,아 진심 예고편보고 지린적은 처음이다...  
20170315,10,역시 분노의 질주 차량 엄청 나오네요 대박예감  
20170315,10,원래 동네에서 제일 빠른사람 정하는거아니였나...?  
20170314,10,짱!!!최고입니다!~!극장가서꼭볼래요!!!  
20170314,10,분노의 질주 시리즈 넘 좋아! ㅎ  
20170314,10,이번 봄에도 달리는 분노의 질주 기대됩니다  
20170314,10,무조건 봐야하는 영화중 하나  
20170313,10,스타뎀 탈출한 줄 알았는데 드웨인 존슨이랑 동맹맺고 배신한 빈 디젤 잡는 스토리였네요.  
20170313,10,왜..왜..배신이지?뭔가이유가있을거야ㅠㅠㅠ빈디젤이괜히그런게아닐거야!!!  
20170313,10,폴워커...그립네요  
20170311,7,이미 예고편으로 영화다본거 같지만 그래도 기대해본닼  
20170311,10,폴워커 에대한 그리움만 더커졌다 가슴먹먹하네  
20170311,10,ㅁㅊ 빡빡이 간지 3형제 등판 ㅋㅋ  
20170310,10,2년마다 꾸준히나오는데 옆집로봇영화와는 다르게 매번재밌는 시리즈. 이번에도 보러갑니다  
20170310,10,폴 워커는 없지만 지금까지 시리즈! 실망스럽지 않았기에 정말 더 기대되는 영화^^  
20170305,10,그냥 말이 필요없는 영화다. 즐기기만 하면된다 .  
20170305,10,FAMILY NO MORE  
20170304,7,4부타 스트리트레이싱이라는 이미지는 거의없어진듯...  
20170227,9,I missed Paul...폴워커가 없는 작품이라 좀 슬프지만 분노의 질주 시리즈는 믿고보는영화:) 많이 기대하고있습니다!! 예고편보니까  Dom이 fastfamily를 배신하는것같던데...  
20170224,10,폴워커형님몇년이지나도보고싶습니다ㅜㅜ  
20170223,10,폴워커를 그리워하는 영화...  
20170219,10,세뇌 당했네 돔 그래서 기억을 못하는 거구만 악역이다고 좋다고 믿겠네  
20170218,10,개인적으로 전작7편을 제작한 제임스완 감독이 했으면하는데....  
20170218,10,그나저나 빈디젤이 왜 배신을 때리려나 궁금하네  
20170218,10,빨리 개봉했음 좋겠다...  
20170215,10,폴 워커.당신이 그립습니다ㅠㅠ  
20170209,10,폴 워커 돌려내ㅠㅠㅠ....  
20170208,10,숀이나와?! 미친..  
20170206,10,폴워커.그립네요 다좋다그냥다분노의질주는사랑입니다 히트다히트  
20170206,8,분노의질주 8 더익스트림분노의질주 9 더레전더리분노의질주10 올인원 분노의질주11 레볼루션 분노의질주12 더투웰브분노의질주13 새로운시작분노의질주14 라스트질주분노의질주15 두번째 시작분노의질주16 굿바이투다이분노의질주17 컴백홈  
20170131,10,내인생최고의 영화시리즈...  
20170123,10,조나다 브류스토는 나오네  
20170117,10,7보고폴워커때문에1부터다봤는데ㅜㅜ7보고알아보다가폴워커죽었다는거보고충격..아직도씨유어게인들리면뭔가그냥찡함예고편보는데7에서갇혔는데바로나온거같더라요..  
20170116,9,내가 군대간 후 3일후에 개봉 ㅠㅠ  
20170114,10,너무 영화를 많이 만들어서 더 재미있다  
20170114,10,"드웨인,디젤,테론,러셀,스타덤까지!!!푹풍간진데,여기 워커까지 나왔으면 정~~~말 지렸을 건데,하~워커형,  "
20170107,10,빡빡이 삼형제!!!대머리의 힘을 보여줘!!  
20170105,10,이건 왠지.. 포스터 4장은 챙겨야 될것 같군  
20170102,10,대머리가 대머리친구를 배신해서 그 배신한 대머리를 잡기위해 악당이였던 대머리의 힘을 빌려 같은 대머리 친구들이 힘을 합쳐 배신한대머리를 잡으러 가는내용  
20161228,10,기대된다 빨리 나왔으면  
20161226,10,출발전에 배기음깔고 한번 씨익 웃어주는게ㄹㅇ간지ㅠㅠㅠpaul walker형도 만족할만한 씹오지는영화 기대할께요ㅎ  
20161220,10,폴 워커없이 이거 어케만듬?  
20161220,10,끝장나는구먼!! 더락과 스탠덤이 한팀이라 크크크  
20161218,10,폴워커가 안나와서 아쉽지만ㅜㅜ 그래도 기대합니다ㅜㅜ  
20161217,9,"조다나, 타이리스, 루다크리스가 펼쳐보기를 눌러야나 나오는 조연급이냐 ㅎㅎㅎ 근대.. 이번에 에바 멘데즈 다시 나오는겐가? 아응~~ 쪼아~  "
20161217,10,폴워커만 있으면 완벽할텐데 아쉽다 폴워커의 빈자리를 누가 채워줄려나..  
20161216,10,도미닉토레도가 배신을 하다니 색다르네요.뭐 어떠한 이유가 있겠지만 색다른 재미가있을것 같네요. 꼭봐야지!  
20161216,10,최고의 명작이다.. 드디어 또 나오는구나..  
20161215,10,개인적으로 분노의 질주 매튜 본 감독이 연출하면 어떨까?  
20161215,10,예고편에 삽입된 노래 제목아는사람?  
20161215,10,그냥 원제를 쓰면 안되나? 근거없는 부제를 붙이는 이유가 뭐냐?  
20161214,10,빡빡이와 빡빡이가 힘을 합쳐 빡빡이를 이기는 영화  
20161214,10,제목....더 익스트림은 뭐야... 그냥 분노의 질주 8 깔끔하게 이렇게 가지...앞으로 나올 후속편은 어떻게 감당하시려고  
20161214,10,설마 폴워커의 빈자리를 제이슨스타뎀이 들어오는건 아니겠지?  
20161213,10,예고편보고 레알지렷습니다.. 하 개쩐다..  
20161213,10,와ㅏㅇ아으ㅏ아아 진짜 기대된다 폴워커 대체멤버는 제이슨 스타뎀이 되는건가요... 진짜보고싶다폴워커는 아쉽지만 제이슨 스타뎀이 폴워커 대체멤버가 된다는게 좀 신선하고 빨리 보고싶다!!!  
20161213,9,돔이  좀   뜬금없이  배신하긴 하는데그래도  뭔가 사연이 있겠지.. 기대된다  
20161213,10,4월까지 어떻게 기다리지...ㅠㅠ 빨리 보고 싶다!!그런데 내용이 좀 별로인 것 같다...인질이나 어떤 이유가 있더라도 배신하는 스토리는 좀;;그래도 사랑해요♡ 그래도 개꿀잼일듯♡ 두근두근  
20161213,10,예고편 뜬거 보니까 진짜 더 기대되요!!♥중간에 폴워커 사진 나올때 울컥했는데ㅠㅠ 차들 라인업도 대박이고 쇄빙 잠수함ㄷㄷ데카드 어떻게 탈옥하는지 빨리 보고싶다♥  
20161213,9,8편에는 빈디젤이 악역이던데 어떻게되는거야..?  
20161213,10,가족 타령하던 분이 배신이라... 반전이있을듯  
20161212,10,It's been a loog day without you Paul  
20161210,10,스콧 이스트우드가 폴 워커 대신 브라이언 오코너 대체되려나? 아직도 설정되었다는 역할이 안 띄워졌 있네?  
20161205,10,폴워커도 레티처럼 살아났음 좋겠다  
20161204,7,분노의질주 광팬으로서 기대는 진짜 많이되는데 감독이 또 바뀌어서 어찌될런지..색다른 재미를 줄런지...  
20161121,10,울 워커형.... 하늘에서 잘보고 있죠???  
20161101,10,극장 갑시다 여러분 ㅎㅎ  
20161101,5,"점점 타이와 루다 보는 재미로..초창가 ""질주""라는 레이싱액션 소재에서 이제는 완전 ""액션""이 주가 되어버린...도쿄 이후로는 차라는 소재는 레이싱이 아닌 액션도구로 변모...살짝 아쉬운  "
20161022,10,2013  뉴스에 한 소식이 있ㅇㅆ습니다. 폴 워커 사망. 그떄 뉴스로 접한 저는 갑자기 멍해지고 눈물이 났습니다. 저는 분노의 질주 시리즈를 전부 보았기 때문에 광팬이기도 했습니다. 폴 워커. 당신은 비록 사망했지만  우리들 마음속에는 영원합니다.  
20161006,10,그립고 또 그립습니다  브라이언 오코너(폴 워커)  
20161004,10,제 인생영화 입니다 모두 봐주세요 ㅎㅎ  
20160925,10,폴 없는 분노의 질주 이빨 빠진 호랑이와 같다.그래도 발톱이 남아있으니 믿고 봐야지..  
20160918,10,점덤 아케이드성? 이 짙어지는건 사실이지만.. 이것도 나쁘진 않다. 1편처럼 스트리트 레이싱 세계를 표현하는 맛도 있었긴 했는데..  
20160911,10,으헝ㅠㅠ 폴워커형 포토샵으로라도 넣어줘ㅠㅠㅠ  
20160903,9,타이레스 어디갔어 ㅠㅠㅠ  
20160902,10,진짜 한국영화 스크린쿼터+스크린독거점에 관객들은 지치고 화가 난다. 언제까지 한국영화계와 극장 상영 기업들이 관객들을 호구로 보는지 지켜보겠다.폴 워커형의 분노의 질주7도 그렇게 까였지.  
20160830,10,폴 워커가...없는 분노의질주.... 과연 어떠게.. 이어나갈지.... ㅠ ㅡ ㅠ;  
20160829,10,RIP 폴워커 LOL (lenny)  
20160828,10,폴워커가 없어서 정말 그리운 영화... ㅠㅠ 그래도 기대 합니다 이번에도 좋은 액션을 !!!  
20160828,10,"워커형 없이 어떻게 전개할지 궁금하다.. 워커형 보고싶어요!,,  "
20160826,10,r.i.p paul  waker그립습니다.see you again  
20160826,10,보고싶어요 빨리 ㅠㅠ see you again  
20160824,10,대작의향기가벌써부터ㄷㄷ  
20160823,10,커트러셀 앞편에 총 맞으면서도 윙크하는 장면 개인적으론 웃기면서도 아주 강렬했는데 스타뎀 잡으려고 병원에서 탈출하셨군 기대함  
20160819,10,폴워커가 나와야하는데 ㅠㅠ..  
20160819,10,3편은 예외로 두더라도 1~7편을 쭉 보면 도미닉토레도가 현실적인 주인공이지만 레이싱 카체이싱쪽으로만 보면 폴워커가 더 돋보였던게 맞다. 정말 안타까운 일로 폴워커가 빠질껄 누가 예상이나 했을까 스타뎀을 7편에서 안썼어야했다. 그래야 폴대신으로 나오지  
20160819,5,풀워커 없는 분노의질주 재밋을까  
20160817,10,1년 정도 남았는데 다른 분들 말씀과 같이 폴워커가 많이 생각 나네요. 더세븐 본 것도 엊그제 같은데 그때가 벌써 작년 4월이라니.. 폴워커 see you again..  
20160817,10,분노의질주 란 이름 만으로.. 평점 10점이죠 ..분노의 질주에서 폴워커의 연기를 더이상 볼수 없다는게 정말 슬프네요.. 분노의 질주 시리즈 앞으로도 쭈욱 나왔으면 좋겠네요 2017년 4월13일 까지 1편~7편 계속 보면서 기다리겠습니다.  
20160809,2,그만 좀 우려먹어라...아오... 폴워커 죽었으면 그냥 끝내 좀...  
20160809,10,"기대 엄청 되네, 폴 워커 동생 연기도 더 기대되고  "
20160807,10,스케일봐라 벌써 차 엎어지고 날리났나 ㅅㅂ 걍 보는거다폴워커..그립네요  
20160806,10,폴워커 보고싶네요...  
20160729,10,분노의질주는 재밌는데 폴워커빠진 분노의질주..초코빠진 초코칩..라면스프없는 라면..무슨재미로볼까...  
20160728,10,See You Again ..  
20160727,10,스콧 이스트우드가 왠지 폴워커 역할을 할거같다..  
20160726,10,한참남았네 진짜 어떻게 ㄱㄷ리라고 !!!  
20160724,10,숀은 왜 안나오는거야 궁금하게  
20160722,10,더 세븐이 폴 워커의 안타까운 죽음과 대표적인 공포영화감독인 제임스 완의 연출때문에 살짝 걱정했었지만 8번째시리즈는 감독도 기대되는 감독이고 아무래도 이번에 시리즈를 완결하려는듯한 움직임때문에 더 기대된다  
20160709,1,샤를리즈 테론 왕따 당한다네요.. 영화에선 그렇게 의리 좋은척 하더니만 실제로는 왕따나 시키고.. 실망입니다. 영화에 대한 기대가 확 떨어지네요  
20160709,10,빈 디젤 죽이네.ㅠㅠㅠ  
20160709,8,대머리들만의 액션 스릴러  
20160706,10,분노의질주에 풀워커가 없으니 진빵에 단밭이 반만 들어있는 느낌이네. ㅜㅜ  
20160618,10,오~테론 누님 나오시네   스타뎀은 결국 탈옥인가보네 ㅋㅋ 또 나오는거보니  
20160609,10,샤를리즈도 무시하지마라 매드맥스하고 몬스터에서 연기력 지림 ㄷㄷ  
20160606,10,워커가 보고싶다...   탈주닌자  제이슨    무조건영화관간다이건  
20160604,10,분노의 질주진짜 개재밌어ㅠㅠ  
20160531,8,폴워커 없는 분노의 질주... 과연 어떨지  
20160531,9,북미 좀비 만들는 기술로 폴워커 만들어주면 안될까요?  
20160529,10,빨리 분노의질주8을 보고싶어요ㅠ  
20160528,10,영화가감동적이고너무나도재미기있고스릴이넘쳐요  
20160526,10,폴워커의 동생들이 캐스팅되서 오코너 연기좀 해줬으면....  
20160525,10,여주가 샤를리즈인가?대박  
20160520,10,폴 워커씨가 그립네요 처음으로 접한게 7인데 재밌어서 1부터 다 봤는데 폴 워커씨와 빈 디젤 씨가 마스코트인데... 그 두 분이 없어선 안되는게 바로 분노의 질주 시리즈 인데 두분 중 브라이언 오코너가 없다는게 아쉽네요... 꼭 다시 데려와주셨으면  
20160518,10,see you again  
20160511,10,탈출한  제이슨이 브라이언 가족을 몰살시켜서 복수한다는 내용으로 가나?  
20160508,10,폴워커 대신 샤릴리즈 들어갔네  
20160504,10,폴 워커....폴 워커가 없는 본노의 질주... 폴 워커가 그립네요...  
20160503,8,캐스팅은 더 화려해졌지만 도쿄커플에 이은 폴워커의 공백은 메꿀수있을지..  
20160503,10,올해 시험 꼭 합격하고 내년에 봐야지..  
20160430,10,내년까지 ㅇㅓ떻게 기다려 ㅠ  
20160421,10,"분노의 질주팬인 17살 남자입니다ㅋㅋ 저 개진심으로 이 영화 시리즈팬이어서 다봣는데 꿀잼입니다! 빈 디젤,제이슨 스타뎀,드웨인 존슨,미셸 로드리게즈 등 여기나온 배우들도 다 좋아요. 폴 워커가 많이 그립습니다ㅠㅠㅠ 그래도 힘내야죠. 화이팅~  "
20160419,10,너무 그립습니다. 언제나 웃음기 가득한 얼굴. 그러나 레이싱할때랑 수영할때만큼은 한없이 진지한 얼굴.ㅠㅠ R.I.P.  
20160417,10,ㄷㄷ무조건 명작예상ㅇㅇ  
20160417,10,폴 워커가 원래  분노의 질주 최고데...그립내요...  
20160416,10,빈디젤과  드웨인존슨의 이미지가 많이 겹쳐서 폴워커의 대체자로는 힘들것 같네요.. 폴워커와 비슷한 이미지의 배우로 꽂아넣는게 좋을듯 싶어요  
20160414,10,언제부터인가 분노의질주에 대머리들이 많이나오기 시작했다...  
20160414,10,호울리씻 1년남았다 ㅠ  
20160412,10,인생영화..7편보고 반해서 일주일동안 1~7다봄..폴워커 ..  
20160410,10,한 부활 시켜주세요 레티도 부활 했는데  
20160401,10,가족이 많이 줄었네요 ㅠ 죽은 가족이 많아서 ㅠㅠ;제이슨형님이 행여나 같은편이 될리 난무하곘지만 내심 기대해봅니다 ㅋㅋ 드라이버들이 너무 줄었어요 ㅠㅠ  
20160331,10,See you again 들을때마다 찡하네요..  
20160321,10,다시 감동받아서 울준비가 되어있습니다 폴워커님 보고싶어요 ㅠㅠ  
20160317,10,폴워커 님 보고 싶습니다. 그립고 그리고 폴워커 님 ㅠㅠ 하늘에서도 분노의 질주 응원 해주세요  
20160315,10,하... 보고싶네요 폴워커. 정말 좋아하는 배우인데..  
20160314,10,폴워커가없는분노의질주는 분노의질주가아니다. .  
20160313,10,폴 워커. 당신 덕분에 분노의 질주 시리즈를 접하게 됬습니다.  이번 시리즈에는 없지만 그 동안 즐거웠습니다. 이번 시리즈도 대박나길 바라며 삼가 고인의 명복을 빕니다  
20160313,10,매드맥스 퓨리오사 누님이 나오신답니다 모두 경배해라  
20160313,1,또 나와? 진짜 제발 부탁이니까 7 처럼만 만들지 말아라.  시나리오 개망작 보다보니 짜증나더라. 6 까지는 진짜 재밌게 볼 수  있었는데 7은 망작. 폴워커 죽은 덕분에 흥행에는 성공했지만 8편도 시나리오 망치면 분노의 질주 시리즈는 끝일 거다.  
20160304,10,내 생의 최고의영화 폴워커님 꼭그곳에서도 마음것달리시길바랍니다 이최고의영화에 폴워커님이  하...눈물을흘리네요  꼭 그곳에계신 폴워커님도 만족할만한영화를 만들어주시길 -폴워커님의 명복을빌며-  
20160301,10,폴워커의 닛산GT-R이 보고싶네요...  
20160227,10,기대를 안할수가 없다... 삼가 고인의 명복을 빕니다  
20160220,10,1편부터 봣는데 하...폴워커 없이 무슨 재미로 보냐  
20160211,10,어떤내용으로 돌아올지 궁금은하내요 ㅋㅋ  
20160209,10,8까지 이어오면 트랜스포머 같이 내용이나연출뻔해진다고 혹평받을수도 잇는데 점점재밋어지는 이런 영환 죽을때까지 나와야함  
20160202,10,지금까지 시리즈 도쿄드리프트부터 봐왔는데 역시 8도 봐야죠.무엇보다 폴워커씨...당신이 그립습니다.  
20160202,10,더락 빈디젤  미셸 로드리게스즈타이레스 루다크리스 빨리 보고싶네요 하지만 브라이언오코너 폴워커가  없다는개 참 많이슬프네요...  요번꺼도 기대하겟습니다!  
20160128,10,The death of Paul Walker is not vain.  
20160120,8,최대한빨리앞당겨개봉했으면 좋겠습니다  
20160118,10,빨리 보고 싶은 영화 입니다.  
20160118,10,폴을 그리워하며....  
20160115,10,폴 워커 없으니 뭔가 흥미가 떨어진다.. 그래도 나머지 배우들의 멋진 연기와 감독의 참신한 시나리오로 대히트치길.. 내가 예상하기론 오웬 쇼가 완쾌되어서 퇴원하고 걔 형 데이비드는 탈옥해서 손잡아갖고 난리 칠거같다  
20160112,10,폴 워커 없는 분노의 질주라 ㅠㅠ 그래도 한번 기대해보겟습니다  
20160111,10,"워커 형..,..ㅠㅜㅠㅠ  "
20160109,10,기대됩니다 최고의영화  
20160104,10,더락 인기가 많아서 더락 주인공으로 바뀐듯  
20151225,10,폴 워커가 없는 분노의질주를 상상이나 해봤을까...  
20151224,10,영화는 재밋는데 빡빡이가 5명이씩이나 나오냐 ㅋㅋㅋㅋ더나오면 빡빡이들의 영화겠구만.  아 그리고 감독도 빡빡이 ㅋㅋㅋㅋ  
20151220,10,워커가 안나오면 브류스터도 안나오나?브류스터 안나오면 볼 맛 좀 떨어지는데...물론 재미는 그래도 있겠지만  
20151213,10,폴워커 그립습니다..그러므로 분노의질주8에서 폴워커 없겟지만 폴워커의 동생분도 대역 오코너 역을 이어줫음 좋겟습니다... 디젤 은 나왓으면 좋겟네요 비행기에서 한구하다가  떨어진거보면 굴러서 떨어진거같은데... 생존 쇼의동생 처럼.8편기대하고잇습니다.  
20151210,10,폴워커가없는 분노의 질주는 생각해본적이없는데 ㅠㅠ 폴워커 다시한번 삼가고인의 명복을 빕니다  
20151207,10,폴 워커가 없어서 좀 아쉽긴 합니다. 더 세븐이 최고였어서 8이 어떨지도 더 궁금하네요. 더군다나 분노의 질주하면서 감독도 여러번 바뀌어서.. 폴 워커씨 없이 어떻게 촬영을 할지 궁금하네요  
20151126,10,빈디젤 형이 있지만 정말로 폴워커 보고 싶습니다전설의 토레토 가족의 소중한 멤버인 오코너....'ㅠㅠ  
20151118,10,기대는 하겠는데.. 감독 양반 브라질리안 잡부터 어떻게 좀 해봐 기다리다 목빠지겠다 ㅠㅠ  
20151030,10,내 제대날 개봉아다ㅎㅎ  
20151027,10,폴 워커 없는 분노의 질주는 분노가 없는 질주이다.  
20151027,10,폴워커 그립습니다.진짜  
20151024,6,"이 흑형감독 의문인데...빈디젤 옛날꺼 디아블로는 간지나기야 했는데, 이 시리즈 이어받을 감독은 아니다  "
20151013,10,폴워커자리는이제없어지는건가아니면 다른배우나오는건가  
20151007,10,닥치고 봐야하는...  
20151005,10,"기다리고있습니다~~~ 마지막이란게넘아깝지만요. 장편으로끝없이 계속갓으면좋겟다만.,  폴워커 그립습니다. 다른길로해서 가신그곳에서도 잘지네시길....  "
20151002,10,폴워커빈자리가 너무크게보인다 보고싶어요 풀워커ㅠㅠ  
20151001,10,폴 워커... 형님 하늘에서 라도 보세요..  
20150928,10,브라이언 역할 빠지면 미아도 자동으로 안 나오나? 아니 지젤 죽이고 엘레나 쩌리 만들고 미아도 빠지면 레티랑 램지만 남는데 이왕이면 화끈한 금발 미녀 하나 넣읍시다.  
20150922,10,지금 See You Again 듣고있는데 폴워커 보고싶다. 분노의 질주 끝까지 잘되서 폴워커가 좋아했으면 좋겟다.  
20150921,10,폴 워커없는 분노의질주 어떨까?  
20150914,10,루크 에반스도 다시 나오는건가요? 그렇게 되면 쇼 형제 간의 관계도 어느정도 기대가 될 만한 하군요. 데카드 쇼 오웬 쇼 다른건 몰라도 이 둘에겐 기대가 된다. 제이슨 스타뎀과 루크 에반스  
20150911,10,와;; 안끝낫네 폴워커 없는데 어떻게..?  
20150909,10,다시보니 참 재밌는 시리즈임. 폴워커와 빈디젤의 캐미는 가히 최고였는데...  
20150907,10,유승준영화재미있어요신청  
20150907,10,폴워커님 그립습니다 다 나오셨으면..제발 주연안바뀌었으면좋겠습니다  
20150907,3,솔직히 8은 욕심일듯 ;  
20150829,10,아... 폴워커가 없으니까 뭘보나?  
20150829,10,우리 형님이 안나오는 분노의 질주를 보고싶진 않지만 그래도 분노의 질주인데  
20150828,10,9편까지 빈디젤이 계약했다네요  
20150820,10,이번에 팀에 한명정도 더 있었으면 좋겠다. 극중에서 죽은사람이 2명이지 그리고 한분은 정말로 안타깝지...  
20150815,10,이제 홉스의 강펀치와 제이슨 스타뎀의 관이 기다리고있겠죠?  
20150813,10,스타뎀 인터뷰보니깐 스타뎀이 새로운 멤버로 들어올 수도 있다던데...그럴 가능성은 희박하긴 한데 만약 사실이면 좋겠다 트랜스포터 광팬으로써  
20150808,10,누구도 분노의 질주에서 브라이언 오코너의 자리를 대체할 수는 없지만 루카스 블랙이 한의 복수를 위해 새로운 주연으로 나왔으면 좋겠다.  
20150807,10,빨리 2017년이 왔음 좋겠네요 . 살면서 영화 시리즈 다 챙겨본거 처음이고 이렇게 간절하게 기다려 보는것도 처음이에요. 빨리 개봉하길 기다려 봅니당  
20150805,9,폴 워커의 빈자리가 많이  느껴질수 밖에 없을거 같다....  
20150804,10,"폴 워커가 나오는 분노의 질주 8이  보고싶어요 ...정말 정말 보고, 그리워요...  "
20150802,10,홉스야...감옥간수 잘했어야지....  
20150724,10,당신이그립습니다.당신없는분노의질주라니생각해본적도없군요  
20150723,10,제이슨 스타뎀이 나온다는건 결국 탈출햇군요ㅋㅋ  
20150717,10,2편에는 빈디젤이 없는 분노의 질주8편에는 폴워커가 없는 분노의 질주폴워커가 많이 그립네요 ㅠㅠ 폴워커 동생들이 나와서 오코너 역을 이어주면 좋겠지만...  
20150713,10,17년이면 군대에 잇을텐데 으어!!! 꼭보고싶다 ㅠㅠ  
20150712,10,우와 8편까지 나오다니 엄청기대중ㅎㅎ 폴워커가 없어 폴워커만 있으면 완벽한 캐스팅인데ㅠㅠㅠㅠ 다시한번 삼가고인의 명복을 빕니다  
20150706,10,와우 또나오는군요^^  주연들 배우 옆칸이 허전하네요^^... 폴 워커 의 연기를 더는 볼수 없다니...  
20150705,10,2년을 어찌 기다릴까..  
20150705,10,살짝 걱정됩니다.. 폴워커 없는 분노의 질주..  
20150704,10,폴 워커 없는 분노의 질주라...  
20150703,10,폴 워커.당신이 그립습니다  
