0,1,2
20161115,10,내일 개봉이니까 영화관 앞에 와드박고 있는다.히나타 쪼끔만 기다려 바로 스파이크 보러간다.  
20161115,10,상영관좀 늘려죠라....대부분 학생덕일텐데 오전 10시 12시 일케 잡아놓고 어케 보라고 ㅠㅠ  
20161115,10,진짜 1주차랑 2주차 모두보러 갑니다!!  
20161115,10,진짜 하이큐 학원 때문에 못가는거지 내마음은 이미 하이큐 극장판속에 가있다ㅏㅏ  
20161115,10,상영관 늘려주셧으면 합니다ㅠㅜ  
20161115,10,묻고따지지도 않고 그냥 10점이죠 무슨말이 더 필요할까요?  
20161114,10,개봉하면 개봉일날 하이큐 보러 갈거예요!!! 히나타~!!!  
20161114,10,무슨 말이 더 필요할까요 하이큐인데..♡  
20161114,10,정말 보고싶어요♥♥♥♥기대됩니다♥♥♥♥  
20161114,10,기대되는데ㅠ 2일 뒤에 개봉인가요?ㅠㅜ 그때 일본 가 있는데ㅠ  
20161114,10,세상  애니 짜집기 겠지만 큰화면으로 보기위해 혼자라도 간다 (울음)  
20161114,10,우리아가들ㅠㅠ하이큐사랑해요ㅠㅠ진짜우리카게야마니상ㅠㅠ  
20161114,1,노무쿤다이스키♡♡♡  
20161114,10,하이큐ㅠ진짜 너므 좋이ㅠ 사랑래여  
20161114,10,국내 개봉 빨리했으면 고3이여도 수능 보기전에 원기충전형식으로 하이큐 보고 수능볼거예오ㅠㅠㅠㅠ 켄마 케마가 너무 보고싶어요  
20161114,10,으아아아아어!!노얏상 보러가야지 노얏상!♥♥3기 올라와서 노얏상 분량 많아서 텐션up!!!노얏상 이분량 영원했으면좋겠다!근데국내 개봉일이 또 쿠로오 생일이자나!!아 쿠로오도 보러 가야지!영화 개봉D-3!!!친구들이랑 꼭! 보러갑니다..후후  
20161113,10,아 진짜 꼭 보러갈겁니다 바보카도 꼭 받을거고.. 그리구 16일 개봉으로 바꼈는데 안 체크되있네요흑흑ㄱ 울 애긔들 보러간ㄴ다!!!!  
20161113,10,진짜 애니 보는 사람들 중에 하이큐 안 보면 정상인 아닌거 같습니다. 제가 아무리 애니 봤어도 이렇게 재밌는 애니는 처음입니당!!    * * 니시노야쨩  내가  금방 보러갈껫 * *  
20161113,10,카게야마 사랑해~♡~♡~♡~♡~♡~♡  
20161113,10,"개봉 얼마 안남았어요ㅠㅠ꼭! 보러갑니다!!!!카라스노, 네코마 다 만나러 갑니다!!!  "
20161113,10,미친 우리 영산이랑 보게ㅠ 스가와라 선배흐어어유ㅠ♥♥4일남았어요 ㅠㅠ   학원째고 당일날 가야할듯한 영화 ! 진심  기대되요 ♥♥♥ㅠㅠㅠ♥  
20161113,10,이제 4일남았네요ㅠㅠ 오늘 3기 6회보고 개쩔었는데 그것도 더해서 영화라니ㅠㅠㅠ 끝과시작 너무 디개되고 개봉되자마자 볼게요 하이큐 화이팅!!  
20161112,10,켄마ㅠㅠ어릴적진짜기대할께ㅠㅜㅜㅠ사랑해국내개봉너무감사해요ㅠ특전때문에저는2번볼생각!♡  
20161112,10,전국 개봉이길....  
20161112,10,세상에 제발 아 현기증이 이거 개봉하면 목소리 겁나 크게 들을수있는거잖아 얼른 개봉해러ㅜ루ㅏ아ㅓㅠㅠ  
20161112,10,네이버씨 이거 16일로 개봉날짜 앞당겨짐요.. 는빨리됫으면ㅜㅠ보고싶오요ㅜㅠ  
20161112,10,꼭 본다....  어서 17일...  
20161111,10,드디어 나오는구나ㅠ 하이큐 진짜 사랑합니다ㅠㅠㅠ  
20161111,10,국내개봉해주세요~~카게야마랑 스가선배 보고싶어요  
20161111,10,으허허ㅓㅎㅓ 히나타 나온다아아ㅏ아아아!!!!  
20161111,10,평택에서 꼭 개봉하기ㅠㅠㅠㅠ카드택도 꼭 받고 싶어요ㅠㅠㅠㅠ우리 동네에는 왜 메가박스가 없어서..  
20161110,10,어머니폰으로 볼래요 눌렸는데 이미눌렀다고뜸  
20161110,10,ㅠㅠㅠ너무좋ㅎ습니다  
20161110,10,이거 보러가라는 신의 계시 맞죠???  
20161109,10,친구를 하이큐 입덕해놔서 4명 같이 보러가야 겠네요 완전 좋아하는 하이큐에 특전까지! 당장 좋아요 누르고 영화간으로!  
20161109,10,제발 하이큐 개봉 하면 좋겟다진짜 하이큐 감독는 짱 좋아  
20161109,10,대박이란 소리밖에 안나옴 다이치보러갈것 ^오^  
20161108,10,진짜 개봉만 해주세요.... 아 현기증ㅇ나네 진짜로 선배들 보러갑니다...스가상 딱기다려  
20161108,10,스가 센빠를 큰화면으로 볼수있다니♥♥  
20161108,10,영화관에 지갑을 던진다.  
20161108,10,하이큐는 애니든 영화든 사랑입니다.  
20161107,10,제발요제발국내개봉해주세요저의모든남친들을한자리에서보고싶어요나의영산이....보고싶어요제발  
20161107,10,응원상영이면 진짜 제 목숨을 담보로 걸겠습니다...와 응원상영이면 진짜 수능날 발작하게생긴ㅎ()  
20161106,10,기대를 충분히 만족시키는 만화! 흥미진진하고 나자신을 마치 하이큐안에 있는것같은 느낌을 주는 만화!인 하이큐를 빨리 자막판으로 보길 원합니다 저만 그런건  아니겠죠?  
20161106,10,우리 까마귀들을 대형 화면에서 볼 수 있다니ㅠㅠ학교 째고 달려갑니다  
20161106,10,우리아가팀인 네코마가 나온다뇨!!보러갑니다!!ㅠ켄마 사랑해!  
20161106,10,국내개봉 . . 국내개보오오오옹 !! 국내개봉이 시급합니다우리 스가 센빠이의 달달한 보이스를 들어야함다 !!!  
20161106,10,히나타아아아ㅏ아아ㅏ아아아ㅏ아아아!!!  
20161105,10,제발 메가박스에서 개봉해주세요! 굿즈도...♥ 기대됩니당  
20161105,10,꼭 봐야지  못봐도  봐야지ㅠㅠ  
20161105,10,딱 제 생일 때 개봉 해 주시다니 정말 ㅈ감사합니다 감사합ㄴ디ㅏ 감사학니닥늩  
20161105,10,헐헐헐 극장판이라니!!!  
20161105,10,최애학교와차애학교(이분벌써부터코피가) 19일에 보러갈겁니다 쿠로오!!켄마!!!리에프!! 기다려눠 내가갈게♥♥♥  
20161105,10,메가박스 열일한다 감사히 감상하겠습니다 국내개봉이라니ㅠㅠㅜㅠ  
20161105,10,오레니 토스! 못테코이!!!  
20161104,10,개봉일이 ♥쿠로오 생일♥이라니! 이건 메가박스 관계자 중에 분명 하이큐 덕후가 있다는 것! 여러분 이건 운명입니다. 보러가셔야해요  
20161104,10,"와우,하이큐라고하면 말할게더있나.그냥사랑합니다.히나타오빠조금만기다려곧보러갈게  "
20161104,10,진심 꼭 보고 싶습니다. 국내 개봉만 해주신다면..저는 이미 야광봉을 흔들 준비가 되어있습니다.츳키야 누나가 보러 갈게 기다려라  
20161104,10,제일좋다 하이큐?편집이고뭐고 그냥갑니다 인생애니입니다이거진짜ㅠㅜㅠ토비오 내가 너땜어ㅣ지른돈이 25만원인데..또지르게생겼는..  
20161104,10,츳키랑 스가짱 볼려면 당연히 울 영산이랑 히나타도♡  
20161104,10,편집인거 알아 그래도 볼거임  
20161104,10,영화관에서 우는거 아닌가 몰라....ㅜㅜㅠ  
20161103,10,그냥 개봉만 해주세요ㅠㅜㅠ  
20161103,10,우오옹오오오!!! 14일 남았다!!!! 목요일이라 못보니 토욜날 봐야겠군.. 사람 꽉 차겠네ㅋㅋㅋㅋ 아 기대된다  
20161103,10,진짜 개오바ㅠㅜ반드시 보러가야지 진짜...  
20161103,1,아안봐고뻔하다 애니로본걸 또보냐  
20161103,10,넘 보러가고싶은데 하필이면 기말고사기간...어떻해ㅠㅜ 보러갈수가없어ㅠ느아앙 일향이 보고싶어! 영산이 보고싶다구우우!!!!  
20161103,10,영산아 사랑해 이와짱 오이콩 유급하자ㅠㅜㅠ ㅓㅠㅠ흄  
20161103,10,대박 꼭 봐야지 ~~♡♡ 드디어 극장판이 나왔어  
20161103,10,사랑해 얘들아ㅠ ㅠ ㅠㅠ내 지갑 털어서 가야지ㅠㅠ  
20161102,10,츳키야 보러갈게 기다려!!!  
20161102,10,어쩜 개봉일이 쿠로생일일까?ㅠㅠ하이큐 사랑해요♥♥♥ㅠㅠ정말 제 인생애니에요♥♥♥♥ㅠㅠ개봉일을 기다립시다 후후...♥  
20161102,10,보면서 울것같ㅠ아ㅠㅠ  
20161102,10,진심 기대 하고있음 어제부터 하이큐 덕친구랑 수업시간에 난리치고 심장이나댄다 등등 했는데 빨리보고싶다  
20161102,10,우왕! 빨리나와라!하이큐는 진리죠!  
20161101,10,난 벌써부터 재밌다ㅠㅠ  
20161101,10,이거 안볼 하이큐 덕들 있기는 할까? 꼭 보러 갈게요 개봉만 해주세요  
20161030,10,레알 무엇이 되었든 하이큐는 진리다. 레알 자막으로 개봉되서 꼭  보러갈끄임..끄앙 >_<  
20161030,10,아 진짜 무조건 보러간다. 쿠로오랑 켄마보러 간다. 왜 후쿠로다니는 안 나오는 거야ㅜㅜ 보쿠토랑 아카아시 보고 싶은데..  
20161030,10,진짜꼭보고싶다 ㅠㅜㅜ♥♥♥♥  
20161030,10,사랑헤켄마야보구싶다  
20161030,10,주말에만하면 국내 어디든 갑니다!!!!@@@@  
20161029,10,개봉하면 꼭 보러갈게요 ㅠㅠ 기다려주세요 노야상....♡ 진짜 이거 나오면 친구 끌고 보러갈거야... 사랑해 ㅠㅠㅠㅜ  
20161029,10,우리츳키!나오나요????국내개봉해주세요!!!!  
20161029,10,국내개봉이 너무 시급하다  
20161029,10,개봉날짜 뜨면 그누구보다 빠르게 컴앞으로 달려가서 그누구보다 빠르게 예매한뒤 그누구보다 메가박스가서 착석해야짐ㄹㅇ 애니부터가 명작이라서 영화 기대됨원래부터 배구에 흥미가 많았는데 하이큐보고 관심 많아짐마지막으로 울희 졸귀탱 푸딩이 사랑한다♥♥  
20161028,10,아진짜.. 걍 그냥 애니부터가 완성작이니.. 극장판은 진짜 기대된다..ㅠㅜ 얼마나 완벽할까  
20161028,10,ㄹ레알 보고싶다. 개봉하는날 바로 영화관 고고씽한다.  
20161027,10,"일단 개봉하세요. 지갑 탈탈 털어갈테니까요이래야 돈도받고, 저희는 최애캐들볼수있으니까좋잖아요?조금만 더 기다려요!!!곧 갑니다!!  "
20161027,10,이거 본편 애니 명작선인가요? 머 그래도 매주 보러갈거지만!! 노얏상 응원해요!!  
20161025,10,니시노야 선배ㅐㄴㅇㅇ♥  
20161025,10,ㅠㅠㅠ 학교 째서라도 꼭 보고 말거ㅓ다 카게야마 사랑해 ㅠ  
20161025,10,우왓씨 국내 개봉이라니 정말 눈물 나올뻔 했어요ㅠㅠㅠ 아 정말 행복하다 평일이니 하루 3탕으로 만족하겠읍니다ㅠㅠㅠㅠ 스토리 다 기억해버릴 거야  
20161024,10,나 눈물날것같음...울애기들이나온다니...밍나 배구부저지입고 야광봉 흔듭시다  
20161024,10,특전받구싶어요 제발 수능끝나고 나오길 ㅜㅜ!!!  
20161023,10,꺅~~~~!!!!  내가 꼭 보러간다!!!  
20161023,10,당빠 보러간다 기다려 내사랑들♡♡♡  
20161023,10,아 행복...얘들아 보러갈게  
20161023,10,특전 나이쓰~!!!!  
20161022,10,내가 살다살다 이걸 한국에서 그것도 영화관에서 보게되다니 진짜 이거 한국상영떳을때 진짜 기절할뻔...; 진짜 감사핮니다 메가박수  
20161022,10,사랑한다 영산아 하이큐 화이팅  
20161022,10,와 드디어 11월달은 계타는 달인가  
20161022,10,개봉하는 내내 보러가고 싶습니다 제발.  
20161022,10,수능 전까지 나오지 마세요!!! 수능끝나고 갑니다!!!!  
20161022,10,안 봐도 벌써부터 정말 대단할게 뻔하네요 ! 고로 하이큐는 명작입니다 :3  
20161022,10,으아아ㅏ아ㅏㅏ 빨리 개봉해주세요 현기증난단말이예요  
20161021,10,zzzz 쿠로오!!!!보럭답ㅂ니다!!!  
20161021,10,메가박스 감사합니다..  
20161021,10,스가아아아아!!!!  
20161021,10,으어!!!우리 카라스노 센빠이 만 볼수있다면 꼭 봅니다! 하이큐!  
20161021,10,언제개봉하나언제개봉하나 했는데 드디어..ㅜㅜ전국개봉 해주세ㅛ...이대로 흥행해서  승자와 패자도 나오길!!!대메이저 하이큐 흥해라/^^^  
20161021,10,쿠로오ㅠ사랑한다 하이큐진짜 흥해서 승자와 패자도 나옴 좋겠다 특전도 더많이♥  
20161021,10,메가박스 감사합니다..ㅜㅜ  
20161020,10,드디어 개봉하는 구나ㅠㅠ메가박스에만 개봉하지말고 롯데 시내마나 cgv에도 개봉됬으면ㅠ(저희 동네 주변어 메가박스가 없어요 엉엉)  
20161020,10,헐ㅠㅠ 대전이라도 보러갈거다ㅠㅠㅠ우리아가들의 목소리와 위엄을 영화관에서 보고 듣고 느낄수잇다니ㅠ 편집편이면 어떱니까.차피 맨날 하는게 정주행이고 하이큐를 영화관에서  볼수잇다는것에 감사를ㅠㅠㅠ  
20161019,10,마침 영화무료관람권도 얻었겠다 11월에 개봉하면 바로보러가야지 물론 동생도 ㅋㅋ펼집판이여도 하이큐는 하이큐  
20161018,10,아이고국내개봉감사합니다ㅠㅠㅠㅠ메가박스앞에서 절해야할듯  
20161018,10,국내개봉 갑사합니다 ~~!~!~!~!~~!  
20161018,10,스가상 마지텐시♥ 개봉하면 보러간다  
20161017,10,뭐든 좋으니깐 영화보면 뭐 안줘도 되니깐 제발 영화 개봉만 해주세요!!! 사랑합니다 메가박스♡♡♡ 진짜 하이큐 작가님 엄청 사랑합니다♡♡♡  
20161017,10,메가박스에서만 상영하고 2016년 11월에 개봉한대요!!  
20161016,10,가자가자가자가자가자가자  
20161016,10,전 이 날만을 얼마나 기다렸는지 몰라요 최애를 영화스크린으로 볼수있다니!!! 혹시 '끝과 시작' 말고도 '승자와 패자' 편은 안하시려나요?ㅠㅠ 가능하다면 두 편 모두 해주시면 감사드리겠습니다>< 기대할게요!!!! 감사합니다!!!!  
20161016,10,제발제발제발제발 국내개봉 합시다ㅜㅜ제발요ㅠㅠ진짜 저 개봉하자마자 달려갑니다ㅜㅜ 진짜 1번 보고 안끝내요!! 몇번이고 몇번이고 보러 돈지르러 갑니다ㅠ 진짜ㅠㅠㅜ 국내개봉 해주세요  
20161015,10,나중에 승자와패자도 부디 개봉되었으면 좋겠네요  
20161015,10,드디어 국내개봉인가요  노얏상 사랑합니다♡♡♡♡  
20161015,10,이거 개봉하면 개봉하는 날 당일보러간다-!!!꼭보러간다-!!!편집판이라  해도 꼭 보러간다-!!!영화관에서 하이큐라니-!!!!이건 개봉해야합니다!!!!  
20161015,10,진짜이게개봉하다니ㅜㅜ스가상  
20161015,10,"만들어주셔서 사랑해요,,  "
20161015,10,국내개봉ㅜㅜ 제발 꼭 해주세요...  
20161014,10,한국개봉하네요. ㅊㅊ  
20161014,5,총집편이여??  총집편....  
20161010,10,솔직히 국내개봉해야해야해요ㅠㅠㅠ오늘 티켓팅도 실패했는데 2편다 한국개봉하면 부산에서만 해도 갈꺼에요 진짜ㅠㅜㅜㅜ  
20161010,10,허읔 미친 국내개봉하면 당장 달려가서 볼거;  
20160929,10,극장판 하이큐!! 끝과 시작 이 마침내 11월초 국내개봉예정이랍니다.  
20160924,10,어디든 달려갈테니까 제발 국내개봉만 해주세요ㅠㅠㅠ  
20160906,10,아주재미있고 흥미진진  
20160812,10,진짜 국내개봉만 해주신다면 진짜 초감사!!!! 스가를 HD로 볼수있ㅇ게 해주세요!!!!  
20160804,10,진짜 기대합니다ㅠ 카게야마 니시노야 사랑해ㅠ♥♥ 개봉되면 바로 간다!기다려라  
20160801,10,하 진짜 국내개봉되면 매일보러갈테니까ㅠㅠㅠㅜ 국내개봉만 해줘도 소원없을꺼에요... 애들 큰화면으로 더 큰 목소리로 보고싶고 극장판이니까 새로운 이야기도 나오니까 꼭 보고 싶어서ㅠㅠㅠㅜ 그러니까 제발 국내개봉 하실때 되지 않았나요... 하  
20160721,10,개봉 제발 해 주세요 바로 보러갈게요  
20160720,10,국내개봉은 안하는건가요ㅜ너무 보고싶은데ㅜㅜ  
20160716,10,제발 하이큐 나오게 해주세요!하이쿠 누적관객수 5만은 찍을 자신 있습니다!!!부탁입니다ㅠ우리 츳키 목소리 듣고 싶고 영화관에서 엄청 크게 보고 싶어요ㅠ  
20160607,10,제발한국에서개봉만해주세요ㅜㅜ친구들끌고서라도보러갑니다  
20160604,10,그냥 자막만 해서라도 개봉해줘요 ㅜㅠㅠ 니시노야 보고싶단 말야....  
20160603,10,"진짜 개봉해주세요ㅠㅜ,,하이큐 덕후들이 날뜁니다..ㅠㅜ 친구들이랑 보러가기로 약속도 해놓았단 말이에요..ㅠ! 진짜 국내개봉 해주싶시오,,ㅠㅜ 하이큐 짱좋습니다..ㅠㅜ 니시노야선배님..ㅠㅜ 사랑해요♡ㅠ  "
20160519,10,아....언제나오나요....  
20160430,10,제발 국내개봉좀요오오오오ㅠㅠ  
20160428,10,개봉해주세요!! 큰 스크린으로 보고싶어요!  
20160422,10,제발 국내개봉 좀 해주세요ㅠㅠ  
20160408,10,볼겁니다ㅜㅜ볼거야꼭나와라  
20160407,10,국내개봉!!제발!!!  
20160403,10,제발 국내개봉 부탁드려요ㅜㅜ!!  
20160403,10,제발 개봉 합시다ㅠㅠㅠㅠ  
20160402,10,제발 국내개봉점여..젭아류ㅠㅠㅠ  
20160327,10,국내 개봉이 시급합니다 제발ㅠㅠ  
20160326,10,미ㅣ친거아닌가요 레알ㄹ쩌네에 ㅛ보고싶어요 ㅠ ㅠ ㅠ ㅠ 사랑해 켄마 꼭나와조  
20160309,10,하이큐 인기가 얼마나 많은데 설마 국내개봉을 안하겠어...?ㅠㅠㅠ이미늦었는진 몰라도 제발 했으면 좋겠다...ㅠㅠ  
20160301,10,당근보러가야죠!!빨리개봉하면좋겠어요ㅠㅠ♥♥  
20160229,10,한국에 개봉해주세요. 으악아아그  
20160226,10,제발 개봉해주세요 제발 제발 스가센빠이랑 영산이 일향이 극장에서 보고싶어요 엉엉  
20160225,10,헐 하이큐 또 볼려고 서치했는데 이게 뭐람 제발 국내 개봉 해주세요 저 혼자서 보러 갈 수 이싸요 아니 친구 영업해서 같이 보러 갈게요ㅠㅠㅠ아악 쿠로오ㅠㅠㅠ스가ㅠㅠㅠ제발 국내개봉 소취요 지방영화관에서도ㅠㅠ  
20160223,10,제발 개봉좀 해주세요ㅜㅜ두번보겠습니다.아니 세번 보겠습니다ㅠㅠ  
20160211,10,꼭 볼테니까 꼭 개봉해 주세요  
20160210,10,빨리 개봉해주세요 현기증난단말이에요  
20160210,10, 빨리 개봉하면좋겠다 그러면 달려기서 천번이라도 볼텐데...완전 카게야마내사랑 미치겠다ㅠㅠㅠ오이카와랑 보쿠토도 완전 귀엽....다들 내사랑인데...♡♡♡♡  
20160126,10,보고싶다.보고싶다.보고싶다.보고싶ㄷ  
20160124,10,와 진짜 자막없이도 이해다되고 손에 땀쥐고 볼수있으니까 개봉좀 해주세요 별점 이 10점 내로밖에 없는게 억울하다  
20160124,10,제발 국내개봉 해주세요!! 그 요망지고 잔망스러운 니시노야선배가 꼬물거리는 걸 영화관에서 초HD고화질로 볼 수 있다니!! 국내개봉만 해주신다면 소녀 죽어도 여한이 없사옵니다!! 제발 해주세요ㅠㅠ 애니 내용만 나와도 되니까!! 니시노야센빠이!!♥♥♥♥  
20160122,10,국내개봉은 안되나요 ㅠㅠ 이 재밌는걸 모르는 사람이 너무 많다 ㅠ  
20151219,10,"헉헉;;;;헉;;;;헉ㄱ  제발요,...ㅈ.ㅔ발요....ㅠ국내 개봉ㅠ  "
20151214,10,제발 국내개봉해주세요  
20151205,10,제발 국내개봉해주세요 흑흑  
20151103,10,이건...! 보죠 당연히!!  
20151101,10,무슨일이있어도 꼭 볼게요ㅜㅜㅜ♥  
20151011,10,제발 개봉해주세요ㅠㅠㅠㅠ 더빙말고ㅠㅠㅠ 진짜 목빠지게 기다라리고 있어요  
20151006,10,전국개봉해주세요 어엉엉유유ㅠㅠ  
20150924,10,한국개봉 원합니다 ㅠㅠㅠ!!!  
20150921,10,국내개봉 하면 꼭 보러가겠습니다!! 그러니 국내개봉 오네가이ㅠㅠ  
20150919,10,제발 2기도 보고싶지만 이거도 엄청나게 보고싶다아ㅏ아앙  
20150830,10,제발국내개봉해주세요  
20150824,10,한국개봉ㅇ해주세요 존나  
20150820,10,한국에서 개봉안해요 여러분 엉엉  
20150812,10,보고싶다.. 2기나 한국에서 확뜨면 좋겠다...  
20150808,10,제발 국내개봉좀 해주세요ㅠㅜ 개봉 하면 영화관에 모이는 전부가 하이큐 덕이라는거죠..? 단체로 영화관에서 오레니 토스 못떼코이~! 외치게 국내개봉이 시급합니다ㅠㅜ  
20150804,10,국내개봉 할거죠...? 그렇죠? 제발 ㅠㅠ 히나타와 카게야먀 콤보를 국내에서 볼 수 있길..  
20150731,10,하이큐 !! 하이큐유유유ㅠㅠ 사랑해ㅜㅜ ♥  
20150731,10,내놓아라! 그 요망한 배구애니를! 보고싶다!  
20150724,10,정말! 원합니다! 국내개봉!  
20150723,10,아...아아ㅏ한국에서 빨리 개봉했으면 좋겠네요 카게야마 보고싶다ㅠㅠㅠ!!  
20150720,10,제발 국내 개봉만 꼭 보고 싶은데 국내개봉 할거죠?  
20150716,10,국내개봉하면이매지네이션불러야징ㅋㅋㄱ  
20150711,10,아아 제발요ㅜㅠ 개봉만 해주시면 무슨짓이든 해서 보러갈건데ㅠㅜ  
20150710,10,한국에서 개봉하면요 꼭 보러 갈거에요!!!! 제발 개봉해주세요!!!  하이큐 작가님이 제일로 좋습니다  많은만화 중에서 제일로 좋습니다  
20150710,10,국내개봉 매우 간절히 기다립니다..편집판이어도 상관 없음...ㅜㅜ큰스크린으로 보는것만으로도 좋으니까..ㅜㅜ  
20150708,10,이거 진짜 자막으로라도(아니지 꼭 자막이어야 우리 잘생긴 카게야마랑 스가 선배목소리를 듣지!)개봉하면 좋겠다!!하이큐2기 기대하고있습니다!  
20150707,10,이거 국내개봉 할려나...  
20150706,10,아 현기증..기다리다  쓰러져버린ㄷ것 같애..그냥 개봉만 해주세요 제발  
20150704,10,"편집판이면 어때, 국내개봉만 해주심 보러갑니다♥♥스가센빠이♥♥♥  "
