0,1,2
20180228,1,알바들 특징: 영화는 안봐서 모르겠고 그냥 맨날 배우 이름 언급하면서 누구 이뻐요~ 연기 잘해요~~ 이러고서 10점 줌 ㅋㅋ  영화를 스토리보러 오지 얼굴 보러 오냐 ???  
20180228,1,이승기 나오면 믿고 안본다...  
20180227,10,"궁합 많이 기대가 됩니다. 이승기 배우의 천재 궁합가의 역할이 궁금하고 심은경 배우와의 케미도 기대가 됩니다.이승기 배우의 천재 궁합가는 어떨까 기대가 되며, 심은경과의 케미도 궁금합니다.~  "
20180227,5,이승기 심은경이라....140만?  
20180227,10,궁합 영화 너무너무 기대됩니다~ 빨리 보고싶어요^^  
20180227,10,정말 재미있을 것 같네요  
20180227,1,이름부터 10망.. 지을게 없어서 저런거를ㅋㅋㅋㅋ  
20180226,9,소재가 궁합이라해서 시사회로  보고왔는데  로맨스와 코믹을 적절히 섞어 재밌네요  
20180226,7,시사회때 봤는데 다른건 모르겠고 박선영 배우님은 예뿌다  
20180226,10,박선영은 이쁘다~~끝!!!!  
20180226,10,나성에 가면~~  하던  심은경에 대한 기대와 이승기의 복귀 기념으로  봐야할 영화!  
20180226,10,"이승기, 연우진 케미 완전 기대!!  오랜만에 비주얼 뿜뿜  영화 개봉이네  "
20180226,10,시사회 봤는데 재밌게 볼만함 머리 굴릴 필요도 없고 잔인하고 폭력적인걸 참고 볼 필요도 없고 그냥 웃으며 즐길 수 있는 기분 좋은 영화  
20180226,10,"편하게 즐겁게 보는 영화, 암울하고 불편한 것 스트레스   재밌음  "
20180226,10,지난주에 시사회로 봤는데 .. 좀 귀여운 영홬ㅋㅋㅋ 무엇보다 믿고본다 이승기!!  
20180225,1,재미없어요.. 관상한번 더 보시길!!  
20180225,10,이승기 드디어 영화로 나오는군  
20180225,2,"영화 시작 후 끝으로 갈 수록 산으로 가는 이야기.. 연출 및 음악 아쉬운 것 투성이.. 반가운 얼굴들 많았지만, 역시나 이승기는  영화할 위인은 아닌듯.. 결론 : 10점 만점 2점 정도  "
20180224,8,관상의 캐스팅에 비하면 많이 약하네...아쉽지만 이승기 화이팅~  
20180224,1,예고편보니까 영화 다 본것 같고 기대가 전혀 안된다. 이승기 영화 선태그 능력이 좀...안타깝다. 그리고 요즘 심은경은 정체기인듯  
20180224,10,어떻게 풀어갈지가 너무 기대가 되는군요  
20180224,10,지인이 시사회 다녀와서 추천 했줬어요 평소에 궁합과 사주에 관심이 많은 편인데다  밝은 코믹사극이라니 꼭 보고싶네요  
20180224,10,"오랜만에 젊은 사극영화,  화사한 봄영화 한편 나오나요? 젊은 배우들의 참여로 영화계의 다양성도 기대해 봅니다.  "
20180224,10,궁합의 다양한 모습과 아름다운 한국의 색감을 느낄 수 있을 것으로 기대됨  
20180223,1,딱 봐도 그냥 이승기빨 후려치고 빠질 3류영화네  
20180223,2,아 리얼하고 염력 삘 나는건 나뿐인가.. 댓글 알바 열일하네  
20180223,5,그냥 조선명탐정이나 보세요  
20180223,10,제천대성 어서 와라ㅋㅋ 넘나 기대됩니다ㅋㅋ  
20180223,10,소재 부터 넘나 기대 ㅋㅋㅋ 배우들 케미도 좋던데 재미있을듯  
20180223,2,내가봐도 노잼일것 같음. 막상 개봉하면 알바들이 판치고 평점은 7~8점 정도 될것같은데...  
20180223,10,언론평 좋던데 기분좋게 보기 딱 좋을 것 같은 상큼한 영화느낌 ㅎㅎ  
20180223,10,캐스팅도 그렇고 기대되는 영화에에요!!  
20180223,10,이승기 진짜 너무 오래 기다렸어용ㅠㅠㅠㅠ  
20180223,7,3월 개봉되는 영화중에 그나마 기대된다  
20180222,1,이승기랑 심은경 둘부터가 케미가 안맞는다.. 꼭 망하길 바래요~  
20180222,6,이승기가말하길 팬들덕분에개봉3일만에100돌파자신있다고한다  
20180222,10,궁합 기대합니다.ㅎㅎ  
20180222,10,서도윤 완전기대중입니다  
20180222,1,믿고 거르는 이승기 연기 작품 ㅋ  
20180222,1,배우들 무게감이 너무 떨어지는듯하네요.. 그저그런 비급 로코사극일듯  
20180222,1,"이승기 광팬 아니라면 100%후회,.,.,.,.,.,.흥부, 리얼, 염력, 조선명탐정, 골든슬럼버 집단에 곧 합류 할   궁합일세~~  "
20180222,7,왠지..평점 7점정도될듯..  
20180222,1,출연진이 별로...폭망할것 같다 한달뒤에 컴터로~  
20180221,10,궁합 완전 기대중~~ 이승기씨땜에 보러갑니다  
20180221,10,완전 기대♡♡!!승기오빠 화이팅~~  
20180221,10,오래 기다렸는데  일주일 후 개봉이네요.  이승기씨가 봐주는 궁합은 어떨지 궁금하고 기대하고 있습니다  
20180221,10,서도윤 만나러 곧 가겠소~~냉철한 천재역술가 서도윤  
20180220,1,기대가 1도 안되는...  
20180220,10,궁합 티저 보니 더 기대..이승기 응원!!  
20180219,10,드디에 보게되는 궁합  너무 기대되요  
20180219,1,"까놓고 말해보자 심은경이 여주할 와꾸냐? 나라가 참 ,,,  "
20180219,10,유미의세포 보고왔습니다  
20180219,10,저는 배우 최우식오빠 때문에 볼 거예요! 우식이 나와서 10점 드릴게요 ㅎㅎ 감독님 만수무강하세요!  관상도 재밌었는데 이번 궁합도 재밌을 거 같아요!  기대 돼요!  
20180219,10,오웃 완전 기대되네요 ㅎㅎ  
20180219,10,궁합 개봉만 기다렸다 잼있길  
20180219,10,기대하고 있어요. 따뜻하고 재미있는 영화일 듯 합니다  
20180218,10,너무 기대됩니다.이승기  화이팅!!!  
20180218,1,이승기라서 안될듯...  
20180217,1,"기대조차안된다..,  "
20180217,1,지루하다 못해 하품 때문에 눈물이 나는 영화  
20180217,5,예고편만보면 개노잼 ㅇ  
20180217,10,무지; 기대되네요  요즘 화유기 손오공에 빠져있는데 이승기 서도윤 굉장히 기대됩니다  
20180217,1,"다소 과장되었지만, 권력과 인생의 무상함을 이야기했던 관상을 잇는 작품이 될수 있을까?  "
20180215,10,제가 영화예고편 가장 빠르게 볼수 있는 앱을 만들었습니다. 영화를 너무 좋아해서 만들게되었어요 ^^ 앱스토어:https://itunes.apple.com/kr/app/id1342065899  
20180214,10,소재가 잼나서 궁합 기대중. 예고 및 제작기를 보니 생각했던 것보다 색감도 좋고 연기합도 좋아보여서 개봉날 극장에서 볼 예정.  서도윤과 송화옹주의 관계도 궁금  
20180214,10,궁합이라는  신선한소재  만으로도  궁굼중 유발중입니다  천재 궁합가 서도윤이 보는 궁합은 어떨지. 완죤 기대됩니다   ^^  
20180214,10,이승기의 두번째 영화  완전 기대 됩니다꼭 보러 갈게요  
20180214,10,예고편만으로도 기대감이 점점 커지네요.  궁합  화이팅  
20180214,10,당근 잼날것 같아요 서도윤 기대  
20180214,10,궁합은 한국적소재와 색감 특히 젊고 신선한 배우들의 조합으로 이야기가 풍부하다 점  
20180214,10,무척 기대됩니다. 첫 사극영화 도전하는 이승기씨 모습과  궁합에 대한 얘기도 많이  궁금하네요. 궁합 화이팅  
20180214,10,예고 보니 재미있을 거 같아 기대하고 있어요. 궁합에 대한 얘기도 많이 궁금합니다  
20180214,3,"누군가는 사극 고증에 피를 말리는데, 이제는 깔끔하게 면도까지  한 등장인물들 을 조선시대 배경판에 놀리고있다.  "
20180212,10,궁합 재미있고 정보도 있고 생각할 거리도 있는 영화 일듯 이승기 서도윤 완전 기대중 궁합  대박 가자~~  
20180212,10,승기 오빠 영화 정말 기대돼요!!! 화이팅!!!!  
20180211,5,감독도.. 믿음이 안가고 캐스팅도 믿음이 안가고.. 역학3부작인데 관상만큼 하려나 어째 불안하다  
20180210,10,궁합이라는   영화가 빨리 개봉을 했으면 좋겠고사람들이 많이 봐서 계속 끊임없이 계속흥행도 하고 예매율이 1위였으면 좋겠다  
20180209,3,써니 이후로 심은경이 메인인 영화는 거를게 많다..심은경은 조연으로 나와야 성공하더라  
20180208,10,궁합!!! 긴말필요없이 기대됩니다.  
20180208,8,사극 영화 이제 기대 별로 안되지만 심은경이랑 이승기라니... 오? 궁금하다ㅋㅋ 한 번 보긴 봐야겠다  
20180202,10,천재궁합가 서도윤과 송화옹주의 이야기 너무궁금하고 기대됩니다. 예고편보니 너무재밌을것같아요. 이승기와 심은경의 케미도 너무기대됩니다.  
20180131,1,광고가 판을 치는구나 이승기 과대평가  
20180131,10,"이승기, 연우진. 강민혁만으로도 무조건 평점 10점 만점에 10점우왕!!   빨리 보구 싶다.^^  "
20180128,10,심은경은 정말 좋아하는데 왜 하필 이승기 ㅡㅡ;  
20180126,10,믿고보는 배우 이승기입니다.  
20180125,1,이승기랑 심은경 덕에 주고 싶다가도 평점알바때문에 1점.  
20180125,10,"이승기 나오는 드라마, 영화 다 재밌게 본 경험이 있기때문에 이번영화도 너무 기대되네요~ 이 영화는 개봉하면 무조건 보러 가야겠습니다. 너무 기대되네요 ㅎㅎ  "
20180123,1,딱봐도 이승기랑 결국 연결되겠네.  
20180123,10,"이승기, 연우진, 최우식 출연진들이 너무 마음에 드네요~ 관상이 조금 무거웠다면 궁합은 밝게 사극 로코로 가는거 같네요 요즘 너무 무거운것만 나왔는데 궁합 너무 기대됩니다^^  "
20180123,9,관상은 좀 무거운 분위기였는데 궁합은 코믹하겠네...  
20180123,10,2월 28일 개봉~~!!!!  
20180122,10,이승기 심은경 케미 너무 궁금해요~ 궁합 천만가자 화이팅~^^  
20180119,10,와 드디어 2월 28일날 개봉한다 ㅠㅠㅠ  
20180114,10,크 재밌는거 또 나오네요  
20180112,1,15년에 찍은 영화를 .... 그 사이에 승기 군대도 댕겨왓다;;;  
20180111,10,진짜 궁금해서그런데 이거 언제쯤 개봉해요..?  
20180108,10,궁합 개봉 고대중 2018 대박작품 되세요  
20171226,10,개봉은 언제하나요????  
20171225,10,연우진♡♡ !!!~기대기대  
20171214,10,이승기씨 제대 했으니 곧 개봉하겠네요 완전 기대되네요  ㅋ  
20171205,10,언제 개봉해요??승기오빠의 활약 기대할게요~!!!  
20171203,10,언제 개봉될까요. 너무 기대되요~~ 올해 안에 볼 수 있으면 좋겠네요.  
20171130,10,심은경이 연기 잘하네요!  
20171113,10,2년동안 제작하고 아직안내노 ?언제 개봉하나요?  
20171110,10,"이승기, 심은경, 주다영 제가 좋아하는배우분들만 나오는 영화를 어서 보고싶습니다. 응원합니다 파이팅!  "
20171028,10,개봉이 내년 ㅠㅠㅠ내후년될지도 ㅠㅠ  
20171017,10,영화 '궁합' 기대됩니다.  
20171016,10,넘 기대되는 영화 빨리 보고싶네요   !!!  
20171003,10,연우진 나온다니!!!!보고싶다!!!!  
20170915,10,와 꼭 보고 싶어요~! 연우진씨가 나온다니 더 보고싶네용! 언제 개봉하는건가요???  
20170906,10,저는 연우진때문에볼겁니당 ㅠㅠ♥  
20170829,8,군대가기 전에 찍은 영화가 전역할때까지 개봉을 안하네 .궁합에 투자한 돈 회수안하시게요?? 이러다 궁합 무대인사 같이 돌겠네요  
20170817,10,캐스팅 들이 대체적으로 좋아서 기대됩니다!!  
20170807,10,연우진이다♥♥ 보러가야징ㅎㅎ  
20170712,9,이승기와 심은경 ..  귀엽고 신선한 조합인 듯... 옹주와 명리학자인 두 주인공의 모험담이 어떻게 펼쳐지면서  재미와 감동을 담아서 궁합에 대한 이야기를  풀어갈 수 있을지 궁금하다  
20170711,10,좋은작품  좋은영화 이승기님 연기 기대됩니다. 천만관객돌파 화이팅!  
20170623,1,개봉안할거면 그냥 iptv영화로개봉해라 개봉미루는영화치고 잘됀거본적없다  
20170620,1,이러다 이승기 제대해서 새 영화 찍어서 개봉하그따~!!  
20170430,5,대체 언제 개봉하는 걸까요?군대가기전에 찍고 가자마자 개봉할것같더니 제대할때까지도 개봉 안할듯ㅠ;;  
20170408,10,우왕.. 연잘 멋잘 조복래 배우님 연기 기대됩니다 !!  ~  
20170307,10,심은경배우 팬이라서 기대되는 영화입니다! ㅎㅎ  
20170304,8,아..언제 개봉하나요.. 오래 기다림... 이승기씨 제대하는 10월 31일이후에 개봉하려나요? 무대인사 그런거 해야하니까.. 확실한진 모르겠으나 제대 전에 개봉얘기도 있던데 군대있는데 무대인사 가능한가요? 아 모르겠다. 어쨌든 언제 개봉하나요?..  
20170227,10,궁합넘기대됩니다  빨리보고싶다  
20170227,10,캐스팅 부터 기대감up 무지 기대되는영화...넘~기다려 집니다!! 흥행예감!!  
20170215,10,"이승기씨의 영화 너무 궁금하고 기대됩니다.  관상도 재밌게 봤는데 두번째 시리즈 ""궁합"" 역시 너무 기대되네요.  "
20170213,10,꺄아아악~~~~승기오빠 영화 출연한당~핵 기대 기대중~ㅎㅎ궁합 영화 어떤 이야기일지 궁금 합니다~궁합 빨리 빨리 개봉했으면 좋겠당~아~~~승기오빠 빨리 보고싶당~승기오빠가 찍은 영화이니대박 날것 같아용~^^짱짱  
20170208,10,언제 개봉하나요?ㅠ ㅠ 이러다 승기 제대하고 개봉하겠음  
20170203,10,믿고보는 이승기 궁합대박기원 합니다~^^  
20170202,10,궁합이라~ 언제 개봉하죠? 왠지 기대되네요  빨리 보고싶어요  
20170202,10,멋진사람 이승기님의 궁합~~완전 기대됩니다.대박기원!!!!  
20170112,10,도대체 언제 개봉할까요ㅠㅠ 나무기다려집니다  
20161225,2,2016 개봉이라며...12월31일날 개봉할 생각인가요...언제 개봉해요ㅠㅠㅠㅠ 빨리 울 민혁오빠 보고 싶다구요ㅠㅠ  
20161129,10,심은경씨 영화는 믿고봅니다  
20161118,10,제발 개봉 좀 했으면...ㅠㅠㅠ 언제 개봉하나요 도대체  
20161107,10,왜 아직 방영 않 하는지?보고싶군요~  
20161102,10,빨리보고싶네요~ 심은경♡ 배우님 나오니 더욱더 기대되네요  
20161026,10,이승기 사극하는모습 너무보고싶고 궁합의스토리도기대  
20161006,10,이승기영화빨리보고싶다!!!  
20160824,10,빨리보고싶습니다 기대가많이됩니다~^^  
20160817,10,언제개봉해요?ㅜㅜㅜ  
20160803,10,언제개봉하나요ㅜㅜ 보고싶다  
20160725,10,작년부터 기다리고있는더ㅣ 언제 개봉하나요ㅠㅠ  
20160714,10,기다릴께. 무지 기대 기대  
20160714,10,"언제 개봉하나요. 이승기 군대간지가 언젠데..이승기씨, 은경이 보고싶습니다.  "
20160621,10,민호오빠 보고싶어용~~  
20160613,10,빨리 보고 싶은데 언제 개봉하나요~  
20160611,10,제가 좋아하는 배우들만 있어서 완전 기대 되는 영화입니다!! 감독님 영화언제 나오나요 ㅠㅜ  
20160611,10,아빨리개봉하면좋겠음ㅠㅠㅠ승기오빠보고싶다ㅠㅠ  
20160603,10,이승기에다 연우진에도 울 민혁 오라버니까지!! 사랑스러운 조합!  
20160529,10,지금 가장 기대하고 있는 영화~! 천재 궁합가의 역할이 어떻게 그려질지 궁금하고 입봉작 감독님의 수려한 영상과 어우러지는 절정의 연기를 기대합니다!!  
20160507,10,언제 개봉하나요? 이승기씨 작품이라니 기대가 됩니다.개봉날만 기다립니다  
20160505,10,근데 관상이 무슨 상관이길래  다들 관상얘기임?  감독도 다른데 궁합이랑 관상 전혀 스토리가 다르고 접점이 없구만  
20160503,10,민호  첫 사극연기 기대할께요~  
20160401,10,이승기 연기 너무 기대되요!!  
20160330,10,개봉언제함?? 기다리다 목빠지것네  
20160327,10,로맨스 킹 이승기님의 천재궁합가 연기  기대합니다  
20160314,10,보고싶다보고싶어^^  
20160311,10,관상의 후속작이기도 하고 한국에만 있는 독특한 소재라서 기대됨  
20160304,10,"천재궁합가와 옹주의 부마선택에 관한 궁합에 대한 이야기로 들었는데, 군입대전 이승기의 작품이라 기대가 크며, 여주인 심은경과의 케미도 보는 재미를 더해 줄거라 생각듭니다.  "
20160217,10,믿고보는 이승기 영화 기대됩니다~  
20160212,10,언제 해요??? ㅠㅠㅠ  
20160207,10,언제개봉하나요.. 기다리다목빠짐  
20160204,10,이승기영화 완전기대되요~~~~  
20160128,10,빨리 보고 싶어요... 왠지 빠져들것 같아요  
20160127,1,이승기 왜자꾸 영화찍냐 꼴보기싫다  
20160126,10,이승기씨 연기 정말 기대되네요.궁합대박을 기원합니다.  
20160125,10,완전 기대하고 있어요ㅠㅠㅎㅎ 이승기 잘생겼다ㅠㅠ 서도윤 완전 기대할게요♥.♥  
20160125,10,궁합 기대되네요.   빨리 보고싶어요  
20160121,9,기대하고 있습니다...^^  
20160121,10,이승기 때문에 내가 이영화 본다  
20160117,10,"솔직히 말하자면 샤이니 민호출연이래서 이 영화에 대해 알게되었으나, 실력파 심은경씨와 이승기씨가 주연으로 나온다는 말을듣고 꼭 봐야겠다는 생각이 드네요. 기대합니다.  "
20160116,10,이승기 주연이니까 완전기대~~승기씨 두번째 영화 궁합 멋진 모습 얼른 보고싶네요~~~  
20160114,10,"승기형, 늘 응원합니다.  궁합 대박을 기원합니다.  "
20160114,10,궁합 정말 기대되네요ㅎㅎㅎ 이승기씨랑  심은경씨 평소 연기 잘하시는 분이니까 기대 많이 할께요!!! 흥행했으면 좋겠네요!  
20160113,10,보고싶다 승기야 완전기대  
20160112,1,첫번째 사진 이승기 입이 너무 커서 징그럽다. 누가 찢어놓은 것처럼 보인다.  
20160108,10,관상을 뛰어넘을 영화♡♡♡  
20160107,10,하학..승기의 두번째 영화 궁합!!완전기대되요!!!빨리 개봉했으면 좋겠뜨아..완전 보고싶다...심은경과의 연기..우와우..꼭봐야징!  
20160106,1,이런거 좀 만들지 마라..휴...  
20160106,10,이승기 영화 정말 기대된다..  
20160101,10,이승기와 심은경의 조합 기대되네요~^^  
20151217,10,캐스팅 bb 언능 개봉헀으면  
20151209,10,수상한 그녀도 너무 재미있게 봤어요 심은경 주연의 궁합 기대가 됩니다!!  
20151206,10,승기오빠가 어떤 멋진 연기를 보여줄지 너무나도 기대가 되네요~♡  
20151118,10,궁합이라는 소재도 재미있겠네요~제가 좋아하는 가수도 나오고 봐야겠어요!  
20151116,10,와 승기의 영화는꼭보기 ㅎㅎ  
20151115,10,"이승기에게 너무 잘 어울리는 이름, 서도윤♡♡♡이승기♡심은경 아주 잘어울리는 연기 궁합100점♡♡♡참신하고 짜임새있는 시나리오와 연출 부탁해요!♡!♡!♡궁합 대박기원!♡!♡!♡!♡!♡  "
20151108,10,빨리 개봉했음 좋겠고 승기오빠 연기 너무 기대되요! 궁합 홧팅!  
20151106,10,"아름다운 영상, 자연스러운 연기, 탄탄한 시나리오 기대합니다.  "
20151105,10,강민혁연기기대된다ㅎㅎ민혁을영화에서보다니  
20151101,10,강민혁 이승기 화이팅!!!  
20151031,10,최우식♥♥ ㅎㅎ 많이나오길  
20151030,10,믿고보는 배우 이승기니까   무지 기대됩니다  
20151027,10,오 이승기 기대  대박나라  
20151027,10,아 얼마나 기다려야 개봉인가 믿고보는 배우 이승기  
20151026,10,내 사랑 승느♡♡ 개인적으로 올해가 가기 전에 개봉했음 좋겠지만 그건 무리고 그냥 방학 때 개봉 좀ㅎ  
20151023,10,개봉일만  손꼽아 기다립니다. 승기 화이팅!!궁합 대~박~  
20151021,10,궁합!!!정말기대됩니다!!!캐스팅짱짱!!!!  
20151021,10,와 이승기 영화 무지 기대된다  
20151020,10,이승기  영화하는구나..이승기 나오면 기본 이상은  재밌던데.. 궁합도  재밌겠네요..개봉하면 보러 가야지.ㅋ  
20151020,10,이승기라 무조건 기대업 기다립니다  
20151012,10,황제 이승기라면 믿고봐야죠 ㅋㅋ 2번째 영화작품 잘되길 바래용~~  
20151005,10,하동군 악양면 평사리 이승기 출연 심은경  
20151005,10,하동군 악양면 평사리 이승기 심은경  
20151003,10,이승기가 나오는 영화 전부 잘 됬으면 좋겠다... 이승기를 믿고 100% 기대합니다  
20151001,10,완전 기대됩니다~  이승기 물오른 연기 빨리 보고 싶네요  
20150930,10,너무나 기대가 되는 영화 궁합 개봉날만 기다립니다  
20150929,10,기대중♡ 이번에도 좋은연기를...  
20150929,10,이승기의 젏제된 카리스마 볼수 있는 건가요  
20150928,10,너무 기대되요~^^!!  
20150924,10,안동에서 영화 촬영하던데 수고하셨어여궁합 재밌을거 같에요  
20150919,10,"승기 님, 이번 영화는 꼭 대박나세요!  "
20150919,10,이승기의 두번째 영화!!  좋은 배우들과 좋은 스탭들 그리고 내가 좋아하는 이승기~♡ 이 셋이 합쳐지면 완벽!! 그 자체...그냥 빨리 보고싶어요 너무 기대되요 ♥♥♥사랑해요 ♥♥♥  
20150918,10,난 김상경님 때문에 본다. 대왕세종 이후에 다시 한번 곤룡포 입은 김상경님을.... 심쿵  
20150916,10,개봉전 식당에서 밥먹으러갔다가  갑자기 이승기씨와신은경  식사하러 오셔서 깜작놀랐습니다^^ㅎㅎ  
20150916,10,이승기씨의 부드러움과 카리스마가 있는 연기 영화에서 또 볼 수 있어 정말 기대 됩니다. 많이 기다려 집니다.  
20150915,10,이승기 나오는 영화 꼭 보겠습니다  
20150914,10,"미친 캐스팅입니다... 이승기, 심은경, 연우진..기대되 미치겠네요...ㅠㅠ  "
20150914,4,음.... 뭔가... 심은경이승기다좋은데... 안타깝지만....  망삘ㅠㅠㅠ  
20150914,10,헐 이승기 ㅠㅜ벌써부터 기대중~  
20150913,10,이승기 기대기대 화이팅  
20150913,10,도윤 이승기 무지 기대됩니다  
20150912,10,민혁이 이번에 어떻게 나올까 궁금해요~  
20150912,10,천재궁합가 서도윤역을 맡은  이승기씨가 퓨젼사극이지만 정통  사극 못지 않게 잘 소화 낼리라 믿습니다.워낙 준비성이 철저한 배우답게 영화 궁합 서도윤을 멋지게 그려 줄 것을 기대 합니다.이승기 화이팅~!!!  
20150912,10,꼭 볼래요 잼있을거 같아요  
20150911,10,이승기의 두번째 영화~~궁합~^^!!왕실 천재 궁합가서도윤으로 변할 이승기씨 영화 빨리 만나보고 싶네요~♡  
20150911,10,드라마라 해서 진짜 드라마 찍는줄..영화인가?쨌든 이승기와 심은경 나오니까 기대됨!!우리 민호 화이팅!민호 캐스팅 해주셔서 감사하고 사극이라니..진짜 죽을 듯!다른분들도 화이팅!!  
20150911,10,승기오빠 ~~~ 파이팅~~~  
20150911,10,천재궁합가와 공주의 이야기라 너무 재밌을것같아요.  
20150910,10,아주 많이기대되네요^^  
20150909,10,이승기와 심은경의 케미 기대^^  
20150909,10,이승기씨 두번째영화 궁합을 응원합니다 대박나길 바라며 아자아자 화이팅!  
20150907,10,"소재가 새로운 것 같고, 두 주연배우의 케미도 궁금하네요.  "
20150906,10,궁합 때문에 역술인도 찾아다니고 승마도 배우고 이승기씨 역시 준비성이 최고!! 그 노력 덕분에 분명 영화는 재밌을것 같아요^^ 별점10  
20150905,10,궁합언제개봉하나요부탁드려요  
20150905,10,카리스마 넘치는 이승기씨 서도윤 모습 기대기대만땅~~  
20150905,10,믿고 보는 이승기~!! 궁합 기대  
20150905,10,아낌없는 노력과 애정을 기울이며 열심히 하시는 이승기씨 보니 궁합 너무 기대가 되요... 심은경씨와 찰떡 호흡도 기대할께요~  
20150905,10,왕실의 천재 관상가 배역을 맡은 승기님께서 여러 역술가들을 암행하실 정도로 열의를 보이시니 대박날것같아요~  
20150905,10,이승기씨 출연 궁합 기대되네요^^믿고보는 이승기씨의 서도윤 응원합니다~~!!  
20150826,10,이승기 나온다니 기대중이며 하루하루 손꼽아 기다림...  
20150822,10,이승기씨의 부드러운 카리스마 눈빛 목소리로 몰입되게 하는 힘 팍팍 보여주세요  
20150821,10,기대기대 이승기  매력 쩔듯하다  
20150821,10,언제 크랭크인 하나요? 기다려짐  
20150821,10,이승기 심은경의 궁합 기대합니다  
20150820,10,이승기라서 무조건 기대합니다  이승기씨의 매력  다 보여주시길  
20150818,10,승기오빠의 두번째 영화 너무너무 기대되요!!!오늘의 연애도 너무 재미있게 봤는데 이번에는 또 얼마나 재미있을지~ㅋㅋ이번에도  또 개봉하면 영화관을 내집처럼 드나들겠는데요??ㅋ  
20150814,10,"아아...여잔데 은경언니 너무 쪼아요.,..  "
20150810,10,이영화는언제부터개봉하는거입니까  
20150803,10,소재가 독특해요 재미있을듯 공주는 중전의 딸 옹주는 후궁의 딸인데 왜 송화 옹주인지 궁금해지네요 믿고보는 심은경 이승기!!! 꼭봐야지!!!  
20150802,10,평소에 은경이 누나 정말~~팬입니다 연기천재 은갱누나가 찍은 영화 라면 당연히 봐야죠 항상 응원합니다^^ 완죤 기대되네요.  
20150731,10,나도 기대기대기대기대기대 이거 하고 갑시다!  
20150731,10,기대기대기대기대기대  
20150730,10,와진심기대된다♥: 좀의외이긴하지만은근잘맞을듯ㅎㅎ  
20150730,10,승기형 영화잘보게요^^♥♥♥♥빨리 대개봉하고 잘보게요승기형 사람들이 빨리영화보고싶대요~영화잘찍으세요♥♥ 많이 힘들며 좀쉬고요~♥♥  
20150729,10,기대함 너무 재미겠다. 이승기 대박  
20150728,10,이승기랑 심은경이라니!!! 이건 꼭 봐야해ㅠㅠ빨리 보고싶다.... 둘다 화이팅~♥♥♥  
20150725,10,오 이승기 벌써 설렌다 심은경과는 어떤 조합일까 더킹때 지적인 카리스마와 로맨스 그리웠는데..완전기대!!!ㅠㅠ  
20150725,10,이승기가 드디어 사극을 ㅠㅠㅠㅠ 캐릭터보니 넘 기대됩니다.  
20150725,10,이승기주연 너무기대되는영화 이번영화도 대박나기를!!  
20150724,10,천재 궁합가 서도윤과 공주의 이야기 기대되네요..멋진 서도윤을 볼 생각하니 설레네요...서도윤을 멋지게 그려낼 이승기의 멋진 연기도 기대됩니다...이승기와 심은경 두배우의 연기 호흡과 케미가 기대됩니다..영화 궁합 흥하세요.~!!..  
20150724,10,와전 기대중♡ 서도윤역 이승기 응원합니다^^  
20150724,10,궁중사극로맨스 ㅎㅎ .. 이승기의 도윤 완전 기대합니다..궁합대박나세요!!  
20150724,10,천재궁합가  이승기 사극도전 정말 기대되네요 ㅎㅎ 심은경과의 케미도 완전기대^^  
20150724,10,2016년 최고의 기대작 ...궁합 이승기씨 두번째 작품 응원합니다  
20150724,10,이승기의 두번째영화 궁합 초대박나길 응원합니다 ㅎ  
20150724,10,궁합완전기대  승기오빠짱기대돼요승기오빠 사랑해료  
20150723,10,cjshhhhdkhdkhdk  
20150723,10,천재 궁합가 서도윤을 이승기는 어떻게 표현할까??ㅋㅋ 완전기대된다. 캐스팅만으로도 기대하게한 영화는 이때까지 거의 없었셩ㅠㅠ 관상이 사랑받은 만큼 아니 그것보다 더많은 사랑받났으면 좋겠다. 궁합  
20150722,10,왠지재밌을것같다 이승기나오니까 기대가커요 꼭꼭봐야지^^  
20150722,10,천재궁합가  이승기의  연기  완전  기대중입니다  
20150722,10,ㄱ..군대는...욕먹을까 불안하다 승기찡  
20150722,10,아 완전기대 ㅋㅋㅋ 빨리개봉해라  
20150722,10,빨리 보고싶어요!!! 이승기가  영화로  사극을  택히다니 궁금하다..  언제나올까요?  이승기와  심은경의  케미가  기대됩니다.  
20150721,10,기대기대합니다 ~ㅎㅎㅎ  
20150721,10,이승기캐스팅 신의한수네요.황궁로맨스 넘 기대되요~~빨리 시작되길~^^  
20150721,10,기대된다ㅎㅎ심은경 이승기 화이팅!!  
20150721,10,믿고 보는 심은경씨 영화. 이번엔 로맨스사극. 새로운 연기 기대가 큽니가.스토리도 흥미롭고 재밌겠어요.  
20150721,10,祝昇基新電影票房大發  
20150720,10,완전 기대♡♡항상 응원 합니다!!이승기 화이팅!!><  
20150720,10,캐스팅 대박!!이승기씨의 부드러운 카리스마 캐릭이 어떤 모습일지 기대가큽니다.  
20150720,10,우왓~기대만땅 입니당  
20150720,10,꼭 보러갈게요!!!벌써부터 기대되는 출연진이네요ㅎㅎ  
20150720,10,"궁합 기대되는 영화네요^^  이승기, 심은경 두배우의 조합도 신선하고 너무 무겁지 않은 로맨영화라 더 기대^^ 카리스마 넘치는 이승기의 연기 기대할게요^^  벌써부터 서도윤의 모습이 막 상상되는...빨리 보고싶네요^^  "
20150720,10,오오오오! 완전 기대되는 캐스팅이네요~~ 빨리보고싶어요!  
20150720,10,사극 로맨스 '궁합'  완전 기대중~^^ 왕실의 천재 궁합가 서도윤의 캐릭터를 어떻게 그려갈지 이승기 씨의 연기  정말 기대되네요^^ 관상에 이어 궁합도 큰사랑 받길 응원합니다!!!^^  
20150720,10,관상과는 또 다른 재미가 있을 거 같고 사극 로맨스에 왕실 천재 궁합가 도윤 역을 이승기 씨가 맡는다니 이승기 특유의 부드러운  듯 강한 카리스마 넘치는 연기 너무 기대 돼요. 심은경 씨와의 찰떡궁합 캐미도 기대할게요~^^! 궁합 흥하자~ 아자!^^  
20150720,10,천재궁합가와 공주의 이야기~완전 궁금 기대.. 이승기와 심은경의 케미 기대^^  
20150720,10,관상도 너무 재밌게 봤는데이번 궁합 영화 너무 기대됩니다~캐스팅에서부터 대박 조짐이 보입니다!!!  
