0,1,2
20161220,7,귀여운 도라에몽...  
20161220,10,형탁이형 이번에도 무조건 보러간다 아이들아 형탁이형 집중하는데 중간에 떠들고 돌아다니지 말자 제발  
20161219,10,저는 극장판만 보는데 이번엔 내가 좋아하는 원시시대로 떠나는 여행이니 참 재미있을 것 같고 빨리 개봉일이되었으면 좋겠네요.  
20161219,10,일본탄생편은 일본색이 짙다는 이유로 국내 들어오지도 못 했는데 이야 세월  
20161218,8,재밌을것같긴한데 뭔가 부족한 이느낌은 뭘까요?  
20161218,10,이거  리메이크 이전 버전은 진짜 실망했는데 과연 리메이크작은 잘되려나  
20161215,1,너무 9살에 보기는 시시하겠다.  차라리 마스터나 아무튼 다른거 보세요.  
20161214,4,도라에몽 성우가 바뀌었는지 이전보다 목소리가 와닿지가 않더라구요.스토리도 이전꺼 짬뽕해놨고 감동도 웃음도 이전에 비해 많이 약합니다. 실망했어요  
20161214,10,영화 자체로는 매우 명작입니다만 이번에는 오마케 영상이 나오지 않았네요  
20161214,9,재밌었어요~~~~진구가 만든 신기한 도구들이 잼나여~  
20161214,10,너무 재밋게봣습니다 최고입니자 ^^  
20161214,10,딸아이랑 재미있게봤어요  
20161214,10,의미있는 영화였던거같다!  
20161214,10,즐겁고 재미있고 아이들하고 볼만해요  
20161214,10,좋아요 좋아요 아주 좋은  
20161214,10,완전스펙타클 서스펜스 핵재미  
20161214,10,너무 재미있어요~꼭 보세요~귀여운 도라이몽~ 볼수있어요.애들 넘 좋아하네요  
20161214,10,재미있어요. 또보고싶어요~~^^  
20161214,10,넘 잼있었어요~~우리아이가 또 보고싶어해요  
20161214,10,아이와 재미있게봤어요  
20161214,10,최고에요ㅠㅠㅠㅠ♥♥♥  
20161214,9,아이들과도 너무 재밌게 잘 봤어요~ 6세 딸아이도 지루해 하지 않고 잘 봤답니다:)  
20161214,10,이번 극장판은 도라에몽을 좋아하는 사람으로서꼭보고싶었던 극장판이에요 재밌어요!  
20161214,10,넘재밋어요ㅋㅋㅋ역시도라에몽인듯요  
20161214,10,맨날 애니션보면 잤는데 이번 도라에몽은 너무 재밌었네요아이도 조금 무서워하면서도 재미있게봤어요  
20161214,10,너무 잼있어요.감동 짱  
20161214,8,딸램이 무서워한다면서 못봤는데 다보고나서는 재미있다고 하너?요  
20161214,10,정말 너무너무  재미있었습니다.  
20161214,10,진짜 최고에요. 마지막엔 감동의 눈물까지 흘렸습니다. 역시 도라에몽 극장판이 최고입니다!  
20161214,10,정말정말 기대가되요~  
20161214,10,감동이네요 진구의 성장한모습에 울컥  
20161214,10,완전 재밌어요 또보고싶어요  
20161214,10,9살 우리아이 너무 잼있게 잘 봤네요. ~~♡♡♡  
20161214,10,도라에몽 너무멋있어요 교훈까지있는 좋은영화에요  
20161214,10,너무 재미밌게 잘봤어요  
20161214,10,동심으로 돌아간 기분이었구 행복합니다  
20161214,10,도라에몽 성우가 아쉽지만 너무재밌었어요  
20161214,10,너무재미있어요 좋아요^^  
20161214,10,재밌어요^^ 또보고 싶어요~  
20161214,10,정밀정말 재미있었어요  
20161214,10,오랜만에 극장에서 봤는데 재미있네요  
20161214,10,재이나게잘 봤습니다.  
20161214,10,아이들이 너무 잘 봤어요  
20161214,10,잼나요 너무 너무 좋아요  
20161214,10,너무 재미있어요 아이들이 너무 좋아해요  
20161214,9,석기시대도 볼 수있어요  
20161214,9,석기시대도 볼 수있어요  
20161214,10,역시 실망시키지않는 도라에몽~이번 영화에서는 더 많은 도라에몽 주머니속 물건들이 많이 나온 것 같아요..재미있네요^^  
20161214,10,너무너무 즐겁고 감동적이었어요~~>_<  
20161214,10,재밌게 보었습니다 굿ㅇㅇ  
20161214,10,역시 도라에몽 최고였어요또 보고싶어요  
20161214,10,너무 흥미진진하고 재밋어요  
20161214,10,정말로너무너무재밌서요  
20161214,10,제가 지금까지 본 도라에몽중에 가장 재미있었습니다기대해주세요  
20161214,10,신 진구의 버스오브재팬 너무 재밌었고 도라에몽이 이몸은 도라좀비님이사다라는 말이 제일 기억에 남았어요♥  
20161214,10,진짜 재밌고 감동적이였어요  
20161214,10,정말 오래만에 보는 도라에몽이라 즐거웠고 동심으로 돌아가게 되어서 기뻤습니다! 도라에몽 흥해라!!  
20161214,10,이번에도실망시키지 않네요  
20161214,10,너너우너무 재미있는 도라에몽 극장판 또봐야뒤  
20161214,10,성인도재밌는도라에몽이네요  
20161214,10,이번작도 역시 재밋네요! 기대를 저버리지 않았습니다!!  
20161214,9,도라에몽 정말 재미있어요감동과.재미가 있는 애니메이션 추천합니다  
20161214,6,재미있어서 또 보고싶어요 ㅋㅋ  
20161214,10,도라좀비와 기가좀비 싸우는 모습이 스리넘쳤어요  
20161214,10,잼나요꼭다시보곺네요  
20161214,10,꿈과사람이 가득한 영화에요^^  
20161214,10,좋아요~넘 재밌어요강추.어린이랑 보세요  
20161214,10,신나는 석기시대 모험이었고 재미있었습니다!  
20161214,10,너무 재밌어요도라좀비와 기가좀비의 한판승부 즐거워요  
20161214,10,완전 재미있고 감동적이예요.사랑해요 도라에몽  
20161214,10,시사회 아주.좋았어영!  
20161214,10,재미있고 재미있습니다  
20161214,10,믿고보는 도라에몽 극장판  
20161214,10,잼나요~너무재미ㅛ고요..지루하지아노앗어요~~  
20161214,10,아이들이 최고래요 즐거웠어요  
20161214,10,너무 재미있어요또  보러 올께요  
20161214,10,너무너무재미있었고 동심으로돌아간기분이였어요!!  
20161214,10,재미있어요석기시대의 머메이드와 즐겁게 다녀왔어요  
20161214,10,"방금 막 시사회 끝났습니다, 개인적으로 이번 시리즈가 제일 떡밥(?)뿌리는것도 회수도 잘한것같아요.. 매년 실망시키질 않아 어쩔거야  "
20161214,10,완전 감동이요~~^^♡  
20161214,10,너무 재미있어요 강추해요  
20161214,10,잘봤습니다.너무재미있어요  
20161214,10,올해도 역시나! 매년마다 성장하는 도라에몽과 친구들을 만날 수 있어서 즐거웠어요!  
20161214,10,기대되는 만화 입니다  재미 있어요  
20161214,8,재밌어요  아이가 좋아해요  
20161214,10,진짜 재미있어요!!짱!  
20161214,10,아이가 매우 즐거워 합니다  
20161214,9,애들이너무재미있게잘봤어요~~큰애는동심에취해눈물을^^간만에가족끼리즐거운시간이었답니다!!!  
20161214,10,올 겨울 정말 기대되는 만화  
20161214,10, 최고입니다!!! 강추합니다  
20161214,10,잘봤습니다 아이들이 너무좋아해요~~  
20161214,10,최고입니다 또보고싶어요  
20161214,10,재밌었어요~ 꼬맹이들도 집중해서 잘 관람했습니다  
20161214,8,아이랑 재미있게 봤어요  
20161214,10,아이들이 너무재밌어  합니다?강추  
20161214,10,아이들이 너무좋아하네요 강추!!!  
20161214,10,끝까지 해내는 모습에 감동했어요^^  
20161214,10,너무 감동적이고 재미있었어요!!! 아이가 여운이 많이 남아서 한동안 계속 이야기하네요#~ 아이들의 영원한 친구 도라에몽 화이팅!!  
20161214,10,정말재미있었고 감동적인모슴좋았어요  
20161214,10,정말 재미있고 감동적이예요  
20161214,10,아이들이 너무 좋아하고 재미있었어요  
20161214,10,아이들이 너무 재미있다고  또 보고 싶대요  
20161214,10,재밌었고강동적이었다  
20161214,10,아이하고 참 재미있게 봤어요. 추천 합니다  
20161214,10,아이들과 함께 보기에 좋아요  
20161214,10,완전잼나여..아주 잼나게봤네여^^  
20161214,10,너무  재밌어요~~  상상의 날개를 펼칠수있을듯 합니다~~^-^  
20161214,10,재미있는 영화네요다음에 또 보고 싶네요  
20161214,10,재미있어요 아이와 함께 볼 만해오  
20161214,9,아이들과 함께 보는 어른들도 재밌게 볼 수 있는 영화였습니다..  
20161214,10,시간 가는 줄도 모르겠네요 무지무지 재미있어요  
20161214,10,너무 재미있어요. 아이가 참 좋아하네요  
20161214,10,언제나 아름다운 마음입니다..  
20161214,10,아이들이 너무 좋아해요  
20161214,9,기대이상으로 너무 신나구 재미있었어요~~  
20161214,10,아이가 너무 잘 봤어요~ 신데렐라보다 재밌다네요 ㅎㅎ  
20161214,10,시사회 봤는데 완전 신나요. 아이들도 엄청 재밌어 하네요.  
20161214,10,좋아요 아이들이 너무 좋아해요  
20161214,10,재미있어요 꼭 또볼랴요  
20161214,10,아이가 재밌다고 해요~~~  
20161214,10,너무너무재미있어요.  
20161214,7,마지막 컷이 좋았어요 시사회 잘 보고 가요  
20161214,9,재미있었어요. 추천합니다  
20161214,10,계속 또봅니다 시사회봤지만감동  
20161214,10,넘재미잇었어요 꼭보세요  
20161214,10,좋아요 재밌어요....  
20161214,10,재미있어요 또볼래요 굿  
20161214,10,완전 꿀잼! 꼭 보세요!  
20161214,10,잼있고 신나는 모험..도라에몽 잼있어요..  
20161214,10,아주 감동적입니다 재미있어요  
20161214,10,이번 극장판은 재미 뿐만 아니라 실사영화로도 손색없는 수준높은 완성도까지!  
20161214,10,좋아요 재밌어요 사랑해요 완전재밌어요  
20161214,10,아이들과 즐겁게 웃으면서 봤어요. 언제 봐도 기대되는 영화입니다  
20161214,10,도라에몽 너무너무 재미있어요  
20161214,9,기대이상이에요!~넘 재밌네요!^^  
20161214,10,너무재밌어요♡ 꼭보세요 감동이네요  
20161214,10,재미있게 잘 보았습니다~  
20161214,10,너무 재밌어요 ~  !  진구랑 동물들이 다시 만날때 감동적이였습니다ㅠㅠ  
20161214,10,너무 재미있어요 도라이몽짱  
20161214,10,너무너무 재밌었고 감동적이였어요ㅠㅠㅠ♡♡♡  
20161214,10,새로운 이야기~ 너무 재밌었어요♡  
20161214,10,아이와 보기 좋은 영화입니다  
20161214,10,어른도 잼있게봤어요~~^^~~  
20161214,10,굿이어용!!!!재밌어요  
20161214,10,과거시대로가서 우연찮게  모험을 하게되는 도라에몽과 친구들 넘 재밌게봤어요.  
20161214,10,도라에몽 극장판 꼭 보세요너무 좋아요 페가수스 그리핀 드레곤 넘 귀여워요  
20161214,10,완전 재미있어요. 시사회에 와서 볼수있어서 더 좋았어요.. 도라에몽 화이팅!!!  
20161214,9,도라에몽 빙하기부터 시작해서 미래세계 온 사람까지 재미 났습니다.  
20161214,10,이번 도라에몽 극장판은 정말 기대이상으로 넘 재미있었어요!!! 온가족이 다 초집중해서 관람하였네요~  
20161214,10,이번에도 재미있었어요  
20161214,10,감동도 재미도 일고 너무 잘 봣습니다^^  
20161214,10,도라에몽 넘나 재밌어요 역시 짱  
20161214,10,완전기다렸던 도라에몽 돌아와서 반가워요~^^  
20161214,10,너무잼나게 잘봤네요 즐거워요  
20161214,10,아이들과잼있게봤어요~  
20161214,10,넘재밌게 봤어요 ㅎㅎ아이가 너무좋아해요 집중력최고  
20161214,10,완전 사랑 도라에몽사랑  
20161214,10,아이들과 함께  보면재미있어요  
20161214,10,너무즐겁습니다  꼭 보구싶어요  
20161214,10,도러에몽극장판 재밌게잘봤습니당!  
20161214,10,넘나 재밋게 봤어요!!.  
20161214,10,도라에몽 진구와 친구들의 모험은 언제나 재미있어요~  
20161214,9,진구의 겁나먼 석기시대에로의 가출!! 만들어지는 역사가 진짜 역사를 이길수는 없다는 진정성 넘치는 진리의 교훈을 찡하게 남기는 이번 극장판 대모험도 판타스틱!!  
20161214,10,완전 잼있어요~~다음편도 기대됩니다~~  
20161214,10,아이들이 좋아하는 도라에몽~교훈과 재미 두마리 토끼를 모두 잡을 수 있었던 것 같아요.저도 아이들과 함께 즐겁게 봤습니다. ^^  
20161214,10,가짜 역사가 진짜 역사를 이길 수 없다는 말 감동입니다!!!  
20161214,9,잼있어요~~^^도라좀비 최고  
20161214,10,찬양하라~ 도라좀비~ㅋㅋ웃음요소도 많고 영화관람내내한눈팔지않고 재밌게 보기 좋네요~~또 보고 싶데요~~~^^  
20161214,8,도라에몽은 아이들도 재미있어하고 어른이봐도 재밌고이번 도라에몽도 역시나 잘봤습니다!!^^  
20161214,10,내사랑 도라에몽 ~이번에도 기대가득입니다  
20161214,8,우아 정말 재미난 모험!진구 에몽 홧팅  
20161214,10,큰 아이와 왔는데 너무 재미있게 보았어요  
20161214,10,도라이몽완전재밌어요^^  
20161214,10,너무 웃겨요^^ 초딩딸과  봐도 재밌어요^^  
20161214,10,역시 도라에몽~~^^귀엽고 사랑스러운~  도라에몽 굿~^^  
20161214,9,아들이 도라애몽을 정말 좋아해요.  
20161214,9,기대가득하고 있어요. 함깨해요  
20161214,9,도라에몽 좋아요^^ 도라에몽 화이팅 입니다~  
20161214,10,아이들이 가장 좋아하는 도라에몽보러왔어요~기대되요~  
20161214,9,도라에몽은 언제나 귀엽고 재미있네요~^^  
20161214,10,도라에몽 기대돤다.화이링  
20161214,10,하... 너무 나도 기대되요에몽아 사랑하구 언제나 같이하자♡Doraemon21120903 에몽이여친 16살  
20161213,8,이름이 좀 그렇긴 한데 욱일기 나온것도 아니고 이정도는 넘어갈수 있다고 함 다만 역시 애들보는 만화여서 그런지 대충 스토리 전개가 예상이 간다 예전 극장판 처럼 도라에몽도구로 진구가 캐리 이런식이곘지 뭐  
20161213,10,진구는 뭐만 하면 가출임 ㅋㅋㅋㅋ  
20161212,10,완전완전 기대되요^^ 꼭보러가야지!!~  
20161212,1,솔직히 이번에는 기대가 별로 안되네  
20161211,10,도라에몽나의 최고 사랑해 뿅 뿅언제나 재이있어  깔깔깔깔  어제 잘 보냈어?? 도라에몽스탠바이미 잘봤어  
20161211,10,꼭 보러가야징 ㅎㅎㅎㅎ  
20161208,10,개봉한날을 기다리겠습니다^^ 근데 도라에몽 성우는 바뀌는건 잘 알고 있지만 혹시 퉁퉁이 성우도 바뀌었나요??  
20161204,10,에몽이는 사랑이다가족끼리 안된다면 나혼자서라도 에몽이 극장판 보러가야지  
20161203,10,정말 기대됩니다!!!  
20161203,10,정말 보고 싶은 극장판이네요!!!빨리 개봉하길~  
20161126,10,빨리  절찬 상영하면  좋겠네여~  
20161125,10,....세상에 정식개봉..  
20161124,10,빨리 보고 싶은 극장판 입니다.  
20161124,10,2016년 개봉이라는데 이거 현재 아주옛날에 개봉했떤 도라에몽인데 또 나오네요 리메이크버전으로 도라에몽 극장판 치면 나와요 똑같은 내용 만화가  
20161124,10,크리스마스에 한다는데.. 아이들과 나들이 결정되었네요~~~  
20161124,10,최애 캐릭터 도라에몽+_+ 원시시대로 가다니ㅎㅎ 기대된당  
20161124,10,옴마~~~ 넘 기다려집니다~~~  
20161123,10,이번에도 기대한다 도라에몽  
20161123,10,빨리 12월이었음 좋겠어요ㅎㅎ 기대되네요.~!! 에몽이♥  
20161122,10,우와 내사랑도라에몽! 재밌겠다  
20161122,10,뭐야 일본얘기인줄 알았더니 전혀 상관없는듯 ㅋㅋ 원시시대네  ㅋㅋ그럼 기대를 해볼까나~~  
20161122,10,이야~ 도라에몽이다!! 믿고보는 도라에몽~ 일본에서도 3주연속 1위했다고.. 기대가 큽니다~  
20161122,9,도라에몽 일본껀데 제목이 버스오브 재팬이던 일본의 탄생이던 무슨 상관이냥  
20161120,10,도라에몽!♡!도라에몽!♡!  
20161119,1,그냥 하지말지 재팬이 뭐냐 아;;;  
20161119,1,뭐한국에서는 버즈오브 코리아 로바꾸나? 중간 구슬도 태극무늬로바뀌고?  
20161116,6,"기대는 된다만, 제목 참..  "
20160809,10,한국들어와서 늘 그래왔듯이 한국에 맞게 설정하면.. 신 노비타의 한국탄생? 한국에 야마토정권이..? 전국시대? 역사 왜곡을 넘은 역사파괴영화 만들거면 일본가서 볼래 한국오지마...  
20160505,10,제발 빨리 개봉해라!!!  
20160311,10,이번은 한국개봉 힘들듯. 현지화가 불가능해 보임.  
20160223,10,빨리 개봉 됬으면 좋겠다언제 개봉하지?  
20160209,10,한국에서 개봉할 가능성이 거의 없기에 3월에 일본에서 볼겁니다.  
20160207,10,한달정도 남았네요 어서 국내개봉되었으면 좋겠어요!  
20151103,10,2014년 극장판과 2015년 극장판처럼 9월에 개봉하지 않고 2016년 극장판은 7월에 개봉하면 좋겠습니다.  
20151022,10,빨리 2016년이 돼라..개봉해라..  
20150916,10,우리나라에선 어떻게 현지화 될려나? 제목부터가 일색이 짙은데....  
20150911,10,개봉하겠지?? 100% 그래.. 그럴꺼야..  
20150730,10,최대한빨리개봉하였으면좋겠고 신 노비타의탄생이빨리개봉되면좋고기대가아주큽니다.  
20150724,10,정말 기대되네요!!^^  
20150716,10,"2016년 개봉예정의 신 노비타의 일본탄생, 정말 기대됩니다!  "
