0,1,2
20180111,10,기대된다 예고편만보면 ㄹㅇ 개꿀잼각  
20180111,10,다운 사이징 보러 가즈아~!!!!  
20180111,10,킬링타임으로 좋은 영화임. .  
20180111,10,믿고 보는 맷데이먼!!  
20180110,7,페북이나 여기나 다들 미국에서 봤다고 ㅇㅈㄹ;;; 알바들아님?? -_-;; 미국에서 사는 사람 겁냐리 많이 밀려왔네.... 할일업나...  
20180110,1,ㅎㅎㅎ난 안볼란다 돈아껴야지  
20180110,1,2018 시작부터 장난질이냐 18  
20180110,10,원효대사의 해골바가지 물 일화를 생각나게 해주는 영화. 행복은 도망쳐 도착한 곳에 있는 것이 아닙니다.  
20180109,3,예고편보고 완전 재밌을거라 기대했지만 전혀 다른 방향으로의 전개 흥행은 어려워보입니다 지루해요 나름 담고자 하는 메세지들이 있는 것 같지만 재미없는 건 사실..  
20180109,7,sf를 소재로 개인의 실존적 윤리의 질문을 하는 보기드문 영리한 영화..  
20180109,9,배우들도 좋고 영화도 흥미로웠어요  
20180109,9,시네마톡 정말 재밌었어요  
20180109,10,너무재밌게잘봤어요ㅎㅎㅎ  
20180109,10,생각보다 너무 좋았어요. 추천!!  
20180109,8,예고편과는 많이 다른 영화  
20180109,7,재미있는 볼거리가 많았어요.  
20180109,8,어려운 영화지만 연출력이 아주 좋았어요  
20180109,8,진지하고재밌고감동도  
20180109,7,한 남자의 성장드라마!  
20180109,10,강추합니다 ^^ 보세용  
20180109,10,선택의 완성은 나 자신~멋진 영화 강추!!  
20180109,7,소재도 참신하고 풀어내는 과정도 참신하다. 훌륭한 대중 영화.  
20180109,8,재밌어요!! 짱!!!감동입니다  
20180109,7,볼만합니다. 개봉하면 추천할게요.  
20180109,10,잘봤습니다. 재밌었습니다.  
20180109,10,"연기, 내용 모두 좋았어요!많은걸 생각하게 하는 영화였네요  "
20180109,10,이 영화를 먼저 보게 되어서 좋았습니다  
20180109,8,여러 가지를 말하는 영화인듯 하고 영화가 끝난 후 그것들을 생각하게 해줘서 고마운 영화  
20180109,7,맷데이먼의영화 예고와는 다른 재미  
20180109,6,하고 싶은 이야기가 무엇인지 명확하지만 너무 가볍게 다룬다.  
20180109,9,이렇게 많은 이야길 담고있는지 몰랐네요. 이동진씨 고마워요.^^  
20180109,10,신선한 소재 묵직한 메세지 올해의 수작  
20180109,9,많은 생각을 하게하는 영화에요!  
20180109,10,나의 선택은 어떨것인지 생각하며 볼 수 있는 영화입니다  
20180109,10,현실의 사회 문제도 생각해 볼 수 있는 영화였습니다. 상상력이 세밀해서 재미있었어요. 추천 합니다.  
20180109,8,후반부가 좀 허무했지만 정말 기발한 상상에 유쾌했다  
20180109,7,재밌게 봤어요~~~!  
20180109,10,노아의 방주를 뒤로 두고온 눈빛이 기억에 남습니다  
20180109,8,생각했던것보다 재밌고 귀여웠어요마음이 따뜻해진 영화였습니다!  
20180109,9,이것은 재미있는 멧데이먼의 기독교 영화이다.  
20180109,8,비가 주룩주룩 내린다. 엉망진창이다. 하지만 그 속을 향해 주인공은 문고리를 돌린다. 빛을 찾으려고 어둠속에 들어왔으므로.  
20180109,10,맷 데이먼의 지적인 sf 재미있어요  
20180109,10,생각했던영화가 아닌 훨씬 더 재밌었어요 예측불허더라구요 강추요!!  
20180109,9,힐링되는것같아. 마음속 생각들을 정리해주는 영화  
20180109,10,포스터를 보자마자 보고싶었는데~ 너무 재미났어요~ 여러가지를 생각하게 하고 또 보고싶네요~  
20180109,9,최고에요 맷데이몬 영화  
20180109,10,생각보다 더 귀여운..  
20180109,10,최고최고재밋게잘봣습니드  
20180109,8,당신의 상상과 예고편을 뒤엎은 영화개인적으로 이 영화는 완벽하다.  
20180109,8,예고편보다 더 재미있음  
20180109,8,"기대보다 재밌게 본것같다,,!  "
20180109,10,"예고보다 더 깊은 이야기가 들어있어 영화를 다 본 후 많은 생각을 하게 돼네요, 우리가 꼭 한번 생각해봐야 할 문제에 대해서! 재미와 감동 둘다 있는 영화네요  "
20180109,10,굿잘보았어요.성장드라마  
20180109,9,영화 재미있게 봤어요. 강추!!!  
20180109,8,나에 대해 생각해보게 되는 영화에요~ 음... 생각보다 깊이 있는 삶을 얘기하고 있어요.  
20180109,10,사이즈는 작아졌지만 던지는 질문과고민은 크다  
20180109,9,생각하지못했던 스토리 전개와 리얼리티  
20180109,7,"예고편이랑은 조금 다르지만, 영화 자체적으로 의미는 큰! 작품인 듯!!! 영화를 읽으며 보는 재미를 느낄 수 있을 거 같다!  "
20180109,8,제3 세계의 여성이 비중있고 의미있는 역할을 맡았다는 점에 주목해 볼 수 있을 것 같아요. 재미와 더불어 생각해 볼 것이 많은 영화!  
20180109,8,상상력과 인류를 위한 선택에 대한 영화  
20180109,8,생각했던것과는 다른 디테일한 전개볼수록휴먼다큐같은 내용인류의 미래가 달린결말?  
20180109,10,알렉산더 페인의 또 다른 걸작. <디센던트>의 주제와 맞다아있는 작품.  
20180109,8,우리아이가 작아졌어요 류의 이야기인줄 알았더니.. 보고나니 많은 이야기가 들어있는 영화네요.잘봤어요.  
20180109,9,참신한 소재와  흥미로운 스토리 전개가 지루하지 않게 해준다~ 많은것을 생각하게 해주는 영화~  
20180109,8,주인공의 두번의 선택을 통해 우리가 어떻게 살아가야 할지 생각거리를 던져준다.  
20180109,1,시사회 당첨되서 갓는데 좌석 미스로 보지도 못하고.. gv라도 보려고 기다렷다가 들어갈수잇게 해준다더니 기다렷다가 들어가니 이미 반은 얘기가 진행중이고증말 화나네여.. 다른영화 티켓은 못준다그러고 어휴..  
20180109,9,맷데이먼 때문에 보게 되었지만 예상과 다른 전개가 흥미롭디  
20180109,10,짧은 영화가 아닌데 보는내내 집중하면서 보고 보고난 후에도 생각할점이 많은 영화였습다.  
20180109,8,상상의 나래를 펼쳐라!!  
20180109,8,"참신한 소재, 예상과 달랐지만 그래도 좋았던 영화. 너무 가벼울까 걱정했는데 생각보다 가볍지 않았어요.  "
20180109,7,작아져도 현실은 현실.  
20180109,10,믿고보는 맷데이먼!!!한번더 믿고 보길... 강추!!!  
20180109,9,"생각했던 스토리가 아니지만 의미는 더 깊이가 있었다  인류의 문제, 지구의 문제, 인종의 문제를 일깨워 주는 영화. 홍차우배우의 녹 란 트란 역이 무척 인상적이었다.  "
20180109,10,환경오염도 방지하고 삶의 의미도 되새겨보는 영화가 되었어요. 맷데이먼의 연기도 대박입니다  
20180109,7,추천해요 재밋어요!!  
20180109,6,상상력은 좋았으나 초반 전개에 비해 아쉬운 결말이었다.  
20180109,9,맷 데이먼을 보러 갔다 삶에 대한 진지한 고찰을 하게 되는 영화!  
20180109,8,"사이즈의 문제가 아니다. 인간이 기술을 통해 문제를 해결하고, 새로운 세계를 창조할 수 있다 믿지만 그저 위선의 가면을 둘렀을 뿐이다. 우리의 속살을 잠시나마 엿보는 시간을 가져본다.  "
20180109,10,재미있었어요~~^^  
20180109,9,맷데이먼의 연기와 홍차우의 연기가 대단하고 참신한 소재를 잘 살린 독창적인 스토리가 인상적인 작품  
20180109,8,크건 작건 삶은 계속 된다. 행복에는 크기가 중요하지 않다는걸 깨닫게 해주는 영화  
20180109,10,예측할 수 없는 전개로 멧 데이먼의 코믹함과 진지함이 섞여 있는 소인국에서의 다양한 사람들을 만나는 영화추가로  멧 데이먼은 자기 뜻대로 되는게 없는 영화!  
20180109,8,진정한 자아를 찾아나서는 멧 데이먼의 여행기  
20180109,7,"재난, 드라마, 코미디, 공상과학. . .다양한 장르의 전복, 예상치 못하는 전개에 누군가는 곤혹스럽겠지만 누군가는 색다른 경험에 만족스러워 할 것이다. 크레딧이 올라가기 전 마지막 컷되는 장면이 나름의 의미에서 충격적이다.  "
20180109,7,"소재가 정말 신선했으나 기대에 비해 제대로 못 살린 느낌이 들었습니다. 전혀 예상 못한 전개였고,  영화가 가진 내면적 주제가 상당히 철학적이네요.  "
20180109,9,맷데이먼 보러갔다가 왈츠의 매력에 빠지게 되는 영화. 생각보다 코믹한 영화는 아니지만 흥미롭다.  
20180109,8,다운사이징! 당연하다고 생각했던 모든 것들에 대해 많은 것을 생각하게 되는 영화!  
20180109,9,이야기가 예측되지 않는 방향으로 계속 흘러가서 몰입도가 좀 떨어졌다. 주인공의 인생의 한 부분이 아닌 긴 흐름을 보여주는 영화였던 것 같다.  
20180109,6,소재는 좋았으나 진행이 산으로 가는 느낌을 지울 수가 없다. 맷데이먼과의 의리로 본 영화....  
20180109,9,예상된전개와 다르게 진행하는 스토리가 너무좋았어요ㅎ  
20180109,9,정말 잘 만든 영화. 독특하고 정교하게 만들어진 새로운 영화. 강추!!!  
20180109,7,기대했던 거와 다른 전개지만 즐겁게 보는....되는 게 없는 인생에도 볕들 날이 온다. 그리고 어디서나 인간의 본질은 변하지 않는다.  
20180109,8,전체 스토리는 나쁘지않는데 끝 마무리가 조금 아쉬운거 같습니다. 그래도 배우들 연기력은 나쁘지않아서 지루하진 않았습니다.  
20180109,8,누구나 한번 쯤 해봤을 생각을 누구도 예상하기 어려운 방향으로 그려낸 작품. MSG를 안쓰는 맛집임을 감안하고 즐기길!  
20180109,10,시사회로 봤는데 뻔하지 않고 재밌었다 녹 란 너무 매력있음  
20180109,8,의외의 재미와 여러가지 생각을하게하는 영화였어요. 만약 나라면 어떤선택을 하게될지.. 못보신분들에게 추천합니다  
20180109,10,축소화되면서 달라진 흥미로운 삶의 의미!또 다른 의미있는 삶  
20180109,10,먼가 잔잔하고 따뜻한 영화네요^^  
20180109,9,재미있기도하고무엇을 말하려는지 알 것 같은의미있는 영화였다.특히 마지막 장면?  
20180109,10,롯데시네마 시사회 당첨되어 즐겁게 관람했습니다.  
20180109,5,들쭉날쭉한전개 때문에 소재의 참신함은 잊혀진지 오래...  
20180109,10,다운사이징을 보고 난 후 ‘나는 어떻게 살아야하나....’그래 이타적인 삶!!!  
20180109,8,다운사이징 예고편을 보고 되게 말이 안될거 같았지만 보면서 말이 되었었다  
20180109,9,생각했던거와 다른전개엿지만 넘 잘만들었어요ㅎㅎ  
20180109,9,"평범하게 살기 어려운 세상이지만, 특별하게 사는 것이 마냥 좋지만은 않다  "
20180109,8,예상과는 좀 다르지만 그래도 이정도면....  
20180109,10,역시 믿고 보는 맷 데이먼. 그의 행복 철학을 탐구하러~  
20180109,9,예고편을 보며 생각했던 것과 굉장히 다른 영화였지만 예상과 달라서 재밌게 봤어요. 가벼운 코미디 영화를 생각했는데 영화 보면서 많은 생각이 들었네요^^  
20180109,8,작은 세계 체험을 간접적으로~  
20180109,10,많이 웃고 생각할 점이 많은 영화네요  
20180109,8,과학으로 종교를 말하는 신기술. 상상력이 놀랍다!  
20180109,6,너무 긴 러닝타임. 과장스러운 캐릭터.  
20180109,9,새로운 시각으로 바라보는 인류애  
20180109,8,어디서도 본 적 없는 특별한 로맨스!  
20180109,7,주제가 넘 신선하네요ㅎㅎ  
20180109,10,시스템의 여백을 사람의 온기로 채우다  
20180109,10,신선한 소재가 신선했습니다!  
20180109,9,상당히 흥미로운 설정의 신선한 소재였다 굉장히 재밌었다  
20180109,10,잔잔하고 재미있는 영화였습니다^^  
20180109,10,재미있고 생각하게하는 영화에요  
20180109,8,색다른 영화!!!!  추천합니다!! 맷데이먼 최고!!!  
20180109,8,흥미로운 소재로 흥미진진하게 시간이 금방가게 만들었다  
20180109,10,"참신한 소재 때문에 보고싶었는데,, 해외평점이 2점이라고해서 들어가서 확인해봤는데 그정도는 아니네요, 여기 국내 영화 알바들 참 많은것 같습니다.  "
20180109,10,뛰어난 상상력! 정말 재미있다! 강력추천합니다!  
20180109,8,다운사이징의 끝이 궁금해지는 영화..과연 인류를 구원할 해결책이 되어줄까?  
20180109,4,독특한 발상을 맷데이먼이 해냄!  
20180109,10,상상력이 뛰어난 다운사이징아이와 재미있게 봤네요^^우리가 실제로 작아지면 어떨까요~  
20180109,9,멧데이먼의 멋진 연기~~ 완전 신기한 재미있는 영화예요^*^  추천해요!!!  
20180109,9,알렉산더 패인의 상상력과 맷 데이먼의 연기궁합이 딱 맞는 영화!! 강추드려요!!!  
20180109,10,"삶과 행복의 진정한 의미와 가치에 대해 의문을 던지고,  이에 대한 명쾌한 답을 제시하기보다는 한번쯤 지나온 삶을 되돌아보며, 앞으로 어떤 삶을 살아가야 할 지 생각해볼 수 있는 계기가 된 것 같습니다. 삶은 계속되어야 하기에...  "
20180109,10,너무 재밌고 신선해요!  
20180109,10,최고의 상상력!!! 최고!!  
20180109,10,유쾌하지만 가볍지않은 우리들의 이야기.나를 다시 한번 더 생각하게 되는 시간.  
20180109,1,초반부터 신박한 아이디어에 중점을 두기보단 현실적인 문제들을 제시한다.처음부터 끝까지 관객을 답답하게 한다. Hong Chau의 캐릭터와 영화에 등장하는 남미 사람들은 심각한 인종차별적 일반화를 가지고 표현된다. 감독 혼자만의 만족을 위해 만든영화이다  
20180108,9,영화 컨트롤러 만큼만 해준다면 바랠게 없지..  
20180108,10,소재가 너무 좋아서 또 보고싶은 영화네요  
20180108,10,소재가 너무 신선하고 이야기도 개꿀잼 알참!! 개봉하면 한 번 더 보고싶네요  
20180108,2,미국평점 2.5ㅋㅋ믿고 거르자 이번영화는 ㅋㅋㅋ  
20180107,2,"해외에서 보고 하는 소린데, 돈 아깝다. 보지 마라. 맷 데이먼이 아깝다.  "
20180106,10,"바스터즈 본 사람 중에 왈츠형 모르는 사람 없지 ㄷㄷ 그때 이후로 완전 입덕했는데 헑헑... 진짜 기대된다!!!  왈츠 형 ,피트 형 구도도 좋았는데 맷 데이먼이라니 ㅋㅋ 아 진짜 재밌겠다 ㅋㅋ  "
20180105,1,이 영화에대해 좋게 평가한사람들은 예고편만 본 사람들일것이다. 해외에 살아서 어제 보고왔는데 엄청난 실망만 하고 돌아왔다. 좋은 소재를 아주 처참하게 망친 영화다.  
20180105,10,그럼 앤트맨은 수술 필요없네  
20180104,1,"해외에 거주해서 저번달에 보았습니다. 2017년 최악의 영화 다운사이징. 스토리 전개도 지루하고, 주인공이 아깝습니다.  "
20180104,10,시사회로 봤는데 이런 소재로 너무 재미있게 풀어낸 영화였어요 !! 개봉하면 한번 더 관람할 예정 ㅋㅋㅋ  
20180104,10,시사회보고 왔는데 간만에 힐링되는 영화였어요!  
20180104,10,소재 진짜 신박한듯 ㅋㅋㅋㅋ나도 짝아지고 싶다!  
20180104,10,시사회로 봤는데 꿀쨈ㅋㅋ  
20180104,10,컨셉이 신박해서 관심이 가는 영화... 맷 데이먼 좋아하는 배우에 영화도 재밌을 것 같음  
20180104,7,예고편만 봤을때는 재미있어 보인다  
20180104,3,기대하지마세요.. 코미디도 아니고.. 애매한 로맨스도 아니고.. 정말 계속 얘기가 산으로 갑니다. 뭔가 있겠지 참다보면 영화는 끝납니다.  
20180103,6,북미에서는 완전 망했지만 그냥 볼만은 할거 같은데... 맷 데이먼으로는  흥행이 더 이상 안되는구나  
20180103,1,진짜 최고의 기대작이었는데 스토리도 그렇고 엉성하네요..  
20171231,1,초반에 나오는 소재의 신선함은 베트남 여배우가 나오면서 내용이 산으로 가더니 마지막에는 우주멀리 날아가버림. 영화가 그러다 끝나기때문에 관객들 대부분이 ???? 이러면서 이영화 보자고해서 미안하다고 사과하며 나오더라 예고편과 맷데이먼에 낚이지말것  
20171231,5,"맷 데이먼 출연, 알렉산더 페인 감독  독특한 소재... 때문에 많이 기대했는데 해외 썩토 평이 영 좋지 않네ㅠ..  "
20171231,2,"트래일러 보고 , 맷데이먼때문에 개봉하자마자 그날 보고왔어요..예고편보다 영화가 재미없구요. 영화를 보고있으면 대체 왜 이렇게까지 산으로 가나 싶어요. 웬만하면 영화보고 재미없다고 안하는데 정말 재미없어요. 배트남여자분이 그나마 웃음포인트.  "
20171231,1,돈버린다 보지마라 미국에서 보고 알려주는거다  
20171230,1,해외에서 폭싹 망함 ㅋㅋㅋ  
20171230,8,볼만해요..한국 해산물시장 컷도 들어가고..유머러스한 장면들도 꽤 연출돼요..ㅋㅋ What kinds of fuck was it? ㅋㅋ명대사죠..부담없이 즐기실만할 영화입니당~  
20171229,1,아 이거 기대했는데 망했다던데 ㅡㅡ 엄청 기대이하라던데  
20171228,10,부산영화제때 봤는데 정말 재밋었음. 개봉하면 또 봐야지  
20171227,10,왈츠 선생님이 나오신다면 고민않고 보겠습니다  
20171226,1,ㄹㅇ중간에 보다가 나가고 싶었습니다.  
20171223,6,부산국제영화제에서 본 영화 너무 많은 얘기를 담으려하는 욕심이 많은 영화! 졸다가 일어나니 또 다른 얘기중! 볼거리는 많아요  
20171223,10,애들이 작아졌어요 커졌어요 그시리즈 생각난다ㅋㅋㅋ꿀잼일듯  
20171223,10,헐 12.7cm 내 꼬.... 아닙니다..  
20171221,1,"소재는 신선하나 재미가 너무 없다. 오늘영화관에서 보다가 도저히 무슨 메세지를 전하려는 건지도 모르겠고 지루한 전개에, 산으로 가는 스토리는 정말 최악이었다. 끝까지 다 보려면 인내심이 필요.  "
20171219,10,배우도 기대되고 소재 엄청참신해서 봐야겟다  
20171213,10,오 재밌겠다 ㅋㅋㅋ 근데 제3인류가 생각나는 건 나뿐인가? 다들 앤트맨만 생각하는 것 같아서  
20171211,10,일단 기대해본다 스토리는 보고나서 결정하겠다  
20171211,10,언제부턴가 너무 많은 이야기들을 접할수 있다보니 새로움을 기대하기보다 생각해볼법한 이야기를 잘  풀어나가길 기대했었는데 이건 발상 자체가 신박해서 기대됩니다  
20171206,8,왈츠도 추나요? 멧데이먼이?  
20171204,10,와 우연히 광고 봤는데 넘기지 않고 다 봤다. 진짜 재밌겠다ㅜㅜㅠ  
20171204,8,이거 언제 개봉하나요?  
20171201,7,앤트맨 이후 작아지는 사회의 모습  
20171201,10,이 영화 만든 애들 천재 아니냐? 어떻게 이런 생각을...  
20171130,10,완전 기대중!!! 너무 재밌겠어요. 이런 독특한 발상 좋아요  
20171130,10,와 스토리 정말 신선하다. 행복에 대한 퀘스천과 앤써를 던져줄듯  
20171116,10,ㅋㅋㅋㅋ그냥 소재가 신선해서 보고싶음 ㅋㅋ 잼날꺼같음  
20171104,10,페인 감독의 코미디 판타지 영화라니...!  
20171029,10,국내 개봉 기다립니다ㅏㅏㅏ  
20171029,10,맷 데이먼진짜 하드코어하게 사시네ㅋㅋㅋ올 겨울까지 극장에서 대기타고있어야할각 용비~ 어천가~  
20171027,10,소재 진짜 독특한거아니냐구....넘재밌을거같아!!!  
20171023,10,기대되는각~?동의?어~보감ㅋㅋ 오지고 지리고 렛잇고 영화 재밌어서 뒷목잡는 각? 용비?어~천가ㅋㅋ  
20171020,7,시작은 굉장하지만 집중도의 사이즈가 점점 작아지게 된다.  
20171020,10,어릴때 진짜 한번쯤 상상해 봤는대.. 미니어처로 가구 다 만들어 놓고 내가 작아 지면 밥한알로 한끼식사를 할수 있지 않을까 ?! 욕조가 바다가 되지 않을까?!! ㅋㅋㅋ 상상한게 영화가 되다니 ㅋㅋㅋ꼭 봐야지 ㅋㅋㅋ  
20171017,10,감독 특유의 잔잔하면서도 서서히 다가오는 울림이 좋았다. 소재도 유니크하고 재미있어서 좋았다  
20171017,10,방금 부국제에서 보고 왔습니다. 영화도 재미있고 역시 믿고 보는 맷 데이먼 ㅎ 영화 자막 만드신분들 엄지 척 ㅎ 개봉하면 부국제에서 사용한 자막을 그대로 쓸것인가 ㅎ  
20171001,10,완전완전 기대되요!!♡  
20170929,10,맷 데이먼은 믿고 본다. 동시 개봉 했으면  
20170924,10,소재가 너무 재밌을거같음.. 기대됨!!  
20170920,10,기발하다 그래서 보고싶은 영화  
20170918,10,아보고싶다...근데20OOO개봉이네. 아주 아주 많이기다려야하네 ㅜㅜ  
20170917,10,"완전 기대,,감독의 창의성에 박수를  이때까지의 같은 시대배경에서 다른 창의적인 아이디어로 이렇게 풀어낸다는 것이. 진짜 좋네요 ㅎㅎ  "
20170917,10,진짜 기발하다. 이런 상상을 어떻게 했지. 정말 천재  
20170916,10,진짜 신선한 발상.... 너무 기대된다 흐규 흐귱  
20170915,10,"기대감 가득. 다만, 영화 내용이 작아진 인간들은 결국 애완동물 취급당하는 사실을 깨닫고 다시 커지기 위해 노력하는 내용이 아닌길~^^  "
20170915,10,주제가 참 참신하다 ㅋㅋ  
20170915,10,모기한테 물리면 어떡하지?  
20170610,9,2017년으로 나왔는데 언제 개봉 하려나? 맷 데이먼 형님 예전에 코미디 영화 하긴 했는데 새로운 변신 일뜻  
20170408,10,크리스토프 왈츠와  맷 데이먼의 연기가 기대된다  
20170214,10,맷데이먼 한명도 지리는데 크리스토퍼왈츠까지 ㅋㅋㅋㅋ  
20170203,10,닐의 연기를 빨리 보고싶다  
20160930,10,맷 데이먼의 코미디 영화! 국내 빨리 개봉 했으면 좋겠다. 너무 기다려진다 빨리 보고싶다♡  
20160808,10,오베라는 남자에서 오베역 할아버지도 나오네 맷 데이먼도 나오니 기대된다  
20160802,10,출연진들 너무 좋다.ㅎㅎ 빨리 보고픔  
20160705,10,"맷데이먼,  알렉볼드윈,  크리스틴위그 거기다 왈츠까지ㅋㅋ 캐스팅 넘나 맘에든다ㅜ  "
20160321,10,맷 데이먼도 물론 좋지만 개인적으론 크리스토프 왈츠 때문에 더 기대가 큰 영화.  
20160111,10,패트릭♥♥꼭봐야지~~~!!!ㅇㅇ  
20151124,10,멧데이먼형 멋짐 화성에서 홀로 남아서 위기를 극복하는영화도 완전 잘 소화하고 이제는 코미디영화까지ㅎㅎ 국내애서 개봉하는 즉시 달려간다ㅋ멧데이먼형 무리 하지마시고 재밌는 영화 많이 부탁합니당^^  
20151102,10,위더스푼 과 데이먼 기대되는구나 ?  
20151011,10,2차대전 군인도 되보고 기억도 잃어보고 경찰스파이도 되보고 동물원도 사보고 화성에서 표류까지 되보더니..이번엔 또 뭐할지 궁금해진다 맷 데이먼..  
20151006,10,ㅎㅎ 동시개봉이길 바랍니다.  
20150830,10,맷 데이먼 때문에 기다려짐  
