0,1,2
20171122,10,이거진짜 개명작이다...나만당할순없다  
20171122,10,정해인배우님 너무 기대되요 ㅜㅜ  
20171122,10,천만관객영화 조짐^^  
20171122,1,평론가 점수 3.33 실화냐 그이모 리얼급인데  
20171122,1,일주일후 티비에서 만나요~ 안녕~  
20171122,1,드라마에서 유행하는 퓨전사극을 스케일만 크게 한 느낌...중장년영화팬들에게 비웃음 당할 퀄리티.  
20171122,1,"머리꼬라지가 저게 뭐냐 진짜..ㅋㅋ 집중안되게 퓨전사극도 아니고. 3류틱하네 정말..ㅋㅋ...언제쯤 광해,관상급의 시대물이 나올려나  "
20171122,10,재밌어요! 정말 고생 많았을 것 같아요!  
20171122,5,"t화질도 애매, CG도 애매, 스토리도 애매, 연기는 보통,  연출은 독립영화 퀄리티... 내 돈 주고 보러간게 아니어서 다행인 영화  "
20171122,9,vip시사회에서 보고옴. 카메라워킹이나 연출이 화려하다기보다 조금 투박하지만 액션영화로는 나름 신선했고 여자배우들 나올때 어설픈거 빼고 연기구멍없음. 처음부터 끝까지 몰입하면서 봤음 다만 주인공이 불사신임 정해인을 위한 영화  
20171122,1,이거랑 역린이랑 다른게 뭐임?? 망할듯  
20171122,5,이것도 사이즈 딱 나오네ㅋ  
20171122,5,왜?   역린느낌이나지???  
20171122,1,홍수아 성형 정말 많이 했네....시대극 이랑 안맞는 얼굴  
20171122,10,개천이었지만 용은 나왔습니다. 이제 마음껏 하늘을 날기를. 그리고 여의주를 물기를.  
20171122,10,굿 ㅋㅋㅋ 장난아니다 ㅋㅌㅋ  
20171121,6,반전인듯 반전아닌 반전같은 너게임을 영화로 재현한 느낌이었고 제목 그대로 반란하는 칼부림액션이 많이 아주 많이 나옵니다.결말을 보면 코믹인가 하는 생각이 스쳐감  
20171121,10,멋진 남자 영화에요~^^  
20171121,10,오늘 시사회 보고왔는데 너무 재밌네요~~정해인도 너 잘생기고 연기도 잘하고 ㅜㅜ 또보고 싶어요~~~~♡  
20171121,10,기대중ㅎㅎㅎ주말에 보러가야징  
20171121,1,이런 사극은 이제 관심 끌기 힘들다  
20171121,10,은근 액션 하드캐리할 듯ㅋㅋㅋ  
20171121,1,"뭔평점을보지도않고10점씩던져주냐,그래서난1점이다  "
20171121,1,조재윤 너무 다작하네... 볼 마음이 뚝!!  
20171121,1,"반성할점 투성이인 조선역사 왜자꾸 이리 살붙이고 저리 살붙여서 개소리  늘어놓아가며 쓰레기 퓨전사극, 판타지 영화 만들어대는지 원 ㅡㅡ;; 깨알같이 무사라는 인간 머리 풀어헤친건 덤이네. 조선시대에 서 정상적인 남자중에 상투안트는인간이 있었을까.  "
20171121,7,평식이형 3점이면..글쎄..  
20171121,10,평론가들 실화냐ㅋㅋㅋ  
20171121,1,평론가들 평점은 무야?  
20171121,10,기대됩니다. 출연진도 호감도100인분들이네요. 예매합니다.  
20171121,10,리얼액션~~~요즘보기드문 신선한 액션극이네요~기대안하고보면 졸잼~  
20171121,10,시사회 다녀오니 영상이 진짜 대박이더라구요 꼭보세요!!!  
20171121,10,예고편만 봤는데 기대됩니다!  
20171120,9,이 감독님 드라마는 너무 재미있게 봤었는데 영화는 어떨지 기대되요~과연 군도 같은 영화가  될 수 있을 것인가~!  
20171120,10,기대되는 영화입니다~  
20171120,3,대립군과 같은 처지가 될것같은데...  
20171120,5,감독 필모그래피 보니 그다지 신뢰가...-.-;;  개봉 후 평 보고 볼까 말까 결정해야겠다  
20171120,2,"최근 역사영화가 많이 나오는데..택시운전사 빼고는 평가도 그닥 안좋았고..군함도, 남한산성, 김창수..등  이것도 그닥...  "
20171120,1,홍수아???? 딱봐도 홍수아 때문에 망할듯..  
20171120,1,주모! 여기 국밥한그릇 거하게 말아주세요주모: 없어 새꺄  
20171115,10,액션사극 ㅠㅠㅠ 기대되요  
20171115,1,예고편 보니 뭔가 허접스러워 보이는데. 특히 꽃미남 호위무사의 슬로모션 액션이 오그라들 것 같은...  
20171115,10,我一直期待???影，?于?了。我必?去??。One Pictures 加油～～～  
20171114,10,정말 오래동안 기다렸던 영화입니다!!  
20171114,10,다산 정약용 6대손 정해인 기대합니다  
20171114,10,일좀 내어주길 기대해봅니다  
20171114,1,감독이 드라마 출신이라 그런가? 티켓파워 지닌 배우 한명이 없네.  
20171114,10,꼭 볼게요~~기대기대~~♡♡  
20171114,1,에휴..  스토리만 봐도 영화 본거 같네.. 좀 새로운 스토리 없냐??  
20171113,1,묵직한 배우가 없네 .. 망할삘  
20171113,10,얼마 남지 않은 이번년도 가장 기대 되는 영화 역모!  
20171113,10,이번 영화 2년만에 개봉한다고 들었는데 꼭 대박나시고 캐스팅도 대박입니다 ! 그리고 김홍선 감독님이 액션신을 어떻게 연출하셨을지도 너무 기대됩니다 ! 역모 개봉한 날부터 손꼽아 기다리는 중입니다 ! 역모 화이팅! 천만 돌파하자 !!  
20171112,10,정해인 배우님!!!! 액션4인방 A4의 액션이  정말 기대됩니다!! 역모 대박 기원!!!★  
20171112,7,액션사극은 잘 만들어야하는데...캐스팅은 참 잘한듯. 다들 연기에 누수는 없을것이다.  
20171112,9,"이미 사극 액션 드라마로는 인정 받으신 김홍선 감독님!!스크린 첫 데뷔작도 사극 액션이라 너무 기대되요!!액션,연출,각색 모든 면에서 기대가 됩니다!그리고 요즘 뜨고있는 정해인 배우님의 첫 주연작!!정말 흥했으면 좋겠네요~!!  "
20171111,1,듣보잡배우들 에혀;;;;개망  
20171111,6,너무 우려 먹은 소재. 현빈의 역린도 결국 흥행실패! 그 전철을 밟지 않길 바랍니다.  
20171111,10,역모 반란의시대 이미 배우분들의 역량이 대단해서 기대가 많은 작품입니다!! 또한 길고긴 역사중 하룻밤 사이에 벌어진 이야기를 어떻게 담아낼지 너무나도 궁금합니다!!  
20171111,10,정해인때문에 볼거에요  
20171111,5,군도 민란의시대랑 이름이 비슷해서 깜짝후속작인줄 알았네요 ㅋㅋㅋ  
20171111,10,군함도랑 다른것들은 팩트팩트거리면서 여기는 조용하네?그냥 친일파라고 떠들고다녀라. 괜히 역사왜곡이라며 폄하하지말고ㅋ  
20171110,10,박철민님 나오면 일단 거름.  
20171110,1,솔찍히 이런영화 이제 지겹다!! 비슷한 내용에 ...  
20171108,10,열심히 노력하시는 전성열 배우님 항상 응원합니다!  
20171107,9,기대됩니다 그런데 설민석 선생님이 이인좌의 난을 설명해줬으면 좋겠다  
20171105,10,역모-반란의 시대 정해인 배우님 첫 데뷔스크린작!! 대역없이 열심히 노력한만큼 꼭 흥행하길~♡  
20171105,10,정해인 액션사극 첫 주연작 너무 기대됩니다 !!!♡  
20171105,10,정해인 배우의 첫 주연작 너무 기대됩니다!  
20171103,10,애정하는 배우인 정해인배우님의 첫 주연영화라 기대되고 역사를 배경으로 하는 사극영화라 재밌을 거 같아요~ 꼭 보고싶네요!!♥  
20171103,10,흥행보증수표 주연배우 4인방과 김홍선감독님의 작품이라서 믿고 봅니다!!! 완전 기대되네요!!! 역모 대박내자)♡  
20171103,10,육룡이나르샤 같은 액션삘인데....주인공 출상술 쓸삘인데....  
20171030,10,정해인 배우님 첫 주연 영화 기대됩니다 !!  
20171030,10, 요즘 당신이 잠든 사이에로 매력을 뿜뿜 어필하고 있는 정해인 배우의 첫 주연작이여서 기대가 많이 돼요!! 예고편만 봐도 기록되어서는 안 될 그 날에 무슨일이 일어났는지 너무 궁금해요 ㅠㅠㅠ 2년만에 힘들게 개봉하는 만큼 흥행했으면 좋겠습니다 :D  
20171029,10,"정해인 배우님 첫 주연 액션영화!!  이미 많은 작품에서 검증된 액션 실력이라 너무너무 기대돼요!게다가 보이스, 블랙 연출 하신 김홍선 감독님이라니 그냥 믿고봅니다~ 다른 배우분들 라인업도 좋고 역모를 막는 포졸이라니 스토리도 좋네요.. 꼭 볼게요!  "
20171029,10,정해인배우님의 첫주연영화 11월23일 개봉하니까 많은홍보와 많은관심부탁드립니다ㅜㅡㅜ대박나자  
20171029,10,최근 드라마 당신이 잠든 사이를 통해 많은 사람들에게 얼굴도장을 찍고 있는 정해인 배우님의 첫 주연 영화 역모가 2년 만에 개봉한다니 너무 기대됩니다!!!!  
20171028,10,무협 액션 영화 정해님 배우님의 주연작기대 많이 하고 있어요~특히나 김홍선 감독님 작품이라 기대를 안할수가 없습니다  
20171027,10,실력파 배우들 총집합이라 더욱 기대가 되는 영화입니다. 2년만에 개봉한 영화인 만큼 큰 결실 맺을 수 있기를 바래요 정해인 배우님 항상 응원합니다.  
20171027,10,벌써부터 정해인X김지훈 두 배우의 액션케미가 기대됩니다! 어서 개봉일이 왔으면 ㅎㅎㅎ  
20171027,10,배우님들의 조합만으로도 너무나 기대되는 영화 너무나 빨리 만나보고 싶습니다. 배우들의 조합과 감독님의 멋진 연출이 어떻게 보여 줄지 너무 기대됩니다 ♥  
20171027,10,역모 반란의시대 !!정해인 배우 연기도 기대되고나오는 배우님들만 봐도 기대돼요^^액션사극!! 믿고봅니당♡  
20171026,10,역사에 기록되지 않은 최후의 대결이라는 점이 흥미롭네요 믿고 보는 정해인 배우님이 직접 연기한 액션씬도 있다니까 기대되네요 사극이 잘어울리는 배우 정해인님 응원합니당 ? 모두 11월 23일에 개봉하는 역모 보러갑시다 ?  
20171026,10,역사에 관심이 많은 저에게 우리가 아는 역사 중 잘 알려진 시대 중 하나인 영조시대에 있었던 일 중 역사 속 기록 되지 않은 이야기들을 담은 영화라니 보기 전인데도 벌써부터 기대가 되네요 배우님들도 특급 캐스팅이고 기대됩니다!  
20171026,10,화려한 액션신과 배우들의 열연이 정말 기대됩니다!!!  
20171026,10,tvn에서 하던 삼총사부터 진짜 팬이었눈데ㅠㅠ 그래그런거야에서도 ㅠㅠ 이번에 잘되서 너무좋아요 영화도 잘됐으면ㅠㅠ  
20171026,10,배우 모두 너무 기대된다 감독도..꼭 볼래요  
20171026,10,???세상에대박이야정말  
20171024,3,내용만 그럴듯하게 거창하고 보면 실망할듯  
20171023,10,정해인 흥해라 개봉하자마자 보러 갈예정ㅎㅎ  
20171021,10,배우들의 연기가 기대됩니다~보고싶어요!!  
20171021,10,역모 - 반란의 시대라는 영화가 빨리 개봉을 해서흥행을 꼭 했으면 좋겠다 개봉을 하면 꼭 보러 가야겠다  
20171020,10,기대되는군여~꼭 보러가야겠군여^^☆♡  
20171019,10,정해인 오빠가나오다니 ?!? 꼭 봐야죠  저진짜 보러갑니다 여러분 많이봐요 정말  
20171019,10,정해인 배우님이 주연인 영화라니 ㅠㅠ 벌써부터 n차찍을 준비 되었구요 ㅠㅠ 기대하고 있습니다 역모 화이팅 !!!  
20171018,10,믿고 보는 감독님!!멋진 작품입니다.  
20171018,10,너무 기대되요!! 화이팅!! :)  
20171018,10,굿굿!! 역모 기대되네요  
20171015,10,순간 포스터 김남길 인지 알았다  
20171012,10,명훈이형 대박!!! 완전 역모 최고네요!!!  
20171002,10,김지훈씨 영화 기대됩니다 연기 넘 잘하는배우인데 어떤연기 펼치실지 완전기대기대하고 있어요 지훈씨 대박나세요~^^  
20171002,10,정해인 김지훈 내가 좋아하는 배우들이 나온다. 역모 기대된다.  
20170927,10,대박나세요ㅎㅎ 기대됩니다ㅎㅎ  
20170919,10,정해인 흥해라역모 흥해라아아아>.<  
20170919,10,계속 기다리고 있었는데!! 완전 기대돼요!!  
20170919,10,기대되는 영화입니다~!  
20170919,10,정해인 배우 응원합니다~!! 기대되욥!  
20170919,10,정해인 존잘이다ㄷㄷ ..유아인인줄 알고 들어옴  
20170919,10,정해인 배우가 나온다니 넘 기대됨! ㅠㅠ 배우님 보러가야지  
20170919,10,꺄 김지훈ㅠ_ㅠ 빨리 개봉해라 흑  
20170909,10,대박나세요ㅎㅎ너무기대됩니다  
20170828,10,정해인 진짜 이번엔 좀 제대로 뜨자  
20161228,10,언제 개봉하나요? 넘 보고싶네요  
20161027,10,정해인배우가완전기대됩니다  
20161027,10,액션사극이라....벌써부터 기대됩니다. 빨리빨리 개봉했으면 좋겠습니다.ㅃ  
20160112,10,정해인 사랑해요♡♡♡ 포졸 화이팅!!!!       정해인 화이팅!!!      대박나라~~~  
20151021,10,정해인♥ 블러드때부터 팬인데 영화 개봉하면 꼭 볼게요!! 기대되요~  
20150929,10,대박 느낌이 팍팍!! 개봉 기대 되네요!!!  
20150915,10,정해인 첫 영화 주인공 너무너무 기대되요~~보고싶어요!!! 기대할게요!!!!정해인짱!!!  
20150902,10," 멋있는 영화, 기대많이합니다!  "
20150828,10,정말 기대됩니다!!!!  
20150826,10,기대됩니다~완전!!!  
20150824,10,"기대되요, 완젼 주인공 미소짱ㅎㅎ빨리개봉됫음좋겟어용  "
20150819,10,기대됩니다~~ 어서 개봉하길....  
20150811,10,정해인님 기대됩니다!!  
20150810,10,너무너무기대됩니다!!더운날씨힘내세요^^  
20150809,10,기대되네요 *.* 신선할듯!  
20150806,10,액션 사극이라... 기대 되는데요.  
20150806,10,정해인 첫 장편영화 주인공 꼭 대박나길  
