0,1,2
20170308,10,이 영화 진짜 미쳤다.. 끊임 없이 긴장하게 만들어서 심장이 찌릿함 ㅠ엔딩 올라갈 때 안도의 한숨을 쉴 정도 ㄷㄷ  
20170308,1,알바들 전부 손가락 짜를까??  
20170307,10,몬가 분위기 있는 스릴러 느낌... 빨리 개봉만해라!!!  
20170307,10,소설 진짜 재밌었음 영화 빨리 보고싶ㄷ  
20170307,10,내평점이런 심리영화 계속나와야 됨! 몰입도 장난아님...  
20170307,10,에밀리블런트 존좋 진짜 내 최애 여배우다 영화마다 다 좋네 이번 영화도 최고였음 역시 짱짱걸  
20170307,10,나를찾아줘 같은 영화인건가 기대된다  
20170307,10,역시 미국산 스릴러 ㄷ ㄷ 잼겟당 ㅋㅋ  
20170307,10,역시 미국산 캬.ㅎㅎㅎ  
20170307,1,리어커를 끌고 자갈밭을 달리는기분  
20170306,7,바람 안 피는 사람은 있어도 한번만 피는 사람은 없다더니. 전남편이 전형적인 오만한 바람둥이네요. 메건이란 여자도 그닥 이해는 안되고.레이첼이 자존감을 잃고 엉망진창으로  살다 죄책감을 버리고 자존감을 다시 찾은 모습이 보기 좋았습니다.  
20170306,10,시사로 보고 왔는데 에밀리 블런트 완전 대박.. 결말도 완전 통쾌했음!  
20170306,8,개답답하지만 그래도 잘만들었다. 블런트 프라다에서 첨봤을때 코때메 술취한거같다고 생각햇는데..ㅋㅋ 연기잘한다  
20170305,4,"어뭬리칸식 막장, 그리 어렵지 않쥬?(부제: 미모의 낭비)  "
20170305,10,유명한 추리소설이라  결말을 다들 아는 듯 ~하네요  
20170305,1,열차에서 달구지로  ?10자  
20170305,5,"개봉도 하지않은 영화에 이렇게 많은 평점이 달린건, 해외에서 본 사람들인가? 아님 불법 다운로드로 본 사람인가?  "
20170305,9,모든것을 늘 제탓으로 돌렸던 전남친과의 이별 후 보게 된 작품입니다 영화를 보는 내내 여주가 마치 저인것처럼 집중하고 보다 조금 울기도 했네요 저와 닮은 모든 이가 자신을 파괴하지 않고 상처에서 벗어나 앞으로 나아가는 삶을 살아가게되길 바래요..  
20170304,10,영화 재밌게 봤다. 헤일리 베넷의 몸매 OO.  
20170304,7,책 자체가 베스트셀러여서 구매해 읽어보았으나 너무 지루해서 중간에 덮어버림. 영화는 과연?  
20170304,10,에밀리블런트 시카리오에서 너무 인상적이었는데 알고보니 악마는 프라다를 입는다 왕재수비서역할이었어서 소름 여기서도 또 완전 다른 사람같다 꼭 봐야지!  
20170304,2,이거 책은 정말 재미있는데요 영화는 별로였어요. 영화에 술 마시는 장면이 많은데 보면서 저도 술마시고 싶더라구요. 답답해서.  
20170304,5,12분을 위해 100분을 참고 보기에는 다소 지루한영화  
20170303,7,휴 하필 눈 큰 여자가 이상형일때 헤일리베넷 닮은 여자를 만났고 베넷을 알게됬을때 그 여자는 갔다... 젠장..  
20170303,10,미스터리 스릴러 걸 온 더 트레인 긴장감을 놓을수 없는 영화였습니다.강추!!  
20170303,10,재밌네요 몰입감도 있고 반전도 있고  
20170303,4,지루해 !!! 알바 ㅅㄲ들아 적당히 해 ㅊ ㅕ 먹어라.최근 수면장애 생긴사람 강추  
20170302,9,나를찾아줘가 2d퍼즐이라면 걸온더트레인은 3d퍼즐같은 짜임이다. 좋았던 심리영화  
20170302,10,나를찾아줘 있는 영화 걸온더 트레인 꼭 보고싶다  
20170302,7,에밀리 블런트의 고군분투  
20170301,8,재미를 원하는 분들은 재미없을수도 있어요 전 잔잔한 스릴이 참좋왔어용~멋진 연기굿굿  
20170301,10,음악이랑 연출력 만으로도 10점  
20170228,10,시사회로 봤는데 에밀리 블런트 연기 진짜.. 장난아니다 ㄷㄷㄷㄷ  
20170228,8,"시사회 당첨으로 봤는데 괜찮아요.평점 댓글을 보며 별 기대없이 봤는데 볼수록 몰입 돼고,반전도 ...추천합니다.  "
20170227,7,생각만큼 재미있진 않네.. 여주 누군가 했더니 엣지오브투모로우 여전사.. 그거 하나로 7점 씩이나 주고간다  
20170227,9,"에밀리의 소름돋는 연기가 돋보였다~ 씁쓸하고 슬픈 반전에 놀라기도 했지만, 마지막엔  왠지모를 눈물이..;;  "
20170227,5,시작이 지루해서 조금 더 편집해서 짧았으면 좋았을 듯.. 제목이 이해 안되는 영화! 반전은 살짝 소름~  
20170227,10,에밀리블런트의 연기가최고였다  
20170227,10,돈이 안아까운 영화에요. 스토리가 탄탄하고 지루할 틈을 주지않는 스릴러물이였어요.  
20170227,10,첫장면부터 집중력 최고인 영화  
20170227,10,집중도 엄청나고 에밀리 블런트 연기력 쩔어요!!!  
20170227,10,재밌네요.  많이들봇세요.  
20170227,9,볼만하네요. 남자들 조심!!  
20170227,10,작년에 책으로 봤는데 영화도 완전 잼있어요~~  
20170227,10,강추합니다재관람 추천합니다~  
20170227,9,스릴러 최고의 재미네요  
20170227,9,원서로 본 사람으로서 영화는 두 시간 내에 모든 걸 담기란 힘들었지만 원작이 워낙 뛰어나서 걱정없이 보았다 특히 에밀리의 연기력은 가히 최고다  
20170227,8,마지막 반전이 최고네요!!  
20170227,9,마지막 반전 깜놀!!!  
20170227,9,처음은 조금 지루한데 참고 보세요  
20170227,9,원작이 궁금해지네요!  
20170227,8,긴장감과 흥미로운 이야가군요  
20170227,9,와 마비막 반전이 대박 소오름~~  
20170227,8,나를찾아줘와 비슷한 스릴과 으스스함이 좋습니다  
20170227,6,초반부에는 좀 지루한감있는데 반전도괜찮았음  
20170227,10,좋아요 좋아요 좋아요 좋아요  
20170227,10,시사회로 보러왔는데 너무 재밌어요!또 보고 싶어요  
20170227,8,어렵지만 반전이 엄청나요  
20170227,5,신기한영화ㅎㅎ잼께봄  
20170227,7,후반부로 갈수록 재밌었어요~~  
20170227,10,보다가 계속 소리질렀습니다.ㅠㅠ  
20170227,10,무섭고 재미있어요~~  
20170227,9,슬프고도 잔인한 스릴러  
20170227,8,반전 스릴러 최고예요~~  
20170227,9,스릴넘쳐서 보는 내내 긴장하면서 봤네요 많이 수입해주길  
20170227,8,에밀리블런트 연기가 너무 인상적이었네여  
20170227,10,반전입니다!!!스릴러 긴장감최고에요~~  
20170227,10,반전이 진짜 대박이다 모든예상을 뒤엎는 반전에 정신없이 몰입해서 봤다  
20170227,8,소름 돋는다 연기력에서 놀랍다  
20170227,8,반전이  호러스릴러인줄 볼만해요!재밌어요 꼭보세뇨  
20170227,10,"시사회 당첨되어서 봤는데 처음부터 끝까지 알쏭달쏭, 긴장을 놓을 수가 없는 영화였어요! 나를 찾아줘 분위기와 비슷한데 반전에 답답했던 속이 그나마 풀리는 기분!  "
20170227,10,정말정말 재밌었어용ㅇ 담에또볼래용ㅇ  
20170227,10,스릴넘치는 에밀리블런트의 연기  
20170227,7,남달랐던 스토리였디...  
20170227,10,시사회로 관람했는데 재미있어요ㅠㅠㅠㅠ 나를 찾아줘와 비슷한 느낌이지만 다른 재미가 있네요. 개봉하면 한 번 더 보러갈 각  
20170227,7,잘봤습니다 심쿵입니다  
20170227,8,재미있었어요 또보고싶어요  
20170227,9,스릴이있어세 좋았어요~^^  
20170227,9,사랑과증오에 찬 여자를 보는게 마음이 아팠고 손에 땀을 쥐게했다.  
20170227,8,끝까지 달려가는 재미는 있지만 과정이 좀 지루하다  
20170227,9,꽤재밌네용 시간가는줄몰랐습니다  
20170227,8,조용하게볼만했어요~~~  
20170227,10,반전이 소름을 넘어 무섭다.  
20170227,9,재밌어요 여자의승리 영화  
20170227,8,술은 적당히 마십시다 ..  
20170227,8,집중력있게 잘 봤어요~ 한 번 보기에 좋은 것 같아욤  
20170227,8,재밌었어요! 역시 반전! 엄청 몰입해서 봤어요. 추천합니다  
20170227,9,스릴잇고 재밋네요 굿굿  
20170227,8,반전이 흥미진진했던 영화.  
20170227,10,너무 재밌어요 나를 찾아줘만큼 기대이상에요  
20170227,10,굳 정말 소름돋는다 강추  
20170227,9,흥미진진하네요^^ 잘봤어요~  
20170227,8,"아주스릴있었다, 재미있엏음  "
20170227,8,소오름돋는반전입니다 추천합니다  
20170227,10,충격적인반전! 재밌다!  
20170227,9,아랫도리간수를 잘해야한다  
20170227,7,아쉽지만 흥미진진하긴했다  
20170227,10,스토리 복잡하지만 소름.  
20170227,7,마지막에서 소름돋았어요ㄷㄷ  
20170227,8,긴장감으로 끝까지 호흡고란 유발  
20170227,8,반전도있고 흥미진진하네요~^^  
20170227,7,좋아요~좋아요~ 좋아요~  
20170227,8,전체적으로 우울한 분위기.. 스토리는 빠짐없이 탄탄합니다. 극이 중간이 넘어갈수록 더 몰입..!  
20170227,10,재밌었어요~ 되게 신기한 영화였어요 짱짱!!! 정말 재밌게 봤어용  
20170227,5,충격 반전 스릴러/.. 미치광이 남자와 미쳐가는 여자.. 역시 반전은 반전ㅋㅋ  
20170227,9,시간이 왔다갔다해서 첨엔좀 난해했는데 갈수록 재미있었다  
20170227,6,끝까지 몰고가다가 마지막 반전으로 와..했던 영화 소름끼침  
20170227,10,재미있어요bbb이거 꼭 봐요bb  
20170227,8,생각보다 잔인하고 결말도 허무했지만...그래도 여기저기 떡밥은 많았던영화...!  
20170227,9,반전이있는 영화 좋아오~  
20170227,10,잼있었어요 강추 개봉되면 또 보고파용  
20170227,10,#걸온더트레인 #강추 온몸에 소름이 돋았어요 ㅠㅠ간이 콩알만해서 ㅠㅠ스트레스 풀기에는 최고인 영화~  
20170227,7,좋아요 아주 잘봤습니다  
20170227,8,지루한 듯 하지만 반전이 좋아요!  
20170227,8,긴장감 넘치고 재밌어요.반전결말.  
20170227,9,반전의 반전 긴장감 최고^^  
20170227,8,"오호,나를찾아서보다쉽고재밌어요  "
20170227,7,스릴러물 마지막 반전 좋아요.  
20170227,8,진짜 미스테리한 영화 공포도 있고 스릴 만점이었어요ㅜ  
20170227,10,걸온더트레인  사라진 여자 조각난 기억 정말기대중입니다  
20170227,7,생각보다 반전이잇어서 재밌어요!  
20170227,10,시사회로 봤어요! 정말 심장을 쫄깃하게 하는 스릴러 영화네요 ㄷㄷ!!! 원작도 읽어 보고 싶어요~  
20170227,10,흐트러 놓았던 스토리가 한곳에 모아 놓으니 결말이 되었네요.  시간가는줄 모르고 보았습니다  
20170227,6,나를 찾아줘 와는 전혀 다르다.하지만 뻔한 치정극  
20170227,8,정말 재밌게 봤어요.원작이 있다던데 읽어보고 싶네요.강추드립니다.  
20170227,10,영화 걸온더 트레인 에밀리블런트주연 정말 최고의 스릴러 걸작의 탄생인거 같아요.  
20170227,5,전달하고자 하는 메세지가 무엇인고  
20170227,10,몰입력 장난아님여주 연기력도 bb재밌게 잘 봤어요  
20170226,9,에밀리 블런트의 알콜중독자 연기도 좋았고 전체적인 배우들의 연기가 좋았음.  
20170226,5,박평식:열차에서 달구지로ㅋ  
20170225,1,마지막 반전만을 위해 만든 영화. 보는내내 여주인공 답답하고 짜증났고 엄청 지루함.  
20170225,5,노잼. 연기자들의 연기력은 볼만함.  
20170225,10,몰입해서 본다면 재밌는 영화인데. 몰입해서 보지 않는다면 지루하게 느낄수도 있다. 7점대는 아니라 생각함  
20170224,7,개인적으로 기억시리즈 이제 지겹다..  
20170224,10,아슬아슬 스릴감 제대로 인듯...  
20170223,10,에밀리 브렌트는 진짜 악마는 프라다를 입는다의 이미지가 넘 강해 ㅠ  
20170223,9,출연 여배우들이  다 이쁘다  그래서  9점  
20170223,10,나름 반전영화 마지막장면은 속이 다시원함안나가 가위잡고 돌릴때???  
20170223,7,소설안읽어보고 봤는데 전개방식이 좀 어려우나 이해는되고 영화잘만듬  
20170223,5,이거 소설은 진짜 별론데 영화는 어떨지?  
20170221,6,너무답답행..ㅋㅋㅋㅋ  
20170220,8,'블랙아웃'의 위험성. 술은 항상 기억날 정도로~ㅎ  
20170219,6,헤일리 베넷... 하드코어 헨리의 그 여주일 줄이야... 영화보다는 소설이 더 흥미로운 듯...  
20170219,7,The Girl on the Train  
20170218,10,보고싶어요~ 너무너무기대됑~~  
20170217,10,오올 죽일거 같다. 에밀리 브런트보다 헤일리 베넷이 매력있어보이는건 나뿐인가?  
20170217,6,기내영화에 있어서 봤는데~ 대단한 반전 기대했는데.. 그닥 ㅎㅎㅎㅎ  
20170216,10,진심 이런 스릴러 완전 내 스타일이라고!! 게다가 에밀리 블런트라고!! 빨리 개봉하라고!! 내가 제일 먼저 가서 볼거라고!!  
20170216,10,에밀리블런트 예고편만 봐도 대박 ㄷㄷ  
20170215,1,만약 당신이 '나를 찾아줘'의 느낌을 기대하고  이 영화를 본다면 보지 말라고 얘기해주고싶다. 나는 '나를 찾아줘'를 보면서 좋은 스릴러  라고 느꼈지만 이 영화를 다 보고 느낀 것은 허무 뿐이었다.포스터에 적힌 내용은 사기죄로 고소가능한  
20170215,10,"반전도 충분하며 , 영화는 재미있습니다. 배우 연기도 빠져서 봤어요 . 마지막으로 갈수록 답답함은 커져만가는데. 끝까지 빠져있다 보면 소름이 돋고 결말은 ..  "
20170214,10,진짜 몰입도최고 존잼이엇다 ㅠ  
20170212,6,마지막 반전을 위해 중반까지 미끼를 많이 깔아놓았네..  
20170212,8,"볼만합니다. 에밀리 블란트의 연기도 그렇고, 빠른 전개가 아님에도 몰입감이 있습니다. 요즘 에밀리 블란트 주연은 다 볼만하네요!  "
20170211,10,전개가 느려서 지루함. 끝까지 보느라 힘들었음. 그나마 헤일리 베넷 보는 재미라도 있었기에. 평점 7.0  
20170211,10,정통추리물이라고 해야하나 잔잔한데 원초적이고 파격적예요 연기들을 워낙 잘해서 빠져서 봤네요  
20170210,9,내가 책으로 읽은 레이첼은 저렇게 안생겻을거라고 생각했는데 책에서는 맨날 토하는 알콜중독자 뚱녀로 나오는데... 책이 훨씬 집중되고 소름돋는 명장인데...  
20170210,6,다들 연기는 잘한다. 하지만 전체적으로 지루하고 범인 쉽게 예측가능하며 짜증나는 레이첼의 모습을 참고봐야한다. 퍼거슨+1  
20170209,7,원작을 먼저본 영화는 오랜만인데 그 술에 절은 주인공을 사실적으로 연기한 에밀리블런트는 무시무시했다.  전체적으로 기대보다는 어두운분위기로 가는데  조금은 더 영화적 요소들로 극적인부분이 추가 되었으도 좋을뻔했다.  
20170209,7,고급스릴러를 표방하지만 평범 지루 심심  
20170209,10,좋은 배우와 연출의 좋은 영화. 엘밀리 블런트의 연기 정말 잘하네요.  
20170208,10,내가 제일 좋아하는 여배우 셋이 나온다. 두말할것 없이 10점.  
20170208,6,가면 갈 수록 루즈해지고 누구나 범인을 예상할 수 있다  
20170207,9,"재밌습니다. 몰입도 좋고 수작입니다. 뭐지? 진범이 누구지? 하며 추리하는 맛도 있고, 나를 찾아줘와는 비슷한 분위기. 느낌. 이긴 한데, 나를 찾아줘처럼 끝나고도 기분더럽고 찝찝하지는 않습니다. ㅋㅋ 세 여자의 이야기가 참 흥미로웠음.  "
20170207,7,재미잇습니다 분위기가 칙칙하지만 매력잇어요 조금 지루하기도 합니다  
20170206,10,요새 에밀리블런트 작품선택이 좋음 ㅎㅎ 기대됨  
20170206,10,에밀리 블런트 믿고 본다 원작도 좋아했어서 너무 기대중  
20170206,10,원작 진짜 핵잼인데 빨리보고싶다 ㅠㅠ  
20170206,10,재밌겠다ㅠ 책 엄청 재밌게 봤는데  
20170206,10,오.. 책 재미있게 읽었는데 영화로 나온다니 기대기대  
20170206,10,원작 정말 재밌게 봤는데!!! 영화도 초 기대중  
20170206,10,너무 기대되는 영화ㅠㅠ 생각만해도 심장이 쫄깃쫄깃!!  
20170206,10,오 나는 이런 스릴러가 너무 좋드라  
20170206,10,원작보고 엄청 보고 싶었는데 ㅠㅠ  예고편 뭐죠..이 긴장감  
20170206,10,진심 나를찾아줘 느낌 물씬  
20170206,1,내용 너무 지루하고 마지막 반전에서 약간 재미있을뿐 지루한 영화임..  
20170206,10,그대들의 예상은 처참히 부숴질것이다  
20170205,10,미친 개봉일 언제 떴대 ㅋㅋㅋ 원작평 너무 좋더라  
20170205,2,어떻게 이 영화가 7점대지..진짜 최악 재미도 없고 감동도 없고 스릴러가 스릴도 없고 중간 중간의 독백은 어설프고 이야기 진행는 느리고 지루하고 캐릭터는 하나같이 이차원적임...킬링타임으로도 아깝다  
20170204,8,완전 몰입. 갈수록 새로운 사실들이 하나씩 밝혀지는 재미.  
20170204,9,배우들 연기가 돋보였다. 긴장감이 계속 유지된다. 간만에 볼만한 스릴러가 나왔다.  
20170203,10,"개봉하라고!!!!  믿고보는 에밀리 블란트 ,bb  "
20170203,8,중반부터 긴장감 몰입도ㅎㄷㄷ재밌음  
20170202,5,별 것도 없는 스토리르 이렇게 루즈하게 연출하는 것도 능력인가 매력적인 배우들을 무매력으로 연출하는것도 능력인가  
20170201,10,야! 이 CJ야! 왜 이제야 개봉을 하니!! 얼마나 보고싶었는데 !!  
20170201,10,드디어 개봉확정이라닛!! 좀 늦은감이있지만 꼭 볼께용!!  
20170131,7,딴거하면서 멍하니 보다가 집중하게 만드는 반전  
20170130,8,이거 왜 수입개봉을 안할까요..  
20170129,7,기대 전혀 안하고 봤는데. 재밌음!! 근데 중간에 약간 늘어지긴 함. 애밀리 블런트 악마는 프라다조연에서 주연으로 급 마니 커서 신기 ..  
20170129,10,알콜 중독과 불륜이 무서운 것을 알려주는 영화.  
20170129,6,엣지오브투머로우 에밀리블런트/MI 로그네이션 레베카퍼거슨/매그니피센트7 헤일리베넷... 다들 싸움영화에는 한소질 있는분들인데.. 호호라..  
20170128,10,이게 원래 소설인지는 모르고 봤었는데 보는 중에는 여주 캐릭이 발암이었다가 반전에 충격. 나이든 피비 오랜만에 만나서 반가웠네요  
20170128,7,"에밀리 블런트, 헤일리 베넷, 레베카 퍼커슨.. 알콜성 단기기억상실(Hang Out) 소위 음주 후 '필름 끊김' 때문에 가족과 일 모든것을 잃게된 한 여성이 그날의 진실을 알게되는 이야기  "
20170127,7,좀 졸뻔했지만. 괜찮은 영화다.  
20170127,9,군더더기 없이 깔끔한 명품 추리 스릴러네요.  
20170126,3,별표 많아  참으며서 봤는데 아 지겨워  입가심으로 전쟁영화나 봐야 겠다  
20170123,7,불안정한 감정을 가진 사람들의 얽힌 복잡한 관계를 깐 복선  
20170123,10,너무 기다려지네요. 한국 개봉 안하나요?  
20170123,8,무서워... ㅎㄷㄷ 멀리보았을 때 완벽해보이는 삶이더라도 가까이 보면 그게 아니라는 것...  
20170122,10,꽤 괜찮은 추리소설의 영화화!  
20170122,3,루즈합니다...특별히 재미는 없었구요...그냥 다른 영화추천....  
20170122,9,부부와 실종이 소재여서인지 나를 찾아줘가 연상됐다. 기대 이상으로 재밌었다.  
20170122,8,"처음부터 끝까지 몰입도가 상당하네요. 역이 남자란 찌질한 동물이라는 메시지가 강하게 녹아있네요. 보통 여자캐릭터 욕은 무조건 베댓하던데, 남자 악역 완전 개 같던데 언급도 없네..  한남충 평균  모습이라 그런가 ㅋ  "
20170122,10,악마는 프라다를 입는다의 에밀리가 이 에밀리라니....연기력 하나로 긴장감을 끌고가는 대 배우였네  깜놀아다  
20170121,8,기본은 하는  영화입니다.  
20170121,10,"이제 웬만한 스릴러는 반전이 다 눈에 보이는데, 이 영화는 그런 내 뒤통수를 후려갈김.. 설마 그 놈이 범인일 줄이야..  "
20170121,8,웰메이드..기대이상의 수작..좋은 영화를 보면 바로 다른 영화를 또 보고싶어지는데 바로 이작품이 그랬음..  
20170120,8,"미녀 3인이 펼치는 이야기가 흥미롭게 진행. 연기좋고, 연출 적절하고, 볼만한 스릴러임. 혹시 아이를 갖지 못해 힘든 분이 있다면 가슴아픈 영화니 보지 않으시는게. 그리고 술은 적당히.  "
20170119,8,배우들의 연기력이 돋보이는 흥미로운 스릴러  
20170119,6,기대가 컸던건지 볼거없을때 킬링타임용 정도  
20170118,5,단순한 플롯을 복잡하게 편집해서 있어보이려고 노력했다. 내용은 흔한 치정살인극. 반전을 위해 주변 사람들 모두를 반정신병자로 묘사했다. 감상 포인트는 치졸한 설정과 편집보다 배우들의 연기. 에밀리 블런트의 표정연기가 볼 만.  
20170118,7,○○○○을 이용해 완전범죄(?)를 꿈꾸었더냐...벼락 맞을...그 사람(?)의 잃어버린 시간은 어떻게 다시...보상받을 수 있을런지...  
20170118,3,"..,,..,,..,,  "
20170117,7,초반에 30분정도 보면서 재미있을까 생각하게하는...뒤에는 명확해지는  
20170117,6,"흥미로운 소재를 담고 있는데, 생각만큼 긴장감 있지 않고 특히 모든 비밀이 밝혀진 후반부는 매끄럽게 진행하지 못한다. 그래도 주연을 맡은 에밀리 블런트의 연기는 끝까지 몰입하게 만든다.  "
20170117,5,개인적으로는 별로 노잼이었지 않나... 결말은 예상못하긴했지만 별로였음 여자몸매 볼만한건 인정  
20170117,8,초반의 루즈한 드라마를 넘기면 점점 몰입되는 잘 짜여진 이야기가 매력적이다.  
20170117,9,Haley Bennett에 푹 빠져 보세요...소 섹시...  
20170116,7,심심할 수 있는 스토리를 훌륭한 연출력으로 다듬었다. 미스터리한 분위기가 인상깊은 스릴러.  
20170116,5,걍 책으로 보세요. 영화 나왔다길래 봤더니.. 그저....  
20170116,9,완전 몰입해서 봣어요. 짜임새있는 연출. 스토리. 뛰어난 연기력. 오랜만에 만난 수작.  
20170116,10,빠져들어서 봤네요 잘 봤습니다  
20170116,1,미췬 year 들의 이야기...반전을 위해 말도 안되는 설정으로 남자를 OOOnom 으로 만들어  마무리 짓는 dog씨뤠기 영화  
20170116,9,에밀리의 절정의 연기력을 본 것만으로도...  
20170115,5,내용은 재미있는데... 연출이 상당히 루즈합니다. 그것도 컨셉인진 모르겠지만.  
20170115,6,큰 기대는 하지마시길 그냥 킬링타임 정도 그이하 그이상도 아닌 밋밋한 재밌는 영화는 끝나고 검색한번 해보게 되지만 이영화는 암것도 남지 않음 그냥 밋밋  
20170115,7,더욱재밌을 영화인데 아쉽네요  
20170115,7,무난하게볼수있는영ㅎ?다  
20170115,10,수작이다. 중반 이후 더러 아쉬운 연출이 느껴졌지만 그래서인지 오버페이스가 없다. 전반적인 몰입도가 상당히 높고 반전이 군더더기 없이 깨끗하게 떨어진다. 케스팅 또한 신의 한수였다. 보는 내내 시나리오가 돋보인다고 생각했는데 역시나 소설 원작이었군?  
20170114,8,스릴러반전  오랜만에 잼난거 봅니다. 책도 잼나겠어요  범인을 끝날때 쯤이야 알았다는것!여자 연기자들 매력도 쩔어요  
20170114,6,항상 개연성의 문제가 크다  
20170114,5,에밀리 블란트 엣지오브투머로우 에서봤을땐 요즘 주가를올리는정도의 여배우라생각했지만 ...최고의 여배우가될수있는 가능성이 보인다영화자체는5.5점이면 좋게봐준거다.허접데기 수준이하  
20170114,6,팬티 보여주며 꼬셔대는데 안넘어가는 정신과 의사가 너무 말이 안됨 ㅋㅋㅋ.. 영화가 흥미 진진하면서도 루즈하고 뭔가 개연성이 없는 부분이 있어서 집중이 잘 되지 않음.  
20170114,7,주인공 남자는 죽기전에 실컷 재미좀 봤구만  
20170114,10,이런영화 만나기 쉽지 않은데 재밌네여. 에밀리블런트를 좋아해서 그런지 몰입감도 굿.  
20170114,10,스릴러물의 정석에 가까운 영화. 소설 원작이라 그런지 인물간의 관계라던가 스토리가 굉장히 탄탄하다. 반전 또한 예상치 못했기에 충격적이었고 등장하는 여주들이 하나같이 다 존예 ㅠㅠ 특히 에밀리 블런트의 알콜 중독 연기는 소름 돋는 경지에 이르렀다.  
20170113,8,1시간 20분에 주먹으로 컴퓨터 책상을 내리치며 소름을 느꼈다.  
20170113,2,감독의 역량이 마니 딸리네요.  몰입감도 없고 걍 B급영화로 만들었네요. 반전도 전혀 놀랍지가 않네요.   헬로 연출한 감독  맞나요 진짜??  
20170113,5,그냥 알콜중독자얘기 ..  
20170113,10,이 겨울에 어울리는 영화 술이란 소재와 기차까지 불륜마저도  
20170113,8,소설 안보고 봤는데 초반에 범인나옴... 그 사람 표정 보면...  
20170113,10,영화의 내용만큼 분위기도 좋다. 이런게 영화지. 영화의 내용은 크게 별 거 없는데도 연출과 연기에 박수를 보낸다. 수작!  
20170113,10,소설도 좋았고 영화도 나름 괜찮게 만들었네요..  
20170113,10,소설은 안 읽어봤지만 재밌네요 연기도 다들 훌륭하고  
20170113,6,마지막 10분을 위해 주인공 레이첼의 답답함을 참아야 하는건 오로지 관객의 몫.  
20170112,4,"가끔 야하기만 하지, 이렇게 스릴 없기도 힘들다.  "
20170112,5,매력적인 매건 때문에 5점  
20170112,9,코르크 스크류를 다르게 사용하는 방법  
20170112,9,볼만 했던 영화 에밀리 블린트의 연기는 대단했고 나머지 인물들도 연기들이 좋았다 결말에 갈수록긴장감은 더 해 간다  
20170112,9,엣지 오브 투모로우를 보고 그녀를 처음 알게되었고 시카리오(암살자들의 도시)에서 그녀에게완전히 푹 빠져버렸다. 에밀리블런트의 연기력 하나만으로도 충분히 볼만한 수작. 앞으로의 그녀가 더 기대된다.  
20170112,7,알콜중독이얼마나무서운지알려주는영화 근데 이건 아예기억조작수준인데?  
20170112,8,알콜 중독자의 기억찾기 프로젝트 헤일리 베넷의 매력이 터짐  
20170112,7,2시간에 달하는 러닝타임이 유일한  흠이기는 하지만 에밀리 블런트의 출중한 연기가 이야기의 흥미를 유지해 가는군  
20170112,9,레이첼은 정당방위이다 그러나 안나는 살인자다..다른 여자와 바람폈다고 사람을 죽일수는 없는거니까...암튼 처음 볼때는 머야   이영화 이렇게 생각했지만 갈수록 흥미진진하다 시간을 쫓아가 퍼즐을 하나씩 맞추는 느낌의 스릴러 ....잘만들었다..  
20170112,9,"잔잔하면서도 재미있게 봤다. 솔직히 많이 루즈하고 지루한 느낌도 없잖아 있지만, 한 꺼풀 벗겨 보는 재미가 있다. 리사 쿠드로우 많이 늙어서 아쉽다..ㅠㅠ  "
20170112,10,헤일리 베넷 10점 드립니다  
20170111,8,"보이는 것, 들리는 것들이 다가 아니다.  "
20170111,5,느리고 더딘 기억 되찾기  
20170111,1,초반에 떡밥을 무진장 던져놨는데 결말은 그저 그런 용두사미 원작은 어떨지 모르지만 영화로만 평한다면 6점. 1점은 평점 조절용  
20170111,1,평점 댓글 내용이 다 비슷하구먼....  이런게 알바인가??  벌써 나왔구먼  
20170111,5,영화만 봐서는 원작이 왜 베스트셀러였는지 알수가 없다..초중반은 그저 지루함과 피곤함만 가득한 영화..결말도 그저그렇고..여배우들만 섹시..  
20170111,7,반전은 있었지만... 다소 지루한 점이 많이 아쉽다...  
20170111,5,지루합니다. 단순한 이야기를 길게 늘여논듯합니다.  
20170111,5,암 생깁니다. 여러분의 시간은 소중합니다.  
20170111,9,난봤다 봐라 스릴러 좋아하는사람  
20170111,9,"엣지오브투모로우의 여전사와 미션임파서블5의 여전사, 매그니피센트7의 여전사 3인방의 조합이 기대됩니다  "
20161125,10,나에게 메건은 캐리 멀리건인데... 헤일리 베넷의 메건은 어떨지 참 궁금한 영화입니다.  
20161123,10,11월에 개봉하면 딱인데 왜 개봉안하냐고!!!!  
20161117,10,여배우들 다 내가 좋아하는 배우들이네 이런  
20161106,10,오늘 책을 읽는데 정말 빨리 영화를 보고 싶은 맘이 들었네요... 정말 숨고를틈 없이 몰입되어 읽게 되는 스릴러 였습니다.  
20161027,10,수입하라고!! 개봉하라고!! 좀 보자고!!  
20161023,9,외국에서 미리 봤습니다. 한국어 자막이 없어 조금 힘들었지만 크리피하다는 표현이 잘 어울리는 영화  
20161013,6,전반부에  깔아놓은 흥미진진한 떡밥에 비하면 결말은 좀 허무했던 소설.... 그래도 영화는 엄청 기대되네요.  
20161007,9,"소설은 아직 안 읽었지만,영화는 재미있습니다. 시간 가는 줄 모르면서 관람했네요.  "
20161006,6,하.. 방금 보고왔는데 이미 원작을 읽어서 내용을 다 안다고 하지만 연출이 조금 아쉬웠음.. 루크 에반스가 이렇게 발연기를 하는 배우인지도 처음 알았고.. 그럼에도 불구하고 빛났던건 에밀리 블런트의 찌질연기와 헤일리 베넷!  
20160606,10,이 책을본사람 중 한번본사람은 없다고 생각함  
20160606,5,엥? 소설 속 레이첼은 뚱뚱하고 못생겨서 더 이상 연애를 하기 힘들 정도의 인물 아닌가? 에밀리 블런트라고?  
20160515,10,너무나도 재밌게 본 책인데 영화화 된다는 소식을 이 페이지를 통해서야 알게 됐네요. 헌츠맨에서 가냘픈 체구와 다소 소심할 것 같은 얼굴의 소유자임에도 강렬한 연기를 소화해 낸 에밀리 블런트가 주연이라니! 기대됩니다.  
20160320,10,아주  재밌게 읽은 소설. 영화가 기대된다  
20160229,8,소설이 영화화 되는 구나. 꼭 봐야겠네.  
20160214,1,소설 450페이지 중에서 대략 300페이지 넘게 읽었는데 불필요한 감정표현이 너무 잦아서 감당하기가 지겹다 차라리 영화로 나왔으면 하는 생각이 들었지만 아무래도 좋은 생각은 아닌것같다  
20160110,10,와..소설로도 장난 아닙니다 너무 재밌어서 이틀만에 다 읽어버렸네요.. 영화 완전 기대되구요!! 캐스팅도 진짜 잘어울리는것 같고.. 어떻게 표현할지 궁금합니다^^  
20151130,10,무슨 극중이름 우연이지... 모니카에 레이첼에 실제 피비까지 나오네  
20151026,10,톰의 배역을 누가 맡을지 기대되네요ㅋㅋ  
20150927,10,레베카를 보고 말겠다.  
20150915,10,헐리웃 입성한다 애들아 좀만 기다려라  
20150915,10,에밀리랑 레베카 나온다고 했을때 나 쥬금 ㅠㅠ  
