0,1,2
20170131,10,자전거를 좋아하는 나에게 새로운 면으로 라이딩을 떠올리게 해준 영화  
20170131,10,"뜨거웠던 06년 7월 영천에서 만난 소중한 동기!학사사관 48기 후보생으로 누구보다 동료애, 희생정신이 철저한 너무 멋진 친구! 영화에서나마 다시 보게되어 기쁘다! 아픔이 없는 그곳에서 행복해라 윤혁이! 내일 보고 모레 또 보러갈께  "
20170131,10,시사회 후기 : 죽음 앞에서도 꿈을 위해 최선을 다하는 모습을 보고 저 스스로 반성을 많이 했습니다.  실감 나면서도 감동적이네요!  
20170129,1,전부 10점 주는게 오히려 홍보에 악영향을 주니까 실제로 본 사람들도 객관성을 가지고 평점을 매겨요. 이게 머에요.  
20170126,9,"시사회 보고 왔습니다. 정말 아픈몸에도 불구하고 한국인 최초3,500km 완주 정말 최고입니다.비록 세상을 떠났지만 항상 기억하고 있겠습니다. 삼가 고인의 명복을 빕니다.  "
20170125,10,어제 초5 딸이랑 봤는데 너무 감동적이였어요. 눈물도 흘리고 또 웃으면서 또 울면서  
20170124,9,내가 본 다큐영화. 1위 님아 그강 2위 뚜르  
20170123,10,너무감동적입니다. 꼭보세요!!!  
20170122,10,후배여 지나간 생은 짧았지만 남기신 용기와 희망은 영원하네. 부디 영면하시길...  
20170116,10,투르 드 프랑스에 참가한 한국인 자체가 없었다. 완주가 극히 드물다니 아예 없다. 2015년 부엘타에  출전한 한국계 호주인 이완이 유일한 3대 그랜드 투어 참가자에 구간 우승을 경험해본 선수다.  
20170115,10,영화 너무 잘 봤습니다. 감사합니다.  
20170115,10,글쎄요 잘못눌러서 평점남겨요ㅜㅜ시사회로 봤는데 개봉하면 또 보려고해요!!꾸며낸 게 아닌 진짜 삶의 이야기라가슴이 더욱 뭉클하고 와닿았습니다. 꼭꼭 보세요!!  
20170112,10,100만 자전거 동호인들에게 강추 !!  
20170108,10,내친구 윤혁아 보고싶었는데 이렇게라도 볼수있어서 좋다!보고싶다 친구야  
20170107,10,한국에서 뚜르드프랑스를비롯한 지로디이탈리아등의 대회를 완주한 사람은 극히드물다고알고있습니다.자전거를접한건2014년 현재는 일과 시간으로많이못타고있지만 영화를보고 다시 열심히탈수있는원동력이되길..  
20170104,10, 시사회를 방금 보고 왔습니다 독립영화라 솔직히 구성이 그렇게 좋은 편은 아닙니다 하지만 전해주는 메세지만큼은 다른 영화보다도 정확하다고 생각합니다 희망 이라는 단어가 이렇게 아름다운거 같습니다  
20170104,10,정말 솔직하고 리얼하게 영화를 왜 제작하셨는지를 감동적으로 가슴으로 느낄수있는 영화였습니다. 참여하셨던 모든 분들 정말고생하셨고 멋찜니다.^^  
20170104,10,갠적으로 정말 정말 이영화가 잘됐으면 좋겟습니다.정말 멋진 윤혁씨..본받고 싶어요오래오래 기억하겠습니다.  
20170103,10,"정말 이런영화 시사회를 참석할 수 있어서 영광입니다. 이 영화가 태어나서 처음 평점을 쓰게 만드네요, 홍보성 글 절대아니고요 적극 추천합니다. 레알 인생영화!  "
20170103,10,너무 잘봤습니다~~^^  
20170103,9,감사드리고 감동입니다 만들어주셔서 감사해요 다큐멘터리라 더 감동이예요  
20170103,10,내생에 최고의 영화였다. 나또한 삶에서 여러가지 일있을 텐데 생각이 깊어진다. 이 영화를 위해 애쓰신 모든 분들께 응원을 보내며 감동적이었다  
20170103,10,다큐맨터리 영화? 같은건 처음 보는데 재미있어요. 찾아서 봐도 좋을 것 같아요  
20170103,10,감동의 도가니.너무 멋진 영화  
20170103,10,모두에게 권하고 싶어요~  
20170103,10,새상에서 마지막 49일너무나 감동입니다!!강추입니다  
20170103,10,최고최고최고최고최고  
20170103,9,진심이 담긴 다큐멘터리 감동입니다.  
20170103,10,정말 삶의 소중함과 인간의 의지를 보여주는 영화입니다 꼭 보시길...  
20170103,10,"2009년에 이런 끈기와 용기,희망 가득 안고 도전한 이윤혁군의 감동 스토리가 있었군요.팀웍과 이끌어주신 분들 감사드려요.많은 귀감이 되었어요.좋은 영화 잘 보았습니다.잘 하셨어요!짝짝짝!  "
20170103,10,아이랑 봤는데. 정말 아이랑 많은 이야기와 감동을 나눌수있었어요  
20170103,9,영화로 만들어주셔서 감사해요 감동이네요 도전 정신 배수고 싶고 실화 다큐멘터리라 더 뭉클해요  
20170103,9,슬프고도 감동스러운 멋진 영화  
20170103,10,정말 감동적입니다 !!!  
20170103,10,다큐멘터리 영화라 재미 없을거라고 생각했는대 기대 이상으로 너무 재미있고 감동적 였어요~  한국최초로 뚜루를 완주했다고 하니 너무 자랑스럽습니다~  
20170103,8,지금은 암을 생각하지말고 완주만 생각하자!~~ 큰 울림을 남기고떠난 윤혁씨!~삼가 고인의 명복을 빕니다!~  
20170103,10, 감동적인영화였어요 ~  
20170103,10,윤혁군의 꿈에 너무 감동받았습니다~윤혁군 몫까지 열심히 살아야할것 같습니다.감사합니다  
20170103,9,영화상영 내내 많은 생각을하며 봤습니다.정말 감동적인 영화였습니다.멋진 영화네요~^^  
20170103,10,오랜만에 내 마음을 흔들어주는 감동적인 영화^^너무 감명깊었어요~~  
20170103,10,최고의감동입니다. 정말 멋진분입니다.  
20170103,10,한사람의 의지와 끊기 열정이 함께한 영화였습니다!가족과 함께 나눌수 있는 감동영화!  
20170103,10,정말잘봤어요.완주하는사람이단한명이라는점이정말대단하네요.정말정말잘봤어요.마지막은너무아쉽습니다.하늘에서편안했으면좋겠습니다  
20170103,9,추천합니다!!!감동감동  
20170103,10,엄청울었네요 감동깊게봤습니다엄청울었네요 감동깊게봤습니다엄청울었네요 감동깊게봤습니다엄청울었네요 감동깊게봤습니다  
20170103,9,매우뜨겁다. 업힐이하고싶어졌다. 헛되이살기싫어졌다  
20170103,10,극으로는 표현할수 없는 리얼리티의 위대함! 큰 기대안했는데 신파 국뽕 쥐어짜기 없는 순수한 공감으로 뜨거운 눈물을 쏟게만드는 영화다 또 다시 가족과.. 동료와.. 선후배와 감동에 취한 채 술에 젖는 시간을 만끽하고싶다!  
20170103,10,이 시대를 살아가는 모든이가 꼭 한번 봐야하는 영화!  
20170103,10,너무 감동적이고 같은 싸이클 타는 사람으로써 꼭 보시길 추천드려요...  
20170103,1,계란먹으려고 본 영화임....~~~보지마시길추천해요  
20170103,10,아주좋고좋다  그러므로 많이선전하다  
20170103,8,다소 투박하고 정제되어 있지않은 영화였지만 많은 생각을 하게 되는 영화였습니다.  
20170103,9,너무 감동 스럽고  영광입니다^^/ 주인공이 너무대단하네요 저도 꿈을위해 노력해야겟습니다 흥행하길 ㅎㅎ  
20170103,9,리얼하고 보고 나오며 되돌아보게 되는 영화였어요. 후회없는 삶은 참 어렵지만 살며 깨닫는게 중요하다는 생각이. .  
20170103,10,너무 감동적이고 암과 싸우며 49일간 도전하는 모습이 아름다웠어요  
20170103,10,넘감동적인영화.. 암도 얼른 극복되었으면..  
20170103,9,반성하게 만드는 영화.새해 영화로 강추!!!  
20170103,10,너무잘봤습니다 완주했을때  꼭제가한것처럼너무좋았어요 하지만안타까워요 잘봤습니다  
20170103,10,대단힌신거같아요...슬프네요하늘에서는건강하세요  
20170103,10,너무 마음이 아팠습니다자신의  마지막도 최고로 보낸  윤혁의 도전에 박수를 보냅니다  
20170103,10,지금얼마나행복한삶을사는지한번더알게해주는영화네요 꼭보세요!  
20170103,10,정말 정말 다시 보고 싶다  
20170103,10,"보통 사람이라면 시한부 선고를 받고 절망만 하면서 살았을 것 같은데, 꿈과 희망을 가지고 뚜르를 완주하는 모습이 정말 감동이었습니다. 그 힘들었던 순간들을 우리가 짐작이나 할 수 있을까요, 마음이 애잔합니다. 삶을 돌아보고 감사하게 만드는 영화입니다.  "
20170103,10,너무 감동 받았어요 용기를 가지고 열심히 사려구요  
20170103,10,감동이에요 뚜르 잘봤습니당  
20170103,10,실화라서 넘 감동이에요~~  
20170103,10,가슴이 뭉클하네요~~~~  
20170103,8,지루할 줄 알았는데 의외로 다이나믹합니다. 아이들이 보기에도 무리가 없어요.  
20170103,10,희망과 암환자에게 희망을 주는 영화입니다~  
20170103,10,감명깊은 영화에요~~  
20170103,10,아주 굉장하게 현저하게 상당하게 대단하다.  
20170103,10,손수건 꼭 준비하세요.  
20170103,10,내 생애 최고의 49일 한국인 최초 뚜르드프랑스 3500km 완주 감동실화~ 정말 많이 감동받았습니다  
20170103,9,감동이네요  2017년새해에 좋은영화로 한해맞이하네요  
20170103,10,감동실화 가슴이 뜨거워지는 영화네여  
20170103,10,뚜르 시사회 최고 입니다  
20170103,9,너무 잘봤습니다. 삶을 되돌아 볼수있는 계기가 되는거 같아요..  
20161231,10,"40중반...영화보다 흐느껴운건 올해두번째..나이를 먹어가는건가? 세월X..뚜르..미안하면서 감사한 맘으로 살자!!! ""부모님 돌아가시는걸 내가봐야 하는데..""  하고 오열할때...감정을 주체하기 힘들었다.  "
20161230,10,꼭 봐야할 영화입니다! 긴말이 필요없습니다!  
20161228,10,삶에 대해 많은 생각을 하게된 작품입니다. 힘들게 개봉한만큼 많은 분들이 보셨으면 좋겠어요  
20161227,10,명필름아트센터에서 시사회로 봤어요. 영화를 보고 있는 중에도 다시 보고싶다라는 생각을 여러번 했어요. 인생의 참의미를 깨달아가며 웃다가 울다가 했구요. 내 뜻대로 되지 않더라도 좌절하지 않고 극복하는 멋진 사람들을 보았어요. 꼭 다시 볼 계획입니다.  
20161227,9,한국인중에 뚜르 완주하신분이 계시다니 몰랏네요 꼭보러가겟습니다  
20161226,10,주인공의 마음을 제가 느껴지는것같아 더욱 공감되고 희노애락이 다 담겨서 시간가는줄 모르게 집중하여 보게되었습니다  
20161226,9,절실함이 와닿는 영화입니다! 마음을 열고 선입견 없이 보세요!추천합니다!  
20161226,10,살아있다는 것 만으로도 충분한 감사를...!!  
20161226,10,주인공의 멋진 도전을 통해 많은걸 느꼈습니다. 화려한 영상은 아니었지만 더 몰입되고 공감이 되었습니다.  
20161226,9,다큐멘터리 영화라 극적인 카타르시스를 느끼긴 어렵지만당시의 상황이 생생하게 보여지면서 자전거인으로서 많은 생각을 오가게하는 삶과 꿈에 대한 좋은 영화였습니다.  
20161226,10,자덕으로서 한번쯤 보시기를 권해드립니다 :)  
20161226,10,"오늘 시사회 갔다왔습니다.윤혁이 ""살아있음을 느꼈어요."" 라고 한 부분이 인상적이네요. 우리에게 삶이 윤혁의 삶과 같은 무게의 단어일까요. 운혁은 실존해있었습니다. 제게 17년의 등불이 되는 영화였습니다.  "
20161225,10,나의 고등학교 선배... 윤혁이형...형에게 배운다고 많이 보고 느꼈는데.. 제가 교사가 되었네요편히 잘 쉬고 계시죠? 아프지말고 그곳에서는 행복하세요  
20161225,10,재밌고 감동적일것 같다~ 응원  
20161224,10,이런 영화는 꼭 봐야한다.예고편만봐도 소름 돋는다.하늘나라에선 아프지않기를  
20161224,10,배우자와 함께.. 아이와 함께.. 친구와 함께.. 무엇보다 혼자 한번 보아야 하는 영화...  
20161223,10,얼마 안 가 또 잊겠지만... 얼마 간은 삶이 달라질 것 같습니다. 감사하고 겸손하게...  
20161223,10,다큐영화에 대한 편견을 깨준다  
20161223,10,말이 필요없는 최고의 다큐입니다 꼭보세요 인생을 생각하게 되네요  
20161222,10,"말기암의 청년이 3,500km 지옥의 레이스로 불리는 뚜르 드 프랑스 싸이클경기를 완주하는꾸밈없는 모습이 감동적이네요.삼가 고인의 명복을 빕니다.  "
20161222,10,우리학교 선배님이신 이윤혁 형~ 영화속의 유쾌한 모습 실제로 보고싶은데 정말 아쉽네요...  한국인 최초로 뚜르드 프랑스 완주하신분이 광영고 졸업생이라니... 정말 자랑스워요~  
20161222,10,찬란하게 빛났던 27살생을 살다간 윤혁군. . .명복을 빌며 하루하루 열심히 살아가겠다는 결심을다시금 하게 되었습니다~^^영화 추천합니다~^^  
20161222,10,지인의 소개로 우연히 보게 된 감동 다큐였는데 강인하고 순수한 윤혁님의 아름다운 삶을 통해 다시 나를 볼 수 있는 기회가 되었습니다. 개봉되면 가족과 함께 손잡고 보러 가고 싶은 따뜻한 내 인생 영화가 아닐까 싶네요~  
20161222,10,상업 영화를 조아했는데 제가본 다큐 중 최고 입니다 소소하게 밀려오네요 감동...  
20161221,9,"한창 꿈도 많고 하고싶은 것도 많을 꽃다운 청춘에..그힘든 역경 속에서도 꿈을 이룬 당신에게 진심어린 박수를..감동과 깨달음이 있는 다큐 영화, 눈물 쏟으며 잘 봤다  "
20161221,10,시사회 보고 ..꿈을 완주 해낸  이윤혁  삼가고인의 명복을 빌며 부디 하늘나라에서 맘꺼 자유롭게 또 다른 꿈을 위해서 완주하고 있을거라 봅니다. 그리고 함께해준 9인의 맴버들께 박수와 노고에 감사드립니다. 웃다가 진심으로 울었네요. ㅜㅜ  
20161221,10,"시사로 봤어요. 소중한 인생, 한순간도 그냥 지나칠수 없을 것 같아요. 감독님 감사합니다  "
20161221,10,어제 동생이랑 씨네큐브시사회에서 봤습니다 기대를안하고 갔는데.. 너무좋고 계속 기억에남네요.. 윤혁군 절대 잊지못할거같아요 윤혁군이 온몸으로 전해준 희망의 메시지를 죽을때까지 기억하고 저도 희망을갖고 새해를 맞이하겠습니다 촬영하느라 고생많으셨습니다강추  
20161220,8,정말 열심히 살아야겠다는 강한 동기를 만들어 주는 영화...주인공 생각하니 한 순간 아니 1초도 버릴 수가 없네요.  
20161220,10,"내생애 가장 아름답고 따뜻했던 관람 시간이었습니다..주인공 윤혁과, 함께해주신 모든 분들께 진심으로 감사드립니다.  "
20161220,10,진정한 감동입니다....눈물 콧물 쏙 뺐네요... 정말 인생다큐 입니다...  
20161220,10,담담하게 그의 마지막 꿈과 희망 질주를 생생하게 묵묵히 담아준 작품. 완주한 윤혁군과 모든 크루들에게 감사합니다. 꼭 한 번 보시길 추천합니다  
20161220,9,이 영화를 보게 해준 남자친구에게 감사하는 마음이 듭니다. 많은 상영관에서 개봉해서 암환자들이 희망을 얻었으면 좋겠습니다.  
20161220,9,꽃이 진다해도 그 향기는 언제나 기억되길  
20161220,10,너무 감동적이네요....아름다운 프랑스의 자연과 함께윤혁의 꿈을 그린 이야기  
20161220,10,"씨네큐브에서 미리 시사회로 본 뚜르 : 내생애 최고의 49일 영화보다 더 영화같은 실화 인간의 한계, 나의 한계에 대해 깊이 생각할 수 있는, 생각해볼 다큐영화.. 너무 여운이 오래 남을거 같은..! 제작자 분들과 주인공 이윤혁님께 깊은 박수와 찬사!  "
20161220,10,"실제 영화 상영시간 97분, 보고나면 눈깜짝한듯 97초가 흐른 감동과 아쉬움 그리고 아련함이 9시간 7분이 지속된다 그리고도 계속..내인생최고의 괴로운 시간이라 생각되는 요즘 나에겐 치료제같은 영화 아니 실화  "
20161220,10,"이런 감동적인 영화가 왜 이렇게 늦게 개봉되었는지?아쉽고 안타까운 마음에 아렸는데.다시 생각하니 이렇게 힘든 시기에 윤혁군이 대한민국에 기운을 주려고 그랬나 봅니다. 감동, 눈물, 뭉클, 사유, 박수?짝짝짝!~*☆  "
20161220,10,올해 최고의 영화여요 강추!  
20161220,10,이렇게 감동적인 다큐는 처음이다.  처음부터 끝까지 몰입하며 봤다.  감동 자체였다.  여러가지를 생각하게 만드는 영화.  모든이들이 함께보고 힘을 얻기를 바란다ㆍ  
20161220,10,내 생애 최고의 다큐멘터리 영화입니다!^^*  
20161220,10,그냥 감동 그자체! 휴지 필요합니다~후회 안하실듯  
20161220,10,감동에 감동을 전하는영화  
20161220,9,49일 동안의 살아있는 생생한 영화. 고생한 모든 분들에게 '멋있었다.'라고 말해주고 싶습니다.  
20161220,10,거친다큐. . 허나따뜻한영화  
20161220,10,감동적이고 좋아습니다  
20161220,9,윤혁의 단순한 일대기가 아닌 진정한 인간의 의지력이 무엇인지 파악할수 있는 감동적.영화 이다.  
20161220,10,너무 감동적인 영화인데 지금 같은 하늘 아래 있지 못해 안타깝네요.  
20161220,10,너무 영화가 감동과 재미가 있습니다.  
20161220,9,죽음의 두려움에 맞선 자전거 여행  
20161220,10,시사회에서 보고왔는데....꼭 보시길 바래요  
20161220,10,너무 인간적인 영화였습니다. 산을 바라보는 표정이 마음에 맺히네요. 등장인물들 모두 다 인상적이에요.. 정말 꼭 보시면 좋을 것 같아요  
20161220,10,제 친구도 암으로 세상을 떠났습니다 만약 떠나기전 이영화를 봤다면 제 친구도 죽기 전에 무언가를 해보고 떠났지않았을까 라는 생각을 들게했습니다.주인공인 윤혁씨 좋은 곳으로 가셨을거라 생각합니다 투병기간 동안 고생많으셨고 좋은영화로 귀감시켜주셔서감사해요  
20161220,10,감동의 순간입니다. 꼭 보세요!  
20161220,10,감사합니다. 좋은 영화네요. 오랜만에 의미있는 영화봐서 감동입니다. 꼭 다들 보시길  
20161220,10,아름다운 도전이 있기에 인생이 아름답습니다.  
20161220,10,정말 감동이네요  강추 강추  
20161220,8,사는 게 참 위대한 거구나 느낄 수 있는 영화. 여정을 함께 하는 사람들의 선의와 삶에 대한 의지를 보면 잘 살 고 싶어진다.  
20161220,9,다큐멘터리라는 것이 현실감 있게 다가왔다  
20161220,10,멋진 영화입니다.자신의 생을 돌아보게되는  
20161220,10,시사회로 봤습니다이 세상 모든 암환자분들 힘내세요항상 응원하겠습니다  
20161220,10,최고의 감동적인 영화모든 분들께 권하고 싶네요.  
20161220,9,가슴 먹먹 하네요윤혁님 비오는 날 자전거타는 마지막 명장면이네요  
20161220,10,웃기고 재밌다. 최고다!!!  
20161219,10,"""암은 나중에 생각하고 지금은 완주만 생각하자""천국같은 마지막 장면이 압권. 한국 최고의 다큐  "
20161216,10,한 청년의 아름다운 도전에 뜨거운 감동을 느꼈습니다.  
20161216,9,부산에서  시사회로  봤습니다. 유치할줄  알았는데  생각외로  감동적이었습니다. 흥행하길 기원합니다.  
20161216,10,대구시사회에서 봤습니다 마냥슬플거라생각하고갔는데 슬픔보다 많은것을 느끼고 생각하게 만드는 영화인거같습니다 영화내용이 저에겐 포기하지않고 기적이 어떻게 함께 만들어지는지라고 느꼈습니다 이영화가 많은 사람들에게 보일수있는것도기적이라느꼈고 개봉되면 보러가요  
20161215,10,2016 최고의 영화.  
20161215,10,엄마아빠가 죽는 걸 보고 죽고싶다는 그 장면이 너무나 마음이 아픕니다. 절박하게 고통스럽게 우는 장면을 떠올리며 부모님을 생각하고 그 꿈을 생각하며 살겠습니다.  
20161215,10,26살 청년이 그의 삶으로 보여준 진정한 위로와 깊은 울림..정말 감동적입니다. 꼭 보세요!  
20161215,9,치유의 영화..모든이들에게 희망을 주는 영화였어요  
20161215,10,Beyond words !!!  
20161215,10,최고의 감동~~~꼭 보시갈 바래요~~  
20161215,10,감동적이었습니다.2017년 희망의 영화가 될듯합니다.^^  
20161215,10,너무 감동적이고 재미있어여 ㅠㅠ!!다들꼭보시길  
20161215,8,이런 실화 영화 정말 원츄!^^  
20161215,9,감동스러운 영화 잘 봤어요.  
20161215,10,감동과 기쁨과 슬픔 이 있었고 삶에 대한 성찰을 해볼 수 있는 영화이다.  
20161215,10,암 환자가 아닌 한 사람의 희망과 꿈을 덤덤하게 풀어낸 명작!  
20161215,10,"삼가고인의 명복을 빕니다.""암이 내겐 기회다""라는 말이 계속 맴도네요.아픔이 인생의 또 다른 전환점이 되는 과정을 보면서 느끼는게 많아지는 영화네요 대박나세요~  "
20161215,10,어려운 도전인데 뭉클했어요  
20161215,9,자전거 레이스와 음악의 조화가 좋았고 담담하게 이어진 영화였다. 포기하지 않는 청년의 모습과 내 2009년이 교차되어 떠올랐다. 더 과장할 수 있을 영화였는데 그러지 않아도 감정을 이해하고 떠올릴 수 있는 서사가 좋았다.  
20161215,10,시사회 설명들으면서 글 남겨요. 좋은 영화 감사합니다.  
20161215,10,우연히 보게 된  영화가  소나기를 퍼붓고 지나갔다.왜 윤혁의  뚜르완주 다큐가  내인생을 돌아보게 되는지...짧지만 그 누구보다  인생다운 인생을  살다간 윤혁을 보고 지친 마음에  또 다시  희망의 싹이 틉니다.   고맙습니다!  
20161215,9,너무 감동적이고 좋았어요마지막 용기와 그험난한  결정에 머리숙여 감사의마음을 전합니다.이영화를 보면시면서 모두가 희망과 용기를 잊지 마시길. . 윤혁씨~좋은곳에서 아프지말고 편히 쉬세요~  
20161215,8,49일간 1000시간 녹화본을 1시간48분으로 응축시켜서 담아내느라 고생많았습니다2009년 녹화본을 추리고 추리고 다시보고 이런 다큐영화를 만들었다고 감독님의 얘기를 들으며 감동받았습니다  
20161215,10,"10점 만점 준 작품은 처음이네요!세상에 ""포기""가 가장 어렵다는걸 알게 되었습니다.좋은 작품을 만나 연말을 행복하게 마무리함을 감사드립니다.  "
20161215,10,삶을 살아가는 가장 이유 중의 하나인 꿈을 위해 달려나간 멋진 청춘의 이야기! 삶에 감사하고 소중함을 가져야 함을 일깨워준 감사한 영화!  
20161215,9,감사한 영화였습니다. 시사회 보고 나왔어요  
20161215,8,영화 기대 안했는데 너무 감동적으로 봤어요. 이기적일지 모르겠지만.. 병에 지지 않으려는 그의 모습에 제 모습을 비교하며 조금은 위안을 삼았습니다. 응원해요!!  
20161215,9,가슴 아프지만 잘 봤습니다  
20161215,9,너무 안타깝네요. 영화 잘만들었네요  
20161215,10,아름다운 청년의 의지가 그림같은 프랑스의 풍경보다 더 빛난다.  
20161215,10,정말감동적입니다.   눈물없이는볼수없네요  
20161215,10,감동입니다. 멋진 청년인거 같아요  
20161215,9,늘 누군가의 삶을 보는 것은 흥미롭다. 특히 윤혁은 오랫동안 잊지 못할 것 같다.  
20161215,10,시사회 보고 왔는데 정말 좋았습니다  
20161215,10,인간승리. 멋진사나이를 만났어요  
20161215,10,"[관람객] 다큐멘터리, 재미있네요, 감동입니다.  "
20161215,9,무슨 영화인 모르고 아무생각없이 시사회신청해서 당첨이 되어서 보게되었는데 다큐 영화인데도 지루하지않고 나를한번 돌아보게되는 울림이 있는 영화 였어요  
20161215,10,"윤혁씨가 자전거 타면서 부르는 노래, 힘내고자 외치는 소리가 꼭 저에게 해주는 노래와 응원인 것 같아서 힘이 나고, 고맙습니다. 짧았지만 청춘답게, 긍정적으로 살다간 윤혁씨의 명복을 빕니다. 좋은 영화 만들어주셔서 감사해요.  "
20161215,2,"어제 시사회 보고 왔습니다.기대가 컸기 때문일까요. 생각보다는 별로...윤혁씨의 도전을 폄하하고 싶은 맘은 없지만,공감을 이끌어내서 감동을 주기에는 부족한 작품이라 생각됩니다.  "
20161215,10,진짜 멋진영화네요...시사회 보고 왓는데..극찬입니다.. 이런영화는 널리 널리 알려야됩니다 ^^  
20161215,10,"어제와 같은 오늘, 오늘 같은 내일을 살아가고 있는 모두에게 마지막 힘을 내어 후회하지 않을 오늘을 살아보라고 말해주는 영화네요.  감사합니다.  "
20161215,10,제가 평소 다큐를 좋아해 시사회에 다녀왔는데 너무 좋은 시간이었습니다. 뭉클한 부분도 있었고 유쾌한 부분도 있었습니다. 제가 이윤혁씨였다면 생각하지 못했을 도전 정신을 보고 감동도 받고 반성도 했던 시간이었네요. 하늘에서는 아프지말고 행복하세요....  
20161214,10,보는 내내 주인공과 함께 하는 기분이었어요. 오르막길을 힘겹게 올라갈때 함께 페달을 밣아주고싶을만큼.. 촬영 후 병원씬에서 헬슥해진 모습에 너무 마음이 아팠고 짧은생이지만 그 누구보다 값진 삶을 사신 것같습니다. 삼가 고인의 명복을 빕니다..  
20161214,10,"너무 멋진 영화였고, 저두 꿈을 향해서 폐달을 열심히 굴려보려구요..! 감사합니다  "
20161214,10,너무 십오졌구요...ㅠㅜㅠㅜ  
20161214,10,시사회로 보고 바로 평점 남깁니다 꼭 보시라고 추천하고 싶네요 ! 행복하지않다고 느끼는 분들 보시면 지금 현재삶도 감사하게 느껴집니다 이 영화를 볼수있게해주셔서 감사합니다 정말  
20161214,9,기적을 만들어낸인간적인 너무나 인간적이여서 눈물이 흐르는희망을 주고 간 윤혁  
20161214,10,희망을이야기하는최고의감동실화  
20161214,10,감동 감동 감동...여운이 오래갈듯하네요  
20161214,10,시사회로 방금 봤어요. 제 자신을 돌아보며.. 특히 나도 모르게 눈물이 주루룩 흘렀어요  
20161214,10,잠깐에 웃음과 찬찬하게 밀려오는 감동 그 자체 임니다..  
20161214,10,너무 슬퍼요 감동적이에요  
20161214,10,오랜만에 감동적이고 좋은영화 본것같아서 정말 좋았습니다!!  
20161214,10,감동이네요 진짜! 주인공이 의지도 대단하고 멋진 것 같아요!! 보는 내내 응원했어요  
20161214,10,다시 한번 삶에 대해서 생각해보게된 소중한 영화였습니다~  
20161214,10,저도 자전거타는 사람으로 개인적으로 몽방뚜를 올러갔었는데요 정말 공감이 많이 갔습니다다시는 언덕 안올라가!!!!  
20161214,10,너무 좋습니다. 많은 것을 느끼게 하는 영화인 것 같습니다. 한순간 한순간의 소중함을 다시 한번 느꼈습니다.  
20161214,10,보는 내내 응원하였습니다너무 멋지고 감동적이였습니다잘봤습니다  
20161214,9,자전거 라이더 입장에서 보니 더 많은 것을 느낄수 있었습니다. 나는  무엇을 하면서 살아가는지 반성하게 됩니다.  
20161214,10,항상 내가 제일 불행하다고만 생각하고 아무것도 안하려고 했는데.. 윤혁씨 보고 제가 얼마나 생각없었는지 생각하게 됐어요정말 감동적이었어요  
20161214,10,영화 잘 보았습니다..더 열심히 살아야겠다는 힘이 생기네요~~  
20161214,10,너무 감동적이였어요.  
20161214,10,꿈을 향해 도전하시는 모습이 너무 멋졌습니다. 감명깊게봤어요!! 꼭 한번쯤 보면 좋을 영화같네요.  
20161214,9,내가 살아가는데 가장 중요한 것은 무엇일까?  
20161214,9,그 누군가 살고싶어하는 오늘을 깨달은 하루다.부모님보다 먼저 죽지는 말아야는데.. 눈물을 참지 못했다. 올해의 다큐로 충분한 감동적인 영화인듯.  
20161214,10,너무 감동적이었습니다ㅠㅠ열심히 살아야겠다고 다시한번 생각하게 만드네요.  
20161214,10,감동적이고희망을주는 따뜻한영화였다.  
20161214,10,감동적이고 희망을 주는 따뜻한 영화인 것 같아요:)  
20161214,10,주인공의 도전정신과 의지에 감동과슬픔이 넘치는 영화  
20161214,8,위대한 도전에 박수를 보냅니다  
20161214,10,넘나 좋았어요 느낀점 많은 그런 영화ㅠㅠㅠㅠ  
20161214,10,너무감동적이었어요 잊지못할거같습니다ㅠㅠ  
20161214,10,시사를 통해 봤는데 정말 감동적입니다 꿈에 대해 생각해볼 수 있는 영화네요 추천해드려요.  
20161214,10,꿈과 희망에 대해 다시 생각하게 해주는 작품이네요!  
20161214,10,삶에 대해 생각해보게 하네요자전거가 타고 싶어지네요  
20161214,10,재미있고 감동적이에요!!  
20161214,10,멋진 청년에게 배웠습니다. 살아있는 하루하루가 정말 소중한 인생이라는 것을...  내생애 최고의 다큐영화를 만들어주셔서 감사합니다. 재미와 감동으로 두시간을 채웠네요. 개봉하게되어 다행입니다. 윤혁의 힘입니다 ~!!!  
20161212,10,시사회 참석해서 봤습니다. 별 기대 안하고 봤는데 정말 너무 감동적이었습니다. 영화보면서 운거 오랜만이네요. 영화 만들어주시고 개봉해주셔서 감사합니다.  
20161212,10,너무나 멋진 청년입니다...개봉하면 꼭 보고싶습니다.  
20161210,10,시사회 보고왔습니다.  
20161210,10,형아...흐어어엉 두번보세요  
20161210,10,시사회보고 나왔습니다. 다큐가 웬만한 극영화보다 훨씬 울림과 재미가 있다는 걸 깨닫게 되네요.. 많은 사람들이 봤으면 좋겠습니다!!  
20161210,10,오늘 시사회에서 봤는데 너무 감동적이예요강추입니다.  
20161210,10,내가가야할방향을 제시해준 이준혁님께 깊은감사를드립니다.높은곳에서 편하게 자전거와 함께하시길바래요♥  
20161209,10,극으로는 표현할수 없는 리얼리티의 위대함! 큰 기대안했는데 신파 국뽕 쥐어짜기 없는 순수한 공감으로 뜨거운 눈물을 쏟게만드는 영화다 또 다시 가족과.. 동료와.. 선후배와 감동에 취한 채 술에 젖는 시간을 만끽하고싶다!  
20161209,9,와 어제 보고 유쾌하게 보다가 프랑스 자연 보다가 끝에 마음이 짠한것이.. 영화 자체가 인생이었네요. 많은 생각 들게 하는 영화  
20161209,10,"헐크 윤혁아~ 그곳에선 좋아하는 밥도 많이 먹고 운동도 많이하고 잘지내렴. 사관후보생시절 항상 동기들을 위해 고생하며 희생하던 모습, 항암치료 중에 많이 수척해졌던 니 모습, 장례식장에서 영정사진 속의 니 모습 오래도록 기억할게.  "
20161209,10,이 내용을 지금알게 되어 자전거인으로서 정말 죄송합니다.  
20161209,10,희망을 알려준 영화모든 사람과 함께 보고 싶은 영화  
20161208,10,눈물 감동이 그냥 흐른다!  
20161208,10,최고입니다! 2017년 시작을 꼭 뚜르와 함께 하세요.  
20161207,10,드디어 우리나라에도 이런 영화가.. 꼭 보러 갑니다...  
20161205,10,한계를 마주한 인간이 어디까지 달려나갈 수 있는지 보여준다.  
20161203,10,저의 교생선생님이었던 윤혁이형! 형 때문에 지금 제가 체육교사 하고있는데... 형이 보고싶었는데.. 너무 감사합니다. 저는 저의 예체능 제자들하고 꼭 보러갈겁니다.  
20161202,10,너무 기대되는 다큐멘터리에요. 계속 응원하겠습니다!  
20161202,10,윤혁군의 여정은 우리 삶의 모습 그 자체인 것 같아요  
20161202,10,이 영화는 꿈과 희망과 열정이다 ♡  
20161202,10,오늘을 살아가는 청춘들을 울릴 영화  
20161202,10,기록으로 남겨질 스토리  
20161202,10,열심히 살아야겠다는 생각을 했어요 ㅠㅠ 그 무엇보다...그의 인생에 존경을 표합니다  
20161202,10,꿈의 그리며 가슴을 두근거리게 해주는 영화  
20161202,10,현재가 선물임을 깨닫게 해준 영화  
20161202,10,마음을 움직이는 최고의 영화 !!!  
20161202,10,"마지막 20분, 눈물을 주체할 수 없었다  "
20161201,10,예고편만 봐도 감동이 몰려오네요. 빨리 개봉해서 보고싶어요  
20161130,10,꼭 봐야겠다 뚜르라니..  
20161130,10,감사합니다. 이런 영화는 처음보는 것같을거같네요  
20161130,10,"꼭 보고 싶습니다! 자전거를 타다 다쳤을 때, 그런 마음이 아닐까 해서 공감될듯 싶습니다.  "
20161130,10,예고 보는데 개봉이 기대되요상영관이 많아져서 가까운곳에서 보고싶어요  
20161130,10,"삶에 대해 생각할 수 있는 시간을 주셔서 감사합니다. 그리고  은혁님과 부모님, 임정하 감독님과 스텝분들까지 인정과 감사를 드립니다!!!  "
20161123,10,내자신을 다시한번 돌아보게 되는.. 내자신이 부끄러워졌던 영화 하지만 뭔가모를 용기가 생긴다.. 정말 최고...  
20161121,10,진짜로 감동 먹었고 이 영화는 꼭 봐야댄다고 생각합니다 ㅠㅠㅠ 눈물이..  
20161115,10,음악도 좋고 영상도 좋고.. 내 생애 최고의 영화!  ㅠㅠㅠ  
20161113,10,정말 감동했습니다 고맙습니다  
20161012,10,"이은혁 어머님 정말 훌륭하시고, 이은혁군 정말 많은 사람들에게 살아갈 수 있는 힘을 주셨어요 정말 감사합니다  "
20160324,10,헉?이렇게 재미있고 아름다울 수가.. 영화를 보고나서 커다란 체험을 한 느낌이었습니다. 더 소중한 사람들에게 보여주고 싶은 영화였어요. 정말 대박 감동~  
20160127,10,와 이런다큐가 정말 많이 나왔으면 좋겠어요~ 완전 좋아요!!!  
20160126,10,배우고 느끼는게 많은 다큐멘터리네요...전개가 너무나도 훌륭합니다.  
20151214,10,앵콜전에서 봤는데 눈물바다 ㅜㅜ  
20151212,10,이런다큐 처음이야~잘 만들었다로는 부족해  
20150921,10,내가 본 다큐 중 최고다 ㅠㅠ  
20150920,10,정말 감사합니다.정말 감사합니다.제작해주신 감독님께 정말 감사드립니다.  
