0,1,2
20171108,10,ㅋㅋ김혜수보다 이선균이 5살 어린데 누구는 언니고 누구는 아저씨라부르네ㅋㅋㅋㅋ그들만의 언어는 이해하기가 힘들구낰  
20171108,1,스토리없는 영화 첨봄...뭐냐? 이영화. 짜증  
20171108,9,믿고보는 이선균 김혜수 두 배우의 조합~ 멋집니다~초반에 너무야해서 별하나 뺐어요^^  
20171108,8,아토믹 블론드가 생각나는...  
20171108,1,니들 다 알바냐? 오지네  
20171108,10,김혜수 오랫만에 나오는것 같은데? 보러가야징~  
20171108,10,김혜수 이선균 이희 준 배우 조합만으로 충분히 기대됨  
20171108,1,"'미옥' 시사회로 봤는데 정말 최악... 쓸데없이 야하고, 쓸데없이 잔인하다... 내용 전개도 좀 어이없고, 이선균 역할은 거의 사이코 수준;;; 주연 배우들에겐 미안하지만 한국 영화의 발전을 위해 이런 영화는 꼭 망해야 한다...  "
20171108,1,내예감은 틀린적 없다 . 이거 망  
20171107,1,맨날 ㅈㄹ같은 조폭 르와르야  
20171107,10,개봉일에 친구랑 보러가기로했는데 어떨까 너무 기대가되요  
20171107,10,시사 리뷰들 봤는데 관심 생겨서 왔습니다. 보고싶더군요  
20171107,1,"첫장면부터 몰카형식으로 성매매 장면 연출,  김혜수는 사실상  생물학적 성만 여자일 뿐  그녀를 여자로 만들어주는 것은 모성과 러브라인.  이게 여성 주연 느와르? 악녀보다도 못하다. 절대 팔리지 말았으면  "
20171107,10,기대가 되는대요? 영화 어떠케 나왔을라나  
20171107,9,저는 이선균을 좋아해서 그런지 기대가 되네요  
20171107,10,이런 영화 기다렸습니다. 느와르다운 분위기 기대하겠습니다  
20171107,10,화끈하면서도 가슴 저미는 르와르?관람료가 아깝지 않은 열연의 향연  
20171107,10,여성 느와르라니 기대기대!!  
20171107,1,그냥 김혜수는 타짜할때가 빛났다.  
20171107,10,김혜수의 몸매는 10점이엿다  
20171107,10,역시  배우들 클라스가 있네요 믿고보는 영화!  
20171107,5,"시사회 후기..잔인하고 야한 자극적인 장면 , 배우들의  뛰어난 연기력에 비해 스토리 가 엉성하고 뜬금없어 사전에 무슨내용인지 알지 못하고가면 무슨내용인지 뜸금없을듯한 이야기 전개.  "
20171106,9,"방금 무대인사 시사회로 봤는데 대박!! 역시 이선균,김혜수!! 짱 멋있다~ 처음부터 야하고, 잔인하긴 하지만 몰입도 최고~ 마지막엔 눈물살짝;  "
20171106,10,그래!! 이런역할은 진작 김혜수가 했어야해  
20171106,10,예고편보니깐 본편이 기대되네요!!  
20171106,10,"믿고 보는 배우가 둘씩이나 있네요 김혜수, 이선균! 꼭볼래요  "
20171106,10,영화 기대돼요!! 꼭 보러갈게요  
20171106,10,예고편 오지네요 김혜수 걸크러시!  
20171106,10,멋진영화 같아요! 기대됩니다  
20171106,10,혜수 언니 걸크러시  지리구요!  
20171106,10,예고편만 봐도 분위기가 느껴지네요 기대됩니다!  
20171106,10,포스가 느껴지는 김혜수! 영화 기대됩니다  
20171106,10,믿고 볼게요 김.혜.수~  
20171106,10,안볼수가 없는 영화 같아요!!  
20171106,10,범죄도시보다 더 멋있는 영화 일거 같아요!  
20171106,10,기대작이었어요! 드디어 이번주 개봉이네요! 꼭 보러갈래요~  
20171106,10,한국형 여성 느와르 기대 됩니다!  
20171106,10,드디어 이번주구만!!!ㅋ  
20171106,10,이거 해외 포스터가 진심 지리던데;;;  
20171106,10,걸크러쉬 김혜수 믿고 보러 갈래요~~  
20171106,10,예매했습니다! 출격완료!ㅋ  
20171106,10,요새는 볼게 이거말고 뭐 있나???  
20171106,10,김혜수랑 이선균 믿고 보러갈래요~~  
20171106,10,볼게 본다고!!!김혜수 배우 얼굴만 봐도 볼거야!!  
20171106,10,놓치지 않을거에요~~  
20171106,10,믿고 보는 김혜수 이선균이죠!  
20171106,10,항상 주도하는 김혜수 배우랑 잘 어울린다 느와르! ㅋ  
20171106,10,배우도 김혜수랑 이선균이고 장르는 느와르??보란 소리네 ㅋㅋ  
20171106,10,믿고 보는 김혜수죠! 이번영화도 걸크러쉬!  
20171106,10,여자친구랑 보러갈게요~~  
20171106,10,기대기대기대기대!!  
20171106,10,주말은 미옥이랑 보내야겠다 ㅋ  
20171106,10,해외에서 상 많이 받았네??올 ㅋㅋㅋ  
20171106,10,역시 청불이구만?ㅋㅋ구우우웃 ㅋㅋ애들은가라~~  
20171106,10,키야~대사 주옥같네 ㅋㅋ협박이에요!ㅋ  
20171106,10,신기한게 김혜수 영화는 다 본거 같네;;;ㅋㅋ  
20171106,10,기대되는 배우와 기대되는 장르의 조합!  
20171106,10,이희준도 멋있는데 ㅠㅠ 댓글이 하나도 없어서 달아요ㅠㅠ  
20171106,10,장르고 뭐고 김혜수 누나면 봐야지~  
20171106,10,이거 같이 보러 가실분!!!!  
20171106,10,예고편에서 이선균 표정 지린다;;;  
20171106,10,여주가 김혜수 언니인갑네~요번주는 요거 봐야겠다  
20171106,10,김혜수 배우는 사랑입니다~~~~  
20171106,10,사알짝 추워지는 날씨에 어울리는 분위기 있는 영화닷  
20171106,10,독보적인 카.리.스.마 !!!  
20171106,10,배우진들이 혜수누님 말고도 은근 연기 다 잘하는 사람들이네~  
20171106,10,시험도 끝났겠다~미옥이 보러 가야긋다~언니 기다려요!  
20171106,10,김혜수 언니 오는 무대인사 보려고 이미 예매완료!  
20171106,10,솔직히 김혜수정도는 연기해야 믿고 보는거 아닌가요?ㅎ  
20171106,10,표정만 봐도 지렸다....  
20171106,10,꼭 그냥 비난하는 애들 있더라;; 멋있기만 하구만  
20171106,10,이번 영화도 진심 열일하는 김혜수 누님이 머시따!  
20171106,10,이거 대박쳐서 앞으로 여성 느와르도 많이 나왔으면!  
20171106,10,김혜수 누나가 느와르라니...이건 장르가 김혜수누나네;;  
20171106,1,평이 너무 안좋은거보니 또하나 걸러야 할 영화가 탄생했구나  
20171106,10,김혜수 배우의 항상 노력하는 모습이 아름답습니다  
20171106,10,간다. 보러. 혜수누님을.  
20171106,10,이미 예매했지롱~ㅎㅎ  
20171106,10,혜수언니 이번에는 무슨 변신을 하신건가요 ㅎㄷㄷ..  
20171106,10,배우들~지리구요~오지구요~  
20171106,10,드뎌 개봉하는구나 ㅋㅋ  
20171106,2,짝퉁 틸다스윈튼 흉내  ㅋㅋ  
20171106,1,시사회 보고왔습니다정말 미옥스럽습니다!앞으로 미옥지수를 매기려구요ㅎㅎ이 영화는 그래서 별점 1점 미옥지수 10점 드립니닷  
20171106,1,촌스럽다. 혜수언니 이런 연기에 맛들었나.ㅠㅠ  
20171105,4,소문난잔치먹을거없다라는 직감이 크다..  
20171105,1,도대체 뭔 영화인지... 염색영화인가  
20171105,10,예고편 보고 지림. 느와르의 새로운 지평을 여는 느낌  
20171105,10,미옥오토마타 출격!!!  
20171105,1,미옥에 미혹되지 마라..  
20171104,1,또 범죄영화..대한민국을 진짜 범죄나라로 만들려는 계획인가 보다  
20171104,5,91분이면 빠른전개와 내용이 별로 없다는건데...  
20171103,8,왜 갓혜수님은 왜 저런 영화만 요즘 찍을까? 예전엔 코미디도 찍으시더니  
20171103,10,청불 죽이네 캬..ㅎㅎㅎ  
20171102,1,한국영화에 언제부터인가 공권력이 무능하고 범죄자가 멋진사람인것처럼 오해의 소지를 남기는 영화가 많이 개봉하네요 실제로 공권력은 매우 유능하고 힘없는 서민들 지켜주고 합니다 범죄자는 범죄자일뿐이구요 김혜수씨가 나와서 기대는 되지만 영화내용은 참 별로네요  
20171102,10,비범한 캐릭터들과 액션이 돋보이는 느와르 기대합니다!  
20171102,10,김혜수의 압도적 존재감  
20171101,10,"김혜수 & 이선균 님들의 ""미옥"" 무한질주 영원하라  "
20171031,10,김혜수님이 나와서 매우 기대중이에요!  개봉하면 꼭 볼게요!!!!  
20171031,10,이건 무조건 봐야것다...  
20171031,10,오랜만에 제대로된 느와르 보는건가? 배우를 보니 기대 안할수가없는것  
20171031,10,이선균이 악역인건가? 어쨌든 궁금하다~~  
20171031,9,"한국에서 김혜수만큼 스펙트럼 넓은 여배우가 있던가ㅎㅎ이선균이 걸리지만,최소한 기본은 하는 김혜수 때문에 본다.  "
20171029,1,차이나 타운 시즌2 개봉하고 좀지나면 vod로 봐야지  
20171029,7,아토믹 블론드 베낀 것 같지만 갓혜수 나오니 7점 준다.  
20171029,1,차이나타운 영화 촬영 후에 김혜수는 이런 장르에 출연하는 것은 별로라고 하였음. 다시 이런 영화에 출연을 하다니 이제 김혜수가 이런 영화에 출연을 하면 그냥 보기가 싫음. 차이나타운 영화의 실체 - 공감: 꼴패미로 매장임. 비공감: 중국인으로 매장임.  
20171028,1,알바천국 10자란다 알바들아  
20171028,1,알바들 보소.. 무슨 믿고보는 이선균이야 ㅋㅋ 나오는족족 폭망인데 김혜수는 몰라도 이선균때매 꺼려진다  
20171027,1,"..,,..,,..  "
20171027,10,미옥영화  재미있겠네요 ㅎㅎ   청불 이네요  기대해야되겠네요 ㅎ  
20171026,9,사스가 청불 ㅋㅋㅋㅋ 근데 기대는 됨  
20171026,5,믿고 거르는 김혜수.... 과연 영화는..  
20171026,10,"김혜수님은 사랑입니다,여자가 그렇게 멋있어도 되는거임? 꼭보러가야징  "
20171026,10,개봉날 바로 보러가야겠다  기대됨!!!  
20171026,1,또 식상한 조폭 미화 영화인가?  
20171025,1,퓨전판타지느와르...울나라에선 절대로 일어날 수 없는 이야기.  
20171024,10,이선균이다ㅠㅠㅠ사랑해요ㅠㅜ빨리 개봉해주세요ㅠㅠㅠ  
20171024,10,아이돌 없다는 점에서 기본 별 10개. 기대된다 ㅎ  
20171023,10,해외에서 먼저 상도 탄걸 보면 기본 평타는 하겠네요 김혜수라면 믿고 봄  
20171023,1,우와 존나 재미없겠다ㅠ 차이나타운삘..ㅠㅠ  
20171022,10,혜수 언니가 나오신다니... 당연히 보러 가겠습니다!! 기대되네요!!  
20171022,8,와대박빨리보고픔 근데감독은누구지??  
20171021,1,그닥 안땡김 단언컨데 이 영화 망함  
20171020,10,세상 혜수님 존엄 꼭 보겠어요 쵝오  
20171020,10,제발 흥행해라! ♥ㅠㅠ  
20171020,10,누님 사랑합니다♡ 사모합니다♡♡  
20171020,10,아~~ 김혜수 넘나 좋아!! 근데 미옥이 김혜수  극중이름이 아니구나 ㅋㅋㅋ 제목만 보고 이름인줄~ 꼭 보러가야지!!  
20171019,1,예고편 연출보니 현실성 없는거 같은데.. 신세계나 범죄와의 전쟁 같기 보다 리얼삘이 훨씬 나는데.. 망스멜 스물스물  
20171019,10,참 김혜수보면 작품 선택 오지게 잘하긴 하더라~ 영화 재미는 일단 평점보고 판단~  
20171018,5,이런류의  영화는  많이  있었던듯 근래  자극적인  작품들이  많아서  추워지는데 좀  따뜻핫작품이 보고싶네요  
20171017,6,"흠... 그렇게 재미있을지는 의문. 김혜수가 힘이있는 배우이기는 한데, 타짜의 정마담 수준이지 아귀, 고니급은 아니었었거든. 구심체가 될 수 있을지는 ...  "
20171017,10,"정말이지 맨날 똑같은 소재, 울음 짜내기 영화만 만드는 한국영화계어서 이런 도전적인 영화는 정말 환영이다. 재밌든 재미없든 도전을 한데서부터 감독에게 칭찬한마디 해주고싶다.  "
20171016,10,알탕영화만 주구장창 개봉해서 뭘 보나 했는데 참 영화 개봉하네요 꼭 보겠습니다^^7 믿고보는 김혜수  
20171012,10,우아 예고편만 봤는데 김혜수 언니 짱! 언니가 하니깐 우아한 느와르가 되었어요  
20171012,10,김혜수라니!기대되네염  
20171011,5,이번에도 김혜수가 범죄영화 실패하면 원탑주연은 좀 어려워질듯하다. 무조건 사랑해요 그딴 칭찬만 하지 말고 쓴소리도 해주는 팬도 필요하다  
20171011,10,현정의 새로운 시작이 남자때문 혹은 아이때문은 아니길 바람.기존 한국 영화에서 다루는 여캐와는 다른 인물이길 바라며 개봉일만을 기다리고있음!  
20171010,10,"우와.. 갓혜수... 11월, 이제 한달 남았네요!!  "
20171010,10,혜수 언니 사랑해요...  
20171010,10,미옥치치 사랑해요 헤비웨잇 챔피언  
20171009,10,우왕. 믿고보는   혜수언니. 선균님. 미옥 화이팅 입니다~  
20171009,2,우리나라가 무슨 갱 집단이냐 이런 영화좀 그만 나왔으면 좋겠다 지겨움  
20171005,1,스타일리쉬 후까시 - 차이나타운2 나온 줄 알았다  
20171002,5,아직 안봐서 일단 설정만 보면 악녀나 차이나타운 비스므리겠네. 이런 설정 영화들 지겹다. 일단 이런 유치한 설정이라면 연출이 죽여줘야 뜨는데 악녀같은 경우 액션연출 괜찮았는데도 지겹더라. 그래서 망한거구. 오바좀 그만하자. 지겹다.  
20171002,10,혜수언니 사랑해요 뿌잉뿌잉  
20170930,10,혜수언니 연기 너무 기대돼요. 빨리 개봉해주세요  
20170929,10,보고싶어여 ㅠㅠ 혜수언니 ㅠㅠㅠ  
20170928,10,영화가 청불로 나와서 작품성이 만약 올라간다고 하면 청불로 나와야지.... 본인들이 못본다고 연령대를 낮추냐..  
20170928,9,여배우도 흥행 파워가 존재함을 보여주리라. 김혜수가!! 전도연도 특유의 카리스마가 제 2의 탈피로 멋진 나비가 되어준다면! 기다리겠습니다!!!  
20170928,5,왜 하필 머리는 탈색을..왜 하필 얼굴은 터틀넥으로 가려선..왜 하필 테론누님이 아토믹블론드라는 영활 씹어드신 후에왜 하필 우리혜수누님을 이때에 이렇게 소비시켜버리시나요?도데체 감독이 누굽니콰아~?...ㅠ  
20170928,10,혜수언니 포스봐...기대하고있습니다  
20170928,10,김혜수의 느와르라는 것 하나만으로 꼭 봐야할 영화  
20170927,10,무대인사 A열 각이다ㅠㅠㅠ  
20170927,10,귀찮아서 로그인잘안하는데 진심기대됩니다!!  
20170927,10,악녀 꼴이 나지 않길 바랍니다  
20170926,10,기대됩니다~ 근데 왼쪽 개봉예정영화 코너엔  이 작품이 빠져있네요.. 개봉일도  정해졌는데  수정부탁드려요~  
20170925,10,김혜수 이선균 조합 좋네요ㅎㅎ  
20170925,10,19금 청불로 화끈하게 갑시다 김혜수님은 15세 보다 19금 영화가 훨씬 더 잘 어울린다고 봅니다 노출 액션 스릴러 작품에서 앞으로 자주 봤으면 합니다 화이팅!!  
20170914,10,혜수느님이 또 해내셨구나!!!! ㅜㅜㅜㅜ 꼭 보러 간다!!!!  
20170825,10,언제 개봉하나요? 엄청 기다리는중  
20170713,10,84년 후...하반기 지옥  
20170616,1,작년말쯤에개봉할줄알았는데 존내게 미루네 이럴수록 기대안됌  
20170504,10,스틸컷 6개로 몇개월째ㅜ 아무 소식이없네 얼른 개봉햏므면 아니면 다른 스틸컷이나 티저라도 나왔으면 좋겠다  
20170410,10,"감독이 걸어온 길을 보니, 더 대박 예감! 입봉 추카 대박 기원해요~!!!  "
20170330,10,빨리 보고 싶다 !!! 개봉한다거 한지 작년 하반기인데...  
20170329,10,김혜수면 닥치고 봐야지.  
20170325,10,개봉 언제하나요?? 궁금한데  
20170220,10,김혜수 ㅠㅠ개봉하면 꼭 보러가야되겠다 미쳤다..  
20170117,10,민석오빠나오면무조건 별10개!! 빨리개봉해주세여ㅠㅠ??  
20170111,10,김혜수가 나온다 뭐 이거하나로 볼 가치가 충분하고 게다가 느와르면 박수다 근데 일단 개봉좀 해주시길 16년 말에 한댔다가 1월이랬다가 상반기로 바뀌고..내부에 문제가 많은가본데..쨋든 기대합니다  
20161119,10,"민석찌,,빨리보고싶어요ㅜㅜ  "
20161107,10,빨리 개봉해서 보고싶네요~~  
20160922,10,오오ㅠㅠ 김민석배우님♥ 드디어나오네요  
20160918,10,김혜수배우님의 또다른 연기가 기대됩니다  
20160912,5,영화만 보면 한국은 조폭공화국  
20160903,10,언제개봉하나여??? 빨리보고싶은디 ㅎㅎㅎ  
20160824,10,오하늬 배우 너무 기대된다!!  
20160810,10,이왕좋은배우섭외했으니 영화망치기마시길..  
20160807,3,신인감독인가여???쩝....  
20160802,10,믿고보는 갓혜수언니!이영화 언제 개봉인가요 ㅜㅡㄴ  
20160720,10,혜수누나는 옳습니다.  
20160714,10,"김혜수언니 나와서 좋긴한데.., 왜 하필... 이선균이랑..ㅠㅠㅠㅠ 아쉽다.ㅠㅠㅠㅠ  "
20160702,8,발연기 이희준이 에러네. 어디 달라졋나 보자. 희준이때메2점 뺌  
20160629,10,19금 인가요 이 영화 언제 개봉하죠  
20160627,10,소재 배우 다 너무 기대된다 ㅠㅠㅠㅠ  
20160619,10,아진짜 너무 보고싶다~~~  
20160502,10,빨리개봉햇으면좋겟따!!!!  
20160413,10,선균님 팬인데 기대됩니다 느와르장르^^  
20160329,10,으어어 김민석오빠가 나오셔요..세상에ㅠㅠㅠ  
20160311,10,"김혜수,이선균 ㄷㄷ 이건 안볼수가없다 ;;이희준까지  ㄷㄷ  "
20160201,10,"김혜수, 이선균 게다가 연기 지대로 잘하는!!!이희준이라니  "
20160128,10,혜수누나는 사랑입니다! ♥_♥  
20160128,10,택이아부지와 김혜수 이선균이라니!!!! 봐야딩봐야딩  
20160128,10,오마이...이 네배우 조합이면 스크린 아주 씹어먹을듯  
20151103,10,재밌겠다 진짜로와 영화관에서 무조권 봐야지  
20151024,10,우와 대단하다아아아아  
20150924,10,김혜수랑이선균이라니ㄷㄷ  
20150918,10,단언컨데 믿고 보는 배우 1위...우리 혜수 언니가 나오니까 무조건 볼거당! 근데 청불만 아니길 빌뿐.차이나타운은 청불이라 영화관에서 못봤어요어쨌든 이선균아저씨 내가 좋아하는 배우중 한분이시고 목소리 좋으시구 혜수언니는 말할것도없구..응원합니다♡♡♡  
20150915,8,은근 믿고보는 배우 이선균  
