0,1,2
20170221,10,영화 10점이다!! 제발 종교 엮지마라... 미국이 저당시 기독교인이 많은것뿐이다...종교를가지고 뭔가 대단한듯이 글남기지말고 개인적으로 영화로 보고 평가는 내려라. [허와실은 다르다]같이하고 혼자만 살았을지누가아냐?정말 실이라면 대단하십니다.데스몬드  
20170221,10,아직도 이영화 보기를 고민 한다면 후회하게 될것을 말해주고 싶다. 근래 한국영화가 잠시 잊게 만든 진짜 영화가 무엇인지 이 작품이 기억하게 해준것 같다  
20170221,10,예고편만으로도 큰 감동을 느꼈습니다.  
20170221,10,빨리 보고 싶네요기대됩니다  
20170221,1,또 트럼프가 세계를 움직이니 모냐 이 기분 니들나라는 늘 정의속에 교만과 억압과 시기 그리고 남을 짓누르고 매장시키는 거짓투성이의 망상자  
20170221,10,여보세요. 여증이든 뭐든 양심적 병역거부를 주창하는 이들이 이야기하는게 군대 자체를 가기 싫다고 합니까? 군대는 가겠는데 집총만큼은 못하겠으니 다른 방안을 만들어 달라고 이야기한지가 몇년짼데....  
20170221,9,리얼한 전쟁장면 하지만 전쟁 시작 전의 개연성이 부족하다  
20170221,8,팔머 간호복 너무 잘어울리고 아름다웠어수류탄 사커킥과 일본군 대장 할복은 억지스러웠어  
20170221,8,멜깁슨이 왜 감독을 하는지 알수있다. 볼만함 신념이 무엇일까.? 일본후예들이 보면 느끼는게 많을듯...  
20170221,9,최고의 스나이퍼? 최고의 특수부대? 이분은 최고의 메딕!!! 실존인물이라는 것에 감사합니다.  
20170221,9,개독짖는소리 안들리게해라~저건 저분의 인성이 훌륭한것이지개독이기 떄문에 저런게 아니다  
20170221,10,전쟁 영화 즐겨 보진 않는데 이 영화 볼땐 엄청 몰입해서 봤어요.. 앤드류 카필드 연기에 한번 놀라고 실화라는 것에 두번 놀랐네요.. !!  
20170221,9,이 영화는 의무병의 활약상을 토대로한 실화 입니다.그런데 너무 잼나게 봤어요신기해요.. 왜 잼있게 봤지.. ㅎㅎ  
20170221,10,되어라 9점ㅁㅁㅁ!!  
20170221,10,진짜 잼있다 이건 최고다  
20170221,8,개봉전 현란한 평점과 평가들에 낚이는이가 많을듯컨택트는 인터스텔라와 비교가 안되듯이영화 또한 라이언일병과 비교가 안된다.다만 오랫만의 웰메이드 전쟁영화이고 실화라는 베이스가 감동적일뿐. 라이언일병에서 의무병 씬만 뜯어낸 정도 수준.  
20170221,5,너무  종교 종교  하니까 거부감 만땅  그래픽티 너무나는  저언덕은 또 머임.  일본놈들이 아무리  미워도  저렇게  좀비처럼..  
20170221,1,제7일 안식재림교 ㅗㅗㅗ  
20170221,10,공조같은 허섭쓰레기도 아직까지 1개관 통째로 내주면서 이런영화를 두세타임 그것도 저녁한타임 나머지 조조 심야 이게 말이 되나  
20170221,4,최고등급의 쇠고기를 넣어서 끓여 낸 500원짜리 라면같은 영화. 좋은 소재를 가지고 찍었지만 부족한 연출과 연기로 인해 별 감흥을 이끌어내지 못해 아쉬웠습니다.  
20170221,10,진정한 캡틴 아메리카입니다  
20170221,4,"시사회 이벤트 당첨되서, 아프간에 메딕으로 파병갔던 어제 형이랑 롯데광복에서 보고 왔다. 다분히 미국적이고 다분히 멜 깁슨적인 영화다. 고지전의 비참함. 전쟁보는 다른 시각. 감정 묘사...다 괜찮았는데.. 왜 외국인이 내가 봐야하는가라는 질문이 듬  "
20170221,4,"실화라는걸 알고 갔지만, 너무 드라마틱하게 전개되서 믿기 어려운 스토리... 미국 우월주의+기독교 색채가 강한 영화로 거부감이 들 수 있음.. 과한 설정이 코믹하게 느껴져서 감동적이어야 할 씬에서 웃음이 나옴. 하지만 내 옆에 있던 커플은 눈물바다..  "
20170221,10,말이필요없다 한국영화가 아직멀었다고 생각드는영화  
20170221,10,전장을 직접 체험한다면 이런 느낌일까..굉장히 리얼했고 주인공의 의지는 믿기 힘들 정도로 놀라웠다! 전쟁영화를 즐기지 않아도 수작임을 느낄 수 있다  
20170221,10,"전투 장면의 사실성 뿐만 아니라 메시지와 감동도 라이언 일병 구하기를 뛰어 넘는다. Lord, please help me get one more.  "
20170221,9,종교인들에게 두고 두고 귀감이 될 전쟁 영웅의 영화..허나 좀 잔인하다는 단점 ㅠ  
20170221,10,주인공 사일런스도 멋지드만 여기서도 멋지네  
20170221,10,"이 영화 봤는데 엄청 재밌더라구요. 밑에 평론가가 말하는 반전은 늘 주인공이 죽길 바라는 에피소드일테지만, 어떻게 보면 주인공이 모두를 살렸기에 영웅이 될수도 있었다라고 생각합니다. 간만에 좋은 영화를 봤습니다.  "
20170221,9,리얼한 전투씬과 휴머니즘.  
20170221,9,"종교색이 진한편이긴 하지만, 종교가 목적이기보다는 생명에 대한 의미가 강한영화인거같다. 시사회비슷하게 무료로 보게되었는데 초반에 살짝지루한감이 있으나 뒤로 갈수록 엄청 집중해서 봤다. 깜짝 깜짝 놀라는 장면이 있으니 주의할 필요가있다 ㅠㅠ  "
20170221,10,단순한 전쟁영화가아닙니다. 전쟁속에서 우리가 생각해보지못햇던 여러 철학들과 이념들을 과제로 줍니다. 인간의 잔혹함과 공존하는 데스몬트의 사랑이 버겁도록 숭고합니다. 잔인하지만 아름다운 영화입니다. 좋아요.  
20170221,10,역대급영화였습니다..  
20170221,9,마지막 신이시여 한명만 더는 쉰들러와 같은 유치함을 떠올려주었으나 그외는 모두 완벽하다.  
20170221,9,"오늘 시사회로 보고왔습니다.명작입니다.돈주고봐도 안아까울듯해요.단, 초반 빼도될듯한 로맨스씬은 좀 지루하고 전투씬이 공포감 느껴질정도로 사실적이라 비위가 좀 강하셔야겠어요  "
20170220,10,이것 실화영화라서 잼나요.저는 한달전에 봤는데 생각보다 잼납니다  
20170220,10,오늘 시사회갔다왔는데요 너무감동받고 왔습니다시대적인 배경도 일본과의 전쟁이라서 우리나라분들이 더 집중하고 보실수있을거같아요실화라서 더 감동입니다  
20170220,10,완전 이게 최고의 영화네요 진짜 이게 전쟁영화구나라를 느꼈습니다.!! 연기력 연출력 모든게 완벽했습니다.그리고 나라를 지킨 모든 군인분들이 영웅입니다  
20170220,10,정말 감동깊엇고 재밋게 잘봣다  근데 맨밑에 씨네21 기자 평론가 평점 보면 허남웅씨 는 저따구로  개털같이 평론 남길 거였으면 왜 본건지 이해가 안간다 ㅈㅈ  
20170220,10,내가 본 전쟁영화 중 탑인것 같다. 전투씬도 정말 사실적이고 주인공 연기도 최고다. 영화관에서 다시 봐야겠다. 진짜 최고...  
20170220,10,침대에서는 명사수다..  
20170220,5,시체들고방패로쓰면서 일본군 4명 한꺼번에 죽이게 실감 난다고 ? 실화아니였으면 b급 영화  
20170220,10,올해 본 영화중에 가장 재미있게 봤다.전쟁씬이 정말 실감나더라.양심적 병역거부자에 대해 다시 생각하는 계기가 되었다.근데 저런사람 몇이나 될까 하는 생각도 되더라..  
20170220,10,군필자로서 꼭 봐야겠다 ^오^ 퓨리에 나오는 쫄보신참이랑은 또 다른 느낌이겠네  
20170220,1,뭐이딴 병맛영화가다잇냐 ㅡㅡ 병역거부미화영화 ㅡㅡ  
20170220,8,ㅋㅋㅋ 미국이랑 조선이랑 국빵부 하는짓거리를 비교해봐라ㅋㅋ잡아갈땐 국가의 아들 다치면 느그아들인데 누가 군대가고싶어함?? 군인들 대우해주는것만 봐도 미군은 자진입대할 가치가 있는 국가이고 양심적병역거부라는 핑계대면서까지 갈만한 가치없는게 조선군대다  
20170220,10,용맹했고 신념이 자아가 된 도스에게  살인의 도구는 전쟁에서 필요치  않았네요. 종교를 떠나서 저런 신념과 굳은 의지가  많은 사람을 구한것에 깊은 감명을 받았습니다.  
20170220,9,실화니까..일단 믿고보는..  
20170220,10,멜깁슨은 점점 클린트 이스트우드가 되어가는 것 같다.  
20170220,8,"재심보다 이 영화가 오히려 나음,,  "
20170219,8,여호와의 증인같은 놈들을 의무병이나 지뢰제거반으로  이용하면 좋을듯하네요  
20170219,10,신념이란게 어떤뜻인지 정확하게 알았습니다...  
20170219,8,"명배우 멜 깁슨이  명감독이 되려고 하나~  감명깊은 실화를 잘 담아낸 전쟁영화 입니다. ""한 명만 더""  "
20170219,10,한명을 구하기는 커녕 암살하신 김정은군이 이 영화를 보길 원합니다.  
20170219,6,"잔인하기 그지없고, 너무도 영웅주의 로 묘사한것이 부담,  "
20170219,10,전쟁씬 언제 나오나 기다렸는데 정말 대박입니다. 전 후반 내용 모두 최고입니다.  
20170219,10,영화잘안보는 사람들에게 추천합니다  
20170219,10,재미를 떠나서 명작입니다.!!!  
20170219,10,"예고편보고 울었습니다,,  "
20170219,10,"소재 , 휴머니즘 , 영상미 , 감동을 챙긴 작품일듯 기대됩니다평론가들은 다 옷 벗으시길 ^^ 개 쓰레기같은 B급 국산 영화에는10점씩 주면서 이런 영화는 철학이며 온갖 잣대 끌어들여서 평점 낮춤 ㅎㅎ 얼마받고 일하시는가 궁금하네  "
20170219,9,여호와의 증인 개노답 인증 영화  
20170219,10,front roto 야 너네들 이영화랑 양심적거부랑 뭔상관이냐 대가리에 든거없어 저건 외국꺼잔아 외국은 군인한테 혜택이 잇고 대우도 좋은데 우리나라는 집지키는개취급하잔아 좀가만히 잇어 찐따들아  
20170219,10,15세인데 19세급으로 잔인하게 묘사 되는 장면 있습니다 유의하시길 XD  
20170219,10,"배우진과 감독, 스토리보고 무조건 가서보겠습니다  "
20170219,9,멋진 영화 . 한번 보세요들. 후회 안합니다.  
20170219,10,지금 우리나라에서 양심적 병역 거부 한다는 새리들은 전부 그냥 가기 싫은거 일 뿐  
20170219,8,"전쟁신 볼만함, 스토리는 별로,  이정도면 영화관에서 돈 내고 볼만함.   작은 화면에서 볼 영화는 아님.  "
20170219,10,대한민국 연예인은 운동이며 액션이며 잘하다가 군대갈때 되면 허리가 아프니 어깨가 아프니하는데 꼭보셈  
20170219,1,신도들 아니면 ㅆㄹㄱ영화  
20170219,10,전장에서 빛나는 신념과 헌신  
20170219,10,미쳤다...얼굴을 가리고 울먹이며봤다..어떻게 저렇게 인간이..  
20170219,10,밑에 영화는좋은데 종교적인것은뺐음좋겠다는애는뭐냐 ;; 애초에 주인공이 종교적이유로 총을거부해서 시작된이야기인데  
20170219,7,마지막에 수류탄 슈팅하는건 빼지 박지성인줄  
20170219,10,마지막에 전쟁 겪으신 분들 인터뷰 보고 광광 우럭따 ... ㅠㅠ  
20170219,10,"영화는좋은데 종교적인것 빼고 넣었으면 좋았을것을, 아쉽다  "
20170219,8,보는 내내 눈물이 나네... 저런 신념과 자부심이 부럽다.  
20170219,10,멜깁슨의 전쟁영화는 잔혹하지만 사실적이다. 미화따위는 없는 그런 전쟁에서 타인을 위한 희생이 무엇인지 다시 한번 알게 됐다.  
20170219,10,주인공의 배경에 제칠일 안식일 예수재림교회가 있었으며이 교단의 핵심진리와사명이 그의 삶을 이끌었을 뿐만아니라 전쟁에서도 그의 신앙을 굳건하게 해주었고 신의 은혜로 75명을 살리는 기적을 행할 수 있었습니다. 우리에게잔잔한 감동을주는 영화 입니다^^  
20170218,7,"연출과 연기 모두 기대를 저버리지 않지만, 종교적인 색체를 줄이고, 도슨이라는 인간에 집중했다면 더 좋았을것을.  "
20170218,10,군대가기 싫어서 종교단체 끼고 양심병역 거부자라고 하는새키들 잡아다가 보게해야함 영화를 보면 병역거부자가 아닌 알콜중독자 아버지 총질꼬장으로 신에게 약속을 해서 집총을 거부한 거고 무기공장에 다녀 면재 대상이어도 자진입대한 멋쟁이입니다100점  
20170218,7,이 영화를 보고 나서도 양심적 병역거부자들을 욕하는 사람들이 이해가 안간다. 내 신념이 중요하다면 타인의 신념도 존중해 주는 사회가 되었으면 좋겠다. 어떻게 1940년대의 미국만도 못하니...  
20170218,10,극장에서 꼭보세요 .  이런영화는 극장에서봐줘야됨  
20170218,5,이야기가 지루할틈없이 전개되지만 139분이라는 긴 러닝타임은 피곤하군  
20170218,10,동료들의 핍박에도 굴하지 않은 그의 신념이 대단하다. 결국 그러한 신념이 누구도 해내지 못할 기적을 이뤄낸 것 같다.  
20170218,9,테레사 팔머가 이쁘다. 영화 재밌고 잘 만들었다~  
20170218,8,오랜만에 전쟁영화의 걸작이 나왔습니다! 멜 깁슨 감독 정말 영화 잘 만드네요!  
20170218,10,태어나서 처음 평점을 ~~   무조건보자!  
20170218,5,이미 웹하드에 뜬영화 전쟁중에 총안들고 다니는 의무병으로 수십명의 군인 생명을 구하는 내용임 실화임..  
20170218,10,앤드류가 연기를 이렇게 잘하다니... 헐리웃은 다르네...  
20170218,10,억지 감동이 아닌 영화.  
20170218,10,개봉일이2월22일이네개봉일이2월22일이네  
20170218,10,병역거부랑 이영화가 무슨 연관인지 몰르겠내 잘못 해석좀 하지마삼  
20170218,10,바보인줄 알았던 도스를 마지막엔 영웅으로 추켜세웠다  
20170218,8,다 필요 없습니다... 1시간 건너 띄고 보세요. 그때 부터 시작입니다. 초반에 예수쟁이 영화 인 줄 알고 그만 볼뻔 했습니다.  
20170218,10,사랑의 병사 - 가장 뜻밖의 영웅. 용서의 힘과 굽히지 않는 신념  
20170218,10,우와 경외감을 느낀다 종교적 요소를 빼고 봐도 큰 교훈을 주는 영화  
20170217,10,멜 형!  형이 해냈어! 영화 ㅈㄴ잘만들었네 진짜  
20170217,1,멜깁슨이 그 옜날에 나왔던 갈리폴리 상륙 작전처럼 정말 정말 쓸데없는 앞부분이 너무 많다 멜깁슨은 정말로 지가 그런 앞부분이 다른 사람들에게 감동을 줄꺼라고 생각하는걸까? 기가막히게 OO같은 생각이다 저새귀는 정말 늙어도 멍청이다  
20170217,10,사람의 마음을 터치한다 정말  
20170217,10,전투장면이나 총기를 소지하지않고 동료들을 구하는 장면이 정말 뭉클하고 대단하네요 말이필요없는 영화입니다 꼭 보세요!!!  
20170217,10,극우 미치광이들의 욕망이 결과적으로 수많은 인류를 학살 했고 위안부 생체실험 같은 악행을 저질렀지 . 그런  히틀러같은 전범을 지금도 우상시하는 일본은 역사상 유례 없는 파렴치한 국가다  
20170217,10,극우 미치광이들의 욕망이 결과적으로 수많은 인류를 학살 했고 위안부 생체실험 같은 악행을 저질렀지 . 그런  히틀러같은 전범을 지금도 우상시하는 일본은 역사상 유례 없는 파렴치한 국가다  
20170217,10,우리나라 양심적 병역 거부자들에게 추천해주고 싶다. 메딕이라도 해라 특히 강의석!!!  
20170217,10,대박이다.... 자신의 신념을 잃지않는다...  
20170217,10,저는 종교가 없지만 믿음의 힘이 얼마나 대단한지 느낄 수 있었어요. 전쟁영화는 너무 진지하고 어두워 선호하지 않았는데.. 영화관에서 본게 후회되지 않는 영화였어요!  
20170217,10,"2002년 개봉작 ""위 워 쏠져스""를 보고 오라. 전쟁영화의 리얼리티와 감동은 맬깁슨이 바이블임  "
20170217,10,엇! 이거 우리나라는 개봉안했었네.. 난 이미 봤는뎅~~ 재밌음 ㅎㅎ  
20170217,1,아 진짜 짜증나게 이영화 볼라고 그랬는데 토렌트에 다떴데 짜증나 짜증나나  
20170217,6,실존 인물이라는 점은 놀랍고 대단하지만.. 이건 영화 평점이니까 참 연출력이 별로네요  
20170217,7,라이언 일병 구하기가 얼마나 위대한 연출과 촬영이었는지 새삼 일깨워준다..  
20170217,10,역시다....역시 진짜 최고의 영화다...  
20170217,10,"전쟁을  현실적으로 보여준 영화, 그리고 양심적 병역거부가 아닌 양심적 협력자로서의 모범적인 예  "
20170216,9,약간 지루할수도있고 군대갔다온 분이라면 이해가 안갈수도있지만 총안들고 전쟁에나가서 사람을살릴수있다는거에 감동을느꼈습니다.  
20170216,10,영화 개봉두안했는데   어디서봤냐 ?  
20170216,10,너무리얼하다실존인물존경합니다.  
20170216,10,핵소 고기 인줄..놀랏내  
20170216,10,몇 백 편에 달하는 영화를 보아온 경험을 바탕으로 단언코 말할 수 있는 것은 이 영화가 담고자 하는 것을 영화 속에 사실적으로 잘 표현했다는 것. 종교와 비종교의 갈등속에 희미해진 생명의 본질을 상기시켜줬다.  
20170216,7,영웅주의 영화 양심적 거부는 중요치 않다  
20170216,10,조국해방을 위해 희생하신 미군장병 여러분들에게 존경과 감사를 표합니다..  
20170216,9,초중반 어느하나 스토리의 진부함이 없네 ㄹㅇ 멜깁슨 다시본다  
20170216,10,소름의 연속 핵소에 오른 장면부터 매순간이 명장면이다  
20170215,10,최근에 본영화중에 최고 인터넷으로 먼저봤지만개봉하면 다시 봐야하는영화 종교 양심거부 이런거 다필요없이 생명의존엄전쟁의폐허 그속에서 나라를위해 전우를위해 목숨을 바치는 젊은군인들 그군인들을 목숨바쳐가면서 한사람이라도 더구하는 의무병  
20170215,10,"'한 명만 더! 한 명만 더!!' 나를 닭살 돋게 했다. 총포탄에 신체가 뚫리고 찢겨나가는 장면 실감나게 잘 만들었다. 이 영화가 실화라는 점에서 또 한번 놀랐고, 실제인물 인터뷰 장면 볼 땐 존경심 마저 들었다. 당신이 꼭 이 영화를 보길 바란다.  "
20170215,10,ㄹㅇ 앤드류 가필드 인생작  
20170215,10,주인공은 병역거부자가 아닙니다. 반대로 자원입대했고 다만 신앙과 본인원인으로 양심적집총폭력거부자입니다. 병역거부자랑은 하늘과 땅차이입니다. 병역거부한분들 주인공하고 비교하지말았으면합니다.  
20170215,10,처음엔 그냥 종교영화겠거니 했는데 종교영화이면서도 개인적인 신념에 대해 고민해보게 되는 영화였습니다.  
20170215,1,엄청난 칼질? 편집으로 인해 극장에선 안보고 싶네요 블루레이나 나오면 사 보시게나  
20170215,10,너무사실적인 전투씬이라 너무 무서웠지만 영화 여운이 오래가네요. 감동이있는 영화였어요  
20170215,10,근래에 보기드문 최고의 영화. 멜깁슨 연출력 대단하네  
20170215,10,말이 필요없다 최고의 영화!!!  
20170215,8,잘찍고. 드라마도 좋은데. 하나님 이 스테프로 참석한것 같다  
20170215,9,몰입감있고 실화라는 스토리 기반하에 감동적이기까지 하네요 정말 좋은영화에요!  
20170215,10,시나리오10  몰입감10 뭉클함10 볼거리10  (feat.평점이 모자라) 호주에서의 여행중 핵소고지를 본것이 가장 현명했다.  
20170215,10,최군이랑 여호와의 증인신도들이 손잡고보면 좋을 영화  
20170215,10,이거봤는데 한국에서 대박났으면 좋겠네요영화보는거 좋아하는데 오랜만에 상영끝나고 박수치고 나왔었어요  
20170215,10,미리봤지만 너무  감동적이라서 다음주 돈주고 볼꺼다~ 최고의 전쟁영화다  
20170215,10,"오늘 보고 왔는데 전쟁영화가 정말 뜻 깊네요, 선하고 절실한 마음이 거칠고 강한것이 전부인줄 아는 사람들의 행동을 바꿀수 있다는 내용이 인상적이였습니다.  "
20170214,10,종교로 군대 안간다는 놈들아 이 영화보고 반성해라  
20170214,10,"초반부분은 지루하기 딱이 없으나, 중 후반 부터는 눈물이 날 만큼 몰입감이 좋으네요. 내용은 별거 없습니다. 오키나와 헥소고지를 탈환하기 위해 오르고 오르고, 태극기휘날리며 보다 내용이 없습니다. 오히려 태극기휘날리며가 더 훌륭하나 이것도 볼만합니다.  "
20170214,10,돈주고 봐도 안아깝다 굿  
20170214,10,오늘 시사회에서 방금뵜는데내인생 영화후기 평점 처음 남깁니다. 그만큼 완전 꿀잼. 긴장감. 감동. 스토리 모두 짱 내인생 다섯손가락안에 드는영화. 진주만보다 재밌어. 초강추  
20170214,9,"영화 보는 내내 울면서 한 가지 생각만 들었는데요. 제가 진짜 어릴 때 고무줄 놀이 하면서 ""전우의 시체를 넘고넘어"" 그 노래를 그렇게 깨방정떨며 부를 노래가 아니었더라구요.  이 기회에 6ㆍ25참전 용사들께 깊은 감사와 존경한다 말하고 싶네요.  "
20170214,10,이게 진정 실화란 말인가..감동의 감동이다~ 진심 존경하고 위대한 분!! 아주 재밌게 잘 봤다. 초초강추!!  
20170214,10,말이 필요없어요. 재미있고 감동적인 영화  
20170214,10,겉모습만 보고 판단하면 안된다.  
20170214,10,한명만 더~  이게 실화라니..근데 가필드 부정교합인가..?  
20170214,10,내가 본 최고의 전쟁영화 너무 감동 받았어요  
20170214,10,핵소고기  핵 맛나는 소고기 인가  
20170214,10,몇년사이에 본 영화중 최고입니다  핵소고지 전쟁신은 압도적인 몰입감입니다  가능하다면 대화면으로 보길 추천드려요~  
20170214,10,다른 건 모르겠고 예고편 보니 가필드 연기력은 진짜 쩐다.그것만으로도 이 영화는 기대하게 만든다.  
20170214,8,핵소고지 1 more - 한명이라도 더 살리기 / 한국교회 1more - 한명이라도 더 전도해서 호갱만들기  
20170214,9,상당히 재밌내요 중간에 잠시 몰입감이 떨어지긴 했는데.. 밴드오브라더스 퍼시픽 이후로 굉장히 잼남..ㅎㅎ  
20170214,3,"식상하다,,식상하다,,식상하다,,  "
20170214,10,One more...  
20170214,9,양심적 병역 화피자놈들 처리 방법이 하나 있네 전쟁터에 의무병으로 파OO켜서 2년 굴리자 잘하면 국위선양 밑져야 본전 집총거부대신 사람생명구하라 해라  
20170214,5,오키나와에서 벌어지는 전투 자기나라 지키려는 일본인 죽이면서 전쟁 히어로만드는 영화 헐리우드 전쟁영화의 모순 전쟁에 히어로는 없다  
20170214,10,"자신의 신념을 지키기위한 모습의 초반, 초중반의 리얼한 전투묘사, 메탈기어 솔리드 뺨치는 은신술, 그리고 1명만 더....소름돋는다.  "
20170214,9,간만에 극장서 볼만한영화가 나왔네요 ~  
20170214,10,최고의 영화 재미있고 감동이 있네요  
20170214,8,기독교인들 보라고 하는 사람....우리나라 기독교가 봤을땐 저 사람은 '이단'입니다. 그냥 종교적인 이유로 군대소집 거부하는 애들이 단체관람 하기를 바라는 영화.. 우리나라는 입대후 집총식 거부하면 '영창'가는거 알지요??  
20170214,10,1명의 위생병이 70여명을 구한것도 놀라운데 영화 내용이 실화였다는 점에서 더 놀랍네요. 최고입니다!  
20170214,10,테레사팔머 이쁘다.그리고 실화이면서 사실적인 전투씬도 좋고 의무병이옸던게 괜히 자랑스럽게 느껴지는 영화  
20170214,8,"멜깁슨 특유의 감성이 잘 묻어나온 영화, 개인의 종교적 신념과 친구,형제들의 죽음 사이 벽을 허무는 영화.  "
20170214,10,진정한 영웅.. 너무 보고싶다.. 2016년부터 1년쨰 기다리는 중이다..ㅠ  
20170214,10,"여느 전쟁영화와 똑같이 주인공이 총으로 적을 학살하는것이 아닌, 단지 사람을 구하겠다는 그 정신과 행동에 깊은 감명을 받게된다. 전쟁영화 임에도 중간중간 웃음을주는 포인트도 매력적이다. 'I got you' 최고의 명대사.  "
20170214,9,크리스챤들의 빗나간 신념과 올바른 신념에 대한 멜깁슨의 이스라엘 시오니즘 돌려까기.  
20170214,6,성경에는 내가족과 이웃을 해치는자  지구 끝까지 쫒아가 복수하라 하지 않았나? 내가본 성경은  다른것인가?  
20170214,10,갓깁슨 등극!!예술작품을 만들었네...  
20170214,10,할배 진짜 멋진분임.. 존경스럽다 정말..  
20170214,7,액션을 표현하는 부분은 신선했다. 다만 작품의 주제와는 그것을 다루는 시각이 다소 모순된다는 느낌을 지울수가 없었다.  
20170214,8,어메이징스파이더맨 이후로 존재감없고 연기는 보통이라고 생각했는데 이영화 보고 달라졌다. 연기 좋고 내용좋고 울나라 양심거부자들 다죽었으면  
20170213,10,수많은 전쟁영화에서 날고 기는 영웅들을 접했지만 적들의 가족이나 동료 입장에서 보면 그저 살인마일뿐.. 이 사람이 진정한 영웅이란건 그 누구도 부정하지 못한다. 신념이란 말은 함부로 쓰는게 아니란걸 깨닫게 해준 사람이다.  
20170213,10,보는 내내 소름돋는 영화  
20170213,10,내인생 최고의 전쟁영화 게다가 실화!!!!너무 감동적이고 전쟁신이 사실적으로 표현됨  
20170213,4,주인공을 뭐 저딴놈을 캐스팅했냐 진지한 장면에서 장난끼가 보이고 전혀 감동전달이 안됨. 그리고 갑자기 입대전 주변에 누구와도 그런얘기 없다가 입대해서는 집총거부 갑툭튀 훈련소 애들 당황하고 관객도 당황함. 전쟁씬은 굿  
20170213,10,올 해 처음으로 극장에서 다시 보고 싶은 영화!  
20170213,10,"스케일,액션,감동 하나도 놓치지 않은 걸작!  "
20170213,10,데이트 무비로 제격!이런 영화는 극장에서 봐야 제맛!  
20170213,8,그에겐 살육이 아닌 생명을 구하기 위한 전쟁이었다.  
20170213,10,전율의 120분.... 정말 감동했다.  
20170213,8,멜깁슨의 연출력의 다시한번 놀란다  
20170213,10,집총 거부에 대한 병역 의무 방법을 보여주는 영화인듯 합니다. 꼭 총을 들어야만이 나라를 구하는 건 아니지요...총 없이도 영웅이 되는 방법이 있습니다. 살상을 거부한거지 나라 구하는 걸 거부하는 건 아닐테니..  
20170213,1,예수뽕도 모자라 일뽕 거하게 맞은 역겨운 영화!  
20170213,10,진짜 핵잼 내가 본영화 베스트중 10위 등극함후회안함 평점남기는 영화 처음임  
20170213,10,그가 구한 사람은 종교가 있든 없든 가리지 않고 구하려고 구했다.심지어 적도 치료해주었다.그는 한사람의 인간으로 할 수 있는 최대의 힘든 일을 해낸 것이다.이 영화는 실화이고 그의 정신은 종교를 떠나서 존경 받아 마땅하다.  
20170213,10,멜깁슨감독 영화는 닥치고 봅니다  추천!!  
20170213,10,되도 않는 쓰레기 감성팔이 영화보다 훨씬 볼만합니다  
20170213,7,딱 봐도 민폐 고문관 이였으나 사람구하는거 보니 까지도 못하고 ㅋㅋ  
20170213,8,그런데..영화 볼때 기독교 비슷한 행동은 안하는듯.. 기독교인들도 모두 군대가서 총쏘지 않음?  영화볼때 그냥 낭떠러지에서 한명만더 살려주고싶다고 기도하는거지 그렇게 이상한장면은 없는듯..그리고 기독교는 목사를 신같이 여기는데 여기에선 안그러는듯...  
20170213,10,.진짜 명작이다 ㄹㅇ 와 꼭봐야겠다  
20170213,10,10점 줘야될것 같음. 수작이네요  
20170213,8,자신과 훈련받는 동기중에 집총거부자가 있었더라면??? 이 생각이 들던 영화다.  
20170213,10,이런영화에 10점을 안주면 어디다 쓰냐. 전쟁영화중 최고의작품이 아닌가 싶다. 멜깁슨 인정.  
20170213,10,전쟁씬은 정말 대단하다. 역대급 전쟁영화 중에 가장 리얼하다. 영화 라이언일병구하기의 노르망디 상륙전의 전쟁씬보다 더 강렬하다. 사실적인 전쟁표현에 소름돋는다. 일본군들의 잔혹함도 잘 표현했다. 실화라는 사실에 더 감탄한다. 신념이 기적을 만들었다.  
20170213,10,꾸밈도 미화도 없이 현실을 잘 풀얺은  영하..여운있다. 누군가의 신념은 종종 위대함을 넘어선다.  
20170213,10,왜 이제서야..이런영화가 나오는가...지금까지 나온 전쟁영화는 하나도 기억 안나게 만드는...강력 추천이란 말로도 표현이 안된다..  
20170213,8,진짜 사나이 진정한 용기를 보여준 사람  
20170213,10,말이 필요없ㄱ다. 정말 감동깊은영화  
20170213,10,전쟁의 아픔을 그대로 보여준 영화인 듯 하다. 이게 실화라니 믿겨지지 않는다  
20170213,10,"Please Lord, help me get one more. Help me get one more.  "
20170213,1,테레사 때매 보다가 주인공때매 암걸릴거 같아도 참았는 데감옥 갈뻔 하는 씬에서 아 진짜 아... 도저히 참을 수 없어서 꺼버림ㅋㅋㅋ  
20170212,7,양심적 병역거부에 대한 연장선으로 보여 보는 내내 불편함. 종교라는 허수아비 신념이 사람을 얼만큼 모순되게 만드는지 보여주는 영화.다만 멜깁슨+전쟁=무조건 볼만하다는 공식에 따른 전쟁씬은 압권. ptsd 재발자가 나오지 않기를  
20170212,10,평점 안 쓸 수 없게 만드는 영화.  
20170212,10,아정말 멋진 영화 입니다. 영화보는 네네 나라면 저리 할수 있을까 ? 많은 생각을 합니다.  
20170212,10,"이제껏 본 영화 중 최고의 사실적, 감동적인 휴머니즘 영화. 사람을 살리기 위한 참전이라는 아이러니. 안보면 후회할 명작.  "
20170212,10,한시도 눈을 뗄 수 없는 몰입도 최고의 영화. 눈물이 흐르는건 어쩔 수 없다.  
20170212,9,간만에 본 명품 전쟁 드라마  
20170212,10,한명만 더 구하게 해주세요. 한명만더 ... 이 대사를 들을때 당신은 심장이 뛰는걸 느낄것이다.  
20170212,10,one more ~~~  
20170212,9,미국뽕영화는 언제봐도 재밌음 심지어 미국인도아닌데 애국심이생기는 이유는뭘까 우리나라 군기피자들은 좀 보고 배워라  
20170212,7,전쟁 묘사는 정말 기가 막힘...마지막에 조금 과장된 부분이 있긴 한데 정말 재밌게 봤음  
20170212,10,내 인생 최고의 영화다 한국에 개봉하면 꼭 봐라  
20170212,4,라이언일병구하기 반도 못 쫓아간다.... 포탄터지는 아비규환 전장도 애들 장난같고 육체 파편 날아가는건 조잡하기만 하다. 전쟁씬을 기대하고 봤다간 실망이 큽니다...  
20170212,10,설명 필요없다 실화인게 놀랍다  
20170212,9,올해 본 영회중에 제일 좋았다. 후반부 전쟁씬은 역대급! 앤드류 가필드 연기가 진짜 대박이었음!  
20170212,10,역대급이다~  여운이 가시질 않는다ㅜㅜ 최고  
20170212,10,말뿐인넘들에게 보여주고싶은 영화.  
20170212,10,실화. 인상적인 전쟁씬. 초반 약간의 지루함이 흠. 평점 7.5  
20170212,10,쪽발이 살충 영화는 무조건 10점 입니다.  
20170212,10,봐도 봐도 말로표현할수없는 깊은 울림 그냥. 모든게 최고. 실화라는것도 최고. 그리고 기적은 있다는것. 아멘. ..  
20170212,10,다시봤다 스파이더맨 연기 엄청 잘하네 ㄷㄷ  
20170212,7,솔직히 분단국아니였으면 다 안갔을거면서.. 종교적으로 병역거부하는 사람이 손에꼽을정도일텐데 뭐에 그렇게 흥분하는지..진짜 티안내고 사이비인건 개독 통일교들...  
20170212,9,"이미 블루레이로 출시하긴 했지만, 반드시 극장에서 다시 한번 더 보고 싶은 영화!!!!  "
20170212,7,신념의 사나이 이야기를 멜깁슨 특유의 생생함과 잔인함으로 그대로 표현된  
20170212,10,"무모한 종교적 신념으로 오히려 사람을 살리는, 동 시대에 벌어지는 수 많은 학살과 대척점에 놓인 매우 낯설지만 감동적인 실화의 힘.  "
20170212,10,"빨리나와라..,빨리나와라..,트레일러 보자마자 검색했다.트레일러 보자마자 검색했다.근데 개봉일이 2월22일이다.근데 개봉일이 2월22일이다.콩까는 영화다 ㅋㄲㅈㅁ콩까는 영화다 ㅋㄲㅈㅁ그래도 기대가 되는 영화다그래도 기대가 되는 영화다  "
20170212,1,알바투입됐냐 평점왜케높아  
20170212,10,군대는 싫지만 전쟁영화는 언제봐도 잼있다  
20170212,9,"재미도 있고, 교훈도 있고 ^^  "
20170212,1,영화적으로는 재미는 있었다라이언일병구하기보다 재미있다는건 아닌거같다성공하였기에 이슈가 됐다는 말처럼 억지였고 단지 운이좋았다고 말하고싶다이걸 종교와 연관지어 말하는게 우수워 1점준다  
20170212,10,전쟁영화보면서 이렇게 눈물나게 잼나게 본건 이영화가 첨인듯 ..  여운이 많이남는다 세상에 진짜 감동!  
20170212,8,"신념을 지킬 수 없는 곳에서 그것을 이어가기란 스스로에게 얼마나 고통스러운가. 그리고 끝내 그것을 지켜내고자 했을 때, 그 파급력은 참으로 숭고한 것이었다. 멜 깁슨은 전장에서 그의 신념이 존재감을 잃었을 때를 기다렸다가 확실하게 그 해답을 제시한다.  "
20170211,10,2017년 꼭 봐야될 영화에 무조건 포함될 작품  
20170211,10,정말 별로 큰 기대 없이 보러갔다가 큰인물을 접하게 된 영화!!!전쟁장면을 보면서 진짜 전쟁이 안일어나길 빌며 보고 주인공 보면서 우와...어떻게 저럴 수 있을까 ㅠㅠ긍적적 의미로 큰 충격이었음 ! 많이 추천하고픈 영화  
20170211,9,오늘 천안 펜타포트에  부인이랑 보고옴. 간만에 전쟁영화 좋네요. 핵심은 휴머니즘이었고. 부인도 '전쟁참 무섭다'면서 재밌었지만 기분이상하다네요. 저도 남자라그런지 뭉클하더라고요. 추천합니다.  
20170211,10,재미있었습니다~ 보세요~  
20170211,10,실화라서 멋진 영화...천국 가셨을듯...  
20170211,10,스티븡유랑 발치몽은 진짜 이 영화 보면서 반성해야된다 보면서 뭐 느끼는거 없나??  
20170211,10,와~ 오랜만에 몰입해서 봤네요  
20170211,10,종교 그런거 떠나서 그냥 영웅이다 최고의 전쟁영화다 전투신도 좋고  전쟁영화보면서 울컥하긴첨이네  주인공의 희생정신을생각하니 가슴이 벅차다  꼭 봐야할영화  
20170211,10,꼭 한번 봐볼만한 영화라고 생각합니다  
20170211,8,전쟁 영웅이란 많는 업적과 적의 사살이 아닌 사람을 살리고자 했던 사람에게 하는 말이다  
20170211,10,영화 이후 6.25 전쟁에 도움 주신 모든 참전 용사님들께 감사드립니다.  대한민국을 위해 희생해 주신 것 다시한번 기억하게 되었습니다.  
20170211,10,진짜 너무 재밌네요 이렇게 네이버 들어와서 평점 쓰긴 또 처음. 진짜 군대가시는분들 존경하고 목숨바쳐 우리를 지켜주셨던 분들에게 존경한단 말 드리고 싶네요ㅠㅠ 전쟁영화 중 최고입니다.. 진짜 최고입니다 ㅠ  
20170211,10,실화라니... 진심 재미  
20170211,10,실화네요 한명만 더 한명만 더 하면서 구해내는 장면에서 눈물이 주르륵...집총을 하지 않고도 전우들을 위해 무언가를 해내고야마는 ...감동입니다 남주인공 도스와 도로시의 그 후 얘기도 감동...단연코 2017년 최고의 영화임을 확신하고 강추합니다  
20170211,10,일개병사들도 단한명이라도 전우를구하기위해노력하는데 윗대리들이란? 지들만살라고..이러면안돼는데 이런거볼때마다 세월호선장 진짜나쁘다우리사회는 저런군인같은정신이 필요하다  
20170211,10, 정말 잼있다수류탄.으로 야구하고 축구하고한따가리 하러 가자 갓필드. 평점 별. 백만개  
20170211,10,머지 일본때문에 늦게 개봉하는 건가 이유를 모르겠네. 아무튼 꼭 봐야함.  
20170211,10,테레사 팔머랑 결혼하고 싶다ㅜㅜ  
20170211,5,어휴 말도안되는 고집봐라. 개암걸리는 주인공때메 5점군인이 총을 안배워ㅋㅋ한국에서 저러면 맞아OO  
20170211,10,처음엔 별로라고 그냥 그러네 라면서 보는데...대박 감동... 추천  
20170210,7,라이언일병구하기 만큼은 아니지만 감명깊게봄 이영화를 우리나라 여자들이 봐야되는데 군인이 나라를위해 얼마나 희생하는지.. 군인보기를 하찮게보는 헬조선 망해야됨  
20170210,7,실제 전쟁 영웅 이야기란 점이 흥미롭기는 하나 다소 평이한 느낌.  
20170210,7,알바들 진정좀 하삼;;;  
20170210,10,2시간 20분이 훌떡 지나갈 정도로 흡입력이 장난 아니었던 영화.앤드류 가필드가 이렇게 연기를 잘 했던가  
20170210,10,여자배우 너무 예뻐요 ㅠ  
20170210,10,한명만 더  한 명만 더 하는데 보다가 소름이 쫙.. 실화라고 해서 한 번 더 소름이 쫙 돋았습니다. 스릴 있고 긴장감 넘치고 추천합니다  
20170210,8,종교를 떠나서 굳무비 ..  
20170210,1,이게 우리나라에서 사이비종교 찬양영화로 분류될까 두렵다  
20170210,10,진짜 양심적 병역 거부자란 한국에서 여오와 증인 핑계로 군대 가기 싫은 새기들이 아니라  도스처럼 전쟁의 실제 상황속에서도 끝까지 총을 잡지 않고도 전우를 구하기 위해서 하느님의 말씀대로 남을 구하기  자기를 희생하는  태산같은 신념을 가진 사람이다  
20170210,10,마지막엔 나도모르게 눈물이나네  
20170210,10,10점도 부족한 영화. 간만에 좋은영화 봤네요  
20170210,9,"갠적으로 너무 재밌게 잘봤음ㅋ 라이언일병,퓨리 등 너무 좋아하는데 괜찮네욤 아쉬운점은 전반은로맨스 중간부터 전쟁.. 그리고 전쟁영화중 젤 잔인한듯  "
20170210,10,라이언일병 구하기..블랙호크다운..에너미엣더게이트..이후 드디어 볼만한 전쟁영화가....기대된다!!  
20170210,10,실화라는게 도저히 믿기지가않는다.. 정말 신이 강림해서 부상자들을 살려준거라고 밖엔.. RIP 데스몬드..  
20170210,10,전쟁영화라 다소 잔인한장면이 나오지만 실전과 유사하게 만든작품이라 생각든다  
20170210,1,알바 오진다; 평점 조정하러옴  
20170210,9,신념을 가진 한남자이야기 보면서 울컥했는데 실존인물이라니.. 존경스럽네요  
20170210,6,리얼한 시체 묘사와 압도적인 전장씬은 인상적이였지만 다분히 기독교 시점의 영화임을 감안하면 평점은 숫자일 뿐이라고 생각됨. 한손으로  수류탄을 팅겨내 발로 걷어차는 장면으로 모잘라 한손만으로 소총을 자동난사하는 장면은 영화를 망쳐놓았다고 생각됨.  
20170210,10,헥소고지  다른이름은 마에다 고지 입니다  
20170210,10,멜 형의 인생작.. 전쟁에서의 진정한 영웅..실화였고 실존인물이 계셨다는게 믿기지 않는다..최고의 영화  
20170210,10,영화관에 갔는데 볼게없어서 그냥 봤는데 생각보다 재밌어서 놀랐음.. 이런 전쟁영화인줄 모르고 갔다가 감동도 받고 아드레날린러시도 훅훅오고 진짜 앵간했음ㅇㅇ  
20170210,10,"처음30분은 ,,걍 일반적으로 뭐 이런영화야?했는데,, 전쟁나가고 부터 등에 소름돋고 사람 구할때마다 존경스럽더라.. 나 자신은 저럴수 있을까?;  "
20170210,10,"머리속에 맴도는 ""한명만 더...""정말 감동적인 최고의 영화  "
20170209,7,현실적인 전쟁영화 실화 라는 것 에서 더 플러스  
20170209,10,역대 전쟁 영화중에  TOP3 안에 들 만큼 감동적이고 열중하게 만드는 영화~  
20170209,10,숨가쁘게 만드는 감동이 있습니다 정말 좋은 영화네요  
20170209,10,요즘 운이 좋다. 좋은영화잘봤다  
20170209,8,종교적인것을 떠나서 자신의 신념으로 기적을 만든 남자에게 박수를  
20170209,10,"실수로 글쎄요 눌러버렸다여튼 자신의 신념으로도 고귀한 무언가를 구할 수 있다는것을 보여주는, 병역거부자들의 핑계와 정면으로 맞서는 영화...  "
20170209,10,와 왠만하면 평점 리뷰 안남기는데 이건 정말 말이 필요없다. 라이언 일병 구하기 이후로 본 최고에 전쟁 영화다. 실화라니  10점남긴다  
20170209,10,말이 필요한가. 이 영화를 봐라.  
20170209,10,퓨리보다 재밌었다! 데스몬드 존경합니다  
20170209,9,오랜만에 전쟁영화봤는데 생각보단 괜찮았슴.  
20170209,10,"라이언일병구하기, 진주만을 재밌게 봤다면 전쟁장면만큼은 극장에서 보길 추천함. 다만 기독교편향적인 내용이 있지만 안티그리스트도 그리 혐오할 수준은 아님. 멜깁슨이 브레이브하트 이후 정말 약빨고 만든 전쟁영화.  "
20170209,10,죽음앞에서 신념을 지키고 자신이 믿고자 하는길을 갔던 남자신념의 강함 과 그 신념을 지킬려는 강함 또 다른 강함을 보여준 영웅의 영웅담  
20170209,8,핵소 고지위에서의 폭탄에 오체분시되며 살점이 틔고 내장이 흐르는 아름다운 영상미만 좀 볼만햇다  
20170209,9,위대한 실화 이런 신념과 거기에 충실한 사람이 많은세상이 낙원이지  
20170209,10,2시간이 넘는다는걸 다보고 알았을만큼 한순간도 지루하지않음.진짜 양심적병역거부가 뭔지 보여줌.마지막에 애인이랑 재회하는 장면 기대했는데 깔끔하게 삭제ㄷㄷㄷ  
20170209,10,명작이라고말하고싶다  
20170209,10,실화라서 더욱 감정이입하면서 볼 수 있엇음..  
20170209,10,고어 영화는 잘보는데 이건 무서웠어요 ㄷㄷ 미필이라그런가...  
20170209,10,실제 주인공의 신념과 용기에 경의를 표하고싶네요. 이 영화를 생전에 보셨다라면 본인이 얼마나 용기있고 멋진사람인지 잘 아셨을듯요  
20170209,10,단언컨데 최고의 전쟁영화!!!!  
20170209,9,"볼만합니다. 자신의 신념을 지키고, 보여줬다는데 큰 의미가 있음.  "
20170209,1,it reminds me  how magnificent saving private ryan is. true story is not always the best virtue.  
20170209,9,마지막에 주인공이 들것에 도르래로 실려 내려오는 장면은 어쩌면 신이 내려오는 것처럼 보이기도 하고 어쩌면 주인공이 하늘에 오르는 것처럼 보이기도 한다. 근데 들것에 누운채라는게 참 미묘한 장면이었음  
20170209,7,소재도 좋았고 배우들도 좋았고 훌륭한 메세지를 주는 영화이다.저리 좋은 마인드의 종교 일부가 한국에와서 왜 이리...영화후반 할복하는 쪽발이들 쓸데없는 존심 미화에 7점준다.  
20170209,10,간만에 영화 보면서 눈물이 났다  
20170208,10,"라이언일병구하기, 밴드오브브라더스 그리고 핵소고지 .. 또하나의 인생영화를 보았음  "
20170208,10,실화라는게 더 놀랍다.  
20170208,9,인간은 전쟁을 만들고 전쟁은 영웅을 만든다.  
20170208,10,멜깁슨감독꺼는 무조건봄  
20170208,10,양심적병역기피자 무조건 까는놈들은 백퍼 이영화 안봄.  양심적병역기피자들도 충~분히 군대갈수있음 지들 의지가 없는거지보고나면 생각할꺼많은영화고 액션씬 역대급임ㅜㅜ근데 약간 쫌 잔인함  
20170208,10,미운오리새끼에서 백조로~ 반드시 총을 들지 않아도 전투에서 승리 할 수 있다는 것~도스를 구하기 위해 엄호 사격할 땐 눈물마저 흘렀다.  
20170208,5,본격 제칠일안식교 홍보영화...  
20170208,2,"미국판 인천상륙작전, 개독영화  "
20170208,5,병역기피자들 이거보고 반성들 하라고 그러는데 영화내용이 병역기피자들 군대가라고 추천하고 반성하라는 내용이 절대 아닙니다 군대 갓다온사람으로써 오히려 너무 현실적이지 못해 감정이입이 안됨 신념 좋은데 다른 총들고잇는 군인들은? 내가 들엇던 엠16은?  
20170208,2,높은사람과 연이 있어야지 세상살이 신념을 굽히지 않고도 자유롭게 살수있음을 보여주는 영화였다.  
20170208,6,6점정도. 킬링타임용.  
20170208,10,극장가서 꼭 보셈 인터넷에 블루레이 풀린게 안타깝다 ㅠㅠ  
20170208,10,한시도 지루할틈이 없었음. 아포칼립토 이후 10년만이라니 다음작품은 또 10년이나 기다려야하나...감동의 도가니탕~~  
20170208,10,라이언 일병 벤드오브 브라더스 이후 최고의  전쟁영화다실화 라 더 감동이 였고 암튼 요근래 본 영화중 단연 최고다!!  
20170208,10,말이 필요없는 감동적인 영화입니다.앤드류 가필드의 연기는 최고네요.  
20170208,10,역시 멜깁슨영화에서 때쟁씬이 빠지면 섭하지ㅎㅎ 위워솔져스 제 2탄에 실화까지 가미돼서 더욱 감동적임  
20170208,10,"BOB, 퍼시픽, 라이언일병구하기, 에너미엣더게이트, 블랙호크다운, 론서바이버, 아메리칸스나이퍼 그리고 헥소고지  "
20170208,1,저 미군들한테 죽고있는거 대부분 조선사람들이었겟지  
20170208,10,말이 필요없는 최고의 영화  
20170208,10,대단합니다. 이게 실화라니... 멜깁슨감독의 다음작품도 기다려 지네요!  
20170208,10,배우들 하나하나 다 뛰어남..마지막 인터뷰형식은 BOB느낌나긴 했지만 훌륭함  
20170208,10,잼있다 .. 진심으로 ~~  
20170208,10,메르시 캐리 : 영웅은 죽지 않아요  
20170208,9,뭐 이건 기대를 완전 뛰어넘는 영화네. 하 헥소고지 처음 들어갈때의 공포. 전쟁은 진짜 참혹한듯  
20170208,9,주님 한명만 더 구하게 해주세요ㅜㅜㅜㅜ와  
20170208,10,종교충들 이거 보게하고 군입대 시켜야된다  
20170208,10,이런 명작이 국내에서 개봉하는 극장 이렇게 없냐 ...  
20170208,10,아주 재미있을 것 같습니다.  
20170208,10,이 사람의 신앙 정말 대단하다 그리고 실화라니 이사람 다니는 교회한번 가보고 싶다.  
20170208,10,극장용. 난리남. 라이언 보다 멜깁슨이 한수위. 오락영화에 지친 사람에게 적합. 이야기는...머냐면...seventh day adventist라는 미국기독교인 이야기. 기독교 냄새가 안남. 그래서 좋음.  
20170208,10,멋진 영화 입니다. 실화라니... 자신의 신념을 올바른 방향으로 믿고 나가는게 얼마나 중요한지를 깨닫게 해주는 영화네요.  
20170208,8,만렙 힐러가 전쟁 캐리하는 이야기...8점  
20170208,10,"말도 안되는 천재들이 영화를 만들었다..멜로,휴먼,전쟁,액션 그어떤것 하나도 놓치지 않은 엄청난 영화다..엔딩크레딧이 올라오는 순간....난 내가 숨쉬고 있는것을 느꼇다.  "
20170208,10,아 정말 군대 갔다온 사람만이 느낄수 있는 감동중에 감동한 영화입니다...  
20170208,9,처음으로 평점 다는데...주인공의 용감함...그것만으로도 9점 준다. 인디펜던스데이의 희생정신에 감동한 사람이라면 한번 보길...  
20170208,8,얘기도 흥미진진하고 전쟁신은 좋지만 내용이 너무 신파로 흘러가고 연출이 구식이다. 기본적인 스토리 왜에 다른 이야기를 더 담는게 어땠을까 싶고 맬깁슨은 감독으로서 이전보다 더 퇴보한듯 싶어서 아쉽다.  
20170208,10,와.. 역대급 전쟁영화다..  
20170208,10,여운이 길게 남네요 정말 인생 영화 입니다.  
20170208,10,정말 대단하다.. 존경스럽다  
20170208,9,스파이더맨의 앤드류가필드를 여기에서 보다니..멜깁슨은 브레이브하트에서 이미 오래전에 팬이 된지라..ㅎ실화를 바탕으로 만든 이런 영화들은 꼭 봐야한다고 생각합니다~  
20170208,10,초반루즈하고 전투신은 최고!!  
20170208,10,앤드류 가필드는 스파이더맨을 하지 말았어야 했다...  
20170208,10,이건 정말이지 ... 완벽  
20170208,10,초반 지루하다는 사람들은  자막없이 봤냐?  
20170208,10,와 대박 영화입니다. 꼭보세요  
20170207,8,"난 보았다. 마지막에 도스가 일본군을 죽이는 것을 그래서, 도스는 거짓말을 할 수 있다는 것을 알고 있다.  "
20170207,10,리얼하다. 그리고 대단하다.  
20170207,10,2017년 최고의 영화를  지금 만났다. 핵소고지 내 인생영화가 될 듯 하다.. One more.. One more..  
20170207,10,한 인간은 다른 인간의 가치를 판단할 수 없다. 전쟁의 잔혹성을 보여주는 영화는 계속 되어야 한다. 멜깁슨과 출연진들의 연기는 대단하다.  
20170207,10,생각없이 보다 울었습니다  
20170207,10,그의 신념은 용감했다...  
20170207,10,양심적 병역 거부 = 군대를 사람 죽이는 곳으로 생각하는 인간  
20170207,10,재미있는데 실화니까 더재미 있음.  
20170207,10,여호와의 OOO들도 현역보낸뒤 집총시키지말고 무슨일이든 시켜야한다 총알받이든 작업이든 인간과녁이든  
20170207,10,네이버 광고 보고 핵소고기 인줄 알았다  
20170207,10,비양심적 병역기피자들아..반성해라. 데스몬드 도스는 집총을 거부했을 뿐 병역을 기피하진 않았다. 병역은 국민의 의무이다.  
20170207,10,양심적 병역 거부 발언 하는 새끼들한테 이 영화를 바친다. 양심적 거부 타령하지마라라. 더러운 ㅅㄲ 들아  
20170207,10,그냥 봐라.... 이유가 없다. 최고임.  
20170207,9,실화라는데 더 감동. 암튼 대단한 사람임에는 분명함. 충분히 명예의 상을 받을 만하다고 생각함.  
20170207,10,멜깁슨 ..영화 드뎌~~!!~완전 기대되고 기다려짐 생명을 경시하는 요즘 보기에 본이 될듯.. 보고시포요~~^^v  
20170207,7,매드 맥스가 또 한 껀 해냈구나. 오랜 만에 본 제대로 된 전쟁영화.  
20170207,10,평소 몸집 부풀리기와 돈만을 쫒는 한국 개신교 목사들의 행태에 거부감을 갖고 있는편이었는데 한국의 개신교들 보고 있나? 도슨같은 사람이 진짜 성인이요.. 예수고 하나님인것이다..  
20170207,5,"맥스무비 시사회로 보고 옴 : 멜깁슨 어디 아팠나 싶은영화.. 조금 스케일 커진 서프라이즈 보는줄 알았음. 올드한 장면연출에 중간중간 웃는사람들도 많았고... 뜬금없는 애정씬도 무리수. 적나라한 전쟁 상황 묘사는 좋았지만, 돈주고보긴 내 시간이아깝다.  "
20170206,10,"무슨말이 필요할까. 하나님은 살아계신다. 예수님 밖에 없다. 이 영화를 보고 많은 사람들이 하나님을 궁금해하고, 교회에 관심을 갖고 찾아올것이다.  "
20170206,10,한명만 더 한명만 더 한명만 더  
20170206,10,영화가 끝나고 든생각은~ 한번더봐야지~ 였다  
20170206,10,진짜 이런 일이 실화인가 싶다~!! 진정한 영웅 중 영웅. 존경 스러움... 영화도 감동적이고 전쟁장면 실감나요~!!  
20170206,10,너무 기대됩니다~!!^^  
20170206,10,영웅은 죽지않아요 대가를 치를뿐  
20170206,10,라이언일병 이후로 이렇게 사실적인 전쟁영화는 처음이다 말이필요없다  
20170206,10,멜깁슨 존경 스럽네요엔딩 장면에먹먹한 느낌 시간 가는 줄 몰랐읍니다  
20170206,10,내애애애애요오오오옹구우우우웃  
20170205,8,초반에 지루함 견뎌야...  
20170205,10,내 생애 전쟁영화중 최고의 영화다  
20170205,10,감동실화입니다. 요즘같이 기독교에대한 불신과 편견의 벽을 허무는 영화입니다.  
20170205,10,슬픈장면은 없지만벼 ㅇ신같이 눈물이 난다 ...  
20170205,9,군시절 극장에서본 라이언 일병구하기와 그이후 미드 밴드 오브 브라더스의 감동을 이 영화가 다시 재현해 냈다. 그와중에 항복하는척 하면서 수류탄투척 쪽발이의 비열함도 영화에서 사실적으로 그려내 통쾌.  
20170205,10,흐엌 감동먹음...명실공히 10점짜리 영화다  
20170205,10,눈물을 흘리며 본 첫 전쟁영화  
20170204,10,"물입도최고 긴장감최고. ""Just one more, one more please God."" 여잔데 전쟁영화 몰입해서 본거 처음이다. 많은생각이드는반면 일본놈들 자살부대 ㅂㄷㅂㄷ 이영화일본에 개봉안될거같지만 개봉돼서 반성좀했으면좋겠네  "
20170204,10,한마디로 잘만든 영화.. .  
20170204,10,양심적 병역 기피 어디서 주워들어서... 이 영화 보고 정신 차리고 행동했으면..  
20170204,9,대단히 만족스럽다. 아카데미스러운 영화를 좋아하는 사람에게도 전쟁다운 전쟁영화를 좋아하는 사람에게도 탁월한 선택이 될 것이다. 실화는 보너스.  
20170203,10,생각 할시간이없습니다~  
20170203,10,이런 명작은 진정 극장에서 돈주고 봐야합니다.전쟁영화중 거의 탑급입니다.  
20170203,10,오랜만에  좋은  영화  나왔네요.  
20170203,10,울었다... [mathews 22:39 둘째는 그와 같으니 네 이웃을 네 몸과 같이 사랑하라 하셨으니]  
20170203,8,"군필자든 미필자든 형이 한마디만 할게, 전쟁에 나가는 모든 인원(군인)은 아주 당연하게 자기몸을 지킬 수 있는 기본훈련은 받아야해. 그리고 총을 다뤄야 자기몸을 지키겠지? 차라리 양심적 병역 거부하고 영창에서 썩는게 동료 도와주는거야. 기강 다무너져  "
20170203,10,라이언일병구하기 이후 가장 격렬하고 리얼한 전투신....기독교를 믿지는 않지만  데스몬드 그 분은 하나님이었다  
20170203,10,어찌  이  역사에  남을영화가 국내미개봉일까요살인 깡패  잘나가는배우돌려쓰기 흔한삼류영화에 투자그만하고  좀이런걸보고  배우고  따라가려해야지 ..안타까움  
20170202,10,최고의 전쟁영화임에 틀림없다  
20170202,1,억지구성에 억지눈물 쥐어짤라고 애잔할 정도.마지막에 일본군 수류탄을 발리킥으로 쳐내는 주인공의 모습에 호날두가 오버랩됐다 ㅇㅇ OOO기 영화. 미국판 /포화속으로 혹은 고지전/ 쓰레기.괜히 선동당하지 말고 보지마세요  
20170202,10,주특기 4111은 꼭 보자  
20170202,10,아포칼립토 이후 멜깁슨 작품중 당연 최고 수작이 아닌가 싶다. 첫 전투씬은 정말 리얼했고 숨죽이는 장면에선 손에 땀이 났다  
20170202,10,내인생 마음속에 기억될 영화네요. 멜깁슨 감독의 연출과 배우들의 열연이 영화의 빛을 바랩니다.  
20170202,10,앤드류 가필드의 피터파커??노노에드먼즈 도스!!  
20170201,10,맬깁슨은 잔인하고 끔찍한 장면을 잘 연출하네 평소 고어물을 즐겨보는듯  
20170201,10,아 진짜 가슴 찡한 영화 입니다  
20170201,10,멜깁슨~좋은 영화 감사합니다. 덕분에 또 한명의 영웅을 알게되네요.  
20170201,10,라이언일병 구하기 이후로 전쟁영화는 별로였는데 진짜 개명작임 이거..특히 한명만 더 구하게 해주소서는 진짜 명언임..양심적 병역거부자들 진짜 쳐봐라 게다가 적이 쪽바리라 무조건 봐야함  
20170201,10,처음으로 자진해서 평점남긴다. 전쟁영화중 단연 최고라고본다. 실화를 기반으로 진짜 잘만든 수작이다. 멜깁슨에 존경을 표한다. 라라랜드 이딴거랑은 비교도 안되네...  
20170201,10,전쟁에서 가장 강력한 것은 무기가 아닌 인간의 신념과 믿음이다.종교와 병역기피에 빗댈 영화가 아니다.신념을 가진 사람이 얼마나 강한지를 보여주는한 영웅의 이야기  
20170201,10,앤드류 OOㄹ... 세상에..  
20170131,10,최고의 영화!!!  멜깁슨이 이런 감동을 또 주는구나... 도스...라는 남자 ... 존경합니다. 당신은 하늘이 내려준 사람일 듯...  
20170131,10,맬깁슨 특유의 사실적인 영상미그리고 실화그리고 원모어....대작이다  
20170131,9,"놀라운 전쟁 실화. 그러나, 여호와의 증인에서 악용할 소지가 다분함~ ""나는 신은 존재하지 않는다고 생각한다. 하지만 신을 믿는 사람들의 선행에는 경의를 표한다. - 어느 철학자""~ 박푱시기는 밥은 먹고 다니냐? ㅋㅋㅋ  "
20170131,9,영화끝나고 계속 머리에 맴돌던 대사 Help me get one more.  
20170131,7,재연 영화의 아쉬움은 존재... 재미는 있었다.  
20170131,10,나 40중반 남자. 근 10년내 처음으로 영화보면서 감동의 눈물을 흘렸다.  
20170131,9,쪽바리들 이거보고 실신할듯  미국이 역사왜곡했다고ㅋ 흥행꼭하길바래  
20170131,10,너무나 참혹했던 상황에서 최선을 다한 도스가 존경스럽다.  
20170131,10,무슨말이 필요할까? 쉰들러 리스트 이후 최고의 감동을 선사해준 영화임 오스카는 멜깁슨을 택하라  
20170130,10,연출이며 배우이며 내용이며 몰입도이며 연기며 뭐하나빠지지않았다 출연진 라인업도 좋았고 감독의역량도 빛났다 시간가는줄모르며 본 듯하다. 덧붙여 라이트아웃에서 만난 그녀는진짜이쁘다..  
20170130,10,감동의실화한사람의 신념이 놀라운 기적을 만들어냈다마직막엔 눈물이 주르륵..  
20170130,9,앤드류 가필드 인생작....  
20170130,10,이런 전쟁영화는 또 보고싶다  
20170130,10,최고입니다!!!!정말요  
20170130,7,한사람의 정의로운 믿음의 힘이 생명만 살리겠는가? 세상을 구할 수도 있다.  
20170129,6,실존 인물의 신념에는 경의를 표하나 영화적 표현은 많이 상투적이고 지겨운 방식이다.  
20170129,10,양심적 병역거부자들은 무조건 봐야되는 의미있는 영화인데가 적이 쩍바리쉐리들이니 이건 1000점을줘도 모자르다.  
20170129,10,"전투씬,고어씬의 숨은 고수 그가돌아왔다. 첫 전투 시작 할때 정말 그감동은..휴머니즘 그딴건 필요없고 전투씬만 쭉이어지길 바랬다.  "
20170128,6,우리나라 여*와의 *인 사이비 OO들. 이 영화를 이용해 먹을까 걱정이다.  
20170128,10,"""one more""을 말할때마다 가슴이 찡했고 존경스러웠다  "
20170128,10,보면서 운영화는 이영화가 처음이다 난교회는 믿지않지만이사람의 신념과 남을 살려야한다는 선한마음에 감동받았다 정말 존경할만한 사람이다  
20170128,10,제가 여태까지 평가했던 영화들 한번 참고하시길. 이영화 진짜 대박입니다. 한시도 눈을 못떼고 봤네요ㅎ  
20170128,10,양심적 병역 거부자라고 입대조차 안하는 OO들은의 신념이 얼마나 하찮고 가식적인지 보여주는 명작  
20170128,10,10점 주고 싶은 몇 안되는 영화 중 하나!!  
20170128,10,감동적인 영화입니다~  
20170128,8,죽이는 것보다 살리는 것이 더 중요하다는 것을.. 한명만 더 살려줄 수 있도록 간절히 소망했던 주인공의 마음을 통해.. 지옥같은 전쟁 장면 속에서 서서히 스며든다.. 그리고 멜 감독의 서사구조와 메시지는 늘 흥미롭다..  
20170128,10,꼭 봐야하는 영화~ 자신의 신념과 사회적 책임을 이뤄낸 최고의 인물실화임  
20170128,10,감동 입니다. 보시면 절대 후회하지 않을 영화입니다.  
20170128,10,감명깊게봤네여 one more one more  한명만더 한명만더 올해의영화!!  
20170128,10,단순히 집총 거부자이지 병역 거부자는 아니다. 우리나라에서 군대 그냥 가기 싫어하는 군대 거부자와는 다르다는 것이다.  
20170127,8,좋은 실화 영화다. 쪽바리들이 싫어할만한...  
20170127,10,라이언일병에 비빌정도는 된다  
20170127,10,타 전쟁영화와 다르게 엄청 몰입하면서 봤습니다.  
20170127,10,신념 그리고 1명만 더 구하게 해주세요....이 두개로 꽉찬 영화  
20170127,10,한명만 더 구하게 해주소서...  
20170127,10,병역거부하는 개말단넘들은 꼭 봐라 양심적으로  
20170127,9,러닝타임을 반으로 나눠서전반부는 정말많은 생각을 하게끔하고후반부는 그 생각의 결정 끝에서 뒤돌아 웃고있는 자신을 발견할것이다 가필드 연기또한 일품이며 전쟁씬은 더할나위없다전쟁영화중의 수작중 수작  
20170127,8,영화의 반이 지날 때 까지 전투씬은 1도 없지만 지루하지 않음.나머지 절반의 전투씬은 거의 역대급. 여러모로 볼만한 영화.  
20170127,9,간만에 역대급 영화 나왔네.. 테레사 팔머도 역대급외모로 나옴  
20170127,9,개독 잘봐라주인공의 그 용기잇는 행동은자신의 신념이었다신의 계시나 신앙 그 자체가 아니었다인류역사상 가장 감동적인 한 개인의 신념을 볼수있는 영화멜 깁슨의 영화는 그래서 가치있다종교 그 자체보다 개인의 신념과 철학을 보여주려하기때문이다  
20170127,10,"신념, Belief. 생명을 구하다  "
20170127,7,"나쁘진 않지만 군대나 교도소 장면에서 꼭 나오는 여자친구 사진뺏기 담요 덮히고 구타하기는  이제 좀 식상. 여친 사진 뺏은 동료랑은 나중에 꼭 친해지면서 ""그땐 미안했다""ㅋㅋㅋ  "
20170126,10,말이 필요없이 10점. 멜깁슨은 연출 실력은 여전히 최고.  
20170126,6,아포칼립토 재밌게 봐서 기대했던 영환데 생각보다 엉성한 감이 있었음. 감동은 충분한 영화  
20170126,9,우리나라의 양심적병역거부자들은 그냥 군대가 가기싫은거고... 미국의 양심적 병역거부자들은 군대가 가기싫은게 아니라... 단지 살인을 하지말자는 주의... 그래서 군대도 가고 훈련도 다받고 하지... 의무병으로... 차이점을 알겠나요?  
20170126,10,"나의 한목숨보다 전우들의 목숨을 소중히 여긴 그에게 박수와 존경을 표합니다 강추 강추 ㅠㅠ 가슴 한켠에 깊이 남을 영화,,  "
20170126,10,나는 자신의 신념을 지키고 살아가는가? 신념은 공기처럼 보이지 않고 연기처럼 사라지는 본인의 삶에 큰 메세지를 던져준 영화이다.  
20170126,10,전반부가 루즈하다고? 전쟁씬만 볼만해? 그저 자극적인 것에만 길들여진 것들이 말이 많네. 가필드의 심도 깊은 내면 연기와 탄탄한 전반부 스토리가 있기에 주인공 도스의 캐릭터가 잡힌거야. 그래서 후반부가 더 자연스럽게 와닿는 거고. 쯧..  
20170126,10,영화는 좋은데.... 벌써 페북에 돌아다니드라... 또 페이크구나하고 봤는데 헥소고지더라..  
20170126,10,이때까지 봤던 전쟁영화중에 최고였다. 멜깁슨 특유의 종교적 생각이 담겨져 있는데 기독교 교인으로써도 공감가는 부분이 있었으며 가필드의 한명만 더 한명만더.. 하는 장면에서는 눈물을 참기 힘들 정도로 감동적이었다... 그리고 실화라는 것이 더 충격이다.  
20170126,6,전반부는 무척 지루하다. 팩트를 다룬다고는 하지만 미군과 기독교 홍보영화라는 느낌이 짙다. 더구나 적인 일본군을 치켜세우는 묘사에는 거부감마저 든다. 전시 행정이라는것은 영웅을 만들어낼 필요가 있는것이다.  
20170126,1,전쟁씬은 볼만하긴한데 오글거려서 못보겠다 가필드가 문제인듯  
20170126,8,볼만하다. 근데 종교 이야기는 좀 빼지..  
20170126,9,"역대급 전투씬, 역대급 감동  "
20170126,9,앤드류 가필드. 아직까지 스파이더맨 출신 배우라는 인식이 강력하다. 하지만 향후 수년내 오스카상 남주로 유력하다는 걸 잊지말자. 최근 필모를 보면 알수있듯이 영화계 거장 감독들과 작업하고 있다. 그만큼 작품 선정도 탁월하다고 볼수 있기 때문이다.  
20170126,10,초반의 지루함을 중후반의 리얼한 전쟁씬으로 보상받게 될것이다...전쟁은 절대 안된다...  
20170126,10,누가 개념없이 평점 8.85로 깍았냐? !  평점 20점도 부족하다.  10점 안준넘들은 회개해라! ㅋ  
20170126,10,라이언 일병 구하기를 능가하는 전쟁영화가 드디어 나왔네요. Thank you for your service. 진심으로 존경을 표합니다.  
20170126,10,우와....이거 진짜 대박임 ㅎㄷㄷㄷ  
20170126,10,또 하나의 명작을 보는군요... 너무너무 잘봤습니다. 감동! 추천!  
20170126,9,"멜깁슨은 젊은  여성을  좋아하고,   영화를  굉장히  잘  만든다.  "
20170126,7,Hacksaw Ridge  
20170126,10,와~소름 진정한 영웅이다... 말이 필요없다. 믿고 보는 영화  
20170126,10,죽어라 총만쏘는 전쟁영화는 아니다. 전쟁의 인간적인 현실은  끔찍하고 잔인함뿐은 아니다. 총알이 빗발치는 전장에서 도스가 지키려한 자신의 신념과  구해낸 전우들 또한 한부분의 현실이다.  
20170126,10,"라이언 일병 구하기, 1944 이후로 좋은 전쟁작품  "
20170126,4,교묘히 설파하는 멜 깁슨식 전도  
20170125,10,"내가 가진 신념, 가치관가 다르다 하여 색안경을 끼고 바라봄으로서 야기시킬 수 있는 실수들을 돌이켜보게 됐다. 단순히 영화로서의 끝이 아닌 경외심과 감동 그리고 인간애를 느낄수 있었다. 사실적인 전쟁씬 그리고 주옥같은 배우들의 연기를 잊을 수 없다.  "
20170125,10,애국선열들을 그린 영화를 보면서 느꼈던 감동과 뭉클함을 이 회화를 보면서 느낄수 있었음 라이언 일병구하기에 백배의 감동임 스필버그보다 깁슨이형이 전쟁영화는 한수 위인거 같음  
20170125,10,와 진짜 대박 보다가 눈물나고 보다가 감동먹고  진짜  찐한감동으로 다가온 영화네요  
20170125,10,"최근 만들어진 영화인데 사실적이다 개인적으로 이때까지 본 전쟁영화 통틀어 가장 사실적으로 표현한 원탑 최고의 걸작이다 물론 실전보단 약하겠지만, 영화 보는내내 경외심이 들었다 전쟁에 희생된 모든분께 애도를 표합니다 더불어 이나라도 휴전국임을 잊지맙시다  "
20170125,10,총을 들지않는 전쟁영웅의 감동적 이야기.  
20170125,10,영화좋아요 많은분들이 받으면해요  
20170125,7,멜깁슨이 감독이라 기대안했는데 의외로 재밌네요 의무병의 영웅담을 담아낸 영화  
20170125,10,그냥 3음절로 개꿀잼...  
20170125,10,"최고의 영화, 하나님 감사합니다  "
20170125,7,가능한가? 정말 그 순간 그에게 신이 들어왔나 보다  
20170125,9,종교만 아니면 완벽에 가까운 영화.!!! 내용상 어쩔수 없긴한데.. 멜깁슨 관련 영화는 약간 더 부각 시키는듯.. 그래서 9점줌. 진짜 재미있음.. 아포칼립토와 같거나 그 이상! 꼭봐라 진심  
20170125,10,포레스트 검프보다 더 잼있는영화  전투신이 진짜 실감납니다 꼭 보시길 권유합니다  
20170125,10,보면서 온몸에서 소름 돋았음. 이게 실화라는게 더 소름돋는일.  
20170125,1,다 좋은데 왜 또 주님이냐. 지겹다.  
20170125,8,강추~신념을 가진 사람의 행동하는 신앙의 모습은 죽음이 지배하는 처참한 전장 속에서 숭고하기까지합니다. 전장 씬의 리얼은 아주 사실적이며 디테일합니다. 이런 사실이 실화라니 믿어지지 않습니다. 꼭 감상하시길 추천 드립니다.  
20170125,10,완벽하다멜깁슨은정말다재다능한듯  
20170125,7,실화를 바탕으로 하는 이 영화 q보는 내내 딱 두가지 생각밖에 안듬. 일제식 제국주의의 잔재가 남은 대한민국의 당나라 군대에선 절대 상관에게 저렇게 말하거나 저런 행동을 할 수 없다는 것 초면인 한국 여자에게 저렇게 하면 사랑은 커녕 고소감이라는 것.  
20170125,10,"앞으로는 이 영화가 멜 깁슨의 대표작이 될 듯. 2016년 최고의 작품들 중 하나. 전쟁의 단면은 참혹하고 공포 그 자체였고, 그 속엔 종교, 신념, 휴머니즘 등 많은 것이 담겨있었다.  "
20170125,10,실제 전투에 참여한것 같은 기분이 드는 전투장면~정말 오랜만에 엄청난 영화를 봤습니다!  
20170125,5,=스포= 주인공 죽어요~~~  
20170125,8,와 이런 전쟁영화 명작은 오랜만에 본다.. 실화라는게 믿겨지지 않을만큼 허구같음 아니 싹다 후퇴한상황에서 전장에 남아서 부상병들을 구출할 생각을 할수 있었을까 하느님이 존재하는지 아닌지 모르겠지만 자기의 신념을 지키는 행동이랑 자신이 했던행동 감탄..  
20170125,10,스파이더맨에 앤드류가필드가 아니네....와 다시봤다.  
20170125,1,전쟁 영화인가 개독찬양 영화인가..  
20170125,10,말이필요없네요 10점도모자릅니다 100점주고싶네요 죽기전에 꼭 봐야할 영화입니다.  
20170125,10,두시간넘는 시간동안 시간가는줄 모르고 보다가 나중엔 질질짜고 있는 나를 발견함.  
20170124,10,최고다 말이필요없지않을까?멜깁슨기대해봅니다  
20170121,1,"영화가 나오기도 전에 평점이 10점으로 도배가 되어 있다는 점은, 많은 것을 짐작하게 한다.  "
20170121,6,양심적 병역거부자들은 필히봐서 느끼는게 좀 있어야 한다  
20170120,5,"이게 왜 멋지다는거냐, 저 인간인 무기를 들지 않음으로써 죽은 전우 또한 많을 것이다. 일반적으로 적군 1명을 살리는데 아군 3명의 희생이 필요하다. 아름다운 이야기이기는 하지만 저런 인간있으면 오히려 전우만 힘들어진다.  "
20170119,10,맬깁슨 감독의 영화는 꼭 봐야 된다....실화를 바탕으로 했기에 더 감동 적일듯.. 말할것도 없이 10점이다.  
20170119,10,진짜 기대된다 나오면 이거만 본다  
20170119,10,병역거부자랑 집총거부자는 명백히 다르다. 이 영화를 볼모로 사이비 종교들 판치지 않기를  
20170118,10,""" 한명만 더 구하게 해주소서 ""  더 말이 필요한가  "
20170118,10,소재 자체만으로도  울컥하는.. 종교적 신념만으로 저런 인성이 만들어진다면.. 그 종교는 위대한 것!  
20170117,10,제발 이 영화 만큼은 펑점알바 쓰레기들이나 대형 기획사끼고 나온영화들에묻히지않길를...  
20170113,1,"호주의 윤제균, 멜깁슨  "
20170111,10,너무너무너무너무 재밌습니다. 정말 오랜만에 마음을 울리는 영화를 본것 같아요  
20170110,10,오 오랜만에 2차대전 관련 영화다. 꼭 봐야지.  
20170110,10,엄청난 출연진과 옛날 매드맥스 주인공이었던 멜 깁슨이 맡았다! 이건 그냥 100점 주고 싶을 정도로 기대되는 영화이다. 참고로 이 영화는 실화이고 데스몬드는 미국최초로 집총거부한 상태에서 명예훈장을 받은 인물이다.  
20170109,10,군대 가기 싫어서 양심적 병역 거부 개ㅈㄹ을 떠는 인간들 모아다가 이 영화를 단체로 보게 했음 좋겠다  
20170107,9,전쟁씬을 많이본사람으로서 저의 기준에서 훌륭한 전쟁씬은 전쟁터를 미화하지 않고 사망을 감추지 않고 또한 적을 깍아내리지않고 상식을 무시하지않으며 제일 중요한것은 전쟁을 선양하지않습니다.본 영화는 윗조건을 다 가추었습니다..강추합니다!!!  
20170105,10,쩐다 그냥 전쟁 영화인줄 알았는데 사람을 구하네ㄷㄷ  
20170105,10,호치야 찐따새꺄 역사공부 좀 하고와 근데 영화는 참신해보이네요 10점 주고 갑니다  
20170102,10,예고편만 봐도 감동적이네ㅠ  
20170102,10,병역거부자들 양심적이라는 말을 사용하지 맙시다. 쪽팔립니다. 의무병으로 지원할 의향은 있나요?  
20170102,10,너무기대된다 얼른개봉되길  
20170102,3,이해안감..왜 비폭력주의자 무기도 들기 싫어하면서 전쟁에 참가하지? 사람을 구하고 싶으면 전쟁에 참가하지 않아도 많은 생명을 구할수 있는대..  
20170101,9,중국에서 미리 봤어요. 감동적임!! 나라면 어떻게 했을까..  
20161227,10,양심적 병역거부 한다는 세키들 보고있냐  
20161223,10,와..기다렸따..근데 제목은 헥소 리지.착각하지말자.  
20161221,10,"중국 거주중입니다. 개봉해서 봤는데요,정말 간만에 명작 나온듯합니다.종교보단 한 인간의 신념에, 짠한 감동을 받았어요.한국 개봉은 늦지만 개봉한다면 꼭 보시길 추천드립니다.  "
20161218,10,어제 해외에서 먼저  봤는데 정말 안 보면 후회할 정도로 말이 필요없습니다.  최고에요.  
20161216,10,중국에 거주하고 있고 오늘 극장가서 보고 왔습니다. 나름 전쟁영화 덕후인데 여태까지 보았던 그 어떤 전쟁 영화들 보다 압도적으로 사실적이었고 그만큼 잔인했으며 멜깁슨 특유의 크리스천 신앙관이 잘 녹아있습니다. 이 역대급 전쟁영화 놓치시면 후회합니다.  
20161213,10,"해외는 개봉해서 보고왔는데..전투씬은 이전에 전쟁영화비교하면 충격먹으실겁니다..훨씬 잔인합니다..그래도 밸 깁스가 연출한만큼 재미는 보장, 배우들 연기도 믿고봅니다.한국에선 청불예상...  "
20161212,10,저는 이미 캐나다에서 이 영화봤습니다....잔인한거 못보시는분들은 추천드리고싶지않지만 만약 상관없으시다면 강추입니다ㅋㅋㅋ전쟁영화중 내인생의 최고임... 라이언일병보다 재밌습니다^^  
20161212,10,왜 눈물이 나지 ...전쟁은 일어나지 말야야 한다. 절대.. 그의 용기에 ..(중국은 개봉함)  
20161210,10,20대 여잔데...정말 너어어어무 재밌음..재밌다기보단 감동적이고 실화라 더 놀라운 이야기... 한시도 지루한 틈이 없어요..진짜 꼭 보세요..꼭...  
20161207,10,우리나라에선 2월개봉인건가요?? 헐...앞으로도 두달이나 기라려야한다니...  
20161206,10,호주에서 오늘 영화봤는데 레전드입니다. 전쟁을 정말 잘 묘사했네요. 근데 잔인한 부분도 많이나와요  
20161203,1,제목이 헥소 고지가 무야..그냥 그대로 써  
20161129,10,현 우리나라에서 입대거부하는 종교분들 보고 느꼈으면 좋겠다 저게 애국이지  
20161125,10,오늘 봤습니다. 전투신 최고고 대박임 영화임. 의무병으로 주인공으로 해서 전투적인 장면이 안나올거라 생각했는데 그건 내착각. 더 적나라하고 심합니다. 최근 전쟁영화중 최고의 영화.  
20161125,10,꼭 봐야죠.. 근데 제목 고지가 아니고 릿지 아님? 수정해주세요.  
20161118,10,무적권 본다 ㅇㅇ 필1고우슛  
20161117,9,오늘 기회가 되서 보게 되었는데 최근에 본 밴드오브 브라더스가 생각 나더군요정말 의무병이라는게 어떤건지 적나라하게 보여주는것도 있고 사람의 신념이라는게 정말 어떤 영향을 이치는지도 보여주는 좋은 영화였던거 같아요  
20161113,9,와 앤드류 가필드가 이렇게 연기를 잘하는 줄 몰랐고 멜깁슨표 전투씬은 진짜 몰입도가... 올해 본 영화 중 가장 여운이 긴 영화다. 영화 다 끝나도 도저히 일어날 수가 없었음. 한국 개봉하면 꼭 보시길. 상 탔으면 좋겠네.  
20161110,8,줄거리만봐도 꿀잼일거같다  
20161110,10,해외거주하고 있어 오늘 보고왔네요... 와... 정말 보는내내 눈물이 주르륵.... 꼭 보세요 모두들!!  
20161109,10,앤드루 가필드의 진짜 슈퍼히어로 영화가 될거다.  
20161109,10,이것이 기대작인가....이런영화는 10점짜리에요  
20161108,10,호주에서 오늘 보고왔어요 너뮤 재밌고 감동적인 영화네요 내내 지루함없이 박진감 넘치게봤어요 3개월뒤 한국 상영이라는게 좀 믿기지 않네요 보통 호주랑 비슷하게 하던데 .. 넘 늦는거같아요  
20161108,10,으앙 이거 왤케 늦게 개봉하나요....  
20161108,10,봤는 사람이 하는말이 엄청 울었다네요 최고의 영화라고 합니다.  
20161105,8,라이언 일병 보다 스릴쩌네요...ㄷㄷ  
20161024,10,아마도 많은 분들에게 큰 울림을 주는 영화로 기록될 것 같은데...개봉이 내년 2월이라니...ㅠㅠ  
20161021,9,그냥  무조건~ 봐야할 것 같은 영화~  
20161018,10,수류탄을 발로차서 동료들을 구하는 영화라면 꼭 봐야지.. ㅋ  
20161011,10,믿고보는 멜 깁슨이라면야!!  
20160926,10,설마 이거 한국 개봉 안하면 진짜 자살각이다. 이걸로 아카데미까지 노린다니... 이번 오스카 볼 맛 나겠다?  
20160922,10,광고만봐도 울컥한다ㄷㄷ  
20160908,10,멜깁슨은 영화연출에 탁월한 감각과 재능이 있다 .. 2000년이후부터 출연하는영화는 진짜 개실망.. 그냥 감독으로 쭉 이어갔으면..  
20160902,10,역사상최고의 실화 영화 무기보다 오직 사람 생명 구하고싶었던 데스몬더 실제로 미국최초로 무기없이 훈장받고 총73명구했습 ㅎㄷㄷ 전설중에 레전드임 기독교들을 강력추천 영화임  
20160824,8,역덕후 멜깁슨이 또 한번 일을 벌렸군.  
20160820,10,헛소리지 라는줄....  
20160818,10,예고편만으로도 확 당긴다  
20160811,8,요즘 대작?이라는 이름에 맞지않는 부실한 감동에 질렸는데...실화가 주는 가슴 잔잔한 감동 기대해봅니다..  
20160809,10,빨리나와라 현기증난단말이에요 ㅠ  
20160214,10,소름끼치도록 사실적이고 기괴한 아포칼립토 이후 10년만에 처음으로 만드는 멜깁슨의 영화. 기대 안할 수 없다.  
20151117,10,뭐 출연진이며 감독이며 그냥 말 필요 없이 10점  
