0,1,2
20170117,10,현빈의 섹쉬한 액션+김주혁의 무게감 있는 연기에 웃음과 감동을 덧입히는 유해진의 명연기! + 장영남 배우님과 윤아의 꽃미모 :) 이번 1분기 천만관객 확신합니다!  
20170117,7,시사회로 보았습니다.현빈과 유해진의 액션으로 꽉찬 영화입니다.현빈의 매력과 유해진의 매력을 확실히 알 수 있는 영화에요.하지만 결말은.... 뭔가 아쉬워요..  
20170117,10,시사회표가 생겨 기대하지 않고 봤는데 재미있었습니다액션도 볼만했고 중간중간 웃음포인트가많았네요 명절에 가족들과 볼만한 영화입니다  
20170117,10,"뭔가 허술하지만 믿음직한 가장 유해진, 툴툴 거리지만 남편을 챙기는 장영남, 천진난만한 백수 임윤아에  귀여움 폭발 박민하양까지! 진짜 우리 가족을 보는 것 같은 친근한 케미스트리가 좋았어요!!ㅎㅎ  "
20170117,1,월북조장 영화 아니냐북한남자가 현빈이고남한남자가 유해진이라면남한여자들이 여기 남아있겠냐북으로 넘어가지  
20170117,3,액션과 코미디의 엇박 많이 아쉬움이 남슴니다  
20170117,10,시사회보고왔어요^^진짜 기대도 안하고 보러갔는데 완전 볼만햇어요.원래 재미없으면 시계보는데..진짜 시간가는줄 모르고 봤음 감동도 있고 다들 역할에 어울렸음 현빈의 카리스마와 믿고보는 유해진!김주혁!  
20170117,9,액션배우 현빈 대박 멋짐 김주혁악역 너무 잘어울림  
20170117,8,오락영화로 보기에 좋습니다. 가볍게 보기에도 좋고요. 요즘 생각할게 너무 많은데 복잡할것 없어서 재미있게 봤습니다.  
20170117,10,갓해진이 나오는데 뭘망설이리..  
20170117,10,내일 개봉이네요... 기다리고기다리던 공조  기대합니다~  
20170117,9,괜찮은 오락영화. 나쁘진 않다.  
20170117,10,케릭터들이 정말 다 좋았고 영화도 정말 재밌게 봤습니다. 코믹한 영화인줄 몰랐는데 엄청 웃겨서 좋았어요. 유해진 현빈의 케미가 엄청납니다.  시사회 분위기도 좋았고요. 형사의 징표만 기억하세요  
20170117,7,하도 평이 안좋아서 기대 안했는데 생각보단 괜찮았어요.뻔한 스토리라서 평이 안좋은것 같은데 뭐 스토리는 그렇지만딱 명절때 볼만한 영화인듯해요. 중간중간 윤아씨로 인한 코믹적인 상황도 재미있었고..꼭 봐야해요 까지는 아니지만 괜찮아요 정도는 돼요  
20170117,10,시사회로 봤는데 정말 재밌게 봤어요^^ 윤아 인생캐릭 ㅋㅋㅋ  
20170117,1,평론가평을보면알수있음...올드한 지루한 망한 공조  
20170117,10,진짜 잼있네요..시사회 보고왔는데 웃기면서 액션이 쩔어요..대박  
20170117,5,"쇼케이스 보고 왔습니다. 킬링타임용으로는 좋지만 영화로만 봤을 때는 글쎄요.. 스토리는 억지스럽고 코믹한 부분에서는 아재 개그를 보는 듯한 느낌입니다. 딱 아무생각 없이 볼 수 있는 오락영화, 그 이상 그 이하도 아니네요.  "
20170117,8,유해진의 담백한 말솜씨와 현빈의 박력 넘치는 액션을 보고싶다면 꼭 보시길!  
20170117,10,쇼케이스 가서 영화 봤는데 진짜 너무 재미있어여 개그코드 너무 잘맞고 액션 너무 멋지고 윤아 나올때도 너무 웃기고 기대해도 좋을거같습니당 배우분들 하나하나 다 너무 연기 잘하십니다 ♡ 새해엔 모두 공조하세요~  
20170117,9,시사회를 봤는데 기대이상이다!각자의주인공마다 연기색이 넘쳐나 영화의 퀄러티가 엄청 높아짐 ! 설에 가족과 영화를 본다면 공조라는 영화 보길 바랍니다. 믿고보는 유해진! 공조 화이팅  
20170117,7,"주조연들의 호연과 참신한 소재, 세련된 액션의 조화  "
20170116,8,"유해진,현빈 최고!!  가끔나오는 윤아도 빵빵 터졌습니다. 현빈의 북한말이 쪼~~끔 어색했지만 액션, 코믹 다 갖춘 영화!! 추천이요^^  "
20170116,9,현빈 멋지네요 흥해라 현빈  
20170116,10,여태까지 현빈의 영화중에 기억에 남을만한 게 없었는데 대표작이 될듯  
20170116,8,시사회로 봤는데 액션도 있고 코믹도 있어서 좋았네요 뭔가 훈훈한 영화ㅎ 현빈 군제대후 그나마 이작품은 흥행할듯요 ㅎ  
20170116,10,현빈이 또 한번 여심강타..  
20170116,10,빨리 보고싶은 영화에요!개봉하면 바로 달려달꼬임 ㅋㅋ  
20170116,10,"액션, 추격 모두 볼만했구요. 몰입도도 상당하네요  "
20170116,10,"여자들은 현빈보고 눈호강, 남자들은 윤아보고 눈호강 ㅋ  "
20170116,10,브로맨스 폭발! 영화 대박나라!  
20170116,10,유해진만의 따뜻하고 친근함 매력이 이번에도 ~+_+  
20170116,10,"스케일도 꽤 크고 현빈의 멋잰 액션과 유해진의 연기, 그리고 김주혁의 악역변신까지  "
20170116,10,보는 내내 웃음과 감동^^ㅎ  
20170116,10,처음 액션연기에 도전한다는 현빈!!+_+ 너무 멋있당  
20170116,10,유해진 나오면 무조건 본다  
20170116,10,한동안 줄줄이 나왔던 국내 액션영화들 중에서도 탑인 듯한 기분  
20170116,10,현빈과 유해진 그 자체만으로도 기대할 가치가충분하다  
20170116,10,이 영화 멋짐+액션 폭발 ㅋㅋ  
20170116,10,현빈이 북한말하는게 어색할까봐 걱정했는데 완전 잘함 ㅋㅋ  
20170116,10,유해진 나오는 영화는 다 재미있는듯  
20170116,10,배우들의연기도 훌륭하고 내용도 좋네요  
20170116,10,러닝타임이 은근 길던데 후딱 지나갑니다  
20170116,10,시사회로 보고왔눈데 액션씬에 놀랬음 김주혁 연기력 미쳐부럿으웃음포인트도 많곸ㅋㅋㅋㅋ생각하니까 또 웃기넼ㅋㅋ여튼 재밌어요ㅋㅋㅋ꾸르잼  
20170116,10,영화 재밌어서 졸린데도 계속 봤네요  
20170116,10,무대인사 시사회 갔다왔는데 짱짱 ㅜㅜ 현빈 너무 잘생기고 ㅋㅋㅋ김주혁도 짱잘 존잘!!  
20170116,10,"연기, 액션 모두 좋았다 웃음포인트도 좋고  "
20170116,10,웃겨서 혼낫네 ㅎㅎ 윤아 연기도 많이 늘었구 ㅋㅋ  
20170116,10,무거운 영화가 아니라더 더 좋아요!  
20170116,10,현빈 별로 안좋아했는데 공조 보고 짱팬됨..  
20170116,10,충분히 재미있게 즐길 수 있는 영화  
20170116,10,두 배우의 연기 대결을 보는 재미가쏠쏠해요  
20170116,10,"유해진, 현빈 멋짐 폭발..  "
20170116,10,사람들이 다 액션 쩐다고 하더라구요ㅋ  
20170116,10,리얼액션과 다양한 볼거리가 눈을 즐겁게 하네요  
20170116,10,은근 규모도 크고 액션이 짱..  
20170116,10,"추격자,용의자 스탭들이라더니 역시 액션신 하나는 끝빨임..  "
20170116,10,2017년 가장 기대하고 있는 영화..  
20170116,10,캐스팅이 완전 반전 ㅋㅋ재밋을고같아여  
20170116,10,단순히 남북대립 소재가 아닌 남북 최초의 비공식 공조수사라는 신선한 소재가 정말 흥미롭더라 ㅎㅎ  
20170116,10,"영화 기대된다, 현빈의 액션연기라..  "
20170116,10,현빈 골수팬이지만 이번 영화는 인정한다!  
20170116,10,"주,조연 할 것없이모두 완벽한 연기  "
20170116,10,액션에 공들이 티가 많이 나더라~  
20170116,10,내가 실물 본 연예인 중에 현빈이 탑인 것 같다..  
20170116,10,보는 내내 긴장감을 놓을 수 없을 정도로 흥미로웠습니다  
20170116,10,액션씬은 진짜 최고! 국내 액션 영화같지 않음  
20170116,10,남북한을 소재로한 영화 중에 제일재밌었어요  
20170116,10,소재도 신선하구 무엇보다 현빈의 액션 연기에 마음을 뻇길뻔..  
20170116,10,영화 너무 기대됩니다^^ㅎㅎ  
20170116,10,현빈이 북한말하는게 어색할까봐 걱정했는데 완전 잘함 ㅋㅋ  
20170116,10,유해진 나오는 영화는 다 재미있는듯  
20170116,10,배우들의연기도 훌륭하고 내용도 좋네요  
20170116,10,러닝타임이 은근 길던데 후딱 지나갑니다  
20170116,10,영화 재밌어서 졸린데도 계속 봤네요  
20170116,10,무대인사 시사회 갔다왔는데 짱짱 ㅜㅜ 현빈 너무 잘생기고 ㅋㅋㅋ김주혁도 짱잘 존잘!!  
20170116,10,"연기, 액션 모두 좋았다 웃음포인트도 좋고  "
20170116,10,웃겨서 혼낫네 ㅎㅎ 윤아 연기도 많이 늘었구 ㅋㅋ  
20170116,10,무거운 영화가 아니라더 더 좋아요!  
20170116,10,현빈 별로 안좋아했는데 공조 보고 짱팬됨..  
20170116,10,두 배우의 연기 대결을 보는 재미가쏠쏠해요  
20170116,10,"유해진, 현빈 멋짐 폭발..  "
20170116,4,한달 후 IPTV에서 만나볼수 있을듯... 한달.. 긴가?  
20170116,10,사람들이 다 액션 쩐다고 하더라구요ㅋ  
20170116,10,리얼액션과 다양한 볼거리가 눈을 즐겁게 하네요  
20170116,10,은근 규모도 크고 액션이 짱..  
20170116,10,"추격자,용의자 스탭들이라더니 역시 액션신 하나는 끝빨임..  "
20170116,10,2017년 가장 기대하고 있는 영화..  
20170116,10,캐스팅이 완전 반전 ㅋㅋ재밋을고같아여  
20170116,10,단순히 남북대립 소재가 아닌 남북 최초의 비공식 공조수사라는 신선한 소재가 정말 흥미롭더라 ㅎㅎ  
20170116,10,현빈..진짜멋있당..♥  
20170116,10,기대할 수 밖에 없는 영화>.<ㅎㅎ  
20170116,10,서로 속고 속이고ㅋㅋㅋ가벼운마음으로 보긴 이만한 영화가 없는듯  
20170116,10,액션이 진짜 화끈하더라ㅋㅋ 현빈이랑 유해진 티격태격 하는 장면들도 굿잼 ㅋㅋ  
20170116,10,시종일관 웃음을 짓게 하네요 ㅋㅋㅋ  
20170116,10,스토리는 살짝 뻔할지 몰라도 액션이 대박!!  
20170116,10,김주혁 연기력 좋네요~  
20170116,10,시사회 꼭 가보고 싶었는데 못가서 아쉬워요..ㅜㅜ 개봉일 기다릴게요  
20170116,10,흥미로운 스토리와담백한 마무리.  
20170116,10,현빈의 멋진 모습에 두번반함 세번반함  
20170116,10,유해진표 영화는 항상 옳다♡  
20170116,10,윤아 너무 귀엽게 나오는거 아니니ㅋㅋㅋ  
20170116,10,수트차림의 현빈은.. 진짜 사랑하지 않을 수 없다..  
20170116,10,평론가 새1끼들은 평점 많이 깎고 영화 까면 지가 있어보이는 줄 아나...  
20170116,10,가볍게 즐기기엔 딱이란말은 이런 영화에^^  
20170116,10,역시나 한 멋짐 보여주는 현빈옹  
20170116,10,"와~진짜 현빈실물대박....입을 못다물었어요실물보고 반해서  영화시작하고 첫5분이 적응이 안됐어요 ㅋㅋ실물 너무 멋짐,반함, 성공적  "
20170116,10,뻔해보이지만 뻔하지 않은 영화+_+  
20170116,10,전체적으로 재밌는 영화였어요ㅋㅋ  
20170116,10,김주혁 악당인데 왜이렇게 멋짐? 액션 연기 후덜덜;;  
20170116,10,"너무 진지하지도 않고 그렇다고 너무 가볍지도 않고, 적당히 웃기면서 눈이 즐거운 영화  "
20170116,10,러닝타임이 후딱 지나갈 정도로 재밌었어욧  
20170116,10,코믹하면서도 긴장감 넘치는 영화  
20170116,10,액션신 짱;; 유해진도 넘나 멋짐 김주혁도ㅠㅠ 현빈은 워낙 잘생겼으니까..  
20170116,10,보는 사람에 따라 다르겠지만 충분히 재밌는 영화였음  
20170116,10,남녀노소 누구나 즐길 수 있는 액션영화  
20170116,10,오랜만에 제대로 된 한국 액션 영화가 나왔다!  
20170116,10,"현진,유해진의 캐미도 좋았지만 김주혁, 장영남, 윤아 등의 배우들의 연기를 보는재미도 쏠쏠했다  "
20170116,10,안타까운 우리나라의 현실을 흥미롭게 잘 풀어냈네요  
20170116,10,럭키 이후로 날라다니는 유해진~~이번 영화도 대박나길!  
20170116,10,영화 넘넘 기대되용ㅎㅎ유해진 짱 좋아하는데!  
20170116,10,"어울리지 않을 것 같던 둘, 영화 속에서 최강 케미!  "
20170116,10,"시사로 미리봤는데 가볍게 보기엔 좋은것 같아요, 은근 긴장감도 넘치고 흥미진진해서 눈을 뗄 수가 없더라구요  "
20170116,10,액션의 정석~~현빈의 멋진 모습과 유해진씨의 케미~~~~^^♥진짜 강추합니다.  
20170116,10,"현빈 멋짐 폭발함, 역린 땜에 실망한 분들은 공조 꼭 보셔아할듯  "
20170116,10,현빈씨의 새로운 연기 변신! 보기 좋았습니다^^  
20170116,10,액션이 생각보다 좋던데요?  
20170116,10,두 주인공의 예측불가 팀플레이!!  
20170116,10,와 이영화 되게 신선한데?ㅋㅋㅋ 현빈이 남한 유해진이 북한 ㅋㅋ  
20170116,10,영화 짱잼 ㅋㅋ시사회로 봤는데 시간가는줄 모르고봄  
20170116,10,믿고보는 유해진X현빈 조합 혹시나 했더니 역시나  
20170116,10,현빈 영화라니..ㅠㅠㅠ 이게 얼마만이냐..  
20170116,10,저번에 시사회 당첨되서 보고 왔었는데ㅋㅋ 잼나요 기대하셔요  
20170116,10,액션도 코믹도 짱짱 공조 파이팅!!  
20170116,1,믿고 거르는 발연기.. 한분 때문에 별 하나도 아까움.. 이미 드라마에서 엄청난 발연기가 증명이 되었을텐데?? 그리고 이것마저도 댓글조작을 하다니.. 진짜 할말이없다  
20170116,10,윤아의 재발견ㅋㅋ 윤아 연기 확실히 많이 늘었네  
20170116,10,시사회로 보고 왔는데 지루함 없이 재밌게 볼 수 있었던 영화였습니다 유해진씨는 말할것도 없고 현빈씨의 비쥬얼은 정말 상당했네요ㅎㅎ  
20170116,10,멋진 액션들 기대해도 되겠죠?  
20170116,10,생각지도 못한 남남케미가 기대이상의 즐거움을 주더라는!  
20170116,1,"우리나라는 진짜  형사,수사 뭐 이런거 밖에 못만드나 ? 지겹다지겨워 배우들은 괜찮은데 뻔한스토리 뻔한결말 ..참  "
20170116,10,아 빨리 수요일이 됐으면  공조 빨리보고싶다ㅎ  
20170116,10,액션영화답게 가슴 쫄리게 하는ㅎㅎ 공조 대박날거 같아요  
20170116,5,현빈 영화는 믿고 거르지  
20170116,10,다들 연기를 어찌나 맛깔나게 잘하던지ㅋㅋ 현빈은 정말 멋있었당  
20170116,10,지루할 틈 없이 재밌게 본 공조! 시사회로 봤지만 내 돈주고 봐도 아깝지 않았을듯!  
20170116,1,현빈이 항상 옳진 않지 너무 맛진 척 하잖아 그리고 공조 스토리도 올드하고 진부함  
20170116,7,출연진만 봤을때 볼만한데..  일단 기대  
20170116,8,평론가 평 심각하네;;; 가볍게 보면 좋을듯  
20170116,9,시사회당첨되서 봤어요 현빈은 잘생기고 유해진은 재밌어요 영화에서 두분의 으리 멋집니다!!! 액션신에서 소름돋음ㅋㅋㅋ  
20170116,10,윤아나오니까 꼭 봐야되  
20170116,10,유해진의 코믹연기가 재밌을것같습니다  
20170116,10,시사회 보고 왔는데 너무 재밌었어요~다들 연기도 너무 잘하시고!!!  
20170116,10,우리 유해진씨 나오는 영화길래 꼭보러갑니당  
20170116,10,"부산센텀CGV "" 공조 "" 시사회 다녀왔어요. 와우 ~~  대박~~~ 예고없던 무대인사까지 ...정말 행복한 시간이었어요. 비주얼 짱인 현빈의 액션연기 놀라워요.유해진의 코믹함과 김주혁 연기력이 돋보이는 재밌는 영화입니다. 강추~~~~  "
20170115,1,말도 안 되는 북한 미화 영화 짜증난다  
20170115,1,재미없고 결말 당황스럽고 예전 반공영화 생각나요. ㅠ_ㅠ  
20170115,1,오늘 시사회 보고왔는데 엔딩때문에 1점이다. 그중요한걸그리 허무하게 버리다니. 결말이 진짜 심각하다  
20170115,10,오늘 시사회 봤어요. 생각보다 훨씬 재미있었어요. 두시간이 어떻게 가는지 몰랐어요. 졸잼  
20170115,10,시사회 다녀왔는데요 기대보다 넘 재밌었고 다른친구들도 너무 잘보고 와서 만족합니다~  
20170115,10,"시사회 다녀왔습니다!공조 개봉을 기대하고 있었는데,좋은 기회로 시사회까지 다녀왔네요.현빈,유해진,김주혁님의 연기력은 워낙 뛰어나서몰입감이 일단 장난아닙니다. 특히 액션신이 대박이에요!손에 땀이 날 정도로 긴장하면서 보게 됩니다. 꼭 보세요!!  "
20170115,10,오늘 vip시사회봤어요...말이필요없음 역시 현빈..현빈짱!!!  
20170115,10,레드 히트를 우라까이 한 건가요? 진짜인가요?  
20170115,9,정말 추천하는 영화입니다!!오늘 무대인사로 보고왔네용^^  
20170115,10,시사회로 미리 보고왔는데요 기대이상으로 너무재미있었어요 현빈이 더욱더 잘생겨보이는 영화인거 같아요 또 보러가고싶네요 너무 재미있어요!!!!  
20170115,9,"그저 영화 흐름에 따라 웃으면서 볼 수 있는, 재밌는 영화. 진짜 보는내내 엄청 웃으면서 본듯, 다만 너무나 평화로운 결말이 조금 아쉬운 부분이지만 그래도 웃기기도 하고 재밌기도 한 매력있는 영화! 보면 후회 안 할 영화!  "
20170115,5,이건 무슨ㅡㅡ 흥행실팩작들만 모여서 영화찍었네  
20170115,10,현빈이니까 무조건 믿고봐요 완전 좋아하는 배우예요!!!그리고 유해진씨도 무조건 믿고 보는 배우라 둘의 케미 너무 기대 되네요  
20170115,10,시사회 다녀와서 보고왔는데 진짜 재미있어요!!중간중간에 빵터지는 부분 있어서 너무 재밌게 봤어요 ㅋㅋㅋㅋ 개봉 3일 남았던데 공조 보시면 정말 후회없으실거에요 꼭보시길 추천드려요!!!  
20170115,6,영화 평점란이 아니라 팬클럽 사이트 같아. 이런 미개한 빠순이 관객 수준을 보면 그 나라 영화 수준이 나온다.  
20170115,7,공조의 하드캐리는 김주혁입니다. 진짜 김주혁이 연기를 그렇게 잘했나는 생각이 듭니다. 액션씬은 볼만했고 중간중간 대사로 코믹스런 장면들이 있습니다. 그러나 중간에 뭔가 그 과정들이 루즈한 장면들이 있어서 좀 지루한 면이 있지만 전체적으로 볼만했습니다  
20170115,10,어제 대구CGV에서 시사회 배우무대인사까지 보고왔어요!!영화도 재밌구 액션씬 완전 멋있어요 글구 현빈씨 실물 완전 잘생기셨더라구요 ㅎㅎ  
20170115,10,유해진씨 나오는 영화는 다 챙겨봐요♡♡♡♡멋.있.어.요~~~♡  
20170115,1,레드히트를 리메이크했지만 원작 껍데기만따라한듯  
20170115,1,레드히트를 본 사람이라면 할 말이 많을듯.  
20170115,10,유해진 참바다씨 보러 가야징  
20170115,10,설 연휴에 가족들이랑 보러 갈 생각이에요~  
20170114,10,나 이거 시사회로 미리 보고 왔지롱  
20170114,10,시사회평 좋아서 기대중인 영화♥  
20170114,10,오늘 시사회 봤는데 배우분들 너무 잘생기셨더라구요..ㅜㅜㅜ 현빈... 영화도 재밌더라구요^^  더말하면 스포될것같아서..   저는 개인적으로 재미있게 잘봤어요!!^^  
20170114,9,김주혁죽고 화폐찍어내는건 남한이먹고 마지막에 재2차 공조수사보여줌  
20170114,6,현빈을 위한 영화? .현빈 영웅 만들기 영화!.다들  연기력은 좋은데...영화는 ..글쎄....흔히말하는 배우빨 영화..  
20170114,10,오늘 시사회 보고왔는데 현빈 너무너무 잘생겼어요영화도 유쾌하고 내용도 좋았습니다 완전 추천함  
20170114,10,오락영화영화로 즐기기엔 좋아요 개봉하면 평타 이상은 할 것 같네요  
20170114,10,친구따라 시사호 ㅣ갔다 왔었는데 재밌었음ㅋ  
20170114,10,유해진님으 ㅣ깨알 드립~~ 공조에서도 제대로 보여주시네용  
20170114,10,유해진 윤아 ㅋㅋㅋ아 간만에 많이 웃었네  
20170114,10,우연히 시사회로 보고 왔는데 생각지도 못한 재미를 느끼고 옴 ㅋㅋㅋ  
20170114,10,남부공조라는 무거운 소재일수도 있는데 무겁지만은 않게 잘 풀어서 만든 오락 영화였어요 생각보다 넘 재밌게 보고 왔네요^^  
20170114,10,대구 시사회 오늘 봤어요. 예상하지못한 무대인사로  현빈 김주혁 유해진 배우들까지 보게되고.. 겁나게 멋졌어요. 영화는 당연히 재미있었고 연기공백없이 탄탄한 유쾌한 액션 가족 드라마였습니다. 추천합니다!!  
20170114,10,유해진 진짜 너무 좋아ㅠㅠㅠ  
20170114,10,현빈 액션 연기 생각보다 좋았다  
20170114,10,길라임씨 조만간 극장전세낸답니다~  
20170114,10,기다리고 기대하고 있는 영화  
20170114,10,줄거리랑 예고편 보니까 재밌어 보이던데 개봉하면 바로 극장사수 각ㄱ  
20170114,10,현빈은 짐이다.멋짐이다.  
20170114,10,시사회 갔다 왔었는데 사람들 반응 좋았음ㅋㅋ 흥할듯?  
20170114,10,믿고볼수있는 현빈 유해진 멋있다 꼭본다  
20170114,10,시원한 액션신들과 깨알같은 웃음들까지 즐기기엔 좋은 영화인거 같아요 개봉하면 한번 더 볼라구요ㅋㅋㅋ  
20170114,8,윤아 출연해서 기대되네요 ㅠ!  
20170114,10,배우들 케미가 굳임ㅋ 현빈 오랜만에 봐서 좋았음  
20170114,10,현빈이랑 유해진이랑 안어울릴줄 알았는데 의외의 케미에 재밌게 잘 보고 왔어요!  
20170114,10,참바다의 명불허전 코믹 연기 ㅋㅋ  
20170114,10,이벤트 당첨돼서 봤는데 생각보다 너무너무 재밌었어요! 기대이상!  
20170114,10,유해진 진짜 ㅋㅋㅋ개핵웃김 운아도 인생연기함  
20170114,10,시사회로 봤는데 진심 꿀잼ㅋㅋㅋㅋ둘 케미 대박임  
20170114,10,쫀쫀하게 재밌어요!! ㅋㅋㅋㅋ 현빈 유해진 케미 돋~!! ㅋㅋㅋ  
20170114,10,현빈액션 완전 멋찌다! 유해진은 역시 하드캐리 ㅋ  
20170114,10,캐스팅 완전 제대로인듯ㅋㅋㅋ 기대된닼ㅋㅋ  
20170114,1,감독 이 쓸모없는 놈아. 이런 뻔한 내용말고 같은 제목이라도말이야. 조선시대를 배경으로 청동기 수준의 주거 환경에 머물러 있던 서민들에 대한 애민정신으로 건설개혁을 시도하다 이조 왕가놈들과 유교주의의 개들에게 암살당하는 공조판서를 그려봐라. <공조>  
20170114,10,재밌더라~~ 윤아의 짝사랑이 무지 귀여움^^ 이해한다. 윤아야...  
20170114,1,안봐도 뻔한영화. 북한역은   전투력쩌는 진지캐릭.남한역은 뻰질이. 서로 처음엔 사이안좋다  뻔한사연을 가진 북한사람때문에  서로 헙력해서 사건해결하면서 친해짐  .액션은 본 따라할테고   ㅋㅋ  
20170114,1,이딴 스타일을 밀고가는 구닥다리 제작자들이나이런 거 보고 아직도 기대를 하는 관객들이나 ㅉㅉ  
20170114,10,정말 재밌어요!!!! 설연휴 가족과 꼭 보러갈게요  
20170114,10,윤아 현빈 유해진 김주혁 다 너무 좋아요  
20170114,10,기대한다. 진심^^ 공조 화이팅  
20170113,1,안봐도 뻔한.. 그런 진부한 영화. 그래서 한국영화는 항상 멈춰있다.  
20170113,10,유해진에 현빈 김주혁 장영남 윤아~ 얼른 보고싶다  
20170113,10,시사회 다녀왔습니다.정말 재밌게 보고 많이 웃고 왔습니다.현빈 너무 멋지다~  
20170113,10,잼있는영화  좋아요 요즘처럼  어수선할때  함웃어요  
20170113,1,북한 미화 영화는 거른다  
20170113,10,너무 기대되는 영화입니다...빨리 보고싶어요..현빈의 액션 넘 기대됩니다.  
20170113,10,어쩌다생긴 시사회초대장..기대이상 ~~사실 유해진씨 팬인데 멋진 현빈 액션연기 너무 좋았구요 특히 김주혁씨의 새로운 변신이 감동적이기까지 하네요.보는내내 재밋고 새로왔던 영화네요..  
20170113,10,이건 그냥 보세요! 영화인이라면 무조건입니다. 공조를 감상한 내눈 영구보관하고 싶어요.  
20170113,6,"시사회 봤는데, 현빈도 유해진도 아닌 김주혁이 제일 멋진 연기였어요!!  "
20170113,9,"VIP시사회에서 재밌게 봤습니다~소재가 '남북공조' 좀 무겁다는 생각을 가질수있는데 라이트하게 풀어서 관객들이 좋아할것 같습니다.유해진,윤아,김주혁,이해영 다들 열연을 하셨네요^^특히 유해진,윤아 부분은 빵빵 터집니다 ㅋㅋ  "
20170113,10,너무 재밌었어요!! 개봉하면 가족끼리 한 번 더 볼 예정입니다ㅎㅎ  
20170113,10,광고만 봐도 정말 재밌을꺼같네요.  
20170113,10,"전체적인 전개, 비주얼, 코믹요소 조화롭네요.설날 가족영화로 전연령이 재미있게 볼 수 있는 영화 같아요.  "
20170113,10,"시사회로 관람하고 왔는데요! 배우들의 탄탄한 연기력과 재미요소까지, 구정에 가족끼리 모여 관람하기에 부담없고 좋은 영화였습니다!  특히 현빈이 정말 잘생겼더라구요 >< 현빈 같은 형사가 있다면 북한도 낫배드 기꺼이...☆  "
20170112,10,현빈 종이컵 휴지 액션 대박 ㅎㄷㄷ 유해진은 깨알같이 드립 ㅋㅋㅋ 기대않고 봤더니 빵빵터지고 김주혁 나오는 줄 몰랐는데 오오~~~  
20170112,3,한국영화 항상 형사 나오고 지겹다 참신한 신인 감독 좀 나왔으면..  
20170112,10,진짜 너무재밌어요!!!!강추 말로표현못합니다 진짜이건봐야함♡  
20170112,10,윤아님 너는내운명부터 지켜봐서 총리와나 사랑비 다 지켜봤는데 최근에 더케이투에서도 연기 잘하시더라구요.. 게다가 보고있으면 너무예뻐서 눈이 맑아지는느낌ㅠㅠㅠ 윤아 연기 기대하며 공조 보러갑니다~!  
20170112,1,협동은 무슨 빨갱이는 다 죽여야된다  
20170112,10,설때 가족들과또보러가겠음  
20170112,10,저 무대인사 보고온사람인데요 진짜너무재밌네요ㅠㅠㅠㅠ 저 진짜 인생영화등극했어요 ㅠㅠ 이미지등록할수있음 좋은데 쩻든 진짜 너무재밌아요!!!!  
20170112,10,윤아 꼭보러갈게요 넘기대된다  
20170112,1,북한과 힘을 합쳐 뭐를 한다는 스토리가 마음에 안들어서 1점 드려요  
20170112,1,알바들많네..시사회로 돈안주고봐서 다행이다솔직히 현빈 나오는영화 다 별루임 역린도 마찬가지고더킹이 낫지싶다  
20170112,1,그럭 저럭 그런 영화!!!  
20170112,7,현빈의 완강기액션은 멋빔  
20170112,10,신의 한수로 개봉. 안 볼 이유가 뭐가 있어?  
20170112,8,ㅋㅋㅋ 남한 북한 형사 외모가.. 반대아닌가요..ㅋㅋ 재밌겟어요. 현빈 멋져요.  우리나라 최고미남 배우 현빈. 그리고 강지환  
20170112,10,어제 시사회 보고 왔는데 지루할 틈 없이 즐겁게 봤네요 ㅎㅎ 현빈씨 유해진씨는 물론 다들 연기를 맛깔나게 잘하시고.. 진짜 멋있어요 액션이 가슴 쫄리게 하네요 ㅎㅎ 대박 날겁니다 정말 재밌게 봤습니다  
20170112,10,시사회에서 봤는데 볼만합니다. 설연휴 가족 친구끼리 볼만함  
20170112,10,유해진때매 보러가야겠다  
20170112,10,이영화를 살리는 의외의 다크호스는 백수윤아 였음..  
20170112,9,"무대인사 시사회 보고왔는데 내사랑 현빈을 눈앞에서♡ 너무 재밌었다! 유쾌한 유해진과 넘나 멋진 현빈의 캐미도 좋구..악역 잘 소화한 김주혁, 귀엽고 웃긴 윤아ㅎㅎ시원시원한 액션도 짜릿하다~ 너무 웃겨서 눈물난것도 참 오랜만ㅋㅋ  "
20170112,10,너무 재밌었던 영화!!! 유해진씨 연기 너무 유쾌하고 좋았고 현빈 정말 멋있었음 액션도 코믹도 짱짱!  
20170112,5,현빈 유해진 무대인사 보고 시사회 보고와서 쓴다. 현빈은 역시 잘생겼고 유해진은 웃기지만  스토리 전체적으로 진부하다는 느낌 지울 수가 없고 액션에 있어서도 통쾌함이 없다. 그냥 그 순간 재미있고 잊어버리는 영화.  
20170111,9,비쥬얼배우 현빈과 유쾌한배우 유해진 님의 남×남케미가기대이상의 즐거움과 멋진 액션들을 볼 수 있어서 좋은 시간이었어요. 현빈 이렇개 멋있어도 되나? 난 남자임^^  
20170111,10,울산에서 촬영했다고해서 기대가 큽니다.대박나세요  
20170111,10,초반 중반 너무나도 대박잼나는데 후반이 살짝 아쉽다 그래도 꾸르잼  ㆍ윤아의 재발견 너무나귀여운 푼수 백수 민영 ㅋㅋ 너무 조금나와 아쉬웠다  
20170111,7,내용의 개연성과 억지로 짜집기한 윤아가 조금 어색했던 영화 딱 더도말고덜도말고 영화관가서 볼만한 상업영화 느낌이 나요 이와중에 현빈의 존재감은 숨길수가 없네요 존잘 하  
20170111,10,깔깔거리며 즐겁게 볼 수 있는 영화입니다! 눈도 재밌고 유머코드도 있어서 두시간 신나게 보고 왔네요^^  
20170111,10,시사회 당첨되어서 가서 봤는데기대안하고 봤는데 재밌네요  
20170111,5,킬링타임용 뭔가 아쉬운 아무생각없이 볼만해요  
20170111,10,오늘첨으로 언론에공개한 공조볼수있어서 너무좋았구요~~무댜인사에 요즘대세배우 유해진님 현빈봐서짱좋았네요~~현빈의 액션~~끝판왕이었네요~~그리고윤아의 망가지는연기까지 흥행대박나세요  
20170111,10,믿고보는  유해진 현빈 윤아 기다린다  
20170111,10,최초시사회보고왔습니다!! 현빈역시나너무나잘생겼고 유해진역시연기뛰어나고ㅠㅠㅠㅜ 거기에 액션까지 두번세번보세요!!!  
20170111,10,완전 최고!!! 징짜 재밌어요  
20170111,10,시사회 가서 봤는데 너무 재밌음 ㅠㅠ  
20170111,7,현빈과 유해진의 케미는 좋음역시 유해진 액션은 현진 다 좋았음다만 결말가는 부분이 아쉬움  
20170111,1,김정은이 핵 날리니 미사일 쏘니 발광하는 와중에 한국 영화계는 북괴 미화 영화라니 참 ㅋㅋ  
20170111,10,유해진에 현빈 거기다 김주혁까지 개봉 기대중  
20170111,9,공조란 영화중간중간에 유머스러운부분이 있어서 재밌었고그리고 후반에 나오는 액션신이 멋있더군요  
20170111,9,좋아요~ 공조 화이팅 입니다^^  
20170111,10,완전재미있어서좋았어요^^  
20170111,10,유해진...딱!봐도 재미보장...그리고 현빈까지...좋아요!  
20170111,10,현빈과 유해진의 케미 최고다! 넘 재밌는 영화  
20170111,9,난 현빈보다 유해진연기가 더궁굼 하다ㅋ  
20170111,1,안그래도 뻔한 영화인데 더킹이랑 붙었내.. ㅋㅋㅋ  
20170111,10,믿고 보는 유해진 & 현빈! 넘나 재밌을 것 같아요 기대기대!!! 안구정화는 덤 이히히히  
20170111,10,아무 기대없이 어제 보고 왔는데 겁나 재밌음  사람들 빵빵 터지던데ㅋㅋ액션으로 긴박하게 조여오다가 웃다가 시간가는 줄을 모름 기분좋게 즐길 수 있는 오락영화임 그리고 현빈 액션 잘 어울림 잘 하더라 다시 봄ㅋ  
20170111,3,보나마나 흥행만 생각한 뻔한 형사물이지.  
20170111,10,현빈 유해진 주연 공조 다른말이 필요없다 재밌다 실감나게 재밌다  
20170111,10,철령아 철령아 없니 ㅋㅋ  
20170111,10,어제 라이브톡 시사회 보고 왔는데 현빈의 액션이 너무 멋있습니다 ㅎㅎ 김주혁의 악역도 카리스마 있고  인상적이었어요 ^^  
20170111,10,너무너무 기대됩니다~^^현빈 유해진 멋진배우들  
20170111,10,유해진님 광팬입니다♡♡팬클럽가입도 하려 했었는데ㅎㅎ언제나 항상 기대를 저버리지 않는 유해진님 사랑합니다????  
20170111,1,그냥  2000년쓰타일 영화 재미도 없고  내용도 유치하고  차라리 소녀시대 윤아가 제일재미있네요  감독이  능력없는  감독이네요   입봉작도 재미없어는데  무슨 백으로  영화연출하는지  감독그만주세요  절대로  관람하지마세요  보고나면 후회합니다  
20170111,7,라이브톡으로 보고 왔어요 구탱이형 존멋 현빈존잘 해진이형 개웃기고 윤아 이쁘고 그렇지만 전형적인 한국영화라는건 함정  
20170110,10,현빈의 멋짐! 유해진의 웃김! 두 배우의 인생 캐릭 만났다!  
20170110,10,윤아의 코믹 연기 좋았습니다.... 공조 나름 볼만해요.  
20170110,10,"호감순?으로보니까 현빈,윤아거리는데 유해진이갑아님?  "
20170110,1,잘생기고 유명한 배우 없었다면 아무도 안봤을 비급 범죄 액션 영화. 소재고갈  
20170110,10,믿고보는 배우 유해진나오고 윤아이 현빈까지..기대됩니당  
20170110,9,비주얼도 좋고 윤아 너무예뻐요ㅜㅜㅜ2017년 새해 첫영화 산뜻하고 따스하게 잘봤습니다! 추천해요  
20170110,9,스크린으로 오랜만에 보는 현빈의 연기가 엄청 자연스럽게 느껴졋구 유해진도 중간중간에 빵빵 터지는...역시 기대주~!김주혁도 의외의 배역에 놀랏구 긴장과 유머가 섞여나와서 너무너무 재밋게 본 액션장르엿어요 강추!!!!  
20170110,10,아니 뭐 다 좋은데 영화마다 꼭 북한애들은 졸라게 쎄고 남한애들은 부실하게 나오더라  
20170110,1,전형적인 좌빨영화. 빨갱이 스파이 빨아재끼는 ㅉㅉ  
20170110,10,크 이번 2017년도 처음 배스트 영화 일거 같다 김주혁의 악역이 말이 안 나온다 그리고 현빈과 유해진과의 캐미가 멋지다  
20170110,10,요즘 같은 시국에 제대로 멋지고 제대로 웃긴 종합선물세트!  
20170110,10,응원합니다!!! 믿고볼래요!!! 화이팅!!!  
20170110,1,또 뻔한 한국영화 하나 나왔다는 생각밖에 안들더라. 유해진 아님 오달수 박아두고 양복쟁이들 대거 등장하는 수사물. 배급사는 어딘지 모르겠다만 이딴게 없어져야 한국영화가 발전하지....나참 되도않는 브로맨스코드까지..벌써 영화 리뷰기사가 그려진다 ㅋㅋ  
20170110,6, 드라마는 몰라도 현빈 영화중에 재미있었던 걸 본 적이 없음.  소속사 직품 선택이 그른건지 본인이 그런건지...  
20170110,10,난 우리 구탱이형을 보겠다  
20170110,10,"진심 지금까지와 전~~~~혀  다른 현빈ㅜㅜ연기는 말 할 것도 없고, 액션은 리얼 눈호강임..이렇게 또 혼자하는 사랑이 시작됨..ㅠㅠ  "
20170110,10,현빈 x 유해진 왜 이제 만나셨어요ㅋㅋ 한국영화의 역대급 콤비의 탄생인듯ㅋㅋ  
20170110,10,현빈과 유해진의 환상적인 공조! 역대급 콤비 진짜 리얼 빵빵 터짐!  
20170110,10,카체이싱과 액션 장면의 현빈은 새로운 액션스타의 탄생을 알린다  
20170110,10,"주연 배우  현빈,유해진씨 홧팅입니다  "
20170110,10,현빈이번엔 대박나라규ㅠㅠ 기대하고 있다구!  
20170110,10,갓해진과 현빈 넘 기대됨ㅋㅋ  
20170110,10,이 조합 끌린다 ㅋㅋㅋㅋ 은근 케미 터지는듯 ㅋㅋㅋㅋ  
20170110,10,예고편 너무 재미있어서 완전 기대 중  
20170110,10,예고편이 재밌어서 기대중 빨리보고싶다  
20170109,10,유해진 기대합니다.~  
20170109,1,현빈대신에 차승원이엿으면 더 좋앗을것을...유해진X차승원  천만영화 따놓은당상인데  ㄲㅂ  
20170109,1,북괴척결 종북척결 김정은암살  
20170109,10,두 배우의캐미 기대해봅니다 ㅎ  
20170109,1,안봐도 비디오.. 한국영화 3류 냄세가 난다 ㅋㅋㅋ  
20170108,10,기대합니다 꼭 볼게요.  
20170108,10,현빈과 유해진의 꿀잼을 기대합니다~~!!완전기대되여 흥해라~~!!  
20170108,10,믿고보는유해진~~윤아도 나오고 꼭볼께요  
20170107,10,"Very much looking forward to attractive cooperation, good actors, refueling！！  "
20170107,10,현빈 현빈 현빈 현빈 공조 대박 나자 공조 대박 나자！fighting！  
20170107,10,----지 금 까 지  알 바 분 평 점 이 었 습 니 다----이제부터 제대로 갑니다  
20170107,1,북한 사람들 맨날 잘생긴 사람만 섭외하냐 ...  
20170107,10,Hyunbin fighting Gongzhu fighting  
20170107,10,hyunbin fighting  
20170107,10,I really want to see the movie！  Hyun Bin  
20170107,10,현빈에 유해진에 윤아 김주혁까지 ㄷㄷ 기대합니다~!!  
20170106,10,와 윤아 나온다 개 좋아~~  
20170106,7,"현빈, 유해진, 김주혁.. 여기까지만 보면 무조건 10점주는게 맞지만, 아이돌 한명이 낌으로 인해 마이너스 3점 고로 최종 평점은 7점 드립니다.  "
20170106,8,시사회 보고 왔는데 정말.. 액션 쵝오. 현빈 주연으로 인정한다! 열분 조연이지만 김주혁씨도 증말 멋있어요 영화값 아깝지 않을꺼에요. 스포 말래서 홍보평만 적고가요 ㅋㅋㅋㅋ  
20170106,10,한국판 러시아워? ㅋㅋ 재미지겠다 보러가야지~  
20170105,10,윤아때문에 본다 윤아 나온다고해서  꼭 보러가야징공조 소녀시대  윤아 대박 나길 원해 많이 많이 기대해봅니다 윤아 나오니까 10점드립니다  
20170105,8,현빈이 북한이고 유해진이 남한? ???  
20170105,1,"시대착오 민족영화, 반북은 아니지만 혐북일세. 다 싫어.  "
20170105,10,우리 윤아 화이팅~~!! 비록 주연이지만 너는 무조건 빛날거야ㅎㅎ 기대할게^^ 화이융!!! 융프로디테 악어융이 나가신다~~~#소녀시대#윤아#민영#공조#화이융  
20170104,10,현빈이 연기와 유해진의 코믹 요소가 합쳐진 재미있는 영화가 될거 같아요. 프리뷰 완전 웃겨요.  
20170104,10,"고3때부터 이영화개봉일만을 기다렸어요!! 20살된기념으로 현빈과 유해진배우도 만나보고, 두분의 캐미도 기대되네요. 꼭꼭꼭 보고싶습니다.  "
20170103,6,"뻔한  코미디는 아니길 바라며 일단 별 3개 넣고, 개봉하면 보고 다시 작성한다.  "
20170103,10,빨리나왔으면좋겠네.  
20170103,10,유해진 때문에 보러 갑니다 ~!  
20170103,1,이런 영화 찍지 맙시다. 마지막으로 경고하겠습니다.  
20170103,10,현빈~~  아~  빨리 보고싶어요ㅜㅜㅜ  
20170102,10,기대해봅니다!! 명작 공조!!!  
20170102,10,현빈 나오니까 무조건 봅니다~~  
20170102,10,옿!? 김주혁나오네!!!  
20170102,5,"개봉전이지만 ""레드히트""가 갑자기 오버랩 되는건 기우이길 바랍니다.영화 스파이가 트루라이즈 아류 같은 느낌만 아니길...  "
20170102,1,어떻게 안본애들이 평점매기지?  
20170102,10,현빈님이찍으신영화는100점만점에100점입니댜♡♡♡  
20170102,10,벌써기대되네요!!!  
20170102,10,믿고보는 배우들 나오는 영화!!개봉하자마자 영화관 달려갑니다!!  
20161231,10,현빈 유해진 윤아 다 기대되구요ㅠㅡ  
20161229,1,뻔한 남북첨보물일듯 유해진만 기대  
20161229,10,윤아땜시 급실망이네요하지만 현빈해진오빠덕분에~^^  
20161228,3,"예고편 보면 다 본거 같다. 같은 소재, 되풀이되는 내용 참 똑같다.  "
20161228,1,우와 진짜 쓰레기 영화다 북한이랑 공조 수사라니?? 현빈이 이런 쓰레기 영화에 나오다니!ㅉㅉㅉ 해병대?ㅋ 얼렁 내가 잘 살야지 그래야 대박을 보여주지!ㅉㅉㅉㅉ  
20161227,10,솔직히 현빈이 보증수표는 아니지유해진이 영화보증수표지..믿고보는건 해진이형때문이지 이번에도 대박나세요  
20161227,10,내가 좋아하는 현빈과 유해진이 나온다는데 무조건 봐야지.개봉날 조조로 볼 예정.  
20161227,10,럭키 유해진 연기력을 보고 영화배우 유해진을 너무 사랑하게 됐기 때문에 이 영화 개봉하면 무조건 볼거임. 다른 이들은 현빈현빈 하지만 난 순수 100프로 유해진이라는 배우때문에 이 영화 꼭꼭 볼거임.  
20161226,10,현빈씨 유해진씨 윤아씨 너무죠아요..영화꼭볼께요  
20161226,10,킬링타임용으로는 재밌을 듯!  
20161226,10,현빈과 유해진의 케미! 기대되네요  
20161226,10,유해진  겁나 기대됨 ㅋ 봐야겠다 ㅋㅋ  
20161224,10,참바다 해진형님 이번영화도 월척되시길 바랍니다~~!! 아궁이스트 화이팅  
20161224,1,이런류의 영화 왤케 많이개봉하냐.. ㅇ  
20161223,1,윤아... 아이돌 나오는건 안봐야함...  
20161223,10,럭키 이후로 나온 유해진 주연 영화라서 기대됩니다!  
20161223,8,기대 만빵..좋아요 누른 인원에 곱하기 100하면 관객수 나온다  
20161222,10,어떻해.... 재밌게 생겼는데... 더킹도 1월 개봉....  
20161222,10,정말 기대가 되는 작품입니다.  
20161221,5,시나리오 쓸때 주인공은 좀 대한민국 특수부대 출신으로 해라. 북한 특수부대 아무것도 아닌것들 신격화 시키지말거  
20161221,10,不能更期待！共助加油！  
20161221,10,현빈이 돌아왔네요 현빈보러가야줘♥♥♥♥  
20161219,10,오호  유해진행님  나오시네요ㅋㅋ  기대합니다  윤아양도  연기 기대합니다  화이팅  
20161218,2,아놀드슈왈제네거 1988년작 레드히트 표절인가? 요즘 충무로는 표절이 대세인가  
20161218,10,당연히 현빈과 유해진이면 500만 영화되지  
20161217,10,실검에 공조뜨고 공격한조인줄 ...  
20161217,5,공격한조인줄(한조대기중)  
20161217,8,제발 다된 한국영화에 신파끼얹는 짓좀 하지마라.  
20161217,10,"해병대  백령도수색대 출신 현빈  멋찐배우 꼭 보러갑니다필승!! 팔각모 사나이 화이팅""공조"" 화이팅!!  "
20161217,10,소원 겸 현빈 팬으로써  너무 기대 되는 작품입니다.2016년도 개봉이라고해서 얼마나 기다렸는지  몰라요.근데 1월에 개봉한다고 하니...외모와 실력 모두 갖춘 배우들로 이루어져 멋있는 작품이 탄생할 거라 봅니다.  
20161217,1,윤아나와서 조졌네 해진이혀엉~ㅜ  
20161217,10,4월쯤에 이태원에서 촬영하는거 우연히 구경하다가 엑스트라로 촬영했는데 너무 유쾌했습니다~! 영화 대박나세요~^.^  
20161216,1,윤아나와서 안봄!!!연기로 족구를 하는데걔때문 모든게 깰듯!!극장에서 안봄 다운이야 볼거없으면 그때 보것지만굳이 돈주고 아이돌 나오는거 볼이유없음 윤아때문 폭망함 현빈나오고 유해진나오고 해서 볼뻔했네 클날뻔했다  
20161216,8,현빈  이번엔  안망해야 하는데... 망하면 현빈 좋아하는 울 엄마가 엄청 슬퍼하실 것임.. 재밌기 바랍니당  
20161216,3,현빈이 북한 특수부대원이고 유해진이 남한 형사인것 부터가 판타지  
20161216,10,두캐릭터 캐미가 너무좋다...믿고보는 연기력..장르역시 굿재미..  
20161215,10,윤아 나오니 봐야지~ㅎㅎ  
20161215,10,윤아언니 첫번째 영화 공조 시사회도 가고싶고 ㅎㅎㅎ많이많이 기대하고있어요 영화 공조 화이팅!!!  
20161215,10,현빈 응원합니다! !  얼른 보고싶네요  
20161215,10,공조냉동에 대한 영화인가보네요 대박나세요  
20161215,1,알바들 바글바글하네 ㅋㅋㅋ김정은 정권미화영화인가? 공조수사래ㅋㅋㅋ1%의 현실성도 없다ㅋㅋ  
20161214,10,현빈씨도 저에게는 0순위 배우로써 기대되지만 참바다씨도 보고싶어요~  
20161212,10,구탱이형~~~~주혁이형!형나오니까 보겠습니다 ㅎㅎ  
20161212,10,주혁이형 보고싶습니다~  
20161212,10,기대하고있습니다ㅋㅋ  
20161211,10,유해진과현빈믿고봅니다  
20161209,10,믿고보는 유해진아니겠습니까?현빈씨도 좋지만 유해진님 보러 또 윤아 보러갑니다 윤아연기기대합니다♡  
20161208,10,울산은 울산대교에서만??  
20161208,9,현빈의 카리스마와 참바다씨의 구수한 유머.최고로 훅 당기는 매력.빨리 개봉되기를 바랍니다.  
20161208,10,너너무 멋져요 영화공조 너무좋아여  그런데 제가 오늘기분이안좋은건 김도경..김장신아주한패예여.저을아주 죄에서 꼬질르고있어여..김도경 중식이랑같이살아여..거성빌라화곡동에서여..  
20161207,10,너무 기대돼요! 현빈!!!  
20161207,10,꼭 보고싶다~현빈뉨~♡♡애길 들춰 업고 가야되나ㅋ감독님~스텝님들~~영화 잘 뽑아주이소~~  
20161205,10,현빈+유해진+김주혁=대박  
20161205,4,개봉전이긴하나 느낌상 흥행실패가 왠지 그런삘~현빈팬인데 유해진씨팬 진심팬이예요 잘되길바래요.근데 흥행실패요소들이보이네요.  
20161204,10,현빈 자 ㄹ생겼어...ㅠㅠ 보러갑니다  
20161201,10,"현빈,유해진 두배우의 이름만으로도 기대되는 작품입니다  "
20161201,10,현빈의 하드캐리 기대됩니다ㅎ  
20161130,10,예고편만 보더라도 개쩜ㅋㅋ엄청 웃길꺼같고 잘생긴 현빈만 보더라고 눈이 호강하겠다 꼭 보러갑니다 언능 개봉해주세염~~  
20161129,10,해진 아저씨 나오는 건 무조건 다 봐야지!!♡♡ 해진 아저씨 너무너무너무 좋다...♡♡  
20161128,10,현빈이 나와서 보고싶은 영화예요 ~^^그리고 유해진까지!!보고싶어욤  
20161127,10,기대기대 되는 영화입니다.  
20161127,3,"그놈의 북한요원=특공무술달인,제이슨본 이런 설정좀 뺴면 안되냐? 지겹다 지겨워쟤들은 무슨 용가리 통뼈냐? 우리보다 못먹고 사는애들이 남한만 오면 날라댕기냐  "
20161127,10,영화관에서 길라임씨 만날까바 후덜덜.. 이지만 꼭 보러갈게요 흥해라!!♡♡  
20161126,1,Cj가 jk필름 51%지분 가지고 있지 그래서 안본다!  아래 댓글단 사람들 뭔애긴지도 모를거야  
20161126,1,"북한남자 평균키가 160 웃돌고 평균얼굴은 광대뼈 돌출에 둥그런 떡판인데.. 참.. 왜 모든 영화에서 북한간첩,정보원은 멋있고 키도크고 잘생겼나  "
20161126,7,감독양반 이 남북이 바뀐거 아니오?  
20161125,10,유해진~현빈~기대됩니다  
20161125,9,"유해진 이젠 주연급이구나,,럭키에서  흥행하고,,,현빈과  투톱주연  "
20161125,10,현빈오빠 잘생겼다♡♡  
20161125,10,"유해진이라 보고십다....^.,^~~~  "
20161125,10,캐스팅만으로 기대지수 만점! 상상도 못한 케미! 기다립니다!  
20161125,10,생긴것만보고 당연히 유해진이 북한인줄 알았다. 장르가 반전영화였다.  
20161125,6,"왜 북한정보원들은 다 미남만 캐스팅하지?김수현, 공유, 강동원, 현빈, 김명민, 탑...웃긴다!  "
20161125,10,남팬 이지만 현빈 형님 10년째 팬 입니다. 항상 응원 합니다. 가만 보면 은근 영화에서는 수염 기른 캐릭터 로 많이 나오시네요 ㅎㅎ  
20161125,10,예고편만 봐도 현빈은 현빈대로 유해진은 유해진대로 찰진역활이 보이네~~  
20161125,10,현빈과 유해진의 조합이 상싱 이상으로 좋고 액션과 적당한 유머가 흥미로울듯해요~ 완전 기대가 되네요.  
20161125,9,럭키 유해진님 공조에서도 대박나길 기원합니더~~  
20161125,10,유해진이 북한경찰인가요?  
20161125,6,예고편은 볼만하네요.하지만 영화는 직접 봐야 알것 같아요.  
20161124,10,일단 난 현빈 팬으로써 무조건 본다 ㅋㅋ  
20161124,10,현빈과 유해진캐미가정말기대하게만든다 개봉빨리했음좋겠다  
20161124,1,이런 OOO기 영화 ... 배우들이 아깝다 ㅁㅊ  
20161124,10,청와대 에서 누군가가 이 영화를 좋아합니다.  
20161124,10,윤아 첫영화 첫조연~기대된다ㅎㅎ윤아 파이팅!  
20161124,2,하필 윤아..다른배우도 많은데...  
20161124,10,현빈 유해진 나오니 더 기되된다  
20161123,10,현빈은 항상 옳습니다 아 오빠ㅠㅠ사랑해요 빨리와요♥♥♥  
20161121,10,너ㅓ무 너무 기대 하고 있습니다~  
20161117,10,유해진 형님 나오는건  걍 암말없이 보는거다  
20161116,4,북한엔 경찰이 없는걸로안는데...이영화에선 있는걸로나오나보네요ㅋㅋ  
20161116,1,우리나라에 숨어든 탈북범죄 조직을 잡기위해 북한과 공조라ㅋㅋ북한에 경찰이란게 있냐  
20161115,10,윤아보고기대중빨리개봉했음~  
20161114,10,올해 개봉하긴하죠? 기대할게요 응원합니다!  
20161109,10,현빈  넘  멋있어요  현빈 액션영화 기대하고  있습니다   시크릿가든 이후  현빈팬됨  
20161031,10,무조건 현빈은 옳으니까 ~~멋진 남자 현빈은 항상 정답입니까~~~~^*^완전 멋지다  
20161019,10,현빈과 참바다씨라니 무척 기대되네요~!!  
20161016,10,현빈이라 보러갑니다!연기도 얼굴도 인성도 굿!!!!  
20161009,5,아....윤아 나와서 5점  
20161007,10,태평오빠좋아해요사랑해요응원해요결혼해요>3 <♡  
20160926,10,솔직히 현빈영화 왜 망하는지 모르겠음스토리도 탄탄하고 다 재밌던데이번영화도 믿고보는 현빈이 주인공이여서 너무 기대되는 영화임빨리 개봉해주세여ㅠㅠ  
20160921,10,와우 ㅋㅋ 시나리오 ㅈㄴ 쌈빡한데?? 재미나겠음 ㅎㅎ 언제 개봉할려나 ㅠㅠㅠ  
20160920,1,공격한조 가미가제!@  
20160918,10,50평생  연애인 좋아해보긴  처음.  윤아  광팬!  캐나다에 거주하지만  꼭  보러갈 예정첫 국내 스크린  진출 영화 대박 기원!!  
20160918,10,윤아팬으로 해외에 있지만 꼭 보려가고 싶어요. 지금부터 대박 기윈 중. 윤아씨가 선택한 우리나라 영화 중 첫출연작..  
20160916,10,유해진 보러 갑니다~~~~  
20160916,10,정말 기대되는 영화에요~대박나세요♡  
20160916,1,다된영화에 아이돌뿌리기 ...  다좋은데 흥행을 위해 연기력없는 윤아 꽂아넣는건 좀 아닌듯해요  
20160904,10,빨리 보고싶어요.공조  
20160828,10,배우현빈 기대합니다 화이팅~!!  
20160826,10,구탱이형과 참바다씨 기대하고있습니다  
20160825,1,현빈이 찍는 영화는 믿고걸러라  
20160820,10,윤아 빨리보고싶다  큰 화면으로  
20160817,10,윤아누나   첫영화축하드립니다. 대박나세요.  
20160813,10,엄청 기대  하고 있어요   얼른  보고 싶어요~  
20160811,9,북한형사현빈과남한령사유해진의만남ㅣ  
20160808,10,완전 기대되는 영화~~현빈 과 유해진  넘무 기대됩니다~~~^^  
20160731,10,현빈하고 유해진나와서 기대되고 우리 윤아언니 나와서 더욱더 기대되는영화입니다개봉만 하세요 언제든지 보러나가겠습니다  
20160727,10,현빈은 늘 옳아요빨리 나왔음 좋겠다~!!^ ^  
20160719,10,꼭 보러 갈거예요^^~~  
20160708,10,기대감굿 퀄리티는굿 그리고 시골에서찍음  
20160707,10,북한에서 이미  범죄조직이였던 범죄자들이 탈북해서 공조수사 한다는 말 같은데 이게 탈북자에대한 부정적인 인식인가?  
20160702,10,윤아씨 팬입니다. 유해진 님과  현빈씨까지 정말 많이 기대하고 있어요.~~  
20160702,10,죄다 현빈  윤아말이많이나오네 .... 김주혁 유해진때메 전기대됩니다만...  
20160701,2,북한이라는소재 쓰는순간 이미 망했다 ㅋㅋㅋ  
20160628,5, 설정이 너무 무리수 아닌가? 내생각에 이런 무리한 설정으론 실패할것같다  
20160627,10,연변건달역 ^^ 기대됩니다  
20160627,10,시놉과 배우들 분위기는 곧 터질 화산처럼 모여있는데.. 공유의 용의자만큼만 나오길 바람...  
20160626,1,별 ㅁ1친영화 다보겠내.. 왜캐 요즘 북한이랑 연관된 영화 나오면 무조건 북한이 정의스럽개 나오냐? 진심 영화계 감독들 정신나간거 아니냐? 군필자들 맞어?  
20160626,10,현빈.유해진.윤아    전부  기대됩니다   빨리 개봉하길~  
20160624,10,김태평님의 영화 기다려집니다. 화이팅  
20160623,10,현빈은 늘옳아요~~^^화이팅 꼭볼께요  
20160621,10,울산이 주 촬영지가 된만큼 울산에서 무대인사 한번정도는 해줬으면 좋겠습니다^^  
20160620,10,현빈 나온다니 무조건 봅니다  
20160619,5,윤아만연기잘하면 다연기잘하는분들  
20160617,10,윤아화이팅! 신데렐라맨때부터팬이에요!  
20160615,10,빨리보고싶네요~현빈님~짱  
20160606,10,재밌을거 같아요!! 기대되네요~~  
20160603,10,공조. . 기다리다. . .지쳐. . 빨리 보고 잡다!!  
20160602,10,"님들 저도 울산에 삽니다.저도 주말에 울산대교막은거에는 심하다고 생각하지만,영화가 잘되면 울산으로 이사오는 가정도 생길것이고 그렇게 되면 울산의 이미지는 올라갑니다.영화가 잘되면 아파트가 많이들어설거고 그렇게 되면 부산처럼 가능하다고 말씀드리고싶네요  "
20160528,10,영화 대박나세요! 울산대교화이팅!!  
20160525,10,미국은 영화 찍을때 도시 하나를 막아도 시민들이 와 영화찍나보다 피하자 이런 마인드 인데..그러니 영화대국이지..우리나라는 프로불편러들 밖에 없으니 쫌만 자기한테 피해입으면 쌍욕에 짜증에 ..에혀...ㅉㅉ이러니 영화사업이 후진국이지 ㅉㅉ  
20160523,10,김주혁씨 얘기는 하나도없네김주혁씨 연기 항상 믿고 잘 보고있습니다.항상 기대되는 배우입니다  
20160523,1,할아버지생신을맞이해서 가족끼리 울산대공원으로 놀러갔는퇴근시간에 맞춰서 대교를 막아버리면 어떻합니까 아무리영화라고해도 평일점심쯤이나 새벽에해두되는데 기름은기름값대로나가고 짜증만나네요  
20160522,1,진짜 영화한편 찍을라고 주말에 대교를 통제하냐? 그것도 퇴근시간 겹쳐서 진짜 짜증나던데 평일 오전에 하던가 짜증나네 주말에 고향내려가는 사람들은 생각안하나  
20160521,1,장난치나 울산대교 다틀어막고 차들 다 뺑뺑이돌리고 영화찍으면 시민들 불편한건 생각안하나톨게이트까지 다틀어막아서 집가는데 50분을더돌았다차들이 한쪽으로쏠리니 차막혀 기름값나가 뭔짖이고이거어디나가지도못하겄다 영화촬영때문에 길막혀서  
20160521,1,공업도시 울산에 쳐와서 찍는답시고 회사원들 퇴근 시간 부터 울산대교 통제로 인해 꽃바위에서 미포조선까지만 1시간 넘게 걸릴 정도로 도로 마비. 회사에서 집까지 평균적으로 20분이면 가는데 2시간 도로에 잡힘.주말퇴근을 영화 하나로 수만명이 피해를  
20160521,1,시민한테 촬영한다고 피해를 너무 끼치니 보기도 싫음.  
20160521,2,OOㅠㅠ퇴근해서 집갈라는데 울산대교에서 촬영한다고 막아놔서 차 존나막히잔아ㅠㅜ귀성길수준이다 찌밤!!!  
20160519,10,오늘 울산에서 유해진씨랑 이주혁씨 봄ㅎ 머지 하면서 놀랬는데 보니 영화 공조 촬영 관련해서 오신거 같던데 기대합니다^^!ㅎ  
20160518,1,아니 울산에서 촬영하는건좋은데 울산대교 마성터널언제까지 통제하나요 아침출근길 퇴근길 차 완전막혀서 짜증 이빠이네요 지금도 차가막혀서 답답해서글적습니다ㅡㅡ  
20160516,1,윤아는 왜 나와...이유를 모르겠네  
20160513,10,19세임? 그래도 기대됨  
20160512,10,기대되는영화.. 꼭 본다  
20160512,1,울산사람인데 우리 주말에 출근해야된단말입니다  오지말라구요  
20160511,10,기대합니다 2016  하반기 최고의 영화~~  
20160508,9,다시한번 김선아와  로맨틱 코미디를  찍었으면 합니다.김선아와 환상에 콤비여요~현빈씨  항상 응원할게요.  
20160507,10,현빈 이번 영화 대박 치길 기대해요~~^^  
20160504,10,영화가 재밌으면 개꿀인거고 윤아보려고 이영화보는거다 재밌으면 개꿀인거고 재미없어도 윤아나와서 이득인거다  
20160502,10,기대 됩니다 현빈의 연기를 믿습니다  
20160501,9,난 김주혁배우를 믿는다  
20160429,10,"현빈,유해진 배우의 조합만으로도 설레이는 영화~  "
20160426,10,저기 감독님 요즘 떠오르는 여배우 윤아를 주연으로 쓰셨어야죠..ㅠ  
20160424,10,이영화는 꼭 볼겁니다 윤아의 첫영화라 기대가 되요!!  
20160422,10,대박날꺼예요~멎진현빈 현빈 화이팅!!  
20160420,10,현빈~ 너무 너무 기다렸어요 ?훌륭한 배우~믿고보는 현빈~최고~!!  
20160419,10,울산에 촬영한다고히네요  ^^  
20160419,10,현빈씨무사히 촬영 하시길 응원합니다.공조 파이팅~~~  
20160415,10,looking forward to the moves.  
20160411,10,현빈오빠 공조기대할께요..♡ 공조대박나세요!!!  
20160407,10,너무 재밌을 거 같음 ㅠㅠ 빨리 개봉했으면 좋겠다 내가 몇 번이고 반복해서 보러갈 자신 있는데  
20160407,10,빨리 보고싶어요 ㅠㅠ캐스팅 짱  
20160403,10,현빈 ㅠㅠ빨리 얼굴보고싶어요현빈나오면 재미있든 없든 다 봤는데...이번껀 꼭 흥행하길:) 흥행보증수표 유해진 아저씨도 있잖아요!!  
20160403,10,현빈!!! 기대됩니다^^  
20160327,10,윤아언니 첫 영화라니ㅜㅜㅜ너무 설레요 항상 응원하고 있으니까 다치지 말고 영화 무사히 잘 마쳐서 좋은 모습으로 만나요 얼른 보고싶어용 언니  
20160322,1,북괴형사? 뭐지 이 어이없는 스토리는??탈북 범죄조직? 북한이 범죄조직 아닌가??정말 영화판은 좌익판이라는 윤계상의 증언이 맞다고 느껴진다.  
20160322,1,탈북자는 악역맡고 탈북자 잡는 북한공권력은 정의의편으로 만드는 대한민국영화판. 윤계상이 '대한민국영화판은 좌빨판'이라는게 거짓은 아니였군  
20160322,1,북한 '형사'랰ㅋㅋㅋ 네 다음 김정은 찬양영화  
20160322,1,북괴미화 뭐 북괴형사 종북이냐 ㅋ  
20160321,1,탈북자들을 나쁜놈으로 몰려는건가  
20160321,1,김정은 정권똘마니를 미화하는 이딴 영화나 만들고 있다니. 영화계 빨갱이들의 북괴미화작업물.  
20160321,1,북한 형사잼 ㅋㅋㅋ 좌파들이 또 ...  
20160320,1,부칸에 형사가 있냐? 차라리 북괴 보위부랑 공조한다면 믿을만하겠네 또한편의 좌좀 쓰레기영화 탄생인가 ?  
20160320,1,북한 형사와 남한 형사가 극비리에 공조수사?? 엥?  미치겠다 맙소사 ㅋ.ㅋ.ㅋ.ㅋ.ㅋ.ㅋ.ㅋ.ㅋ.ㅋ.ㅋ.ㅋ.ㅋ.ㅋ.ㅋ.  
20160320,1,북한 인권과 돼지새끼에 대한 비판을 해도 모자랄 판에..공조??? 무슨 생각인지..딴 나라 사람들이 보면 어이없어 할듯..  
20160320,1,탈북자 부정적인식 + 북한공권력 긍정적인식 미칬냐?진짜 돌아버린건가  
20160320,1,북한이랑 공조를 왜함?탈북자 중에도 간첩새끼가 있는 마당에정신나간 빨갱이랑 손잡는 자체가 어이 털림  
20160320,1,탈북 범죄조직을 쫓기 위해 북한형사와 공조를 벌인단다 배고픔을 견디지 못하고 자유를 찾아 온 탈북자에 대한 부정적 인식을 심어주는 한편개정은 정권 똘마니하고 공조를 한단다 미친 발상 아니냐?  
20160315,10,"윤아 첫영화 대박 나기를 응원합니다,윤아현빈유해진김주혁님!!!!  "
20160311,10,응원할께요! 정말 기대되네요. 매일 매일 검색해보는데 아직 정확히 몰라서 촬영장에서라도 뚫고 들어가고 싶은 마음이네요♥  
20160309,10,공조 기대할께요 ~~^^현빈 늘 응원합니다 ♡♡♡  
20160309,10,"진짜너무 기대되고, 현빈오빠 연기변신도 넘 기대되네용ㅎㅎ 잘됫으면 좋겟다!흥해랏!♡  "
20160304,10,현빈 나오는 영화 개봉하면 극장가서 보겠습니다  
20160303,10,이 영화 라인업 개쩜 윤아 유해진 현빈 이동휘 등 진짜 기대됨 !!  
20160302,10,윤아랑 현빈!!!! 너무 기대되요ㅠㅠ  
20160301,10,얼른얼른 개봉했으면좋겠다  
20160227,10,여신님 윤아야~꼭 보러갈게♡  
20160224,9,현빈때문에 보고싶은데 윤아가 NG  
20160222,10,윤아야 빨리보고싶다~  
20160218,10,와현빈ㅠㅜ진짜제가 백번천번은볼께요 사랑합니다ㅠㅜㅜㅜ♡♡♡  
20160216,9,현빈 때매 10점 줄라다 여주 윤아 보고 9점. 여주 미스 캐스팅입니다^^..  
20160211,10,걍현빈이니까 본다ㅎㅎ  
20160206,10,윤아 현빈 연기는 정말 잘하는데 작품순이 늘없었음.. 이번에는 좋은작품 만났길  
20160206,10,윤아 보러 무조건 영화관갈꺼에요  
20160203,10,윤아언니를 스크린에서 처음으로 보다니...!  공조 화이팅  
20160203,10,다른분들이 현빈기대하실때 저는 윤아님의 미모와 연기실력.. 진짜 기대되요 ㅠㅠ 응원합니다ㅠㅠ!!!!  
20160203,10,현빈 윤아 완전 응원해요♥♥♥♥  
20160203,10,현빈 is 뭔들♥ 기대하겠습니다!  
20160202,1,윤아 연기못하던데 망하겠다  
20160202,10,현빈씨 연기와 고품격 액션 기대됩니다 공조 대박 화이팅!!  
20160130,10,현빈씨 연기 너무 잘해 ~영화 대박~  
20160123,10,"와 윤아가  드뎌 영화를 찍다니,,ㅠㅠㅠ 감격이다  무조건 혼자라도 보러가야지~!!!!  "
20160122,10,액션 비줠 연기력  최고인 현빈님 공조 대박  
20160122,10,믿고보는 배우현빈씨 북한형사역 기대기대!!!  
20160120,10,임윤아가 나오면 당연히 봐야죠ㅠㅠㅠ임배우  
20160119,8,"윤아 정말 이쁘고 괜찮지만... 연기는 별로 ,,, 그렇지만 현빈!!  믿고  개봉일 까지 기다리겠습니다.  "
20160113,10,윤아 첫영화대박 나길~화이팅  
20160113,10,완전기대중!! 얼른 개봉했음 좋겠어요^^  
20160113,10,윤아의첫스크린데뷔^^^^정말 잘되길 빕니다ㅎㅎ안티분들이 평점을 깎지말았으면 좋겠네요ㅠㅠ윤아야 화이팅^^현빈이나오는 것들은 모두 재미있다죠^^기대합니다!꼭봐야겠어요ㅎㅎ  
20160113,10,윤아언니 파이팅 제가 응원해요.국내 첫영화 화이팅!  
20160109,10,윤아 현빈 기대해요!!!  
20160109,10,윤아첫영화기대되고 내용으로두번기대되네  
20160108,10,윤아 화이팅 윤아와현빈 케미기대된다 공조영화 1000만 영화가자 윤아1000만 배우꼭 되길바래요  
20160106,10,완전기대되요!!빨리개봉햇으면좋겟다♡ 윤아에다또제일좋아하는액션영화라니ㅜㅜㅠ윤아현빈케미기대기대  
20151231,10,스토리 완전끌려서 보고싶다 생각했는데  현빈나오는거보고 무조건보러감!!!!무한기대중♡♡  
20151229,10,봐야지 윤아도 나오고 현빈도 나오고  
20151228,10,개봉 하자마자 보러간다^^ 기대합니다~  
20151223,10,"현빈,윤아 너무 기대된다! 2016년에 가장 기대하고 있는 작품  "
20151220,10,기대하는 영화~~ 윤아도 연기 잘하고~~~ 기대^^  
20151217,10,팬미팅때 개봉2016년이라고하셨었는데 기대좀할게요!개봉하면 무대인사돌아다닐생각에벌써기쁩니다!!햔빈님도 천만배우갑시다!!!!액션많다고들었는데조심해서촬영하세요!!!  
20151216,10,기대기대기대기대기대  
20151216,10,나오면 꼭본다!!! 윤아 현빈 파이팅!!  
20151214,10,현빈 윤아라 기대되는 작품~  
20151214,9,감독님도 좋고 현빈님도 좋은데.. 윤아도 싫진 않지만 주연은 아니길 ㅠㅠ 죄송해요..  
20151213,10,윤아언니 현빈님 얼른보고싶어요  
20151211,10,기다리고 있었습니다♥♥완전 기대해여  
20151210,10,소녀시대보다 드라마 사랑비로 팬이된 이로써 윤아연기 넘 기대되고 현빈씨와의 케미도 너무 기대됩니다. 영화 대박나길 응원합니다.  
20151120,10,현빈씨 윤아씨 보러 신랑이랑 갈거랍니다~찜요!ㅎ  
20151120,10,"오빠 차기작 기다렷어요이번작품 꼭흥햇으면좋겟어요완전기대되요 북한형사 멋잇을것같네요오빠는  제 취향저격 사랑해요 오빠 항상 응원해요 공조,화이팅 ㅎㅎ??  "
20151119,10,현빈 응원해요!!!!  
20151117,10,꼭봅니다! 윤아 X 현빈  
20151117,10,윤아 연기 기대된다.ㆍ  
20151116,10,다 좋은데 윤아라는게 좀 걸린다..극중 몰입에 방해만 안되길...  
20151116,10,현빈도 나오고 유해진에 윤아양까지~~~무척 기대하고 있습니다  개봉하면 바로영화관으로 달려갈게용~♡  
20151116,9,다른배우들은좋은데 조연이라도 윤아는 솔직히 매력이 너무없음..연기나 예능은 아닌듯.. 그렇다고 태연아이유수지 처럼 일반대중들한테인기가 많은것도아니고 연기 인식도안좋고ㅠ 연기욕심그만부리길..  
20151114,10,개봉 기대할게요 ㅠ_ㅠ 사랑합니다 현빈오빠 :) 강동원에 이어 대박 영화 나기를 !  
20151112,10,믿습니다 ♡ 꼭 한번 보러가겠다 내가  
20151110,10,훌륭한 배우 현빈 씨 화이팅!!!~~^^  
20151108,10,꼭 보러가야지~ ^0^  
20151108,10,아니 근데 2016년이 아니라 2017년요???  
20151102,10,현빈연기는 봐도봐도 질리지 않어 비줠 연기력 다되는 몇안되는 배우 빨리보고싶다  
20151020,10,최고의 연기 기대합니다  
20151014,10,2017년 ㅠㅠ 으메 오래 기다려야 하넹 그전에 드라마 한편찍어주세요 현배우~  
20151011,10,현빈 삼순이때부터 좋아한 배우♡ 항상 응원합니다  
20151001,10,군 제대후 3번째 작품. 흥하자.  
20150929,10,현빈씨~~  화이팅 ♡♡  
20150926,10,기대중입니다ㅋㅋㅋㅋ  
20150924,10,현빈 멕아더는 어뜨케 하고 ㅠㅠ  
20150924,10,현빈씨의 새로운 모습에 너무 기대가큽니다. 그런데 개봉을 좀 앞당겨주심 안되나요?ㅜㅜ  
20150924,10,현빈씨액션기대되네요~  
20150923,1,공조 냉동기계기사 붙게 해주세요  
20150922,10,믿고보는배우 현빈 설령 기대에 못미춰도 현빈연기만으로도 기대 만땅!!! 현빈연기는 항상 옳다 잘만빠지길 반다!!!  
20150922,5,100억대 손익분기점 넘길려면 나머지 출연진 캐스팅이 관건일듯....  
20150922,10,Looking forward to hear more news about this movie!  
20150922,10,기대합니다~~!!! 현빈은 늘 옳아^^  
20150922,1,음.. 이거 별로같음.ㅎㅎㅎ  
20150922,2,먼 17년에나오는게 지금 실검이뜨내  
20150922,10,현빈씨의 선택을 응원 합니다~기대할께요~^^  
