0,1,2
20170718,10,"억지 감동이아닌,  가슴이 따뜻해지는 영화ㅋㅋ 여자 3명의 케미가 기분좋게 만듬  "
20170718,10,오랜만에 진짜 편하게 영화봤습니다 ㅠㅠ 뭔가 뜻있고 삶을 돌아보게만드는 영화 ㅠㅠ  
20170717,3,"지루할 뿐더러 공감도 안되고, 정서적으로 너무 다르네..  "
20170716,8,"옳지만 듣기 싫었던 부모님의 조언도, 내가 좋아하는 어른에게 들으면 마음에 새기고 싶어진다. 이 영화가 그렇다.  "
20170715,1,실제 죽을 나이가 되면 저런 거에 신경쓸 시간이 없다...자신이 80세 노인이라면 어떨까 생각을 해보세요.  인생에서 가장 슬프고 힘든 시간입니다.  
20170714,10,"시사회 당첨되어 무더위를 뚫고 가서 보았습니다근래 본 영화 중 삶에 동기부여가 된 의미있는 영화였다고 생각해요~ 재미도, 감동도 있었던 큰 울림을 준 영화였어요! 추천해요!  "
20170713,10,재미와 깊은 여운이 남는 영화다.  
20170713,6,킬링타임용~ 영화에나오는 음악 좋네여  
20170713,9,오늘 왕십리cgv에서 시사회보고 왔습니다. 주연들의 연기가 너무 맛깔나고 소소하게 웃을 수 있는 포인트들이 있어서 재밌게 보다가 끝부분에서 감동을 받아서 결국 눈물이 나고 말았네요 자신의 인생의 마지막을 아름답게 끝맺고 싶은 한 여성의 이야기 같습니다  
20170713,10,시사회다녀왔습니다~ 상영중에도~돌아오는길에도~~잠자리에누워서도 생각나는~~ 여운이오래남는 영화예요!!~함께 느껴보시길바래요  
20170712,10,수많은 영화를 봤지만 이 영화처럼 의미있는 영화는 처음 보는 것 같다 내 자신을 깨닳게 하고 내가 어떻게 해야하는지 알려준 영화. 최고의 인생영화. 보는내내 울고 웃으며 우리에게 교훈을 안겨준 영화같다  
20170712,10,생각하게 하네요넘 좋으네요  
20170712,7," 기꺼이 끝까지 모든 걸 통제한 그녀의 원동력은, 머리가 아니라 가슴. heart. 심장이 멈춘 순간, 가장 reasonable한 그녀의 마지막 ^^  "
20170712,10,코미디보다 서정적인 멜로느낌이 많이 들었어요~  
20170712,10,매우감동적인영화인것같아요..꼭..다시보고싶은영화..  
20170712,10,죽기 전에 나는 무슨 말을 듣고 싶을까. 정말 멋진 인생이 아닐까 생각하며 봤네요.  
20170712,9,감동이있는 영화네요~  
20170712,9,"초반에는 너무 잔잔한가 했는데 뒤로 갈수록 웃기기도 하고 감동도 있고, 좋은 영화였음. 강추 ^^  "
20170712,10,최근들어 본 감명깊은 굿~무비~!!  
20170712,10,제 인생에 대해 다시 한번 생각해보는 영화였습니다정말 생각이 많아지는 내용이네요  
20170712,9,따뜻한 감동이 있는 영화!  
20170712,7, 마지막에 너무 와닿는말도 하고  따뜻하고 인생에 도움되는 영화이다  
20170712,7,개연성 부족이나 뚝뚝 끊기는 느낌이 조금 있지만 한번쯤 보면서 생각할 수 있는 영화. 감동적이었다  
20170712,10,아주 감명깊게 잘밨습니다.  
20170712,7,감동적이지만 약간 지루한 면도 있었다ㅜ 그치만 한번쯤 볼만한 영화  
20170712,8,첨엔 지루했는디 뒤로 가면서 슬퍼진 영화 한번쯤 봤음 좋겠다!  
20170712,8,감성적이고 혼자봐도 좋을 영화입니다!  
20170712,8,제2의 헤리엇을 만나고싶네요. 최고의 영화!!!  
20170712,10,감동적인 영화~~~~  
20170712,10,이게 진짜 볼만한 영화다브렌다의 춤은 꼭 또 봐야해요  
20170712,10,인생에 대해 고민해볼 수 있는 영화. 알 수 없는 눈물이 흐르는 시간이었어요!  
20170712,10,생각없이 가벼운 마음으로 보러왔지만의미있었고 주변 지인들에게 꼭 추천하고 싶은영화였습니다.  
20170712,9,삶은소중한것 앞으로나아가라~ 최근에  본 가장 감동적인영화~  
20170712,10,미디어를 점령한 브로맨스에 맞설 유일한 영화! 잔잔한 감동 재미 참 좋았다  
20170712,10,현재 내 상황에 있어서 많은 생각을 하게 해준 영화  
20170712,9,너무 좋은 대사와 노래 좋아요다시꼭 보고싶은 힐링 영화입니다  
20170712,9,최고의 캐스팅 ㅠㅠㅠ 재미잇고 잔잔한 감동으로 즐겁게봤네용 추천해여 ㅇ3ㅇ 멋진 여배우!  
20170712,10,나에게도 주인공같은 멘토가 있었으면!!지금의 내인생을 돌아보게하는 영화!!  
20170712,10,브로맨스에 맞서는 영화!감동적입니다  
20170712,10,잔잔한 감동  좋았어요 가족과 같이 보세요  
20170712,10,셜리 멕클레인과 아만다 사이프리드의 유쾌한 케미와잔잔한 여운을 남긴 영화. 인생을 되돌아보게 되네요. 좋은영화 감사합니다!!!!  
20170712,10,단순한 코미디 영화인줄 알았는데 진한 감동이 있네요.진정한 어른이 되고싶은 사람들이 봤으면 좋겠네요!  
20170712,10,대사들이 하나하나 마음에 와닿았어요보고나서 또다시한번 보고싶었던 영화는 처음이였어요인생영화  
20170712,10,실패를 두려워하지말고 자신의삶을 살라는 메시지를 전해준 좋은영화였어요  
20170712,10,재미와 감동과 교훈을 느껐습니다 추천해요~  
20170712,8,한번 쯤 삶을 돌아볼만한 영화~  
20170712,10,잔잔하게 감동적으로 재밋게 볼만한 영화!  
20170712,9,세상을 겁내지 말고 본인이 원하고자 하는걸 늦지말구 알아야하는걸 다시한번 이영화로 느끼게되었다.  세상을  다시 느끼게 된 계기였던 영화였다.  
20170712,8,재미와 감동이 있는 영화였습니다~  
20170712,9,별기대안하구봤는데 생각보다많은생각을 하게만드는영화인듯  
20170712,10,죽기전에 다시 보고싶은 영화  
20170712,8,위험을 무릅써야 무엇인가를 얻을수있다...아만다사이프드는 이쁘고..ㅋ  
20170712,10,정말 재미가 아니라 의미를 알려주는 영화라고 당당히 말할수있는 영화였네요... 좋은 영화 감사합니다!  
20170712,8,실패가 너를 만든다... 기억에 남네요  
20170712,10,감동도 있고 교훈도 있고 정말 좋은 영화입니다~!^^  
20170712,9,오랜만의 자극적이지 않은 힐링 영화 좋네요  
20170712,8,기대없이봤는데 좋았음!  
20170712,10,정말 감동적인 영화에요  
20170712,10,소장하고 싶어요...  
20170712,9,재밌어요~! 음악이 특히 좋네요~  
20170712,10,너무 감동적이예요~^^  
20170712,10,정말 감동적이고 좋습니다  
20170712,10,억지 감동 없이 잔잔한 영화였습니다. 오랜만에 힐링 영화봤네요 너무 좋아요..ㅠㅠ  
20170712,10,"재밌었습니다! 인생의 끝자락에서 마지막으로 하고 싶은 말을 다시금 생각하게 하는, 다른 의미로의 로드무비.  "
20170712,10,감동과 웃음을 둘 다 잡았네요... 추천합니다!  
20170712,9,생각이 많아지는 감동적인 영화추천이용  
20170712,9,힐링영화!!!! 조아욯ㅋ  
20170712,10,억지로 울리지 않고 진짜 교훈을 주는 영화  
20170712,10,감동과 재미 모두 느낄 수 있었던 영화예요! 정말 잘 만들어진 영화! 영화관에서 꼭 봐야될 영화 같네요!  
20170712,10,생각한것보다 훨씬 감동적이고 영화보는 동안 즐거웠스니다!!  
20170712,10,시사회로 방금보고나왔는데 너무 좋았어요ㅠㅠ개봉하고 또 보고싶어요!!  
20170712,8,"의외로 웃기고 의외로 감동적인 영화, 그리고 의외의 페미니즘 영화. 나는 이런 류의 영화를 싫어하는 줄 알았다. 이 시대 소녀들에게 필요한 할머니 이야기.""네가 이끌어라, 그들이 따를 것이다.""  "
20170712,9,최근에 본 영화 중 가장 크게 웃고 가장 많이 운 영화. 다시 또 보고 싶고 소장하고 싶은 영화였다.  
20170712,9,은은한 감동을 선사해준 영화~ 힐링이 되는 영화였답니다!!! >_<  
20170712,9,남자가보는거보다 여자들끼리보면 좋았던영화..주인공이 너무멋있다 멋있는여성이라고 생각하게만드는여자나도 저 주인공처럼 살고싶다  
20170712,9,시사회로 봤어요~재밌었고 마지막엔 좀 울었네요. 여성관객이면 공감할 영화!!  
20170711,9,시사회 다녀왔습니다! 정말 감동과 재미 두마리토끼를 다 잡았습니다. 셜리 맥클레인씨가 중심으로 너무 연기를 잘 잡아줍니다!! 꼭 다들 보세용  
20170711,10,노래 ost도 좋고 해학과 풍자안에 담긴 슬픈 내용이였습니다. 자신을 돌아보게 되는 시간이 된거 같아요.아무생각없이 보고 많은 생각을 하게 되는 영화네요  
20170711,9,인생을 돌아보다. 나는 잘 살고 있던것 일까?나는 남들에게 어떤 사람이였을까?나는 그 고민속에서 이영화를 보왔을때 가슴 뭉클하게 다가 온다. 이영화는 나에게 걱정하지말아요 당신을 잘 신고 있어요  라는 이야기를 해줍니다.  
20170711,10,생의 마지막이라는 자칫 무거울수 있는 주제를 재치있고 감동적으로 녹여낸 영화다.삶의 목표에 대해 생각하게 하고 잔잔하지만 유머러스하게 잘 나타났다.  
20170711,9,실패를 두려워 말고 살아가는 오든이가  되시길  
20170711,9,감동입니다  재미도 있고 여운이 많이 남네요  
20170711,9,여러가지 의미가있는 영화였다과연 나는 죽기 전에 가장  듣고  싶은 말은 무엇일까? 마지막 아만다의 장례식장 연설이가장 와닿는다  
20170711,10,정말 정말 잼있고 감동적이네요!!!  
20170711,10,시사회로 지금 보고 나왔는데 죽음을 앞두고와 죽은후의 진실된 의미를 찾아가고 알게해 주는 영화~ 넘 감명 깊게 봤어요 ~  
20170711,10,좋은 명언들이 나한테 충고해주는것 같아서 눈물펑펑울었네요 재미있어요!!  
20170711,10,재미있고 잔잔해요~ 셜리 맥클레인 역시 멋지고 아만다 상큼해요  
20170711,9,명언들도 많고 20대중반고민많은 청춘들이 보면 딱일 영화bb추천><  
20170711,10,"어떻게 죽는지를 생각하게 하는 영화.웃음, 감동 모두 있어요!!  "
20170711,9,she tooks risk her life.그녀에게 박수를!!!저 역시도 하루하루 '의미있는 날'로 만들도록.. 해야겠어요.  
20170711,10,뜻밖에 찾은 가슴 따뜻한 영화.  
20170711,10,꼭 한번 봐야 하는 영화!  
20170711,10,셜리 맥클레인 때문에 더욱 반짝반짝 빛나는영화에요~~  
20170711,9,삶의 두려움을 맞서 싸운 그녀를 기억합니다.  좋은 영화네요  
20170711,10,음악도 너무 좋고 스토리도 너무 좋아요 아만다 사이프리드도 정말 예뻐요 ㅎㅎ꼭 추천합니당!!  
20170711,9,처음과 끝이다르네요~^^뒤로갈수록 집중력이 좋아지고 영화보는내내 책 읽어 내려가는거 같았어요! 끝까지봐야 더 재밋는영화네요~^^  
20170711,10,감동입니다! 즐거웟어요! 재밌습니다!  
20170711,10,스토리가 감동적이고 끊임없이 재미있었다  
20170711,10,감동도있고 줄거움도있고  교훈도많은내용입니다꼭보세요 !!!  
20170711,10,인생에 대해 생각해보게 하는 영화  
20170711,10,너무감동적입니다 추천합니다 음악도좋아여  
20170711,8,앞으로 삶을 어떻게 살아야할지 곰곰히 생각해보게 만든 좋은영화.  
20170711,10,음악도 좋고 줄거리도 생각해 볼 만하고 너무 재밌어요!!  
20170711,10,여운이남는영화‥진짜나를찾기위해 퇴사를  
20170711,10,감동적이고.내가듣고싶은 말들이다  
20170711,8,현실감은 없지만 꽤 좋은 대리만족!  
20170711,10,감동도 있고 재미있어요!  
20170711,8,강인한것같은 삶을 살지만 그녀는 혼자만에 시간에 행복함을 느낀듯~  
20170711,10,엄마랑 함께보고 정말좋았습니다  
20170711,10,재밋었어요 완전 마음을 울리는 영화 ㅎㅎ 또 보고 싶습니다  
20170711,8,삶을 돌아보게 하는 영화네요.  
20170711,9,어머니께 추천하고싶은 영화네요. 제 삶에 많은 생각을 하게 해준 영화입니다!  
20170711,8,한 여자의 인생을 다룬 영화! 감동 그 자체였어요!  
20170711,10,인생의 교훈을 알려주는 그녀.  
20170711,9,너무 감동적이었어요.다른 분들에게도 추천하고싶네요.  
20170711,10,내 인생을 돌아보게 만드는 좋은 영화~ 음악도 굿~ 연기도 굿~~^^  
20170711,10,감동적이고 또 보고 싶은 영화  
20170711,10,인생최고영화입니다 감동적이었어요  
20170711,10,역시 선댄스 .완전감동. 유쾌  
20170711,10,굳굳 넘좋았어요 강추강추  
20170711,10,재밌고 의미있는 영화!  
20170711,10,주제도 좋고 노래도 신나서 지루하지 않게 봤어요  
20170711,9,실패가 너를 만든다. 굿!!!  
20170711,10,너무 감동입니다.  내가 죽기전에 가장 듣고 싶은 말은 잊혀지지 않는 사람!  
20170711,10,내가 재미있었고 인생에 대해 다시 한 번 되돌아보는 영화였습니다!!  
20170711,9,잔잔하면서도 인생의  의미를 주는  영화가 좄네요  
20170711,9,지금까지의 시간을 돌아보게 만드는 영화입니다. 배우들의 대사 하나하나에 제자신을 대입해보게 되네요. 잔잔한감동이 있는 영화였습니다.  
20170711,10,최고의 영화 추천합니다 꼭 보세요 ㅠㅁㅠ  
20170711,9,먼가 생각을 하게 만드는 영화같아요좋은 책 한권을 읽은듯한 느낌이네요추천합니다!  
20170711,9,잔잔한 일상에 던지는 한마디가 참 좋다  
20170711,10,질펀한 웃음 뒤에 뉸물이!  
20170711,10,재밌네요~감동도 있고 아만다 사이프리드 넘 예뻐서 더 재밌게 봤어요~ 적극 추천!!!!  
20170711,10,한국영화보다 좋은영화  
20170711,9,"셜리맥클레인,아만다사이프리드의 연기도 좋았고음악 배경등 다 좋았습니다.  "
20170711,10,두 배우 케미뿜뿜! 진짜 좋다는 말밖에 안나온다  
20170707,10,아만다 보는 즐거움에 더해 큰 기대를 하지 않고 본 이 영화가 이렇게 재미가 있고 또  잔잔한 감동으로 눈가를 적시게 하네요. 몇날이 지났는데도 마음이 흐뭇 합니다. 좋은 성과를 기대합니다.^^ 화이팅~~  
20170705,10,헤리엇은 못된 마녀처럼 보이지만 정말 멋진 사람이에요.  
20170705,10,시사회 보고 왔는데 재미있네요ㅜㅜㅜ모든게다 좋았지만 특히 음악들이 정말 예술 !  
20170704,8,나는 죽어서 어떤 사람으로 기억될 것인가? 누구나 궁금해하고 걱정하는 이 질문에 대한 영화!  
20170704,10,나도 죽기전에  듣고 싶은 말이있다.  
20170704,10,감동적이고 재밌었습니다.! 주위 사람들에게 추천하고 싶네요.^^  
20170704,10,감동적이에요 또 보고싶어요^^  
20170704,10,와우 오랜만에 기억에 남길 영화를 봤네요.  
20170704,10,삶을 어떻게 살아가야할지 고민하게 만드는 영화네요. 진지한주제를 유쾌하며 감동스럽게 이끌어가는 명작입니다  
20170704,10,영화속에음악이너무좋았어요후회없는인생을즐기고싶엉ㅛ  
20170704,9,진짜 명언이에요ㅠ 다시보고싶어요ㅜ실수는 내가만드는겨아니라 실수가 너를 만든다 정말 최곱니다ㅜ  
20170704,10,너무 감동적으로 봤어요. 하루를 의미있게 살라 !!!  
20170704,10,소재와 배우들의 연기 모두 참 좋았어요.꼭 보세요~  
20170704,10,인생영화로 남을거 같아요 너무 재밌어요 추천합니다!  
20170704,10,너무 의미있는 영화에요  
20170704,10,재밌어요!!~~~~  
20170704,10,여운이 오래갈 것 같습니다. 다시 한번 더 볼 예정!  
20170704,10,너무좋은영화. 삶에 대해 다시 생각해 볼 수 있는 영화..  
20170704,10,이런게 인생영화지.. 놓칠 장면이 하나도 없었던 영화  
20170704,10,"시사회를 통해 먼저 보게 됐는데, 삶에 대해 다시 한번 생각해볼 수 있었던 영화라 정말 좋았습니다. 배우들의 연기 또한 돋보였던 영화! 추천해요!!  "
20170704,10,"앞으로 어떻게살지, 어떤 모습이 내 진짜 모습인지 생각하게하는 영화.시사회로 관람했지만 정식개봉후에 한번 더 보고싶다!  "
20170704,10,재밌게 봤어요정말 재미있게 봣습니다. 따뜻하네요  
20170704,10,의미있는 꼭 볼 영화로 추천드립니다!시간이 아깝지않아요  
20170704,9,당신의 진정한 삶을 살게 해줄 영화!!  
20170704,8,좋은날을 보내기보단 의미있는 날을 보내자.잔잔한 감동  
20170704,10,10분간의 까칠함과 90분간의 귀여움. 끝까지 유쾌함을 잃지않은 영화  
20170704,10,꼭 다시보고 싶은 영화에요!  
20170704,10,"오랜만에 딱 보고싶었던 영화를 보게됐네요! 음악부터 배우, 내용까지 perfect!  "
20170704,10,잔잔한 감동이 있는 영화.모든 캐릭터가 배우들에게 잘 어울렸고 자신의 인생을 찾아가는 데 굉장히 감동받았다.  
20170704,9,꿈에 대한 이야기삶에 대한 이야기  
20170704,9,많은 생각을 하게만드는 영화!  
20170704,9,감동적입니다. 걸크러시 할머니! 멋지게 살고싶어지는 영화네요!  
20170704,9,잔잔한 감동이 ...  좋았습니다ㅎㅎ  
20170704,9,삶의 의미를 다시 생각해볼 수 있었다:)  
20170704,9,처음엔 아무 생각없이 봤는데 많은 생각을 하게 만드는 영화였다.  
20170704,10,시사회 보고 왔는데 여운이 많이 남는 감동적인 영화였어요!!  
20170704,9,생애 마지막에 만난 최고의 친구들  
20170704,10,두 배우 케미도좋고 진짜감동적이예요! 강추합니다~  
20170701,10,영프에서봣는데잼써보여요ㅎㅎ  
20170628,10,유쾌하고 편안하게 볼 수 있었던 영화! 시종일관 웃기면서도 편안하게 볼 수 있다 공감가면서도 찡한 여운까지 ㅠㅠ 최고의 멘토를 만났던 아만다와 어린 아이가 어떻게 살아갈지 궁금해지기도! 강추강추  
20170628,10,위로와 교훈을 주는~ 다시 또 보려구요!대사 하나 하나가 정말 감동입니다  
20170627,8,잔잔한 음악이 우선 너무 좋았고 중간에 펑키한 록뮤직은 물론 연출도 괜찮았다. 배우들의 연기력도 뛰어났고 중간이 조금 잔잔해 지루할 뻔 했지만 가족들이 볼만한 좋은 영화라 추천한다.  
20170627,10,완전 감동적이고 한번쯤은 꼭 봐야할 영화에요!!강추!!!  
20170627,10,대사 하나하나 인상깊었고 보는내내 즐거웠다  
20170627,10,감동적인 영화에요. 또 엄마랑 보러가고싶네용.  
20170627,10,나를 돌아보게한다. 여성의 삶을 떠올리게한다.  
20170627,10,정말 감동적이고 재밌게 잘봤습니다하루하루 의미있베 보내야겠다고 생각이들었습니다  
20170627,10,너무재밌었어요~책나오면 읽고싶네요!  
20170627,10,유익한 영화이고 감동받았습니다꼭 남자친구랑 같이보세요~  
20170627,7,도입부가 조금 별로 였지만 감동을 주는 영화~  
20170627,10,감동적이고 재미있어요!  
20170627,10,자존감 회복에 좋은영화에요  
20170621,10,23에 실패와 좌절을 겪은 저를 위로해주는 영화입니다.  
20170621,10,"이 영화는 셜리 맥클레인이 적격이었다! 미소짓게 만드는 웃음이 있고, 삶의 방향을 제시해주는듯한 교훈과 감동도 있다. 음악도 너무 좋았고~ 요즘 쏟아져나오는 영웅물보다 이런 영화가 좋다. ""즐거운 날보다는 의미있는 날을 보내라""  "
20170621,10,셜리 멕클레인과 아만다 사이프리드의 유쾌한 케미와잔잔한 여운을 남긴 영화. 인생을 되돌아보게 되네요. 좋은영화 감사합니다.  
20170620,10,현재 미래나 진로를 걱정하는 분들이 보기에 적합한 사이다같은 영화!  
20170620,10,정말 이거 정말 재밌습니다 최고였어요 감사한다  
20170620,8,정말 재밌어요 꼭 추천드로요  
20170620,7,기대없이 봤는데 생각보다 재밌고 감동적이었다다시 보고싶은 영화  
20170620,10,해리엇 롤러 DJz되다 웃기고 재미있어요  
20170620,10,재밌어요^^ㅎㅎㅎ감동족이예영  
20170620,10,잘봤습니다 재미있네요  
20170620,10,사망기사를 만드려고 맘먹기전의 그녀의 삶은 황폐했다.차츰 그동안못했던 것도 해보며 기쁨을 알아가는동안 새롭게 가족을 만들어간다.비록 사망기사가 완성되면서 모든이에게 용기를 준다.  
20170620,9,배우들의 열연에 감동을 받는영화  
20170620,9,마지막에 너무 슬프지만 의미 있는 영화에요  
20170620,10,아만다사이프리드 굿귯  
20170620,10,분위기가 좋앗어요!!  
20170620,9,느낀점이 많은 영화였습니다!!  
20170620,10,너무 좋아요. 정말 재밌었어요  
20170620,10,감동적인 최고의 영화 슬프다  
20170620,10,재미있었어요! 잔잔한 영화 ㅎ  
20170620,10,누가 이렇게 확신에 찬 삶을 살 수 있을까  
20170620,9,"You lead, they will follow.  "
20170620,10,"젊든, 늙든 누구나 한번쯤은 봐도 괜찮을 영화  "
20170620,10,잔잔한 감동과 재미가 있어요~^^  
20170620,8,노년의 명배우 셜리 맥클레인이 보여주는 인생을 의미있고 아름답게 마무리하는 법~!  
20170620,10,감동적이고 잘봤어요~!  
20170620,9,잔잔한 감동과 힐링의 무비. 강추드려요!!  
20170619,9,저도 비행기에서 봤는데 너무 좋았어요. 살아온 날들과 살아갈 날들을 되돌아보게 하는 영화네요. 영화 스크립트 갖고싶어요 ㅠ 그 와중에 아만다는 안꾸며도 왜케 이쁨???  
20170609,9,비행기에서 봤는데 잔잔한 감동이 있네요.  
20170605,10,정말~기대되요 아만다  
20160221,10,아만다..♥ 기대되요ㅎ  
20151215,10,믿고보는 아만다 여신님!!  
20151207,1,가나다라마바사아자차  
20151011,10,재밌을듯합니다ㅎㅎ 기대  
20170620,8,노년의 명배우 셜리 맥클레인이 보여주는 인생을 의미있고 아름답게 마무리하는 법~!  
20170620,10,감동적이고 잘봤어요~!  
20170620,9,잔잔한 감동과 힐링의 무비. 강추드려요!!  
20170619,9,저도 비행기에서 봤는데 너무 좋았어요. 살아온 날들과 살아갈 날들을 되돌아보게 하는 영화네요. 영화 스크립트 갖고싶어요 ㅠ 그 와중에 아만다는 안꾸며도 왜케 이쁨???  
20170609,9,비행기에서 봤는데 잔잔한 감동이 있네요.  
20170605,10,정말~기대되요 아만다  
20160221,10,아만다..♥ 기대되요ㅎ  
20151215,10,믿고보는 아만다 여신님!!  
20151207,1,가나다라마바사아자차  
20151011,10,재밌을듯합니다ㅎㅎ 기대  
