0,1,2
20171031,6,손오공 인상이 불만 많아보이네  
20171030,1,평점알바가 득실거리는군...2015년 작품을 이제서야 개봉하다니...  
20171030,1,여전히.. 원숭이 나오는 밀어붙이려고 하는군 답이 없다. 이걸 극장에 걸기위해 고군분투한 배급사에 박수를 보낸다 짝짝짝  
20171028,10,기대없이 봤는데... 재미있게 잘봤어요.. 그래픽이 실사느낌 최고입니다.  
20171026,10,이야~~~  이게 중국 애니라고요? 대박입니다!!! 진~~~짜 잘 만들어졌어요. 다만 6세이하 어린이들은 조금 무섭다 생각할 있는 장면도 좀 있네요~ 그럼에도 불구하고 추천!!!  
20171025,9,개봉작 기대됩니다아아들이 설레야합니다~  
20171025,9,우리 아들이 동화책에서 읽었던 내용이라 보고싶어해서 봤는데 너무 재미있었어요.아들도 내용 아는척하고 너무 즐거워요.  
20171025,10,예고편부터 넘 재밌어보여용.아이와 꼭 보고 싶은 애니메이션입니다!  
20171025,10,아이도 저도기대됩니당^-^  
20171025,8,예고편 잠깐 봤는데  생각했던 이상으로 재미있을듯합니다. 8점 이상으로 기대해봅니다^^  
20171025,10,넘넘재미있을듯..기대만땅  
20171025,8,아들이 넘 기대하더 작품이예요~~~  
20171025,10,어이렁 너무나 재미있게 봤어요  
20171025,8,기대만땅 넝 잼날거같아오ㅡ  
20171025,10,정말 기대되는 영화요좋앙?ㅡ좋아요  
20171025,10,몽키킹의 부활!!기대됩니다!! ^^  
20171025,10,흥행하세요  ㅋㅋㅋ 화이팅  
20171025,10,아이들이 너무 재밌어하네요~~흥미진진 좋아요!!!  
20171025,10,잘볼게요^^기대기대~~아이넘신나요  
20171025,10,아이들이 좋아해요~~  
20171025,10,아이들이 예고편 보고 너무 재미있어합니다. 돼지아저씨가 잘못 변신하는 모습 정말 좋아합니다. 기대되어요  
20171025,10,재미있을것 같아요~^^  
20171025,10,좋아요좋아요좋아요좋아요  
20171025,10,너무 재밌게 잘 봤어요  강추입니다  
20171025,10,남자아이들이 좋아할만한 영화!  강추  
20171025,10,몽키킹의 부활 기대됩니다  
20171025,10,예고봤는데 넘 재밌어보여요^^  
20171025,10,너무 기다리던 신서유기 !궁금해요흥미진진한 이야기 기대할게요  
20171025,10,재미있어용^^강추에요^^  
20171025,10,예고편보고 온가족 다같이 시사회왔네요 기대됩니다  
20171025,8,재미있을것  같라요기대작입니다~~  
20171025,10,아이들이 무척 기다렸어요~기대됩니다^^  
20171025,10,굿굿 재밌음   온가족 주말 나들이로 한편보기좋음  
20171025,10,아이들이 너무너무 좋아할 영화네요. 기대됩니다~^^  
20171025,9,많이기대됩니다~아이랑 잘볼께요~  
20171025,10,아이가 좋아하는 손오공이 나온다니 귀엽고 멋진 캐릭티와 흥미진진한 스토리가 기대됩니다~~  
20171025,10,원숭이 좋아하는데 애들이 좋아할거 같아요 ^^  
20171025,10,너무 재미있어요^^ 응원합니다  
20171025,10,아이들좋아하는 오공이 몽키킹?너무기대되요? 끅 보러갑니다  
20171025,10,아이들이 너무 좋아하네요  
20171025,10,엄청 신나고 즐거워요! 아이가 좋아합니다  
20171025,10,기대되요~광고보니잼있을것 같아요  
20171025,10,평이 좋아서 기대됩니다..  
20171025,10,아이들이 기대했던 애니메이션이라 정말 기대하고 있어요.저두 어렸을때 좋아했던 캐릭터라 기대기대~^^  
20171025,10,예고편 보자마자 낄낄 웃으며 재미있다는 아이 ㅎㅎ어른들과 같이 봐도 재미있을거 같아 기대되네요  
20171025,10,아이들이 좋아할 것 같아요  
20171025,10,아이들과 재미나게 볼게요~^^  
20171025,8,아이들과 잼있게 보고싶어요~^^  
20171025,9,손오공 기대가 된니다애니매어션 예고편 보니 더 기대가 되요  
20171025,10,기대됩니다.아들이 좋아하면 좋겠어요~~  
20171025,10,너무 기대되는 영화에요~~ 아들이 예고편보더니 꼭보고싶다고하네요~~^^  
20171025,10,아이들이 흥미있어해서 매우 기대됩니다. 스토리도 탄탄하고 캐릭터도 귀여워서 좋아하네요  
20171025,10,아이와 함께보기 재미있을것 같아요~ 포스터에 캐릭터를 보고 아이가 기대하고있어요.  
20171025,10,아이와 즐거운 영회데이트 했네요^^  
20171025,10,넘 재밌을것같아요..신나요  
20171025,10,아들램이 손오공을 좋아해서 좋아할꺼같아요  
20171024,8,신서유기라니목소리가 넘 매력적이고어른도 익숙함에 더 호감가는 애니고아이들도 흥미있게 볼 수 있는 애니네요ㅡ중국애니라구요? 대박ㅡ얼른보고싶어요  
20171024,7,완전 기대되는영화에요 아이가 보고싶어하네요 생일날 아이에게 보여주고ㅈ싶어요  
20171023,9,너무 기대되요^^ 아이들이보기에 캐릭터나 내용이 무섭지않았으면 좋겠네요^^  
20171023,1,여기 중국인들만 댓글담?  
20171023,10,와.. 내가 본 애니중에 진짜 탑오브 탑인데 드뎌 국내개봉하네;; 애들은 물론 성인들이 봐도 손색이 없는 영화임  
20171019,10,"퀄리티가 정말 너무 좋으네요~ 기대됩니다. 아이들도 좋아할 거 같고, 저도 너무 기대되는 ㅎㅎ  "
20170925,10,이게 중국 애니라고???말이 돼???  
20170921,8,일본 애니메이션 냄새도 나고... 기술 합작했나? 중국이 세계 곳곳 선진 기업에서 기술 훔치거나 가져가더니 많이 발전은 했네..  
20170902,8,움직임이 매끄러운건아니지만 부족된부분을 매우는여러가지가있었다 한국이 좀더 분발하자  
20170313,10,보는동안 우와~~~하면서 봤습니다.앵글 움직이이 너무 빨라서 조금 아쉬웠지만정말 멋진수작이라고 봅니다!!2편 기대되는~  
20170312,9,역대급 중국 애니. 20여년전 서극의 천녀유혼을 보며 신선한 가능성을 엿보았던 중국 애니가 이렇게까지 성장했구나 하는 걸 느낌 작품이었음. 언젠가 유튜브에서 OO연의(?) 파일럿을 보면서 감탄했었는데 이제 최소한 애니만큼은 우리나라보다 한 수 윈듯..  
20170202,1,국내 정식개봉하지도 않은 영화를 불법 다운로드로 감상하고 감상평 남기고 있는 수준들이라니..  
20161127,9,디테일은 부족하지만 내가 애니메이션 정말 좋아하는데 이렇게 부드러운 액션씬은 처음본다 도대체 몇 프레임으로 찍은건지감동과 재미 둘다 잡은 정말 보기드믄 중국산  
20161119,10,서유기 좋아하는 분들은 더 재미있게 보셨을듯... ㅋㅋ 전 별로 안 좋아해도 재미있게 봤지만요 ㅎ 재천대성 캐릭터가 멋지게 잘 나온 것 같아요  
20161023,10,주성치의 서유기 이후 감동... 아주 훌륭한 영화....굿~!!  
20160804,10,정말 최고 이 말밖에는 할 말이 없는 대작이네요  
20160802,10,완전완전대박작품 너무잘만든작품  
20160728,10,정말 재밌게봤어요. 다음편 나오면 바로 볼꺼에요.  
20160717,10,"crow****옵션 열기알려지지 않아서 못 본 분들최고의 애니메이션 영화. 겨울왕국,드레곤 길들이기,그외에 다수작은 그 나름대로 최고, 몽키킹은 몽키 나름대로 최고라고 해도 본인은 감탄을 마지 못 하겠다. 이런 수작 중에 수작  "
20160707,10,<최고중의최고>더라구...믿기지가 않을 정도로...  
20160517,10,서유기를 보고 울게 될줄이야...  
20160509,10,손오공이란 캐릭터 자체가 워낙 강하고 웃기고 매력적이라 영화로도 애니메이션으로도 많이 나오네요 이3d 애니메이션도 정말 수작입니다 꼭보세요 정말 멋짐  
20160427,10,진짜 변할때 개소름 ㄷㄷ  
20160424,10,웅장하고 화려한 영상미...아슬아슬한 액션과 소소한 감성의 디테일함까지  외국기술을 도입해서 했겠지만 이것이 진정 중국 애니메이션이라니 놀라울따름이다.  
20160423,9,중국 애니의 화려한 발전...상상초월이다..2D로 봤지만 3D로 보면 훨씬 재미날듯 합니다.  
20160422,10,몽키킹 검색하다가 여기까지 왔는데 진짜 대작입니다.  여운도 남고요. 스토리는 별다를 것 없다지만 애니메이션으로는 진짜 대작!작화도 아름답고 중국에서 만든 것 같지 않아요.  
20160420,7,"스토리는 사실 식상하고 후졌습니다.  다만, 캐릭터가 창의적이며, 애니메이션 기법 또한 가능성을 보여주고 있습니다. 특히 마지막 클라이막스가 압권입니다.  "
20160418,7,진부한 내용을 액션씬으로 만회  
20160416,10,"와 진심 재밋다 도입부터 엔딩까지 영상,음향,스토리 뭐하나 빠지는거없고 킬링타임으로봣다가 감동하고가네요 몽키킹2보다 훨씬 재밋어요  "
20160411,9,기술주기네 지다멋멋굿  
20160404,10,재미굿입니다 킬링타임용으로봤다가 대박 애니 ㄷㄷ  
20160330,9,나는 그냥 포스터 보고 허접한 애니겠지 하고 킬링타임용으로 봤는데 우리 나라 애니보다 더 잘 만든 애니였다. 스피디한 액션신도 맘에 들었다.여기까지 애니 발전되는걸 보면 감탄스럽다.  
20160325,6,중국 애니메이션의 놀라운 가능성. 뒤쫓긴 쉽고 앞서긴 어렵다. 서유기라는 정착된 캐릭터가 있기에 쉬운 전개가 가능했지만.  
20160309,5,캐릭터 디자인이나 그래픽은 놀라울 수준. 그러나 역시 스토리나 연출 등등은 실망스러움.  처음엔 좋으나 마지막으로 갈수록 힘이 점점 빠지는 느낌  
20160227,10,정말 잘 만들었다 보는내내 놀랐다 그리고 마지막 감동까지 ~  
20160223,10,진짜 잘 만들었다. 영화보다 낫다. 영화가 끝나도 그 주인공들이 계속 보고싶다고 느껴진다.  
20160214,10,와;; 진짜잘만들었음 전투씬 진짜 개쩜 ㄷㄷ 진짜 실감나고 스토리는 전형적인 손오공스토린데 ㄷㄷㄷㄷ진짜 싸울때 엄청남 진짜잘만듬;;;  
20160206,8,갠적으로 선정적이고 자극적인 일본애니 보다 더 좋음. 동양철학과 가치관이 잘 드러나기도 하구요..우리도 우리만의 뭔가가 나왔으면 하는 바램..  
20160130,10,놀랍습니다. 안 본 사람은 말을 하지 마시죠. 최고의 작품!  
20160124,5,산만하고 조잡하다. 뻔한 웃음코드가 연출과 스토리의 허구를 덮어준다.  
20160124,9,컨텐츠는 이미 검증된 고전명작. 헐리우드 수준의 그래픽과 액션 연출. 중국의 잠재력에 또 한번 놀란다. 흉내내기라도 이정도면 수준급.  
20160123,8,섬세하진 않지만 웅대하다.  
20160123,10,꿀잼 2탄 꼭 만들어주세요 중국애니 우와 놀랍네요 진짜 재밌어요  
20160119,8,엔딩이 좀 아쉽..그래도 나름 볼만..  
20160117,9,"주성치를 보는듯한 코믹액션 감동 드라마ㅎ  그리고, 삽입곡부터 엔딩 음악이 상당히 수준급이다.  "
20160113,8,중국애니가 이정도 일줄이야! 잼있네요 대성 귀에 맴도네요  
20160110,8,재미있게 잘 봤네요..  
20160108,5,"이래저래 많이도 가져다 썼네. 끝까지 보기 힘들었다. 그래픽은 너무 좋고 공간연출, 액션 등도 나름의 스타일을 가지고 잘만들었더라. 아동용이라면 정말 잘만든 것. 단순하게 보면 우아우아 하면서 신나게 볼만한 애니.  "
20160108,10,잘봣습니다 ㅎㅎ 중국 애니 도 볼만하네요 ㅎㅎ 후속작이 벌써 기다려집니다 ㅎㅎ  
20160104,10,정말 명작입니다.. 다음편이 기대됩니다  
20160104,9,와 디테일 장난 아닙니다. 80~90년대 일본 극장 애니 보고 느꼈던 충격을 21세기에 다시 한번 느껴봅니다. 중국 무섭네요. 이런걸 뽑아내네요.  
20160104,10,조만간 일본 애니를 능가하겠다 멋진 영화다...  
20160103,8,서유기는 애니메이션으로 만들어야 제맛이 나는듯  
20160101,5,"옷이 날개~! 마지막에 갑옷입고 머리에 깃털달고나니 갑자기 대형 구더기가 별거 아닌 것 처럼 보임. 그리고 정말 우습게 승리~ 그래픽도 멋지고, 나름 감동도 있는데 내용 전개가 좀 지리했다.  "
20151230,8,볼만한 애니메이션임.  
20151222,1,9점대라니 .... ㅋㅋ 어린이용 영화라면 애기들 보여주기엔 좋을듯 연출이 성인이 보기엔 참기 힘들다  
20151220,10,10점 도 적다..진심...  
20151219,6,고전적인 서유기를 좋아하는 나로서는 초사이어인 손오공은 그닥. 내용도 복붙이라  재미는 없다만 귀여운 케릭터들의 코믹한 행동들과 화려한 액션이 그나마 볼만하게 만들어준다.  
20151219,5,섬세한 그래픽 묘사는 떨어진다. 세부적으로는 웃음유발연출이나 각각씬의 연결방법 등 크게봐도 미국애니랑 너무 흡사하다. 그래도 볼만하다.  
20151218,4,짱개들이 전적으로 만든건 아니긋지. 기술력이 상당하노. 한국 애니는 그냥 하청만 줄창 ㅋ  
20151217,10,사실 기대안하고 킬링용이라고 생각하다가 보았지만30대 인 나에겐 웃음을 주며 나름 기술력에 감탄하였습니다 내용도 잼있고 끝부분이 아쉽게끝났습니다 ㅠ  
20151217,10,그래픽 수준과 중국만이 연출할수있는 사운드와 스토리.최고였음  
20151216,10,이게 진짜 제천대성이지  
20151216,10,"제작원가는 128억원이었으나(헐리우드의 애니메이션 영화 제작원가는 1000억원 이상), 1,800억원이나 흥행실적을 올리게 되었다.중국 애니메이션 영화 흥행 1등.영화관에서 3D/IMAX로 진짜 상당해 .  "
20151216,10,대박 원숭이가 멋있다고 생각해본건 초사이어인 이후 처음이네 중국 무시하는글들이많은데 한심할뿐 ㅋ  
20151215,8,어느 애니건 아이가 나오면 반은 먹고들어가는건가...귀엽다 중국애니메이션계의 엄청난 발전이 보이고...우리나라애니계를 생각하면 막 슬퍼지고..그럼. 영화 자체는 딱히 흠잡을거없이  평균재미남. 근데 사오정이 설마 악역인거??  
20151215,9,충격적 애니네요 중국의 애니라니 애니보고 눈물흘렷어요 장유야 죽은것같은 장면에서 재미 감동 다잡은 진짜 수작이네요 심지어 OST마저 좋습니다 엔딩크래딧 노래 진짜 좋아요 큰일이네요 우리나라 걱정됩니다 블랙넛인가 애니만든 회사 중국에 팔렸든데  
20151215,10,"진짜 재밌습니다. 영상이나 음악 연출등등 정말 완성도가 높은 작품입니다. 보는 내내 시간가는줄 몰랐고, 후속작도 나오길 바랍니다. 정말 소름돋게 재밌습니다.  "
20151215,8,중국애니영화인데 평점이 좋아서 엿먹이려그러나 싶어서 댓글 꼼꼼히 읽어보고 영화봤는데 꽤 괜찮은 작품이네요...감동도 있고 화려한 영상미도 있고 엔딩곡도 좋고...충분히 추천할만한 애니였습니다.  
20151213,10,거두절미하고 존나 재밌다 ~ 쿵푸팬더하곤 차원이 다른 애니다  
20151213,10,"음악이며 영상이며 성우며 액션의 표현이며, 무엇하나 손색이 없다. 보는내내 즐겁고 감동적이었다. 2년도 어서 나왔으면 좋겠다. 이런 애니가 10점 받아야 될 애니다.  "
20151213,9,"보는내내 감탄과 부러움, 대한민국은 능력을 가지고도 못만드는구나 ㅠㅅㅠ  "
20151212,10,기대전혀없이 봤다가 입벌어졌다 진짜.. 초반부터 영상미가 돋보인다. 막판 액션은 진짜 멋지더라....와.. 중국이 진짜 곧 아시아 일인자가 되겠구나싶었다. 사회문화 여러측면에서 정말 놀라고있는 중  
20151211,10,더 이상 중국은 모방의 국가가 아니다!  보는 내내  감탄의 연속.. 성우의 연기도 일품인 뛰어난 작품  
20151211,10,대셩!! 작품 자체의 퀄리티도 뛰어나고 무엇보다 어릴적 서유기를 읽고 자란사람으로서 퇴색되지 않은 영웅을 다시금 빛나게 보여준다는것에 감동했다. 무엇보다 그림체의 생동감과 목소리 연기 또한 뛰어났던 것 같다. 강추! 대셩!!  
20151211,10,훌륭하다 픽사의 애니와 또 다른 맛을 낸다  제천대성의 진면목을 알고 싶거든 꼭 봐라...!!  
20151210,9,"내 나이 40. 이거 왤케 재밌지? 드래곤볼보다 더 잘만든듯.. 그래픽, 스토리 모두 잘 만들었다. 서유기 원작이 읽어보고 싶어졌다.  "
20151210,4,"중국 애니의 훌륭한  성장에 대해 언급할 순 있어도, 애니의 감성과 스토리 라인은 당당 멀었네요. 개그 코드 저렴하기 이를데 없고, 개연성 없어 봐주기 힘겹습니다. 극을 끌어갈 만한 요소가 액션 딱 하나 있네요. '따성' 목소리 하난 귀엽군요.  "
20151210,9,진짜 잼남 후회 절대 안할거 중국 애니인데 무슨 퀄리티가 미침 걔다가 스토리도 잼나고 암튼 진짜 추천해요!  
20151210,10,말이 필요없다...최고의 애니다..  
20151210,10,"개연성 부족한건 아무리봐도 한정된 시간안에 모든걸 풀어야 하다보니 부분적으로 끊긴 부분이 있는 듯 하고 그거야 넘어가도 될문제, 포스터만 보고 재미없겠다 싶었는데 막상보니 시간 가는 줄 모르고 봤고 클라이막스 진짜.. 와... 정말....감탄만 나옴  "
20151209,10,캬 명작입니다..정말 흠잡을때 없이 잘만듬..  
20151209,10,와 전투 퀄리티 개 오짐 ㅡㅡ 인정  
20151208,10,와 정말 잘 만들었네요 ㄷ ㄷ  
20151208,10,킬링타임 하려다가 너무 감동받으면서 마지막엔 눈물도 조금 나왔네요.. ost도 너무 좋고 한국에서 개봉한다면 많이 흥행할거 같네요. 중국애니메이션 다시 봤어요:)  
20151208,10,그래픽은 말할 필요도 없고 스토리라인또한 완벽하다.자본 = 블록버스터 라는 공식을 그대로 보여주는 애니이며한편으론 국내 애니메이션 시장의 약점과 앞으로의 과제를생각하게 해주는  많은  생각과 여운을 남기는 애니메이션.엔딩은 속편을 기대하게 한다  
20151208,10,최고다. 현란하지만 과하지 않은 비주얼과 관객의 감정을 쥐락펴락하는 스토리와 연출까지... 중국애니가 한 차원 진화하고 있다.  
20151207,7,익숙한 느낌과 신선한 느낌의 조화  
20151207,10,정말 예술인것 같습니다. 그리고 손오공이 먼지속에서 등장할때 가슴이 찡했어요(눈물날뻔) 주성치님의 서유기 손오공 등장 음악에 향수가 밀려와서~  
20151207,9,중국의 기적. 꼬맹이가 성장해서 서유기 만들면 좋겠다. 발암상장이 아니라 요괴때려잡는 삼장으로 성장할 듯.  
20151207,8,"퀄리티 상당하네요. 액션 센스도 대단하고. 왠만한 미국,일본 애니메이션은 명함도 못내밀 수준의 작품. 대단하네요...대륙의 힘  "
20151207,10,어설픈 실사보다 잘 만든 애니메이션이 낫다  
20151207,10,오랜만에 영화보고 평점주네요. 기대 안하고 봐서 그런지  어색한 장면도 있지만  몰입해서 재밌게 봤네요. 근래 본 영화중 최고..극장에서 개봉한다면 다시 한번 보고 싶을 정도로 잘 만들었네요. 마지막 장면은 찡하네요.속편 빨리 나오길..  
20151207,1,와~ 네티즌 평점 알겄다 와~  한번도 영화도 안본것들이 평점 주는구나 와~ 와~ 다시는 평점같은거 안본다 와~ ~와   최악!!  
20151207,10,정말 좋은 작품입니다. 다들 스토리 스토리 하는데 헐리우드 영화들도 그냥 화려한 액션만 난무하고 스토리가 엉성한것도 많지만 흥행작 많음 정말 잘 만든 작품이라고 생각함 아쉬운건 마지막 급 엔딩...어 하고 당황. 그만큼 집중해서 봤네요  
20151207,10,딱 한편의 애니 하나로....전세계 시장에 중국애니의 가망성을...아니 일본과 미국을 위협할 만한 실력을 보여줬네요. 중국을 좋아하진 않았지만 응원할 생각입니다. 드래곤볼 비교도 안돼게 잼나네요  
20151207,10,무슨 14년전 CG니 디워에 비교하는 사람들은 애니메이션을 다큐정도로 생각하고 보는 듯 하네. 애니메이션에서 그 나라 특유의 느낌과 문화가 나타나는 완성도 높은 작품이 몇 없는데 그 중에 하나라고 생각한다. 애니 덕후도 아닌데 시간가는 줄 모르고 봄  
20151207,9,재밌다...보다가 말려했는데 ...끝까지 보게됐다..잼있스다..  
20151207,7,"극장에서 봤는데... 중국이 애니메이션 그래픽 쪽으로도 이젠 많이 성장 했다는걸 느꼈고, 굉장히 화려한 볼거리와 어른, 아이들할거 없이 볼 수 있는 코믹한 요소들도 많았다. 다만 아직까지 스토리 구성이나, 짜임새등은 미흡했던 것 같다.  "
20151207,9,"몽키킹 영웅의 귀환, 중국 애니메이션을 기대하게 만드는 역할을 한 것 같습니다. '중국이 만드는 것'에 대한 새로운 인식을 가지게 하는 또 하나의 시작인 것 같아요.  "
20151207,10,2편 빨리나왔으면 좋겠다 대성!!!  
20151207,8,세심한 부분까지 신경 쓴 흔적을 각각의 인물과 배경에서 스며 나오는 중국 고유의 특색을 통해서 어렵지 않게 찾아볼 수 있는 잘 만든 애니메이션.  
20151207,10,2탄언제나오노 5555  
20151207,8,그래픽이 좀 많이 부족하지만...나름재미있어요~ 주인공이 귀엽 ㅋㅋ 스토리를 풀어나가는 개연성이좀 부족하지만..이정도면 우리나라애니메이션 보다야 한수위라고 생각드네요....영화 드래곤네스트급 그래픽이었으면 좋았을듯..  
20151206,10,진짜 퀄리티오진다.. 오랜만에 너무 재밌는 애니봤네  
20151206,10,음악.스토리.일러스트 모두다 10점 만점에 10점!! 강추합니다!대성~!  
20151206,10,잘만들엇다.... 정말로 재밌게 한편 보았네요 ^^  
20151206,10,중국은 이제 애니메이션도 강국임을 입증한 수작~ 속편도 기대할께요~^^  
20151206,10,놀라운 애니메이션~~~  
20151206,3,그래픽은 수준급이지만 연출은 꽝. 내용 전개에 개연성이 약하고 연출간 이어짐도 약해서 화려하지만 긴장감은 제로  
20151206,9,긴장감 몰입감 좋고 그래픽도 우수하고 잘만든 애니한편 봤네요.  
20151206,7,솔직히 작화는 퀄리티는 이게 진짜 중국이라고? 의문이 들정도 였지만 스토리는 진짜 기대이하였다 나는 손오공의 팔찌(?)가 빨리 풀어졌으면 좋겟다고 생각하였는데 진짜 마지막부분에서 풀린것이 너무아쉽고 주요 활동무대도 제한적이엇다  
20151206,10,진짜 말로 설명안됬다 진짜로 재밋다  
20151206,10,2편이 빨리나왔으면 좋겠어요~ 재밌네요  
20151206,10, 전투씬이 웃음끼 쫙빼고 장난아니네요 극장판 드래곤볼보다 더 박진감있음.  중국애니 장난아님  
20151206,9,중국 애니메이션이지만 디즈니의 작품을 보는 것 같았습니다. 훌륭해요^^  
20151206,10,"대륙의 실수!!!! 이건 뭐 말도 안되는 스토리, 그리고 CG 애니. 대박!!  "
20151206,10,"와 정말 잘만들었네요. 이야기, 액션, 전개 흠 잡을게 없습니다. 음악도 너무 잘 어울리고.  그래픽 기술만 조금 더 보완하면 헐리웃에서도 충분히 먹힐거 같아요.  "
20151206,9,처음엔 영화인줄 알고 봤는데 애니길래 기대 안하고 봤습니다.우와 근데 정말 기대 이상이었네요 중국 CG기술이 정말 많이 올라왔네여 이것도 시리즈 같은데 빨리 후속이 나왔으면 좋겠네여  
20151206,10,"진심 올해들어서본 애니메이션중에서 으뜸 1위이다.중국애니가 이렇게 발전하다니 감탄하고 또 감탄이다. 단순히CG가 좋은건 두말없고, 스토리,액션,연출,감동 모두 조화롭다.서유기 팬이라면 꼭 보시길~!!  "
20151206,9,"디게 잼있음.ㅋ 디즈니, 픽사 에서 만든것같은 느낌이 들 정도임. 근데 마지막에 너무 급 결말이 나오는듯. 후에 어떻게 됐는지 진짜 궁금하게 끝나네. 근데 원숭이가 멋있어보이긴 첨이다 ㅋㅋㅋ  "
20151206,8,작년에 봤던 영화 후속인줄알았는데 애니매이션이네요 ㅜㅜ  
20151206,10,동자승의 순수함에...나도 어렸을때 순수 했던적이 있었나 라고 생각하게 되네요...역시...아이는 어른이 키우고 어른은 아이에게 배운다는말이 딱 맞는 내용 같아요 ^ㅡ^  
20151206,10,우리나라 CG업체가 많이 참여하였습니다.  
20151205,10,붉은망토 손오공...개간지 좔좔  
20151205,10,와 나이31살 먹구 애니 보고 가슴 뭉클한건 처음임 서유기 관심이 많아서 다 챙겨 보는편인데 이번거 그냥 애니라 별 기대 안하고 봣는데 진짜 ㄱ ㅐ 잘만들었음 진짜 대박임 꼭 봐야함 개 강추  
20151205,9,별생각없이 고른 애니메이션.  중국 애니메이션 발전속도에 입이 쩍 벌어짐  
20151205,9,오프닝에서 손오공과 천군들이 싸우는 장면에서의 아트웍은 정말 입이 쩍 벌어집니다....진짜 대단한 애니메이션  
20151205,10,솔직히 충격이다.  중국 애니메이션이 이 정도 일 줄이야.  픽사보다 더 디테일하고 일본애니보다 훨씬 액션감이 좋네.  음악도 너무 좋다.  놀라운 작품이다.  
20151205,10,"이제 껏 본 애니메이션 중 최고. 마지막 액션,  감동 최고네요.  "
20151205,10,cg도 ost도 굿굿다만 한국 개봉 안돼서 다운 받아봤는데 120분이 아니라 80분이던데..  
20151205,10,이런 영화 10점 주라고 별점이 있는 것. 후속편이 하루속히 제작되기를 바랍니다.  
20151205,10,마지막이아쉽다손오공츤데레손오공육아일기같은?ㅋㅋㅋ  
20151205,10,역대 제천대성 중에 츤데레 캡틴  
20151205,6,"어짜피 애니 기술인력이야 뭐 글로벌한 것이니 뭐 놀라울 것은 전혀 없고 역시 시나리오, 연출력이 떨어지는 점은 아쉽단.  "
20151205,10,정말 감동적이게 잘 봄 성우들이 연기를 너무 잘함 퀄리티는 말할 것도 없고  
20151205,10,중국 애니 많이 발전했네... 눈이 호강한다고 해야하나? 시간 가는줄 모르고 봤네요.. 약간의 감동도 있구요...  
20151205,9,made in china~ㅎ  
20151204,10,"몽키킹은 영화도,애니도 정말 최고입니다; 굿굿!! 중국 멋져요!  "
20151204,10,하 . . . 올만에 명작 나왔네요 마지막에 감동이 ㅜㅜ어른인 제가 봐도 잘 만든 영화네요 중국 많이 좋아졌넹 ~~  
20151204,10,말이필요없는 액션과 감동이있는 중국최고의 애니메이션이네요. 시간가는줄 모르게 봤습니다. 강추~~~  
20151204,10,속직히 중국 애니메이션이라고보기 힘들정도로 그래픽이나 스토리면에서 완성도가 높다... 진짜 잘만들었다  
20151204,7,"엄청난 그래픽!!! 정말 멋집니다. 허나... 구성면에서 임팩트가 아쉽네요. 악당과의 대립에 있어서 어떤 설명이나 대사 스크립도 없어서 몰입이 약하구요. 손오공이 선해지는 각성이나, 제천대성으로서의 각성도 당위성이 없어서 아쉽습니다. 코믹적인면도 잘  "
20151204,8,보다보면몇몇 디즈니에서 영가을받은장면들이있는데모방은 창조의어머니란 말이 어울리게잘따라하고 개성도첨가했다  
20151204,10,"말도 안되는  퀄리티.. 매력적인 결말.. 새로운  형태의 애니메이션을 본 거 같아요.  정말 추천,추천입니다. 가슴이  막 뛰네요,아직까지도.  그런  벅찬 기분으로  리뷰 남깁니다  ㅎㅎㅎ  "
20151204,10,아...진짜 선리기연월광보합 다음으로 진짜 재밌고 감동적이다 추천안할수가없네  
20151204,10,손오공의 위대함을 다시 느낍니다.  
20151204,10,말이 필요없다~그냥 보시길... 제천대성!!!  
20151204,7,퀄리티도좋고 집중해서 봤어여. 다만.. 주성치영화인줄 착각함  
20151204,10,이쯤되면...중국이란 나라가 무서워 지기 시작했다...한순간도 지루하지 않고 몰입한 애니는 진짜 오랜만...이제는 무시하지 못할 레벨이 된듯....  
20151203,10,정말 잘만들었다. 마지막에 사람을 울리네..ㅜ ㅜ 제천대성!!  
20151203,8,볼만하니까 끝나는건 어쩔수 없구나. 그래픽은 놀랍다.다음엔 스토리도 신경좀. 그리고 1시간 20분짜리다 멍청한 것아.  
20151203,10,드래곤네스트 보고도 감탄했었는데 몽키킹은 그 수준을 뛰어넘는 기념비적인 작품인듯 하네요 화려한 액션이 돋보이는 작품입니다  
20151203,10,"케릭터 디자인이 처음에 약간 맞지 않는다 느꼈는데, 그건 기우였다. 일본, 디즈니의 cg 기술과 비교해도 손색없다. 뭐 거의 동급의 퀄리티다. 스토리는 믿고보는 손오공. 강추한다. 꼭 봐라. 두번 봐라.  "
20151203,7,"cg는 훌륭하다. 중간중간 코믹요소가 들어가 있으나 쿵푸팬더를 많이 따라한듯한 느낌. 주성치 쿵푸허슬, 선리기연에 나온 배경음이 그대로 나옴. 나쁜놈이 누군지도 모르겠고 왜 아이들을 잡아갔는지조차 설명이 없다. 마지막 끝마무리도 어설프다.  "
20151203,10,와~~~~중국 애니메이션의 새 장을 여는 작품이라 해도 손색 없을듯...  
20151203,10,중국의 기술력이 이토록 발전했다는게 정말 놀랍기만 하네요!  
20151203,9,말안하면 중국애니인줄 모를듯 배경이나 효과에서 약간 부자연 스러운게 있긴한대 이정도면 진짜 엄청나네요..스토리도 좋구요 시간 가는줄 모르게 볼만해요..  
20151203,10,정말이게 중국에서 만든 애니인가요 ?? 지금 이영화로만 놓고 보자면 일본 저리가라네요...정말 대박이네요..우리나라는 보고좀 본받아야할거같습니다..정말 어떻게 이렇게 만들었지..와..  
20151118,8,"한국 애니는 되도 안되고, 다즈니, 픽사 수준까지 끌어 올린 작품이다.아들과 같이 보는 내내 속으로 감탄에 감탄을 했고, 입으로도 ""와~이게 중국애니란 말이야?!""란 탄성이 몇 번이나 튀어나온 애니. 중국 이제 여기까지 왔다니...놀랍기만 하다.  "
20151027,10,중국 애니메이션이 이렇게 발전됬다니 놀라울 다름입니다. 곧 여으도 중국영화제에 상영된다니 기대됩니다.퇴페적인 손오공과 천진난만한 장류얼이 만나 재밋는 여행이라 보시면 좋겠습니다.그리고 손오공 성우인 장뢰씨 목소리 너무나 매력적입니다.추천해요~  
20151025,9,정말 잘 만든 애니입니다 .케릭터 일러스트도 정말 신경쓴 흔적이 보입니다  천녀유혼 이후 정말 몆OO만에 중국애니 정말 좋은 작품 나온듯 .. 아이들도 좋아할거같아요 ..꼭 보세요  
