0,1,2
20170814,10,스토리라인이 구리다고..?? 난 2시간반동안 보면서 스토리가 지루하지않게 꽉꽉차있어서 재밌었는데 ;; 혹성탈출 좋아하시던 분들이면 100퍼 만족합니다. 2보다 훨 재밌어요 ㅎㅎㅎ 전 저번주월욜에 미리봣어요  
20170814,10,광복절에 개봉이라니 ㄷㄷ  
20170814,10,"평식이가 7점 줬다, 보러가자~  "
20170814,10,그 눈 어두운 평식이가 7점 줬다  
20170814,1,돈주고 보기 아까운 영화입니다 저번주에 북미지역 씨네플렉스에서 봤는데 굉장히 별로였습니다  
20170814,1,재미도 없고 감동도 없고...  
20170814,10,내 생일날 내가 좋아하는 영화가 개봉한다  너~~무너무 좋아  
20170814,10,"뭐래 7월에 스파이디, 덩케르크 등 다른 영화도 있어서 걍 윈윈할려고 날짜 피하는거지 꼭 군함도나 택시운전사 탓인거처럼만 말하네  "
20170814,10,개독이 평점을 내리고 있음  
20170814,10,영화 왠만해선 안보러가는데 1편을 너무 재밌게 봐서 2편도 보고 3편도 보러 갈 예정. 시저의 눈빛이 굉장히 인상적이었음  
20170814,9,밑에 택시때문에 1달 늦게 개봉했다는건 먼 개소리지? 이OO기폭스코리아 직배인데? 경쟁작 피해 일부러 지금 타이밍으로 맞춘거지 그게 한국배급사 입김이니? 뭘 알고 좀 써라 ㅉㅉ  
20170814,10,기대이상 좋았다...압도적인 시작과 마지막까지 놓치지 않는 몰입감...지옥의 묵시록도 생각나고  
20170814,8,외국에는 이미 개보애서 봤는데..SF영화치고는 주제가 좀 심각하다..인간성에 대한 질문이랄까..스토리는 긴박하고 짜임새 있는데 액션씬이 생각보다 스팩타클하지는 않다. 그냥 때려부수는 영화는 아니다. 마지막 장면이 압권...  
20170814,10,정말 기대되는 작품. 혹성탈출은 레전드 반열에 오르고 있다.  
20170814,10,"필리핀에는 이미 상영 끝나고 내려서 미리 봤는데....원숭이나오는 그런 영화겠지... 했는데... 1, 2편을 10번 보게 만들었어요  "
20170814,10,목요일날 극장에 보러갑니다 이건 돈안아깝습니다 1편 2편도 감동받고 봤습니다  
20170814,1,포스터에 넘어가지말자킬링이다 어차피  
20170814,1,평점조절용..ㅇㅇ 우끼끼 우끼끼거리는게 머가 재밌다고ㅉㅉ  
20170814,10,증말 주옥 같은 영화입니다.. 네  주옥이라구요 주옥가타요  
20170814,10,"이전 나온 1,2편 만으로도 10점 받을만하다.  "
20170814,7,제목을 까먹어버린 영화  
20170814,7,혹성탈출:제발 그만싸워  
20170814,10,아이맥스에서 두번봐야지.. 넘나기대중  
20170814,10,기대안하고 보았는데 진짜 재미잇네요  
20170814,10,스크린독점하는 한국영화 제발 다 쳐발라버리길!!!  
20170814,10,아이맥스로봐라 추천 그냥봐라 비추천  
20170814,10,믿고 봐야지 이번에도  ㅎㅎ  
20170814,10,3년 만에 또 시저 보러 갑니다  
20170814,10,믿고 보는 앤디서키스 연기  
20170813,10,"갓시저가 택시운전사, 청년경찰 조사분진다.  "
20170813,10,혹성탈출 시리즈 마지막인데 스포하면 시저 죽어요.ㅠㅠ갓시저 죽음..애도해야할지..ㅠㅠ  
20170813,10,평식이가 7점줬다고? 보러간다.  
20170813,7,왘ㅋㅋㅋ 왜곡과 뇌피셜 쩌네 ㅋㅋㅋ 혹성탈출 흥행성적 기반으로 판단해봐라 ㅋㅋㅋ 군함도 택시운전사 가 흥행에 지장을 받는다고? 같은 시기에 개봉하면 혹성탈출이 개망할까바 개봉일을 피한건데 뇌피셜 개쩌네  
20170813,10,너 개봉하길 기다린다. 15일날 꼭 볼꺼다.  
20170813,10,박평식이 7점 줬다. 보러가자  
20170813,10,한국영화가 영화관 장악해서  영화 못보는것보다 차라리 한달 늦게 나오는게 낫다고 생각하네요  
20170813,10,이동진 평론가가 극찬하다니..꼭 보러간다  
20170813,10,전 세계 박스오피스 1위다. 우리나라만 정치영화들의 스크린독점으로 국제망신을 당하지 않길 바란다!!!!  
20170813,10,혹성탈출은 택시운전사같은 삼류감성팔이 영화보다 진정한 명작이지  개봉2일남았는데 이번에도 기대합니다  
20170812,9,"-군함도, 택시운전사- 투자,배급사들 독과점 장사 이제 집어 치워주길!  이걸 이제야 개봉해?  "
20170812,10,이번에 기대가 되네요 꼭 보시길 바랍니다.. 추천드립니다  
20170812,10,미국에서 보았는데 진짜재미있다  
20170812,10,이건3편에서 끝나면 안된다ㅜ진짜 내인생 최고의 영화ㅠ  
20170812,10,조심스레 천만 예상해본다.  
20170812,10,"1,2편은 티비로 봤는데 3편은 꼭 영화관에서 보려구요. 넘 재미있고 감동도 크고 2편 보고난후 마음이 정화되는 느낌이 들었어요. 참 괜찮은 영화. 많은걸 느끼게 해주는 영화같아요. 3편 어떻게 이어질지 궁금!  "
20170812,10,이 영화  미리 봤다면서 평점 1.2점 준사람은 다 거짓말임일듯  정말 이 영화보면 그렇게 평점 못줌. 경쟁작 배우팬들의 나쁜인성  
20170812,10,와우!! 꼭 볼거야!!!^~^  
20170812,10,평식이가 7점줬으니 영화보러가자  
20170812,10,날 실망시키지말게 시저샐러드  
20170812,2,미국에서 봤습니다. 시리즈 중 가장  스토리라인이 엉성합니다. (시저 집단 - 대령 집단이 싸우다가 또 다른 인간집단이 쳐들어오고 눈사태로 마무리;;; 보는 내내 '쟤는 또 왜?'라는 생각이 많이 드는 인과관계가 어설픈 영화였어요 ㅠㅠ 아쉽습니다  
20170812,10,스토리도 영상미도 너무 좋다.  
20170811,8,시사회 다녀왔는데요~  전반적으로 볼만했네요. CG도 더 좋아진것 같아요^^  
20170811,1,시사회 다녀왔습니다. 전 2시간 30분 동안 뭘 한 거죠?  
20170811,9,고전의 프리퀄이자 시저의 일대기..위대한 삼부작의 완성  
20170811,10,시사회로 미리 봤어요!!!너무 재밌게봤어요!!!  
20170811,10,Caesar is home.  
20170811,10,3편이 가장 재밌어요 아이맥스로 보세요!  
20170811,10,재밌습니다! 꼭 보세요 ㅎㅎㅎ  
20170811,9,아이맥스에서 보시길 추천합니다!  
20170811,9,정말 재밌네요 너무나 재밌네요  
20170811,8,"혹성탈출 원작의 프롤로그 역할을 충실하게 해낸 영화라고 봅니다. 원작 꼭 보고,이전 2편 다 보시고 보면 정말 재밌을 겁니다!!! 굿  "
20170811,8,아이맥스 첨봤는데 짱이네요  
20170811,10,재밌었어요. ^^ 혹성탈출 화이팅  
20170811,10,너무너무너무 재미있어요  
20170811,7,앞편을 안보고봐도 볼만하네요  
20170811,10,너무 재미있게 봤네요!!!  
20170811,10,너무 재미있어요!!!  
20170811,8,영상미가 세밀해서 좋았다  전작에 비해 뭔가 아쉬운 감이 있어서 스토리상 아쉬움  
20170811,10,훌륭합니다 꼭 보세요 화이팅  
20170811,10,감정의 대서사시. 아주 클래식컬합니다  
20170811,8,마지막편답게 여운이 긴 혹성탈출. 대미를 장식하다  
20170811,10,3부작 이야기의 완벽한 마무리였습니다!  
20170811,10,재밌어요 다시 보고 싶어요  
20170811,10,짱재밌었습니다!! 꼭보세요!  
20170811,8,함께 강한 유인원의 시작과 끝에 시저가 있었다. 수용소 탈주 활극...  
20170811,9,유종의 미를 잘 거둔 듯 합니다. 맷 리브스는 차기 배트맨 감독으로서도 기대됩니다.  
20170811,10,아아 3부작의 마지막만큼 웅장한 대서사시  
20170811,8,재밌었어요 !! 종의 전쟁 좋아요  
20170811,10,놀랍도록 완벽한 마지막  
20170811,7,3부작의 훌륭한 마무리  
20170811,10,"1,2편은  3편을 위한 영화였다 ...  "
20170811,8,시저는 진정 위대하다감동  
20170811,9,시저의 행복을 위해 기도할게  
20170811,10,이건 꼭 보세요 ㅜ시리즈의 결정판입니다!! 아이맥스로 2번보세요!  
20170811,10,시저가 주인공 너무멋지다..  
20170811,8,근래 보기드문 선 굵은 블록버스터  
20170811,9,부성애때문에 눈물이 줄중  
20170811,10,감동적인 마무리! 프리퀄 영화와 잘 이어진거같아요  
20170811,10,완전재밌게봤숩니다 강추해요!!  
20170811,8,시저ㅜㅜㅜ 눈물남ㅜㅜㅜ  
20170811,10,진짜 말이 필요 없다..  
20170811,10,놀랍고 위대한 감동 대서사시의 완결!  
20170811,10,시저의 카리스마 정말 대단하고영화 정말 재미있네요..  
20170811,10,혹성탈출 3부작을 걸작으로 승화시킨 최고의 마무리!  
20170811,10,3부작 마무리 역시 기대대로다  
20170811,10,유인원 행성 전설의 시작  
20170811,10,Apes! Together! Strong!  
20170811,10,재밌어요~~~시저 볼만한 영화입니다  
20170811,10,시저 ♡♡♡  ㅠ.ㅠ 사랑해요~^^  
20170811,10,시리즈 마지막 꼭 영화관에서 함께하세요  
20170811,10,무거우면서도 즐거운 영화였습니다 추천해요!  
20170811,10,최고의 혹성탈출시리즈 위대한시저 감동적인 영화  
20170811,10,최고의sf액션!!.  
20170811,10,혹성탈출 정말 재밌습니다꼭 보세요!  
20170811,10,혹성탈출 트릴로지의 장엄한 마지막!  
20170811,9,훌륭해요.강추합니다.  
20170811,9,시사회 ㅎㅎㅎ재믺었어염  
20170811,10,시사회로 봤는데 재밌었어요!  
20170811,10,"앞은 좀 지루한데, 마지막에 팡팡 터져서 재밌어요  "
20170811,9,3편 모두 재밌었습니다  
20170811,10,너무재밌고 슬퍼요♡♡♡  
20170811,10,최고의 영화! 추천합니다 꼭 아이맥스로 보세요  
20170811,10,시저와 같은 시대를 살아서 정말 다행이다  
20170811,8,감동ㅠㅠ재밌었어요!  
20170811,9,전체적으로 좋은 점수. 결말은 조금 아쉬웠다  
20170811,10,여운이 남기는 영화에요! 짱 재밋어요!  
20170811,10,리부트 시리즈의 좋은 마무리  
20170811,9,그래픽 완전 멋있고 시저 폭풍간지입니다 ㅠㅠ  
20170811,9,많은 생각을 하게 하는 영화네요. 한건 더 보고 싶어요. 꼭 보세요  
20170811,10,혹성탈 출 ㅡ너무 좋아요. 굿  
20170811,9,시저의 일생 지밌습니다  
20170811,9,완전명작꿀잼이네염ㅎ  
20170811,10,장엄한 결말 최고!! 감동 ㅜㅠ  
20170811,9,잘 봣습니다! 돈안아까우  
20170811,10,시사회 다녀왔습니다 재밌어요!!  
20170811,10,혹성탈출 역시나 최고네요~~!!  
20170811,9,시리즈의 대미를 장식할 마지막작품으로 최고의 감동과재미를 준다  
20170811,9,재밋엇어요 ㅋㅋ!!!  
20170811,10,이보다 더 완벽할 수 없다  
20170811,10,다음에도 또 나오면 보고 싶은 영화에요!!  
20170811,10,너무완벽한마무리 였어요 죄고 입니다~^^  
20170811,10,시사회로 봤는데 대작이네요...  
20170811,7,시저는 감동입니다 ㅠ 짱짱  
20170811,9,실망 시켜드리지 않는 시리즈  
20170811,9,드디어 3부작의 마무리 ^^ 세편중 가장 좋았던 작품!  
20170811,10,시간가는 줄 몰랐어요!! 진짜 추천  
20170811,10,짱짱 ㅠㅠㅠㅠ 시리즈중 제일  최고  
20170811,10,시사회로 먼저 보았습니다~ 전편보다 감정이입이 잘되어서 집중해서 봤어요! 강추합니다  
20170811,9,재밌었어요ㅎㅎ 개봉하면 또 보고싶네요  
20170811,10,혹성탈출 유종의 미를 거둔 멋진 시리즈였어요  
20170811,10,정권따까리로 반일 강조 편향정치 한국영화는 믿고 거르고 오랜만에 극장에 가게 하는 한줄기 빛같은 영화. 반미반일을 암만 외쳐도 미국 과 일본영화를 한국영화따위는 절대 이길 수 없다  
20170811,10,혹성탈출 마무리. 탁월한 연기력 최고시저같은 멋진 리더를 갖고 싶다.  
20170811,10,정말 넘넘넘~ 재밌음!!!심장 쫄깃、강추//  
20170811,10,평식이형 7점줬다 무조건 봐야된다  
20170811,10,혹성탈출 시리즈 정말 기대됩니다.  
20170810,10,"두근두근 이상한 영화들로 오염되가는 영화시장 정화좀,..  "
20170810,1,안볼거야!!!안볼꺼야!!안볼꺼야!!광고그만떠!!!!  
20170810,10,진화하는 유인원과 퇴화하는 인간. 이 간결한 메세지가 영화 전반을 꿰뚫고 있음.  
20170810,8,하아... 기대돼..!  
20170810,8,시사회 다녀왔습니다. CG 압권입니다. 좀 의외의 결말이긴 했지만... 이해는 갑니다. 긴 런닝타임에 살짝 느린 전개가 아쉽기는 하지만... 다시 보고 싶은 감동의 한편 이네요.  
20170810,10,오오오오~ 이건 가서 꼭 본다~~  
20170810,6,만족도 예상: 1편 > 2편 >>>3편  
20170810,10,우디 해럴슨 형님! 보고 싶어요!  
20170810,9,시저와 모리스는 있은데 루카는 없어...  
20170810,7,9일 시사회 보고왔습니다. 루즈한감이없진않네요결말도 살짝 맘에안들구요. 전편에비해선 그럭저럭이였네요혹시나 예고편보고 전투씬 많을거라 생각하지 마시길 거의없습니다. 기대하고가지마세요  
20170810,10,시사회에서 봤는데요 넘 재밌구 감동적이고 그랫어요ㅠㅠ 꼭꼭 보세요 후회안하실꺼에요ㅛ??  
20170810,5,"롯데월드타워에서 9일날 시사회에 참석한 1人입니다. 혹성탈출 1,2를 매우 재미있게 봤으나 이번 3편은 개인적으로 아쉬움이 남습니다. 웅장하고, 진지함보다 간혹가다 숨겨져 있는 웃음코드는 참 씁슬하네요.  이번 영화를 보면서 라이언 일  "
20170810,8,"시사회 다녀왔습니다. 부자연스러운(?) 이야기 전개, 약간의 지루함, 놀라운CG효과, 잘생긴 시저, 마음에 안 드는 결말.  "
20170810,9,"시사회 보고 왔습니다. 1,2편을 정말 재밌게 봐서 이번편도 기대가 컸는데요. 사실 개인적으로는 1>2>3 순서대로 재밌었던거같아요.ㅋㅋ 그래도 이 정도면 혹성탈출 팬으로서 만족스러운 마무리였던거같습니다. 추천해요  "
20170810,10,"시저의 적은 증오심과 관용, 자비 그 사이  "
20170809,8,"그토록 오랜 세월에 걸쳐 이룩한 현대라는 시공간은 결국 그토록 단순하고 우매하게 쇠퇴하는가, 그리고 그것은 왜 그리도 짜릿했을까.  "
20170809,7,시사회 보고왔습니다.  
20170809,10,"무기보다 강한 질병, 질병보다 강한 눈사태, 눈사태보다 강한 유인원. 엔딩크레딧이 혹성탈출이 뭔지 모든걸 말해주는것 같다. 마지막편스럽다.  "
20170809,6,시사회 보고 왔습니다. 전편을 재미있게 봐서 기대를 많이 했는데 생각보다 아쉬웠습니다. 전반적으로 영화라기보다는 다큐멘터리같은 느낌이었네요. 유인원들의 풍부한 감정표현과 잔잔한 감동은 있었지만 예고편에 못 미치는 느낌이었고 중간부분이 지루했습니다.  
20170809,9,"내가 인간인지 내가 유인원인지 헷갈린다.인간의 탐욕은 진화했지만, 인간성은 퇴화했다.그렇기에 우리는 인간다운 진화가 필요하다.  "
20170809,10,너무재밌어요 완전 추천  
20170809,10,감동이요너무 재미나요  
20170809,10,"생각이 많아지고, 모두가 차가워지는 영화  "
20170809,10,시저 아카데미 남우주연상 받아야 해요  
20170809,10,No!!!!시저가 영어 잘해요  
20170809,10,3부작을 명작으로 완결냄 개꿀잼ㅋㅋㅋ  
20170809,10,"위대한 앤디 서키스,  시저의 카리스마도 여전하네요!  "
20170809,10,드디어 결말 유인원은 함께하면 강하다  
20170809,9,살아남은 자가 강자이다  
20170809,9,트릴로지의 장엄한 마침표  
20170809,9,위대한 영화의 위대한 결말!  
20170809,10,시사회 봤는데 재밌어요  
20170809,9,역시 결말은 결말인듯~재밌다  
20170809,10,혹성탈출은 시저의 일대기이다역시 믿고보는 혹성탈출 기대를 버리지 않았다최고최고!!!  
20170809,10,원작에 뒤쳐지지 않는 완벽한 수작입니다!!  
20170809,10,시저연대기의 완결편...  
20170809,10,시저는 오스카 남우주연상을 받아야한다.감동의 여운이 크다.  
20170809,9,최고의 시리즈 대단원의 막을 내리다. 강추드려요!!  
20170809,9,시리즈 안보고 본건데도 재밌었어요~~~!  
20170809,10,굳좋았어요;:/-123  
20170809,10,재밌었었오!!!긋굿긋귻  
20170809,8,시리즈의 대미를 장식하는 최종장!!  
20170809,10,시저와 대령의 대결 ! 감동  
20170809,10,별로 생각안했는데 감동적이였음!!  
20170809,8,마지막까지 멋진 영화네요  
20170809,10,혹성탈출은 유인원들이 뭉치면 강하다는 것을 보여준다  
20170809,10,혹성탈출 최고의 영화네요  
20170809,10,"혹성탈출 시리즈의 대미를 장식한 영화.앤디서키스는 시저 자체였고, 이번 편이 마지막이라는게 아쉽다ㅠ  "
20170809,10,시사회로 봤는데 새로운 등장인물들과의 케미가 좋았어요!  
20170809,10,반지의 제왕 이후로 최고의 트릴로지위대한 리더 시저  
20170809,10,재밌었어여 감동적이었어용 ㅋ  
20170809,10,역시 혹성탈출 꿀잼이예요~~!!  
20170809,10,혹성탈출의 장엄하고 감동적인최고의 마무리!!!  
20170809,9,시사회로 봤는데 감동감동~마지막편답게 멋지게 잘 끝낸것 같아 너무 좋음♥  
20170809,10,마지막이라 그런지  재미있었습니다  
20170809,9,시사회보고왔는데 완전 강추!  
20170809,10,관객과 시저가 함께 달려온 세월에 박수를  
20170809,10,군함도 좀 이렇게 찍지.  
20170809,10,대미도 재미도 다 가졌다  
20170809,9,재미와 흥미로운멋진영화로 강추  
20170809,10,너무 재밌어요~~ 강추합니다^^  
20170809,10,시리즈의 끝잘마무리  
20170809,10,정말 감동의 마지막이네요.최고예요.  
20170809,6,장대한 서사시 실크로드의 대장정을 보았다  
20170809,9,최고의 푸리퀄이 완성됨! 너무나도 대단한 완성도에 격찬!!  
20170809,10,정말 재밌게 봤습니다 추천  
20170809,9,생각보다 액션의 비중은 적었지만 여운이 남는 영화였어요  
20170809,10,올해 최고의 영화. 혹성탈출  
20170809,8,드디어 시저의 마지막입니다.  
20170809,10,최고임 시사회 보고옴  시저가 최고  
20170809,10,잔잔한 영상 유인원은 뭉치면 위대하다. .  
20170809,7,마지막 영화 치고는 많이 잔잔했네용ㅋㅋ  
20170809,10,"감동,또 감동 다시 보고싶은 영화 강추!  "
20170809,9,재미있고 감동적이었습니다!  
20170809,10,완전 재미있어요~ 많이들 보세요!  
20170809,10,맘이 아픈 영화. 잘 만들어 졌구나  
20170809,9,시저는 역시 대단해 대박입니다.1000만각  
20170809,10,유인원과 인간의 대결 감동적이었습니다  
20170809,9,흑성탈출 종의전쟁  마지막 시리즈답게  스릴러가장난 아니었습니다 꼭보세요^^  
20170809,10,재미있네요 유인원이 제 동생이랑 많이 닮았어요!  
20170809,10,유인원들을 위해 시저의 맘이 잘 들어난것 같아요  
20170809,10,재밌어요 다시보고싶어요 ^^  
20170809,8,시저 진정 멋있다~유인원한테 인간이란 ㅉ.ㅉ  
20170809,9,오랜만에 좋은영화 봤네용 자비를 가지라는 내용 ^^  
20170809,10,시리즈가 갈수록 더 재미있어진다. 인간과 유인원이 공존하며 사는 방법도 있을텐데..  
20170809,10,보는내내 지루하지않으며 웃음과감동을준다  
20170809,9,재밌게잘봤어요 꿀잼!!!  
20170809,10,마지막을 잘 장식한듯. 다소 철학적  
20170809,10,잼난다요 추천요 추첨요  
20170809,10,엄청재밌음 시사회로봤어요  
20170809,10,깊고 묵직하고 한 편의 대작이 마무리 되었네요. 최고였어요  
20170809,10,너무재미있었어요.  유인원과 인간의 싸움. 불쌍하고전쟁이란 나쁜거 같아요.  
20170809,7,1편보단 못했지만 마지막 시리즈 완결로 손색이 없다. 한편만 더 만들지 아쉽네 ㅠ  
20170809,10,앤디 서키스와 웨타 디지털에게 남우주연상을!!!  
20170809,5,재밌어요ㅏㅏㅏㅏ아아아오오오  
20170809,10,저는 개인적으로 소재가 무거운 편인데 영화관에서 재미있게 봤네요 보시면 알것 같아요 단순하게 치고 박는 것만 원하시면 실망하겠지만  
20170809,10,재밌어요!@!추천입니다  
20170809,10,재미있어요 시저와함께  
20170809,10,재밌었어요. 그동안 시리즈중 최고  
20170809,10, 위대한 시저 연대기!! 진정한 리더의 모습을 확인할 수 있어요!!  
20170809,10,완전 대박정말 최고입니다  
20170809,10,너무 재미납니다. 인간과 유인원들의 싸움. 안타까웠다.  
20170809,10,너무 재밌어요~ 완전강추  
20170809,10,스릴 만끽 영화이다! 서로 공존하는 지혜를 찾으면 영원한 평화가 이루어진다는 교훈을 얻었다(^-^)  
20170809,10,전쟁이라고 총쏘고 폭탄 터지는 전쟁이라고 생각하고 극장가는 사람들 없길 제발빈다.  
20170809,10,시리즈물의 최고를 본것 같다. 역시 시저의 카리스마는 최고이다.  
20170809,10,최고!~~~시저!!!  
20170809,5,"3부작 중 가장 초라~ 전쟁은 기대하지 마시고, 드라마 한편 보고 온다 생각하시면 됩니다~  "
20170809,10,"나에게 영화의 재미를 알게 해준 영화.. 평소에 이런 주제에 대해 관심이 많았는데, 이 영화는 내 호기심을 채워주는데 한 몫 했다. 스토리 전개가 뻔할 수도 있지만, 이 영화의  주제가  부족한걸 채워준다고 생각한다.  "
20170809,10,오 기대 된다. 쓰레기 국산영화좀 극장에서 안봤으면  
20170809,10,실화라서 더 재밌겠네요 ㅎㅎ  
20170809,10,시리즈 중 최고의 작품.  
20170808,9,"유인원들의 가슴을 움직이게 하는 감정선, 노바의 눈물,과 따뜻함, 화려한 액션, 정말 훌륭한 마무리였다.  "
20170808,10,믿고보는 혹성탈출~~  
20170808,10,꼭 봐야지. 재미 있을것 갖다  
20170808,9,"GV로 미리 보고왔습니다. 강추. 전편보다 더 좋구요. 네러티브가 액션보다 더 중요한 영화입니다. Apes 의 연기도 좋고, 컴퓨터 그래픽이라고 전혀 못느끼고 집중했어요. 거슬리는게 하나도 없었으니 정말 대단한거겠죠. 많이들 봤으면 좋겠어요  "
20170808,7,"기대했던것보단 조금은 부족한... 전편들에 비해 코믹한 요소가 추가된건 확실히 돋보이지만, 그 외 스토리나 볼거리는 개인적으로 2편에 비해 조금은 부족하네요~  "
20170808,10,이런영화를 스크린에서 봐야지 군함도 이런건 추석영화로 보고  
20170808,9,오늘 라이브톡으로 봤는데 2번 보고 싶은 영화입니다.최고의 3부작 마무리!! 시저 또 보고 싶어서 한 번 더 보러갑니다!!  
20170807,6,솔직히 3편은 스토리를 잘 못썼네요 허무하게 눈사태나서 원숭이들 뺴고 다 죽음 ㅡㅡ 결말이 너무허무해..  
20170807,10,빨리 나와라.. 제발 좀 정치랑 동떨어진 거 파이팅 넘치는 거 좀 보자.. 어휴 뭔 영화를 봐도 기분이 더러워 요새는  
20170807,8,시사회봄- 딱 마지막 부 같다  
20170807,10,"택시운전사, 혹성탈출 둘다 꼭 영화관에 가서 봐야 겠구만~~~  "
20170807,9,이미 유튜브에 쫙풀렸다..안타깝다..재밌는데..  
20170807,8,소포모어 징크스를 깬 몇안되는 시리즈  
20170807,10,스포엄마OOO진짜 네이버는 검열안하냐 씨발  
20170807,10,"미국은 7월 10일날 개봉했구만, 허접 한국영화때문에 8월에 개봉이라,  "
20170806,10,2편에 이은 CG의 완벽함을 보고 싶네요  
20170806,10,예고편을 보는데도 소름이 돋는다..!!  
20170806,10,처음 혹성 탈출을 보고 많은 생각을 하게 해준 시져. 종의 전쟁이라는 제목이 신경쓰이지만 기대되는 작품  
20170806,10,"헐리우드의 상상력이 얼마나 크나큰 영화의 자산인지를 보여주는 영화 , 보고 또 봐도 따라가기에 힘들지만 썩은 동아줄이라도 붙잡는 심정으로 티끌만큼이라도 따라갈 수 있기를 바란다.  "
20170806,1,정말. . 평점 1도 아깝다  
20170806,8,'옥자' 같은 게거품 쓰렉이 축생 영화 따위와는 급이 다르다.  
20170806,10,원숭이 조지고싶다 일본놈들  
20170806,10,시저너무귀엽게생김ㆍ  
20170806,10,현재 캐나다. 방금 보고왔습니다. 저 기대하고 봤는데 너무 재밌게 보고 왔어요. 표정연기 내용 다 나름 빠지지 않고 훌륭했던 것 같아요.  
20170806,1,응노잼이야 원숭이들 그만좀우려먹어라  
20170806,10,이런 명작은 봐줘야지 1010  
20170806,10,후속작이 망하지 않은 영화  
20170806,10,북미개봉한지 3주차에 접어들었는데 한국은 아직 열흘이나 남았다니!  
20170806,10,이 영화가 문정권 입맛의 스크린독점으로 피해가 안 갔으면 좋겠습니다. 정말오래 기다렸는데..  
20170806,10,시저!!! 오랫동안 기다렸다 진짜 너무 너무 멋있어.. 시저목소리 빨리 듣고파  
20170805,10,1.2편 재밋게 봣는데 3편도 재밋길  스토리도 탄탄 액션도 탄탄 시저의 카리스마에 또 울고갑니다.  
20170805,10,골룸형은 모션캡쳐 장인  
20170805,10,"군함도, 택시운전수 같은 OOO기 영화는 믿고 거르고 혹성탈출은 꼭 본다.  "
20170805,10,시져는 군함도 시져시져  
20170805,10,CJ OOO들아 북미에선 7월 15일 개봉인데 군함도 개봉 날짜랑 비슷해서 1달이나 늦춘거지? 돈에 환장한 새끼들  
20170805,9,너뮤 슬프잖아 스토리가  
20170805,10,이제 마지막 달리는구나 시저 사람보다 좋은 인성 인품  
20170805,10,외국에서 이미 개봉했는대 난리남  
20170805,10,"오~키팅 선생님 못지않은,인류의 스승 시저님.카르페디엠(현재에 충실하라)  "
20170805,10,시저는 믿고 그냥 봐야한다  
20170805,10,개잼나답니다 이러쿵 저러쿵 하지말고 그냥 봅시다요  
20170805,3,미국 먼저 개봉해서 봤는데요.. 러닝 타임이 꽤 긴데도 불구하고 전쟁씬은 길지 않고 약간 대화같은 드라마 부분이 많아서..  솔직히 잤습니다  
20170804,9,"1편만큼 짱잼은 아니지만 잔잔하게 재미있었다! 이전에 개봉된 혹성탈출 영화들을 보고 보는것을 추천ㅎㅎㅎ Apes, together, strong!!  "
20170804,9,2시간 20분짜린데도 불구하고 전혀 지루하지않고 스토리 전개도 재밌었음. 믿고보는 혹성탈출!!!  
20170804,10,에입스 투게더 스트롱!!!  
20170804,10,"안보면  ""No~~~~!!!!""  "
20170804,10,내가 목숨을 이어갈 이유가 생겼다. 어서 개봉하자 현기증난단말이다~~  
20170803,10,누구든 시저를 화나게하면 좆되는거야!  
20170803,10,시저 형님 짱좋아~~ 명대사 노~~~  
20170803,10,군함하고  택시 처 밀어줄라고 개봉을 미루네 ㅋㅋㅋㅋ  
20170803,10,시져님 살려주세요 제발 ㅠㅠ  
20170803,1,혹성탈출 그만좀 우려먹지 ..  
20170803,10,이건 안 볼수가 없다..  
20170802,10,미국에선 개봉이 되어있어 전 어제봤습니다. 너~무 재밋습니다.역시 대박영화~  
20170802,10,일단 안봐도 혹성탈출이라 10점박는다  
20170802,10,2010년 이후에 만들어진 최고의 트릴로지!  
20170802,10,요건 안 봐도 재미있다 걍 15일날 예매  
20170802,10,말이머필요한가12집재미께반는디고고  
20170802,10,"혹성탈출을 보면 일제시대엔 친일파, 6.25 전부터 빨갱이짓을 서슴치 않았던 00도민들이 서서히 서울말씨를 배우고 고향을 숨기는 것과 같은 서사가 담겨있어 공포감을 느꼈네요.  00도민들이 갖는 고향에 대한 컴플렉스와 유인원의 컴플렉스 동질감 느끼겠네  "
20170802,10,"진화의 시작, 반격의 서막 다 봤었습니다. 예고된 명작...  "
20170802,9,Apes together strong!!  영화과람후 나머지 1점 주겟음!기대된다! 시저  
20170802,1,평점이 너무 높아서 1점 드립니다.  
20170801,9,방금 보고 왔음. (호주가 한국보다 먼저 상영하네요.) 스토리 좋았고 새로운 캐릭터가 너무 웃겼음. 추천하고픈 영화!  
20170801,10,이거 끝나도 더 나오면 좋겠다  
20170801,6,3편은 별 내용이 없다. 실망...  
20170801,10,군함도따위 영화 때문에 이게 한달이나 미뤄지다니 참  
20170801,8,혹성탈출 1 2 편을 보고 3편을 봐야한다 스토리가 이어지니까  
20170731,10,더디어 볼만한영화가 나오네시저야 인간좀 멸종시켜라 지구의평화를 되찾자  
20170731,10,"벌써부터 쏟아지는 극찬. 배트맨, 엑스맨 트릴로지 보다 더 뛰어나다고 감히 뇌피셜로 조질수 있는 유일한 영화. 역시 영화의 시리즈는 한 감독이 끌고가야 한다.  "
20170731,6,이것도 1편이 잘 만들었었지. 감독바뀌면서 개허접해진 게 2편임.. 이것도 2편 감독이네.  
20170731,6,"종의 전쟁이라는 제목에 비해, 시저의 내면적 고뇌를 지나치게 부각시켜 영화가 필요 이상으로 잔잔하다. 음악도 영화에 녹아 들지 못하고 다소 엉뚱하다는 느낌을 지울 수 없다. 관객이 기대한 액션과 감독의 이해 못할 의도 사이에서 망작이 되어 버린 대작  "
20170730,10,항상 그래왔던 것 처럼 이번에도 분명 신선한 충격과 여운을 가져다 줄 것이다.  
20170729,8,개봉 대기중인 영화이다  
20170729,10,시저 락 페이퍼 갓시저 뿡  
20170729,1,원숭이새끼들을 찬양하는 미친세상임박 차라리 동물의 왕국을 봐라 인간이길포기하고 원숭이 따가리되기를 원하는 어리석고나약하고 한심한 인간말종들  
20170729,10,손 올려 시져를 맞이하자  
20170728,10,이건 본다 반드시 본다...  
20170728,10,미개한 인간들아 제발 자만하지 마라.  
20170728,10,류승완 감독 보고있나? 영화는 이렇게 만드는거다. 조작역사에 국뽕 취하지마삼  
20170728,10,Apes! together! strong!  
20170728,2,안티갓 영화. 하나님을 없애고 인간이 원숭이로부터 진화해왔다는것을 무의적으로 주입시키는 영화입니다.  
20170728,10,이거 존잼 꿀잼 핵꿀잼이라던데 ㅇㅈ?  
20170728,7,대만에서 봤습니다.마지막치곤 좀 아쉬운 스토리였어요.  
20170727,10,제발 평점쓰면서 스포하지마세요  
20170727,10,호주는 오늘 개봉했는데요 ㅜㅠ 진짜 재밌어요 꼭 보세요 ㅠㅠ 계속 울기만함 ㅠㅠ  
20170727,10,시저... 너무 보고싶네요  
20170726,10,스토리며 표정연기며 10점감이다 ..  
20170726,10,1편 돼게 재밌게 밨는데..  
20170726,10,이게 마지막 시리즈는 아니겠죠??  
20170725,1,"왜 인간을 비하시키는 저런 영화를 만들었을까?지구에 인간보다 귀중한 생물도 없고, 뛰어난 생물도 없다.  "
20170725,10,유인원은 절대로 유인원을 죽이지 않는다 하지만 인간은 무차별 유인원을 학살한다  
20170725,10,미사일 하나 터트리면 씨가 마르는데 뭔 ㅋㅋㅋ 총들고 싸우고 있어  
20170725,10,지난주 대만에서 보고 왔는데 꿀잼! 한국 개봉하면 또볼껍니다  
20170725,10,개봉하자마자 바로달려간다.  
20170724,10,내 인생 영화Apes together strong  
20170724,9,이거 비평가 점수들 꽤 높음. 기대됨  
20170723,10,말안해도 아실꺼라고 봅니다.  
20170722,10,이게 진정 영화지~!!!  
20170722,2,시저탈출. 내용은 인간과 전쟁간의 이해관계 불협 그리고 전쟁인데 예고편을 잘만듬. 실제 전투신은 5분 조금 안되고 그냥 의미를 새겨두는 것 같음. 개인적으로는 주인공들은 비급이고 연기도 비추천. 역대 여러영화 시리즈물과 비슷하게 전작보다는 당연떨어짐  
20170721,7,Son will knows who was father and what Caeser did for us  
20170721,1,제가 젤 좋아하는 영화가 혹성탈출이였어요.. 2편을 ㅈㄴ 재밌게 봤거든요.. 근데 제가 캐나다살아서 일찍개봉해서 그저께 봤는데 진짜 잘뻔함.. 이거보려고 3년을 기다렸는데 진짜 실망했어요.. 기대하고 보지 마세요.. 진짜 진짜 실망함 ㅠㅠㅠㅠ  
20170721,9,진짜 OO 스포일러새끼들은 이런걸로 희열느끼나? 네이버에서 이런 버러지새끼들좀 처내라 OO 진짜 뭐하는 짓이야 OO 니들 블로그에서나 OO해 OO들아 좀 졸라 빡치네  
20170720,10,스포 아나 젖같네 ㅡㅡ ㄹㅇ  
20170720,9,1편은 정말 재미있었고 2편은 기대 이하 였지만 3편은 재미있을거라 생각하고 꼭 봐야겠네요.  
20170720,8,싱가폴에서 미리 봤습니다 기대했던것만큼은 아녔어요 모든 생태계를 갖추어놓고 시저가 죽는건 너무 안타까웟습니다  
20170720,7,2편이 노잼이어서 3편을 의리로 봐야되나 말아야 되나 고민 중  
20170720,9,캐나다에 개봉해서 봤는데요. 생각보다 재밌더군요. 사실 혹성탈출 시리즈를 한번도 본적이없는데도 불구하고 재밌게 봤습니다. 나름 감동적인면도 있구요. 스포를하자면 어린여자애가 나오는데 더럽게 예쁩니다..모자쓴거보면..하.. 졸귀 졸예..  
20170719,10,이미 해외에서 갓영화임이 입증된 영화임. 꼭 봐야함  
20170719,10,시져가 돌아온다.인간의 이기심에 멸망하리...  
20170719,10,혹성탈출은 개봉때마다 극장에 달려가서 봤음 ㅋ  
20170719,10,갓시저 꼭 보고야 만다!!~  
20170718,1,어짜피 시저랑 사람들 싸워서 사람들 지는건데 왜 봄?  
20170718,1,뉴질랜드에 일찍 개봉해서 오늘 봤는데요. 정말 개노잼입니다. 전편들에 비해서 정말 개핵노잼 너무지루해서 사람들 한숨소리들리고 그럽니다. 정말 저는 여러분들이 안봤으면 좋겠어요 진심이에요 ㅠㅠ 여러분들의 2시간은 소중하니까요..  
20170718,5,개연성이 전혀 없음 전작과는 많이 다름  
20170718,10,아!! 8월 15일이 오긴 오냐?  
20170718,10,트레일러보고 쌌다;;;;  
20170718,10,"핵폭탄으로 원숭이 둥지 날려버리면 되자나,,  "
20170718,10,캐나다에서 봤는데 시리즈중 최고에요. 영화 별로라하는사람들은 취향존중 할수있겠지만 단순한 영화는 절대아니니 집중해서 보시길 권장해드려요.  
20170718,10,나쁜 원숭이역이라..ㅋㅋㅋㅋ  
20170717,9,산사태로 인간군 다 죽고 시저는 총 맞아 죽을것 같아요  
20170717,10,무조건이다 무조건 시저!!!  
20170717,4,인간이 원숭이한태 진다고...이게 좀 그래 인간의 군사력이 얼마나 센대...더군다나 영화배경이 미국 세계 최강인대...난 바이러스라고 생각했는대...쩝...실제 전쟁하면 공군력으로만으로 끝난다  
20170717,1,다들 알바인가... 이 노잼영화 또 하구나  
20170717,10,"미국에 살아서 방금 보고왔습니다. 시리즈1부터 3까지 매끄럽게 영화가 이어가기가 쉽지않은데 마지막 3편 정말 맘에 들고 감동,액션,스릴 다갖췄습니다. 마지막 시저 00장면은 꼭보시길..  "
20170717,9,"미국에서 개봉한거 보고 왔습니다. 시리즈 중에서 단연 최고였고 유인원들과 인간의 대립과 비하인드 이야기들이 많이 설명되는 편입니다. 소소한 유머도 있고, 백인 여자아이와의 이야기도 매우 감동적입니다. 그리고 영ㅎ마지막장면은 많이 슬프고 여운이 남네요.  "
20170717,10,시져!!!홈!! 뻬밀리!!  
20170716,10,오늘 보고 왔습니다. 기존 혹성탈출 시리즈중에 최고가 아닐까 합니다. 후반부에는 자연스럽게 오리지날 시리즈와 연결 됩니다. 시저가 짱입니다. RIP 시저 ㅠㅠ  
20170716,10,욘두랑 시저가 싸우는 스토리.  
20170716,10,박원순 서울시장 영화 진출이네근데 문재인 대통령 영화 없네 요 ㅠㅠ노무현은 노무현입니다 있고 박원순 은 혹성탈출 있는데  
20170716,5,보고왓어요 그냥 그러네  
20170716,10,"2편 심야봤는데 옆에 있던 찌질이 커플 원숭이 소리 내면서 낄낄대던거 생각나네 다른사람 취미,문화 공간에 와서 개소리하지말고 장르 안맞으면 보러오지마라 작품성 오락성 모두 갖춘영화다  "
20170716,10,이거 우리나라에서 7월 13일날 앞당겨서 개봉했어야했다 늦게 개봉하면 좀 그런데 이거  
20170715,10,명작은 꼭 봐야되!!!  
20170715,10,현재 로튼 94에 신선인증 마크받음 기대기대  
20170715,10,싱가포르에서 오늘 개봉해서 봄. 꼭보시길..  
20170714,1,ㅅㅂ 개노잼  다큐  보는줄 12는  재밌는데  이건 모냐  
20170714,10,1편도 재미있는데 2편은 더 재미있었으니 3편이 기대되는 건 당연하다. 예고편만 봤는데도 시저가 벌써 너무 보고 싶다.  
20170714,10,왘ㅋㅋㅋㅋ빨리 보고 싶다  
20170714,6,아일랜드에 살아서 1달먼저 개봉해서 보고왓네요1편부터 챙겨봣는데 이번편은 점점 먼가를 보여줄까 하다가 그냥 탈출쇼 하다 끝납니다....솔직히 많이 실망햇네요. 그래도 그래픽은 정말 멋져서 한번은 볼만합니다.  
20170713,8,너무 비현실적인건 안보다가 트랜스포머와 마블에 빠진 뒤로 자연스레 sf로 관심이 옮겨가고 있어 그런지 이건 보고 싶네~  
20170709,8,잘 만들어지길 바래요(공백)  
20170709,9,대한민국은 시저의 리더쉽이 필요하다.  
20170707,10,"1: 눠어어어오!!! 2:에잎스 킬낫 에잎스, 유얼 낫 에잎스  3: ????  "
20170706,10,이건 무조건 봐야해ㅠㅠㅠㅠ시저ㅠㅠㅠ혹성탈출 볼때마다 눈물흘렸는데ㅠㅠㅠ  
20170705,10,호에에에엥 넘모넘모 보고싶어용~  
20170704,10,이거 안 보면 죽을 때 후회한다  
20170704,10,Coldplay - Adventure Of A Lifetime  
20170704,10,와 기다려진다 시저다 마지막3편이니 잼날듯 그런데 중간에 골룸이?? 특별출연인가  
20170704,5,통상 시리즈물의 마지막 편을 예상해 본다.  저 혹성엔 미국과 미국에서 변종으로 발전한 유인원만이 있을 뿐이다. 북미만 원숭이에 내 주면 된다. ^^  
20170704,10,포스터 시저 표정 봐.  이름 하난 정말 잘 지은듯 ㅋㅋㅋ 절로 율리우스 시저가 연상되게하네.  
20170704,10,극장가서 봐야지.. ^^;  
20170704,10,믿고보는 명작.. ㄹㅇ  
20170704,10,정말 기대되는 마지막 3편 한편으론 슬프다  
20170704,10,진짜 재밌겠다 10자짜증  
20170704,10,인류와 정부들에게 던져지는 강한 메세지 앤디의 무지막지한 유인원 카리스마.  극장가서 봐야 할 가치가 충분한 명작이다  
20170703,10,에입스 투게더 스트롱...  
20170703,10,어릴적 오리지널 혹성탈출 봤을때가 정말 지렸지  
20170702,10,간만에 묵직하지 아니한가  
20170702,10,apes! together! strong!  
20170629,10,이거 명작임.. 꼭 보러 가야겠다..!!  
20170629,10,평점 왜 낮아 혹성탈출3는 최소 평점 9.9임  
20170628,10,로튼토마토 96% 끝장난다  
20170628,10,"시저니깐 닥 10점! 이번영화도  로튼,메타크리틱 완전 호평! 올해 최고의 기대작!  "
20170625,10,"왜! 대한민국은 미국과 동시개봉, 빠른 개봉을 못하는 겁니까?왜!  "
20170624,10,"대한민국 6,000만 찍읍시다!  "
20170618,10,마지막엔 유인원들이 최종적으로 승리하고 1편에서 실종됐던 화성탐사 우주선이 복귀를 하지만 이미 세상은 유인원이 지배하는 행성이 되있는 모습으로 끝날듯  
20170617,7,별로 일듯하지만 마지막 편이라는데 봐야죠.  
20170617,10,스파이더맨 옥자 군함도 택시운전사 덩케르크 박열 트랜스포머에 혹성탈출까지.. 올해는 진짜 볼 영화가 너무 많아서 행복하다  
20170615,10,SF 영화 중 가장 좋아하는 시리즈고 저평가 받고 있다 생각해요 ㅠㅜ 이번에도 기대합니다.  
20170613,10,"최고 기대되는 기다리는 영화임, 혹성탈출 시리즈는 여러번봐도 재밌고요 지리고요!!!!  "
20170612,10,평점이 왜 낮아?? 9.6이상은 되야지  
20170611,10,진화의시작을 능가하긴힘들겠지만 그래도빨리보고싶다  
20170610,10,"마지막결말 내리게되는 혹성탈출: 정의 전쟁...나오는 당일에 영화관가서 볼꺼다...1,2화때 재밌었는데 요번에나오는3화도 재밌을꺼라고 예상합니다  "
20170608,10,솔직히 윈스턴 몇백마리있으면 개무서울듯  
20170607,3,2편은 망작이었는데...3편은 어찌나올라나...개봉후 상황보고 봐야지  
20170607,10,군함도 본다음 혹성탈출 너무 재미있는 영화인데! 기대  된다!  
20170605,10,오~ 혹성탈출 3편!!이런류의 영화는 집에서봣을때랑 영화관에서 봤을때랑 느낌이 크게 다르니 꼭 영화관가서 봐야죠!  
20170531,10,제목 진짜 ㅂ.ㅅ같이 미화하네 혹성탈출을언제했다고 처 갖다 붙이는 꼴이란  
20170529,10,빨리 개봉해주세요....현기증날 것 같아요 ㅜㅜ  
20170527,10,시저...잊을수없는  
20170527,10,흐엉엉엉 드디어 나오는구나ㅠ  
20170527,10,야호.  3번째편. ㅋㅋ  
20170523,10,당근 별10개지. 극장서 보자  
20170518,10,프리퀼이 아니고 리부트니 이번엔 두 종족이 서로 분열되고 싸워서 결국 멸종되는 스토리는 아니겠지?  
20170517,10,1.2편 최고의 극찬을 받았던 작품이다 3편이 당연 기대되는건 당연하지 않겠나  
20170515,10,"친구들이랑 방학때 보려고 기대 중! 1, 2편 진짜 긴장되게 봤는데 3편도 잼있었음 좋겠네  "
20170505,10,영화 포스터에서 비장함이 넘치네요. 진짜 3편에서는 화끈한 액션과 전투씬 기대해보겠습니다.  
20170503,10,사랑해요시저!!!!  
20170502,10,시저ㅠㅠ.... 이번편도 믿고 볼듯..  
20170501,10,혹성탈출 넘 재밌어요...시저 짱짱몽키 ㅠㅠㅠ 빨리 개봉쫌요...헉헉...현기증 나요..  
20170501,10,하... 항상 느끼는 거지만 영화를 기다린다는건 가만히 앉아서 허공에 2시간이나 멍때리는것과 같다  
20170429,10,"1,2편을 봤다면 믿고 봐야죠  "
20170429,10,"1,2편 모두 개꿀잼으로 본사람으로썬 3년의기다림은 너무 컷다 ㅠㅠ 제발 빨리개봉하길 바로 보러간다 ..  "
20170427,10,3년을 기다렸습니다!!! 작년에 개봉 안해서 어찌나 허탈했던지...ㅠㅠ 이제 얼마 안남았네요~!! 개봉하는 날 바로 보러 갈게요!!!! 씐나요ㅋㅋㅋㅋ  
20170427,10,원시의 분노가 준비됬다  
20170426,9,미친 시저 존나쎄네 아 빨리개봉해라  
20170426,10,꼭 보러간다 ㅠㅠㅠㅠ 진짜 최고의 명작임  
20170425,10,시저는 힘 두뇌 외모 언변 목소리 따뜻하고 강직한 마음 카리스마 통솔력 등 리더에게 필요한 모든 자질을 가지고 있지요. 시저성님이 우리나라 대통령 됐음 좋겠습니다  
20170424,10,재미께따 잘생긴 유인원 시저  
20170422,10,와 기대된다 7월이 빨리왔으면 좋겠다.  
20170420,10,"1,2편도 진짜 재밌게 봤습니다. 3편도 기대하겠습니다.ㅎㅎ  "
20170419,10,시저가 처음으로 내뱉은 말을 기억한다 ㅋ no!!! no!!!!  
20170419,10,무조건 극장 가서 봅니다!  
20170419,10,이건 무조건 극장가서 봐야함~  
20170419,10,와.. 혹성탈출 3편 드디어 나오는구나.. 유일하게 인간을 응원하지 않고 유인원을 응원하게 되는 영화 시저 개멋있음..  
20170419,10,1과 2의 신뢰를 바탕으로 충분히 기대해볼만 할 듯.  
20170413,10,이 영화 2편까지 재밌었는데... 이것도 재밌겠다!  
20170410,10,진짜안볼수가없는대작  
20170409,10,갓시저ㅠㅠ보고싶었다  
20170408,10,포스터가 끝났다. 기대 가득!!!  
20170408,10,시저오빠 멋져. 안봐도 10점  
20170406,10,포스터 어떤 새끼가 만들었냐  
20170315,10,NO!!!NO!!!  
20170312,10,재미있겠는데 왜 반응은 크게 없지?  
20170306,10,ㄷㄷ.. 이건 꼭 봐야대..  
20170303,10,이래서 일본애들 내버려두면 안됩니다  
20170214,10,시저의 리더쉽을 또 볼수 있구나  
20170211,10,오... 이건 무조건 가서 본다  
20170208,9,기대요 기대합니다 ㅇㅇ  
20170128,10,1~2편 본 사람들을 아마 다 보로 갈듯 ㅎㅎㅎ 3편 빨이 개봉 했으면 좋겠다 ㅠ ㅠ  
20170123,10,포스터부터 압도한다 ㄷㄷㄷㄷ  
20170119,10,바나나도 같이 먹고 사우나도 같이 가고 좀 친하게 좀 지내라ㅋㅋㅋ  
20170118,8,지금 포스터 멋진데 안 바꿨으면 좋겠네요  
20170118,1,고마해라 마이 묵었따 아이가  
20170118,10,그냥 인간이 악역으로 나왔으면 좋겠다  
20170118,10,시져시져!  시저가 돌아온다!  
20170118,9,이건 극장가서 꼭바야징  
20170118,10,이게 마지막이면 안된다 계속 나와줘 !!! 미래까지 가줘  
20161221,10,와 2나온지.얼마나됐다고 벌써 3년이지났구나....  
20161219,10,기대가 아주 큰 영화 입니다.  
20161213,1,이게 3편 까지 나오네 생각만 좀 해보면 진짜 개억지 설정인데 1편에서 시저가 탈출시킨 유인원 몇백마리 뿐이 없는데 그걸 미국이 못막아서 이사단 난걸 뭔수로 이해하라는거냐 암만 영화라도 개연성이 있어야지 ㅉㅉ  
20161211,10,혹성탈출은 10점이지  
20161211,10,이런 젠장! 시저가 돌아온다!  
20161210,7,2편의 거의 내내.. 밤씬도 많고 깜깜하더니..3편도 깜깜하려나?!  특수효과 비용 아끼는 것도 좋지만 비쥬얼은 아직까지 1편이 좋은 듯 흐..  
20161126,10,영화는 3편이 ㄹㅇ이지  
20160903,10,기대된다 10자채우기  
20160902,10,한마디면 된다. 갓시저  
20160612,10,안나올줄알았는데 ㄱㅇㄷ이네  
20160604,9,혹탈3  파이팅 무조건 극장가서 본다.  
20160604,10,이제 본격적인 인간과의 전쟁인가  
20160601,10,빨리 나와라 !!!  진짜 보고싶다  
20160322,10,2017년까지 언제 기다리지.. ㅠㅠ  
20160109,10,유인원에충성을맹세합니다.  
20151215,10,시저의 마지막인가?...  근데 제목이너무간지난다 ㅋㅋ  
20151122,10,유인원들이 이제또 간지행세 하러와요!  
20151009,10,시져가 돌아온다.무기 버리고 절해요  
20151008,10,혹성탈출 마지막 작품이 될 영화.. 기대합니다!!  
20151002,10,2017년이되도 시저하난 안까먹는다  
20150928,10,북미 2017.07 개봉 예정!!~ 갓시저를 맞이하자 ㅠ  
20150926,10,"1,2편은 재밌었는데 3편도 재밌게 부탁합니다  "
20150924,10,오!!   3편이라니!!  이건  극장가서  꼭볼거다  
