0,1,2
20170628,1,망했네... 극장 개봉을 아예 안 한다고 봐도 되네... 서울 개봉극장 10개 ㅋㅋㅋ  
20170628,10,이거 보려고 넷플릭스 가입했다.  
20170628,10,cgv 미이라 같은 ㄱㅆㄹㄱ영화는 그렇게 신나서 걸더니 한국 마스터피스 봉준호를 내치네 불매해야된다 진짜  
20170628,10,"와...  제이크 질렌한,릴리콜린스 게다가 갓미드 워킹데드의 스티븐 연 까지...  진짜 대박 캐스팅이다 ㅋㅋㅋ  "
20170628,10,진짜 보고싶은데 극장이 근처에 없어서 서울가서 보고와야겠다  
20170628,7,티저 보니까 딱 설국에서 이어온 봉준호감성.. 안 봤는데 벌써 본거같음 솔직히  
20170628,10,어떡해ㅠ배우는 ㅇ너무좋은데 솔직히 망할것같아요...릴리콜린스진짜 팬인데 제발 흥했으면  
20170628,10,"롯데cgv메가박스 알바들 댓글 평점 조작해도 기자,평론가평점 믿고 본다  "
20170628,10,캐스팅으로 모든걸 압도하는 클라스....ㄷㄷ  
20170628,10,봉준호감독 영화는 완성도가 높아서 기대하고 있습니다  
20170628,10,꼭자야 흥해라~ 사실 그닥 재밌을거 같진 않어  
20170628,10,옥자 얼른 보고싶네요 기대되는 영화중 하나입니다  
20170628,10,설국열차도 너무 잘봐서 네이버 평점이 얼마나 개판인지 알게 되었음  
20170628,10,옥자를 보기 위해 넷플릭스에 가입했다  
20170628,10,완전잼네요ㅋㅋ굿 ㅇㅅㅇ  
20170628,10,이슈메이커인 만큼 기대되는 영화!! 주제가 여운이 많이 남을 거 같네요. 영화팬들이 멀티플렉스 상영관에 틀어 줄 것을 항의할 듯 하는데 나만에 생각인가?!  
20170627,10,평점박평식이 7점 줬다  
20170627,10,연관영화에서 빵터졌다 ㅋㅋ  
20170627,10,"cgv랑 롯시, 메박은 반성하세요. 이상한 소리만 내뱉으면서 상영 안 한다는데 얼척이 없어서;  "
20170627,10,괴물이 별로라는 밑에 분은 그냥 영화를 안보는게 좋을듯... 사람 시선이야 다르다지만 봉준호 작품을 본 사람이라면 이름만으로도 기대하게 될텐데... 살인의 추억 안봤으면 꼭 추천해주고 싶다... 그것도 별로라면 뭐....  
20170627,2,봉준호 왜 빠는지 모르겠다. 괴물도 별로였는데  
20170627,10,스티브 연~~!!!!  
20170627,10,아직 영화 나오지도 않았는데 평점이ㅋㅋㅋㅋ 박평식이 7점 줬는데 믿고 봅니다  
20170627,10,로튼토마토 84%.. 봉준호 감독의 다른 작품들보다는 살짝 낮지만 기대해봅니다.  
20170627,10,평식이형이 7점줬다.  
20170627,8,예고편은  별 기대가 안되지만... 봉감독님 영화니까 기본은 할거라는 믿음?  
20170627,10,이거 극장에서 못보면 IPTV로라도 무조건 사서 무조건 봅니다. 갠적으론 폴다노에 기대  
20170627,6,"평론가 평점이 높다는것은 상업성이 없다는거, 재미없다는거지.  "
20170627,1,노이로제걸릴거같아. 재미없는영화 만드는데에는 천재인정.'옥자야' 이목소리 진짜 듣기싫어죽겠네 밑도끝도없이 옥자야 옥자야  
20170627,10,박평식이 7점줬다. 이건 꼭 보라는 소리다  
20170627,8,아직 보진 않았지만 평론가 평들이 상당히 긍정적이다  
20170627,10,옥자 스테이크 먹고 싶다...개꿀일 듯.  
20170627,10,봉준호 감독이니까 일단 보러감  
20170627,7,"기대하고 보면 실망하는 영화. 옥자 영화의 가치는 존중하지만, 명작을 바라보고 만든 영화는 아니다.  "
20170627,7,영화 리얼보다는 재미있을거 같다 이건 레알 팩트다!  
20170627,3,"캐스팅은 정말 최곤데 ,, 예고편만 대충봐도 cg티가 넘나서 몰입안될듯..  ㅡㅡ  "
20170627,10,상영관 너무 없다. 서울까지 가서 봐야하나? 보이콧하는 씨쥐뷔 롯데 메박 다 망해버려라. ㅠㅠㅠㅠ  
20170626,6,영화는 봐야 알겠지만 수퍼돼지면 돼지처럼 만들어야지 왜 하마처럼 만들었을까 궁금하네요  
20170626,8,박평식이 7점 줬다는 사실에 기대됨  
20170626,10,왜 테러하는 거죠? ㄷㄷ.. 전 기대되니 일단 10점  
20170626,10,일단 긍정적인건 로튼토마토 85%라는거  
20170625,2,아무리봐도 알바생들있나보다 하마를 영화로 만들었으니 말이다.  
20170625,1,옥뜰아 따랑해 엌얽22  
20170625,10,응~CGV 롯시 메박 암만 오질나게 별점 테러해봤자 오질나게 흥행해~ 평론가들 평점 더 신뢰하는 요즘여론에 암만 물타봤자 흥행성공이야~  
20170625,3,옥자도야지..뭐죠? 무슬림입니까 돼지 살리러 뉴욕가게?설국 엔진칸에서 애나올때부터 개연성 좃망인건 알고있었지만 할얘기가없으면 실화를 바탕으로 한 얘기를 찍으세요.  
20170625,10,알바를 풀어라!!! ㅋㅋㅋㅋ 너무 대놓고 테러하는데?  
20170625,3,예고편을 봐서는 별로일듯  
20170625,10,스티븐연 보고싶오오오옹  
20170625,10,헐 완전 기대된다ㅜㅜㅜ 최우식♡ 꼭 보러간다ㅜ  
20170624,4,난 그다지 닿지도 않고... 별로...  
20170624,10,그냥봐도 작품성+재미 있어보이넹  
20170624,10,보고싶다 안서현 연기 잘할듯  
20170624,1,한번 된통 망해봐야 이딴 영화 안만들지...  
20170624,9,29일 빨리와라...  
20170624,10,박평식 형이 7점이라면 닥치고 보라는 거다.  
20170624,10,옥자 예고편보니 코트보고싶넹 유튜브가야겠당 ㅎㅎ  
20170623,1,살인의 추억 찢고 말라 버렸슴?? 마더까진 어케 봐주겠는데 설국은 멍미?? 살인의 추억은 누구 다른사람에 찍어준거임?? 소재좀 잘골라서 영화좀 만들어보셈.  대한민국 영화의 자존심하면  올드보이랑 살인의 추억이라 믿고 있는데.. 박찬욱도 그렇고 봉준호  
20170623,10,여러가지로 의미가 큰 작품  
20170622,10,미친 제이크 질렌할이라니 봉준호 감독 대단하네진짜  
20170622,10,예고편 4편 보고 이미 수작이라는 생각이 들 정도다..  
20170622,2,온라인용으로 제작한건데 왜 한국극장에는 안튼다고 협박인가요? 넷플릭스가 중소기업이에요? 시제이 롯데가 중소기업이에요? 규모가 비교가 안되는데 왜 한국사람 한국기업 무시하는거야? 인터넷에 있는걸 극장에 트는게 정상이냐  
20170622,4,옥자 그래픽 실화임??  
20170622,10,연관 영화들 실화냐? ㅋㅋㅋㅋ  
20170622,10,연관영화들 보소 ㅋㅋㅋ  
20170621,10,화이팅...잼있어요  
20170621,7,헐리우드와 디즈니랜드 사이에서 방황하는 봉준호..아..나의 고향은 어디인가?  
20170621,10,스티븐 연이면 무조건 본다!스티븐 연 ♥♥♥..  
20170621,1,삘이 온다 ~ 망삘~망삘  
20170621,6,내가 국내외 영화 통틀어 유일무이하게 평점 10점 준 게 살인의 추억이었는데..봉감독 그 이후론 영...  
20170621,10,"봉준호 감독님 작품은 항상 재밌게 봐왔고, 엄청 신선한 소재라 너무너무 기대됩니다! 촬영때부터 기대해왔는데 예고편 보니깐 더 빨리 보고싶어요!!!  "
20170620,10,좋은 배우들과 감독님이 함께한 영화라니 기대됩니다! 29일 개봉! 꼭 보러가야죠!  
20170620,10,그냥 빨리 개봉했으면 좋겠다 ㅠㅠ  
20170620,10,요즘핫한배우최우식이나온다니! 기대되네요 얼른보고싶어요  
20170620,10,좋아하는 감독님의 작품에 대단한 배우분들의 캐스팅까지! 정말 기대되는 영화에요. 보고싶어요~!  
20170620,5,좋은 배우들 모셔놓고 이게 뭔 영화냐 대체...  
20170620,10,틸다는 모르는데 제이크질렌할 ㄷㄷㄷ오지네  
20170620,1,설국열차도 별로인데 이건 더 별로임. 게다가 코미디오 아니고 액션은 허접하고 스토리는 지루하고. 극장에서 봐서 이정도면 모니터로 보면 10분안에 잘듯.  
20170620,1,ㅋㅋㅋ이건 무슨 조합이냐  
20170620,7,나도 극장 3사의 갑질은 별로다만 넥플릭스는 훨씬 거대기업이고 애초에 극장용이 아닌 스트리밍 서비스영화류 만들어놓고 우리나라에서만 국뽕으로 돈빨아먹으려 극장에 틀려는건데 그거 안튼다고 뭐라하는건 화살의 방향이 잘못된듯.  
20170620,3,솔직히 별로 재미없을것같다 한국영화중 고릴라 인가 나왔던 그거랑 비슷해보임  
20170620,10,아직 안봣지만 예고편만봐도 정말 재미있을거같아요!  
20170620,10,봉준호!!ㅜㅜ 스티연도 나오다니 ㅜㅜㅜ 꼭 봐ㅑ지  
20170620,10,예전부터 기다리고 기다렸던 영화♡♡ 정말 기대되요!! 우리 우식님이 나오시니까 다들 많이 봐주세요!  
20170620,10,좋은 배우님들과 좋은 감독님이 만나 만든 영화라 언능 보고싶네요 영화 소식 들렸을때부터 기대 많이 했는데 남자친구가 없으니 혼자 두손맞잡고 룰루랄라 가렵니다ㅎㅎ  
20170620,2,살인의추억이후 소스가 고갈된거 같다..  
20170619,10,"캐스팅에 지리고, 제작진에 지리고, 시놉시스에 지리는 영화인데 왜 대형 극장에선 상영을 안한다는거죠? 큰 스크린에서 똭!! 보고싶다고요!!!  "
20170619,1,틸타스윈튼 이빨좀 가만히 냅도라  
20170619,10,개봉후 평점 3점 예상합니다ㅋ 대형 스크린관 알바들의 평점테러ㅋㅋㅋ  
20170619,10,넷플랙스 개봉이라고 알바들이 평점 깍으려고 노력하는거 같은데 진짜 꼴깝이네  
20170619,10,영화 생태계 어지럽히는 CJ 멀티플렉스는 망해봐야 한다. 옥자 흥해라.  
20170619,1,봉준호 영화는 닥치고 1점  
20170619,8,예고편은 아쉬웠는데. 재밌을까.  
20170619,1,저기 '괴물'때만도 그래픽이 못한거 같애요. 옥자가 실감이 안나는데 뭘 보라는 건지?  
20170618,1,ㅋㅋㅋ설국열차정도의 영화 ㅋㅋㅋ하돼지말곤 없는  
20170618,8,몬스터에서 아주 귀엽게 나오던 안서현 얼마나 많이 컷을까?  보고 싶다  
20170618,10,아~업진살 살살녹는다  
20170618,9,사실저는안봤는데 지금여기댓글중 좀 이상한게있어올립니다이영화 애초부터 영화성을위해만든거지 한국시장 내의 흥행을위해 만든영화가아닙니다.넷플릭스는 한국시장에진출한지2년쯤됬는데결국 한국의 감독 배경 배우라는카드로한국시장을 개척하겠다는 전략입니다  
20170618,2,봉준호 감독의 욕심으로 인해서 이영화는 개망할것이다 ㅉㅉㅉ영화를 보는 연령대를 생각해야지~무슨 10~20대만 이영화보냐?? 넷플릭스를 아는사람은 알고 모르는사람은 모르지ㅉㅉㅉ국내 극장들이 개봉안해주면~나이있고 인터넷 할줄모르는 어른들은 보지말라는거  
20170618,6,예고편만 봐도..망스멜.. 영화라지만 꼬마애가 무슨 무협지처럼 날아댕기네  
20170617,3,"시간이 지나면 지날수록 기대가 안된다. 언론, 홍보만 열심히할뿐. 정작.  "
20170616,8,릴리콜린스는 얼마 안 나옵니다  
20170616,7,우리나라 감독영화에 제이크질렌할 릴리콜린스같은 헐리웃배우가 나온다는 것이 신기하고 기분이좋다. 그만큼 영화도 엄청기대가 된다. 하지만 넷플렉스라니ㅜ 3대멀티플렉스에서 볼수가 없다니ㅜ 마음이아프다....  
20170616,10,와 내가 제일좋아하는 폴다노가 나오네ㅎㅎㅎ 거기다 캐스팅이 ㅎㄷㄷ  
20170616,10,봉준호 감독의 소신을 믿는다  
20170616,10,보고싶은데 멀티플렉스에서는 상연안한다고 하더라구요. 여기는 지방중에서도 콕 박힌 곳이라 아마 보려면 ㅠㅠ 한참 거슬러올라가야겠어요. 연어처럼. 아무튼 그래도 보고싶어요  
20170616,10,보고싶은데 개봉관이왜이래 기대됩니다꼭볼꺼에요  
20170616,1,"제작비4000만$ 컨저링2 수익은 2억달러 , 봉준호 옥자 제작비는 컨저링2 제작비보다도 1000$ 많은 5000만$  흥행 수익은 과연 ㅋㅋ  "
20170615,10,하악 넷플릭스 오리지널 옥자! 제이크랑 틸다에다가 봉준호까지! 히익  
20170615,1,진짜 이건 폭망할듯 ㅇㅇㅇ  
20170615,10,두 유 노우 옥자????  
20170615,10,뉴스룸 인터뷰 보고 영화보단 봉준호라는 감독의 팬이 되었다. 이 영화가 대박이 되길 바라면서  10점  
20170615,10,꼭 봐야지 ㅋㅋ 이건 정말 영화관에서 봐야되 ㅋㅋ  
20170615,1,살인의추억을 추억하며~~ 굳이 봉감독이 600억씩 외국에서 투자받아 외국인배우 써가며 그전보다도 훨씬 못한영화를 만들 필요가 있을까??  봉감독정도면 국내서도 2.3백억은 투자받을텐데~~  
20170615,10,최고였네요 역시 끝부분에 옥자랑 미자  얼굴에  흙묻어가지고 서로 껴안는데 와 눈물이 핑  
20170615,9,기대보다 걱정이 앞서는건 왜지?..  
20170615,9,상영해주는 극장 찾아가서 보려구요~ 큰 화면으로 한 번쯤 보고 싶어서... 평 들으니 긍정적인 내용이 많아서 기대를 안할 수가 없네요! 일단 배우들도 대단하고...  
20170615,10,또 어떤 봉감독님의 블랙유머가 들어가있을지 기대돼는 작품. 뻔한 주제일진 몰라도 봉준호 감독이라 기대가됀다.  
20170615,10,"안녕하세요. 시사회 다녀온 사람입니다. 벌점 깍으시려는 분들 알바분들 이신가 보네요. 제발 보시지 않았으면 이상한 평점하지 마세요. 우선 스토리랑 영상 배우분들 전체적으로 좋습니다.  내용도 괜찮구요 . 틸다스윈튼, 제이크질렌할 연기 너무 좋습니다.  "
20170615,4,"왜 대형개봉관에서 상영안하는 지 보시면 압니다, ㅠ 상업성이 배제한 영화라그런지 어렵기도하구요  "
20170615,1,역시 외조부가 북쪽으로 간분 다운 작품이네요 위에서 백만이 아사자가 생겨도 비판 비난은 안하고 자본주의를 까면서 자본주의나라에서 돈을 벌고 있으니 구보씨가  외손자를 보면 좋아할듯   괴물에서 미국비난  설국열차에서는 자본주의비난 북은 절대못함  
20170615,10,완존재미그이상의 재미  
20170615,9,"보지도 않고 영화 망했다는 사람들??, 그런 사람들의 인생 역시 안봐도 뻔하다!! 해보지도 않고 포기하고, 평생 부모 사회 세상탓만 하는 루저임에 틀림없다.  "
20170614,1,옥자!!! 진짜 할말이 없다! 제이크 질렌할이 나온다고 하는데도 왜이리 보고싶은 맘이 안생길까?  심형래의 고질라류 같은 느낌이 난다! 왠 하마?  
20170614,1,진짜 오글 거린다!!! 옥자가 뭐고? 그기에다 하마는 뭐고?갑자기  미야자키 하야오에 심취했나?  제작비가 아깝다!!  
20170614,10,스티븐연ㅜㅜ알럽유  옥자 재밌어 보인다 예고편부터 인생영화냄새남ㅜㅜ  
20170614,10,시사봤는데 너무 재밌었음! 통역은 신성한거야  
20170614,1,"여자애가 ""옥자야"" 이러는데 벌써 질림  "
20170614,8,예전에도 그랬듯 이런 소재를 가지고 핵심을 찌르는 영화를 만들어 낼거란 기대를 갖는다.  
20170614,1,딱봐도 완존 망삘....ㅋ  
20170614,10,"감동과 교훈 ,잔잔한재미까지 강추합니다♡  "
20170614,1,헐리우드에서 평준화 되어 돌아온 봉준호감독. 정녕 이 영화가 봉준호 영화란 말인가... 정말 슬프다.  
20170614,10,"오늘 보고왔습니다. 가벼운듯 하면서도 깊이가 있는 영화. 울다가 웃다가 정말 시간 가는 줄 몰랐어요.. 이게 현실이라는 생각에 마음이 먹먹했네요. 식탁 위 고기들, 동물들을 한번 생각해보게 되는.. 좋은 영화였습니다. 고맙습니다  "
20170614,10,"봉감독의 과거 의미있는 영화들을 비추어 ""옥자"" 응원하고 기대하고 있습니다.  "
20170614,10,정말 재밌네요 다들 보러가세요 감동과재미 기술 역시 봉준호 감독입니다^.^  
20170613,1,요즘 우리나라초딩 저렇게옷입는애들없는데 축산업혁명시대라는데 왜우리나라초딩은 팔OO대저런패션으로넣은걸까 감성팔고싶나  
20170613,7,[시사회] 솔직히 흥행할 수 있는 영화는 아니다 감독에게 전권을 맡기고 이런 영화를 찍을 수 있게 해준 넷플릭스 대박이다! 영화관에서든 넷플릭스에서든 꼭 한번 봤으면 좋겠다 내로라하는 배우들이 선택한 이유가 있는 영화란 생각이 든다 두번 눈물남 ㅜㅜ  
20170613,10,영화를 보고 많은 감정이 교차하는데 글로 표현하기가 어렵습니다. 많은 사람들이 이 영화를 꼭 보면 좋겠습니다.  
20170613,10,대기업 극장들은 국민들 볼권리를 방해하지마라!지들 유리하게만 상영하는 대기업횡포 꼴보기싫다!!  
20170613,1,"잘만들어봐야 설국열차,  최악의 경우 미스터고일듯 ^^  "
20170613,10,3대 극장 부디 상영하지 마라. 너희들 이미지는 너희가 만드는 것이지. 지역 극장에서 보면 된다. 이참에 어려운 지역극장 매출 많이 올렸으면 좋겠다. 일단 영화는 기대 평점 10점.  
20170613,8,릴리콜린스나와서 본다  
20170613,5,"살인의추억은 명작중 명작인거 인정하고, 괴물도 잘만들었지만 그후로 하도 언론에서 세계적인 감독인것 처럼 띄워주니까 갈수록 한국영화도 할리우드도,이도저도 아닌 잡종영화를 만드는것 같다.  "
20170613,10,"개봉전 기대평인데 당연히 기대감만 가지고 평점 매기는 거 아님? 영화도 못 봤는데 당연히 연출, 출연진... 기껏해야 포스터, 예고편 보고 판단하는거지. 자기 마음에 안드는 소리 있으면 온갖 논리로 까내리려는 게 더 우습다.  "
20170613,10,제이크 ㅈㄹ할래? 나오넴  
20170613,7,꽤 재밌게 보고 왔습니다.  
20170613,10,"봉준호,박찬욱,김기덕,홍상수,이창동 감독은 우리나라 세계적 5대명장.. 이냥반들 죽이려던 예전 영진위 이제 너희들이 죽을차례다..  "
20170613,10,왠지 동물 키우는 사람들은 마음 아플것같다. 그리고 호불호도 많이 갈릴듯. 예고편보니 오락영화는 아닌것같고. 여튼 기대됨  
20170613,10,개봉전 부터 CJ 롯데 메가박스에서 평점테러 알바쓰나... 일단 봉준호 감독이라 기대는 되지만 넷플릭스 제작이라고 까지말고 작품만으로 평가해주길  
20170613,4,뭐 얼마나 대단하다고 이렇게 빨아 제끼는지 모르겠네 ㅋ 그래놓고 막상 개봉하면 심오해서 개 망할것같은데 ㅋ  
20170613,5,의미없는 개봉전 기대평인데 혼자 시뻘개져서 의식 어쩌고 하는 인생패배자들 겁나 많네. 국뽕보다 한국인들 어쩌고 하면서 어깨에 힘주고 남 가르치려 드는 것들이 더 같잖아 보인다ㅋㅋㅋ 지만 깨어있나?  
20170612,4,딱봐도 개똥망작. 제목도 제목인데 아무리 명배우를 써도 한국영화 틀에서 절대 못벗어 날것 같다  
20170612,2,"명배우가 있다고 해서 그 배우가 영화를 캐리하는 건 아니지 그저 영화 스토리에 등장하는 인물들 중 한명이고 어느정도로 입체감 있게 살려서 관객들에게 각인시키냐에 따라 배우의 영향력은 여기까지만 미쳐서 아무래도 소재, 시나리오가 중요한데 둘다 별로...  "
20170612,3,돼지 이름부터가 별로임..옥자가 뭐냐..  
20170612,1,아 망작느낌 펄펄나네요 절대안봅니다.  
20170612,5,이거 본 사람들 평이 별 로라는게 많네.ㅈ  
20170612,10,옥자에서 봉준호 감독이 사람들에게 전달해줄려는 메시지의 의미를 알면 평점을 1점 줄까.  
20170612,10,감독과 배우보고 평점 10점을 주는것이 불만인 분들... 여기는 개봉 전 평점을 남기는 곳이라 기대치를 평점으로 남기면  되는겁니다.  
20170612,10,김피르 말 참잘했다 그런데 니는 영화는 봤니? 너도 똑같은 놈  
20170612,1,별로 기대안됨 진짜로ㅜ  
20170612,1,"영화 보지도 않고 한국 감독과 외국 유명배우 누구누구 주연이네라고 하면서 평점 10점 달아놓는 한국인들 심리, 제발 좀 의식이 좀 성장했으면 좋겠다. 애국의식,애국심과 국bbong은 다른겁니다.+자본주의를 비판하는 영화가 자본주의에 의해 돌아가는 모순  "
20170612,10,"평점 1점 매긴 놈들 어째 약속한듯이 죄다 ""예고편만 봐도~""로 시작하네ㅋㅋ 댓글알바 너무 티나게하는거아니냐? 거 사장  알바쓸거면 교육 제대로 시켜라ㅋㅋㅋㅋ  "
20170612,3,이도 저도 아닌 영화 괜스레 시골에 있는 수 많은 옥자들만 바보가 됨  
20170612,10,봉준호 감독의 옥자 기대됩니다  
20170612,10,밑에분 공감ㅠㅠ 글렌ㅠㅠㅠㅠ  
20170611,10,스티븐연ㅜㅜㅜ 진짜 지방만 아니였음 레드카펫도 뛰쳐나가서 보러갈텐데 아쉽게도 못보러가네요ㅠㅠ 영화라도 꼭보러간다 내가진짜  
20170611,10,뭔쓰레기인가 했는데 예고편보고 박수침.. 이건 꼭 봐야지..  
20170611,8,영화개봉후에 평점보고 안보게 되는 일이 안일어나길....  
20170611,8,최고의 영화 혹은 최악의 영화가 될 듯 하다. 이 영화로 봉준호 감독이 거품인지 알짜인지 판가름 날 것이다.  
20170610,10,반대수 좀 심하다 생각하지않냐  
20170610,10,와 캐스팅 대박 폴 다노도있네!!!! 글고 주제가 참 신선 그 자체다  안볼수없엉><  
20170610,10,개봉이전부터 관심이 생긴다 믿고 보는 봉준호  
20170610,10,맨날 건달영화나 로코만  만드는 한국에서 봉준호는 한국영화의 희망이다.  
20170609,1,믿고 거르는 봉준호...  
20170609,10,봉준호 영화는 봉준호만 만들 수 있지  
20170609,1,영화계에 봉준호만한 거품이 또 있을까 싶다.  
20170609,1,그냥 노잼...흥행좋아하고 자빠졌네  
20170608,9,"뭔가 원령공주랑 비슷한 주제를 가지고있을것같은...소녀가 주인공이며 자연, 환경, 동물 등에 대한 메시지...!!!  "
20170608,10,보지도 않고 평테러 하지말자. 일단 봉씨 믿고 봐야됨  
20170608,10,정말 괴물을 뛰어넘은 수작이다 인생작  
20170608,10,아 이거 망할거 같다....망할거 같은 느낌이 너무 큰데....그러지 않기를 바라며 10점준다...  
20170607,10,별 관심 없었는데 캐스팅 보고 관람 결정!!!  
20170607,1,배우개스팅 좋네 .스티븐연 다시보니 반갑네 너OO때 내가 눈물젖은 치킨을 먹... ㅠㅋㅋ  
20170607,10,연관영화 미쳤냐ㅋㅋㅋ  
20170607,10,개봉할 날을 기다리고 있어요. 너무 기대됩니다.  
20170607,10,영화 안보고 10점입니다  
20170607,10,"이런저런 말 많아도, 디테일 봉감독 영화기에 기대가 되는건 사실  "
20170607,10,이영화의 기획이 브레드 피트!!!!  
20170606,1,"이런 뻔한 영화 안만들었으면 좋겠다. 왠 하마가 나오다니,  "
20170606,7,옥자야! ! !   일어나아! ! !  
20170606,10,기대되여! 근데 cgv 상영 안한다고 하네요ㅋ 미췬ㅋ  
20170606,10,믿고보는 봉준호!!  기대할 께요  
20170606,9,볼거리에 더해 철학적 주제도 있는 것같아 기대됩니다!!간만에 신선한 영화 대박 날듯  
20170606,10,국뽕은 믿지않는다 다만 빵형을 믿을뿐  
20170606,3,유전자조작을 좋게 보이려는 영화같다...  
20170606,4,한국형 크리쳐물 자연파괴 자연보호 눈물팔이 포스터만봐도 내용이 예상된다 뭐 대중영화니까 그렇게 만들어야지  
20170606,5,뜨기 힘들거같음 넷플릭스도 그렇고  
20170605,7,캐스팅은 괜찮네 이제 얼마나 끌어낼수있을지 지켜봐야지  
20170605,5,미치겠네 우리엄마이름이 박옥자인데 영화에 돼지새끼 이름이 왜 옥자야 ㅅㅂ 그래서 유치한 친구들한테 계속 패드립 먹네 그리고 옥자야 라고 부르는 이벤트는 또 왜 해서; 다 울엄마 이름 쳐부르네 단건다좋은데 돼지새끼 이름하나만 바꾸고싶네..  
20170605,10,와~ 예고편 보다가 스티븐연 하고 비슷한 인물 보아서 출연진 봤더니 워킹테드에서 죽은 글렌이 있었네 꼭 볼테야!  
20170604,10,천재 감독 봉준호 ~~ 믿고 보는 영화 상상이상의 소재로 영화를 만드는분  
20170604,10,어디까지가 가축이고 어디까지가 우리의 가족인가  딜레마를 제시하는 영화인가?  
20170604,1,곧 어둠의 경로로 다 퍼질거다.   시간은 곧 돈이 아니고 독이다.  
20170603,10,글렌이 나오니까 보고싶다.  
20170603,1,이것도영화인지참나  
20170603,1,재미없어 보이는데 이제 봉도 소진됐나? 설국도 좀 잠 왔음.  
20170603,10,제발 극장개봉 해주길ㅠㅠ  
20170603,1,줄거리만 봤는데 재미없을 것 같음 미스터고 같은 느낌? 그리고 영화를 배우보고 보냐 캐스팅충들  
20170603,1,제2의 디워가될듯 그리고 영화를 배우로 보나?  
20170603,9,조연으로 릴리콜린스가 나오네  
20170603,10,글렌이 나온다는 것 하나만으로도 옥자를 보기에는 충분하다  
20170602,10,재미있을듯 합니다. 재밌게죠~  
20170602,1,예고편보고 영화관은 안가기로함  
20170602,5,외국자본 들아간 이후로.. 퀄리티가 더 떨어지는게 눈에 보여서.. 일단 5점.. 개봉후 평점은 다시.. 지켜보겠습니다.  
20170602,10,캐스팅이 고급재료 봉준호가 과연 어떤레시피로 완성시켰을지궁금해지는영화  
20170602,1,CG 지린다 ㅋㅋㅋㅋ 무슨 14년전 CG 보는것 같다 ㅋㅋㅋㅋ  
20170602,10,내취향은 아니지만 감독이봉준호니깐 보는거지  
20170602,5,개봉전이니 일단 5점 예고편이 이렇게 지루하긴 처음...  
20170601,1,넥플릭스가 이런 영화에 300억 들이는게 믿겨지지 않는댜ㅋㅋ  
20170601,8,기대는 되는데 넷플릭스하고 협상은 잘되었나 모르겠네. 극장개봉을 먼저하고 인터넷서비스해야지 동시개봉하면 불법파일때문에 극장은 울수밖에 없다. 근데 극장개봉먼저하면 넷플릭스 설립취지에 어긋나니 솔로몬의 묘책이 필요해보인다.  
20170601,10,나 알바아닌데 봉준호 감독님은 우리나라 영화에 빛이나 다름없는데 무슨 살인의 추억같은거만 만드라는 인간은 무슨 개념없는 소리냐  
20170601,4,예고편 왜이렇게 끔찍해보이냐....그래픽도 그렇고 어린애가 구한다고 상경하는것도  ㅈㄴ진부하고....  
20170601,8,보지도 않은것들이  주디만 살았나 ㅋㅋ  
20170601,10,개봉전에 그럼 뭘로 따져야 하냐? 캐스팅이나 감독으로 따질수 밖에  없지 않냐?ㅋㅋ 그리고 크리쳐가 멋지고 파격적이여야 한다는건 무슨 개똥취향이냐ㅋㅋ  
20170531,1,사람들이 무슨 캐스팅만 보고 영화를 따지냐..봉준호는 괴물때문터 크리쳐들 생긴게 전부 멋지지도 파격적이지도 않고 이상하고 심심하게 만들더라.예고편도 지루하고...거기다 알바생들은 비공테러 오지네;;  
20170531,10, 준호형 제발 살인의추억이나 마더같은 영화 해주세요 형래형 따라하지 말고 ㅜㅜ  
20170531,10,처음엔 돼지이름이아니라 동네 할머니 이름인줄.  
20170530,10,한국인 여배우 안서현  이네  ㅋㅋㅋ  
20170530,4,예고편조차 재미없음이 밀려오는 영화는 첨인듯  
20170530,9,솔직히 평점 낮게 주면서 배우가 어쩌고 내용이 어쩌니 하는 애들은 솔직히 영화 제대로 본 적도 없는 애들 아닌가? / 옥자를 구하려고 몸으로 뛰어다니는 역인데 가녀린 아역이 어울릴까?  
20170530,10,봉준호감독이라 믿고 봅니다  
20170530,10,이영화제작자가 브레드피트라는건 아무도 모르는군  
20170529,1,호불호가 완전 갈리네.  
20170529,2,유명감독에 내용 좀 심오해 보이면 다 좋은영화인줄 아나?개나소나 칸영화제 초청  
20170529,10,재미없을것 같으면 보지마설치지 말고 괜히 영화 개봉도 안했는데 난리  
20170529,4,듣보배우 틸다 스윈튼은 봉 감독때문에  성공한 인생이 됨  
20170528,7,솔직히 기대가 반반임 반은 봉준호의 기대 반은 봉준호가 미국병이 도졌다고해야되나 설국열차 이후로 너무 헐리우드식으로 가서 살인의추억이후론 대한민국식 영화가 하나도 없음 그래서 좀 아쉬움이 있음  
20170528,1,해외 유명 배우들로 장착한 한국영화!!중요한건 내용은 그냥 중국영화와 비슷하다찾아봐라 괴물 나오는 영화 있다  
20170528,8,우리가 봉준호에게 바랄건 별로 없다. 그저 볼뿐  
20170527,10,완전 기대되는 영화지여.. 오케이^^  
20170527,1,이건아니자나 ㅎ ㅎㅠㅠ  
20170527,2,배우들은 지리나 줄거리 봤는데 재미없을듯  
20170527,7,"기대는 되는데, 괴물도 그렇고 설국열차도 그렇고 뭔가 오글거림. 살인의 추억이나 마더같은 거 계속 하면 좋겠음.  "
20170526,10,기대됩니다 dwd!옥자팡이팅!  
20170526,5,육류산업에 대한 메세지는 알겠는데... 너무 돌아가신듯??? 살인의 추억부터 설국열차까지... 감독의 성향은 이제 알겠는데... 메세지를 던지는 것과 영화의 완성도나 인기는 조금 다르거든요.  물론 개봉후에 대중이 평가 하겠죠.  
20170525,6,봉준호 감독 이제 괴물 같은 크리처물 만들지 않겠다고 말하지 않았나?  
20170525,10,믿고보는 코트 기대됩니다^^  
20170525,10,봉감독의 포스가 느껴지는 영화 같음 ..축산업의 현실을 옥자를 통해 보여주면서 인간과 동물이 어떻게 공존해야 하는지 생각을 하게끔 만드는 영화인것 같음...올해 최고의 기대작....  
20170525,10,축산물 도매시장에서 경매로 회사보다 선수쳐서 재산을 빵튀기하려는 소녀의 큰그림vs대량샌산으로 어마어마한 수익을 내려는 CEO의 큰그림  
20170525,5,한국배우 여주 대사 국어책읽는 느낌  
20170524,10,괴물 2 개봉하려나??  
20170524,1,한 번도 봉준호의 영화를 보고 뭔가를 느낀 적이 없다.  
20170524,5,솔직히 모르겠다.. 봉준호 감독이 설국 열차 때도 캐스팅은 화려했지만 솔직히 영화가 재밌지는 않았다. 기대감과 불안함이 섞여 있기 때문에 5점.  
20170523,10,예고편보는데 넷플릭스라서 스킵안하고 보다 한국말나와서 으잉? 하다 스티븐연 나와서 보기로 결심함  
20170523,5,이 영화는 SF 영화임  어린 소녀가 트럭 위에서 날라다니고 말이 됨  미국은 저 소녀를 연구해야됨 ㅋㅋㅋㅋ 예고 보면서 어이가 없음  
20170523,10,설국열차를 능가할 한국영화의 세계화 기대됩니다  
20170523,1,"제목부터,왠지 망작냄새가 나는데,,,,  "
20170523,2,"한국에선 해외 유명배우 나오고 적당히 버무려주면 국뽕심으로 천만 관객 나오니 넷플릭스가 이렇게 지극정성이지ㅋ 솔직히 동물과 소녀와의 교감,환경파괴,동물보호 이딴 스토리 진부하고도 진부한거 아니냐? 뽕ㅈ호,스티븐연,틸다 스윈튼 그러면 알아서 봐주거든  "
20170523,1,핵노잼일듯.. 괴물부터 설국열차까지 .. 의미를 주려고 무척 애를 쓰는 영화라는 느낌? 근데 이영화도 예고편 보니.. 비슷하네..  
20170523,10,예고편만봐도 내용 개슬플듯;;  
20170522,1,망스멜이 물씬 풍긴다 ㅋㅋㅋ 저 소녀가 납치된 정든괴물을 살린다 뭐 그런내용인거같은대  진짜 핵노잼일듯  
20170522,9,무척 기대되는군요. 전체적으로 뭔가 언밸런스한 느낌이 매력적으로 다가옵니다.  
20170522,8,예고편보고 내 코끼리 내놔!! 생각남..  
20170522,10,기대 됩니다. 꼭 보고 싶군요.  
20170522,1,뚜껑 까봐야 아는걸 또 개봉하기도 전에 언플 시작이다. 조만간 깡패처럼 스크린 점령해서 강제 천만 만들겠지 ㅉㅉㅉ  
20170522,10,하마 고기 먹고싶다....  
20170522,1,"봉감독은 왜 자꾸 살인의 추억 같은 대중영화를 만들지 않고 예술영화에 집착하나,,, 그저 안타까울 뿐,,,,;;;  "
20170522,6,무슨 내용일지 감도 안잡힌다구요..;? 아무리봐도 무슨 내용일지 훤히 보이는건 저 뿐인가요..  
20170522,5,예고편 봤는데 ...음...  
20170522,10,와 예고편 드뎌 나왓구나 ㅋㅋㅋ 소녀 누군가 햇더니 하녀에 나왓던 소녀네!! 근데 제이크지렌할이랑 폴다노는 같은 소속사인가 전에도 프리즈너스 같이 나왓는데 ㅋㅋ  
20170521,10,"봉준호, 사랑에 미치다  "
20170521,10,릴리콜린스 개이쁨 ㅠㅠㅠㅠ  
20170521,5,설마 진짜로 저 하마같은 돼지를 맛있는 삼겹살로 쓰려는 자와 그렇지 못하게 막는 어린 여자아이의 좌충우돌 스토리 이런 주제의 영화는 아니겠지.. 그럼.. 뭔가 반전이 있을거야 응..  
20170521,10,주요정보가서 밑에 연관영화봐라  진짜 욱긴다 ㅋㅋㅋㅋ  
20170521,10,캐스팅보소 지리겄네 헐리웃영화인줄  
20170521,4,"돼지찾아 산만리가 재미있을라나 결국 생명의 존엄성, 산업화의 어둠 운운하면서 의미부여 오지게 하겠지 그리고 국뽕에 취해서 영화 알지도 못하는 애들이 빨아 댈것이고  "
20170521,5,옥자 귀여우니까 일단 5점  
20170521,10,왜  아역 배우에 지들 이상을 반영하려고 하는거지....옥자를 찾아가는 당찬 소녀인데 가녀리고 신비스럽고는 뭐냐 진짜 ...생각이 없나....  
20170521,10,기대감 대박 영화소개할때 일본영화인가 보다 봉감독 감독에 여주인공 페이스 대박 신선!  
20170520,10,봉준호의 작품은 한국에서 찍던것들에 영혼이 있다 설국열차부터 이상하게 몰입도안되고 재미도 그닥;;; 그냥 한국에서 제작해서 만드는게 제일 좋을것 같다  오히려 그게  깐느에서 수상하기에도 좋을듯 왜 자꾸 허리우드를 기웃거리는건지;;  
20170520,2,줜나 재미없을것 같네 과대평가 쩌는 감독. 예고편보니 망필인데다가 객석 반응이 호불호가 심하다고하는데 호불호가 심한건 기대이하라는 소리임  
20170520,1,ㅋㅋ 홍보알바 진짜..질렌할이고 나발이고  
20170520,10,믿고 보는 봉준호~ 폴다노도 나오니 금상첨화  
20170520,9,영화 보지도 않고 한국적 요소가 들어갔다고 평가 절하하는 사람들은 영화 볼 줄 모르는 사람들이고 영화 볼 자격이 없다 그냥 집이나 밖 나가서 할짓없어서 영화 보는 사람들이겠지 ㅋㅋ 이런 사람들은 제발 영화 안봤으면 좋겠다  
20170520,10,메갈리안  한마리  나오는 영화네 ㅇㅇ  
20170520,3,티저때만해도 굉장히 기대햇는데 메인예고편보니;;;;왜 낚시당한 느낌이지;;;  
20170520,1,예고편만 봐도 노잼이겟다  
20170520,1,예고편만 봐도 노잼일거 같음  
20170520,1,아무래도 미스터 고 될 삘...  
20170520,1,예고편 보기전에는 기대만빵이였는데 예고편 보니까 완전 개 실망이네 배우가 아깝다 망필이네  
20170520,1,"봉준호 작품 ㅆㅅㅌㅊ인거 인정하는대 이번거는 글쎼다.. 그리고 기자들이 국뽕마셔셔 계속 좋다고 기사 내는대,, 망할거같다.. 울며겨자먹는 식으로 우리나라사람들은 재밌다고 평점 10점 박아대갰지만;  "
20170520,7,당연히 야구하는 고릴라새끼 영화보단 낫겠지만 현장 반응이 전문가와 일반관람객의 시선차이는 있을거랬는데 예고편만 봐도 그럴거 같다 예술과 메세지를 전하는 설국열차 느낌일거 같다  
20170520,10,봉준호잖아. 그 이름만으로도 충분하지  
20170520,1,예고편 봤는데 어이없는게 아무리 산골소녀라고 하지만 무슨 슈퍼맨 어벤져스 마냥 막 날라다니고 ㅋㅋ 이게머냐  
20170520,9,볼래요.손수건 준비 와 함께  
20170520,1,예고편만 봐도 글로벌하게 말아먹은 영화 느낌이 물씬...저렇게 기라성같은 배우들을 쓰면서 컨텐츠는왠 애니에서 나올법한 대형돼지라니 ㅋㅋㅋ  
20170520,1,예고편을 봤는데요 아무리봐도 너무 안어울림 차라리 애니였다면 모를까.. 티켓파워가 뭐길래 ..  
20170520,9,아역배우 안서현 액션연기 ㄹㅇ 기대된다  
20170520,10,"일단 존나 맘에 든다. 음악은 나른한데 메세지는 강력해. ㅅ팔 내스타인거 같기도하고,  "
20170520,10,예고편 되게 재밌네. 완전 기대됨  
20170520,10,식상하지않고 뻔하지않은 캐스팅이라는것만으로도.  
20170519,10,벌써 작품본거처럼 이야기하는 OO코리언들 개많네 ㅋㅋㅋ어디서든 아는거 없이 까대는 국민성 나오죠?  
20170519,3,구슬이 서말인데 똥만 쳐발랏니  
20170519,10,완전 기대됩니다 ~ ㅎㅎ  
20170519,6,한국에서 키우다 미국으로 잡혀가서 구출하는 내용인가..왜 굳이?  
20170519,6,옥자는 망삘인데 상엽이랑 질렌할이 더 기대됨ㅋㅋ  
20170519,10,본격 작은하마 건드렸다가 주옥되는 이야기  
20170519,8,왠지 불안불안 하다. 10  
20170519,10,https://www.theguardian.com/film/2017/may/19/okja-review-netflix-tilda-swinton-giant-korean-pig-cannes-2017가디언지 피터브래드쇼가 별 다섯개줬네요 안서현도 극찬하고  
20170519,10,예고편에 옥자가 왠지 아련해보인다! 슬플 것 같으면서 보고싶다! 옥자야!  
20170519,9,예고편 간간히 CG 대놓고 티 나보이는 부분이자주 보이는데 더 보완하겠죠? 예고편 내놓는답시고CG작업 덜 완성한걸테고..  
20170519,10,칸에서 반응을 보니 기대 되네요  
20170519,1,이 게 칸영화제에서 욕먹고 시사회를 중단했다는 그 영화냐?  
20170519,10,데본이 나오다니ㅠㅠㅠ 꼭 본다  
20170519,8,솔직히 기대는 마니 된다.  
20170519,10,아역도 드라마나온거 보니까 연기 잘하는아이던데 기대됩니다.  
20170519,5,미개한 사람은 영화관가서 볼것이고똑똑한 사람은 넷플릭스로 결제하고집에서 편하게 볼것이다  난 집에서홈시어터 빵빵하게 볼것이다  
20170519,10,봉준호 감독님 작품. 기대하겠습니다 !!!!  
20170519,9,글렌이 살아 돌아왔다...  
20170519,1,ㅋㅋㅋㅋ 예고편만봐도 개노답 노잼 ㅋㅋ  
20170519,5,이거도 반미프레임 교묘히 씌워서 만든건 아니겠지?  
20170519,8,예고편보니까 생각보다 재미있겠는데? ㅋㅋ  
20170519,10,사실 500억은 우리나라 영화 산업과 비교하면 크지만 할리우드랑 비교하면 큰건아닐걸요  
20170519,10,기대된다 옥자 식량돼지  
20170519,10,봉준호 영화의 소녀 캐릭터는 야무지고 강인해서 좋은거아냐? 오밀조밀 신비하고 가녀린 소녀를 찾으려몀 일본만화를 보셔요...  
20170519,10,난이래서 봉준호 감독님이 좋다니까~~왠지알아 외국배우들을 캐스팅해와서~~  
20170519,1,재미드럽게 없겟구만 pass  
20170519,7,크고 아름다운 옥자...  
20170519,10,예고편 음악듣고 반했어요 기대합니다 영화  
20170519,1,먹을게 없는 영화~~소문난 잔치에 먹을게 없구나!!  
20170519,10,Fgcfyggtfg  
20170519,1,cg꼬라지 보소ㅋㅋㅋㅋ  
20170519,10,폴다노 사랑해(쩌렁)!!! 옥자 영화 잘 뽑혀서 잘 되길 바랍니다!!!!  
20170518,3,도저히 기대가 안 되네...  
20170518,10,예고편만 봐서는 스토리가 뻔해보이지만 뚜껑은 열어봐야아는법이니까.. 영화 안에 반전이 있겠죠 뭐  
20170518,10,와 릴리콜린스 미모 미쳤다 개기대  
20170518,10,비공감 누르러 온 안티들 많네요. 그만큼 영화가 잘 될 것 같습니다. 옥자야~~  
20170518,10,늘 사회의 퇴폐적인 부분을 비판하시는 감독님 존경스럽습니다. 이번에도 옥자를 통해 사회를 비판하는 메세지를 던지시겠죠? 어린아이시점으로 보는 영화라..기대됩니다.^^  
20170518,1,불안하다.. 한국 감독들의 고질병이 봉준호 만큼은 피해가길 원했는데...이번 영화도 또 재미보단 예술추구일듯  
20170518,10,재밋겟다.. 센세이션하네  
20170518,10,예고편 보니까 생각보다 옥자가 너무 귀엽게 생겼네! 메시지가 잘 담긴 영화다 ! 내 생일에 개봉 해서 더 많이 기대된다!  꼭 봐야겠다!  
20170518,10,리버럴 컬트... 모든건 개봉성적이 말해줄듯 (봉슬람들 설레발 오진다)  
20170518,1,봉준호판 디워...  봉준호도 이제 끝인가 보다.  
20170518,1,작품성이라고는 찾아볼수없는 배우 캐스팅에만 몰빵한 쓰레기영화  
20170518,1,이런 뻔한 반정부적 감동스토리 지겹지 않나?? 아휴...  
20170518,10,"응 보지도 않고 예고편만 보고 무조건 까고보면 자기가 뭔 박평식, 이동진이라도 된 듯 착각하는 한심한 인간들  "
20170518,1,예고편을 보고 깨달았다. 이 영화의 제작비가 무척 높은 이유는 기획 때문이 아닌 캐스팅에 다 쏟아 부었나보구나.... 배우의 인종만 바꼇지 흔히 볼수있는 한국영화잔아....  
20170518,1,정말 여주 어린이 미스캐스팅에 CG도 어색하고 배우들과 부조화가 심하네요;; 손발 오글거리는 줄..  
20170518,10,고생하셧어요 기대됩니다. 멍청이들은 여전하네요  
20170518,1,예고편 봤는데 진짜 급식들 이하수준...이게 칸경쟁 진출이라고? 웃음밖에.안나온다할리우드 배우들은 저딴식으로 쓰다니..봉준호 같지가 않을뿐이다...  
20170518,1,저런 유명한 할리우드 배우들 써서 똥같은 영화 만드네 봉감독 미국뽕 맞더만 거하게 말아잡수겠네  
20170518,10,우와 중간에 브레이킹배드 거스도 보이네; 반가운 얼굴들!  
20170518,1,진짜 전작들과 비교해도  뻔한 cg에 너무뻔한 스토리에  어린아이 데리고 너무 억지감동만드려는거같고 하아... 왜케 봉준호감독님 작품은 괴물이후로부터 다 거기서 거기같은느낌일까 하나도 발전하지못한것같음  
20170518,6,별기대되지 아니하네요.  전작 설국열차 처럼 인펙트 없고 문제만 제시 하겠네요.  
20170518,10,출연진 캐스팅이 제정신이 아니구나...  
20170518,10,저 소녀 누군가 했더니 영화[몬스터]에서 위험에 빠졌던 그 소녀 맞네.역시 봉준호 감독답다.  
20170518,10,기대돼요!!!  빨리 나오면 보고 싶어요~  
20170518,10,질렌할 나오는 영화는 80퍼센트 다 재밌다. 고로 볼것이다.  
20170518,10,디즈니 애니 실사판 같음..여자애도 애니틱함..그래서 제미가 없진 않을것 같음..우선 소재가 아주 특이해서 좋음 ㅎ  
20170518,1,스토리만 딱 봐도 10 노잼  
20170518,8,"스토리가 전혀 재미있을 것 같지 않은데, 어떻게 풀어낼지. 거장들이 갈수록 재미없는 영화만 만들어내니, 기대반 걱정반입니다.  "
20170518,5,"괴물땐 배두나였고, 설국열차에선 고아성.. 다르지만 왜 비슷해보이는 걸까요?  "
20170518,10,글렌~~~!!!!♥  
20170518,10,스티븐 연까지 배우들도 현실을인것처럼 연기하고 그자체인 배우들까지 빨리 보고싶네요.  
20170518,10,기대됩니다 예고편보고 눈물이 ㅠㅠ  
20170518,1,신자유주의 콘텐트 OEM 에 이용당해주는 뽕준호  
20170518,10,방사능맞아야 커지나 유전자조작이나 교배로 커질수도 있는거지 히어로물 판타지물 sf물 호러물 보면서도 저게 어찌 가능하냐 이러고 있겠지 영화를 영화로 보지못하고 일차원뇌에 맞는 일차원적인 생각  
20170518,10,봉준호는 한국을 뛰어넘어 세계에서 사랑받는 감독이 될것이다  
20170518,10,포스터 부터 역시 봉은 다르다 ㅜㅜ 아씨 겁나 기대된다고 ㅜㅜ  
20170518,1,"또 개노잼인걸 ""봉준호스럽다""하면서 10점줄듯 OO들 ㄹㅇ  "
20170518,10,예고편 보니까 꼭 보고싶다  단순한 영화가 아니라 인류에 메세지를 전달하는 좋은 영화 같네요  
20170518,1,왜 D-WAR 가 생각나는거지....  
20170518,9,내가 한국영화중 유일하게 돈주고 극장가서보는 감독이 딱셋있다  박찬욱.나홍진 . 봉준호  
20170518,9,오~ 워킹데드 글렌 나온다!!  
20170518,7,연출은 꽤 준수하게 할것 같지만 관객의 공감대를 끌어내는건 실패할꺼라고 예상한다.... 뭐 뚜껑은 열어봐야 알겠지만...  
20170518,1,존나 억지설정 슈퍼돼지가 어떻게 나온거지? 방사능 맞아서 나온건가? 방사능 맞아서 생긴거면 먹지도 못할꺼 아냐? 그리고 돼지랑 딩굴딩굴 놀던 어린애가 근육이 어디있어서 달리는 차에서 떨어지는걸 잡고 버티냐? 설정 진짜 별로다. 그냥 메세지는 하나야  
20170518,10,ㄷㄷ..볼꺼야..대박쓰  
20170518,10,화이팅 입니다 !!!!  
20170518,9,이걸 미스터 고 같다는 사람들은 생각이 있는 사람들인가.. 옥자의 동물 설정 자체가 우리 사회를 풍자하기 위한 장치인데 그딴 고릴라 그래픽 홍보하는 영화와 비교하다니.. 이런 창의적인 아이디어나 내라 한국 영화 제발  
20170518,9,헐 워킹데드 스티븐 연도 나오네  
20170518,9,아기코끼리 점보같네 신기하구만  
20170518,5,살인의 추억 이후로 시간이 멈춘거 같은데  
20170518,8,옹박2랑 프리윌리 합성했을삘.  
20170518,9,뭔가  색다른 영화일거란 예감이네요..빨리 보고싶네요.  
20170518,10,괴물 + 설국열차 느낌이 나네요 인간과 슈퍼돼지의 대결이 아니라 슈퍼돼지를 지키려는 소녀와 슈퍼돼지를 죽이려는 사람과의 대결!!! 즉 인간 대 인간  
20170518,1,"배우가 틸다스윈튼, 제이크질렌할 나온다길래 솔직히 기대많이 했었는데 이건 좃망냄새나는데 영화가 나왔을때 스토리랑 모든걸 봐야알겠지만 지금까지 나온 예고편을 봤을때는 솔직히 보고싶은마음이 없어진다. 미안해요 봉준호감독님 망할것같은 예상입니다.  "
20170518,10,느낌이 온다. 대박의 느낌이!  
20170518,7,"제목만 보고 봉만대감독 인줄,,,  "
20170518,9,돼지가 아니고 하마 아니냐..  
20170518,1,예고편만봐도 뻔한스토리 옥자일병구하기  
20170518,10,스티븐 연이 나온다구요?!?!헐 이건 무조건 봐야됩니다  
20170518,10,"maggie, i will find you  "
20170518,5,예고편을 보니 살인의추억 봉준호를 기대하고 보면 실망이 클수있을듯 현실적으로 가족이랑 보기 괜찮은 영화정도로만 나왔으면 좋겠어요  
20170518,1,서양이면 서양이고 동양이면 동양이지 꼭 짬뽕시켜야겠냐 한국배우 한국배경 한국적 스토리만으로도전 안하는건 프라이드가 없다는거임  
20170518,9,봉감독이면 믿고 봅니다. 틸다 언니 고마워요!  
20170518,10,예고보고 소름이 옥자 너무 귀엽고 ^^ 온가족이 모두 보러 극장으로 갈 예정입니다. 넷플릭스 좋은 영화 만들 수 있게 투자해줘서 고맙네요.  
20170518,1,설국열차때도 그랬는데 끝내주는 외국인 라인업에 억지로 한국인 꾸겨넣은느낌.. 꼭 서양풍의 영화에 동양적인 아역배우를 넣어야만 하는가  
20170518,10,믿고 보는 봉감독님 영화!!ㅎ  
20170518,1,예고편 보니 제2의 미스터고 ㅜㅜ  
20170518,3,글로벌자본과 김치삼겹살콘텐츠의 위대한 망작  
20170517,1,봉준호 대놓고 코쟁이영화찍네  
20170517,10,무조건 봐야 합니다. 봉준호 감독님의 영화라는 사실 만으로 제 돈을 지불할 가치가 있습니다. 기대됩니다  
20170516,9,제이크 질렌할 도 모잘라 폴 다노 까지!! 일단 9점 먹구 가자 ㅋㅋ  
20170516,10,"안서현 수욜 학교 안온다는게 영화제군~~ 단역, 조연 만하다 드디어 주연이구나~~  "
20170516,1,옥자 이름 이쁘다 차기작은 춘섭이 어떤가요?  
20170515,5,다 좋은데 윤제문이라니.. 음주운전 세번은 넘 심했잖냐.. 아무생각없이 영화 구경하다가 배우 목록에서 이름 발견하자마자 기분 씁슬하네..  
20170515,10,어떤 영화일지 전혀 감이 안와~~  
20170515,10,폴다노도 나오네.. 연기에 미친 양반들만 나오네 ㅋㅋㅋ  
20170515,10,정말 기대된다^^~!!!  
20170515,10,드디어 개봉하는군요~믿고보는 봉준호감독님  
20170515,10,정말 기대 됩니다~^^  
20170515,4,얼렁뚱땅 봉준호와  수입식품 같은 배우들의 어거지 합작  
20170515,10,꼭 봐야지.... 근데 옥자가 돼지?  
20170515,8,개인적으로 릴리콜린스 좋아하는데... 영화 잘됬으면 좋겠다  
20170515,2,루시 같은거냐?....하ㅋㅋ  
20170515,10,보고싶다 빨리 보고싶다  
20170515,10,엄청나게  감동적일거같아요  
20170515,1,1년안에 cgv에서 볼듯하네 그때 평점 써야겠다  
20170515,10,워킹데드 글렌 나오네..  
20170515,8,국산 영화에서 보기힘든 헐리웃 스타들이 캐스팅 되서 기대는 되지만 줄거리는 포스터 보는순간 괴물하고 비슷하거 같아서 8점정도면 적당할듯  
20170514,9,캐스팅을 보니 명배우들만 나와 엄청 기대되고 더불어 내용도 자연스럽게 기대하게 되네요. 영화관에 나오면 1순위로 보고싶은 영화.  
20170514,9,너무 뻔한 상징만 아니면 좋겠어요ㅎㅎ 봉준호니까 믿고 봅니다~~갠적으로 봉준호가 판의미로나 제로법칙의 비밀같은 영화 감독.. 그 테리길리엄이랑.. 길예므로? 같은 감독이 되면 좋겠어요ㅎㅎ 저 영화만 봐서 그런가ㅎㅎ 승승장구하세요~~!!  
20170513,10,와 이거 대박.ㄷㄷㄷㄷ  
20170511,1,아직 예고편도없이 6월개봉인데 재미 없다는증거  
20170509,10,보고싶어요 근데 이 영화 미국제작사에서 만들어서 미국영화래요  
20170430,10,조연에 연상엽 지금봤다 개스팅 오지네  
20170426,8,"봉준호 감독의  영화 시놉을 보았을때 나의 표정ㅇ.ㅇ??  보고 난 후의 표정  ㅡㅅㅡ!!몇 줄의 시놉만 들었을때 황당무계한 영화(괴물,플란다스의 개 등)들을최상의  조합으로 창조하여 완성해 내는 출중한능력을 믿기에..옥자도기대됩니다  "
20170423,10,내 예상으론 평점7점 정도에 전문가 점수 6점 정도 받을꺼같네 내용이 진짜 도박인거같음  
20170419,10,미친.. 스티븐 연.. 최우식.. 하.. 두번 세번 여러번 봐야겠네  
20170415,10,우리나라 참 이상하다. 오히려 과대평가 받는 류승완을 과소평가 받는다고 치켜세우고 우리나라 명실상부 최고감독을 깎아내린다. 그리고 넥플릭스 영화가 무슨 칸이냐고 한 군함도 팬들..결국 군함도는 가지도 못하고 옥자가갔다. 군함도 작품성은 알만하겠더라  
20170415,8,"옥자,추영,재심 이 영화들의 공통점은 내 친구 이름임~ -_-  "
20170415,1,포스터에 폴 다노인 줄 알았어요 ㅎㅎㅎ  
20170415,1,아직 보진 않았지만 한국영화 기대가 되네요.  
20170414,1,제목부터 한심하다. 살인의 추억은 얻어걸린듯..  
20170414,5,표지보고 박나래인줄ㅋㅋ  
20170414,6,폴 다노 나오네.. ㅣㅣ  
20170414,10,완전 기대된다~~ 믿고 보는 넷플릭스~~ㅋ  
20170414,7,예고편만 보면 영구와 아기공룡쭈쭈  
20170414,2,디워같이 노잼 예상 ㅎㅎ  
20170414,10,보고싶네요 ^^ 봉감독님 모든배우 스텝분들 수고하신득 캐스팅분들도 ㅎㄷㄷ 이라고 들었음 기대됨  
20170414,9,도대체  무슨 내용인지 전혀 모르겠는데.. 그냥 개봉을 기다리며!  
20170414,10,뭔 내용일지는 감도 안 잡히는데 믿고 보는 봉중호니깐 기대중 ㅋㅋㅋㅋ  
20170414,10,스티븐연 나와서 십점 줌ㅋㅋ  
20170414,9,영화를 볼때 어떠한 리뷰나 tv에서 방영하는  영화프로그램을 보지 않고서 봐야 스토리가 주는 신선함을 받는데... 나도 모르게 전문가들 리뷰를 봐버렸어... 그 동물의 정체도... 아놔...  
20170414,10,옥자 칸 경쟁부문 진출 진심으로 축하드립니다^ ^  
20170413,10,제작자가 브래드피트 감독 봉준호 기대해 봅시다  
20170411,1,좌준호 또 이상한 힙스터스러운 영화 만드네 ㅉㅉ 갈수록 이 사람이 살인의추억을 만든 그 양반이 맞나 회의가 든다.. 이제는 살인의 추억은 봉준호한테 과분한 필름이었다는 데에 확신이 섰다. 봉준호가 살인의추억을 만든 건 기적이었다  
20170406,1,기대되내요 흉작이 ㅉㅉ  
20170405,10,늘~ 기다림~ 김문♡  개봉빨리해주세요~~  
20170404,10,티저만 봤는데 벌써 눈물남...  
20170403,10,제작 브래드 피트도 있네  ㄷㄷ 캐스팅 대박에 이건 또 뭐람  
20170403,10,천재감독님 기대 됩니다  
20170402,10,제작이 빵집형이라니 ㄷㄷㄷ  
20170328,10,연관 영화 보소 ㅋㅋㅋ 약 빨았넼ㅋ  
20170326,6,외국에선 극장개봉 안하나요? 비디오용 영혼가 그럼  
20170325,10,오우 스티븐 연도 나오잖아 오우 오우  
20170318,9,솔직히 배우캐스팅이나 감독만 놓고보면 그냥 걸어가는 것만 찍어도 재밌을것같은 어마어마한 라인업  
20170318,5,살인의 추억을 보고 한국에도 이토록 흡인력있고 억지스럽지 않은 흐름을 가진 감독이 있었구나 했는데 그 뒤론 다 기대에 못미친다.  
20170313,7,질렌할 땜에 7점주는데.. 요즘 봉감독의 수준이..음..  
20170308,6,흠.. 폭망의 기운이... 봉감독 설국때부터 조징이 보였지.. 괴물은 얻어걸린거고..  
20170308,1,음주운전 전과자도 출현하네...ㅎㄷㄷ  
20170308,9,포스터에 윤택 넣으면 나는 자연인이다  
20170307,10,안서현 물건인데 역시 봉준호 감독 안목있어 ㅋㅋㅋ  
20170305,10,벌써 옥자가 사랑스럽다  
20170304,5,"얼마나 잘 조화될지를 봐야지 , 녹아들지 못한다면 당신들이 기대하는 저기 할리웃 배우들은 그냥 흥행도구일 뿐.  "
20170304,10,야 근데 출연진 보니까 빌나이는 안나오던데 왜 자꾸 빌나이 빌나이를 찾냐 출연진이 아니라 스텝진으로 참가하는거임?  
20170303,5,봉준호는 안믿는데.. 브레트피트 제작은 믿는다  
20170303,10,와.. 뭔데 브래드피트 총괄 프로듀서 뭔데 대박... 빵형 총괄프로듀서 인거 나만봄???  
20170302,10,"봉준호 감독이 만들었다면 '감자', '분자', '미자'여도 본다.  "
20170302,9,캐스팅에만 제작비 절반 이상 썼겠네.너무 위험한 모험 같아 ㅜ. 제발 제2의 심형례가 되지 말길. 기대해봅니다.  
20170302,10,무진장 기대하고 있다....  
20170302,9,어서 오시게~~ 콜린스~~~^^  
20170302,10,한국영화계에 올것이 왔구나  
20170302,8,재발 돈만 쳐바른 영화가 아니기를빌며  
20170302,10,조연에 브레이킹배드 거스가 캐스팅되다니.. 진짜 지림 ㄷㄷㄷ  
20170302,8,총괄 프로듀서가 브레드 피트라고 나와있는데 내가 아는 그 브레드 피트 맞나?  
20170302,10,캐스팅은 지려버리겟네... 제이크질렌할이랑 브레이킹배드 치킨집사장아저씨 나오네 ㄷㄷ  
20170301,10,브래드피트 총괄제작 ???오졌구요 기대된당  
20170301,9,예고만 봐도  옥자 불쌍함 ㅠㅠ 사람이 젤 나쁨 ㅠㅠ  
20170301,10,돌자 옥자 모자  손자 하자 ㅋㅋ  
20170301,9,캐스팅미친거아님? ㅋㅋㅋ폴다노에 질레한에 릴리에 틸다에 ㅋㅋㅋ미친듯  
20170301,10,케스팅은 번지르르하네  
20170301,10,두 유 노우 옼짜?  알 유 옼쫘?  
20170301,10,아직 티저 예고편만으로는 이르지만 강렬한 느낌이 있을 것 같은 영화. 연출력과 시나리오면에선 봉준호 감독이 최강.  
20170301,10,와.. 릴리 콜린스라니... 안볼수가 없네 ㅠ 재밌길 바라며  
20170228,10,옥자야 옥자야~ 한마디에 소름 쫙  
20170228,8,좋은 영화네요...희명이와 옥자의 아름다운사랑 그리고 차갑게 돌아선 희맹이의 마음이 가슴깊이 와닿습니다 둘이 결혼할쭐알앗는데 결국 결혼은 다른사람과 하는 모습이 눈살을 찌푸렷습니다 그래도 희맹옥자 포에버 응원합니다  
20170228,10,제이크 질렌할에 총괄 프로듀서가 브래드피트 ; 근데 제목이 옥자네  
20170228,5,여배우 좀 이쁜애 좀 캐스팅 하지  
20170228,2,제목부터노답이내 도대체제목 무슨생각으로지음? 이해가안되내 옥자가머냐 옥자가 어휴 제목짓는거보게 자옥이라고하지왜  
20170228,8,아니 브래드 피트 제작이라고? 그것도 총괄 프로듀서로? 허허 이것참 게다가 제이크 질렌할 주연 스티븐연조연이라니. 그냥 팬심에서라도 봐야지 허허.. 일단 8점 깔고갑니다  
20170228,9,꼭볼래요 ㅠㅠ제이크질핸랄 ㅠㅠ  
20170228,1,미국 배우들은 유명한데...예고편으로 봐선 아직까지 무슨 얘기인지 몰겠네요ㅠㅠㅠㅠ  
20170228,10,내 얼굴 어플로 연예인 닮은 꼴 찾으면 이 사람 나옴. 거기다 일치도 99%란다. 젠장. 힘내슈.  
20170228,10,"틸다 스윈튼, 제이크 질렌할이라니 괴물이고 머고 이 두 명 때문에라도 본다.  "
20170228,1,이상하게 기대가 안되지-___-;;; 설국열차는 진짜 아니었음 ....  
20170228,10,"막강 캐스팅, 한국의 워쇼스키  "
20170228,10,한국영화라는 것에 의미가 있다.  봉준호 화이팅  
20170228,5,망할삘이 스멜스멜 느껴짐.  
20170228,10,인터뷰에서 괴물만들때 예산부족으로 씨지 계약 엎어지고 영화 불발될 위기에 처했을때 진심으로 자살을 생각했다는 말씀을 하셨는데 끝까지 포기하지 않고 드뎌 라이프 오브 파이 트수효과 감독이랑 퀄리티 쩔게 만들다니...참 인생 멋지다. 응원합니다.!!!  
20170228,5,왜 네버엔딩 스토리가  떠오를까?  
20170228,10,"제이크 질렌할, 릴리 콜린스 감자는 먹어 봤니?  "
20170228,10,글렌!!!스티븐연이랑 최우식 나온다..!!  
20170228,10,무조건 봐야지 이건 . 메인 예고편 얼른 나와랏  
20170228,10,코끼리 새끼인줄 알았네 ㅋㅋ 티저 예고편 보고 더 궁금해졌다 ㅠㅠ  
20170228,1,설국열차 만든 꼴보면 딱봐도 노기대지.  
20170228,1,개거품 하 장난치나 맨날 원작있는거 가지고 장난질하는 도대체 뭘 잘만든다는건지 이해 할 수 없네ㅎㅎ  
20170228,10,아니 연관영화 뭔데 ㅋㅋㅋ  
20170228,2,봉준호 이상하네. 무슨 고아성 형 얼굴 패티쉬네.  
20170228,7,콘스탄틴에서 가브리엘로 나온 여자네  
20170228,10,봉준호 감독 영화는 안보고 10점임.  
20170226,10,헐 뭐야뭐야 틸다스윈튼 나오네 거기다가 한국이배경이네 미쳤네 워메  
20170207,10,제이크질렌할과 옥자의 조합 상상도 못한 조합  
20170206,10,왘ㅋㅋㅋ릴리 콜린스랑 스티브연까지...캐스팅만 해도 어마어마한듯ㅋㅋ스티븐 연 여기서 보니 반갑네요ㅎ워킹데드에선 못보게 됐는데  
20170206,10,이건 2017년 영화중 갑이네.  
20170203,5,우리나라 배우들은 빼라.신비감 깨짐.  
20170202,10,무슨 내용일지 짐작조차 할 수가 없다. 캐스팅은 정말 대박! 하지만 옥자 역할을 좀 예쁜 애 좀 넣지 저게 뭐야.. 설국열차 고아성도 그렇고  
20170127,10,내가조아하는 제이크다 대박  
20170125,10,에???? 대박 이거 실화인가요캐스팅이며 감독이며 지리네요  
20170125,10,2017년인데 언제 나오는거야!!!  
20170121,10,봉준호 감독 자체로도 10점인데 캐스팅이!ㅎㄷㄷ  
20170121,10,제목이 왜요?간단하고 괜찮구만글구 외국인들은 숙자든 말자든 촌스러운건지 잘 몰라요  
20170118,10,나두 진심 기대 하고 있는 작품인데.. 열성팬인데 이것만은 바꿨으면 좋겠당.. 제목이.. 옥자가 좀 걸린다. 한국뿐만 아니라 해외까지 배급 한다고 하던데..  
20170118,10,도대체 뭔내요일지 짐작조차 안된다 ㅋㅋ 강원도소녀이야기에 이런 화려한캐스팅이라니  
20170115,7,"사진 신정환인줄..,.,.,  "
20170110,10,예고편 언제나와요???ㅠㅠ 틸다누님 보고싶어요!!  
20170110,10,연관영화 뭐야 네이버 이놈들아!!!ㅋㅋㅋ  
20170110,10,캐스팅 지린다 ㄷㄷ;;;  
20170110,10,"훌륭한 감독에 그에 맞는 캐스팅/  제이크 질렌할 ,틸다 스윈튼  "
20170110,8,봉준호 감독 다 괜찮은데...옥자는 일본식 이름..옥자 금자 춘자 일제시대 때 넘어온 이름들  
20170110,10,강균성인줄 ~~ㅋㅋ~ㅋㅋㅋ  
20170110,9,틸다 스윈튼이 옥자면 되게 웃길텐데  
20170110,1,강균성인데? 핵씹노잼각  
20170110,10,무조건 봐야되는 캐스팅이다  
20170109,10,캐스팅 보소...ㄷㄷ  
20170108,10,와.. 한국영화에 내가 이렇게 많이 아는 외국배우 나오는거 첨이네 ㄷㄷ 총괄프로듀서부터 브래트 피트 클래스 보소  
20170105,10,너무 기대되서 미칠것같아..요  
20170104,1,망작의냄새가 난다  이를어찌하냐  
20170102,10,대박~!!! 완전 캐스팅 대박사건~!!!! 완전 기대기대!!!  
20170101,10,"헐리우드 영화라해도 미친 캐스팅인데 이게 봉준호 감독 작품이라니,,, ㄷㄷ  "
20161229,10,ㄹㅇ 내용은 한국에선몰라도 외국에선 망할각 근대 잘  됫으면  
20161229,10,미친 폴다노 한국오나요  
20161226,10,ㅋㅋㅋㅋ브래드피트가 총괄 프로듀서 ㅋㅋ지렸다  
20161225,10,왜 아무도 스티븐 연얘기를 안꺼내지? 그리고 이영화 캐스팅 지린다 ㄷㄷㄷ 스티븐연도 좋은데 틸다 스윈튼이라니ㄷㄷㄷ  
20161225,10,제 이 크 질 렌 할 ㅅㅇㅅ 핡 감사합니다 봉준호감독님 ~  
20161224,9,스티븐연 나오면 꼭 봐야지?  
20161224,10,해외 제작사랑 합작인데 브래드피트 제작사도 있네요ㅎㅎㅎ  
20161217,10,스티븐연 보러감 분량 많아라  
20161127,10,캐스팅 끝장나네요. 질렌할에 네팔마법사에 존예콜린스에 브레이킹배드 존재감지리는 거스형님에 이번에 하차하신 글렌성님에 잘보면 제작진에 빵형님까지 있음 ㅋㅋㅋ  
20161120,10,도저히 어떤 내용일지 상상도 가지 않는다.  
20161118,10,세상에 미친 데본보스틱이다캐스팅 미쳤어  
20161117,10,ㅜㅜ스티븐연 보러갈게용  
20161114,9,머고이거 ㅋㅋㅋ 설국열차 우정출연인가 !  
20161114,1,재발 그냥 전부 외국인만써서 진짜 인정받는 감독되셨으면 좋캤다 왜 자꾸 어거지로 한국인들 쓰는거지?? ;;  
20161110,10,와중에 캐스팅 ㅈ되네;  
20161108,10,도대체 어떤 영화일지 감이 전혀 안잡힌다. 그래서 더욱더 빨리 보고싶다.  
20161108,7,스토리 보니까 내용이 완전 망삘인데 그래도 봉준호니까 기본은 하겠지  
20161101,6,글쎄요?봉감독 영화 한국인으로서 응원은 하지만 살인의추억 하나가 그의 대표작 아닌가요?..괴물은 뭐...그냥 웃기고요 설국열차때의 좋은 라인업으로도 말아드셨는데..이번엔 슈퍼돼지로 잘한번 해봤으면  
20161025,10,글렌이 이영화에 출연하려고 죽다니ㅠㅠ  
20161023,10,빨리 보고싶습니다..  
20161021,10,글렌 죽어서 여기 있는거 아니겠지 ...  
20161016,10,저는 다른 배우도 좋지만 워킹데드 팬이라 스티븐 연이 제일 기대되네요 ㅠ 글렌이 네간 방망이에 죽을거라고 말이 많아서 슬프거든요 ㅠ 워킹데드 스티븐 연 없음 무슨 재미로 보나요 ㅠㅠ  
20161009,10,미쳤다 제이크 질렌할과 릴리 콜린스라니....  
20161007,10,총괄 프로듀서가 브래드피트 ㅋㅋㅋ 개허네  
20161006,10,릴리콜린스..♡ 믿고본다  
20160929,10,"제이크 질렌할, 릴리콜린스~ 넘나 바람직한 캐스팅인것!무조껀 보러가야대!!!!  "
20160928,10,릴리콜린스! 블라인드사이드에서 처음보고 완전 반한배우!  
20160926,10,변희봉+봉준호의 조합은 실망시켜준 적이 없던것 같아요~ 가장 봉감독 스타일에 어울리는 배우가 변희봉님이라고 생각합니다  
20160918,10,와 스티븐연 있다ㅠㅠㅠ너무 젛다  
20160918,10,라인업 미쳤네요...ㄷㄷㄷ완전 기대되고 꼭 영화관에서 봐야할 영화!!!!  
20160916,10,이건 꼭 봐야됨!!제이크 질렌할눈빛 넘 좋아 ..미쳤어!!  
20160910,10,옥자 성우 천만요정 아닐런지.  
20160909,8,왜 이름이 옥자일까 봉테일 답게 그안에 많은 의미가 있을것 같다  
20160904,10,빨리 개봉해주세요. 현기증 난단말이예요  
20160828,10,미래에서 보고왔습니다. 이 영화는 새로운 역사를 쓸 것입니다.  
20160828,10,스티븐연도 나온다!!!! 글렌!!! 꼭 봐야지  
20160825,10,질렌할에 릴리콜린스 ㄷㄷ 무조건봐야지  
20160823,10,뭐 이건 봐야지 예예 열자  
20160821,8,어떤 영화가 나올지 상상이 안간다....  
20160819,10,응 틸다 제이크 10점ㅋㅋㅋ  
20160814,9,와 릴리 콜린스 대박! 백설공주에서 정말 이쁘게 나왔는데  
20160809,10,와 초역대급 캐스팅이네 ㅡㅡ...심지어  총괄프로듀서가 브래드피트 ㅋㅋ 와나 ㅋㅋ  
20160805,10,데본 보스틱이라는 배우가 완전 조연으로 나오다니...스케일을 벌렸구나... 주연들은 말할것도 없고 우선 캐스팅이 절반은 먹고 들어가는듯  
20160803,10,호.... 봉준호감독이라 기대되네용  
20160729,10,돌았네 진짜 ㅋㅋㅋ 프리즈너스에 나온 질렌할과 폴다노까지 ㅋㅋㅋ 살아있네  
20160727,10,"안서현양은 이미 드라마나 영화에서 좋은 연기를 보여준 친군데 너무 걱정하지만 마세요 봉준호 감독에, 유명하고 굉장히 실력파인 배우들과 호흡마친 작품이니 좋은 성과를 나타낼겁니다. 화이팅  "
20160723,10,무려 브래드 피트가 총괄프로듀서다...옥자 성우 틀림없이 고아성일듯...(웃음)  
20160707,10,제이크 질렌할의  연기력에 대해 아주 잘 아는 관객들이라면봉준호가 아니어도 보게되잇다  
20160702,1,배우좋으면 뭐함? 설국열차때는 배우가 구려서 그딴 진부한 스토리를 내놓음?  
20160630,7,박찬욱 김지운 봉준호 영화는 꼭  챙겨보기에 반드시 극장에서 보긴 하겠지만 이번엔 다른 봉준호의 작품과는 달리 한번 보고 또 보고싶어지는 영화가 나왔으면한다.  솔직히 전작들은 한 두번 보고 나면 또 보고싶어지지는 않았다.  
20160629,10,무슨 내용인지 전혀 모르겠지만 궁금하다 줄거리가 더 나왔으면  
20160626,7,봉준호...어려움 을 담지말고 심오함을 담았으면..  
20160623,10,브래드피트가 총괄 프로듀서에... 제이크에.. ㄷㄷ  
20160612,10,봉감독은 실망 절대 안 시킴  
20160607,1,하... 아무리 봉준호라도; 헐리우드 스타들을 감당할 그릇이 될런지 모르겠다  
20160530,10,이건 뭐 캐스팅이 죽이네.... 반가운 얼굴들이 왜케 많아... 스티븐연까지  
20160528,8,릴리 콜린스 기대됩니다.  
20160528,10,최우식×봉준호감독님 이번영화로 다음영화에도 함께 이어가면좋겠어요♡ 촬영조심히하고 우식오빠 기대할께요♡  
20160526,10,머야 이 영화... 캐스팅 쥑이네... 스티븐 연까지...  
20160526,10,배우들도 배우지만 제작자에 브래드 피트 ㄷㄷㄷ  
20160525,10,데본 보스틱 흥해라~~  
20160524,9,더놀라운건 총괄 프로듀서가 브래드피트임 ㅋㅋ쩌네  
20160522,10,이 영화는 대박친다  진심  
20160521,10,캐스팅이 와 미쳤다ㄷㄷㄷㄷ  
20160518,5,설국열차  기대감만 높이고 난 재미없게 봐따 옥자 글쎄...줄거리 부터 별로라는 느낌이  
20160517,10,제이크 질렌할-틸다스윈튼-빌 나이-변희봉-스티븐 연...와 배우진이... 봉준호 감독 요즘 미국에서 노시네..  
20160516,10,빌 나이 출연 불발됐다는 기사가 있던데 어느게 진실인가요? 아시는 분  
20160516,10,와..제이크질렌할 꼭본다  
20160515,10,릴리 콜린사 때뮤네 본다  
20160513,10,와 제이크 질렌할 진짜 와.. 보기도전에 감탄사밖에 안나온다  
20160510,10,캐스팅이 아주 그냥 미쳤어ㅠㅠㅠㅠ진짜 이건 꼭 본다..개인적으로 스티븐연ㅠㅠ연상엽씨ㅠㅠㅠ조연이지만 기대할게요!!  
20160506,8,제이크 질렌할이랑 폴 다노는 진짜 충격적이네. 안볼수가 없게 만든다.  
20160427,10,총괄 프로듀서가 브래드 피트라니...대박...  
20160425,10,한국인 소녀 찾느라고 감독님과 많은 캐스팅스탭분들께서 고생 많이하셨겠어요. 그만큼 좋은 아역이 뽑혔을거라 생각합니다!! 영화 기대할게요~~  
20160424,9,이건 ㄹㅇ 미친듯.. 제이크 질렌할이 나오다니;;  캐스팅 장난아니네 ㅡㅡ  
20160424,10,이제 봉감독님은 허리우드 가셔야할듯...ㅎㅎ 스케일이 남다르시네ㅎㅎ  
20160424,10,캐스팅은 지린다 과연 ??  
20160417,10,릴리 콜린스 나오니까 무조건 본다!!!  
20160402,10,즐거운 기다림 ~~~ !!!!  
20160227,10,이건 뭔 라인업이 이렇게 후덜덜하냐  
20160226,10,제이크 질렌할..? 빨리 개봉해주세요 현기증 난단 말이에요  
20160224,10,감독 좋고 배우 좋고 다 좋은데 제목이 깨..깬다 ㅋㅋ 그래도 기대는 해보겠슴!!  
20160217,10,해외에서 투자받는 한국영화 ㅎㄷㄷㄷ 이건 무조건 관람이다  
20160211,10,폴다노 데어윌비블러드에서 연기 진짜 좋았는데 ㅜ 나온다니깐꼭 보러갈께요!  
20160210,10,제발 어색한 영어발음 구사하지않았으면~~ 네이티브 발음에 신선한 페이스의 소녀가 캐스팅되길 바래요~~  
20160204,10,제이크 질렌할에 빌나이까지....대박 꼭본다  
20160203,4,캐스팅은 좋은데..굳이 한국배우를 써야되나??  
20160203,1,설국열차처럼 또 어설프게 한국배우 끼워넣을건가 영어도 안되고 연기도 이상했던 송강호 ㅉ ㅉ 혼자 연기가 겉돌고 진짜 아니였다.  
20160203,10,개꿀잼 예상한다 진짜^^  
20160203,10,소소하고 순박한 산골 소녀 이야기에 캐스팅이 왜이러죠 무섭게  
20160201,10,소리벗고 팬티질러 ㅅㅅㅅㅅ  
20160201,10,오디션보셨나요..?공개하신것같지가않아서요ㅎㅎ  
20160201,10,촬영.다리우스 콘지.세븐의 그 다리우스 콘지?.놀라서 말이 안 나온다.  
20160124,10,오오오 빌나이옹이다... 질렌할 스윈튼 빌나이라니..  
20160124,10,프리즈너스 보고왔는데 프리즈너스 형사였던 제이크 질렌할이랑 장애아동 알렉스 역할 폴다노가 나오네요..ㅎㅎ  
20160122,10,뭐 까봐야 알겠지만 제이크 질렌할 나와서 일단 믿고 봐야지~  
20160120,10,"대체 무슨 영화일까...봉준호 감독에 총괄이 브래드 피트...배우진은 말할거도 없고,...빌 나이 형님이 나오신다...대체 무슨 영화가 그려질까감도 안온다..초기대!@@@!@!@  "
20160119,10,배우뿐만이 아니라 이 영화 총괄 프로듀서가 브래드피트임ㅋㅋㅋㅋ  
20160119,10,브래드 피트가 총괄 프로듀서 ㄷ ㄷ ㄷ  
20160118,10,색다른 괴수 영화라 설국열차때보다 제작비가 훨씬 적게 들은 줄 알았는데 500억 넘는 돈을 투입한 영화해서 조금 의야했는데  브레드 피트가 총괄 제작에 참여해서 그랬군. 아무튼 기대된다.  
20160110,10,김새론하면잘어울릴거같은데..?아무튼 기대된다ㅠㅠ  
20160108,9,제작에 브래드피트가있네 ㄷ  
20151229,10,아 믿고보는 봉준호 거기에 질렌할까지 이검ㄴ 미첫다 ㅍㅍ퓨ㅠㅠ  
20151223,10,아니 어떻게 빌이...  
20151221,9,아니 폴 다노 이 친구 조연 전문 배우이네 ㅋㅋ 내겐 너무 아찔한 그녀에서 주인공 친구로 나온 놈 ㅋㅋㅋ 남자들은 알꺼임 ㅋㅋㅋ 질렌할도 좋지만 이 친구도 좋음 ㅋㅋㅋ  
20151218,10,와...제이크질렌할이 봉준호감독영화에...대박 ㅠㅠ  
20151214,10,빌 나이?미친? 빌 나이?!!!! 갓 뎀  
20151212,8,머냐 각복에 프랭크참여야? 총괄프로듀서엔 브래드피트?? ㅎㄷㄷㄷ??  
20151212,10,질렌할의 광팬으로서 어떤영화든 무조건본다.  
20151210,10,총괄프로듀서가 브래드피트??  
20151204,10,제이크 질렌할이 봉준호 감독 영화라니ㄷㄷ 너무 기대된다  
20151125,10,엄청난 배우 케스팅에 모순되는 작은 이야기를 그린다면 역시 봉준호다 라고 말할것이다.  
20151124,10,첨에 옥자 이거 뭐야 하고 비웃었는데 ㅋㅋㅋ 캐스텡 배우보고 ㄷㄷㄷ  
20151116,6,캐스팅은 좋은데 왠지 망필  
20151110,10,김향기랑 고아성같은 애들 말고 밑에 댓글같이 진짜한국형 맥컬리컬킨같은 애 뽑았으면... 귀엽고 청순하고 ..도저히 없나? 뻔한 얼굴 식상하다 새로운 소녀를 보고싶다  
20151105,10,제목에서 당황 하지만 캐스팅으로 기대중  
20151103,8,"소스코드의 베라파미가에 이어, 질렌할도 한국인감독 영화에 출연하는구나. 고맙다. 기대된다.  "
20151103,1,제이크 질렌할 빨아제끼네... 연기줫두 못하드만... 제 점수는여~~~~  
20151103,10,와봉준호 감독 대박 진심 존경함... 제이크 질렌할이라니 대박 근데 제목이 옥자  
20151026,10,내가 가장 좋아하는 감독과 배우의 만남이라니!! 진짜 미친 대박이다. 봉감독님 질렌할은 부디 악역으로 등장시켜 주시길! 나이트 크롤러의 그 소름끼치는 미친 눈빛을 다시한번 보고 싶어요~~ 한국 아역배우 비중은 좀 적게 두시길~~  
20151026,8,와씨..내가 좋아하는 제이크 질렌할이 나온다고..? 헐..  
20151017,9,어차피 어드벤처물이면 한국소녀는  맥컬리컬킨같이 올망졸망한 배역이었으면  좋겠다 ..장난기많아보이는데 신비로운?? 그럼 미국에서도 인기많을듯  중학생은  너무 커서 .. 징그럽지 봉감독  눈을 믿겠음  
20151013,10,결국 제이크 질렌할도 확정됐나보네요.. 아역배우가 관건일 텐데 봉준호감독님 안목을 믿고 기다려보는 수밖에...ㅠ  
20151012,10,봉준호감독의 또 한번의 괴수영화라니! 괴물을 본 사람으로써 기대를 안할수가 없네요.  캐스팅도 좋고 재밌는영화 나왔음 좋겠어요ㅎㅎ  
20151009,10,봉준호 감독 말이필요 없지.<플란다스의 개> <살인의 추억> <괴물> <마더> <설국열차> 진짜 좋게 봤지. 이번에도 대박칠 예정.  
20151008,10,소녀역 누군지 몰라도 캐스팅 돼면 꽃길이 열리겠구나...신인이 했으면  
20151008,7,좀신선한 소녀였으면좋겠네요 tv서 너무많이본 아역들말고 ...선굵은 동남아애들처럼 막또렷한그런건부담스럽고... 신비스러우면서 오일조밀한....또  가녀려보이는 아이였으면...  
20151008,10,캐스팅 대박~~ 역시 봉준호  
20151007,10,"틸다 스윈튼과 제이크 질렌할이라는 캐스팅 순항과 봉준호라는 네임밸류, 프랭크 각본가 참여. 진짜 기대가 많이 된다  "
20151007,7,한국인 소녀가 한국과 미국을 오가는 괴수영화.<< - 요 내용 해석 좀 해주실분....     소녀가 한국와 미국을 오가는 건가요?    괴수가 한국과 미국을 오가는 건가요?     아님 소녀가 괴수인데 한국과 미국을 오가는 건가요?  
20151007,10,제이크 질렌할에 10점 한국 소녀는 왜 자꾸 배두나가 될거같지 ㅋㅋㅋ  
20151007,10,한국인 소녀에 우리 유정이 어떠냐 우리 김유정양 좀 띄워줘라 제발  
20151007,10,"출연진에 왜 빌 나이와 폴 다노, 켈리 맥도날드는 없죠?  "
20151007,9,설국열차처럼 또 스토리 이상하게 끊지만 않으면 대박칠듯  
20151007,10,허어..봉준호 감독 클라스 ㄷㄷ; 이건 반드시 본다  
20151007,10,고아성은 엄연히 송강호 딸입니다.  그러므로 송강호는 반드시 나옵니다.  
20151007,9,괴수영화 정말 기대 됩니다 닉넴이 아이ㄷ1 님은 그냥 다큐나보세요 ^^  
20151007,3,설국열차도 국뽕들이 그나마 정으로본 노잼영화였는데 이건 더이상할듯  
20151007,10,제이크 질렌할 미쳤다.. 거기다 틸다 스윈튼에  빌 나이에 ㄷㄷ 캐스팅만보면 지리는데 과연 한국인 소녀는 누가될지..  
20151007,7,질렌할 이랑 틸다는 분량이 많지 않은 조연급이랍니다  
20151007,10,제발 배두나만 아니기를  
20151007,9,제발 고아성만 아니길....  
20151007,4,오캐스팅 좋네하는데... 내용 괴수라는거에.. 별로..  
20151007,10,"다른 캐스팅은 정말 좋고 기대되는데, 문제는 강원도 소녀 역할에 누가 캐스팅이 됐냐는 거네요..어린 나이에 극을 이끌어가는 역할을 맡아야 하는데 잘 해냈으면 좋겠습니다!  "
20151007,10,ㄷㄷㄷㄷ 빌나이 짱재밌겠다  
20151007,5,과연. 봉준호에 이름의 걸맞은 영화가 탄생될것인가? 해외배우를 꼭 썻어야 했던건인가.. 그걸 눈여겨 보겠습니다. 저역할은 틸타 스윈트이 여야만 햇던건인가? 뭐 영화 초보인 저의눈으로 다 간파는 안되겠지만. 초보자인 저의눈으로도 보이는 장면이 있겟죠.  
20151007,7,캐스팅은 쩌는데 어째 괴수영화...  
20151007,10,오오오오 캐스팅 쩌네. 봉준호 잘하면 이안의 뒤를 잇는 아시아감독이 될 수도 있을 듯. 게다가 한국인소녀는 연기만 잘하면 아역 탑 그냥 예약이네  
20151007,10,본격적으로 할리우드 진출을 하지 않고 국내 산업 바운더리 안에서 이런 호화캐스팅 각본가 카메라감독과 접촉하기란 유럽에서도 쉽지 않다 더군다나 아시아 감독 대단하다는 말밖엔..  
20151006,10,봉중호 영화는 무조건 강추다 이기야.  
20151006,1,폭동열차 때문에 전혀 기대가 안된다.  
20151006,9,해무보고 실망.떡국열차랑 살인의추억 괴물 마더는 참 재밌었지만. 무조건 믿고 보기엔 한계가 있음.  
20151006,5,한국과 미국을 오가는 괴물 ㅋㅋㅋㅋ 어떻게든 연결해보려고 애썻넼ㅋㅋㅋ  
20151006,5,외국으로 돈 퍼주는구나 ~  
20151006,5,한국과 미국을 어떻게 오가려나 이해가 안된다 태평양 괴물인가?  
20151006,10,고아성 나오려나...  
20151006,10,미쳤네 제이크 질렌할이라니 ㅎㄷㄷ와나 이건  꼭 봐야한다캐스팅 지림  
20151006,10,정말 기대됩니다 . ㅎㅎ  근데 너무 글로벌한 작품만 찍지 마시구 마더나 살인의추억 분위기 나는 영화도 한편 찍어주세용 ~~  
