0,1,2
20170425,10,https://story.kakao.com/_BS4Qf6/GO6mHejoBD0  
20170425,10,https://story.kakao.com/_AO8Fo6/eCcZrIrhBD0  
20170425,9,"기대했는데, 역시 기대를 저버리지않네요. 개봉하고나서도 한번 더 보고싶을 정도네요.이건 뭐 지극히 제 개인 생각이지만요...제 친구랑 시사회 같이 보러갔는데, 친구도 인정하고 이 영화 꼭 추천하고 싶다네요. 대박나세요. 정말 재밌게 잘봤습니다.  "
20170425,10,정말 즐겁게 재밌게봤습니다^^  
20170425,10,이선균 배우와 안재홍 배우와 숨겨진 역사 여행을 떠나는 것 같이 재미나요.  
20170425,10,재밌어요 또보고싶어요  
20170425,10,언제나 어디에서나 사건사고는 있다  다만 해결하려는 의지와 실천이 중요하다  
20170425,10,추리와 코미디 사극의 조합이 신선하고 재밌었어요~ 사건이 긴장감있고 궁금하면서 두 주인공이 넘 웃겨서 즐거운 시간이었습니다~ ^^ 적극추천!!  
20170425,10,요즘 웃을일이 별로없는데 실컷웃었네요 추천합니다  
20170425,9,은근히 이선균이 예종 역할에 잘어울렸고 간간이 웃긴 장면들도 많아서 지루하지 않게 볼 수 있었어요  
20170425,10,시사회 내내 웃으면서 봤습니다. 단순히 코미디 생각하고 가면 꿀잼  
20170425,10,"시사회로보았네요. 이번연휴때 맘푹놓고 보기에 좋아요.모범시민은. .보는내내 불편했네요,  "
20170425,10,이선균 안재홍주연 임금님의 사건수첩 포복절도할 웃음의도가니 다들 열심히 웃어요  
20170425,10,진짜 많이 웃었네요 ㅎㅎ 영화 추천합니다  
20170425,10,조금 아쉬운 구석도 있지만 이선균 안재홍 케미가 좋아요. 시리즈로 나와도 재밌을 거 같아요.  
20170425,10,"넘나 재밋엇어여ㅠㅠ 안재홍,이선균 두분다 너무 귀여움 ㅋ  "
20170425,10,가족들과 보면 딱 좋을것 같아요  
20170425,10,가볍게 즐기기 좋은 코미디 영화  
20170425,10,임금님이 이렇게 귀여워도 되는거야?ㅋ  
20170425,9,오.. 예상치 못한 재미 ㅎㅎㅎ  
20170425,10,시사회 다녀왔는데 재밌었어요! 요즘 웃을 수 있는 영화가 필요했는데 굿굿  
20170425,10,요새 이선균 나온 영화 다 재밌었음ㅎㅎㅎ 봉블리야 뭐 말할것도 없지♡  
20170425,10,믿고 보는 이선균 ㅋㅋㅋ 안재홍과의 꿀캐미도  기대된다  
20170425,10,"가족, 친구, 연인 누구와도 함께 즐길 수 있는 코미디 영화  "
20170425,10,조선판 브로맨스~~ㅋㅋ이선균 안어울릴것 같다는 사람 누구야!! 이렇게 잘어울리는걸ㅋㅋ  
20170425,10,믿고보는 이선균...! 안재홍도 족구왕에서 너무 좋게 기억하고 있는데 기대되요ㅎㅎㅎㅎ  
20170425,10,재미도 있고 의외로 액션도 훌륭함 시각적인 요소도 좋고  
20170425,10,이선균과 안재홍의 캐미! 재밌었다!  
20170425,9,원작 만화도 재밌었는데 영화로 보니 더 재밌음 ㅠ-ㅠ  
20170425,10,사극영화는 지루해서 별로 안좋아하는 편인데 코믹적인 요소와 함께 풀어내서 넘 재밌었어요!!+_+ 집중해서 봤네요 ㅎ  
20170425,10,기대되요~ 이영화~^^  
20170425,10,이선균이랑 안재홍 이 둘의 조합은 꿀이다 정말 ㅎㅎㅎ  
20170425,9,원작이 있는 작품이라 그런지 스토리 하난 탄탄하네요 중간중간 웃음 포인트들도 너무 좋았어요  
20170425,10,꿀잼 개잼 졸잼!! 천만가자!!  
20170425,10,시간 가는줄 모르고 관람ㅋ 시사로 봤지만 내 돈주고 봐도 아깝지 않을듯  
20170425,1,안재홍...단타배우인듯. ;; 연극보고 대 애애애애 실망.  
20170425,1,...시대배경잡아놓고 그거 깨려고 하는거 도전이 아니라 적당히 웃겨서 벌어먹겟다는거지  
20170425,10,두 주인공의 케미가 정말 끝내줍니다 >.<bb  
20170425,9,사극물 별로 안좋아하는데 임금님의 사건수첩은 정말 재밌게 봄  
20170425,10,"이선균, 안재홍 조합이라니 신선하네ㅋㅋㅋㅋ 꿀잼각  "
20170425,10,이선균이랑 안재홍이랑 코미디 궁합 잘맞네 ㅋㅋ 중간중간 킬링포인트들이 아직도웃김ㅋㅋ  
20170425,10,시사회가서 보고 웃겨죽는줄ㅋㅋㅋ한번더 보러가욬ㅋㅋㅋ  
20170425,1,하...세련된척좀그만하자  
20170425,10,이선균 안재홍 조합이라니 예고편보고 기대중ㅋㅋㅋㅋ  
20170425,1,알바많네 알바 천국인가 ? 진짜 노잼일거같은데..ㅋㅋ  
20170425,9,오랜만에 볼만한 한국 코미디 영화ㅋㅋㅋ  
20170425,10,시사회로 보고 왔는데 정말 재밌었습니다 별로 기대도 안했는데 기대하고 봐도 재밌을겁니다ㅎ  
20170425,10,ㅋㅋㅋㄱ둘이 케미터져ㅋㅋㅋㅋ간만에 웃음터지는영화나온듯  
20170425,10,예고편만 보고 기대했던 영환데 곧 개봉이네요~ 빨리 만나 보고싶어요~^^  
20170425,10,말이필요없는꿀조합♥ 역대급 브로맨스 기대합니다><  
20170425,10,시사회로 봤는데 안재홍 졸웃ㅋㅋㅋ 연휴에 엄마랑 또 볼거임  
20170425,10,재밌었아 이선균안재홍 조합 굿 ㅎ  
20170425,10,넘나 재밌는것!!! 존잼  
20170425,1,별 반개도 아깝다...감독은 반성하라...  
20170425,1,조선명탐정도 망했다 ㅋㅋ  
20170425,8,어제 무대인사 시사회로 봤는데 꿀잼ㅋㅋㅋ이선균의 첫 사극인데 생각보다 잘 어울린다~안재홍과의 케미도 좋고 재밌게 잘봤다~ㅎㅎ  
20170425,10,시사로 봤는데 케미쩔어요 ㅋㅋㅋㅋ꿀잼임  
20170425,1,예고편보고 기대 1도안되는 영화 ..뻔한 줄거리에 뻔한 소재에 조선시대 막장 장르라니..  
20170425,10,시사회 다녀왔어요 다들 연기 넘 찰지네요 고민 많이한 흔적이 보이는 영화였어요~!  
20170425,10,우주최강귀요미였다 안재홍..ㅠ  
20170425,10,시사 반응 대박이던데 ㅠㅠ 빨리 보곱  
20170425,10,안재홍 이선균 케미가 진짜 좋은 오랜만에 이런 코미디 원츄!!!  
20170425,10,어제 라이브톡에서 봤는데 개꿀잼!!  
20170425,10,이선균 안재홍이라니!! 신선한 캐스팅 조합 기대되네요  
20170425,1,주연 캐스팅이 너무 약함 밀리는거 시간문제임..손익분기점도 한참 못갈듯  
20170425,3,"시사회 당첨되서 보러 갔는데, 소소한 재미는 있습니다. 재미없는건 아닌데 그닥 내 돈 주고 보기는 좀...그렇다는 거?  "
20170425,10,ㅋㅋㅋㅋ둘이 엄청 잘어울려요ㅋㅋㅋㅋ  
20170425,1,예고편도 노잼..캐스팅도 노잼  
20170425,1,딱 생각한 만큼 재미없었음 예고편이 다라고 보면됨  
20170425,1,이런 영화 안봐도 알지 ㅋㅋ 무슨생각으로 만드는 걸까 ..  
20170425,2,개재미없네 내돈으로 안본게 다행  
20170425,2,아....큰기대가 되지 않는 이유는 뭘까  
20170425,5,노철기 시리즈에 아직도 미련이 많아서... 작정하고 영화판 노철기 시리즈를 만든 정도 밖에는... ㅜㅜ  
20170425,3,이런류의 영화가 크게 흥행한적이 있나..꾸준히 나오네  
20170425,1,전 좀 실망했는데.. ㅠㅠ  
20170425,2,안재홍은 기대되는데 이선균은 좀 별로일것 같은데..  
20170425,10,흥행예감! 기대이상으로 유쾌상쾌통쾌했어요^^두배우님의 케미도 역시  
20170425,1,이딴영화가 상영관잡느라 파운더 댄서같은 영화가 일주일만에 막내리는거 진짜 극혐 ㅇㅈ? ㅇ ㅇㅈ 한국영화 제발 어디 격리시켜가지고 느그들끼리 물고빨거라  
20170425,1,왠지 예고편이 전부일 것 같은 불길한 예감..  
20170425,4,스타 라이브로 보고왔다. 조선명탐정을 어정쩡하게 닮았다. 긴장감도 없고 감동도 없고 중간중간의 웃음 몇번이면 설명되는 영화.  
20170425,10,이선균 안재홍캐미가 좋네요  
20170425,10,안재홍의 코믹연기는 정말발군이네요 ㅎㅎㅎ  
20170425,4,이선균이 과연 사극에 어울릴지....  
20170425,7,편안하고 즐겁게 영화를 즐기면 되는 영화! 배우 이선균의 연기가 괜찮네요.  
20170425,10,왕십리 시사회에서 봤습니다 예종&이서 케미 기대하셔도 좋아요 ㅋㅋㅋ 근데 조선명탐정 이연희 처럼 경수진 분량좀 많앗으면 더 좋앗을듯함 ㅠㅠ  
20170425,10,보고 나서 너무 재미나게 봤구나 하는 영화입니다.  
20170425,10,재미가 없을수가 없는 조합이다! ㅋㅋ  
20170425,10,믿고 보는 이선균과 안재홍의 탐정 수사극! ㅎㅎ  
20170424,10,이런 콤비 대환영이오! ㅋㅋ  
20170424,10,왕과 신하의 허물없는 케미가 굿굿굿!  
20170424,2,음..기대보다는 걱정이 더큰..  
20170424,10,"이선균, 안재홍, 김희원 배우님 모두 연기 굿!2시간동안 정말 재밌게 봤어요! 봉블리 너무 귀여움ㅋㅋ  "
20170424,1,글쎄여 배우들은 좋아하는데 좀 안맞는느낌..ㅠㅠ  
20170424,10,"임금님과 사관 이서, 완전 멋지고 너무 귀여워요.  이서는 나올 때마다 빵빵 터지고 임금님은 매력이 빵빵 터지고 재미있었어요.  "
20170424,10,응팔의 정봉이를 능가하는 캐릭터네요안재홍의 능청연기 졸귀ㅋ예고보시지마시고 영화보세요  
20170424,9,재미와 긴장감이 빵빵 터지고 두사람의 케미 짱. 완전 대박날듯  
20170424,10,와 짱잼ㅋㅋ 역시이선균이네요 ^^  
20170424,10,유료관객 1호입니다! 개봉전 라이브톡 관람했어욥!이선균♡안재홍 케미 너무 좋구요!이선균 칼 액션신 너무 멋있어요 ㅠㅠ 진짜 너무 반했어요!! 안재홍의 러블리는 뭘 해도 너무 좋네요♡  
20170424,9,이선균♡ 홍블리♡둘의 조합만으로 충분합니다! 재밌게 많이 웃으면서 봤어요~  
20170424,9,웃다가 긴장하다가 웃다가 심장 조이다가 2시간이 후딱. 너무 재밌었습니다. 흥하세요  
20170424,10,"전부 연기도 잘하시고 깨알같은 웃음포인트!재밌어요,추천합니당  "
20170424,10,임금님의 사건 수첩 완전 재밌네요.ㅎㅎ 코믹합니다. 두 배우의 캐미도 아주 좋았어요. 강추  
20170424,10,시사회보고 왔어요.  만화 원작도 재밌었는데 역시나 재밌네요. 안재홍 너무 귀여워요. 오보에서 삼보야 될때까지 케미 완전 좋아요~5월 연휴에 가족과 함께 또 보려구요.  
20170424,10,2017 최고의 코믹 수사 활극! 가족영화로 완전 추천!  
20170424,8,방금 시사회로 보고나왔는데 재미있게 봤어요!!!역시 두 배우의 연기가 찰떡같고 전반적인 영화 느낌은 조선판 셜록 같아요ㅎ  
20170424,10,이선균 안재홍 무대인사도 보고 영화도 너무 잘  봤네요~ 재미있어요~  
20170424,10,조선판 셜록과 왓슨 콤비! 유머도 빵빵 재치도 빵빵 터진다!  
20170424,10,남녀노소 누구나 좋아하지 않을 수 없는 재밌는 영화!  
20170424,8,편하게 웃고 가는영화입니다  말그대로 코믹활극  재밌게보았습니다.  
20170424,10,영화 재미나요 연인이나 가족들이랑보기 좋은 영화같아요^^  
20170424,9,시사회보구왔어요  이선균님과 안재홍님의  능청스러운 코믹연기가  돋보였네요   ㅋ잼나게 봤습니다  
20170424,10,시사회로 봤는데  웃기고 신나고 재미있어요 역시 믿고보는 이선균  
20170424,10,조선시대의 과학발전이 엄청나다는거에 한번 놀라고 배우 이선균이 멋있었다는거에 한번 더 놀랬다  
20170424,10,뇌색남들이 여기 모여있네요!!! 흥미진진한 스토리에 반전까지♥모든배우들의 합도 잘맞은 영화네요^^  
20170424,8,빵빵터져요. 잼나요. 이 두남자 캐미 잼나네요  
20170424,9,너무너무너무 유쾌 상쾌 통쾌!!!역시 이선균! 그만이 할 수 있는 연기!!!그리고 새로운 콤비 안재홍!!!2탄을 기대합니다!!!염화 대박날겁니다!!!  ^^*  
20170424,10,이선균&안재홍의 브로맨스 캐미에 웃다 나왔네요~간만에 신나게 웃은 영화여요~!!짱짱짱~!!  
20170424,8,깨알같은 웃음과 웅장한 영화음악이 일품입니다 ^^  
20170424,9,명콤비 탄생!! 지루할틈 없는 명랑사극.  
20170424,9,가족끼리 웃으면서 보기 딱! 시간이 술술 가요 ㅎㅎㅎ  
20170424,10,안재홍과 이선균의 케미가 폭발하네요!!  
20170424,10,완전재밌어요 추천추천  
20170424,8,잔잔하게 웃음을 주는 킬링타임 영화로 굿~~재미있고 기대 이상의 만족을 준 영화였어요.러블리한 안재홍씨 연기 좋았어요  
20170424,10,이선균씨랑 안재홍씨 둘이 너무 웃기고 재미있어요^^  
20170424,10,역시 믿고 보는 배우들입니다!너무 재밌었어요!!!  
20170424,9,"안재홍오빠 너무 웃겼구,이선균오빠 목소리 너무 구수했어요!!!!추천추천  "
20170424,10,배우님들의 캐릭터들이 명확하고 콤비가 보여주는 꿀재미 이야기들이 시종일관 이어져 시간가는 줄 몰랐습니다. 볼거리와 음악 충만.  
20170424,7,웃음후 뭐가 남았을까요?!  
20170424,9,재미있네요 케미폭팔!!! 재미폭팔!!!  
20170424,10,임금님의 사건수첩! 대박! 꿀잼!!!이산균과 안재홍의 캐미 장난아니네요~!강추입니다~!  
20170424,8,기대보다 재밌었음. 세상 가장 껄렁한 왕 탄생ㅋㅋ  
20170424,10,역시 이선균님 웃느라 정신 없었다욤 시간 가는줄 모르고 쒼나게~ 완전 굿  
20170424,9,역시 기대했던만큼 즐겁게 볼수 있는 영화네요~ 실컷 웃다 나왔어요~  
20170424,10,완전 꿀잼! 웃음 포인트가 많아 넘 재밌게 봤어요  
20170424,10,영화 대박 웃기네요. 재밌어요.  
20170424,10,임금님의 사건수첩!! 대박!재미있어요이선균과 안재홍의 케미 장난아니네요이렇게 웃긴 영화 오랜만이네요  
20170424,10,재미있었어요.다음에 또 보고 싶어요.  
20170424,10,개잼졸잼그냥웃김이선균목소리개좋ㅁ  
20170424,8,정말재미있어요.줄거리정말재미있음  
20170424,9,ㅋ잼나다 이선균과 안재홍의 케미는. 짱!  
20170424,10,넘넘 재밌고 깔끔한 결말 좋아요 대박예감입니다.믿고보는 영화 임금님의 사건수첩이예요  
20170424,10,한순간도 눈을 땔수가 없네요 ㅎㅎ 계속 집중해서 봄ㅎ  
20170424,10,너무너무 재미있게 보왔어요  
20170424,10,솔솔한 재미가 있는 영화입니다 재미나가 잘 볼것 같아요  
20170424,10,진짜 대박 재미있었어요! 계속 웃었네용ㅋㅋ  
20170424,10,폭소. 캐미. 조선판 명탐정 탄생 ㅋㅋ  
20170424,10,"이선균 안재홍의 꿀잼코믹케미! 신명나는 왕과 신하, 코믹탐정단의 대활약!  "
20170424,8,조선명탐정 이전에 임금님의 사건수첩이 있었다..새로운 조선CSI 명탐정 시리즈의 유쾌통쾌한 시작!  
20170424,10,완전 대박 영화?임금님의 사건수첩.. 오랜만에 마음것 웃었네요^^너무너무 재미나요. 강력 추천해요^^  
20170424,10,너무너무 채미나요 2편이 기다려지네요  
20170424,10,시사회 가서 봤는데 개꿀잼!~~~  
20170424,3,별로 기대는 되지 않지만 보러는 갈게  
20170424,10,이선균과 안재홍의 케미가 최곱니다!! 웃다가 웃다가...  
20170424,9,완전대박재미있어요~~^^  
20170424,2,아직 개봉도 안한영화에 ... 알바들이 판을치는구나  
20170424,9,믿고보는 이선균에 안재홍까지...  추천 합니다^^  
20170424,10,월욜부터 한참 웃고 갑니다. 임금님의 수첩 덕에 활기찬 한 주 시작합니다. 추천~  
20170424,1,흠....원작팬은 웁니다...  
20170424,1,이선균은 진짜 뭐라고하는지 모르겠어..ㄷㄷ  
20170424,10,"이선균,안재홍 배우의 남남캐미ㅎㅎㅎ꿀잼이옵니다~~  "
20170424,2,재미없었음.. 개인적으로 사극코미디는 내 취향이 아닌듯..ㅠ  
20170424,1,딱봐도 걍 노잼 스멜....  
20170424,10,찬희가 단역이라니ㅠㅠㅠㄱ선균님 정봉님 케미라니ㅜㅜㅜ  
20170424,10,재밌어보이네요 한국영화 잘 안봤는데  
20170424,7,두배우의 꿀케미 활약 속 재밌게 웃는 사이 어느덧 사건해결!<임금님의 사건수첩2>를 기대해봅니다.  
20170424,9,아이들과 함께 보기 좋은 영화~이선균 안재홍 두 배우의 새로운 시도가 돋보이는 영화네요  
20170424,10,가볍게 웃으면서 즐길 수 있는 영화 임금님의 사건수첩  
20170424,10,긴박감 있는 스토리 진행으로 끝까지 재밌게 볼 수 있었던 영화ㅎㅎ  
20170424,8,가볍게 볼려고했는데 생각보다 내용도 있고 다들 연기를 잘하시니 흥미진진했네요~  
20170424,8,이선균은 끝까지 간다로 일약 대단한 스타덤에 올랐지만 이후 성난변호사는 뻔한 클리세로 별 반응못받음. 사실 끝까지 간다에 진히어로는 조진웅이였지  
20170424,10,예고영상보고 개봉하면 볼려고 했는데 친구덕에 시사회다녀왔어요!!! 아진짴ㅋㄱㅋ너무재밌어요두사람 케미폭발 오프닝때 배경음 너무 웅장~~~이 음악 맘에 들어섴ㅋ 나중에 다운받고 싶어요  
20170424,10,간만에 갔던 시사회 중에서 제일 꿀잼이어뜸  
20170424,10,엄마랑 시사회로 봤습니다^^ 한참 웃다나왔네요 ㅎㅎ  
20170424,10,시시회로 봤는데 두 배우 케미 어쩔 ㅋㅋ 넘나 재밌음! 강추강추  
20170424,10,쇼케로 봤는데 개꿀잼이던딩 ㅋㅋㅋ  
20170424,10,ㅋㅋㅋ 케미개쩖ㅋㅋㅋ 알았다이놈앜ㅋㅋ  
20170424,10,시사회로 봤는데 진심 졸잼 완전 강추!!!  
20170424,10,연휴에 엄마랑 또봐야지~~~  
20170424,5,"개봉 전 시사회 다녀왔습니다. 대구한일 CGV 시사회 행사 준비 미흡으로 아주 불쾌하고, 늦은 대응으로 영화도 시작 후에나 들어가고...아무튼 기대하고 간 영화인데, 영화관 때문에 제대로 보지도 못했습니다.  "
20170424,10,아주 재밌어요 ㅋㅋ 유쾌 통쾌 상쾌 퓨전사극 영화 짱짱  
20170424,9,시사회 잘 다녀왔어요~ 덕분에 영화도 잘 보고 배우 감독들도 잘 만났네요!! 영화 대박나길~ ㅋㅋㅋ 왠지 좋은말만 해야할거 같은데 사실은... 대박 나기엔 뭔가 좀 아쉽더라구요~ 임금+삼보는 좋았는데 희원씨도 좋았는데! ㅋㅋ  
20170423,10,사극 싫어하는데 임금의 사건수첩은 진짜 재밌게 봄ㅋㅋ 사극 싫어해도 재밌게 볼 수 있을듯  
20170423,9,이선균 안재홍 두 배우의 연기가 사극에서 폭소를 안겨줬네요.  
20170423,10,시사회 당첨되서 봤었는데 생각보다 더 재밌었어요 오랜만에 관객들과 함께 웃으며 재밌게 볼 수 있었던 영화입니다  
20170423,10,이선균과 안재홍의 조합이 너무나 기대되네요  
20170423,3,미안하다. 정승필 실종사건 이후로 제일 재미없었다. 이게 웃기냐? 넘했어  
20170423,10,처음부터 끝까지 심심할 틈이 없다.. 최고  
20170423,10,지루할 틈이 없고 너무 재밌었어요!  
20170423,10,유쾌하고 가족들 친구들하고 같이보기 좋은영화입니다  
20170423,1,이거 단지 이선균이랑정봉이 나온다해서 빠는사람들 그냥 알바들임 직접 시사회보고 왔는데 딱히 재미있다고 하기엔 그닥  
20170423,7,시사회로 봤는데 지루하지 않게 재밌게 잘 풀어낸 거 같아요! 웃고 싶은 분들 영화관에서 이 영화 추천합니다!  
20170423,10,영화 보면서 이렇게 많이 웃은건 정말 간만이당ㅎㅎㅎ  
20170423,10,두사람의 코믹연기가 좋았어요^^ 힐링할수있는 유쾌한 영화~~!!  
20170423,10,두사람의 코믹연기가 좋았어요^^ 힐링할수있는 유쾌한 영화~~!!  
20170423,10,재밌어요!!다들존잘인듯!♡♡♡♡  
20170423,8,재미있어요 자미있어요  
20170423,10,시간가는줄 모르게 봤네요~~!!빵빵 터집니다 ㅋㅋㅋ  
20170423,8,시사회로 보고왔습니다~ 연휴에 가족들과 가볍게 보기에 좋습니다^^  
20170423,10,시사회 다녀왔습니다. 이선균 배우와 안재홍 배우의 유쾌한 멋진 호흡과 김희원 배우의 진지하고 묵직한 연기가 만나 재미를 더합니다!!  
20170423,9,"이선균과 안재홍의 케미좋고, 첫장면부터 잼있게 봤어요^^  "
20170423,9,"빵빵 터지는 유쾌함,통쾌한 반전,길지만 지루하지 않는 영화에요~ 두 배우분들 케미터짐 ㅋㅋㅋ가족들과 보기에도 추천!!  "
20170423,10,"완전 재밌어요 믿고 보는 이선균,요즘 대세 안재홍!둘의캐미 완전 쩔었어요ㅎㅎ 추천 이백개요♥♥♥  "
20170423,10,"이선균, 안재홍님 너무 믓쩌용^^  "
20170423,8,재미있게 봤어요 코믹스러운 부분이 자연스럽게 묻어나오네요  
20170423,10,너무너무재밌어요~강추  
20170423,7,가족들과 보기에 좋네요..색다른진 않지만 지루하지않게 볼만함  
20170423,10,이선균은 진짜 어떤 연기를 해도 매력적임 ㅜㅜ  
20170423,8, 살짝 중간에 늘어지는 구간이 있었지만 참신한 주제의 영화여서 재미있게봤어요ㅎㅎㅎ 믿고보는 이선균이랑 봉블리♡♡♡♡  
20170423,10,두시간의 러닝타임이 후딱 지나감ㅋ  
20170423,6,벚꽃만개 잇몸만개~~~^^ 시사회로 살짝 맛보기이선균 홍블리 김희원씨 너무 좋아요  
20170423,10,두 주인공의 케미가 끝내줍니다  
20170423,10,너무나 재밌었던 코믹 수사물.  
20170423,8,알고보니 탐정 아니고 조선제일검  
20170423,10,내가 좋아하는 배우들만 나와서 그런지 기대할 수 밖에 없음 ㅋㅋ  
20170423,10,유쾌하고 통쾌하고~ 개봉하면 한번 더 볼 예정~  
20170423,10,간만에 재밌었던 한국 영화ㅋ 이런 유쾌한 영화도 좋으다  
20170423,8,티몬 시사회로 무대인사까지 보고 왔어요!조선명탐정이랑은 다른 매력이 있네요 ㅎㅎ엔딩 봐선 흥행도에 따라 2편도 나올 듯?가볍게 보고 오기 괜찮아요!  
20170423,10,믿고 보는 배우들! 영화 기대할게요!  
20170423,10,이선균 사극연기 처음이라고 알고 있는데 너무 잘어울려ㅋㅋㅋ  
20170423,10,개구장이 왕도 넘나 매력적  
20170423,10,믿보균 예종과 홍블리 이서의 캐미는 완전 꿀조합이었어요강추!!!  
20170423,10,시사평이 좋아서 기대하고 있어요~  
20170423,10,웃고 즐기기엔 딱인듯 가족들이랑 보기에도 정말 좋을듯  
20170423,10,이선균 안재홍 최고의 브로맨스다ㅋㅋㅋ  
20170423,10,예고편만 봐도 꿀잼각!! 빨리 보고 싶어요!  
20170423,10,이선균 안재홍 믿고 봅니다!!ㅎㅎ  
20170423,10,시사회로 보고 나서 주위 사람들에게 추천 중임 개봉하면 한번 더 봐야징  
20170423,10,배우들의 케미가 아주 그냥ㅋㅋ  
20170423,8,"별 기대 없이 봤는데, 재밌더군요.스토리도 너무 엉성하지 않고, 연기력도 다들 출중하시구요.  "
20170423,10,안재홍 진짜 너무 귀여운거 아니냐ㅜㅜㅜ  
20170423,10,이선균이랑 안재홍ㅋ 연기력만큼은 인정  
20170423,8,시사회로 먼저봣어요 잼잇어요!! 대박나세요  
20170423,10,개봉일만 기다리구 있습니당  
20170423,10,마냥 웃기기만한게 아니라 생각하게 되는 부분도 있고 좋았네여  
20170423,10,가족과 함께 보기 좋은ㅋㅋㅋ 정말 재밌었다  
20170423,8,이선균 안재홍 둘의 케미가 좋아요^-^  
20170423,10,정통사극이 아닌 퓨전사극이라 더 즐겁게 볼 수 있었음ㅎㅎㅎ  
20170423,8,재미있게 보기 좋아요^^  
20170423,10,시사회평들이 벌써부터 좋던데~ 저도 빨리 보고싶어요~  
20170423,10,아이랑 함께 관람하기 너무 좋았어요. 웃다가요  
20170423,10,이선균과 안재홍의 조합만으로도 기대된당ㅎㅎㅎ  
20170423,8,시사회보라왔다 보고나서 평해줄게요  
20170423,10,이선균 ㅠㅠ 기대할 수 밖에 없다  
20170423,8,부산 시사회 관람하고 왔습니다!! 영화보는내내 주변에서 웃음소리가 빵빵!! 저도 재밌게 잘봤어요! 왠지 2편이 나올것도같은 느낌이 드네요 ㅎㅎ  
20170423,10,이선균이랑 안제홍 꿀케미임~! 어제 보고 왔는데 정말 재미있었어요~ 전혀 돈아깝지 않아요^^  
20170423,3,"시사회로 보고왔어요. 탄탄하지 못해 아쉬운 스토리, 그러나 웃고 가기엔 충분했습니다!!  "
20170423,8,시사회로 재미있게 잘 봤습니다~~  
20170423,9,이선균과 안재홍 연기 짱 잘해요안재홍은 족구왕보고 팬 됐어요지루할 틈이 없이 재미있어요^^  
20170423,8,"이선균, 안재홍 기대됨. 호  "
20170423,8,시사회로 봤는데 소소하게 계속 웃었네요ㅎㅎ 둘의 케미가 너무좋더라구요ㅎㅎ 재미있게 관람했습니다ㅎ  
20170423,9,"살짝만 기대하고 갔는데 생각보다 훨씬 잼나게 봤습니다. 이선균 특유의 대사톤 연기력을 사극으로 컨버전해서 보는 재미, 안재홍의 맛깔나는 연기. 그리고 촥촥 감초의 액션 연기. 경수진님 넘 이쁨~^^♡  "
20170423,10,마성의 봉블리와 마성의 꿀성대가 빚어낸 유쾌한 영화. 정통사극이 아닌 퓨전사극이라 즐겁게 봤어요. 가볍게 700만 예상해봅니다! 두둥!  
20170423,9,시사회 보구왔는데..배우들의 연기두  좋구요~^^ 많이 웃을수 있는 유쾌한  영화였습니다~^^  
20170422,9,시사회 보고 왔는데 누구나 유쾌하게 볼 수 있는 영화였어요~ 이선균과 안재홍 케미도 좋았구요  
20170422,8,이선균과 안재홍의 케미가 돋보이는 영화!!추천해요^^  
20170422,10,"부산 시사회 다녀왔습니다!영화 내용도 좋고 연기 모두 잘하시네요.시사회 이선균님,  안재홍님,  김희원님 먼곳에서 봤는데도 좋았습니다^^흥하세요!!!  "
20170422,10,온 가족이 함께 보세요~ 정말 재밌어요~~  
20170422,10,최고!! 오랜만에 실컷 웃었습니다!!  
20170422,10,재밌어요.  엄청 웃었네요~  
20170422,10,5월 연휴 온가족이 함께 보면 좋을 듯~!  추천합니다!  
20170422,10,먼 부산까지 와주시고 감사합니다ㅎㅎㅎㅎ 영화대박나세요 ㅎㅎㅎ  
20170422,10,"부산 시사회 잘 보고왔어요. 이선균 같은 왕이 진짜 있다면ㅋㅋ 웃으며 보고, 마지막 무대인사도 좋았어요^^!  "
20170422,8,시사회로 오늘 보고 왔어요~웃으면서 잼있게 보고 왔습니다~^^요즘 웃을일도 많이 없는데 덕분에 많이 웃었어요~대박나세요!!  
20170422,9,꺄~~~~ 역시 이선균!! 깨알재미 ㅋ 천만돌파~ 어명이오~~  
20170422,9,방금 시사회 봤는데 완전 꿀잼 ㅋㅋㅋ 많이들 보세요*.*)  
20170422,8,시간가는줄 모르고 너무 재미나게 봤습니다.^^*  
20170422,10,역시이선균 안재홍입니다 믿고볼만해요  
20170422,9,오늘 센텀시티에서 시사회를 봤어요. 엄마랑 같이 봤는데 정말 재밌었어요. 웃기는장면도 많고 생각하게하는 장면도 있었는데 임금이 먼치킨입니다. ㅎㅎ 잘봤어요  
20170422,8,금방 시사회로 좠는데 생각보다 볼만했음~ 실제로 보니까 주연배우들 잘생겼더라는~~/  
20170422,7,안재홍 귀여움 퍽발하는 영화야용  
20170422,10,재밌어요 시사회로 본거라 기대 안했는데 돈주고 봐도 아깝지 않을것 같네요 ㅎ  
20170422,6,시사회로 관람하였습니다 안재홍 귀여워요  
20170422,10,오랜만에 케미가 맞는 영화를 봤네요.  
20170422,10,"시사회로 개봉 전에 봤는데, 믿고 보는 주연 배우들의 연기 케미가 아주 좋습니다. 어느 배우도 흐름을 방해하지 않아서 좋습니다. 긴박감 있는 스토리 진행으로 끝까지 재미있게 볼 수 있는건 감독님의 띄어난 연출력이 있었기 때문이겠죠? 추천합니다!!!  "
20170422,10,안재홍 넘나 귀여운것 ㅋㅋ  
20170422,10,넘나재밋는것 강추해요 굿  
20170422,10,가족들과 웃고 즐기는 영화로는 최고인거 같아요~~ 기대했던거 만큼 웃기고 재미있는 영화입니다~~  
20170422,9,이선균 사극도 멋져요안재홍 귀염 2017년 최강 브로맨스  
20170422,9,두 주연 배우의 꿀케미가 돋보이는 영화~ 꿀잼이에요.  
20170422,10,시사회다녀왔는데ㅎㅎㅎㅎ하 완전 꿀잼임돠  
20170422,10,탄탄한 스토리와 두배우의 열연!!! 흥행대박 예감 입니다부산시사회 잘 봤습니다!  
20170422,10,진심 존잼ㅋㅋㅋ이선균 안재홍 둘다 너무 좋다잉 ㅋㅋ  
20170422,10,이런 케미를 바랬던거죠ㅋㅋ 이젠 위엄넘치는 왕보다 몸쓰는 개구장이왕이 좋네요  
20170422,9,이선균님 너무 좋아요~ 항상 잘 보고 있습니다.  
20170422,10,이선균과 안재홍의 케미가 너무 좋네요  
20170422,10,이선균 안재홍 주연의 임금님의 사건수첩! 존잼이네요!! 강츄~~  
20170422,10,이선균씨와 안재홍 더럽♥  
20170422,10,솔직히 원작을 알기 떄문에 기대를 별로 안했음. 시사회로 미리 봤는데 생각보다 잘만들어서 놀람 ㅋ 이선균 잘어울리던데??  
20170422,9,시사회 봤는데 꿀잼이었음 ㅋ  
20170422,10,이선균 사극연기는 처음인것 같은데 잘어울릴 것 같아요! 믿고보는 이선균!!ㅎㅎ  
20170422,10,재밌다. 가족들이랑 보기에도 좋을 것 같음~  
20170421,10,택시에서 두 배우 나오는거 봤는데 선후배간의 정이 느껴져서 좋았습니다 ㅎㅎ 영화 나오면 꼭 볼게요 ㅎ  
20170421,10,웃으면서 보기 좋은 영화에요!!  
20170421,10,시사회로 보고 왔어요.조선제일검 이선균 개꿀잼  
20170421,10,"시사회/쇼케이스 통해서 두번이나 본 영화! 하지만 두번봐도 재미있어용>< 짱짱!! 꿀잼, 꿀케미를 만나볼 수 있는 영화! 많이 웃을 수 있는 영화이면서 어떤 사건이 펼쳐질까 궁금해서 눈을 뗄 수 없는 영화! 개봉하면 또 볼꺼예요^^  "
20170421,10,"이선균, 안재홍 둘다 너무 좋아요~^^ 영화도 재밌었습니다^^  "
20170421,10,유쾌한 궁궐콤비 지금 이 시대 꼬옥 필요한 콤비  
20170421,10,"임금님의 사건수첩 개성넘치는 이선균,안재홍 연기가 너무 재미있었습니다. 코미디 추리활극 신선했어요  "
20170421,6,그냥 가볍게 킬링타임용? 그냥..재밌는 한국영화. 하지만 이거 한국영화임에도 불구하고 자막이 필요하다; 특히 이선균 동굴목소리가 그 시대 특유의 단어를 만나서 웅얼웅얼...  
20170421,10,건대 쇼케이스 다녀왔는데 정말 너무 재밌었어요 남녀노소 누구나 좋아할 영화입니다! 꼭 보세요 정말 너무 재밌어서 시간 가는 줄 몰랐고 다시한번 느끼는 거지만 이선균 배우님은 연기를 정말 잘하십니다 이 시대 최고의 배우 목소리도 꿀:) 영화 대박나세요!  
20170421,10,1468년 조선의 명콤비 2017년 대한민국으로 환생해 주셔요. 사이다였습니다  
20170421,10,사실큰기대안했었는데남남남 캐미는 정말짱짱맨!!이선균 사극하고도 넘나잘어울리고 안재홍 넘나귀여운!정말 아무생각안하고 많이웃고 유쾌한 영화:)  
20170421,10,건국대에서하는 시사회에 다녀왔는데요 기대이상으로 재미있었습니다  
20170420,8,이선균 멋짐.안재홍 귀염~색다르네요 풋풋 ㅋ  
20170420,10,시사회다녀왔어요!이선균+안재홍 2분의 캐미최고!!!5월 황금연휴때 가족들이랑 다 같이 재밌게 보기 딱 좋은 영화에요영화 대박나세요~~~!  
20170420,9,이선균x안재홍 만이 보여줄 수 있는 코믹 활극 사극!이선균과 안재홍 캐스팅은 신의 한수인듯..웃겨죽는줄..김희원님이 악역인데 젤 멋있어보이는 건 안비밀...어벤져스급 배경음악도 들을 수 있음! 조금 루즈한 부분을 보완해서 2편 나왔으면 좋겠어요!!  
20170420,10,"짜증계의 스칼렛 요한슨이 안재홍의 엉뚱함을 만났을때, 캐미는 단짠단짠 캐미보다 좋다  "
20170420,10,이선균과 안재홍의 케미 짱짱!!!  
20170420,10,안재홍 완전 웃김! 이선균 안재홍의 케미가 꿀잼이에요  
20170420,10,재미있었어요 다시보고싶어여~  
20170420,10,진짜재밌어요~ 다시한번 더 봐야겠어요^^  
20170420,10,못하게 뭔지 모르는 임금님! 재밌네요.  
20170420,10,이선균 안재홍 잘 맞구 경수진 정말 예쁨  
20170420,10,시사회를 보았는데 생각했던 느낌의 스토리는 아니지만 엄청 재미있네욬ㅇㄱㄹㅇ 존잼그리곸 심심한 반전 너무 잼있어요  
20170420,9,이선균이 탁월하다!!  
20170420,10,유쾌하고 통쾌한 스토리 굿  
20170420,10,흑운 존잘 내사랑. ... 아 만화책도 넘 재밌게 봤는데 영화도 이리 재미나게 만들어주시니 감사하옵니다....  
20170420,9,이선균과 안재홍의 케미가 정말 좋았어요~ 미술팀 음악팀 멋집니다!  
20170420,9,임금 예종 역으로 이선균이 좋은 연기자인데   예리한 추리력을 지닌 막무가내 임금. 웃기기도 하고 재미나네요.안재홍은 천재적 기억력을 가진 어리바리 신입사관 이서 역할으로 두 사람의 호흡이 잘 맞아요.  
20170420,9,짱 재밌어요강추 합니다 하하  
20170420,9,스토리가 탄탄해서 볼만함  
20170420,10,"오랜만에 정말재밌는사극 봄, 통쾌하고 속이시원한 영화였어요!!  "
20170420,10,재미와 연기 모두잡은 영화. 이선균과 안제홍의 케미가 환상적! 보고있으면 웃음이 빵빵 터지게 만드는 웃기는 스토리까지!  
20170420,8,재미난 사건 풀이왕과 사관릐 브로맨스짱!  
20170420,9,역시 환상의 콤비네요.잼남~케미 짱!  
20170420,3,영화를 이렇게 만들어놓고 시사회를 하는 배짱은 인정함  
20170420,10,오랜만의 유쾌한영화 짱짱 봄이즐겁구나  
20170420,10,이선균과 안재홍 그리고 김희원까지 멋진 배우님들의 코믹수사 오늘의 고단함이 싹가시고 넘 웃어서 배아파요~~~대박나세요  
20170420,10,이선균X안재홍의 꿀케미 기대됩니다!  
20170420,9,재미나요 ㅋㅋ  계속웃네요  
20170420,10,믿고 보는 이선균 배우의 연기는 역시 좋았다. 시리즈로 계속 제작되길 응원합니다.  
20170420,10,"신뢰가는  배우들이 모인영화, 당연히봐줘야 함  "
20170420,10,이선균 안재홍씨의 조합이 기대됩니다 :)  
20170420,10,배우들의 케미가 장난 아니네요~흥미로운 스토리~ 잼나요~  
20170420,10,이선균~보고싶다 기대기대  
20170420,10,이선균 안재홍의 멋진 조합으로 즐거움 가득한 영화! 너무 재미나요..  
20170420,10,유쾌 상쾌 통쾌 재밌어요 두남자의 쿨깨미도 짱  
20170420,10,시사회가서 봤어요^^ 이선균씨랑 봉블리씨 합이 아주 좋더라구요^^실컷 웃다 나옴요^^ 흑운으로 나온 정해인씨한테 반해서 나옴^^ 흥행해서 꼭 시즌2 나오길^^  
20170420,10,영화가  너무 기대되고  이선균배우님 안재홍 배우님 너무나  기대됩니다. 응팔 이후 차기작 임금님의 사건수첩 넘나 재미 질것 같아요 !!!!  
20170420,1,응 쓰레기 안봐!!!!  
20170420,1,안 봐도 좆망삘.별점 알바분들 고생 많으십니다^^  
20170420,9,재미보장 역시 이선균 안재홍  
20170420,6,좋은 배우들 데려다..스토리가 너무 부진해서 아쉬웟다..ㅜㅜ 정통 코미디를 할껀지..진지한  역사극을 펼친건지..이것도 저도 아닌..ㅜㅜ  
20170420,7,코믹함이 클 줄 알았는데 의외로 사건을 진지하게 풀어냈어요. 재밌었습니다  
20170419,10,유쾌하고 재밌는 영화입니다. 이선균씨의  특유의 목소리도 있고 역사극에 코믹요소도 많아 보기 편하네요.  
20170419,10,가족끼리 동료끼리 친구끼리 부담없이 즐길수 있는 유쾌한 영화였습니다. 사극에 잘 등장하지 않는 예종의 등장이 신선했네요.  
20170419,10,진짜 너무 재미있었어요~역사를 재미있게 다가갈 수 있어서 좋았고이선균과 안재홍의 케미로 너무너무 재미있게봤어요~국사시간에는 깊이 배우지 못했던 예종의 이야기를 가까이서 볼 수 있어서 뜻깊은 시간 이었습니다^^  
20170419,10,꿀잼 너무  웃기네요 안재홍 멍한게 진짜연기잘하네여  
20170419,10,이선균과 안재홍의 콤비가 이 영화를 멋있게 재밌게 만들어주었다. 기대없이 본 영화지만 역시 보길 잘했다 최고였다  
20170419,5,"이선균 안재홍, 두 배우의 케미가 괜찮다.  "
20170419,10,이선균과 안재홍 콤비의 깨알 웃음. 마지막까지 웃음을 선사해주네요.ㅎㅎ 요즘 세상 삼보 안재홍 같은 충신이 아쉬울 때인 듯.  
20170419,10,예종 이선균과 삼보의 브로맨스 ㅎㅎ  베스트 커플 ㅎㅎ  
20170419,8,재미있고유쾌하네요. 추천추천!! 안재홍너무귀엽당  
20170419,10,시사회 관람했어요 두 배우의 케미 폭발 최고예요 2편 나와줄거죠??  
20170419,9,"시사회로 가서 봤는데, 기대보다 훨씬 재밌게 봤어요!! 안재홍, 이선균 케미가 진짜 키포인트!! 여러분 이거 보세요!!!! 시험 끝나고 보면 기분 더 좋아질 영화  "
20170419,10,너무 정말 재미있었어요~ 흥행대박!!!  
20170419,10,예고만 봐도 두남자 케미 킹왕짱. 빨리 개봉해라.  
20170419,10,5월 연휴 온가족 웃음보장! 추천합니다!  
20170419,8,이선균같은 왕이 있다면~멋짐~~그리고 개그 뻔한듯하지만 이선균만의 매력이 있다  
20170419,10,신선하고 유쾌하지 않을까 하는 예상 기대점수  
20170419,10,두사람의 캐미 재밌었어요~  
20170419,10,이런... 마성의 콤비 ㅠㅠㅠㅠ  
20170419,10,영화 너무 궁금해요!!!! 연휴 때 볼 영화로 기대중입니다  
20170419,10," 스토리, 영상, 디테일까지 대박. 기대안했는데 역시 이선균 배역이랑 너무 잘어울리고 안재홍 졸귀...♥? 캐릭터도 좋고 2탄도 나왔으면 좋겠다  "
20170419,4,c+급영화 영화관에서 보기에는 아까움  
20170418,9,오늘 영등포 시사회로 보고 왔어요~ 안재홍 원래 팬인데 임금님의사건수첩에서도 넘 재밌게 나오네요~ ㅎ 조선명탐정과 약간 비슷하지만 임금님이 직접 후덜덜한 액션 많이 취하시네요~ 강추합니다~  
20170418,10,기대안하고 봤는데 계속 실실 웃었다 ㅋㅋㅋ 웃기고 재밌다 ㅎㅎ 킬링타임으로 굿!  
20170418,10,이선균 안재홍 두분의 미친케미덕에 보는 내내 웃었어요 진짜 계속 시리즈로 만들어주세요  
20170418,10,시사회봤는데 아 진짜 웃느라 시간가는줄 몰랐네요 능청스러운 연기때문에 몰입도가 장난아녔어요  
20170418,10,오랜만의코믹하고재미있는영화1초의따분함없이웃으면서본영화매력적인임금의이선균과넘귀여운안재홍영화개봉하면또봐야겠어요^^  
20170418,10,2시간이란시간이  언제지나갔는지 너무 재미있게 관람하여습니다.배우 이선균님과 재홍님의  꿀케미도  너무 좋았어요.  
20170418,10,반전매력 이선균!! 역시 웃긴 안재홍!!  
20170418,10,둘이 진짜 잘어울리네요 ㅎㅎㅎ  
20170418,10,Cgv 영등포 시사회 보고 왔습니다!! 재미있게 볼 영화로 추천드려요이선균씨 안재홍씨 케미 짱좋아요! 특히 안재홍씨 진짜 너무 웃겨요~ 나중엔 얼굴나오면 웃을 준비했네요(보러가기 전엔 기대 없었는데 막상 영화보니 짱잼이었다는ㅎㅎ)  
20170418,9,"영등포CGV 시사회로 보고왔습니다. 이선균,안재홍 배우 연기 케미가 너무 좋았어요! 조선명탐정 처럼 2도 했으면 좋겠어요~시리즈처럼ㅎㅎ 강추합니다  "
20170418,10,정말 유쾌하고 통쾌한 시간이었어요.재밌어요.ㅎㅎ  
20170418,10,진짜 시간가는줄 모르고 봤습니다. 올봄 최고의 킬링타임 무비 이지 싶습니다. 흥행 장담해요~  
20170418,10,이선균 넘넘 멋지고 안재홍도 신의 한 수!!  
20170418,10,시사회 보고 왔네용 주연배우들 케미에 내내 웃었습니다 가볍게 웃고 즐길 가족영화로 추천!  
20170418,8,시사회로 보고왔는데 두 배우의 케미가 꽤나 좋습니다.  
20170418,8,"웃음빵빵! 신나게 웃네요~이선균, 안재홍의 케미가 굿입니다!!  "
20170418,10,너무 보고싶었는데 봐서 너무 좋아요  
20170418,10,"이선균-안재홍 캐미 굿굿ㅎㅎㅎ가족끼리, 혹은 웃음이 필요할 때 보면 좋을영화 :D  "
20170418,10,방금 시사회로 관람했습니다! 솔직히 기대 많이 안했는데 소소한 웃음이 끊이지 않았네요. 두 주연배우 케미만으로도 볼 만한 영화라고 생각합니다.  
20170418,10,꿀케미  ㅋㅋㅋㅋ 엄청 재밌게 봤어요!!!  
20170418,9,이선균과 안재홍의 남남 케미 짱!  
20170418,7,같이 보러간 언니가 재밌게 본거 같아서 좋았어요 ㅎㅎ  
20170418,10,영등포 CGV에서 시사회 봤어요이선균 안재홍 꿀케미 재밌어요  
20170418,3,시사회로 관람! 배우들은 호감이나 캐릭터의 매력도는 글쎄  
20170418,9,가볍고.재밌게.보기.좋아요. 심각한 거 보기 싫을 때 추천  
20170418,10,시사회 봤는데 2시간을 쉴새없이 웃고 떠들다 갑니다~! 잘봤습니다.^^* 대박나세요~!  
20170418,10,이선균과 안재홍의 미친 드립과 능청스런 연기덕에 보는 내내 웃었어요 흑운 짱 멋지고ㅠ정말 시간가는줄 몰랐어요  
20170418,10,사극 연기에 처음 도전하셨다는 이선균님의 연기는 잘 맞는 옷을 입은듯 어울렸어요. 안재홍님과의 케미도 훌륭했습니다. 재미와 긴장감까지 더해져 종합선물세트 같은 영화였어요. 강추합니다.  
20170418,2,한개는 그냥 귀여워서 준다  
20170418,10,방금 영등포CGV에서 시사회보고나왔는데요진짜 이선균이랑 안재홍 케미 너무 웃겨요ㅠㅠ너무재밌었습니다 어깨가 너무 들썩거려서 참느라 힘들었어요ㅋㅋ 개봉하면 또 보러가려구요!!!최고였습니다  
20170418,10,기대한만큼 유쾌상쾌통쾌하고 코믹한 대박영화~~1000만은 어렵겠지만 500만은 볼 영화~~  
20170418,10,이거는 꼭 봐야한다이선균의 넘치는 매력과 안재홍의 초절정귀여움에 케미가 짱이다  
20170418,8,시사회로 봤어요. 웃겨요  
20170418,10,시사회로 봤는데 진짜 너무 웃겨요!!!안재홍...짱...사랑...♡코미디와 약간의 감동 굿!  
20170418,8,안재홍 너무너무 귀엽고 러블리해요소소한 재미가 있는 영화! 가볍게 보기 추천해요  
20170418,10,이선균과 안채홍의 캐미가 너무 좋았어요♥  
20170418,8,별기대없이 봤는데 생각보다 재미있고 유쾌하네요ㅋ주변에 추천할게요  
20170418,10,재밌게 잘 봤습니다^^~  
20170418,10,"시사회 다녀왔습니다.영화 보는 내내 유쾌,상쾌,통쾌!!!두배우의 케미 역시 최고!!!대박 나길 바래요. 돈주고 또 봅니당  "
20170418,10,오랜만에보는 한국영화역시 잼있다  
20170418,9,재밌어용 그레잇 !!!정말 아껍지 않은 시간이었습니다 !!!!  
20170418,8,"시사회로 봤는데, 안재홍 최고예요ㅎㅎㅎ 안재홍과 이선균의 케미가 좋았어요ㅋㅋ 약간의 현대언어의 퓨전에 적응할 시간이 필요함ㅋ  "
20170418,10,이선균의 까불까불하지만 매력터지는 왕 역할! 너무 재밌게 봤어요.^^  
20170418,10,빵빵터지는 멋진영화 기대해두 좋아요  
20170418,10,오랜만에 실컷 웃다가 갑니다^^  
20170418,8,이선균과 안재홍의 캐미가 좋아서 영화재밌게 보았습니다!! 기대했던 것 보다는 이하입니당....ㅎㅎ  
20170418,9,임금이 너무 재밌네요~~  
20170418,8,대통령 선거를 앞둔 이 시점에 이런 왕이 이번에 뽑히면 얼마나 좋을까 라는 생각을 하게 되었음 지혜롭고 나라를 생각하고 부패를 과감하게 뿌리 뽑읗 수 있었으면 좋겠음이선균씨와 안재홍님이 다 한 영화임 내용은 약간... 산으로 가는 갑이 있음  
20170418,10,넘넘 재밌어요!!!! 영화시작부터 웃음만빵  
20170418,9,시사회봤는데 재밌네요! 이선균님 목소리가 왕왕다우심ㅋㅋㅋ  
20170418,10,즐겁게 온가족이 볼수있는 영화인것 같습니다~  
20170418,10,임금님의 사건수첩 너무 재미있게 보았습니다. 배우들의 연기가 멋지네요~  
20170418,10,요즘 본 영화중 제일 재밌었어요!! 안재홍 귀엽고 이선균 믿고봅니다!!  
20170418,10,시사회로 미리 접하였는데 이선균 안재홍 캐미 짱이네요!!이선균 홍블리 커플상!!♥한국판 셜록을 보는 느낌이었다!!추천!꾸르잼!!  
20170418,10,시사회 다녀왔는데 완전 꿀잼~이선균도 짱이지만 안재홍 역시....대박~!!!!  
20170418,10,임금님의 사건수첩 기대안햇는데 알차고 재밋어용!! 추천!!  
20170418,10,배우보는 재미이선균의 사극의 맛 좋네요  
20170418,7,팝콘영화로 괜찮은거같내요  
20170418,7,미적찌근한 코믹물입니다  
20170418,10,임금님의사건수첩   유쾌한 수사극 재미있어요  
20170418,10,임금님의 사건수첩 재밌어용!! 추천추천  
20170418,9,장영실은 위대하다 재밋엇어요  
20170418,10,주연 조연 모두 훈훈.하고 원작 충실히 재미있게 잘만들었네요. 강추해요  
20170418,10,시사회에서 즐겁게 잘 보고 왔어요! 이선균 멋있네요!! ㅎㅎ  
20170418,8,멋진 임금님이엿군요ㅋㅋ  
20170418,9,역시 믿고보는 이선균~ㅋ 완전 재밌어요~^^  
20170418,10,진짜 핵재밌다 이선균과 안재홍의 미친 케미!!조선명탐정처럼 시리즈로 계속 만들어주세요 제발  
20170418,9,안재헝과 이선균의 멋진 콤비 재밌습니다.강추!!!  
20170418,9,코메디에 스피디한 진행 재미나네요  
20170418,10,이선균과 안재홍의 케미 대박입니다!! 꼭보시길  
20170418,9,케미가 좋은 영화 ~ 2편 기대합니다욧  
20170418,10,추리소설 보는 듯한친구 같은 말투 신세대 말투재미 있다#임금님의사건수첩 #사건수첩  
20170418,10,이선균X안재홍 둘다 짱짱  
20170418,10,이선균의 첫사극! 성공적!  
20170418,10,재밌더라~ 역시 이선균 나오는 영화들은 평타 이상인듯  
20170418,10,어제 왕십리 시사회 갔다왔는데 짱잼 ㅜㅜㅎㅎ자극적이거나부담스럽지 않은 내용이라 가족들이랑 보기에도 좋을 것 같구 무엇보다 이선균이랑 안재홍 실제로 봐서 너무 조아뜸ㅋㅋ♡  
20170418,10,배우들 케미 쩔고 흥미진진하고ㅋㅋㅋ 마지막까지 너무 재밌게 보고 옴 개봉하면 입소문 제대로 타서 흥하길!!  
20170418,10,둘이 은근 잘 어울릴 듯 ㅋ  
20170418,10,진짜 예고편 졸잼임ㅋㅋㅋㅋ 빨리 개봉하라굿!!!!  
20170418,10,예고봤는뎈ㅋㅋ재밌어 보여요  
20170418,1,"에휴, 벌써 손발이 오글.  "
20170418,10,"신선한 조합이 만들어낼 새로운 추리영화여서 기대가 되요! 특히 요즘 웃을 일이 없는데, 많이 웃겨준다면 금상첨화에요 ㅎㅎ  "
20170418,9,두 배우들의 엄청난 케밐ㅋ  
20170418,1,원작팬은 울면서 예고편봤다..진짜... 그 작품을 이렇게 만들어놓냐... 원작따라갔으면 흥행보증인데 ㄹㅇ..  
20170418,8,"시사회 보고왔습니다~ 스토리 짜임이 엉성하고, 조금은 유치하게 느껴지며, 경수진씨의 연기가 몰입 확 깨지만..! 안재홍 이선균 케미가 다함..! 안재홍 세젤귀..계속 빵빵터짐 봉골레선균 멋짐.  "
20170418,10,기대된닼ㅋ 엄청 웃길듯ㅋㅋㅋ  
20170418,10,ㅋㅋㅋ아 재밌겠다 반응 좋던데!! 케미 기다림  
20170418,9,이런 조합 자주자주 나와줬으면 좋겠어요!! 캐스팅부터 코믹 예감 ㅋㅋ  
20170418,10,안재홍 이선균 케미 기대됨!!!  
20170418,10,두 남주의 케미 완전 러블리~~  
20170417,4,시사회 관람했는데ㅜㅜ 두시간내내 졸았다는ㄷㄷ밑의평점들 커피쿠폰땜에 올린것들ㄷㄷ  
20170417,10,"이선균 개 쌕쒸, 안재홍 개 귀염  "
20170417,10,어명인데?! ㅋㅋㅋ 극한직업 ㅋㅋ 안재홍 만세!  
20170417,10,아 완전 낄낄대며 봤어요! 무대인사도 있어서 최고였음!  
20170417,1,와우 정말 재미없네욤ㅎㅎ  
20170417,1,방금 시사회 보고 나왔는대 역대급 핵노잼 진심입니다보지마세요 이거진심임 ㅡㅡ 개빡침진짜  
20170417,10,우리도 다재다능한 임금이 있음 좋겠다 ㅠㅠㅠ  
20170417,9,쟘나게 잘보고가네요ㅋㅋ  
20170417,7,내 이름이 이~전하요!!ㅋㅋㅋㅋ 기대됩니다.  
20170417,10,시사회로 잘 관람했습니다!!  
20170417,10,만화로 미리보고 봐서 더 재밌게 봤어요*_*  
20170417,9,참고로 예종은 19살까지 살았는데 ㅠㅠ 그럼 이선균님은 현실 고등학생나이 ㅠㅠ....  
20170417,1,예고편에 어명인데? 하는거보고 기대감 팍 다운.  
20170417,10,유쾌하고 웃길것 같음ㅋㅋ 재밌겠다  
20170417,10,오 믿고 보는 배우들이구만 재밌겠다 ㅋ  
20170416,7,이선균 사극목소리톤이 너무 일정해서 몰입이좀 떨어지네...  
20170416,10,초대박 아니면 개쪽박 영화 뚜껑열리면 알겠지 500만~600만 or 45만~60만 갑니다포스터만 봐선 노잼  
20170416,1,평점 쥬작할 거면 티 안나게 하자.  
20170415,10,새로운 장르의 사극이네요 기대됩니다  
20170415,10,모두 다 꼭 봅시다 코미디라하면 꼭 봐야하는 법  
20170415,10,뭐냐 또 표절충이냐???? 원작 있다 적인걸보다 먼저다 제발 쫌  
20170415,1,뭐냐 또 적인걸 따라한거냐???? 제발 쫌  
20170414,1,영화도 시대에 맞게 만들어야지 역사 왜곡코미디 아니면 조폭깽판 영화나 만들고잇네  
20170414,1,아니 예고편만 봐도 딱 느끼는건데 이게 조선명탐정이랑 뭐가 다르냐. 관객수준이 개똥이니 제작자들도 개똥처럼 만들지. 입만아프다  
20170414,1,사극 코미디 지겹다 지겨워  
20170414,1,"진짜 웬만하면 댓글 안다는데, 버스에서 맨날 이 광고나오는데 듣기싫음 진짜..  "
20170413,1,알바들 시급이 궁금하다  
20170413,10,이 영화는 꼭 영화관가서 친구들이랑 보고싶네요~  
20170413,10,이선균 안재홍이면 말 다했다  
20170413,10,헐이선균안재홍ㅠㅠ예고편을지금보다니  
20170413,10,조합 기대돼요 ㅋㅋㅋ  사극코미디는 평타이상치는듯  
20170412,10,봉블리 빨리 보고 싶어여 ㅠㅠ  
20170412,1,뭐만하면 '믿고보는...'이런글 자꾸 적어대는데 제목에서 벌써 다운로드로 직행하라는 뜻이 나타나네.미안하다.이런 영화 열정없이 자꾸 찍지마라.  
20170412,10,뭘 고민하나..이선균이 사극을 찍는다는데 워후!!!!  
20170412,6,영화에 몰입 안될듯 뭔가  
20170411,9,"이런류의 영화 넘 애정하는데...하아,,.개봉일이 좀더 빨랐으면...ㅜㅜ  "
20170411,10,이영화는 500만은 통과한다.  
20170411,10,어떻게 이 조합으로 기대를 안하나?ㅋㅋ  
20170411,10,ㅋㅋㅋㅋ안재홍 진짜 너무너무너무기대중이에요 얼굴이 코믹 젤 잘함  
20170411,10,너무 기대돼요!! 꼭 보고싶어요  
20170411,10,재위기간도 짧고 찌질한왕 예종이 주인공이네??  
20170410,5,4/11 개봉이었잖나...ㅠㅠ  
20170410,10,버스에서 광고 나오는데 여기가 임금님의 사건수첩을 볼 수 있는 극장이 있답니다이보다는 여기에 임금님의 사건수첩을 볼 수 있는 극장이 있답니다가 듣기 좋을 것 같다는 생각 ㅎ0ㅎ  
20170410,10,기다리고 있습니다  두 배우의 캐미!!!!  
20170410,1,하.. 미스캐스팅에 감독전작들..  5월황금연휴 노리는거 같은데.. 첫주말부터 교차상영 될듯..  
20170409,10,꿀케미 기대합니다bb  
20170409,10,이선균 안재홍 믿고보는 흥행보증이다~빨리보구십따~  
20170408,5,으음 원작의 임금님이랑 이선균이랑 별로 안어울림  
20170408,1,예종즉위떼예종19살밑인데  
20170408,10,기대되네 조선판 투캅스ㅋㅋ  
20170408,1,내가 광고보다가 이런거 적으러 안오는 사람인데... 와 진짜 심각하게 노잼 망작냄새나서 그리고 보니까 짜증이나서 적으러 왔다 쓰레기같네  
20170407,10,이선균이랑 정봉이 조합인데 무조건 꿀잼 보장.. 성난변호사도 그렇고 은근히 이선균이 영화선택을 잘하는듯ㅎㅎ 이선균 영화 재밌엉 ㅎㅎ  
20170407,10,보고 싶다!! 예고편만 봐도 꿀잼이네 >_<  
20170406,2,흥행 못할 삘이 온다....b급 재미없는 영화.. 휴.. 좀 색다른 영화 안나오나? 요즘 영화 장르가 다비슷비슷  
20170406,10,포스터 속에 안재홍 표정 넘 귀여움 ㅋㅋㅋㅋ  
20170406,10,예고편 안재홍 너무 웃김ㅋㅋ잘못봐서 오늘 개봉인줄 알았는데 20일이나 더 남았다니ㅠㅠ  
20170406,10,간만에 사극 코미디네요!! 기대됩니다 ㅎㅎㅎ  
20170406,10,예고편 짱웃김ㅋㅋㅋ 영화 재밌어보임  
20170406,10,이선균 안재홍 케미 기대기대  
20170406,1,실제 역사속에 예종은 애비가 왕위찬탈한 콤플렉스를 그대로 물려받아 재위 내내 찌질이 짓 하다가 일찍 급사한 인물인데 피카레스크 구성이라면 모를까 예고편 봐선 꽤나 심각한 역사왜곡 물이 될 가능성이 높아보임. 실제 연산군~선OO지 정국혼란에 일조한 인물  
20170405,10,이선균 정봉이 조합이면 말 다했제~  
20170405,10,목소리 갑 이선균에 봉블리까지 나오면 일단 보는거지 뭐 난 기대중  
20170405,5,"참 b급 스멜 물씬나네.,.  "
20170403,10,예고편 보니까 웃길거같던데 보고싶음ㅋㅋ  
20170402,1,씹노잼일듯 ㅋㅋㅎㅎ.  
20170401,10,좋은 약재가 모인 십전대보탕  
20170330,10,정봉요정~~~~영화 기대되네엽 ㅋ  
20170328,5,배우들께 죄송하지만 원작에 비해 넘나 아쉬운 캐스팅ㅠㅠ  
20170327,10,아니 그래서 개봉은 언제요!!! ㅜㅜ 엉엉 어여보고파영  
20170325,9,이선균 짱죠아하지만 예종은 열아홉에 죽었는데 너무 나이드신거 아닙니까!!!!ㅋㅋ꿀케미 기대합니당  
20170323,8,원작은 스토리만 따온건가 인물들도 좀 따오지  
20170322,10,이선균님 너무좋음ㅜㅜ근데 예고편에서 왠지 자꾸 파스타 쉐프말투같은느낌;  
20170320,10,안재홍에... 경수진까지!(조연이지만) 4월 언제냐 보러가야지 ㅋㅋㅋ  
20170320,10,선균이형.. 저를 가져요.. 사랑해요  
20170319,10,그냥 이선균 연기스타일이 완전 내 스타일.. 빨리 나왔으면..ㅠㅠ  
20170318,10,믿고보는 균임다!!! 얼른 개봉했으면 좋겠어요ㅜㅜㅜㅜ  
20170318,10,캐미도 기대되고 재밌을것같음 ㅎㅎ  
20170318,10,조작된도시이후 잼난거 기댕기고있는데 요게 그거  
20170317,5,역사에서의 예종은 요절하지 않았나요?  
20170317,9,"아기다리 고기다리 던 ""선균!!"" ㅋㅋㅋ  "
20170317,10,예고편보니 대박 냄새가풍긴다  
20170317,10,수양대군 아들인 예종이 주인공이네요ㅋㅋ기대해봅니다  
20170317,9,기대 만빵! 10점 주면 알바라고 할거니까 9점..  
20170316,10,일단 예고편은 기대하게하네 ㅋㅋㅋ너자냐?ㅋ배급사만 같았으면 조선명탐정이랑 크로스오버해도 대박이었을텐데  
20170316,10,이선균 연기 진짜 물흐르듯 좋다ㅋㅋ 진짜 연기는 아무나 하지말자  
20170316,10,안재홍 ㅠㅠ 이선균까지 나오니 짱짱맨  
20170316,10,이조합 끌린다 ㅋㅋㅋㅋ빨리 개봉해라 ㅠ  
20170316,1,별로 예종이 20살때 죽었는데 너무 나이 많아보인다. 아무리 영화라지만 역사인물 쓸거면 고증 지켜자면서 하는게 좋을듯  
20170315,10,아 재밌는 영화도 없는데 이거 대박 기대  
20170315,10,"이선균, 안재홍 조합 무지 기대됩니다!!  "
20170315,10,"한복 입고 사극영화 찍는 균배우, 놓칠 수 없지!!!!  "
20170315,1,포스터에 오류가 있네요;; '짐'은 중국의 황제가 자기 자신을 가르킬때 쓰이는 호칭 입니다. 조선의 임금은 자기 자신을 가르킬때는 '짐'이 아니라 '과인'이라고 합니다. 제발 기본적인 상식을 지킵시다.. 아무리 영화라고 하지만  
20170314,10,의외로 이런 영화가 대박난다는거..살포시 기대해봅니다  
20170314,10,기대하고 있어요~!!  
20170308,10,꺄 이선균!!!! 내가 제일 좋아하는 스토리에 이선균이라닝.. ♥  
20170306,10,이선균과 안재홍ㅋㅋ 캐스팅만봐도 기대된다!! 꿀잼일듯ㅋㅋ  
20170306,10,ㅋㅋㅋ이선균에 안재홍 그리고 정해인까지 완벽해  
20170123,10,진심 기대됨 ㅠㅠ ㅠㅠ 이런 소재 너무 좋다ㅎㅎ  
20170106,10,우리 해인오빠나온대서 타고왔어요♡ 기대되네요 오빠사극♡♡  
20160901,1,스텝이 싸가지를 밥말아 처먹었요 우리보고 치워라고 고성을질렀어요  
20160802,10,좋은배우들..좋아요  
20160720,10,전 주연과조연배우님들 구성어 좋고 빨리개봉했음좋겠네요 보고싶어요 대박기원ㅋㅋ  
20160625,1,"라인업보니간 이미 폭망각이네, 투자자 빈털각이다 안재홍 이선균..  "
20160623,6,만화 원작과 넘나 동떨어진 캐스팅ㅠㅠ 젊은 군주 예종과 꽃돌이 사관 윤이서는 어디로....ㅠㅠ 각색이 많이 되겠죠??  
20160621,8,정봉이 신인중 최고의 기대주  
20160521,10,기대~ 이선균 안재홍이라니 조합 끝내주네요~  
20160407,10,영화사랑 같은 빌딩3층인데 시사회좀초대해주세요^^기대 많이 해봅니다 영화인들이 자주 바쁘게 오가는데.궁금하고 기대됩니다  
20160317,6,글쎄 영화는 봐야 알겠지만 이선균 발성이 사극하곤어울리지않는 중저음톤이라  
20160311,10,이선균의  사극이라...완전 기대됨 !!! 안재홍과의 호흡이라 ~~  보고싶다  언능  
20160309,10,"이선균,안재홍 거기다 문현성감독님 기대만빵 ^^  "
20160221,10,이선균 안재홍의 임금님의 사건수첩 캐스팅 좋다!!!  
20160220,10,코리아 문현성 감독님...진짜 기대 됩니다.^^  
20160218,10,홍블리ㅠㅠ이선균이랑 꿀케미 기대 함ㅠㅠ!!!  
20160218,10,이선균에 러블리 재홍까지 ㅋㅋ 이 두 콤비 기대된다  
20160121,1,이런거 좀 만들지 마라..휴...  
20160112,10,믿보균!!! 믿고보는 이선균 ?균오빠영화는 언제나 실망이없다.  
20151126,10,코리아로 큰 감동을 줬던 문현성감독님~~차기작 정말 기대가 큽니다~^^  
20151111,10,관록의 문현성 감독님 작품이니까  
20151031,10,보고싶어요! 믿고보는 문현성 감독님!ㅎㅎㅎ  
20151015,10,이만화책 마지막이약간급전개긴했지만 제대로만하면 레알꿀잼bb  
20151010,10,이선균 주연이자나ㅎㅎ  
