0,1,2
20161220,10,너무 감동적이었습니다. 힘들고 어려운 상황속에도 도전과 자신감을 가지고 노래를 부르는 모습이 멋졌어요.  
20161220,10,배우들 목소리 연기 좋았어요!!  
20161220,10,크리스마스 영화로 재미있겠네요  
20161220,10,우연치 않게 보게 됬는데 시간 정말 빨리가고 재미있네요  
20161220,10,등장인물 각자의 인생 스토리에 이미 익숙한 명곡이 더해져서 뮤지컬 한 편을 본 느낌이 들었어요~~~눈과 귀가 즐거워지는 영화에요!  
20161220,10,시간가는 줄 모르고 즐겁게 잘 봤습니다~노래가 흥겨워 보는 내내 몸을 들썩거렸네요~  
20161220,10,초반이 조금 지루하긴 했지만  뒤로갈 수록 노래도 좋았고 재밌었어요~  
20161220,10,시간가는줄모르고 봤습니다 노래도신나고 재밌어요  
20161220,7,노래 계속 흥얼거리게 되고 재밋엇용  
20161220,9,신세대를 위한 뮤지컬 애니메이션  
20161220,10,시사회 처음 가봤는데 너무 재밌었어요!!! 개봉 후에도 또 볼거 같아요ㅎㅎ  
20161220,3,기대된다  한건봐야징 ㅋ  
20161220,8,아이들과 같이 보면 즐거운 뮤지컬을 보는듯 잼나고 신났어용  
20161220,9,재미있어요~ㅎ노래는 역시 신나네요^^♡  
20161220,10,초등학생조카랑 둘이 보고나왔는데 조카도 10점만점에무한점이라네요 그만큼 감동적이고 재밌어요 어른들 영화임..전체관람이지만  
20161220,8,기대 안하고 봤는데 재미있습니다.^^  
20161220,10,영화구성이 너무좋았고 노래가 다 좋았어요~! 애니메이션보면서 힐링되는것 같았어요!  
20161220,10,시사회갔는데 완전재밌었음  
20161220,9,간만에애니메이션잼있게잘봤어용~^^  
20161220,10,애니메이션 별로 안좋아 하는 편인데 시사회 당첨 돼서 본거지만 정말 재미있었습니다!! 감동도 있고 뮤지컬 같은 느낌도 들어서 색다른 애니메이샨이었습니다!!  
20161220,10,영화 너무 재미있고 ost도 좋네요!  
20161220,10,완전 대박인 영화! 노래도 너무 좋고 감동도 있고 최고였어여 진짜 ㅠ  
20161220,7,노래도 스토리도 넘나 잼있어요~~^^  
20161220,10,노래 좋네요재밌어요  
20161220,9,아이랑 자막으로 봤는데도 즐겁게 봤어요  
20161220,10,시사회는 처음이였는데시간 아깝다고 느낄 새가 없었네요.재밌게 보고 갑니다~  
20161220,8,정말노래가풍성하고캐릭터모두매력있어용ㅎㅎ  
20161220,10,재밋슴다 공연기획학생이 볼만해요  
20161220,10,진심 잼있았어요! 한편의 뮤직컬 본 느낌!  
20161220,10,너무잼있고 신나는영화예요 내내웃었습니당  
20161220,9,유쾌한 스토리와 노래솜씨!어른이 봐도 재미있는 영화!한참을 웃으면서 봤어요^^끝날때까지 끝나지 않은 노래 짱!  
20161220,10,잘봤어요  최고 잼나요 ㅎㅎㅎ  
20161220,10,핵꿀잼 ㅎㅎㅎㅎ 너무 재밌었어요  
20161220,10,시사회 참석했어요^^ 크리스마스 시즌에 보기 참 좋네요.영화보는 동안 참 좋았습니다^^  
20161220,9,연말분위기에 어울리는 즐거운 영화였어요~연인 가족끼리 관람하기 좋아요^^  
20161220,9,노래도 좋고 캐릭터들이 너무 귀여워요!!! 완전 강추!!  
20161220,8,너무너무 귀엽고 나이대 상관없이 누구나 즐길 수 있는 영화입니다.  
20161220,10,오바에요 별 기대 안하고 봤는데 꿀잼가볍게 보기 좋은영화 같아요 굳굳  
20161220,8,처음엔 코알라의 추억팔이 뻔한 내용일꺼지만역쉬 마지막 하이라이트ㅋㅋ궁금하면 보시길ㅋ  
20161220,10,완전 재밌어요!! 노래 진짜 너무 잘하고 산뜻하게 보고 오기 좋은 영화  
20161220,9,웃고 울고 너무 즐겁고 편안한 관람시간이었네요 *^^*♡  
20161220,10,눈뿐만 아니라 귀까지 행복한 영화^^  
20161220,10,시사회로 봤는데 재미있었습니아! 동물들도 귀엽고 노래도 정말 좋네요ㅎㅎ  
20161220,10,너무재밌어요 ~~~~  
20161220,10,재미있습니다 한번보세요~~  
20161220,10,진짜재밌음진짜진짜진짜  
20161220,10,완전굿이건 꼭 봐야돼요~~  
20161220,10,진짜 재밋어요~~ 눈과귀가즐거운영화 꼭보세여!  
20161220,9,조금 지루해요 그래도 재밌었습니다  
20161220,10,시사회있어서 방금 보고나왔습니당 너무귀여운 동물들 ㅎㅎ신나는 콘서트랑 무겁지않은 다큐랑 예능본거같았어요!! 크크크 디테일이 짱짱~ 표정들 등등ㅋㅋㅋ깨알개그도가득!!! 이 작품 만드시느라 수고하셨을 모든 이들께 감사합니다 수고하셨어용 ㅎㅎ  
20161220,10,진짜 재미있어요ㅎㅎ눈과 귀가 줄거운 영화입니다!!  
20161220,10,12월 22일에 보러 가는데 재미있을 것 같아요  
20161219,10,시사회후기입니다 노래가너무좋았어요 현실적인스토리도 공감되고 재미있었습니다  물흐르듯이시간이 가는줄모르고봤네요 불편하거나 안좋은요소가 없었습니다  엄마도 재밌게보셨다고좋아하셨습니다 누구에게나 추천드립니다  
20161219,10,예매완료!! 기대중^^♡  
20161219,10,빨리 빠리 개봉해서 보고싶다  
20161219,7,애들 하고 보기에 무난하겠네  
20161219,10,보는 내내 괜히 뭉클뭉클했음ㅜ 주인공들의 얘기가 꼭 내 얘기 같았서.. 특히 조니ㅠㅠ! 뜻밖의 힐링이었다...  
20161219,10,"크리스마스, 연말에 딱 어울리는 따뜻한 영화! 깜짝 선물 받은 기분이네요!  "
20161218,10,영화배우가 노래부르는 거 정말 궁금했는데 짱 일루미네이션 짱좋아요  
20161218,8,목소리깡패 토리켈리 많이 나와라♥♥  
20161216,10,"어마어마한 캐스팅에 유명한 팝노래들 재미, 감동, 교훈 모든 것들이 담긴 영화입니다. 영화보는 내내 유머에 빵빵터졌고 흥이나 어깨가 들썩였습니다. 시사회 덕분에 재밌게 보고왔습니다. 10대부터 40대까지 재미나게 볼 수 있을 것 같습니다:-)  "
20161215,10,역시 미니언즈 제작진! 주토피아를 잇는 2017년 기대주 동물영화! ㅋㅋ 개봉하면 노래리스트 백퍼 찾아볼듯.시사회 영화보면서 발로 흥을 달래느라 힘들었음. 아.... 노래 진심 잘한다 ㅠㅠ 감동  
20161215,9,시사회에서 봤습니다 재미 위트 감동 흥 다 있어요!!! 정말 일루미네이션에서 엄청난 작품을 만들어냈습니다 보는 내내 정말 신나고 즐거웠는데 꿈에 대한 찡한 마음과 가족애까지 진짜 꼭 연말에 친구랑 가족과 연인과 함께 보시면 좋을 듯!! 정말 좋았어요!  
20161215,10,벌써부터 예고라던 그12월이 왔네요  
20161215,10,"최고입니다. 라라랜드와 비슷한 교훈을 주는데, 이쪽은 상황이 많아서 그런지 그 중 하나가 내 얘기 같아서 맘에 더 확 오네요.  "
20161215,9,리즈돼지 엄청 귀엽다  ㅋㅋ  
20161214,9,시사회 보고왔어요! 목소리 출연이 어마어마한 캐스팅이라 꼭 더빙으로 봐야 하는 청소년 이상 애니인데 심각하게 귀여워요.ㅋㅋ스토리가 아주 개연성있지도 않고. 근데 목소리 연기만으로 울컥해지는 부분도 많고 괜찮았어요  
20161214,10,어제 시사회로 보고 왔는데 진심 백퍼 재미있습니다~ 몇번이나 빵빵 터졌는지~ 귀엽고 사랑스럽고 모든 면에서 만족 합니다~ 노래도 넘넘 좋아요~ ost 듣고 또 듣고~~~ 계속 듣고파~  
20161214,10,시사회보고 왔는데 영화 끝나고 박수쳐야할 것 같은 느낌  
20161214,10,"시사회 보고왔어요애니메이션에 별 관심이 없어 기대없이 다녀왔는데,진짜 진짜 재미있었습니다!처음엔 약간 산만한 것 같고 나중에 급 전개되는 감은 있지만그래도 진짜 귀엽고 재미있고 감동도 있습니다어머니도 완전 좋아하셨습니다 추천해요  "
20161214,10,시사회로 봤는데 재밌었습니다! 지루하거나 유치하지도 않음  
20161214,10,저 평점 처음 써봐요. 이 영화 유치할줄알았는데 주인공들이 너무 애착이가고 귀여웠어요 ost도 좋아요 특히 미나의 노래는 정말....토니캘리언니 사랑해요♥♥감사해요♥♥  
20161213,9,"시사회당첨돼서 보고 왔어요태런 애저튼, 스칼렛 요한슨 명배우들이 이렇게 노래를 잘 하는 줄은 첨 알았네요  "
20161213,10,정말 너무 재밌고 감동적인 영화였어요.가수가 되고픈 동물들이 정말로 하고 싶은 것을 찾아 하고 모든 일반 동물들이 할 수 있다는 것이 정말 너무 좋았습니다.씽이 재미없을 것 같으시는 분들에게 알려주고 싶습니다.이 영화는 꼭 봐야하는 재밌는 영화입니다.  
20161213,10,부담없이 볼수있는 고퀄가족영화! 미니언즈 제작진이라서그런지 캐릭터들이 입체감있고 통통튀어서 좋았어요!! 캐스팅에서 의아했는데 걱정을 말끔이 씻어주는 노래들!!! 정식개봉하면 다시보러가야겠어요ㅋㅋㅋ 무조건 큰화면 사운드 빵빵한곳이 최고!!!  
20161213,8,보는내내 너무 귀여워요 ㅠㅠ약간 아쉬운건 보면서 주토피아가 계속 생각나더군요..그래도 영화값은 아깝지 않은 영화였어요~~  
20161213,10,시사회 당첨으로 씽을 보게되었는데 역시 기대했던것만큼 정말로 재밌었구요 스토리도 탄탄하고 계속 즐기면서 봤어요!! 흥해라  
20161213,10,지루할 틈도 없이 너무 재밌어요  
20161213,9,애니메이션을 즐겨보진않지만~ 음악이란주제로 귀도 즐겁고 보는재미도 있는 애니메이션이라서 재미있게봤습니다~아는사람들에게 추천해줄만한 영화입니당^^  
20161213,10,완전 재밌어요 강추! 연령대 상관없이 모두 즐길 수 있는 영화!  
20161213,10,영화 보는 내내 흥겨운 노래가 나와서  참 재밌어요!!    꼭 영화보시길 추천드립니다!!!!  
20161213,10,정말 눈물낫어요 다시 보고싶  
20161213,10,귀여운 동물친구들 크리스마스 때 보면 좋을것같아요! 어른도 아이들도 딱 좋아하는 영화예요! 시사회 참석하길 잘했어요!!  
20161213,9,재밌어요! 친구랑 가족이랑 보기 좋아요 !!!  
20161213,10,짱잼!!! 또 볼래요!  
20161213,9,신나고 재밌네요. 노래 잘해요.  
20161213,10,나는 왜 눈물이 났는가ㅠㅠㅠ  
20161213,9,기대이상으로 재미있고 귀가즐거운 영화!  
20161213,9,최고 최고 웃다가 아이라인 다번졌어요 !!!  
20161213,10,오늘 시사회에서 보고 왔는데 너무 재밋네요~크리스마스에 보시는거 추천 드려요!  
20161213,10,짱 귀여워용!!!! 짱귀엽  
20161213,9,애니메이션 자체가 고퀄이다. 동물을 주인공들러 하기 때문에 주토피아 느낌이 살짝 남. 하지만 스토리는 완전 다름. 꽤 자주 유머포인트가 있고 감동 포인트도 있음.  
20161213,9,노래도 듣기좋고 재미있었어요~  
20161213,10,오늘 시럽에서 당첨되어 봤는데 계속 웃으면서 봤네요!나오는 노래마다 신나고 잘만든 캐릭터를 보니 절로 웃음이 나네요!  
20161213,9,재밌었어요  방학에 다시  
20161213,10,꼭 보세요... 영화푯값으로 콘서트를 즐길 수 있습니다...  
20161213,10,"진짜 재밌음ㅠㅠ 픽사,,, 긴장해,,,  "
20161213,10,신나고 재밌는 영화였어요-!!아는 노래도 나오고 귀여운 캐릭터들이 나와서 더 집중이 잘 됏어요-!!  
20161213,10,스토리랑노래도잘들었어요 너무좋은영화짱짱  
20161213,7,캐스팅이 신의 한 수입니다.  
20161213,8,엔터테이먼트.일루미네이션이 제시하는 꿈에 대한 비전  
20161213,10,너무 신나고 재밌었어요~!같이 흔들고 노래부르고 싶은 영화에요♡  
20161213,10,노래도 좋고 캐릭터도 개성 넘치고 재밌어요 ^^ 강추합니당!  
20161213,10,오랜만에 애니메이션 관람했는데 영화 보는 내내 웃으면서 즐겁게 봤네요!! 노래도 너무 좋아요~~  
20161213,10,완전 재밋어요! 보는 내내 너무 즐거웠습니다!오랜만에 너무 즐겁고 재밋게 봤습니다!ㅎ모두들 놓치지 마시길~^^  
20161213,9,다채로운 음악과 애니메이션이 재미있었다  
20161213,10,기대보다 훨씬 더 재밌네요 감동과 웃음이 가득.. 인생 애니가 될듯  
20161213,10,재밌어용!!! 노래 좋아여  
20161213,10,신나는 음악과 함께  즐길 수 있는 재밌는 애니메이션이네요.  Two Thumbs Up!  
20161213,10,엄청재밌어요 웃기고 노래좋고 적극추천 진짜재밌어요  
20161213,10,정말 최고. 자막판으로 꼭보세요. 콘서트온줄 알았네요.  
20161213,10,"완전 강추합니다, 노래와 스토리 퀄리티 다좋아요일어나서 박수칠뻔  "
20161213,10,최근 본 영화중에 제일 재밌었고 정말 만족스러운 영화입니다. 많은 분들이 애니메이션이라고 유치하다고만 보시지 않았으면 좋겠어요!!! 진짜 노래 끝날때마다 박수치고싶은거 꾹 참았습니다.  
20161213,9,스토리도 좋고 노래들도 다 너무 좋아요! 특히 가사가ㅠㅠㅠ 귀여운 동물들 보면서 힐링하고 갑니다ㅎㅎ  
20161213,10,"정말 재미있었어요!!!! 노래들과 코믹요소들, 인물들의 개성이 잘 녹아났습니다. 최고였어요!!!  "
20161213,10,애니메이션 본거중 최고였네요.음악과 춤.그리고 감동까지 어른이봐도 아이가 봐도 좋을 애니였네요.극찬하고 싶습니다.  
20161213,10,노래가 다 좋고 재미있었어요♡♡ 개봉하면 또 볼꺼에요!  
20161213,9,기대보다 훨씬너무 신나게봣네요  
20161213,10,너무 유쾌하고 재밌어요. 기대했던거보다도 훨씬 재밌었어요.  
20161213,10,단순 애니메이션인줄 알았는데 너무 재밌고 스토리도 탄탄하고 노래도 좋아서 기대이상  
20161213,10,애니메이션중 최고 명작가족 친구 연애 사랑 우정 다 들어가있고 눈물나게 감동했어요ㅠㅠ노래도 너무 좋아요!! 돈 주고 봐도 절대 후회안할 영화  
20161213,10,완전 재밌어요 원래 애니 좋아하는데 너무 재밌게 봤어요 쥬토피아 다음으로 올만에 꿀잼 영화 였어요 가족과 함께 연인이랑 아이들이랑 모두모두 추천해요!!  
20161213,9,완전 재미있어요  귀도 정화되고  강추  !!  
20161213,7,이번에 코알라가 주인공인데 모 사이트에서 드립 안 치겠지?  
20161213,10,노래너무좋아요!!!!  
20161213,8,재밌어요 노래 정말 신나요!  
20161213,10,짱재밌다!! 좋아하고 유명한 팝송들로 스토리어우러져서 더 좋다!  
20161213,10,재밌습니다. 음악좋음  
20161213,9,너무나 재미있게 봤습니다  
20161213,10,한편의 뮤지컬 본거같아여 재밋고 박진감 넘쳤어요~평소에 애니매이션을 좋아하는데 역시나 최고!캐릭터들도 다 너무 신나고 다양해사 보는데 시간가는줄 몰랐어요  
20161213,10,보는내내 눈을뗄수없었습니다. 최고!  
20161213,9,시사회 당첨으로 미리 봤어요 너무 실감나고 진짜 한편의 뮤지컬을 본듯해요 유쾌하고 재밌게 잘봤어요 배우들이 이렇게 노래를 잘할줄 몰랐어요 짱!!  
20161213,9,미니언즈 제작진들이 참여해서 기대했는데 정말 재밌고 아는 노래들도 많이 나와서 즐길 수 있는 영화였어요!스칼렛 요한슨의 노래실력도 굳  
20161213,10,개성있는 캐릭터에 노래 듣는 재미가 쏠쏠~  
20161213,8,애니메이션이라서 유치할줄알았는데 스토리도 너무 좋고 감동도 있고 가족끼리 보기 좋은 영화같아요! 짱  
20161213,10,짱재밌어요ㅋㅋ최고ㄱㄲ  
20161213,10,아 너무귀여워 죽을뻔 햇어요 ㅠㅠ 마지막에 같이 춤출뻔 했어요 강력추천!!!!  
20161213,10,감동 있고 신나고 좋아요.  
20161213,10,가족나들이로 딱이네요  
20161213,10,완전 재밌어요bbbb  
20161213,8,친구에게 추천할게요~~  
20161213,10,굿굿!너무도 재밀어요 짱이에요 ㅋㅋㅋ 땃뜻  
20161213,10,재미있게 잘봤습니다^^  
20161213,10,마음이 따뜻해지는 영화였어요  
20161213,10,노래도 좋고 영상도 좋고 신나는 영화입니다!  
20161213,10,"재미,감동 둘다 만점!! 개봉하면 다들 꼭보러가세요~!!  "
20161213,10,눈과 귀가 동시에 호강하는 즐겁고 유쾌한영화입니다! 강추합니다  
20161213,10,너무 재미있었습니다 ^^  
20161213,10,영화너무재미있었구요! 역시보길잘했다는 생각이 들어썽요! 배우분들이 노래를 너무 잘하셔서 놀랐고! 두번봐도 질리지 않을거같아요@  
20161213,9,감동과 재미를 모두 갖췄다. 눈과 귀가 즐겁다. 노래를 좋아하는 사람이라면 한번쯤은 꼭 보시길  
20161213,10,지루할 틈이 없네요! 졸잼!  
20161213,9,이렇게 자랑스러운 무대공연은 무죄!! 촤고의 달빛극장에서 펼쳐지는 환상의 쇼에 감동 대박!! 두려움이 무너질때 희망이 노래되는 마법!!!  
20161213,10,올해 본 영화 중 가장 힐링영화라는 수식어가 어울리는 영화였어요 ㅠㅠ 너무너무 따뜻했습니다!!  
20161213,10,잼있어요..신나요  또 보고싶어요  
20161213,8,노래가 굉장히 좋았고 유쾌한 작품이었다!!! 존잼  
20161213,9,일루미네이션 작품 중 제일 괜찮은 스토리였던거 같다. 음악이 한몫한다.  
20161213,10,짱재밌어요 또보고싶은영화입니다:)  
20161213,10,너무좋아요 노래들이좋아서 한번 더 보고 싶은영화에요! 진짜 매력적입니다!  
20161213,10,완전 짱!!!너무 너무 재밌어요♡  
20161213,8,오랜만에 본 재밌는 애니메이션! 노래도 최고!  
20161213,10,와우~ 너무 재미있네요!!시간이 후다닥 지나갔어요!!  
20161213,9,모든게 문의 노력의 결실!!  
20161213,10,진짜 개재밌음....노래대박  
20161213,8,재밋엇어요 노래가 신나서 좋앗습니다  
20161213,10,보는 내내 웃음이 떠나질 않았던 영화 :-)  
20161213,10,완전 재밌어여 굿 최고네요~~♥  
20161213,10,1년동안 기다리기 잘했다는 생각이 드는 영화입니다!!와 진짜 이건 말로 표현이 안되네요!! 꼭 보세요! 두번보세요!! 시사회로 미리 봤지만 개봉하면 또 보러 가겠습니다!! =) 교훈도 엄청 많이 주고.. 잔잔한 감동과 웃음까지!! 씽 대박나세요!!  
20161213,10,기대했던만큼 재밌고 보는 내내 기분좋은 영화였습니다~~^^  
20161213,10,시사회로 보고왔어요!  존잼!돼지들너무귀여워요!! 간만에 힐링ㄷ영화봐서 좋네요 ㅎㅎ. ost는 낯익은거도있고 첨듣는거도있어서 귀가즐거웠어요!  
20161213,10,방금전에 롯데시네마 건대입구 에서 <씽> 시사회관람하고서 나오는 길인데.. 기대보다 훨씬 재밌었고 유쾌했어요^^ (캐릭터 들도 귀엽고 음악이 정말로 좋네요)  
20161213,10,캐릭터 하나하나가 살아있네요 영화보는내내 즐거웠어요!! 크리슽마스에 연인 가족과 즐길 딱 좋은 영화같아요~~  
20161213,9,신나는 오디션을 통한 흥겨운 애니가 무척재미있네요  
20161213,10,최고의 뮤지컬 애니메이션   보는동안 너무 행복했다  
20161213,10,신나는노래와 귀여운 캐릭터들 덕분에 즐겁게봤어요  
20161213,9,온 가족이 보면 정말 재밌어요^^  
20161213,10,뮤지컬 애니메이션으로서의 매력이 넘실대는 작품! 화려한 볼거리가 가득하네요.  
20161213,10,씽 노래가 좋아요 스칼렛 요한슨 리즈 위더스푼 태런 에저튼의 노래 들을수있어서 좋았어요~  
20161213,10,완전 대박이예요.돼지엄마 최고!ㅎㅎ  
20161213,8,궁둥이가 들썩들썩 신나는 애니가 굿이네요  
20161213,10,시사회로 봤는데 너무 괜찮았어요! 꼭 추천합니다!!  
20161213,10,캐릭터도 깜직하고 정말 재밌어요.  
20161213,9,시사회로 봤는데 재밌어요~~꼭 자막으로 보세요~  
20161213,10,너무 노래가 좋아요! 재미가 있네요  
20161213,9,역시  일루미네이션  앞날이 짱짱하네요♥.♥꿈을 향한 음악 멋있어요!!!! 강추^^b  
20161213,10,마음이 따스해지고 행복해지는 영화. 나도 모르게 박자를 맞추고 어깨를 들썩거리게 된다.  
20161213,10,↑［클］↑［릭］↑ 좋은 정보 알려드리겠습니다. 온라인 정보입니다.  
20161213,10,미친듯이 웃었다! 기발함과 감동이 가득  
20161213,10,64곡의 환상적인 명곡!  꼭 봐야할  뮤지컬인듯!!!!  
20161211,10,진짜 힐링될것같다 궁금하다 ㅋㅋㅋ  
20161211,10,진짜 엄청나게 기대하고 있습니다^^귀호강하러 개봉하면 보러 갈게요~  
20161210,10,오늘 해외에서 봤습니다! 완전 진짜 진짜 개꿀잼 꼭 보세요! 극장에서 다들 빵빵터짐  
20161209,10,미친듯이 웃었다. 내 생애 최고의 뮤지컬!  
20161209,10,유쾌하고 따뜻한 영화. 내 생애 최고의 뮤지컬 영화다. 몇번이고 보고싶다  
20161209,10,신나고 매력적이다 크리스마스 영화로 제격!  
20161209,10,엔딩씬은 심장이 터질것 같은 감동이 몰려온다! 겨울왕국에 이어 올해의 돌풍을 일으킬 영화!  
20161208,7,저... 밑에 아구찜님.... 디즈니가 아니고 일루미네이션입니다..  
20161129,7,라스베가스에서 프리쇼잉 보고왔어요. 내용은 그럭저럭.. 주인공들의 스토리가 막 빌드업되다가 나중에 끝마무리가 좀 아쉽긴했네요. 하지만 요즘 인기 음악들이 많이나와서 재미있답니다. 음악 좋아하시는분들 강추. 애니메이션판 아메리칸아이돌느낌...ㅎㅎ  
20161128,10,이건 음악만 들어도 10점짜리다. 무조건 봐야할 영화다!  
20161127,10,시사회 갔다온 고등학생입니다 애들이 보기에도 매우 좋고 어른이 봐도 유치하지 않을정도의 내용구성이 디즈니가 이래서 대단하구나라는걸 다시 느꼈을정도 입니다 영화 제목처럼 노래 영화인데 인생에 교훈도 주고 노래도 모두 좋아서 꼭 추천 하고싶은 영화입니다  
20161122,10,곧 12월이닼ㅋㅋ 가가울랄라~!  
20161104,10,넘 보고싶어요~~~조금만 더 참고 기다려야지  
20161023,10,다 좋은데  겨울왕국때처럼 노래 더빙이 이상하면...망함  
20161010,10,2달 12일남았다...  
20161004,10,재미있을것 같은 영화요  
20160905,10,넘 보고 싶어요~^^     스칼렛 요한슨♡♡^&^   기대 합니당  빨리 개봉해주세용~^^  
20160718,10,벌써부터 개봉날짜까지 정해놨어!?!  
20160623,8,이제 6월 말인데 2016년 절반 다갔네~  
20160601,10,외국 sns 돌아다니다가 예고편보고 뿅가서 혹시나해서 검색창에 쳐봤는데 뜨길래 일찐개봉하나 기대했는데 12월ㅠㅠ 그래도 씽 너무보고싶어서  기대된다ㅠㅠ 빨리나왔으면!  
20160530,10,진짜 예고편 볼때마다 웃기네요`~  
20160530,10,오제발제발 더빙말고 자막....가뜩이나 뮤지컬영화인데...  
20160511,9,ㅋ아직까지도 7개월이나남았넼ㅋ너무기다리게 해서 1점 깠어요  
20160430,5,일루미네이션 꺼는 내 스타일이 아니라서  
20160418,10,예고편만 봐도 재밌는ㅋㅋㅋㅋ  
20160409,10,배우들의 노래실력을 들어볼 기회! 특히 고릴라 Johnny(태론 에저튼)가 제일 기대됨 ㅋㅋㅋ  
20160328,10,가가~ 울랄라아~~ 10  
20160323,10,평점 낮게 준 사람들은 10달 전부터 광고해서? 그게 무슨 이유야; 보고 싶은 사람들은 벌써부터 기대하고 있고 좋지 뭘 그래  
20160311,8,주토피아랑 세계관이 거의 같네.근데 캐릭터들의 모에함은 차이가 확 나는...게다가 미니언즈같은 노잼캐빨(캐빨이라고 할만큼 귀여운지도 모르겠지만)애니 만들던 일루미꺼라 별 기대도 안되긴한데 그래도 동물애니니 일단 보러간다  
20160308,1,돼지랑 토끼가 부르는 노래들이 다 19금 노래임 ㅋㅋㅋ  
20160306,9,캐스팅이  우리나라 보통영화보다 쎄네  
20160226,9,다좋고 되게보고싶어서가족들한테보러가자그랬는데12월개봉이래서2015년에개봉한건줄알고볼려고했는데2016년12월이였네요ㅠㅠㅠ  
20160226,9,마 아나콘다 돈'ㅌ 오 마이 갖  
20160225,10,유출되지 않길 바란다.  
20160225,8,예고편에 나오는 저 도시 주토피아임?  
20160225,9,예고편으로 기대를 너무 높여놓은게 아닌가 생각되네요.... 이러다 본편이 예고편만 못하면 2월부터 광고한 걸 굉장히 후회하게 될 것 같습니다.  
20160223,10,보고 싶어요.. 빨리 빨리.. 12월이라니.. 것도 22일.. ㅠㅠ  
20160223,10,가가 아아아 로마 마마마 !!  
20160222,10,...?아니 라인업의 상태가....?  
20160222,10,진짜 12월이네 대박ㅋㅋ비싼광고내면서 오타난 줄 알았더니ㅋㅋ어떻게기다료>_< 이래노코...12월 금방온디....ㅋㅋ2월이 엊그제같은데 벌써 2016년 끝이네...하면서ㅋㅋ  
20160222,10,어제 tv광고 보고 너무 재밌어서 다시  예고편 보는 중~ㅋㅋㅋㅋ 너무 귀엽다!!ㅋㅋㅋ 12월까지 언제 기다려ㅠㅠㅠ  
20160222,10,예고편 돼지 짱귀여움! 귀에서 맴돈다 멜로디 ㄷㄷ  
20160222,10,완전 재밌어 보임ㅋㅋ 아직 많이 남았지만 기다려야지ㅋㅋ  
20160222,10,어제 테레비에서 봤어요 대박 ㅠㅠ 노란 추리닝 입은 돼지에서 넘어간 1인 ㅋㅋㅋ  
20160222,10,12월 개봉 맞죠?? 오타 아닌가 확인하러들어왔어요혹시.... 지금부터 12월까지 쭈~욱~ 광고하는건가요??  
20160221,10,이영화광고는그냥1차로미리광고해본거임니다.알았어요?  
20160221,10,예고편보고 저거 꼭봐야겠다라고 하는데 12월 개봉ㅋㅋㅋㅋ왜 지금 예고편을 하지ㅎㅎ 12월에 꼭 봐야지♡♡너무 귀어워!  
20160221,9,성우들이 짱짱하네...  
20160221,8,우연히 티비에 씽이라는 영화 광고를 했는데 너무 재미있어서 보러갈려고 했는데 2월달에 개봉하는 것도 아니고 12월에 개봉하는 걸 지금 영화 광고를 하는지 의문이네요 10개월 되야 볼 수 있는  영화를....아무튼 10개월 동안 기대할게요!  
20160221,10,광고 잘못된줄 알고 찾아온 사람이 한 둘이 아니네ㅋㅋ 아무리 한국에서 영화가 잘팔려도 그렇지 ...유니버셜은 이거 광고하기전에 6월에 개봉하는 와우 광고부터 해야되는 거 아냐?  
20160221,1,아니 12월 개봉영화를 공중파에서 벌써 선전하지? 돈이 남아도나봐~  
20160221,10,읭?? 아직2월이지만 보고싶네ㅋㅋ  
20160221,1,광고를 10개월전부터 하다니 이게 요새 추세인가?  
20160221,9,광고 보고 왔습니다.. 왠지 꿀잼일듯... 근데 12월 대개봉인데 벌써 광고를;; 2월인데 오타인줄;;  
20160221,8,근데 12월에 개봉이네  
20160221,8,근데 이거 10달뒤에 개봉하는거임???  
20160221,9,아니 이제 3월도 안되었는데 12월개봉이라니..내 눈을 의심했음..벌써부터 예고 할 필요 있나 ㅜ 괜히 들떴네 ㅜ  
20160221,5,12월개봉인데 벌썩 광고? 천천히 해도 될듯한데..  
20160221,10,예고만봐도 넘귀엽고 재밌을것같은데요~ 대체 왜 12월개봉작을 벌써광고하는지? ^^;;궁금합니다.  
20160221,10,재밌을거같긴한데 무슨 12월 개봉을 지금부터하지.. 광고보고 12월 개봉이라길래 잘못나온건줄알고 찾아옴 ㅜㅜ  
20160220,10,내가 좋아하는 요한슨 ㅋㅋ  
20160219,9,부탁이니까 특별관 없어도 되니까 더빙만 나오지말고 자막이랑 같이 개봉좀 해주세요 진짜 외국노래 만 더빙 안치고 다른거 오글거리는 더빙은 더이상 못봐줘요! 애니메이션도 어른들이 즐긴답니다...  
20160219,10,스칼렛요한슨의 뮤지컬이라니 완전기대된다ㅠㅠㅠ !!!!  
20160219,10,헐 겁나기대대!!!언제기달리지  
20160219,10,겨울왕국 재밌게 봤는데 이것도 재밌을 듯 노래 쩐당  
20160219,9,재밌을 것 같당! 음악애니메이션이라~더더욱더 기대 ㅎㅎ  
20160203,10,소문난 잔치에 먹을 것이 많을 느낌적인 느낌!!!  
20151229,10,출연 대박인데?!스칼렛!!!  
20151206,10,뭐지??!*@&÷♤2☆@*  
20151202,10,블랙위도우 랑 킹스맨.일류 스파이끼리의 만남?  
