0,1,2
20180207,10,"진정한 패밀리 어드벤처인듯! 하나도 유치하지 않고, 액션까지 완벽! 진짜 꿀잼이에요!  "
20180207,10,누구라도 보면 행복해 질수 밖에 없는 영화! 진짜 강추임!!  
20180206,10,이거 시사회로 더빙으로 봤는데도 존잼졸귀 진짜 세상 행복해지는영화 거짓말 아니고 개봉일에 함더 보려고 예매했어요!! 패딩턴 너는 LOVE  
20180206,10,"무결점의 영화, 영화에 기대하는 모든것!!  "
20180206,10,패딩턴은 뭐다?사랑이다!  
20180205,9,1편보다는 더 강력해진 재미에 매료되는  패딩턴2  
20180205,10,.흥행 가즈아!!!!  
20180205,10,"이거 시사회평이 엄청나게 좋던데, 많이 기대가 되네요.  "
20180203,10,패딩턴 곰 귀여워요! 보고싶네요  
20180203,10,시사회보고왔는데  정말 정말 강추합니다 완전 배꼽 빠집니다 ㅎㅎ  
20180203,10,아이들 어른 다 재밌게 볼 수 있었음. 상상 이상 너무 재밌었음.  
20180202,10,시사회로 재미있게 보고왔습니다^^ 신나고 감동적인 가족 판타지 영화입니다! 아이들과 함께 보기 좋은 영화입니다!  
20180202,10,러블리 패딩턴 너무 재미있게 봤어요 꼭보세요!!!  
20180202,10,웃고 놀라고 울고 미소짓고...딸보다 더 신나면서 몰입했네요.딸도 1편보다 더 재미있다네요.패딩턴은 사람들의 좋은점을 보니 친구가 많다.영화 대사중 기억이 남네요.착하게 살지는 못하더라도 주변인들의 좋은점을 생각해보기로  
20180202,8,패딩턴은 와우~~~  1편보다더재미나다!  
20180202,10,신나고  재미나고 너무나 재미나요.  
20180202,10,"[시사회후기] 너무 귀엽고 재밌고 런던경치까지... 보면서 힐링되는영화!! 가족끼리 봐도좋고 연인, 혼자봐도 좋은 영화!! 꼭 보세요..  "
20180202,8,시사회 참여하고 왔습니다. 어른이 보기에도 재밌었는데요.아이들은 7살 이상은 되어야 재밌게 보더라구요. 더 어린 아이들은 조금 지루하게 느낄 수 있습니다. 뽀로로 공룡대모험 찾더라구요~  
20180129,10,1편도 잼있엇지만.. 2편도 넘 잼났어요 ^^  
20180126,10,재밌겠다   재발 흥행  성공 하길  
20180117,10,1편 레알 핵 꿀잼이라서 2편도 즁말로 기대됨  
20180117,9,사랑스러워 ㅎㅎ 드디어 2 나왔네  
20180114,10,어떻게 만들었길래 로튼 100%(147명)에서 안떨어지는 것이냐  
20180113,10,외국에 있어서 먼저 봤는데 정말 강추드립니다★ 꼭 보셔야하는 영화에요 마음이 따뜻해지는 가족 영화입니당♥  
20180113,10,부탁인데 애니메이션이라고 애들만 보는게 아닙니다. 캐릭터가 애니메이션 같다고 애들만 보는것도 아니구요. 미국사는데 오늘 본사람들 대부분 나이드신분들이었네요. 아무튼 영화는 정말 볼만했습니다.  
20180112,10,"오늘 첫 개봉(미국) 보고왔습니다. 패딩턴 1편 안본 1인이지만, 너무 재밌고 감동적이었습니다. 추천합니다.  "
20180111,10,넘나 귀여운 패딩턴... 2편 넘나 기대됩니다~~  
20180110,10,귀여운 패딩턴만나러  가고싶어요.기대되네요^^  
20180110,10,귀여운 곰돌이 패딩턴..팝업북을 얻기위해 열심히 알바하다 감옥에 간 패딩턴..어떤 이야기들이 펼쳐질지 너무 궁금하네요^^아이들이 신나게 웃고 감동줄수있을것같아요  
20180110,10,방학동안 아이들과 보고 싶은 영화네요~  
20180110,10,1편을 너무 재미있어서 기다린 2편입니다. 기대됩니다~^^  
20180110,10,패딩턴은 사랑이고 무조건  보는것 ^^  
20180110,1,아니 2월개봉하면서 뭐벌써부터 광고질이야 짜증나게 누가보면 뭐 하루이틀 후이 개봉하는줄알겟네  
20180110,10,"패딩턴1 아이들과 엄마, 아빠 너무나 재미있게 보았는데 2편도 너무나 기대됩니다. 신나는 패딩턴 기다려지네요  "
20180109,9,패딩턴 너무너무 기대됩니다  
20180109,10,너무 귀여운 패딩턴! 1편은 아이가 어려서 보지못했지만 2편은 꼭 보려고해요- 기대만땅됩니다-^^  
20180109,8,패딩턴 너무 좋아하는데 꼭 볼꺼랍니다 완전 기대되요  
20180108,6,패딩턴 좋아하는데 기대되네요  
20180108,9,1편 재미있게 봤는데 기대되네요~  
20180108,10,너무 기대되는 영화네요~~어떤영화인지 궁금하고 꼭 보고파요 ^^  
20180108,10,2월 봄방학에 맞춰 개봉하면 좋겠네요! 귀여운 곰돌이라 인형 좋아하는 아이가 너무 기대하고 있어요~~  
20180108,10,아이들과 같이 예고편보는데 빵터졌어요. 어른도 재밌게 볼수 있겠어요.  개봉날 온가족 극장으로 총출동해야겠어요~ 완전 귀여운 패딩턴 우리집 수지양 보는듯해요.  
20180106,9,패딩턴의 엉뚱하지만 귀여운 패딩턴 빨리 보고싶네요  
20180106,10,귀여운  패딩턴 이야기 딸램들과 꼭 봐야겠어요~!  
20180106,10,더 멋진 에피소드가 기대되는 영화~겨울방학에 아이들과 관람하기 좋겠어요~  
20180106,10,귀여운 패딩턴 보고 싶네요!  
20180105,10,온가족이 즐겁게 볼 수 있는 영화라서 더욱 기대되요~*  
20180105,10,패딩턴1도 잼나게 봤는데 오랫동안 기다려온 패딩턴정말 재밌고 많이 웃었던 기억~감동적이었던 패딩턴 기대되네요  
20180105,9,영국에서 봤는데 1편을 안 봤는데도 재밌더라구요. 휴 그랜트 연기가 생각보다 이런 영화에 잘 어울려 재밌었어요. 패딩턴 너무 귀여워서 크리스마켓에서 인형도 하나 샀어요 :)  
20180104,10,1편은 보지 못했지만 예고편 보니 넘 기대되네요~  
20180104,10,패딩턴 너무 재밌게 봤던터라 2편이 기대되요..꼭 보러갈게요.  
20180104,10,패딩턴 전집(4권??)이 있는데 책을 먼저 보고 영화를 보게 되는 셈이라 더욱 기대되네요. 와 이런 부드러운 영화를 어린이들이 많이 봐야 정서에도 좋을 것 같아요  
20180104,9,곰돌이는 언제자 따끈해요  
20180104,10,1편보다도 더 기대되는 영화 패딩턴  완전 기대되네요.  
20180104,10,1편 너무 재미나게 봐서 2편 넘 기대되요..@@  
20180104,10,누명을 쓰고 감옥에 들어간 패딩턴의 활약이 기대됩니다  웃으며 즐길수 있는 영화 같아요~^^  
20180103,10,패딩턴1 자매들뿐만 아니라 남편도 함께 한바탕 크게 웃으며 받거든요! 패딩턴의 착한 눈망울 가상속의 곰이라고 하기에는 너무나 아쉬웠는데 패딩턴2 개봉한다고 하니 너무 너무  기대됩니다.  
20180103,10,초딩딸과 함께 꼭 보려고 기다리고 있네요 ^^ 귀여운 패딩턴~~  
20180103,10,패딩턴♡ 아이 데리고 꼭 보러가고 싶어요♡  
20180103,10,귀여운 패팅턴의 활약이 기대됩니다^^  
20180103,10,아이들이 좋아하는 귀여운 패딩턴..개봉만 기다리고있답니더  
20180103,10,캐릭터가 귀여워 딸이 무척좋아할거같아요^^ 기대되는 영화네요~  
20180103,10,"어린이들과 마음껏 웃고 즐길 수 있는 패딩턴, 2월 이 너무나 기대됩니다. 사랑스러운 패딩턴2. 2월 연휴에 만날 수 있는건가요?  "
20180103,10,휴 그랜트가 보이네요^^귀여운 곰 캐릭의 웃음 웃음 웃음 보장!!!기대 만발입니다~~~  
20180103,10,패딩턴 넘 사랑스럽고 귀여워요~!기대 만땅이용^^  
20180103,10,다시 보고팠던 패딩턴2!!감동적 스토리 기대됩니다.  
20180102,10,순수한 감동을 원하신다면 강추. 사랑스러운 패딩턴과 그의 가족들. 그리고 사랑스러운 런던. 패딩턴.  
20180102,10,벤 위쇼 너무 좋다능♡♡♡  
20180102,8,저는 영국에서 보고 왔는데 생각보다 재미있어요!! 개인적으로 제 취향의 영화는 아니었지만 아이들이 본다면 더더욱 좋아할거 같은 영화에요!!  패딩턴이 엄청 귀엽고 웃긴 장면도 많아요!  
20180102,10,크리스마스시즌에 딱인영화!!울엄마도 너무재밋게봣어요ㅎ 옷도 집도 너무다예뻐요^-^  
20180102,8,지금 7번에서 더빙으로 방송하고 있는데 자막 안읽어도 돼서 너무 편하네 잠깐 놓쳐도 우리말 나오니까 연결되고 너무 좋다 공중파에선 더빙으로 방영 했으면 좋겠네  
20171230,10,독일에서 봣어요 패딩턴 너무 귀엽고 재미잇어 다들 연기를 잘하신다는.. 마지막엔 눈물이 흑 ㅜㅜ  
20171221,10,로튼 완전 좋던데 ㅋㅋㅋㅋ 1편도 너무 좋았는데 엄청 기대중  
20171221,10,어쩜ㅠㅠ 넘 귀여운거아님? 크리스마스에 개봉하면 넘 좋을텐데  
20171221,10,악 ㅋㅋㅋ 너무 귀여워 ㅋㅋㅋ 기다렸다고 ㅠㅠ  
20171221,10,와 진짜 보구싶닼ㅋㅋㅋㅋ졸귀였는데!!!  
20171221,10,패딩턴1 재밌게봤는데 기대된다 !!  
20171221,10,우리나란 영화들이 왜 하나같이 다 아시아 다른국가들에 비해 개봉이 늦은편인건가요...영화에 대한 사랑이나 열기 우리나라 대한민국사람들도 엄청난데~! 2월개봉이라니...  
20171220,10,존나 기대~~~~ 꼭 봐야지  
20171220,10,"1편도 재밌었는데, 2편도 너무 기대됨!!ㅋㅋ  "
20171220,10,로튼 100이라니 믿고 보네요~~  
20171220,10,패딩턴은 넘나뤼 볼매인것 1편 재미있게 봤는데 2편도 기대함당~~!!!  
20171220,10,패딩턴2 너무 귀여워~~ 보고싶어요!! 기대기대  
20171220,10,얼른 보고싶다 패딩턴2  
20171220,10,어머 졸귀탱!!! 로튼 토마토 100%라니 더 기대된다!! 흥해라 패딩턴  
20171219,8,중국 영화관에 상영하기에 큰 기대없이 가서 봤는데 1편 안보고 봤는데도 재밌었다. 웃음도 있고 감동도 있고 3편이 나오면 또 보러갈것 같다.  
20171219,7,크리스마스에 개봉해야 되는거 아니에요?  
20171129,10,1편을 보면 2편을 기다릴수밖에없다  
20171122,10,헝..패딩턴 귀여워ㅠㅠㅠ 예고편은 언제 나오려나  
20171014,10,패딩턴가족 ?? 얼룬 보고 싶어용  
20171014,10,딩턴이가 돌아옵니다!!! 예고편은 여기!!! https://youtu.be/XKjw8fGf9kI  
20170916,10,1편보다 더 잼있을것같은 이느낌 뭐지?  
20170716,10,오OO 꼭 봐야지 내사랑 패딩턴 나 패딩턴 너무 좋아서 패딩턴 역에서 3일동안 노숙도 햇음 구라임  
20170620,10,벤위쇼에 휴그랜트라니♡♡♡♡  
20170326,10,벤위쇼!!! ㅠㅠㅠ스릉..  
20170111,9,이번에는 제발 흥행했으면!  
20161118,10,사랑스러운 패딩턴 ♥♥  
20161023,10,휴그랜트 나오면 봐야지!!! 휴그랜트 활동 좀 많이 해주길  
20161023,10,1빠인가???!!!  
