0,1,2
20170720,9,내일 조조 보러 간다. 기대된다.  
20170719,1,용산CGV 시사회가서 IMAX에서 보고 왔어요.놀란감독작품이라 엄청 기대하고봐서 그런지 완전실망하고 왔네요.돈많이 든 영화같은데 내용이나 전개가 크게 다가오지 않네요. 역시전쟁영화 어렵네요. 평점9점대라는게 이해가 안되요.역시 평점은 알바목인건가?  
20170719,9,놀란의 집요한 리얼리즘 추구는 끝끝내 온전한 인간의 생존 본능을 보여주는데 성공한다.  
20170719,7,놀란 작품이니 보겠다면 106분짜리 짧은 영화를 16000원이나 주고 아이맥스로 보기엔 뭔가 아까운건 사실....  
20170719,1,전쟁영화 아니면 그럼 뭔데 ?  
20170719,8,초반에 여친 눈총을 거세게 받다가 중후반에 몰입도로 구원받다 ! 놀란형 믿고봤습니다 역시 실망시키지 않네요 ~  
20170719,10,크리스토퍼놀란이 밀당을 한다끝난듯 아닌듯 ㅋㅋㅋㅋ실제로 전장에 와 있는듯한 느낌이 들게하는 영화  
20170719,9,정말 감동적으로 봤습니다! 음악과 화면만으로 압도 당하는 기분이었어요!!! 인물들보단 전쟁자체에 중점을둔듯!!! 호불호가 많이 갈린다고 하던데 저는 극호로 보고왔습니다^^  
20170719,10,충무로에서 시사회로 봤습니다지루한. 전쟁영화라고생각했는데보는내내 긴장감과 몰입도가 장난아니에요꼭 보십쇼  
20170719,10,"진심으로 덩케르크가 군함도를 이겼으면 좋겠다.소재는 소재인거고 애국심 팔이, 신파 영화 이제 그만 보고 싶다.  "
20170719,10,국뽕 디워 아리랑 애국심팔이로 군함도가 1000만 넘겟지만 그래도 놀란감독님의 영화가 1200찍길바랍니다. 국뽕신파 보다는 작품성이 먼저인 국가가되길  
20170719,10,본지 1일 지났는데 아직도 그 음향과 영상이 잊혀지지가않네요. 정말 대박 한국영화는 돈아까워서 안보시는분들한테 추천합니다.  
20170719,10,아이맥스 레이저 놀란님 지금 보러 갑니다  
20170719,10,그냥 무조건 봐야하는 영화 !! 놀란감독은 믿보놀 톰하디에 한스짐머 밴드오브브라더스보고 느꼈던 그기분 내일 또 한번 기대해봅니다ㅠㅠㅠ  
20170719,4,"""""조국은 그들을 배신하지 않는다 다만 국가가 배신할 름이다""""  "
20170719,2,너무 허영광고 아닌가...  
20170719,1,전쟁영화는 별로다. 그리고 시간이 너무 짧다. 볼만하면 끝나겠구나!~  
20170719,10,이번에는 어떤 식으로 관객들을 존나 놀라게 할 건지 기대해보겠습니다.  
20170719,10,캐스팅과 줄거리만 봐도 이미 본 듯한 반일 국뽕영화 '군함도'에 밀리지 말고 더블 스코어로 이겨서 더 이상 이런 영화 못 만들게 해 주세요.  
20170719,10,놀란급 정도면 클레멘타인 처럼 완벽한 영화를 만들 수 있는 유일한 감독이라 생각한다 완전 기대된다.  
20170719,10,팬 티 열 장 준 비 완 료 되 었 습 니 다  
20170719,9,"전장의 비극을 기적과 공감으로 승화시킨 놀란 판타지아. 전쟁 영화의 상투성을 걷어낸 생존 버라이어티 체험존. 하늘과 땅과 바다, 죽이기위해 버티기위해 살리기위해 벌이는 처절한 사투. 지금까지의 전쟁영화는 잊어라..'핵소 고지'와 또 다른 지점 포착.  "
20170719,10,주말에 예매가 시급하다!!!  
20170719,10,예고편만 봐선 그닥 땡기진않는데..톰하디도 왤케 조금 보여줌? 간보다가 재밋으면 주말에봐야겠다  
20170719,10,처음으로 아이맥스 보러가는데 기대되는것 보단 벌써부터 두근두근 되네요 ㅎㅎ  
20170719,10,미리예약 해놨습니다...정말 기대 됩니다~~  
20170719,10,감독이 다른 사람도 아닌.. 크리스토퍼 놀란... 일단 봐야지.  
20170719,10,장르를 보지 않고 봐도 되는 유2한 감독들 크리스토퍼 놀란  + 제임스카메론  
20170719,10,갓놀란.완변한 영화라고 말해도 오버하지 않는다 . 강추  
20170719,10,놀란이 만든 전쟁영화라니....과연 재밋을까?....일단 믿고 본다  
20170719,10,인생 영화 ㅋㅋ 꼭 보세요  
20170719,10,이 영화 빨리 보고 싶습니다.  
20170719,10,놀란인데 2시간 도 안되는거 실화임? ㅋ  
20170719,9,영국인 감독이 영국 배우들과 함께 찍은 본격 영국 국뽕 영화. 우리도 인천상륙작전이 아니라 이렇게 좀 찍는 날이 왔으면...  
20170718,10,갓놀란 형님의 작품은 무조건 봅니다  
20170718,9,여지껏 본적없는 색다른 전쟁영화  
20170718,10,해외평 봐라 지린다 ㄷㄷ  
20170718,10,벌써부터 국내영화들 알바들 푸는것봐라 쪼달리긴 하는모양 ㅋㅋ  
20170718,10,로튼토마토 98퍼센트 평점 9.1 신선48명 썩음1명.영화 제대로 개봉하고 더 지켜봐야 확실히 알겠지만 뭐가됬든 또 다시 명작 하나가 탄생한듯...  
20170718,10,"놀란감독의 최고의작품은 아니지만, 근래나온 2차대전영화중에는 최고임에 틀림없다!! -방금 라이브톡 보고나옴-  "
20170718,6,최고의 몰입도 하지만 서둘러 끝난 시나리오  
20170718,8,자꾸 스토리가없다 대사없다 막 그러는데 애초부터 거의대사없는무성영화라 놀란이밝혔고 스토리자체는 아예 빠져나가서탈출하는단순한스토리인데 얼마나 더 흥미롭게스토리를만들어야되냐? ㅋㅋ 이정도면 완벽하게잘만든거임  
20170718,9,탁월한 연출 + 감동 + 군더더기 없음!  
20170718,10,'고립'을 통해 전쟁을 '느끼게' 한 영화  
20170718,3,"호불호가 확실히 갈릴 것 같다. 우선 대사나 스토리가 거의 없고 대부분이 전쟁씬이다. 쾅 콰광 하다가 끝난다.. 전쟁속 긴장감과 폭발음 덕분에 잠들진 않았지만 하품은 나왔다. 10명이서 봤고, 1명 극찬 2명 쏘쏘 7명 노잼.  "
20170718,9,오늘 보고 나왔는데 한스짐머의 음악과 카메라 워크가 정말... 마지막에 스토리를 풀어나가는 게 뭔가 좀 아쉬워서 1점 깎았습니다. 영화 전체적으론 계속 긴장하게 만들고 전쟁의 참상을 잘 그려냈다고 생각합니다  
20170718,10,주연인데 왜 떨고있는 병사역ㅋㅋㅋㅋ  
20170718,5,기대반 걱정반 볼까 말까 음  
20170718,9,원디 빠들 해리 나온다고 꼴값떨면서 베댓 장악한거 개극혐이네.  
20170718,10,해리가 나와요!! 꼭 봐야지!!  
20170718,9,"믿고보는 놀란! 디테일하고 심오함.다만 조금 어지럽고, 내용이 내용인지라 역사를 이해하고 가면 좋을것 같음.  "
20170718,10,이 영화는 말이 필요없다! 그냥 미쳤다! 처음부터 시작되는 묘하게 끌어오르는 음악과 긴장감은 말이 필요없고 전투기 공중전은 이 모든걸 압도한다! 꼭 IMAX에서 보시길!!  
20170718,10,크리스토퍼 놀란 말이 필요한가 ??  
20170718,4,솔직히 인터스텔라랑 다크나이트가 너어어무 대작이여서 이건 좀 지루하고 심심해보인당ㅜ  
20170718,10,zzㅋㅋㅋ떨고있는 병사역이래 ㅋㅋㅋㅋ  
20170718,10,수민아 나랑 이거 볼래?  
20170718,1,전쟁 영화 관심 없음~~  
20170718,10,직접 보고나 말해 Ips 빙x아  
20170718,10,용산 아이맥스에서 관람을 하고 싶은데 이런 전쟁 천호점으로 다시한번 평일에 용산에서 관람을...  
20170718,10,크리스토퍼놀란을 제2의스티븐스필버그로만들어줄 영화스티븐스필버그한테 라이언일병구하기가있다면 크리스토퍼놀란은 덩케르크가있다  
20170718,10,해리 스타일스는 노래나 똑바로 만들라고 해라. 이러고 다니니까 노엘 형한테 까이지ㅉㅉㅉ  
20170718,10,놀란이랑 디카프리오랑 형제라고 해도 믿을듯  
20170718,10,"예고편만 봐도 연출력, 미장센 지린다  "
20170718,10,D-2 다 너무기대된다 ㅠ퓨ㅠ 놀란형님 믿습니다 !!!!  
20170718,10,"놀란감독은 영화사의 한페이지,, 아니 100페이지는 장식할 인물이다.  "
20170718,9,아직 보지는 않았지만 런닝타임이 아쉽네요. 이런대작은 2시간넘겨보고 싶은데...ㅠㅠ  
20170718,10,로튼토마토 97% 메타크리틱96점 항상 기대를 하면 그 기대 이상의 작품을 보여주시는 놀란형님!  
20170718,10,간혹 평점태러하는 찌질이가 있어 등록한다. 놀란 영화는 닥치고보자. 동시대에 있다는게 감격이다.  
20170718,10,킬리언 ㅋㅋㅋ떨고 있는병사 역 왜케 웃기냐 ㅋㅋ 놀란과의 인연도 긴데 ㅋ  
20170718,10,또 놀란이 해냈내 로튼97 메타 96 ㅁㅊㄷ  
20170718,10,로튼토마토 97 메타크리틱 96  내 돈보다 영화가 아까울 거 같다.  
20170718,10,퍼펙트!군함도 지못미 ㅋㅋ  
20170717,10,자신의 머리카락을 바쳐 곡을 만드는 한스짐머  
20170717,10,의외로 러닝타임이 짧은데?  
20170717,9,상영시간이 다소 짧아보여서 아쉽네....금방 헤어지기싫은데 놀란형님 영화랑  
20170717,9,용산 아맥 토요일 예매하신분들 확인바람예매가 취소될수 있음 예매가 다시 닫힘  
20170717,10,OO~ 놀란이 영국인인데 미국영화 만들겠냐?  
20170717,10,감독이 놀란이라 믿습니다.  
20170717,1,"보고왔는데 실망했습니다. 이제 집중하려고 했는데 순식간에 끝나버리네요. 결말부분이 없는 영화는 처음 봤어요,...  "
20170717,10,기대 됨!!!! 아니 근데 킬리언 배역이 떨고 있는 병사가 뭐냐 ㅜㅜ 눈물나네. 이름은 줘야지..  
20170717,10,연차 사유 : 덩케르크 개봉  
20170717,3,재미는있겠지하지만 2차대전을 미국시각으로 바라보는건 사양하련다히틀러를 사랑한 미국 기득권과 헐리우드!  
20170716,10,크리스토퍼 놀란이니깐 일단 본다  
20170716,10,여기 해리스타일스빠들 꼴뵈기 싫다..  
20170716,5,같잖은 애국심 좋아하네 ㅋㅋ 그런식으로 일본이 저지른 만행을 숨기려 하지마 일뽕 새기야  
20170716,10,배와 비행기가 나온답니다 이건봐야죠^^  
20170716,10,같잖은 애국심 팔이로 어거지로 천만 찍는 영화보다 모든 면에서 뛰어나다 무조건 1빠로 보러간다 (반박시 군함도 알바)  
20170716,7,아 빠순이들 꼴보기 싫네 이런 영화에서 까지 지 오빠 본다고 설치는 게 베플이 돼있냐  
20170716,10,떨려서 못기다리겠다 --  
20170716,9,군함도 만든 감독이 먼저 볼 영화!  
20170716,9,"덩케르트 작전은 훌륭했으나 히틀러가 최정예 독일군으로 전멸시키지 않아서 살아돌아간겁니다  / 이에 대해서는 미스테리로 남아있고 이에대해 여러 설이 있는데, 영국에 대해 히틀러가 저때까지 호의를 갖고 있었다는설, 영국의 항복을 바라고 그랬다는 설이 있죠  "
20170716,10,"다크나이트 - 인셉션 - 라이즈 - 인터스텔라 까지, 기대치가 하늘을 찌름에도 단 한번도 실망시킨적이 없었던 놀란...  "
20170716,10,제발 군함도 개봉할때 스크린 확 줄어들지 않았으면 좋겠다  
20170716,10,믿고 본다. 놀란횽아 진짜루 ㄹㅇ루 믿고 봄  
20170716,10,킬리언머피ㅠㅠㅠㅠ기대합니다  
20170716,10,근데 킬리언 머피 배역 이름은 뭐냐??  
20170716,10,"믿고보는 크리스토퍼 놀란, 이 감독 영화는 한번도 실망한적 없다 이번에도 돈보다 영화가 아까울것으로 예상  "
20170715,10,메멘토 인썸니아 다크나이트 3부작 프레스티지 인셉션 인터스텔라 이어서 이 영화 대박 날 듯 할 것 같네요 톰 하디 나오면 봐야합니다 그리고 이거 개봉하면 스파이더맨 홈커밍이 바톤터치를 할 것 같네요 군함도 택시운전사보다 개핵꿀잼 일 듯 할 것 같군요  
20170715,10,크리스토퍼 놀란형이 좋아하는 배우크리스찬베일.히스레저.킬리언머피.톰하디  
20170715,10,몇일 전 왕십리에서 시사회 본 행운아 입니다 ㅎㅎ 덩케르크를 어떻게 형용해야 할 지.. 106동안의 긴장과 떨림과 감동과 환희의 106분 이었습니다. 피온? 신인배우 인데 연기 진짜 잘하네요. 놀란이 다크나이트를 넘어선 작품을 만들어 낸듯하네요 강추!  
20170715,10,놀란 형 영화. 말이 필요 없을듯  
20170715,10,난 킬리언 머피땜에 보러간다  
20170715,10,놀란은 하디 참 좋아해.ㅋ  
20170715,3,노잼일거같다 겁나많이  
20170715,6,"영화나 보고 평점 씁시다.평정이란 보고 평가하는거지 ""감독, 배우 맘에 듭니다""""보겠습니다"" 이런거 하지 맙시다  "
20170715,7,"예고편이나 이것저것 봤을때는 별로 재미 없어 보이는데, 놀란이니까 기대는 해봄~  "
20170714,9,이동진 4.5 실화냐? 전나 기대된다 아오  
20170714,10,자꾸만 들려오는 째깍 째깍소리  
20170714,10,완전 꿀잼일 듯.  기대 만빵됩니다.  
20170714,10,인셉션은 최고의걸작이다 덩케도 꼭본다  
20170714,10,"놀란 감독작품들은 대체로 한국에서 흥행실적이 매우 좋았는데 이번에도 작품성,흥행성 모두 거머쥐는 영화일듯^^~  "
20170714,10,터엉케르크 놀란 감독 기대됨  
20170714,10,믿고보는 놀란님 영화 .기대됩니다 ㅎㅎ  
20170714,1,놀란ㅡㅡ혹시 이것도 뜬금없이 해석 어렵게 반전영화냐  
20170714,10,이동진 평론가 10점ㄷㄷㄷㄷ  
20170714,10,믿고보는 놀랑형 다른놈은 몰라도 놀랑형은 믿고 본다  
20170714,10,백인제국주의와 백인우월주의에 미쳐서 인류를 학살하고 약탈하고 인종차별이나하는 더러운 유럽인 쓰레기들은 전쟁나서 멸종되어야함...ㅗㅗㅗ  
20170713,10,미리 10점 남깁니다...  
20170713,10,라이언 일병 구하기나 핵소고지 같은 전쟁영화가 아니라 한 편의 다큐멘터리에 가깝다고 합니다. 놀란 영화중 역대급으로 지루하다고 하니 호불호가 갈릴듯.  
20170713,10,해리 기대할께!!!!  
20170713,10,보고 있나 한국영화? 당신들이 주구장창 정치영화만 찍을때 할리웃은 진화한다!  
20170713,1,놀란 감독의 영화는 대부분 영상미는 있지만 그게 끝이다. 별다른 메세지도 없고 어려운척 진지한척은 다하고 있지만 실상은 뻔하고 진부한 설정에 자기 감독 자신 조차  답을 모르는 내용 투성이를 나열해 놨을뿐 딱 킬링타임용 오락영화의 프랜차이즈 스타다.  
20170713,10,놀란의 주 메인은 킬리언 머피 아니인가?  
20170713,10,지친다... 얼른나와!!  
20170713,10,믿고보는 감독님 무조건본다  
20170713,10,런닝타임 딱좋네 요즘 영화들 너무 길어서 별로였는데  
20170713,10,"""리얼""의 반대편에 있는 영화. 크리스토퍼 놀란이란 이름 하나 믿고 ..어떤 후기도 보지 않고 본다.  "
20170713,8,놀란충 힙스터놈들 평점조작에 지들맘에 안드는 댓글은 반대먹이는것때문에 더보기싫음. 네이버평점은 이미 형평성X  
20170712,8,전쟁영화를 즐겨보는 편을 아닌데 과연...믿고보는 놀란이 어떻게 잘 풀어나갈지 궁금 ㅎ  
20170712,10,그럼 40만명 죽이라는 소리냐? 탈출하면 다행이지. 니 애비 전쟁나서 불려가도 목숨바치라고 할거냐? 탈출하면 고맙다고 질질짜야지  
20170712,2,완전히 실패한 작전을 별 그지같은 헛소리로 미화해놨네. 총이고 무기고 그대로 적이 쓸수 있게 다 버려두고 허겁지겁 몸뚱이만 도망친게 무슨 숭고한 희생의 승리람?! 차라리 끝까지 싸우다 몰살했으면 그 정신을 살려 항복하지 않고 끝까지 싸워서 지켰을껄?  
20170712,10,안봐도 10점 준다. 하디에 놀란이면....  
20170712,1,놀란을 정말 좋아하는데.... 예고편보고 불안한 생각이 든건 이번이 처음이다 불안불안  
20170712,10,대놓고 상업적인 군함도 보단 이영화가 더 끌린다. 보러가겠다.  
20170712,10,"일상으로 찌든 요즈음, 놀란형이 얼마나 커다란 선물을 들고왔는지 기대해봅니다.  "
20170712,10,크리스토퍼놀란+톰하디+한스짐머...거기에 김영하까지 ㄷㄷㄷ  
20170712,10,영화역사에 한획을 그을 영화같다...기대된다...  
20170712,7,"다크나이트 인셉션 좋았고 다크니이트 라이징,인터스텔라 최근 두영화는 별로였는데 과연 이번 영화는...???  "
20170711,10,"미안하다...스파이더 맨 솔로 무비 기타등등 다 꺾고,내가 올해 반드시 보아야 할 영화 1순위다...사랑한다...놀란 감독님과 그의 스탭들...  "
20170711,10,또 군함도 한국cj영화가 스크린 독점 때릴거 같으니까 일찍 봐야겠다 이건 무저건IMAX로보러간다  
20170711,10,이 영화를 보면 암이 낳을것 같다~  
20170711,10,개봉 후 일주일 안에 보자 군함도한테 좋은 상영관 다 뺏긴다  
20170711,10,해리 스타일스가 나온다니ㅠㅠㅠ  
20170711,10,놀란감독의 영화는 그냥 보는거다..토달지 말고..  
20170711,9,결말이 열린 결말일뜻ㅋ  
20170711,10,"전쟁 영화장르 별로 안좋아하는데 놀란 감독이라면 믿고 본다. 인셉션, 다크나이트 시리즈를 보고 난 후의 전율은 아직도 잊을 수가 없다ㄷㄷ  "
20170711,9,"어제 미국 시사 공개됨.인셉션/다크나이트/인터스텔라를 능가하는 작품이라니상상이 안됨ㅎㅎ 군함도,택시운전사도 기대작인데 어쩔;;  "
20170711,9,아직도 우리보고 놀란충이라 비꼬는 새기들 쳐 죽여주지  
20170711,10,얼른 보고싶다.. 2년을 기다렸다..  
20170711,10,"놀란이다 말이 필요한가?  덩케르크 ,혹성탈출 이번여름은 실속있는 영화들이 많이 개봉하는구나.  "
20170711,10,크리스토퍼놀란은 무조건본다  
20170710,9,놀란 작품은 무조건 봐야한다.  
20170710,10,원래 전쟁영화 좋아하고  놀란이라 특히 기대됩니다.  
20170710,10,이건 무조건 극장에서 봐야 한다.. 역대급 전쟁 영화 예상해본다...  
20170710,10,놀란 톰하디 해리 = 영화표  
20170710,10,"놀란, 한스지머, 톰하디  "
20170710,9,엄청 기대되는데 아쉬운게 런닝타임이 너무 짧다..최소 두시간은 돼야지..100분 가량이면 막 재밌어질라고 할때 끝날것 같은데  
20170709,8,궁금하다 (공백은 맨날 채우래)  
20170709,10,놀란형님 덩케르크 성공해서 큰 수익으로 인터스텔라2 or 배트맨 시리즈 하나 만들어 줬으면 가몸해소 될것 같은데 어찌 생각없음? ㅠㅠ  
20170709,10,1년전부터 기다렸습니다.. 얼마 남지 않았네요  
20170709,10,기대는 되는데 놀란이 스티븐 스필버그는 넘기 힘들어 보인다. 예고편만 봐도 쉰들러 리스트나 라이언 일병구하기는 넘어서기 힘들어 보임.  
20170708,10,Where we go? Dunkirk  
20170708,10,감독+출연진+제작진 삼박자가 완벽한 영화  
20170708,10,와... 시간 안간다. 빨리 보고 싶다. 놀란이 왔다.  
20170707,10,못됐다 덕분에 군함도 망하겠네  
20170707,10,이형은..영화를 너무 잘만들어.  
20170707,7,또또 영화 개봉도 하기 전에 지들끼리 설레발 친다ㅋㅋㅋ 놀란이 2시간동안 똥싸는 영화 만들어도 역시 놀란! 천재! 독보적인 유니크함! 이러겠지.  
20170706,10,영화가 짧아서 아쉽네요 ㅋㅋ 원래 크리스토퍼감독영화는 천천히 오래 감상해야하는데 그래도 기대됩니다 ^^ 화이팅~  
20170706,10,믿고보는 놀란영화. 일단 예매한다  
20170706,10,국뽕들 또 군함도나 보겠지? ㅋㅋ 이런영화 제쳐두고 상영관에 군함도만 걸려있을듯 CJ가 밀어줄테니까  
20170706,1,전형적으로 재미없어보이는 전쟁영화네요  
20170706,10,놀란 감독은 과연 천만을 넘길것인가!  
20170706,10,보고 싶은데... 흠!  
20170706,10,대한민국 군인 송중기기 안나오다니 망작 전쟁영화입니다. 한류를 무시하지마새요 놀란감독님.  
20170705,10,잘한다 잘한다하니까 진짜 잘하네  
20170705,10,포스터 디자인 실화입니까?  
20170705,10,놀란 감독이  또 어떤짓으로 관객한테 인셉션을 할지 너무 기대된다....  
20170705,10,놀란 감독의 영화들을 보고 놀란 나  
20170704,10,밀리터리  매니아를  끓게  만드는  영화  
20170704,10,갓케르트 개봉하면 달려간다  
20170703,10,꿀잼예상멋질거같아요기대기대  
20170703,10,꼭보고싶다 전쟁영화매니아ㅋ  
20170702,10,상대는 크리스토퍼 놀란 감독이다  
20170702,2,솔직히 놀란빨아댈시대는 지남 ㅇㅈ?지루해보인다  
20170702,10,국내영화알바때문에 조절들어간다  
20170702,10,크리스토퍼놀란인데 설마 안볼꺼야?  
20170702,10,ㅋ크리스토퍼놀란 감독과 톰하디...그냥 보라고 만든 ㅇ영화. 보는데 이유따윈없어 그저 영화관에 앉아서 크리스토퍼놀란의 또하나의 레전드에 감탄하고올뿐  
20170701,10,와..더어아너너머ㅓ  
20170701,10,이거 꼭본다 안보면 사람이 아니다  
20170701,10,크리스토퍼 놀란에 톰 하디면 믿고 봐야지 ㅎㅎ  
20170701,10,말이필요하냐? 배우진 감독 더군다나 실화인데!  
20170701,10,크리스토퍼 놀란. 더 이상 말이 필요한가?  
20170701,10,이게그 imax카메라를 비행기에달고 찍었다는영화인가요  
20170701,10,예고만 봐도 못다한 퀄리티가 보이네.. ㄷ ㄷ ㄷ  
20170630,10,떵개르크 크리스퍼 작품이면 믿고본다.  
20170629,10,순수 혈통 영국인들이 이 영화의 신선함을 유지시킬 것이다  
20170629,10,똥개르크인줄 알았네 ㅋㅋㅋ 시간이 베이스인가 믿고 보ㅑ야지 ㄷㄷ  
20170629,10,후아 3 주 남았다...  
20170628,10,얼마나 놀라게 해줄려고 호불호가 나오게 만드냐 놀란!!처음 놀란 영화 볼때처럼 보고나면 도대체 감독이 어떤놈인지 찾게되는 영화같네.... 기대감 낮추는 마케팅보소~ 레알 인정!!ㅡㅅㅡb  
20170628,10,이건 극장용이다 레알..  
20170628,10,세계 1등 감독들 리들리스콧 제임스카메론 스필버그 피터 잭슨 = 크리스토퍼놀란  
20170628,10,크리스토퍼 놀란이다!  
20170628,8,"놀란감독 이젠 자기가 만들고 싶은 작품을 만든다고 했었는데, 대중성은 어떨지 기대가 됩니다.  "
20170628,10,"배트맨 다크나이트, 인셉션, 인터스텔라.. 감독 크리스토퍼 놀란, 무슨 말이 더 필요한가?  "
20170628,10,간만에 전쟁영화 나왔다 대박칠듯...  
20170628,10,감독이 놀란이라서 한번놀라고 아무생각없이보다가 재밌어서 놀란 1인  
20170628,10,루머 정리해줄게 해리스타일스 오디션 통해서 들어왔다. 인맥빨 없음. 그리고 영국군과 미국군의 이야기가 아니고 미국인을 위한 영화는 더더욱 아니다..멍청이들아..제발 좀 알고 까라 깔려면  
20170628,1,뎅커르크가 뭔지 모르겠고  왜 이영화를 만들었는지 모르겠다. 영국군과 미국군의 애기는 다른 나라들에겐 너무 멀지 않나  미국인을 위한 영화 를  만들다니 놀란 감독 실망이다.  
20170628,9,난 킬리언머피가 제일 기대된다. 톰하디도 그렇지만 킬리언머피도 놀란감독의 페르소나인듯. 계속 출연시키네ㅎㅎ 제일 처음 28일후 라는 영화에서 보고 바로 팬되었는데 기대  
20170628,10,와 놀란감독 영화는 항상 기대가 된단말이야 문젠 너무 어려워서 그렇지 좀 쉽게좀 만들어줭  
20170628,9,곧 조선 영화 군함도 알바생들에게 1별 테러당하겠군..  
20170627,5,주연급은 완벽한데 왠 보이밴드에 인맥빨로 들어온 조연 배우들 실화입니까  
20170627,10,올해 최고의 기대작 ;;  
20170627,10,무조건 봅니다 최고의 감독 최고의 영화음악 작곡가까지. 최고의 명배우들과 함께 하는 영화  
20170627,10,ㅁㅊ 놀란 ㄷㅡ 무조건본다  
20170627,10,왜 세월호 아이들이 생각날까 ㅠ  
20170626,10,영화촬영을 위해 폭발시킨것이 아니다 폭발시키고자 영화를 찍은것이다  
20170626,10,올해 최고 기대되는 영화중 하나  
20170626,10,킬리언!!!머피!!!! 톰 하디도 좋지만 킬리언ㅜㅜㅠㅠ너무 기대된다  
20170625,10,놀란형 또 무슨 명작 만든거야.. 보러갈게..  
20170625,10,스파이더맨 다음은 이영화로정했다! ㅋㅋㅋ  
20170624,10,크리스토퍼놀란감독의 영화가107분 제일 짧아서좋다!  
20170623,9,상영시간이 짧다 음...  
20170622,5,대사 최소화 해서 무성영화 수준이라니까 너무 기대는 하지마라  
20170621,10,아아 갓놀란 더이상 무슨말이 필요합니까  
20170621,10,놀란의 뮤즈(?ㅎㅎ)킬리언 머피♡  
20170621,10,대부분 영화배우 이름걸고 광고하는데 감독이름 걸고 광고하네 영화 만들어주셔서 감사해요 놀란형  
20170621,10,해리야 너보러 간다♡ㅠㅠㅠㅜ  
20170621,10,메멘토 다크나이트3부작 프레스티지 인셉션 인터스텔라 그리고 덩케르크  
20170621,10,킬리언 머피도 연기 너무 잘해~~ 감독도 연기자도 다 잘해잘해~  
20170620,1,히틀러가 마약을해서 뽕가있어서 살려보냈던거지 -이렇게까지 영화화될만한 내용은 아닌것같다-  미-영-프 삼국 국뽕영화- 제목도 덩케르크도 아닌 [운수좋은 날]로 바꿔라  
20170620,10,보고싶다..보고싶다....보고싶다...  전쟁신 많은려나??  
20170619,10,포스터 왜 저걸로 바꿨냐ㅠㅜ  
20170619,10,아.... 포스터 누가 저렇게 만들었을까...이 명작을...  
20170618,10,감독이 놀란인데...더이상 무슨말이 필요하가...  
20170617,10,그냥  이영화는 크리스토퍼 놀란의  '크'에서  부터 끝났다 대박영화가 아니고 명작영화가 될것이다  
20170616,1,히틀러가 여기에 집중했으면 유럽은 모두 독일땅 되는건데...  
20170616,10,개인적으로 놀란 영화 빨진 않는데 이건 기대된다 ㅋㅋㅋ 놀란의 연출과 어울리는 장르 ㅋㅋㅋ  
20170616,10,현재 할리우드에서 자신만의 오리지날 각본으로 2억불을 땡겨올수 있는 거의 유일한 감독  
20170615,10,예고편만 봐도 숨막힌다  
20170615,10,"블록버스터영화 만드는 감독치고 로케이션, 세트, 최소한의cg 로 예전영화찍는 스타일로 만드는 유일한 감독이 아닐까 싶다.  "
20170615,10,"얼마나 처절한 영화가될지, 배경이 주가될지, 인물이 주가될지, 둘을 적절히 섞을지 매우 기대되네요.  "
20170615,10,톰 하디가 나오면 닥치고 보는거지  
20170614,10,이번 작품은 놀란감독이 직전 각본 썼으니 더 기대됩니다  
20170614,9,스케일이 어마어마할 것 같아요.  
20170614,10,부디 이번에는 박평식이 입다물고 가만히 있어줬으면 좋겠다 아는 척 하지 말고...  
20170614,5,다 좋은데 놀란 빨면 영잘알인줄 아는 놀사모 새끼들만 분탕 치지 않았으면 한다.  
20170613,10,이제 군함도가 늦게 개봉하기를 바랄뿐... 정면승부는 싫어!  
20170613,10,매우 기대중인 영화. 꼭 극장가서 봐야겠다.  
20170613,10,크리스토퍼 놀란님뮤ㅠㅠ  
20170612,10,아~!!! 얼마만에 나오는 전쟁영화냐!!! 엄청 기대된다~~~~  
20170612,10,워 이건뭐야 톰하디랑 놀란형????;;;헐 ;;;;  
20170611,10,그냥뭘까??궁금하다고 네이버10글자 OOOO 딱 4글자면 안돼노  
20170610,10,전쟁영화인데 놀란감독이라니...진짜 전쟁방불케 하려고 큰일내지 말아야 할텐데..  
20170609,1,한국에 있는 놀란 빠들이 몰려온다 .. 놀란이 최곤줄 알지 영화 졷도 모르면서 ㅋㅋㅋ  
20170609,10,전쟁영화 별로 안보는데 해리 때문에 봐야겠다!! 작품도 좋고 해리 연기도 잘해서 대박 나면 좋겠다 ㅋㅋㅋ  
20170608,10,머피는 이제 놀란 사단인가요ㅎ 넘 좋구나  
20170608,10,2017년 시청 필수 영화  
20170607,10,놀란감독 + 톰하디 = 무조건 보라는것  
20170607,1,독일의 낫질작전에 걸려 보급 차단되서 됭케르크 해변에서 무기 중장비 부상병 다 버리고 2틀동안 사람만 태워서 밤낮 배타고 영국으로 도망간 작전  
20170606,10,와 포스터도 그렇고 예고편도 그렇고 메달오브아너 게임같다 진심 재밌을듯 기대됨  
20170605,10,올해 최고기대작이다 와우  
20170605,10,믿고보는 놀란필름~!!  
20170603,10,개 지릴듯  빨리  보그잡다  
20170603,10,캬.. 톰하디 이제 놀란 영화에서 주인공으로 나오네  
20170531,10,해리가 나와요오유오오ㅗ♥  
20170531,10,예고편보고 지려버렸다...  
20170531,10,포스터에 지리고 다크나이트 트릴로지 인셉션감독+톰 하디 조합에 지리고 해리 스타일스 지릴거같다 지리다 나오것네 팬티 여러장 준비해야겟네ㅎㅎ  
20170527,6,미국식 전쟁영화는 대부분 2차대전 독일군을 동네북으로 해서 사골엄청 우려먹네! 중공군을 상대로한 영화는 못만드냐? 장진호 전투에서 엄청 고생했다며?중공군에 진거 같아서 창피해서 못만들겠냐? 아니면 중국에 영화 수출못할까봐?  
20170527,10,"물론 출연진 감독 중요하지만 이 사건을 선택했다는게 중요,꿀잼 예약  "
20170520,10,해리가 나온다니 무조건 봐야죠!하디도 기대된당ㅎㅎㅎ  
20170518,1,킬리언 머피는 무슨 놀란이랑 종신계약했나? ㅋㅋㅋ 놀란이 무지하게 좋아하는 배우인듯 별점평은 영화개봉하면 제대로 평가하겠음  
20170508,10,놀란이랑 톰 하디... 이거 빨리 보고싶다 ㅠㅠ  
20170508,10,반박할 고민도 없이 걍 아가리 닥치고 봐야할 영화 아님?  
20170507,10,2017최고기대작 믿어의심치않는다 크리스토퍼놀란 톰하디!  
20170507,10,이쯤되면 킬리언머피는 놀란감독의 뮤즈? 이지싶다  
20170501,10,무슨 말이 더 필요한가? 크리스토퍼 놀란 감독이다! 닥치고 극장 사수!!!  
20170426,9,기대된다. 비록 하디는 비중이 적다곤 하지만.. 근데 해이스타일스 쟤는 뭐냐 놀란감독작품에 쟤가 주연으로 끼어있다니..ㅋㅋㅋㅋ  
20170425,10,톰하디와 킬리언 머피 조합이라니 ㅠㅠ  
20170423,10,얼마 안남았다 반드시 본다  
20170422,10,"크리스토퍼 놀란 작품은 언제나 믿고 본다. 명품배우인 톰 하디, 킬리언 머피또한 당연지사 믿고 보겠지만 해리 스타일스가 영화에 도전한다는 것 자체가 기대된다  "
20170421,10,짐머형님 감사합니다.  
20170417,10,놀란형님 이 만든영화는 다 잼나더라구요 ^^  
20170415,10,킬리언머피 이분도 독특한마스크에 연기력도 상당하신데 언급이적네용.여튼 기대됩니다.  
20170408,10,7월10일 입대인데 7월 초에 나왓으면 좋겟어요 ㅠㅠ 보고가게여ㅠ  
20170407,10,놀란감독작품은 다 내 인생영화인데 이번엔 해리까지 나옴ㅜㅜㅜㅜ 완전 인셉션과 인터스텔라만큼이나 기대됨ㅜㅜㅜㅜ  
20170405,10,처음으로 마이클케인이 빠진 영화. 인터스텔라도 예고편은 노잼이었기에 이번 작품도 예고편거르고 기대한다. 과연 그 작전에 어떤걸 녹였을지....  
20170403,10,꼭 보고싶다 기다려진다  
20170401,10,꺄아아악 해리래 해리래네이버야 해리 프사좀 등록해줘라 이 영화 때문에 머리도 잘랐는데 진심 존잘인데이 영화 대박칠겁니다 개봉일날 보러 가겠습니다  
20170330,10,놀란+톰하디+킬리언머피+한스짐머= 안 보러 갈 이유 X  
20170330,8,빠121순1231이련들은 낄끼빠빠좀 해라  
20170329,10,"놀란 감독 신작?? 이러면서 왔는데 배우진 보고 반함 케네스 브래너, 킬리언 머피  wow  "
20170328,10,원디팬여러분들 드디어... 해리가 머리를 잘랐습니다ㅠㅠ아!!!!와...  
20170323,10,세계의 가장 큰 퇴각작전이었으니 기대하겠다  
20170323,9,"기적과도 같았고, 많은 생명을 구한 덩케르크 작전을 기반으로 했다는 것에 초점을 맞추는 사람은 없고, 캐스팅이 해리랑 톰하디라고 좋아라라 하는 사람들밖에 없네.  "
20170321,10,놀란빠가 아닌데 이사람 작품은 재미없던 적이 없다  
20170320,10,놀란감독이면 두말하면 입이 아프지 없는시간도 내어서라도 꼭 본다  
20170318,10,와... 배우봐.. 더군다나 감독이 크리스토퍼 놀란? 이건 보라고 만든 영화다  
20170318,10,앜 해리가 나온다니 꼭 보겠스~  
20170315,10,헐 출연자 목록에 마이클 케인 할아부지 없네 안나오나?  
20170312,10,해리 나오는데 당연히 봐야되는거 아님?ㅎ  
20170311,10,무조건 본다 같이 볼사람 없으면 혼자 가서라도 볼거다.  
20170306,10,놀란과짐머의 전쟁영화라..매우궁금하면서도 기대되는군요.  
20170302,5,인셉션 이후 하락세 쓰레기 인터스텔라 만들면서 전성기가 이미지난 감독이라 별 기대치 없음  우리나라에서 핥아 주는애들이 아직 좀있어서 여기선 폭망 않을듯  
20170302,10,말이 필요 없다 라이언 일병 구하기 이후 최고의 전쟁영화가 나올 거 같은 예감  
20170301,10,놀란형님의 이번 영화는 어떤 점에서 우리를 놀라게 할까  
20170225,10,밀리터리 전쟁영화를 좋아하는 입장에서 프랑스군 영화가 나온다니 기대됩니다  
20170224,10,꼭 아이맥스로 보겠다.  
20170224,10,킬리언 머피라니!! 다들 킬리언 머피 안좋아하시나..ㄸㄹㄹ 그리고 다이렉셔너분들.. 해리는 완전 쪼끔나온다는데.. 잘됬죠 뭐 본직이 가순데ㅋㅋ  
20170224,10,믿고 보는 놀란 감독인데 거기에 톰하디에 킬리언 머피..라니 (인셉션이 떠오르는..) 연기력 까지 책임지고 가겠네. 원디렉션 해리스타일스 연기도 보고 싶다  
20170222,9,"아직 안봐서 9점인데 크리놀란,톰하디,  한스짐머도 그렇지만 그외 배우들도 특히 킬리언 머피(28시리즈 첫주인공,  인셉션에서 주연) 랑 다른배우들도 출연이든 연출이든 덕후들 한번쯤 소문은 들은배우다 각자 영화 혹은 드라마서 하드캐리한 배우들임ㅎㄷㄷㄷ  "
20170220,10,우리 해리나오네!!!!진짜 꼭 봐야겠담.. 원디렉션 사랑해!!!  
20170218,10,해리야 기다리고 있어♥  
20170217,10,해리가 나오는데 당연히 봐야죠 ㅎㅎ  
20170213,10,올해 최고기대작..취향저격 전쟁영화에 놀란에 하디까지..전쟁도 잘 그려낼수 있을지 기대됨  
20170213,10,크리스토퍼놀란에 톰하디에 한스지머. 진짜 이건 봐야하네.  
20170210,10,무슨고민이필요한가 근양 극장으로 달려가라 최대한좋은극장으로  
20170206,10,크리스찬 베일하고는 같이 안 나오나?톰 하디하고는 자주 같이 나오던데....  
20170205,10,"믿고 보는 놀란!  인천상륙작전 같은 애국주의 쓰레기 영화가 아닌, 명품전쟁영화가 나오기를...  "
20170201,1,와7월에개봉해? 난좀있으면개봉한다고 실망이야  
20170131,10,재미있게 봤습니다. 유튜브에 벌써 올라왔네요.  
20170127,10,진짜 놀란 형님거는 그냥 믿고 본다. 예고편보고 소름이 끼치네..  
20170125,10,아...7월은 돼야 톰하디를 극장에서 보겠구만ㅠㅠ얼른 나와라...ㅠㅠ  
20170124,10,피키블라인더스에선 1차대전 프랑스참전이더니 여기선 2차대전이구나... 킬리언 머피..불쌍해...  
20170117,10,놀란 영화니까 무조건 본다  
20170113,3,라이언 구하기 아류  보기 싫다  
20170113,10,"놀란감독의 미친 연출과 영상미 그리고 역사적으로 가장 치열했던 철수작전, 기대됨  "
20170113,10,7월까지 어케기다려..  
20170111,10,다들 배우때문에 보는것인가 ㅠㅠ 난 배우가 어떻데도 덩케르크 철수작전이면 닥치고 보러간다 ㅎ!  
20170109,10,이번엔 cg없이 어떤 경이로운 장면을 보여줄까요  
20170109,7,이미테이션게임 급일듯  
20170108,10,놀란 선생님 영화는 윾시! 아이맥스다 인정?  
20170108,10,왜.우리나라는 이런 영화를 못만들지.자본? 기술? 둘다?  
20170107,10,덩케르크 철수 작전이라..아마도 전장에 남아 본대의 후퇴를 위해 목숨을 바친 병사들의 이야기를 그리지 않을까 조심스럽게 예상해본다. 어떻게 될진 개봉 해봐야 알지만 일단 놀란의 작품이기에 10점을 준다  
20170107,10,완전 기대되요!!♥톰 하디랑 놀란ㅠㅠ♥  
20170107,10,그냥 빨리보고싶다 미친  
20170106,10,놀란 감독이라면 믿고 본다  
20170106,1,진짜 재미없어보인다...  
20170106,9,해리 스타일스 연기 잘 할래나....쨌든 일단 놀란 감독이랑 톰 하디 나오니깐 믿고 봅니다ㅋㅋㅋ  
20170105,10,놀란이 연출하고 놀란이 프로듀서 맡고 무엇보다도 놀란이 각본을 썼다? 이건 생각할 시간도 아깝다. 일단 봐야 돼.  
20170105,10,기대된다 진짜 놀란감독 에다가 톰하디 배우님  
20170104,10,킬리언 머피 또 나오네 놀란의 공무원 머피ㅋㅋ아이 좋아라  
20170104,10,영화관에서 꼭 봐야겠습니다.  
20170102,10,톰하디 지린다 진짜 톰하디 하나보고 보려햇는데 놀란님이라니.. 무조건 보러감..!  
20170101,10,놀란영화는 꼭봐야된다  
20161231,10,연출을 기가막히게 보여주는 놀란 감독의영화  
20161231,10,놀란 감독의 영화는 항상 보고 '놀란다' 꼭 봐야지  
20161229,10,무슨일이 있어도 이것만큼은 꼭 본다  
20161228,10,위험함 이거.... 미국인들에게 어필할수 있는 소재가 아님...심지어 저때는 미국이 참전하기도 전인데  
20161226,10,출연진들이 거의다 영국인들이네요 감독도 영국인이고...냄새가난다!!!  
20161225,10,해리스타일스가 나오다면  꼭봐야지!..보고싶은데...2017년7월이면..고3인데...ㅠㅠㅠㅠ  
20161224,10,아ㅜㅠㅡ진심 해리나온대서 진짜좋았는데 심지어 감독이 크리스토퍼 놀란이네? 심지어 장르도 로코나 이런것도아니고 역사/전쟁영화라니 밑힌 인셉션의 피셔랑 임스도나온다니 미친 나 죽으라고 이러는겁니까ㅠ 스탭들 인터뷰보면 해리도꽤잘하고잇는거같던데 기대만빵데쓰  
20161223,10,놀란과 하디의 조합에 많이 놀란..나  
20161222,10,이건 감독에서 놀라고 배우에서 두번 놀라고 음악에서 그냥 기절했다..게다가 덩케르크 가 궁금하는 사람은 다이나모 작전 쳐보시길..  
20161222,10,빨리보고싶네요~~진심으로  
20161221,10,놀란과 하디 그리고 머피의 조합은 최고다  
20161221,10,무조건 봐야한다 무조건!!  
20161221,10,대작이될것 같다..크리스토퍼 놀란감독과 내가 제일 좋아하는 역사/전쟁 장르라니...현기증이 난다  
20161219,1,왜 우주 얘기하다가...갑자기...전쟁 얘기냐....지겹다 전쟁얘기~~~  
20161215,10,역시 크리스토퍼놀란 전쟁영화라고 여배우안쓰는것봐ㄷㄷ ㅅㅂ한국영화는 전쟁영화 그것도 실화를 다루는데도 꼭 로맨스끼워팔려고 여배우 캐스팅하는데ㅋㅋ  
20161215,10,배트맨 비긴즈의 약쟁이와  베인이구나  닥나라이즈에서이러 두번쨰만남 ㅎㅎㅎㅎ 거기에 한스갓머 ㅎㅎㅎ  
20161215,1,라이언 일병의 이미지 공식이 보이네. 놀란의 자기탐닉이 우려된다  
20161213,10,평점 같은 거 남겨 본 적 없는데...진짜 놀란감독 영화들 엄청 좋아라 합니다.이렇게 기다려지는 영화는 처음입니다.  
20161212,10,놀란 + 한스짐머 + 톰하디 닥치고 극장 ㄱㄱ  
20161212,10,개인적으로 톰 하디+킬리언 머피 조합 너무 좋다  
20161203,10,크리스토퍼는 놀란껀 닥치고 봐야되  
20161127,10,크리스토퍼 놀란 톰하디 한스짐머 킬리언머피..  
20161121,10,무엇을 의심하랴 전설의 귀환이다  
20161115,10,놀란의 연출+톰하디의 연기+한스짐머의 음악+ 호이테마 카메라감독의 영상촬영=퀄리티가 나쁘기 정말 어려운 작품 ㅇㅇ  
20161114,1,내 생각엔 별로일것 같다.  
20161114,10,놀란과 짐머는 묻지도 따지지도 말고 보는 거다  
20161114,10,예고편 개지린다 ㅎㄷㄷ  
20161113,10,인터스텔라에서 처럼 시간이 확 17년 7월로 갔으면  
20161108,10,놀란형이다 이기야!!!  
20161030,10,명작 또 나오겠네..!  
20161029,10,꼭 본다 반드시 볼것이야  
20161022,10,인터스텔라도 1년 기다렸는데 덩케르크도 1년 기다린다!  
20161015,10,기대됩니다 예고편부터 역시  
20161014,10,아 언제까지기다려 보고싶어죽겄네ㅠㅠ  
20161010,10,놀란이다~그냥 보면 된다  
20161007,10,해리스타일스라니...♥ 너무좋아! 시사회오면 꼭 가야지 해리 첫번째 영화 화이팅!♥  
20161002,10,믿을수 있는 (감독 + 배우 + 음향감독 ) = 1000만  
20161002,10,배트맨 시리즈 찍을때 놀란이 킬리언 머피 그렇게 맘에들어 했다는데 결국 주연으로 놀란 감독 영화에 나오네 ㅋㅋ  
20161001,10,예고편만 보고...지려버렸다..  
20160928,10,킬리언 머피는 놀란감독 영화에 엄청 자주 나오네ㅋㅋㅋㅋ배우들 너무 기대된다  
20160927,10,사랑해요 나랑 같이 살아요 형 진짜 섹@스 엉엉  
20160925,10,여러분ㄴ해리 나와요 제발 보세요  
20160924,10,평론가들 또 이상한말 쓰지좀 마세요  
20160919,10,믿고보는 크리스퍼놀란에  톰하디까지 기대된다 내년7월에는 여친이생겨서 여친이랑 보러가겠지!??  
20160918,10,와씨.. 10개월 남았어.. 언제 기다려ㅠㅠ예고편 괜히 봤네.. 너무 보고싶어짐..ㅠㅠ  
20160911,10,예고편만으로 이렇게 긴장감 쩔게 만들수 있나?  
20160909,10,의심의 여지가 없음ㅋㅋ  
20160907,10,놀란 감독 톰하디 한스짐머 끝  
20160904,10,크리스토퍼 놀란에 이어서 킬리언머피라니..!! 꼭 보겠습니다!! 킬리언머피는 이번 기회로  한국에서도 많은 인지도를 얻기를 바래요^_^  
20160903,10,미쳤다 놀란감독 새영화래서 찾아봤더니 톰 하디에 해리가 나온다니ㅋㅋ 해리야 기다려라 내가간다  
20160902,10,영잘알이라면 한스짐머+놀란=걸작 이라는 공식정도는 외워야지  
20160902,10,우리 해리야 많은 거 안 바란다 평타만 치자 화이팅!  
20160826,10,왜 아무도 킬리언 머피 얘기를 안함? 엄청 매력적인 배우인데ㅠ 놀란이 톰하디도 좋아하지만 킬리언 머피 덕후 아닐까 할 정도로 본인 작품에 많이 캐스팅하는 배우인데 암튼 킬리언 머피+톰 하디의 세번째 영화 너무 기대됨 놀란 감독까지 안 볼 이유가 없음  
20160824,10,크리스토퍼 놀란 이름만 봐도 벌써 재밌다  
20160820,10,크리스토퍼놀란 = 10점  
20160820,9,히틀러의 겸손이 불러온 대참사 영국군과 프랑스군의 퇴로를 열어준 독일군최악의참사로 알려진 다리나모철수작전. 톰하디나 킬리언머피나 영국배우들의 영국군을 그린 최대의전쟁영화가 오랜만에 나오네요  
20160820,10,아..진짜 해리야 너무너무 사랑하는데♥ 원디렉션 쉰다는말듣고 슬펐었오 ㅠㅠㅠ 근데 영화에 나온다니까 너무 좋아 꼭 볼꺼구♥♥ 2017년까지 기다릴수 있으니까 빨리 영화개봉하길 기대할께♥♥♥ 그리구 시사회 꼭 왔으면 좋겠당♥♥♥♥  
20160816,10,아짜증나 내년에 고삼이란말이야ㅠㅠ  
20160815,10,해리연기도 기대되고 영화도 기대되고..빨리 내년이 왔으면 좋겠다!! 시사회는 오는건가요?!?!  
20160814,10,"해리야 진짜ㅠㅠㅠㅠ내년까지 어떻게 기다려ㅜㅜㅜ  시사회해서 내한왔으면 좋겠다,, 제발ㅜ  "
20160814,10,뭐라고? 감독이름이 크짜로 시작하는 그 머시기? 먼줄몰라도 일단 보러가야겠네  
20160813,10,"절대적인 재미, 신선도, 충격적인 연출, 소름돋는 음악 확보.  "
20160813,10,앓다 죽을 우리 해리 한국에서 볼 수 있는 방법은 인터넷과 이 영화 뿐이라니 깔깔깔... 신세한탄  
20160811,10,평점 반절이 해리스타일스빠들이네ㅡㅡ 원디렉션은 아는데 얘가 그리 대단한애임? 톰하디가 상대적으로 묻히는건 또 처음보네;;  결론은 덩케르크 대박  
20160807,10,믿고보는 크리스토퍼 놀란  
20160807,10,공개된 예고편 마지막 장면을 보고 지릴 수 밖에 없었다...  
20160807,10,과연 라이언 일병 구하기를 뛰어넘을 전쟁영화가 탄생할 것인가  
20160806,10,전쟁영화 짱 좋아하는데!! 거기다 놀란형님 작품!!  
20160731,10,할말없다 봐야되 진짜로 꼭 한스짐머 놀란 톰하디 내가 좋아하는거 다나옴ㅋㅋㅋ  
20160730,10,해리가 나온다니 말 다했죠 뭐 ㅋㅋ bse 찍고 나서 어떤 감독이 공백기 시작하면 영화 찍을 생각 없냐고 물어봤다는 소문이 돌았는데 정말 공백기 들어가자마자 찍기 시작 ㅋㅋ 그나저나 우리 해리 사진 등록해줘요 네이버야 머리 자른거 얼마나 섹시한데!!!  
20160715,10,ㅋㅋㅋ인셉션 임스랑 피셔만났네  
20160713,10,one direction이라는 영국 팝그룹 (현재는 휴식기중 ㅠㅠ)의 Harry Styles도 출연합니다!!! 진짜 이번에 진지하게 하려고 머리도 다 잘랐어요!!솔직히 이 영화 완전 개 기대됨  
20160712,10,이건미친조화다!!!  
20160708,10,하... 이걸보고 죽으면 죽을만 할듯..  
20160705,10,믿고보는크리스토퍼놀란  
20160701,1,놀란의 성격상 CG를 줄이고 촬영 할텐데...쓸데 없는 제작비 상승이 예상되며..그나마 극본을 동생이 쓴영화는 봐줄만은 한데..극본마져 놀란이 쓴다면 고리타분한 영화가 될 것이 뻔하다. 종이로 만든 리얼한 전함처럼 ...침몰하 듯항공모함을 종이로  
20160627,10,놀란이형이랑 하디형... 말다했지않나? 이건..  
20160624,10,믿고보는 크리스토퍼놀란 감독  
20160621,10,딱히 놀란때문에 보는건아니고 톰하디♡♡♡  
20160620,10,해리야ㅠㅠㅠ 머리 자른이유가 영화찍으려고였다니ㅜㅜ 진짜 사랑헌다...이 영화보고 입덕하는 사람 꽤 될거같당...(오열)  
20160619,10,개봉전부터 바지가 축축해짐  
20160614,1,인터스텔라에서 실망해서..표절짜집기영화;;배트맨다크나이트시리즈처럼 만들어주셈  
20160612,10,우선 보고 나서 생각하겠습니다 크리스토퍼 놀란 감독의 다음 작품입니다  
20160611,10,놀란은 맨날 쓰던 배우들만 쓰기 쩌는듯ㅋㅋ그래도 좋음ㅋㅋ이번엔 에이전트 카터에 나온 자비스 아저씨도 나오네ㅋㅋ  
20160609,10,음악은 역시 한스짐머가 하는 건가?  
20160609,10,진짜 미친듯 놀란 감독의 미친감각 캐스팅 소름돋음  
20160608,10,마크 라이런스와 킬리언 머피 게다가 하디라니 ㅋㅋ 이건 무조건 필관이다  
20160604,10,덩게르크 보고 덩지릴 듯  
20160603,10,해리가 나온다니이이이♡♡♡  
20160601,10,놀란 작품에 해리스타일스까지~~ 정말 기대됩니다!  
20160601,10,와 미쳤습니다...블랙홀의 3차원 공간에서 보고왔는데 이 영화 꼭 보십쇼. 놀란의 정점을 찍은 작품입니다.  
20160529,10,해리야 꼭 볼게!! 시사회때문에 내한왔으면 좋겠다ㅠㅠ  
20160528,10,해리가 영화에 나온다니ㅠㅠㅠ거기다 머리도 잘라가지고 영화촬영하는거 사진 봣는데 해리 진짜 말이 안나올정도로 잘생겻어ㅠㅠㅠ영화진짜기대된다 그냥 빨리보고픔  
20160528,10,우리 스케어크로우 횽 미쵸~~  
20160527,10,캬아 울 해리 스타일스가 나온다는데 못보겠어요?  해리야 연기잘해서 안티한테 한방 먹이자!.♥♥♥  
20160527,10,놀란 감독+톰하디+마크라이런스+한스짐머  
20160517,10,크리스토퍼 놀란에다가 톰 하디에 한스짐머 라... 그냥 보라고 강요하는거네  
20160517,10,놀란의 전쟁물. 미리기대  
20160516,10,드디어 떴다 !!!! 크리스토퍼 놀란 사단의 차기작 !!!  
20160515,10,해리 스타일스가 나오니 봐야죠. 뭘 고민합니까  
20160512,10,아~~ 해리 ♡♡기대할게요!!  
20160510,10,톰하디에 놀란감독! 놀라고갑니다  
20160508,10,키야 완전기대되용 해리스타일스  
20160507,10,해리 나오니까 봐야지 ㅎㅎ 17년에..ㅠ  
20160422,10,사람들이 다크나이트 3부작과 인셉션에도 나온 킬리언 머피를 왜 빼먹지? 거기다 올해 아카데미 남우조연상에 빛나는 마크 라이런스와 영국을 대표하는 케네스 브래너도 나오고...  
20160420,10,크킄아 캐스팅 개좋다 진짜ㅠㅠ 그리고 이쯤되면 킬리언 머피 진짜.. 놀란의 뮤즈가 아닐런지...☆  
20160419,10,놀란 하디 머피 한스 짐머  
20160419,10,놀란의 영화는 자신에 맞는 배우들이 계속해서 나오면서도 장르르 바꿀 때마다 바뀌는 모습이어서 대단하다  
20160417,10,해리ㅜ ㅜ 2017년 어떻게 기다림 ....  
20160416,10,해리가 나오면 당연히 봐야져!!  
20160411,7,각본이 동생이아니고 당신이면 전보다 나은 작품은 힘들겟네  
20160407,10,해리스타일스라니...  
20160331,10,와 이건 말할것도 없이 무조건 봐야하는 영화 진짜 한스짐머 ㅜㅜ원디렉션 해리 !! 진짜 놀란 감독 전쟁영화 정말 기대됩니다!  
20160325,10,빨리 보고싶다으아으아  
20160324,10,"우리 해리 ♥ 연기 잘 해서 욕 먹지 말자 !! 연기 못 하면 전 세계 안티들이 또 난리를 치겠지 ... 기대할게, 해리야! ILY  "
20160324,10,해리 스타일스 나오니깐 꼭봐아죠^^사랑해 해리!  
20160320,10,해리 때문이 아니더라도 놀란 감독이면 믿고 봐야죠! 꼭 보러 갑니다  
20160320,10,와 해리 스타일스 나온다니  
20160317,10,아 1년동안 나를 미치게 하겠네 ㅠㅠ  
20160314,10,해리 스타일스 나온다니깐 봐야죵ㅎㅎ  
20160313,10,원디렉션 해리스타일스를 아시나요?? 해리도 나온답니다! 네! 꼭 봐야죠!  
20160303,10,미쳤다...이건 재미없을수가 없을듯... 특히 한스짐머 미쳤네  
20160223,10,톰하디...♡ 놀란과의 합작..이 이상 기대될수가 없다..♡  
20160218,10,"모든 것을 믿지 못하게 만드는 단 하나의 믿음, 크리스토퍼 놀란  "
20160211,10,"2016년 5월 크랭크인, 2017년 7월 개봉예정... 개봉일 날 보러갑니다. 기다리겠습니다, 놀란 감독님.  "
20160210,1,닼나라 인터스텔라 망친 놀란 다음은?  
20160209,10,이 영화 개봉 후 평점이 9점 이하로 내려가면 미친 거임.  
20160131,10,2~3년의 한번 꼴로 머리를 복잡하게 만들어주시는  
20160129,10,크리스토퍼 놀란 영화는 무조건 믿고본다  
20160128,10,"아닥10점.,.,.,  "
20160125,10,일단 10점 주고  기대하자  
20160124,10,놀란감독이면 무조건일단  10점먹고들어간다.!!!  
20160122,10,놀란의 전쟁영화.... 어떤 명작이 나올지 벌써 기대되네  다크나이트 뛰어넘는 영화 만듭시다 놀란 성님  
20160121,10,놀란의 전쟁 영화는 과연 어떨까?  벌써부터 기대 되는 작품 ㄷㄷ  
20160121,10,어머어머 놀란형님 인터스텔라이후 돌아오신것만해도  사랑해요 믿습니다 놀란  
20160120,6,이거 아직 주연배우 확정도 안됐는데 왜 벌써 등록시켜 놓은거지 ㅋㅋ 나중에 변동되면 어쩌려고 ㅋㅋㅋ  
20160118,10,그냥 질질 쌀 준비 하세요. 하기스는 필수 입니다.  
20160118,10,갓놀란 갓짐머 갓톰 !!!!  
20160117,10,놀란이 톰하디 좋아하는게 여기서 나오네 ㅋㅋㅋ  
20160116,10,양 금모띠....ㅎ앙기보띠  
20160116,10,내가 어쩌다 고삼에 놀란을 만나서ㅋㅋㅋ  
20160116,9,놀란이면 일단 기대치 팍 높이는거다 그런거다  
20160116,10,놀란 작품 이라는것부터.. 톰 하디 까지..  
20160115,10,크리스토퍼놀란+톰하디+한스짐머... 무슨 말이 필요합니까? 그냥 대-박~  
20160113,10,기대된다 2년 언제 기다리냐  
20160113,10,놀란형과 톰하디형이라니 꼭본다  
