0,1,2
20170221,8,이병헌 공효진 연기정말잘하는배우 기대됩니다 안소희'아저씨 도와주세요'에서확깨네요 왜연기가안느는건지안타깝습니다 부디영화는흥하길  
20170221,8,영화 낼 볼건데요.. 제발제발 안소희씨는 연기를 안하셨으면 좋겠어요 ㅠㅠ 죄송해요 정말.. 부산행이나 안투라지에서 너무 연기가 불편했어요.. 싱글라이더도 다 좋다가 안소희씨때문에 실망... ㅠㅠ  
20170221,10,달콤한인생 150번 본 남자입니다.정말 강추합니다. 제2의 이병헌 전성기 영화.  
20170221,10,갹~ 공블리가 실제 우리 누나 이름을 역활이름이라서 보고 싶고 갓병헌의 명품 연기라고 추켜세우는 언시평 때문라도 보고 싶다.  
20170221,10,가족에 대해 삶에 대해 생각을 하게한다...나는 잘 살고있는가  
20170221,10,언제까지 우리가 살인 강간 납치  또다시 연쇄 살인 이런거에 열광할것인가??? 이작품이 우리 마음 속에 남겨둔것은 폭력과 두려움이 아닌 쓸쓸함 고독함 그가운데 우리가 놓치고 살아간것 가족 ....이다음은 각자 알아서  
20170221,10,공효진에 이렇게 또 반하다...  
20170221,10,"라이브톡으로 봤습니다 잔잔히 흘러가며 생각하게 만드는 영화 , 이병헌 연기는 역시 좋네요  "
20170221,10,호주 워킹홀리데이 갔다 왔던거 생각났음  뭉클함이 있다 이 영화  
20170221,10,스타라이브톡으로봄. 오랜 만에 이병헌 감성연기.. 좋더라 ㅠㅠ  
20170221,10,예고편 보고 최근 이런 영화가 있었나 싶게.. 장르적으로 너무 땡겼던 영화. 드디어 개봉하네요. 축하축하~~ ㅋㅋ  
20170221,1,방금 cgv에서 봤는데진짜 개 노잼이다.스포는 안하겠지만 연기만 잘하고스토리도 반전을 너무 오랬동안 끌어서 진짜 별로네요.  
20170221,9,충격적 결말로 홍보하던데 이병헌이 귀신이라도 됩니까??  
20170221,10,이병헌 공효진은 별로지만 안소희가 좋아서 볼란다  
20170221,8,와 네이버 역시 댓글 알바 ㄷㄷ 인정  
20170221,10,이병헌  공효진 연기 기대됩니다  
20170221,10,이병헌 나오는 영화는 무조건 봐야죠. 지난번 강동원이랑 같이 나온 영화는 좀 실망이긴했지만.  
20170221,10,매번 강렬한 연기만 선보이던 이병헌의 감성드라마! 당장 극장행 rㄱ ㄱ  
20170221,10,이병헌이라는 이름만으로도 믿고 볼만한 영화일 것 같다  
20170221,10,기대됩니다 언제쯤 볼수있으려나  
20170221,10,이창동감독님이 기획이라니 정말 기대되요  
20170221,10,시사회 다녀왔습니다. 단순한 오락영화는 아닙니다. 하지만 인생의 가치에 대해 깊게 생각하게 되는 좋은 영화였습니다.  
20170221,10,"이병꿀님 ,, 열일하시네 믿고 보는배우 ! 개봉하자마자는 안되더라도 다음날에 꼭 보러 가겠습니다  "
20170220,10,탄탄한 연기력의 두 배우!! 믿고 기다립니다 ㅎㅎ  
20170220,10,안소희님 팬입니다ㅎㅎ 배우분들 모두 기대되고 응원중입니다 개봉날꺼 예매완료 재밌게볼게요~!!  
20170220,4,안투라지에서의 발연기를 여기서도 보진않길...  
20170220,10,기대기대기대중임!!!  
20170220,10,이병헌표 감성영화의 또 다른 인생작이라는 언론시사 감평이 개봉일을 손꼽는 마음에 불을 질렀다.  
20170220,5,안소희 뭐하러 나온데? 쟤 평가보고 영화관에서 보던 OCN에서 우연히 보던 해야겠다  
20170220,10,가장들의 슬픔을잘 담아낸 영화  
20170220,10,살면서 가장 힘들때 가족에게 배신당하면 진짜..상상도 하기싫다  
20170220,10,요즘 이병헌 작품 쉬지 않고 해서 넘 좋음 ㅋㅋ  
20170220,10,방금 vip시사회 보고 나오는길입니다 말이안나오네요 십점만점입니다 ㅠㅠ  
20170220,10,보고 싶어요. 오랫만의 이병헌의 정통 연기. 기대됩니다.  
20170220,8,이병헌 공효진 넘 안어울리는 조합  
20170220,10,기대됩니다. 좋은 드라마 영화였으면 좋겠어요~  
20170220,10,진짜 이병헌은 못하는 연기가 없네..악마를보았다-광해-할리우드총잡이못하는 게 뭐야?이민정이 이병헌 잘잡은 거지 이병헌이 아깝다 솔직히ㅋㅋ 나 남자임  
20170220,3,갓병헌~! 믿고보는 공블리?? 안소희 연기발전 기대기대!! 이런 댓글에다가는 다 공감누르고 좀만 배우 별로인거같다 시사회갔다왔는데 별로다 이런댓글에는 왜 다 비공 쳐 누르냐 ㅂㅅ들 ㅋㅋㅋ내 댓글에도 비공눌러줭~  
20170220,10,싱글라이더 기대됨 보러가야지  
20170219,1,이병헌영화는 믿고 거른다..그 배우 호주머니에 내돈주기 싫어  
20170219,10,캐스팅부터 남다르네.. 이병헌이 택한거니 뻔한 영화는 아닐듯  
20170219,10,공효진 역시나 너무 이쁘드라  
20170219,10,외국 예술영화 보는 기분이었음  
20170219,10,영화 분위기가 제대로 한몫함. 호주 가보고 싶다 ㅎㅎ  
20170219,10,보고나서 여운이 아직도 가시질 않네요.  
20170219,10,16년만의 감성영화로 들아온 이병헌! 항상 응원합니다 ♥  
20170219,10,"이병헌,공효진 이 둘의 연기만으로도 기대할 가치가 충분하다  "
20170219,10,이번주 최고의 기대작 ㅋㅋ  
20170219,10,아.. 이런 영화 너무좋음  
20170219,10,소소하고 훈훈한 재미.. 자극적인 영화만 보다가 보니까 ㅋ 재밌네  
20170219,10,이병헌의 감성연기는 오랜만인듯!!  
20170219,10,사랑하는 여자가 다른 사람과의 삶을 준비하고 있는걸 마주하면 어떤기분일까  
20170219,10,"보는 내내 흥미진진, 이병헌과 공효진 케미도 좋았고 소희도 연기 많이 늘은듯  "
20170219,10,남자가 사라진 이유가 뭘까?!  
20170219,10,예고편만 봐도 마음이 찡하다.이병헌의색다른 연기 기대중  
20170219,10,현대인의 아픔을 잘 그려낸 영화  
20170219,10,역시 이병헌이라는 말이 절로 나올 정도로 만족스러운 영화였습니다.  
20170219,3,시사회  다녀왔는데 별루 네요..  
20170219,10,영상들 보니까 외국 영화 느낌이 물씬~ 배우들 연기뿐 아니라 연출도 넘나 기대된다!  
20170219,7,안소희 엘리베이터 타고 올라 왔군?  
20170219,10,이병헌님 연기로는깔수가없다 인정들해영화관가서보고싶지만이건 시간이짧아서 vod나오면 집에서봐야지  
20170219,1,하...제발 연기는 연기자들시킴안되냐  발연기소희 또 나오네...  
20170219,10,으와 재밌겟다아아아아ㅏ아  
20170219,9,"예고편 보니 미혼인 내가봐도 먹먹한데 ,,실제 기러기 아빠들은 얼마나 가슴이 아플까,,,  "
20170218,10,손현주도 잘 어울렸을 듯. 무튼 기대된다.  
20170218,10,"악마를 보았다...마지막 모든걸 끝내고 혼자 터지는 울음을 참으면서 걸어나오는 장면은 지금도 잊을수가없습니다,이병헌씨의 연기 스펙트럼은 최고의 수준입니다!  "
20170218,10,예고편에서 이병헌이 뺨맞는 장면을 보고 기대가 되기 시작했어요. 그냥 그런 요즘 한국영화 다 똑같아서 지겨웠는데 뭔가 달라보이는 영화네요. 공효진과 이병헌의 감성 드라마가 기대됩니다.  
20170218,7,"무슨 믿고보는 공효진이야.. 공효진나온 영화 싹다 망했구만. 드라마 배우임. 공효진 맨날 똑같은 캐릭터 연기 땍땍거리고, 보호받아야하는 가녀린 여자역할 이미지 못벗어난다. 파스타, 프로듀사, 질투의화신 다 정말 재밌게 봤는데 다 똑같음 이병헌때메 본다  "
20170218,10,요즘 재밌는 한국영화들 많이 나오는듯ㅎ  
20170218,10,짧은 예고편만으로도 가슴 먹먹  
20170218,10,예고편만 봤는데 울컥합니다.... 정말 기대됩니다.  
20170218,10,병헌횽이 선택할 정도면 시나리오가 엄청 탄탄할듯 게다가 요즘 물이 오른 공효진이라니... 둘이 너무 신선한 조합이라 기대됨  
20170217,10,기대는 엄청 되지만 소희가 나와서 아쉽네..ㅠ  
20170217,10,제작사가 신생이라던데 이정도까지 만들줄이야  
20170217,6,이병헌의 연기를 단 한번도 의심한적 없어서 보고 싶지만...공효진과 소희가 나온다고 해서 망설여짐(소희는 이미 부산행으로 검증이됐고 공효진은 개인적으로 정말 좋아하지 않는 배우라....)  
20170217,10,믿고보는 뵨사마 아무리 뵨태래도 연기하나는 깔수없다  
20170217,8,뵨사마의 연기가기대됨  
20170217,3,줄거리가 너무 감성으로 가는것 같은데 내부자들 처럼  엄청난 히트작은 아닐것 같은생각이 듬. 라디오 광고좀 그만좀 했으면 계속 이병헌 홍보목소리들으면 지겹다.  
20170217,1,그닥... 알바들인가여  
20170217,7,다된영화에 안소희뿌리기  
20170217,10,처음 갓병헌 나레이션 나오는 순간 소름 돋았다... ㅜ  
20170217,7,소희는 뭔가요? 부산행 이 후 기대치 떨어뜨리는 요인.  
20170217,10,기대할 수 밖에 없네..ㅎㅎ  
20170217,10,생각지도 못한 이병헌과 공효진의 조합ㅋㅋㅋ 싱글라이더 빨리 보고싶다  
20170217,10,시나리오도 굉장히 좋다고 들었음 배우들이 잘 살려주기만 하면 될 듯  
20170217,10,이병헌 공효진이라니 믿고 보는 배우들ㅎ  
20170217,10,영화 자체의 분위기가 너무 좋아요 추운 겨울날 따뜻한 감성 영화가 나올것 같네요  
20170217,10,영화사부터 기대할 수 밖에ㅋㅋㅋㅋ 워너브라더스 믿고 볼게요  
20170217,10,와 이번엔 감성 드라마ㅠㅠ 이병헌 열일하네  
20170217,10,2월 22일날 개봉하는군요.2월 22일날 개봉하는군요.  
20170217,10,갠적으로 이병헌 연기 스타일이랑 공효진 연기 스타일 너무 좋다  
20170217,10,싱글라이더 때문에 2월이 되기만을 기다렸음ㅋㅋㅋ 곧 22일 되겠징  
20170217,10,가슴 먹먹하고 슬픈 영화 싱글라이더. 기대됩니다.  
20170217,1,이병헌 빼고는 별로...  
20170217,10,이제 막 때려부시는영화가아닌 삶에대한영화가 보고싶다  
20170216,10,예고편만봐도 알수있다 각작의느낌을...  
20170216,10,이병헌은 믿고 기다린다  
20170216,10,뭔가 많은 내용들이 숨겨져 있을거 같음….  
20170216,10,드디어 이병헌의 잔잔한 감성 연기를 볼 수 있겠네ㅋㅋㅋ ㅋ ㅐ스팅 됬다고 했을때부터 기대했던 영환데 궁그미  
20170216,10,아니 이건 기대할 수밖에 없는 영화 아닌가욤?  
20170216,10,이병헌의 또 다른 연긴 변신 기대할게요^^  
20170216,10,"국내에선 보기드믄 영화가 아닐까 싶어요 연기,연출,스토리 모두 기대되는 작품입니다  "
20170216,8,부산행 에서 보았던 안소희 연기가 너무 아니던데;;; 흠... 일단은 기대는 해본다.  
20170216,10,감성영화 싱글라이더 기대중ㅎㅎ  
20170216,10,예고편 느낌 완전 좋던뎅  
20170216,9,이병헌 징글징글한넘 ㅋㅋㅋ  사생활은 더럽지만 연ㄱ로 극복한 연기천재  
20170216,10,이런 잔잔한 영화는 겨울에 보기에 딱이다  
20170216,10,벌써부터 슬픈… 싱글라이더 개봉하면 꼭 볼게요  
20170216,10,예고편만으로도 기대되는 영화임 예고편 매일 보고 있음ㅋ  
20170216,10,프로는 인성과 실력을 별개로 봐야하며 아티스트는 행실과 작품을 별개로 봐야한다  
20170216,1,이렇게 적극적으로 홍보하는걸 보니 흥행은 참패 하겠군... 영화는 안봤지만 흠... 예상해 봅니다.  
20170216,10,이병헌의 감성 드라마ㅋㅋㅋ 이런 연기로 돌아와주다니 좋아용  
20170216,6,믿고보는 배우들사이 안소희찌끄리기  
20170216,9,안소희때문에 거르고 싶지만 이병헌때문에 보고싶다  
20170216,10,가슴을 울리는 영화가 될것 같다는 기대감...  
20170216,10,이병헌이 주연. 뭐가 더 말이 필요한가? 묻지도 따지지도 않고 영화관으로 직행임. 달콤한인생 때부터 팬임. 내 인생배우 이병헌..  
20170216,1,예고편 봤는데 재미 없을듯 하네요.  
20170216,10,"와, 안소희 연기 참 기대된다. 부산행에서 그 소름돋던 연기 실력 잊혀지지가 않는데ㅋㅋ  "
20170216,5,다 된밥에 소희뿌리기가 될 것인가아님 소희 인생작이 될 것인가응원합니다  
20170216,10,배우 공효진의 작품보는 안목에 대한 기대감!  
20170216,5,다 된 밥에 소희뿌리기 ㅋㅋㅋ 부산행 봤으면 알거다 ^^  
20170216,10,믿보배 이병헌만 기다린다  
20170216,10,믿고 보는 배우들 밖에 없네ㄷㄷㄷ 다음주엔 이거나 봐야겠다  
20170216,10,신선한 조합이다 이병헌과 공효진이라니... !  
20170216,10,진짜 이병헌은 영화 미친듯이 찍는구나 .. 고맙게 ㅋㅋ  
20170216,5,만두 소희 때문에 보기 싫어진다.. 부산행에서도 소희가 제일 거슬렸음..  
20170215,2,안소희 연기못하는데 그만좀 나와라 진짜... 공효진 때매 그나마 2점준다.  
20170215,10,"영화 보고 나면, 잊고 있던 감정들이 폭발한다..  "
20170215,10,우리 병헌찡영화는 다봐야해  
20170214,10,이병헌은 국보급이다..  
20170214,10,우리 세젤예 소희 보러가요^^  
20170214,9,이병헌 연기  하나는 단언컨데  대한민국 최고다  
20170213,10,"이병헌은 나쁜남자인지는 몰라도, 그걸 길게 가져가지 않을뿐더러.. 그 위기관리와 처신은 배울만하다.  "
20170213,10,역시 갓병헌 캬..ㅎㅎㅎ  
20170212,8,싱글라이더... 비욘세 나오나요??  
20170212,5,하 안소희는 왜또겨나오냐ㅡㅡ 딱돈주고보기싫어지네  
20170212,4,배역에 충실하기위해 바이얼린을 연습해서 연주씬을 잘해야지  준비도 안하고 그냥연기하니 이병헌이  감정몰입먼기를하는데 도음이 안되지.출연료는 그냥주나  준비철저히 하라고 주는부분도  있는거지 배역에 맞는 준비성도 배우가 갖추어야할 덕목중에 하나인듯  
20170212,10,조합이 신선하다 소희도 기대되고  
20170212,10,지금 영화소개하는거 보는데 설마 이병헌 귀신인거냐? 그런거면 좀 실망인데?  
20170212,7,설마 이병헌이 죽은겨? 식스센스인겨?  
20170212,10,일단 공효진 이병헌이 나온다니 믿고 기다리고 있습니다 그리고 주연배우들이 노개런티로 나왔다는 얘기가 있어 더 궁금해지네요  
20170211,9,이병헌 출현하니까 닥치구 관람!!!  
20170210,10,싱글라이더 감성스틸영상 음악 감동적이네요...  
20170210,10,이병헌은 죽어서 영혼인 상태로 공효진을 찾아갔고 소희는 이병헌이 미련없이 이승을 떠나도록 도와주는 천사역할이 아닐까요? 반전이 있다길래 소설 함 써봤어요..기대됩니다..  
20170210,8,"이병헌 때문에 8점 줌.믿고 보는 이병헌 맞고, 공효진도 작품 선정 잘하니까...근데 둘은 좀 안어울리잖나? 공효진 옛날에 우는 연기 괜찮네 했더니 드라마 마다 쓸대 없이 우는 연기에, 들이대는 연기는 반감을 삼.아무리 봐도 못생겨서 진심 싫다.  "
20170209,10,이병헌 영화들  다 명작이다. 그는 연기자로서 최고다  
20170208,10,갓병헌 영화는 안보고도 10점이아  
20170208,10,이병헌 연기는 여기서도 대박일듯 ㄷㄷㄷ  
20170208,10,예고편 보고 기대됨  이런 장르 오랜만인듯  
20170207,10,미씽 보고 공효진 완전 믿보배됨 이런 여백 같은 영화 너무 잘 어울리는듯 ㅠㅠ  
20170207,10,공효진x이병헌이라니... 캐스팅만 봐도 보고싶다!!  
20170207,10,이병헌이면 믿고 봐야지 ㅎㅎ  
20170207,8,이영화뭐지 소리소문 없네.. 이병헌 요즘 영화 많이 찍네..  
20170207,1,아니 안소희가 왜나오는거여 노래도못하고 연기도 쓰레긴데  
20170206,8,"개인적으로 강아지고양이를 너무좋아해서,,강아지 나오는영화는 다보는데,,포스터에 강아지도 나오네,,존윅 처럼,,  "
20170206,10,"기러기아빠 관객들은 영화보다가 몇몇장면에 감정이입해서, 관람도중에 멘탈이 무너지지 않을까(!)도 싶네요ㅋㅋㅠ 그래도 좋은 시나리오와 좋은 배우들 믿고, 관람할 용기를 내보렵니다ㅎ  "
20170205,2,홍진호가 나올것만 같은 영화  
20170205,10,한국영화가 아니라 유럽영화같은 느낌...? 기대합니다  
20170205,10,아 존나 기대된다..마인부우짱  
20170204,10,대충 스토리만 보면 이병헌의 연기가 폭발할영화네.. 개꿀일듯  
20170204,1,소희의 예고편 첫 마디.. ' 도와주세요 아저씨!' 를 듣는 순간.... 아무리 이병헌이 나와도 스킵해야 하나 싶었음.... 저 장면도 수십번 찍고나서 그 중 제일 나은걸 초이스 한거라 생각하니.. 더 끔찍하다.... 소희야 연기는 그만 하자 진짜..  
20170203,10,이병헌 공효진 탑배우 둘만으로 충준하다 안소젖소는  연기좆 못하는데  부산행에서도 공유영화 망작만들고  아...  안소젖소 쟤 왜저러냐 ... ㅉㅉㅉ  
20170202,10,미씽에서 보았던 공효진씨와 비슷하면서도 다른모습일거 같아서 너무나 기대되네요! 원래 소희양 팬이라서 무조건 볼거였지만 내용이랑 이병헌씨와 공블리의 만남으로 어떤 감성이 이루어질까 너무나 기대되요ㅠㅠ  
20170202,10,믿보배라는 말을 언제쓰나 했더니 지금 쓰면 되겠군  
20170202,10,이병헌 영화는 무조건 기대! 공블리도 기대되용 ㅎㅎ  
20170202,10,믿고보는 이병헌.. . 포스터에서도 감정이 느껴진다..  
20170202,10,역시 기대된다.공효진  
20170202,1,내가 이변헌이나 공효진이라면  소희 서브주연으로 캐스팅되는거 알았더라면 이 영화 안했다.아이유라면 내가 어떻게 이해는 해보겠는데...  
20170202,1,알바 진짜 많네.. 안소희 연기 으앙쥬금 수준인데..뭐가 기대된다는거야..이병헌이랑 공효진은 글타쳐..안소희 기대된다 좋다 난리치는 것들은.. ㅡ.ㅡ넘 대놓고 알바티 내는거 아니냐  
20170202,10,줄거리 보니까 흥미로워 보이던데 과연 어떤식으로 풀어내갈지 궁금하다  
20170202,10,워너브라더스의 두번째 한국영화ㅋㅋㅋ 기대를 안할수가 없네  
20170202,10,이병헌이라는 이름만 들어도 기대감은 상승 거기다가 공효진이라니 영화관 이유 충분하네  
20170202,10,이병헌의 감성 자극하는 연기 빨리 보고싶어요  
20170202,7,미슐랭 별세개짜리 이병헌  공효진 파스타에 안소희라는 국간장을 부었구나 얼마나 부었는지 보면 알겠지 다된밥에 소희뿌리기  
20170201,9,공효진 요즘 연기 물올랐던데 이번 영화도 기대된다  
20170201,10,"이병헌,공효진 주연이래서 어떤 장르일지 궁금했는데 색다른 느낌인데요? 개봉일 기다려보겠습니다.  "
20170201,10,올 한해도 이병헌 활동 기대해봅니다  
20170201,10,흥미진진해 보이네요ㅋ  
20170201,10,예고편만으로도 벌써 연기력에 압도 당한듯합니다!! 너무 기대돼요~!!  
20170201,6,괜찮을것 같다 싶었는데 ㅋㅋㅋ갑자기 소희 뭐지 ㅎ  
20170201,10,와 배우들 진짜 기대된다..  
20170201,10,이병헌과 공효진 조합이라니 ...!! 이번엔 또 어떤 연기를 보여줄지 기대가 되네요ㅎㅎ  
20170201,6,아직 안봤지만 소희연기력이 궁금하네요...흐름에 방해되는건아니겠죠  
20170201,10,싱글라이더 이건 꼭 보고싶어요 국내에서 보기힘든 작품이죠 너무 기대됩니다!  
20170131,10,액션 멜로 스릴러 그리고 휴먼 드라마 장르까지 섭렵한 연기 마스터 이병헌!!! 이번 싱글라이더로 또 한번 드라마틱한 연기변신이 기대된다  
20170131,10,"간만에 영화관 갈 이유가 생겼네요 :)이병헌, 공효진이라니 ?? 넘나 기대됨  "
20170131,10,공효진 화이팅!!^^  
20170131,10,스토리도 흥미진진하고 어떻게 풀어낼지 벌써부터 궁금합니다  
20170131,9,"이병헌과 공효진, 그리고 워너브라더스의 두번쨰 한국영화라는 점에서 끌린다  "
20170131,10,와 존잼이게따 ㅋㅋㅋㅋ  
20170131,10,이병헌이라는 이름만으로도 완벽한 영화  
20170131,10,깔게 없는 영화 ㄷㄷ..  
20170131,10,연기파 배우들이라 벌써부터 기대되네요!  
20170129,10,2월을 빛낼 웰메이드 한국영화~ 압도적 배우의 조함까지!! 기대 증록 중~ 2월22일을 신속히 맞이하고픕니다!! 설레여욧!!  
20170129,9,이병헌 공효진 대박 기대네요. 단 소희는 가장 큰 리스크네요.. 동호수준의 연기력인데.. 잘되길 바랍니다.  
20170128,1,너무 뻔한영화입니다. 이병헌믿고 봤는데 생각보다 재미가없네요. 이병헌의 최악의 선택입니다.  
20170128,5,다된 밥에 소희뿌리기 OOO  
20170126,10,연기하면 이병헌 ! 완전 기대되요~~  
20170125,10,아주아주 재밌을 것이고 완전 기대됀다  
20170125,10,최근 본 이병헌의 역할들과는 사뭇 다른 느낌이라 더 기대된다  
20170124,10,이병헌X공효진 색다른 조합. 기대된다  
20170124,10,과현 이병헌은 재훈이라는 역을 어떻게 표현할지.. 궁금하네요  
20170124,10,기대됩니다~!! 간만에 볼만한 영화나오느낌ㅎㅎ  
20170124,10,공효진이니까 당연히 보지~!  
20170124,10,기대되용 빨리개봉했으면좋겠어요  
20170124,10,이병헌 연기가 기대되네요~ 공효진이랑 어떤 느낌일까 궁금해요!!!  
20170124,10,이병헌 공효진 의외의 조합이 정말 기대된다!! 예고편보니 더더더더욱  
20170123,10,사람 기대하게 만드네!!  
20170123,1,1점도 아깝당 이병헌 제발 나오지.말기를 보기도 싫다  
20170123,8,기대된다ㅋ 근데 예고보니까 이병헌 자살하고 귀신으로 떠돌아다니는거아님?  
20170122,10,셋다 좋아하는 배우들이라 너무 기대되요~~ 안소희 배우 항상 응원할게요~~  
20170122,10,폴아웃4  표지 생각나네..  
20170122,10,병사마 일 터지더시 작품에만 몰두 하나봐요 다작화이팅!!!  
20170122,10,기대되요><!! 꼭 보러가구싶음~!!ㅎㅎ  
20170122,10,공효진이 하는 작품 싹 다봤는데 남주가 이병헌이니 기대가 많이 되네요  
20170122,9,배우 이병헌으로만 보겠습니다. 기대됩니다.  
20170122,1,공효진 같은 퇴물 여배우좀 그만 캐스팅해라! 평범한 여배우들 캐스팅해서 일반인 여성들 신데렐라 판타지 심어주는 속보이는 캐스팅은 이제 그만해라!!! 남자는 관객도 아니냐?? 김고은은 어리기라도 하지... 공효진 같은 40살 먹은 퇴물은 진짜 늘어진다!  
20170122,1,"믿고보는 갓병헌, 딱 문방구아줌마 역할인데 왜자꾸 주연인지 모르겠는 공효진, 믿고거르는 안소희. 이상한 조합  "
20170122,10,예고편만 봐도 기대가 되네요. 개봉일만 기다려요  
20170121,1,"다된 병헌,효진에 소희 라니  "
20170121,1,다된 병헌에 소희라니...  
20170119,5,믿고보는 이병헌...?저는 보고싶은 영화여도이병헌 배우 나온다고 하면 안봅니다.정말 기대되고 궁금한 작품인데...이병헌 배우 나온다고 하니 결국 안보겠네요.  
20170118,10,소희 빨리 보고싶다...  
20170118,10,개인적으로 병헌이형 팬이기도 하지만 이런 부류의 영화 너무 기대된다  
20170117,10,이병헌 공효진 연기 넘 기대되네요~ 얼른 보고 싶습니다  
20170117,1,"아진짜, 영화 집중도 다떨어트리는 요소 하나만 빼면 진짜 너무너무 보고싶은데 예고편보면서 이 영화룰 못 본다눈 사실에 너무 스트레스 받는다  "
20170117,10,"이런영화 너무 좋아요ㅜㅜ 그리고 완전 기대됩니당!이병헌,공효진은 말할것도없고...소희까지ㅜㅜ더 기대되고 빨리 보고싶어요!  "
20170116,1,이병헌과 공효진 조합까진 좋은데 안소희는? ... 안타깝다  부산행에서 심각성을 재대로 봤는데..  
20170116,10,포스터 분위기 완전 내취향... 이병헌 연기 하나는 믿고 본다  
20170116,10,믿고보는이병헌눈물연기에 걍믿고보는공효진까지 안볼이유가음슴  
20170116,10,"예고편 분위기가 너무 좋다ㅠㅠㅠ 이병헌, 공효진 연기 완전 기대중!  "
20170116,9,여배우들의 케미는 기대되지만 이병헌.. 연기는 잘하나 그 밖의 인성 관련 문제들이 신경이 쓰이는 건 어쩔 수 없죠 지켜보는 눈이 많다는 거 명심하시고 본인 관리 잘하시길 이런 사람이 무슨 연기야 하는 말 나오지 않게  
20170116,2,안소희 누가 넣었냐 진짜 그리고 알바나 혹은 관계자들아 이병헌이나 공효진에 안소희 묶어서 기대된다고 물타기 좀 하지마;;  
20170115,1,개봉도 전에 왠 댓글알바들이 이리 설치냐 믿고보는 ~~~  이런 댓글만 수십개네 댓글알바할려면 티좀 안나게하던가 ㅉㅉ  
20170114,10,공효진씨가 나온다니 기대되네요  
20170113,10,다 된 영화에 안소희 뿌리기 ㅇㅇ  
20170113,10,너무 기대되는 영화!!!  
20170113,9,안소희 연기가 많이 늘었기를 바랍니다..  
20170111,9,이병헌과 공효진이 차린 진수성찬에 소희가 재를 뿌릴지 아니면 조용히 같이 식사를 할지 궁금하네요~  
20170111,10,간만에 보는 이병헌의 드라마연기~기대할께요  
20170111,10,소희왜자꾸나와...  
20170111,7,공효진 이병헌에 소희 끼얹기...  
20170111,10,예고보니까 2017년 청룡 남우주연상 또 이병헌일듯  
20170111,10,기다리고 기다리던 이병헌의 감성연기다ㅠㅠㅠ 얼른 보고싶다구!  
20170110,8,정말 미친듯이 나오는구나  
20170110,10,잠깐..배급사가..워너브라더스?...오매...  
20170110,10,하....부산행에서 정말 몰입안됐던 부분이 소희 연기였는데... 이번엔 어떨지;;  
20170110,1,빔벤더스 파리텍사스 아류냄새 솔솔  
20170110,10,믿보배 공블리 이병헌 기대된다 꼭봐야지  
20170110,10,공효진언니 많이 기대하고있어요!  
20170110,10,공효진이라니ㅠㅠㅠ 얼른 보고싶네요~~ 기대되는 영화입니다.  
20170110,5,뭐야...다된 영화에 안소희뿌리기구만 다들 알바이신가...  
20170110,5,이주영감독님 오랫만입니다....허나....소희는 좀 아니셨음...ㅎㅎ  
20170110,10,이병헌이 진지한 연기를 하는건 정말 오랜만이라 기대되네여  
20170110,8,원더걸스 소희생각하고 얼굴빨고 우쭈쭈해대는팬들아 양심이 있어라. 부산행보고도 그딴소리가나오는지? 몰입깨는1등공신인데? 연기자 안소희가 성장하길바란다면 지적할건해야한다.발음도줄줄새는애한테 무슨 이병헌.공효진에 껴넣는지...  
20170109,8,음소희??부산행때 대박이였는뎈ㅋㅋ공효진때문에봐야지  
20170109,8,믿고 보는 이병헌.공효진의 조합...무척 기대되는 저예산영화와 탑배우캐스팅..뭔가 있을듯 하네요^^  
20170109,10,다 된 영화에 소희 뿌리기  
20170109,7,안소희 안투라지 나와서 연기한거 못보고 캐스팅한건가? 심각하게 연기구멍있는데 영화장르도 드라마이고 위험한거아닌가?  
20170109,5,이병헌 과거작- 번지점프를 하다 // 현재작- 번지점프중에 하다  
20170109,8,"다 좋다. 장르도 스토리도 기대된다. 근데 이 별점은 오직 공효진, 안소희 등 다른 배우들을 응원하기 위해서이지 내 가정 두고 다른 여자한테 추근덕대는 어떤 남자 배우를 위해서가 아니다. 연기력을 핑계로 유독 그에게만 관대한 이런 이중잣대, 질린다.  "
20170109,9,"현재 말 많은 이병헌씨가 아닌 "" 번지 점프를 하다 ""를 찍을 당시 순수한 이병헌씨가 보이네요^^~  순간 가슴 찌릿했어요. 기대됩니다!!꼭 보고 싶은 영화예요. 공효진씨와의 연기호흡도 기대되구요...  "
20170109,8,"우왕~~ 공블리와 이병헌! 너무 기대되용!^^믿고보는 배우님들!근데...안소희님은 뭐죠,,,?부산행은 정말 검색어에도 늘 떠다녔던.다된 영화에 안소희뿌리기였죠...감정이입 흐트러질까봐 우려되네요~  "
20170109,8,안소희만 않나오면 좋았을것을. .  
20170109,5,이병헌이라도 이건 못살 린다 ㅎㅎ  
20170109,10,번지점프를 하다의 그 감성을 다시 한번 보고 싶네요. 기대가 큽니다. 멋진 연기 보여주세요. 우는 모습이 인상적이네요.  
20170109,3,"다 좋은데,, 안소희는 멍미..  "
20170109,10,포스터에 나오는 강아지가 궁금해서 보려구요  파이팅!  
20170109,3,안소희 부산행에서 발연기한애?  
20170109,10,내가 좋아하는 2명의 배우와 1명의 가수가 나오네요.ㅎㅎ  
20170109,5,미씽 너무잘봤는데 이번영화도 기대되요. 남자배우만 다른 분이였어도 봤을 텐데.. 역할이 약간 불쌍한 걸로 나오는 거같아서 더 몰입안될 거같다. 이제 그만 나왔으면..이병헌도 나오는데 왜 김민희는 못나오지?  
20170109,10,이병헌 이름 석자만으로 볼만한영화.  
20170109,10,공효진 싱글라이더 기대할게요  
20170109,10,미씽 보고 공효진 팬됐어요. 이병헌은 진작부터 팬. ㅎㅎ 예고편 보니 완전 궁금하네요!  
20170109,10,효진이가쫌 아깝지만 ^^ 잘어울리겠네^^  
20170109,1,공효진은 좋은데 싼타땜에 보기싫음 그만좀 나오지 지겹게도 나오네  
20170108,5,아..안소희...ㅠ  
20170107,1,믿고 거르는 안소희..어떻게 캐스팅 된걸까?  
20170107,10,이병헌과 공효진의조합 기대됩니다 예고편만봐도 장난아님  
20170106,10,공효진 믿고봅니다! 미씽재밌게 봤어요 기대할게요  
20170106,10,"언제나 최고의 연기력, 몰입감으로 영화를 빛내주는 대단한 배우 이병헌과 드라마로 성공하고 작품성있는 영화로 자신의 필모를 영특하게 채워나가는 배우 공효진의 조합!! 기대됩니다 꼭 볼래요!!!!  "
20170104,10,이병헌 영화는 실망하지 않는다. 감성 연기 기대!  
20170104,10,공블리언니 기대되용!!!  
20170104,10,"연기력, 스타성 모두 인정받은 배우인 이병헌과 공효진의 케미 기대합니다!!  "
20170104,10,우선 배우 조합이 너무 좋네요 이병헌과 공효진이라니 정말 신선한 조합인거 같아요! 내용도 정말 기대됩니다!  
20170104,10,이병헌 공효진 조합이라!!! 재미는 보장이네  
20170104,10,이병헌의 감정연기는 일단 믿고 본다!  
20170101,5,시나리오 좋다는말은 항상 들어서...매번 어떤 영화여도 시나리오 최강이라고하는데...왜 다 막상보면 다 뻔함? 사람들을 바보 취급하네  
20161231,10,재미잏겠네여~!기대됩니다!!  
20161219,10,"이병헌 + 좋은 시나리오,ㄷ  "
20161214,10,믿고보는 이병헌과 공효진의 색다른 조합이 어떤 시너지가 나올지 벌써부터 기대되네요.  
20161212,9,믿고보는 공효진과 이병헌의 만남 . 기대가득  
20161208,10,이병헌과 공효진 조합. 솔직히 기대가 안될수 없다  
20161114,10,관련 기사를 보게되었는데 감독님 입봉작에 시나리오가 엄청 좋다고 들었어요.기대합니다.그리고 주연배우분들 노개런티로 출연하셨다던데 꼭 영화가 흥행해서 보답받았으면 좋겠네요.마음속에 남는 영화가 되길바랍니다.  
20161106,10,믿고보는배우 두명때문에 꼭 볼겁니다~~ㅎㅎ 소희는 잘 모르겠지만... 잘 어우러졌음 좋겠네요! 영화에 꼭 스크레치 안날정도로만 잘해주세요! 세 배우 모두 화이팅입니다^^  
20161003,8,부산행 보기 전까진 몰랐지.. 소희의 심각성을ㅋ 그나마 이병헌과 공블리 믿고 기대합니다  
20160929,9,이병헌은 좋은데 발연기 소희 ㅋㅋㅋㅋ 부산행 보고도 캐스팅을 하냐 ... -1  
20160927,8,소희? ㅋㅋㅋ 켁... 이병헌 아이러브인디 소희 쩝... 연기가 이상해 ㅜ 부산행보고 깜놀  
20160921,2,응? 소희가 기대된다고? 부산행보고나서 평점 다시 작성해주실래요?  
20160916,10,너무 보고싶다  이병헌 포에버♡♡♡  
20160915,10,부산행의 소희는 분명 부족했다. 이번영화에선 발전된 모습 기대하겠습니다.  
20160914,1,님들부산행소희안봄?ㅋㅋ  
20160914,9,"다된 밥에 동호 뿌리기 다된 밥에 에릭 뿌리기 를 이어서 다된 밥에 소희 뿌리기 차려논 밥상에 소희 뿌리기 등등 새로운 수식어가 탄생할듯 동호, 에릭에 이어서 역대급 발연기 시전 할거 같군...병헌 형님이 멱살 잡고 끌고가겟네ㅋㅋ소희땜에 1점 뺄게요  "
20160809,10,기대되고또기대되요요  
20160805,10,소희 언니...이 영화 개봉하면 꼭 볼게요... 사랑해요.  
20160804,1,소희는 왜자꾸 나오는지ㅋㅋ공효진때문에 보긴 봐야하는데 막막하다  
20160721,1,감독 부산행 소희 연기보고  똥줄타고있을듯 ㅋㅋㅋㅋ  
20160719,10,소희랑 공블리!! 기대돼요  
20160718,10,공블리 미씽이랑 이거 목빠지게 기다리고 있어요.믿보배 공효진 !  
20160709,10,"올인, 광해, 악마를 보았다, 내부자들, 레드의 이병헌♡ 헐리웃 배우 이병헌님^.^ 같은 남자가 봐도 최고의 연기와 아우라 짱짱형님^.^  "
20160706,1,제발 아이돌하다가 배우좀 하지마라 ... 인기가지고 연기력을 덮을려고 하지말라구  
20160623,10,연기로는 깔 쑤없다!!연기로는 깔 쑤없다!!연기로는 깔 쑤없다!!연기로는 깔 쑤없다!!연기로는 깔 쑤없다!!연기로는 깔 쑤없다!!연기로는 깔 쑤없다!!연기로는 깔 쑤없다!!연기로는 깔 쑤없다!!연기로는 깔 쑤없다!!연기로는 깔 쑤없다!!연기로는 깔 쑤  
20160617,10,이병헌과공효진 안어울리는 조합같은데 어떤모습여줄지 기대됩니다  
20160514,10,소희야 넌 오빠를 모르겟지? 오빠는 널 데뷔때부터 항상 응원하고있어 ~ 파이팅  
20160514,10,믿고 보는 배우 공효진 영화 꼭 볼게요.  
20160507,9,저희아파트 같은 라인 2층에서 촬영중입니다꺅~  딸과 이병헌씨 볼수있을까?설레며 공효진씨는 실물 더 예쁠까 하루하루 기대한답니다 개봉하면 꼭 봐야지  
20160505,5,이병헌 공효진에 소희 뿌리기 클라스 ㅋㅋㅋ풉  
20160504,10,소희가 나온다니♡♡꼭 볼거야  
20160501,10,이병헌은 멋진 역할 진짜 많이하는많이하는 듯 보통 다른 배우들은 1개에서2개인데 이병헌은 셀수가 없다 달콤한  인생 놈놈놈 악마를 보았다 내부자들 등등 거기에다 싱글라이더랑 마스터까지  캬  
20160328,10,이병헌에 공효진.. 지렸다.  
20160327,10,헐 대박... 소희야 ㅠㅠㅠㅠ  
20160326,10,공효진씨 나오는 영화라 꼭 보러가겠습니다. ^^  
20160321,10,믿고보는 이병헌 공효진에 기대되는안소희까지 꼭보겠습니다! 대박날듯하네요  
20160319,10,소희 기대되네요 배우 안소희 파이팅!  
20160318,10,꺆 공효진과 소희라니 ???  
20160317,10,"믿고보는 이병헌,공효진에 소희까지!!! 너무 좋아하는 배우들이라 완전 기대됩니다개봉하면  영화관으로 바로가야겠어여~~  "
20160317,10,배우 안소희로 좋은모습 좋은영화 많이 찍어주세요. 팬으로써 열심히 응원하겠습니다 그리고 이렇게 좋은 배우님들과 함께 할 수 있어 더욱 뜻깊네요  
20160317,10,소희 기대된다!!! 시나리오도 좋다고 하니 더 기대되네 ㅎ  
20160310,10,"이병헌이 배우로서 멋있는 이유. 상업영화만 찍지 않아서... 최고의 자리에서 안주하지 않고 항상 도전해서. 이 작품은 감독데뷰작이라는데, 그런것에 구애받지 않고 다양한 연기에 도전하는 배우 이병헌 존경합니다.  "
20160306,10,"이 영화는 반드시 천만 돌파할것으로 보여집니다. 아니 잠깐만, 마지막 2단어만 고칩시다. 반드시 천만 갈것으로 '매우' 보여진다로.  "
20160305,10,영화대박나길 바랍니다!! 화이팅!!!!  
20160305,10,작품마다 늘 각기 다른 빛깔로 감동을 안겨주는 이병헌~**  기대만땅~**  
20160223,7,신인감독이라 걱정이 되는군요~  
20160220,10,소희야이건또무슨소식이니ㅜㅜㅜ  
20160215,10,공효진씨!! 영화기대할께요~^^  
20160209,10,산타형의 연기는 진짜 10점 아니 100점감이다  
20160207,10,이병헌과 공효진의 조합이라니 대박이다이건 ㅠㅜ  
20160206,10,이산타와 공블리. 연기케미 벌써부터 기대!  
20160203,10,믿고보는 공효진 멋진연기 기대됩니다  대박!!!!  
20160203,10,믿고 보는 공효진 기대하겠습니다  
20160201,10,공효진언니 팬이에욤!! 영화 대박나길  
20160201,10,꼭 보러갈께요. 기다리고 계세여 ㅋㅋㅋㅋ 암튼 이병헌씨 나온다니까 기대도 많이되고 기다려지네요. 이병헌 화이팅~!!  
20160130,10,이병헌 당신의 연기는 매혹적이고 우물안 개구리로 남지 않기 위해 낯선 헐리우드 도전정신에 찬사를 보낸다. 파이팅~^^  
20160129,10,이병헌과 공효진의 조합이 기대됨니다~ ^♡  
20160128,10,이병헌 ㅎㅎ 기대됩니다  
20160127,10,0이래서 자기할일은 해놓고 봐야한다.  
20160126,10,이병헌은 좋은배우데 응원하시고 이 영화 꼭 보겠습니다  
