0,1,2
20170822,10,완전 기대됩니다. 수현님 화이팅^^  
20170822,10,의외인 캐스팅 수현이네 기대해보겠삼  
20170822,10,예고편 액션 장면만 봐도 황홀하다잉  
20170822,10,세계관을 처음 여는 작품 오랜만인듯?  
20170822,10,포스터만 봐도 상당한 기운이 느껴진다  
20170822,10,와 배우 클ㄹ라스 꿈잼각임  
20170822,10,이드리스 엘바랑 매튜 케미 은근 좋은데?  
20170822,10,한국배우 수현이 나온다해서 더 보고싶네  
20170822,1,제발 북미에서 망했으니까 기대하지마라  
20170822,10,"왠지 재밌을것 같다 덩케르크 이후 로튼토마토,메타크리틱 따윈 믿지 않는다  "
20170822,10,기대합니다!!!!~~  
20170822,1,캐나다에서 먼저 봤습니다 진짜 리얼급 쓰레기 입니다 원작의 위대함을 담지 못하는 영화 이 돈 아껴서 it 보세요 스티븐킹도 그걸 더 원할듯  
20170822,10,좌파커뮤니티에서 다크아워를 비롯한 다른 영화를 조직적으로 평점테러하는것이 목격되었습니다. 이것이 전라도식 민주주의고 좌파식 언론장악인 것입니까?  
20170821,10,설마 예고편이 다가 아니겠지?! 기대만땅!  
20170821,10,신세대마스크 수현이 동양인 이미지를 확 갈아엎었음하네.  해외영화속 동양인들은 왤케 토속민들만 가득했는지  
20170820,7,왜 홍보에 별 관심 없어 보일까?포스터에 배우 이름 위치를바꿔야 된다고 생각하는 사람은나 뿐인가? (づ_ど)  
20170820,2,로튼 신선도 평점이 18이라니... 어떻게 수스쿼보다 낮고 미이라랑 비빌려하지 이건 닦이 칭호 줘야 되는거 아닌가 .. 일단 믿고 걸러봅니다.  
20170818,1,외국서 봤는데 노잼임....  
20170818,10,탑닦이만 되지 말아라.  
20170817,5,아이가 나오네.. 흠... 다음주 볼 영화가 없다면 보러가고 아니면 말고  
20170817,10,진정한 명작 탄생하겠네 떨린다  
20170817,10,에고편에 명대사 벌써부터 오지기있나..?  
20170817,10,남친이 이거 책 팬이던데 개봉날 달려가기러했어요 ㅋㅋ  
20170817,10,수현언니 이번엔 여기서 큰 역할 해주세요 ..  
20170817,10,스티븐킹형의 역작 얼렁 만나보고싶습니다 ㅜㅜㅜ  
20170817,10,솔직히 다크타원데 봐야된다 재밌을거란 생각밖에안든다  
20170817,10,책으로 나오던게 영화로 나온다하면 기대를 안할수가 없더라  
20170817,10,수현님 응원할게용 파이팅 ~!  
20170817,10,예고편 몇번을 돌려보는중.. 진짜 기대 된다  
20170817,10,매튜님이 나오신다 어떻게 안봐 ㅠㅠ개봉날 빨리와라..  
20170817,1,헬조센김치년은 외국영화에좀나오지마라 ㅡㅡ;  
20170817,8,다행히 빨리 개봉하네..   기대된다.  
20170816,1,로튼 18퍼 평점 4.1 메타크리틱 35점 보지말자..  
20170816,10,아니 롤랜드가 왜 흑인이야 ㅅㅂ  
20170814,9,기대되는 영화입니다.  
20170814,10,"건슬링어는 희망의 탑 ""다크타워"" 수호를 준비하고 있습니다.  "
20170813,10,이번달 기대작중 하나 :) 보고싶어요  
20170813,10,최고일거 같다!!! 액션 오타쿠들 모이라  
20170813,10,역작이 영화로 나오는 순간 개봉사수하겠습니다  
20170813,10,액션인데 예고만 봐도 볼만한데 이거 대작임?  
20170813,10,흥미진진 액션물 :) 스토리 충실 액션은 언제나 진리  
20170813,10,양손 총들고 두가지 세상이라.. 시리즈 기대감 증폭  
20170813,10,두배우 이름값은 할듯 ㅎ 은근 기대작  
20170813,10,스티븐형 소설 원작!! 영화화 솨리질러!!  
20170813,10,어려움을 뚫고 이 대작을 완성한 스티븐 킹에게 박수와 기대를!!  
20170812,5,흑인이 주인공이라 ㅋㅋㅋ 다크타워임 ㅋㅋㅋ흑인탑 ㅋㅋㅋㅋ  
20170812,7,해외에서 직접보고 왔어용 결말이 조금허무하게 끝나는감이 크네요..  
20170812,1,로튼토마토 10퍼센트대로 개박살이 났네... 기대했었는데 이렇게 망해버리네  
20170811,10,소설의 세기말적 판타지를 잘살려낼수 있을려나. 서부극과 sf의 묘한결합을 잘살릴수 있을지.  
20170811,10,드디어 개봉한다!!책도 꼭 보세요 진짜 재밌음.  
20170811,10,이여어어어어얼~~ 수현씨~멋있습니다.  
20170810,10,"아니,할배...그  강한,예거는 어쩌시고,딸랑 총 두자루만 차고,돌격을?  "
20170809,10,다 차려진 밥상에 먹기만 하면 되넹 ㅋㅋ 완죵 기대  
20170809,10,스티븐 킹의 원작을  볼수 있다는 것만해도  필관람  
20170809,10,예고편 몰입도 좋은데요??  이런거 취저  
20170809,10,개봉한다 솨리 질러~!!  
20170809,10,헐.. 잼나것네 ~ 책시리즈라하니 보고 잼나면 책구매 ㄱㄱ  
20170809,10,왠지 모르게 다크타워 이영화는 정말 기대된다!!!  
20170809,10,강렬한 인상을 남겨줄 수현배우로 남기를 바라며 보러가겠숩니다  
20170809,10,독보적인 카리스마 .. 배우들의 연기또한 기대기대  
20170809,10,이렇게 영화로 나와주다니 대단하다 배우들도 다 좋네  
20170809,10,매튜나오면 봐야댐 ㅎㅎ 수현도 나오고 쩌는듯?  
20170809,10,엄청 흥행할삘이다 스케일도 쩔거같음  
20170809,10,시원한 판타지 영화일거라 기대해봐요  
20170809,10,이게 영화로 나오면 좋겠단생각이 현실로..  
20170809,10,기다리고 기다리던 다크타워영화 !!! 젤먼저 보러가야지  
20170809,10,다크타워 기대만발의 영화중 하나당  
20170809,10,수현배우 홍보하던데.. 어떤매력으로 사로잡을지 정말 궁금하고 기대됩니당  
20170809,10,진짜 완전 내스타일의 소설ㅠㅠ 기대된다 증말  
20170809,10,이런 액션 블록버스터는 또 느낌이 다르겠지 빨리 보고싶돠  
20170809,10,명품배우들과 막강한 판타지 조합이라.. 끝내줄듯 ~  
20170809,10,스토리도 중요하겟지만 일단 배우들 믿고보겠음 ㅎㅎ  
20170809,10,매튜 악역이지만 잘생겻어 멋있을듯..꺄륵  
20170809,10,포스터만 봐도 상당한 판타지 기운이 느껴집니다  
20170809,10,엄청난 신선함을 자극해주길 바래본다  
20170809,10,전부터 계속 보고싶어했는데 드디어 곧 개봉이다ㅠㅠ  
20170809,10,수현언니 팬으로써 영화에서 진짜 빛내줬음좋겠다  
20170809,10,맘먹고 영화만든것같은데 나 너무 기대된다 ㅎ  
20170809,10,와 이게 영화로 나오다니 상상도못함 개쩜  
20170809,10,책다시읽어보고 봐야지 ~~ 개꿀잼 예상  
20170809,10,영화로 눈과 귀에 새로운 영감을 받을수 있기를 ..  
20170809,10,꼭 봐야하는영화다 잘되서 계속 영화로 봤으면 좋겠당  
20170809,10,예고편에서도 느낄 수 있다 막강한 비쥬얼  
20170809,9,진짜 완전 기대하고있는데 잘하고있는거 맞겠지 ㅎㅎㅎ  
20170809,10,개봉하면 바로 여친이랑 보러갈거임 내가 좋아하는 소설 ㅠㅠㅠ  
20170809,10,진짜 젤 기대된다ㅠㅠㅠ 이런 막대한것이 영화로 나와주다니  
20170809,9,거대한 세계관이 담긴 원작을 과연 잘풀어줄지 기대가 되네용  
20170809,9,수현배우가 얼마나 이영화에서 조합을 잘 이뤄줄지 기대해봅니다  
20170809,10,원작의 영화화에 탄탄한 배우들까지 굿 바로 보러가야지  
20170809,10,최고의 역작이라니 이번에 개봉예정영화중 젤 기대된다  
20170809,10,스티븐 킹이면 말할것도 없이 보러가야제  
20170809,10,액션하며 스릴하며 긴장감도 장난아닐것으로 본다  
20170809,10,진짜 개인적으로 잘나와서 흥했으면 좋겠다 다음시리즈도 영화로 계속보게..  
20170809,10,원작이있어서 영화로는 안봐도 이미 내기대로 가득 차있다  
20170809,10,스티븐킹의 판타지 영환데 3d나 4d로 봐줘야지  
20170809,10,예고편에서 총겨누는 장면만 봐도 가슴이 찌릿하다잉  
20170809,9,수현이 이번엔 주연급로 나오게 되어서 기쁩니다 ㅎㅎ  
20170809,10,할리웃 대작에서 수현배우를 볼수있다니 기대가 이만저만이 아니다  
20170809,10,내사랑 매튜씨 어떻게 악역으로 선보일깡 ..  
20170809,10,너무 기대하면 안되는데 기대를 완전 해버릴수밖애 없다 이거슨  
20170809,8,오 헤임달형님 출세하셔서 주연영화도 찍구  
20170809,9,대박 내가 좋아하는 스티븐킹의 판타지 영화여 꼭보고말테다  
20170809,10,매튜 악역도 멋있을듯.. 얼른 보고싶더ㅜㅜㅜ  
20170809,10,예고편만봐도 심장이 빠운쓰빠운쓰 거려 캬캬  
20170809,10,매튜랑 수현님 때문에 본다 ㅎㅎㅎ 재밌을거란 생각밖에 안든다  
20170809,10,스티븐 킹 원작이라 기대되고 한국여배우 수현도 나오니 2배 기대중  
20170809,9,메튜 맥커너히가 나오는데 닥치고 봐야하무니다  
20170809,10,지금까지 이렇게 기대되는 외국영화중에는 이영화가 1위다 ~  
20170809,10,아는사람은 다아는 스티븐킹의 역작 정말 기대됩니다 ^^  
20170809,10,그냥 싸우는게 아닌 무언가의 메시지가 담긴 전투랄까 빨 보고싶다ㅠㅠ  
20170809,9,예고편만 봤는대도 명대사 다나오고 심장쫄깃해짐  
20170809,10,나는 총으로 죽이지않는다 심장으로 죽인다. 캬 ~~  
20170809,9,스틸컷 몇 개만 봐도 굉장히 분위기있어서 설렌다  
20170809,9,배우들도 다 연기로 인정받은배우들이라 안심하고 봐도되겠당  
20170809,10,서부판타지소설을 영화로 보다니 완전 기대중 !!  
20170809,10,스티븐 킹 작가의 작품인데 이건 절대 빼놓수없음  
20170809,8,어벤져스에 출연했던 수현배우가 주연급으로 나온다니 우왕..  
20170809,10,한국배우 수현님 ㅠㅠ자랑스럽다 꼭봐야지  
20170809,9,스토리뿐만아니라 스티븐킹의 단서도 찾아내는 재미가 있다니 연출도 탄탄할듯  
20170809,10,33년이란 시간을 들인 다크타워 시리즈가 영화로 잘 나와줄지 기대된다  
20170809,9,이거 예고편만봐도 스트레스 풀리는 느낌임 꼭본다  
20170809,10,스티븐킹의 필생의 역작이 스크린으로 돌아오다니 .. 안볼수가없다 ㅠ  
20170808,10,완전 기대되는 영화 입니다  
20170807,10,수현언니ㅠ기대중!!도시미인 쨩  
20170807,10,매튜 맥커너히 영화는 닥본사해야죠예고편도 잘빠졌던데 얼릉 개봉해라 ㄷㄷ  
20170807,10,원작도 재밌게 봤던지라기대하고 있슴다! ㅋㅋㅋ  
20170807,10,전부터 개봉 기다렸던 영화... 매튜 맥커너히 연기 변신 기대됨~!  
20170807,10,스티븐킹 원작이라 기대했는데 수현도 나오네요! 오 기대됨  
20170807,10,보고싶어요 매튜 맥커너히 악역이 기대됩니다  
20170806,6,자막없이 봐서 유치했던걸까 아님 그냥 유치한걸까  
20170803,1,다크타워: 희망의 탑다크타워: 희망의 탑다크타워: 희망의 탑  
20170803,10,아니~!! 포스터 왼쪽에 있는 저 분은 내 인생 탑3  영화 인터스텔라에 나온 분 아닌가?!!! 이건 닥치고 봐야한다~  
20170802,1,킹의 소설은 이제 더이상 오리지넬러티가 없다  
20170802,10,다크 타워는 미국 공포 소설가 스티븐 킹의 소설을 원작으로 하고 있습니다. 그런데 초딩 방학용 영화라뇨 ㅋㅋ  
20170731,8,은근 기대 되네! (빌어먹을 10제 제한 ㅡㅡ;;)  
20170727,8,해임달????ㅋㅋㅋ  
20170727,10,닥@쳐 이건 그냥 봐야하니까. 우리 흑형 목소리 듣는 순간 신용카드를 꺼내버려따...  
20170726,1,딱봐도 초딩 방학용 영화네 ㅋㅋㅋ  
20170723,8,다크타워면 다크 타워지 무슨 희망의 탑이야 OO  
20170721,10,맥커너히 나오면 무조건본다  
20170721,1,개봉과 동시에 IPTV행 예상합니다  
20170721,8,수현이 글로벌 클라스랰ㅋㅋㅋ풉 이드리스 엘바랑 매튜 맥커너히한테 하는 말이면 몰라 ㅋㅋㅋ 수현ㅋㅋ  
20170720,10,예고편보니 기대된다. 다만 번역한게 거슬릴뿐.  
20170717,6,딱봐도 유청소년 겨냥 여름방학용 영화네  
20170717,10,"이런 영화는 봐주시는 센스~ 매튜 매커너히, 우리 나라 배우 수현 마블에서 검증된 글로벌 클라수.... 너무 기대됩니다.  "
20170714,10,드디어 8월에 개봉하는 군요.  개봉하길 기다렸어요. 정키 XL이 음악을 맡았거든요!  
20170711,9,흑인 맥크리 6인궁 실화냐?  
20170704,3,국뽕 수현드립 다 비공 ㅅㄱ  
20170701,8,다좋은데 매튜맥커너히가 롤랜드가 아니란건 머임? 아...캐스팅 먼데  
20161221,5,잭키 얼 헤일리 이분은 좋은 연기력을 두고 왜 매번 조연으로만 나오시지  
20161122,6,롤랜드가 흑인? 애초에 킹이 모델로 했던게 무법자 시리즈 클린트 이스트우드인걸로 아는데 . 어째든 이게 흥행해야 한국에서도  책 완결 내줄듯 ㅋㅋ  
20161028,10,캬 내가 좋아하는 배우들이 캐스팅됐구마잉 이드리스 엘바 매튜 잭키  
20161010,10,영화나오면 전부다 번역해줄란가 무슨번역이 한권에2년씩걸리나  
20160801,10,제발 책좀 빨리나와주면 좋겠습니다. 이제 영화도 나오는데 흥행해서 더욱더 빨리 책이 나와주면좋겠습니다..  
20160726,10,그날을 기다린다. 나의 인생책.  
20160723,1,이렇게 한국사람 하나씩 넣어 한국에 엄첨난 광고 효과를가지고옴...이런영화는 잼있을리가없음..그냥 그런영화..  
20160717,10,영화 기대됩니다!!  내년 2월 빨리 와라  
20160715,6,저는 별로였어요. 수현 연기력도 그다지 뛰어난 줄 모르겠더라구여.  
20160715,10,다른 주연 배우의 등장과 제목부터가 벌써 마음에 드네요~  
20160715,10,수현배우님 언제나 응원합니다  
20160715,10,김수현님이 출현한다고 하니 기대됩니다!  
20160715,8,매튜 때문에 기대된다. 수현도 파이팅~~~  
20160715,10,"수현 씨 파이팅. 축하해요. 항상 응원합니다~ 영화도 못봤는데 평점 10점으로 남겨서 미안해요 네티즌 여러분~ 결과에 연연하지 마시고, 최선의 노력으로 좋은 인상, 좋은 결과 남기시길 바랍니다. 수현씨~~~  "
20160715,9,책은 그렇게 재밌진않았는데 매튜랑 한국배우 소현님이 나온다길래 기대해봅니다.  
20160715,1,기대안되네요 흥칫뿡!!  
20160715,10,수현님 또 해외영화 찍네 화이팅~~~~!!  
20160715,10,메튜고 뭐고간에 스티븐킹의 역작 다크 타워를 어떻게 표현해 낼지 궁금. 소설은 정말 최고의 소설  
20160610,10,매튜 쪽 ㅠ3ㅠ 기대해요  
20160528,10,잘나와줬으면 좋겠다 몇년을 기다렸는데 ㅠㅠ  
20160515,10,매튜매커너히 !!!!  
20160508,9,수현 누님나온답니다 10자  
20160331,10,옛날에 정말 재밌게 봤던 책 시리즈라 기대됩니다ㅜㅠㅜ  
20160321,1,책이 정말 재미없고 완전 실망이어서 영화도 별로라고 생각됩니다.  
20160318,9,다크타워의 팬으로서 영화화되는건 좋은데 매튜맥커니히가 롤랜드가 아닌건 완전 미스아닌가?? ㅋㅋ  
