0,1,2
20170425,5,초반에 너무좋았습니다근데 1명죽을때 까지요...두번째는 좀 억지감이...ㅎ어찌 대선때 맞춰서 나왔는지는모르지만~선거랑 상관없이 재미지더라고요~조금 뻔뻔한건 문재인씨 생각도 나고했습니다^^  
20170425,9,잼있어요~!! 블랙코미디같은 부분도 많고 배우연기 좋아요  
20170425,10,최민식의 이정도 공약에 연설이면 최민식을 국회로  
20170425,10,명품배우들의 정치공세가 리얼하고 볼만하네요  
20170425,10,다들 연기 캐미 훌륭합니다 특히 미란언니는 완죤 귀여워요  
20170425,9,또 보고싶을정도로 나름 재미지게 잘봤습니다  
20170425,8,최민식 vs 곽도원 악역대결  
20170425,9,실화같은 영화라서 리얼하게 잘봤습니다  
20170425,9,시사회에서 미리봐서 꿀잼  
20170425,10,선거전 의미심장하게 보라고 나온듯 ㅎ  
20170425,9,생각보다 흥미진진한 내용들~~  
20170425,9,예상안되는 전개에 몰입나쁘지 않았습니다  
20170425,10,역시나 최민식만으로도 볼가치는 충분  
20170425,10,정치비판이야기 다룬 영화중 리얼소개라서 가장 현실감 있는거 같다  
20170425,6,이런 스타일의 영화는 내부자들이 가장 최고라고 본다  
20170425,10,흥행보증수표 최민식 역대급 연기 좋아요  
20170425,9,실감나는 정치이야기 신선한 소재로 배우들이 연기가 돋보였네요  
20170425,9,정치판이 지금 바뀌길 간절히 바라면서 부담없이 관람했네요  
20170425,8,더킹이 이런 이야기이길 바랬는데 더킹때문에 이런 소재 관심 떨어졌지만 조금기대  
20170425,9,마지막은 진심 올드보이 생각나더라 ㅎㅎㅎ  
20170425,9,연출 스토리가 식상하지 않아서 좋았던것  
20170425,10,난 잼나게 봤고 특히 라미란이 빵터짐  
20170425,10,현실적으로 담아서 담백하고 볼만해요  
20170425,9,기대안하고 봤는데 좋았어요  
20170425,9,깨알 조연들 많이 나오고 연기는 정말 누가모래도 일품  
20170425,10,나에겐 의미있는 특별한 시민영화 굿  
20170425,10,배우들이 무대나와서 이야기풀어주니 좀더 잼있게 여운이 남는거 같아서 좋았어요  
20170425,10,최민식 연기 기대된다...  
20170425,10,최민식연기는 정말 일품이고 믿고보는 국민배우  
20170425,8,투표전에 함 봐줘야하는거 아님??  
20170425,10,곽도원연기할때 몰입자동으로 되넹 ㅋㅋㅋ  
20170425,9,우리의 생각을 일깨워주는 사이다같은 영화  
20170425,10,현 시국에 딱 들어맞는 시기에 타이밍 좋네요 ㅎ  
20170425,10,우리가 지금껏 본적없는 선거판 소재 신선하다  
20170425,10,연기력 보는거 좋아하는 덕후들 닥추!  
20170425,9,변종구만의 캐릭터만 봐도 큰재미짐  
20170425,10,국민들에게 투표의 중요성을 인식시켜주는 메세지  
20170425,10,유세 장면들이 아주 현실감 있는게 강약조절이 잘 되있는 영화  
20170425,10,이영화가 말해주는 이야기의 설득력이 투표를 독려할듯  
20170425,10,캐릭터간의 신경전이 제일 볼만하고 곽도원연기 지림  
20170425,9,현실과 너무 닮은 영화라서 암담하네요~  
20170425,5,개졸작일가능성이 농후한 영화  직관적으로 이영화에서 아수라의 냄새가난다..  
20170425,10,곽도원의 악역은 영화마다 신기할정도로 잘어울리는데??  
20170425,10,영화 하루이틀 봅니까 최민식나오면 믿고보는거지  
20170425,1,될대로 되라는 식의 영화인건가..  
20170425,1,이런 내용 인제 지겨운데. 뭐 색다른 영화 없냐?  
20170425,10,대선전이라 그런지 더 기대되네요...ㅎ  
20170425,1,이런건 아이피티비용으로 딱이지 ㅋㅋ  
20170425,1,한국영화는 느와르장르만 내는것인가 ...  
20170425,9,투표하기 전에 반드시 봐야할 영화. 비현실적으로 보이지만 모든 것이 현실 정치판에 존재할 것 같다. 강추  
20170425,1,담주에 가오갤2랑 보스베이비한테 박살나게 되있다  
20170425,2,별로 기대가 썩 안되는..  
20170425,1,최민식 이번에도 말아먹을 것인가?  
20170425,10,블랙코미디라고 하기에는 너무도 씁쓸하고 어두운 우리 정치의 현실 근데 아래 안티 알바들 너무 티나네  
20170425,3,배우들 연기는 좋았으나 다른부부분이 많이 부족해요  
20170425,2,기대한만큼에는 한참 못미치네요  
20170425,1,재미있어야할텐데..  
20170425,3,배우들의 연기력을 연출이 따라가지 못하는듯한 느낌  
20170425,2,심은경 뭔가 이상한데..캐스팅 에러인듯  
20170425,10,와 .. 이기홍 캐스팅은 신의 한수다.. 메이즈러너 진짜 재밌게봤는데 ㅎㅎ  
20170425,1,이런영화 너무 많이 나오는데  
20170425,10,끝없는 권력욕망이 부패한 사회를 만드는 근원.. 먼가 확 바뀌어야할거같은 시기다  
20170425,10,최민식은 마지막까지 악역이지만 멋지다  
20170425,9,어려울수 있는 이야기지만 공감가는부분 90%  
20170425,10,배우들 연기력덕에 몰입하면서 정치풍자이야기 잘 봤음요  
20170425,9,기대안하고 봤는데 최민식 연기력 후덜덜하네요  
20170425,9,시사라서 그런지 잼나게 잘보고 잘만들어 진거 같네요  
20170425,9,연기들을 겁나잘해요.. 최민식 곽도원은 최고  
20170425,10,기대한만큼 이상으로 영화가 흥행하길  
20170425,8,지금 시기에 딱 부담없이 흥미있게 볼만합니다  
20170425,10,시사회 보고 왔습니다. 즐겁고 재미나게 잘보고 왔네요. 런닝타임이 긴데도 시간가는줄 모르고 봤어요. 누구랑 봐도 무난하게 최소한 재밌게 봤다. 정도 반응은 충분히 이끌어낼만한 영화였습니다.  
20170425,10,주제거리도 궁금하고 연기력이야 말할것두 없구 왕 기대중입니다~~~  
20170425,4,최민식 곽도원 때문에 그나마 4점줌.  
20170425,9,곽도원은 예상했지만 반전매력 쩌는구만 소름유발자  
20170425,10,최민식 연기인생 최초로 정치인 역할 맡았다는데 안보면 섭하지  
20170425,10,이번달은 선택의 여지가 없이 이걸로다가..  
20170425,9,각자의 캐릭터들을 완벽히 소화해낸거 같아서 재미났네요  
20170425,10,라미란누나의 생각지도 않은 연기에 엄청 웃다가 옴  
20170425,9,지금 시사회끝나고 오면서 쓰는거 ㅋ 볼만합니다  
20170425,2,배우들은 좋지만....뭔가 연출이 좀 부족한듯 하네요  
20170425,10,연기의 신들이 ㅎㄷㄷ 정말 보고잡아요  
20170425,9,시대적인 분위기랑 맞다보니까 관심이 절로 @_@  
20170425,10,영화가 보여주는건 빙산의 일각?!  
20170424,9,다 알거같은 내용이지만 보면 좀더 구체화 된다  
20170424,2,예고편 보고 많이 기대했는데 시사회로 보니 많이 실망이네요  
20170424,10,검사연기 출신의 곽도원은 역시나 엄지척  
20170424,9,현실에 진저리 나지만 특별한 영화였던건 사실  
20170424,10,예전엔 정치영화 관심도 없었다. 이젠 정치영하 본다. 박인제감독이라면   적나라하게 만들었을꺼라 믿는다. 그리고 영화는 관람후 씹는거다.  
20170424,8,영화가  만들어질때 현실이 이렇게 흥미진진하게 돌아갈줄 몰랐겠지  
20170424,8,대선도 얼마 안남은 상황에 이런영화라니 특별하게 생각하고 보고왔네요 ㄷㄷ  
20170424,10,엄친아 이기홍 오라버니 bbb 짱짱  
20170424,9,간만에 사이다같은 영화 잘봤어요  
20170424,5,시사회로 보고옴. 정치 '영화'라기엔 다소 따분하다. 최순실 때문에 개봉을 못했다던데 아무리 봐도 요샌 현실이 영화를 뛰어넘어서.. 최민식의 연기만 살아 빛난다. 심은경 캐릭터는 많이 아쉽다. 결국 시민으로 돌아간 우리가 무엇을 할 수 있는가?  
20170424,4,이 배우들과 소재를 가지고 이렇게 별로로 만들기도 힘들거 같습니다 ㅠㅠ 시사회로 보고옴  
20170424,10,"문재인 캠프 SNS기동대 ""조직적 대응의 뉘앙스가 풍기지 않도록 엄중 경계하라"" http://m.news.naver.com/read.nhn?mode=LSD&sid1;=001&oid;=047&aid;=0002147154  "
20170424,9,양심에 찔릴짓 하는 정치인들은 이영화보는걸 두려워 할듯  
20170424,10,유료로 시사봤는데 돈안아깝게 시간가는지 모르게 잘 봤습니다  
20170424,10, 매력적인 배우들의 명품연기 안볼수가 없지 기대된다ㅠㅠㅠ  
20170424,10,명언들 막 쏟아져 나오넴.. 충분히 재미짐  
20170424,9,최민식아니면 이역활을 누가함?  
20170424,8,"사람들이 믿게 만드는 것, 그게 바로 선거야.. 정신차리고 선거합시다  "
20170424,9,와 이건 노린거아닌건 알고있는데 노린거같다...대선바로며칠앞에 개봉하는 대선영화 타이밍진짜잘맞아떨어졌다 감독신의한수...  
20170424,10,서울시장으로 변신한 배우 최민식씨의 연기인생 보고픔  
20170424,10,첨부터 최민식등장에 빵터짐 ㅎ 끝에는 올드보이생각나더라  
20170424,2,안봐도 뻔하다.. 최민식 연기하난 볼만하겠네  
20170424,10,헐 이 라인업 실화냐?ㅋㅋㅋㅋ대박캐릭터들의 조합 응원합니다요!!  
20170424,10,충분히 설득력 있고 재미보다는 의미있어 좋았던거 같아요  
20170424,9,정치인들은 정치판 안에서 선거는 전쟁이고 정치는 쇼일뿐인건지…  
20170424,9,류혜영의 똑소리 나는 연기 오랬만에 눈이갑니다 ㅎㅎ  
20170424,10,라미란 기호2번 완전 웃깁니다  
20170424,10,한번더 부모님 모시고 보고싶네요 연기도 최고예요  
20170424,10,오랬만에 역대급 연기자들 영화 나옴 극장각  
20170424,9,내부자들하고는 다른 느낌의 영화라서 감회가 새롭네요  
20170424,9,부패권 세력 메세지 전달방식은 영화가 그나마 좋은듯  
20170424,10,최민식과 곽도원은 진짜 불꽃튀는 데?? 지지않어~~  
20170424,10,대박예감이 느껴짐ㅋㅋㅋ 개봉일 매진예상  
20170424,10,라이브톡 완죤 좋아요 앞으로 계속 이렇게 제대로 보고 싶네요  
20170424,10,리얼하구 실감있는 그 세계를 훌륭하게 표현해 준배우들께 감사  
20170424,10,여배우들도 뒤쳐지지 않는 연기캐미 잼나요~  
20170424,9,감독님 세월호도 찍어주세요 이렇게 리얼한 스토리로 강추강추  
20170424,9,신구 조합의 배우들이 맛깔나는 연기까지 우리의 영웅같은 영화  
20170424,9,이영화가 선거전에 나와야지 끝나고 나오나?? ㅡㅡㅋ 사람들참  
20170424,8,정치가에 메세지를 주는 마지막 커트라인 등급의 영화인듯  
20170424,9,압구정에서 배우들과 만남에서 인상깊었고 이야기 듣고나니 더 잼있엇던  
20170424,10,연기파 배우들의 현실감 있는 연기 구~~웃  
20170424,9,오랬만에 반가운 영화!  
20170424,9,연기할때 몰입도 최고예요!! 진심 진짠줄  
20170424,1,알바들 티가 너무나는데....심하다 믿을게 없네  
20170424,9,현실과 비슷해서 보고난뒤 씁쓸했지만 재미졌어요  
20170424,10,치밀한계획과 전략적인 공세로 선거판을 쥐고 흔드는 인간들이 진짜 함 보셔야겠넹  
20170424,9,우정출연 빵빵하니 볼거리 많은 정지풍자쇼였습니다  
20170424,8,우리는 선거할때만 특별시민이 되는 아이러니..  
20170424,10,"심각한 한국 정치이야기를 맛깔나게 다 표현했네요 유쾌, 상쾌, 통쾌  "
20170424,10,최민식의 정치 인생연기 캐굿  
20170424,10,선거 하루이틀하냐는 대사를 들으니 정말 쇼같은 느낌이 드네요.  
20170424,9,갠적으루 이기홍 나온다구해서 꼭 보구말거예요 ><  
20170424,2,다들 투표합시다 우리나라 정치판은 2점  
20170424,10,"기호1번.. 댓글부대, 포털사이트 점령, 정치는 쇼라는 보여주기식 이미지정치. 국민들을 개돼지 취급하는 정치인들.. 사람들이 겉으로 드러나는 쇼에만 넘어가는 일이 없기를. 대통령후보는 실제 지금까지 해온 일들로 평가 받아야 한다. 신중하게 뽑자 이번엔  "
20170424,2,이런 부류의 영화 그만나왔음좋겠다 진심.  
20170424,7,오랫만에 최민식 나오네  
20170424,10,뒤에 숨겨진정치싸움 이야기를 볼 수있는 기회라 아이들 데리고 보고싶네요  
20170424,10,지금 나라가 이모양인지라.. 이런 정치비리 영화가 관심돋아  
20170424,10,이런영화 한번 나오길 기다렸습니다..  
20170424,9,최민신 vs 곽도원 악역 캐미 쩔었어요  
20170424,10,선거에 관심가지기 시작했는데 이영화보고 나서 완전 생각이 바로 섰다  
20170424,10,선거의 과정을 현실보다 더 리얼하게 그려냈을거같다  
20170424,1,정치 물타기영화..음...시기에 편승하려고하네  
20170424,9,정치와 선거의 세계 여태까지 유사한 영화와는 확연히 다른 진지함  
20170424,10,연기인생 첨으로 정치인 역할에 도전 :) 의심할 여지도 없음  
20170424,10,신선해 아주 넘나 기대되는것 !!  
20170424,10,무게감도 있고 충실히 잘만들어진거 같아요~  
20170424,10,특별한메세지가 있어서 의미있게 보고 왔습니다  
20170424,10,대선후보들이 이번달 젤로 보고싶은영화1위  
20170424,10,갓민식님 나오는 영화네요!! 기대기대  
20170424,10,권력을 향한 거짓된 정치판 쇼.. 다 뒤엎고 싶다 ㅡㅡ  
20170424,9,이배우들이 모였다는게 실화임?  
20170424,10,선거를 앞두고있어서인지 나에겐 특별했던 영화  
20170424,10,제목부터 특별함이 뭔가 느껴짐. 이제부턴 국민이 주인이다!!  
20170424,10,정치의 현실적인 부분을 너무나 직설적으로 잘 보여줌 리얼리티의 성공  
20170424,10,정치란 무엇인지 잘 말해줄 것 같은 느낌이다  
20170424,9,선거라는 소재가 우리시대와 걸맞는거 같아서 다른영화보다 더 눈길이 감  
20170424,10,이 영화로 우릴 어떻게 분노시키고 시원하게 해결해줄지 기대해봅니다 : )  
20170424,10,최민식이 말하는 부패한 정치폭로 연기  
20170424,10,비리폭로를 하는 정치드라마..!! 진짜 같아서 시간가는줄 모르고~~  
20170424,10,현실적인 소재로 리얼한느낌을 빠지게 할 거 같아서 더욱관심이 감ㅋㅋ  
20170424,10,세대를 아우르는 연기파배우들이 총 집합해서 더 호기심이 드는 작품인듯?  
20170424,10,지독한 정치가의 모습을 보여주는것에 연기가 충실해서 나쁘지 않았네요  
20170424,1,흠.. 최민식 빼고는 별로 기대가 되지 않는다.  
20170424,10,영원한 친구도 적도 없다. 권력만이 지배하는 시대  
20170424,9,역시 믿고 봐도 되는 배우들이였다 9점  
20170424,9,대선 전에 꼭봐야할 영화~세 주연배우 연기가 무쟈게 훌륭함  
20170424,10,예고편보니까 개봉날이 기다려져요~~!! 빨리보러가고싶네요!!  
20170424,10,무려 서울시장 3선에 도전하는 지독한 정치인의 모습을 보여준다 최민식의 색다른 모습기대  
20170424,10,ㅋㅋ 사이다같은 영화 최민식한테 걸렸다  
20170424,10,"최민식, 곽도원연기대결이 정말 볼만하고 꼭보세요 꿀잼  "
20170424,10,믿고보는 배우들의 조합이라 깨알재미에 시간 금방 갔네요  
20170424,10,민식이형 오랬만에 정치부패를 적나라하게 보여주시죠  
20170424,9,이런영화 잘 나오면 좋을것같다 게다가 배우들도 좋고 ~  
20170424,3,내부자들의 성공 이후 이런 영화들이 우후죽순 쏟아지는구나. 식상하다.  
20170423,1,또 돈벌려고 OO이 같은 영화 만들었네ㅋㅋㅋ 하긴 대선 기간이니 한철 장사겠네 이 때 많이 법시다~~  
20170423,1,정치성향이 너무 강하네. 감독 알만하다  
20170423,8,정말재미있습니다~  올해개봉작중 쵝오~  
20170423,10,조용히 강하고 유별나지 않아서 괸찮게 봤습니다  
20170423,10,최민식배우 너무 좋아하는데 정치인으로 나오니 현실감 완전 안고 볼수 있을듯ㅎㅎ  
20170423,9,이 예고편만봐도 확 끌리는데 곽도원은 멀해도 잘 어울림  
20170423,10,현실과 딱 맞아떨어지는 영화` 리얼리티 좋네요  
20170423,10,라이브톡으로 부담없이 보고 생각이 많이 드는 영화네요  
20170423,9,요즘같은 시기에 놓치면 안될 스토리  
20170423,9,"선거, 정치이야기라 그만큼 관심가는 영화  "
20170423,10,연기파 배우들 스크린에서 정치싸움 함 해봅시다!  
20170423,10,딱봐도 잼있게 보인다.. 기대충만  
20170423,8,블시로 두세달전에 봤어요..!응근 재밌고 . 러닝타임도 쭉쭉 빠져가요. 다만 연기신들가운데 흐름깨는 분들이 한두분있는거빼곤.무겁지않고 웃으면서 볼수있는 정치영화예요ㅋ  
20170423,10,어째 현실 특별시장과 성남시장 얘기와 비슷하냐 ㅋㅋㅋ  
20170423,8,보통 사람 특별 시민  ㅋㄱㄲㅋ  
20170422,10,딱 지금 시기에 맞는 재밌는 영화일듯 무조건 보러갑니다 민식이행님!!!!  
20170422,10,이런 영화가 많이 만들어져야 한다!! 강추!!  
20170422,4,영화는 안 봤지만 별 재미 없을 것 같네..내용도 그저 그런 뻔할 것 같은 느낌...  
20170422,10,이미지챙기는건 우리 원숭시장님이 최고야!  
20170422,10,"딱봐도 전시행정, 쇼맨쉽의 달인 박원순 얘기인것같다. 너무 기대된다! 그의 더러운 이면을 보여줄것같다!  "
20170422,5,요샌 국뽕보다 정치뽕이나 민주주의뽕이 너무 많아서 짜증난다.  
20170422,10,영화 1번이 현실 1번 보는듯  
20170422,1,우리 박원순 시장님 까는 영화인가요?  진짜별로네요  
20170422,1,음 솔직히 지루하고졸렸어요선거타이밍맞게 개봉한것같은데그거아니였음 빨리내렸을거같은느낌이예요많이 아쉬운영화..  
20170422,1,은근히 현 서울시장을 깔려는 스토리인것 같은데..  
20170422,10,"선거이야기, 정치판에대한 풍자영화네요 대한민국 시민들이 많이보았음합니다  "
20170422,10,심은경배우는 아역때부터 보고있는데 다양한 연기변신이 너무기대되여 ㅠㅠㅠ  
20170422,10,정치판에 나오는 재미있는 볼거리가 가득할 거 같아요 직접영화보면서 확인하고 싶어요  
20170422,9,또 한번 최민식씨의 맛깔나는 연기를 볼 수있는 이번 영화 완죤 기대중…  
20170422,10,주변사람들이 재밌을거같다구 기대중  
20170422,10,정치를 다룬 영화인만큼 현실과 비교하는 재미가 있어요  
20170422,10,"또 정치인가 싶겠지만, 씁쓸하고 숨막혀도 결국 정치는 아는만큼 보인다. 선정적이고 폭력적이지 않아도 충분히 긴장된다 재밌다!!!  "
20170422,9,어떤 메시지지든 배우가가 일단 훌륭하다  
20170422,9,내가 좋아하는 영화 스탈이 딱 나왔네 캐스팅도 오졌음 굿굿  
20170422,10,모비딕 작품 박인제감독의 6년만의 작품이라 기대를 걸어보구싶네유~ㅋㅋ  
20170422,10,여배우들의 블랙코미디 인상깊네요 ㅎ  
20170421,10,우리모두 한사람 한사람이 특별시민이란걸 이 영화에서 많은사람들에게 깨달음을 주었으면합니다  
20170421,10,특히 최민식 배우는 연기 최고  
20170421,10,올해 가장 보고싶었던 작품이라 시사회라도 먼저보구오고싶어요  
20170421,9,연기들이 자연스럽고 리얼해서 좋았습니다  
20170421,10,좋아하는배우들 다 들어있넹 ㅋㅋ  
20170421,10,스피드와 박진감을 기대하지 말고 보면 안지루함요  
20170421,9,세상썩은영화+최민식= 무조건 극장각이다 ㅋㅋㅋ  
20170421,9,최민식의 영화지만 라인업이 무척 훌륭한걸  
20170421,10,"시사회 금방 보고왔습니다. 보는내내 긴장할정도로 대한민국 정치판을 생생하게 경험하고 왔습니다. 믿고보는 최민식배우님의 연기는 감동입니다, 대박나세요!  "
20170421,10,치열한 선거전에 관한 이야기가 영화로 나오니 독특한 소재네요^^  
20170421,10,현실성없는 영화라는 말은 안들을듯ㅋ  
20170421,10,미틴 이기홍 ㅠㅠ녀뮤 좋아 꼭볼거야  
20170421,1,요즘 영화값도 만원 정돈데 한국영화보면 가성비 안나옴  
20170420,10,새자유당..ㅋㅋ 대한민국을 사로잡는영화가 될지?? 무척궁금함  
20170420,10,당장의 대선구도와 비교해 보는 재미가 있네요  
20170420,10,"우리의 선택하나, 투표 하나하나가 얼마나 소중한지 알려주는 영화이길!!  "
20170420,10,최민식은 역시 최민식! 소름끼  표정들 ㄷㄷ  
20170420,10,대박ㅋㅋ 연기파배우들이라서 더더 기대됩니다  
20170420,9,권력싸움의 주제가 최민식과 곽도원의 연기대결로 봐도 될듯  
20170420,9,"지금 우리의 혼란과 기대, 걱정 등 많은걸 담아낸 영화이길 바라며 기대할게요  "
20170420,10,내부자들하고 다른 느낌의 리얼리티..  
20170420,10,5월 대선을 남겨두고 이런 선거영화가 나오다니 그래서 더욱 보고싶네요  
20170420,10,최민식이 포스터에서부터 풍기는 존재감 쩐다  
20170420,9,가오갤vs최민식 2차전이냐  
20170420,6,5월 선거시기에 맞춰서 이런영화 나오는게 뭐 좀 이상하지않나???  
20170419,3,이기홍을 대체 왜 이렇게 망가렸지? 물어네 이기홍 ㅠㅜ  
20170419,4,이명박과 박원순이 상각나는구만 기래 ㅋㅋ  
20170419,10,"곽도원,최민식,라미란...이기홍,심은경  기대...  "
20170419,10,최민식이 포스터에서부터 풍기는 존재감 쩐다  
20170419,10,우리에게 꼭 필요한 영화 특별시민의식!  
20170419,10,cgv라이브톡 봤네요 나쁘지 않고 리얼한 연기로 메세지 전달 확실합니다  
20170419,9,이런장르는 기대안하고 봐야 잼남  
20170419,10,곽도원하고 최민식 슈퍼 캐스팅 -0-  
20170419,10,몇개월동안 예고만 보다가 담주에 개봉 ㅎ 꼭 보러감요  
20170419,9,의미심장한 메세지가 있는 특별시민을 위한영화  
20170419,5,정치영화는 내부자들 하나로 끝이다.. 그이상 뭘 더 표현하겠나..  
20170419,9,있을법한 이야기를 진짜 처럼 만드는 배우들 연기 클라스 일품  
20170419,10,"알고 싶지 않지만, 알아야 하는일들이 있으니 관심을 가져야 한다는걸 느낍니다  "
20170419,10,정치인 역활이 쉽진 않을건데.. 최민식이라면야..  
20170419,9,이시대에 딱 맞는 스토리에 배우들 보는 맛까지 기대기대  
20170419,10,믿고보는 최민식영화 올만에 잼날거 같음~  
20170419,10,어제 cgv라이브톡으로 첨봤어요~ 우리가 지금 꼭 봐야하는 느낌적인 느낌?!  
20170419,10,배우캐스팅 작살나네 ㅎ 곽도원이 이제는 최민식하고 나란히 어깨를  
20170419,7,지금 검색어순위조작 1위가 문재인펀드. 문죄인한테 돈내라는거다. 게이버가 문캠프라서 그런거일수도 있지만 문캠프인터넷선거조작단이 다방면으로 여론조작하고 있는. 결국 이 영화얘기는 감독의도와는 다르게 쇼 잘하는 문죄인 얘기가 될듯.  
20170419,5,제발 이런 소재 좀 그만 만들어 ㅠㅠㅠ  
20170419,5,왠지 이건 망할거같다.  
20170419,10,특별시민이가 뜨니까 비가 그쳐요!  
20170419,10,오늘 스타톡으로 봤는데 기대할만해요 ^^  
20170418,1,보고 왔다. 연기빼고 없다.  미드 정치  판박이  
20170418,10,박혁권 : 꼬긁 이기홍 : 발연기 가 캐리 한 영화  
20170418,10,스ㅡ타톡으로보고왓는데요 특별시민=아수라=프리즌급이네요 배우연기때문에10점주고가요  연기아니었으면. ..  
20170418,1,안봐도 그냥 무슨 내용일지 딱 보이지 않나? 내부자들처럼 느와르 끼운것도 아닌데 어떻게 정치소재하나로 작품하나를 끌고간단거임? 차라리 이번국정농단사태가 더 영화같겠다 ㅋ  
20170418,10,너무나도 현실적인 그래서 찝찝하지만 의미도 있는  
20170418,10,최민식의 연기를 또 보게되다니 벌써부터 가슴이설렌다  
20170418,1,아수라에 이은 망작 비추  
20170418,10,완전기대됨..선거운동할때 개봉하고 시기가 딱 좋다많은 사람들이 봤음 좋겠다  
20170418,10,이건머 봐야지 대선인데... 왠지 영화처럼 더럽우면.. 왠지 이영화  현실정치.... 아니길 바라지만...  
20170418,8,원하는걸 보여줄건가..썩은걸 보여줄건가..  
20170418,9,이명박도 생각이 나는구만ㅋㅋㅋ  
20170418,10,배우들 명불허전 ~~ 진짜 영화다운 영화를 봤다~  
20170418,10,평범했던 범죄 정치적 영화가 아닐거 같은 느낌입니다 2017년도의 첫 천만영화가 될거라고 굳게 믿습니다  
20170417,5,후... 진짜 개인적으로 정치얘기는 그만좀 했으면 좋겠다 이게 몇개째냐 맨날 정치 아니면 비리 형사얘기 뿐이지. 솔직히 독창성 너무 떨어지고 내용이 단순화 되고 있다. 대체 언제까지 정치얘기냐  
20170417,5,"솔직히 이런 부류 영화, 짜증난다.  헐리우드를 보고 배우길.  "
20170417,10,잼있겠당.기대기대기대  
20170417,10,기대 중입니다 파이팅!  
20170416,10,라인업이 대단합니다. 특히 이기홍의 한국어도 볼 수 있을지... 기대됩니다.  
20170416,10,식상하다 식상해 ㅉㅉ 그래도 볼게없어서 총관객수 200만~250만 예상한다 이 글은 성지가 될것이다  
20170415,9,기대 돈주고 볼만하다는 생각  
20170415,3,미리보는 박원순 시장의 3선 도전기  그래서 3점  
20170415,1,너무  대놓고 만든 영화아닌가요??  
20170415,1,별시덥잖은 감독이 선거철 노리고 만들었네. 이런 상술마케팅에 누가 걸려 ㅋㅋ  
20170414,1,별점조작 벌써 시작됐네 더도말고 7점대까지 가자  
20170414,10,스틸컷 강아지가 너무 졸귀탱이여서 넘 기대됩니당 하핳  
20170414,10,기대됩니당. 좋은 배우들로 망작만 제발 만들지 말아주세요.  
20170413,10,딱봐도 더민주까는 영화인데  
20170413,10,시기를 겁나 잘잡은 영화인듯 ㅋㅋ 이거 보고 투표의 중요성을 깯닫은뒤 서거 투표 모두 합시다  
20170413,10,최민식 형님 프사가 너무 무서워요...  
20170413,1,"더킹 아수라 마스터 등을 보면서 느낀게 있죠.. 영화는 배우가 아닌 감독을 보고 봐라, 시류에 편승한 영화는 보지마라 등등..  망작필이 납니다..  "
20170412,10,최민식가장 사랑♥♥♥♥  
20170412,10,팩트 이거 원라인 보다 더 재밌음  
20170411,10,최민식 또 한번의 인생연기탄생각인가  
20170411,9,최민식이면 보기전에 이미 9점이다.이건 대한민국 최고의 영화배우에대한 예의다  
20170410,7,가디언즈 오브 갤럭시 vs 최민식 2차전.  
20170409,10,명배우 최민식님 출연하신다면 일단 믿고 봅니다~!!  
20170409,10,이기홍보기 위해 볼 영화~~~~후하후하  
20170409,8,기대는 되는데 저번 명량 때 처럼 한국영화가 상영관 독점해서 가오갤 같은 역대급 영화가 묻히는일이 없었으면  
20170409,10,...민식이냐?...  
20170408,10,심은경양  올인 하는 1인 인지라 무조건  봅니다  
20170407,10,완전  보고 시펑  명량 최민식과  곡성 과도원 와   캐스팅은  100점!!    꼭  흥해라!!  
20170407,4,식상하다 우후죽순 쏟아져나오는 정치고뱔영화 ㆍ  
20170407,10,얼마나 현실 상황을 반영할지 초관심  
20170406,10,정말 기대되는 영화에요~!  
20170406,10,완존 기대중이에요!!!  
20170406,8,배역이랑 캐스팅 자체가 장난 아님 기대감도 크고 근데 감독의 연출이 제일 걱정이고 심은진이랑 이기홍 한국어 연기가 조금 걱정됨.  
20170406,1,최민식 배우님 빼고는..라인업이 글쎄...  
20170405,10,이건 무조건 바야할것같네요 정치영화라지만 이거는 기존의 영화들과는 전혀 다른 색일듯  
20170405,10,믿고 보는 최민식 c]:3 )  
20170404,5,여배우들 특히 라미란배우님 류혜영 배우님 팬인데 예고에선 별로 안나와서 아쉽네요. 특히 라미란배우님은 극중 변종구 후보에 대적하는 인물인데도 예고에서 볼 수 없나요?? 7인 캐릭터 영상에선 봤지만..ㅠ 그럼에도 불구하고 영화는 기대하고 있습니다.  
20170403,10,믿고 보는 최민식에 연기파 배우들의 대거 등장 기대됩니다!  
20170402,10,서울시민 900만명대 입니다만.  
20170402,6,대선전이다.꼭 한번 봐보자...  
20170402,5, 지겹다 지겨워??빤한소재  정치색포함?진짜 외국보기 안부끄러운가 ㅎㅎ 예전엔 가끔씩 국제영화시상식서도불러주더만? 하긴  요즘같이 소재뻔하고 기대안되는 한국영화판 역사상있었나? 그들만의천만= 오씨엔 반년컷ㅎ  
20170331,10,기홍리 많이나왔으면 좋겠다  
20170330,6,류혜영이 누구데?...  
20170330,10,최민식 곽도원 라미란 아니 거기에 심은경 류혜영 이기홍 문소리 아니 다데려다놓고 이거 노잼이면 진짜 감독님 이길이 맞는길인지 진지하게 고민하셔야할듯.. 아 일단 기대하고 기다려봅니다..  
20170330,10,최민식.아저씨~최애배우.연기력은 뭐 말 할 필요 없다ㅠ.ㅠ최고최고  
20170329,10,보통사람 봤으니깐 특별시민도 봐야겠군..  
20170329,8,배우진은 좋아서 연기는 당연히 잘하겠지만 최근에 비슷한장르가 대부분 죽쓰는거 보면 크게 기대는안됨..ㅎ  
20170328,10,배우만으로도 신뢰가 가는 영화.  
20170328,4,"개봉전 기대 점수가 뭔 10점이 이리 많누. 출연진 라인업으로 점수 후하게 준다 치더라도 주제가 너무 식상하다. 개봉 후 스토리라인과 연출이 좋다면 8점까지는 줄 수 있겠지만, 이런류는 너무 많이 봐서 날고 기어도 그 이상은 절대 안될듯.  "
20170328,5,제발 비슷 비슷한 영화 좀 안했으면;; 곽도원은 지겹다. 연기폭이 좁아  
20170328,1,왠지 종일 뭔가있는척무게잡다가 개뿔도 없을영화같다.  
20170328,1,댓글아바 모은 작품성없는 영화 또 하나 나왔네 ..에휴  
20170327,10,도원 과 민식횽이 뭉첬다  닥치고 보면된다.  말만쿠 OO 하는 놈은 지는 백수에  나이 처먹구 지베서 놀구  빛만 있는 놈이다^^  
20170327,8,우리나라  배우가 몇명 없나 맨날 보던 얼굴들 뿐이구나  
20170327,10,오메~~!! 이기홍???ㅋㅋㅋ라인업도 쎈데 ㅋㅋㅋㅋ 오 기대된다 ㅋㅋ  
20170327,10,최민식 나온다 아무말말고 10점 박자  
20170327,10,나 특별시민  출연 해서요.  ㅋㅋ  
20170327,10,신자유당 으로 게임끝.  
20170327,10,최민식이 묻는 정치라는 미니시리즈.  
20170327,10,딱   대선 전에 나올만한 영화... 대한국민을 일깨워 줄만한 영화이기를 기대합니다.  
20170326,10,대박.. 출연진 역대급이다...  
20170326,2,"지겹다..한국영화는 맨날천날 범죄, 스릴러, 살인, 추적, 검사, 경찰, 정치물 밖에 없나? 장르가 거기서 거기..  "
20170325,10,대박날듯 배우만 봐도 . 상반기 최고의 영화가 되지 않을까 기대기대  
20170324,10,밉보배 최민식 곽도원!기대되네요  
20170323,10,"완전 기대하고 있습니다. 최민식님, 곽도원님에 심은경님, 문소리님 라미란님 까지 연기력 완전 장착한 분들에 조연에 진선규님까지기대 너무너무 짱 하고 있습니다. 꼭 개봉 첫날 고고~~~  "
20170323,5,이번 감독님은 조작된 도시 처럼 평점 조작하지마시길 양심적으로 승부하세요 감독님 조직된 도시는 제작비도 좀들고 개봉취소 설도 많아서 간신히 개봉한걸로 알고 투자자들 돈 때문인지 몰라도 평점 조작때문에 돈너무뜯어감  
20170323,5,또 정치권이야기네.지겹기도 하고  시대가 이러니 이해가 가기도 하지만 적당히 했으면...  
20170322,1,나라에 대통령이 없어지는 큰일이 생겼는데 흐름타서 지들 주머니채울려는 이딴영화안본다  
20170322,10,영화 못봤는데..출연배우보니..적어도 백만이겠더라...  
20170322,10,음..이거 죽이네 캬..ㅎㅎㅎ  
20170322,10,개봉일 확정!! 소문난잔치에 먹을것 많길  
20170320,10,개봉날짜 잡자. 기대합니다.  
20170319,10,대선전에 개봉이라 타이밍이 좋네요!기대되는영화입니다~  
20170319,10,최민식 곽도원에 문소리래...뭐 말이 더 필요함???최소 700만 봅니다  
20170318,10,이기홍 기대합니다!!  
20170317,10,아 완전 기대됩니다!! 꼭 보러갈께요?  
20170316,10,진주는 꼭 떵물에서 건져야 하나?  ㅇㅇ  
20170316,10,쇼라고 하는거보니까 정치쇼 관련된 그 시장님이 모티브인가보네요!!  
20170315,10,세상에 이기홍...!! 한국말로 연기하는거 듣고싶네요♥ 믿고보는곽블리도♥  
20170315,10,영화 기대되고 꼭 보겟습니다♡  
20170315,10,"와 캐스팅 너무 좋다. .최민식씨,곽도원씨. . . 류혜영. .라미란. . 이기홍씨도 나오네. . 신기방기  "
20170314,10,박모 원숭이가 하는 행동이랑 똑같네요.  
20170314,10,최민식 담배피는장면 많이나왔으면좋겠다  
20170309,10,특별시민 재미있겠네요 ㅎ   최민식행님 나오네요 ㅎ  기대해야되겠군요 ㅎㅎ  
20170309,10,메이즈러너에서 이기홍이란 배우분을 처음봤는뎅...^^ 너무 기대 되네요~ 20OOO에 메이즈러너에서도 만나용~  
20170308,10,최민식형님이면 당연히 믿고봐야죠ㅎㅎ  
20170308,5,최민식씨 곽도원씨 문소리씨나머지는영...기대가안되네요...세분이 기껏잡은 분위기 중간중간 자주깨져버릴것 같아서 안봐야징  
20170305,10,오우... 배우들 보게.... 역대급캐스팅이네..  
20170304,9,명량에 힘입어 이번에도 잘되었으면 좋겠습니다.  
20170304,10,출연진이 ㅎㄷㄷ. 민식형님. 대호의 기억은 잊고 3선 해보입시더  
20170303,1,출연진 라인업은 좋은데 감독 필모그래피가 너무 약해서 약간 불안  
20170302,10,안 볼 수 없는 영화... 4월이 기다려지네요  
20170302,1,기대 된다 곽도원과 최민식 하지만 이것보다 더한 대한민국이기에 식상하다..  
20170302,10,기대됩니다^^ 꼭 극장에서 볼게요 최민식!  
20170302,1,"최민식 곽도원 심은경 문소리.,배우가 좋고 소재가좋아도 결국은 감독이 잘해야함ㅠ  "
20170302,10,최근들어   현 시국을  감안한  비슷한  소재의  영화가  많았지만    최고의 연기파  위주의  라인업은  전혀  식상하지  않고  오히려   더  신선하다.  
20170302,10,영화에서 새자유당이라고 빨간로고로 나오는데 이건 새누리당을 뜻하나보네 ㅋ 개누리당이 해온 쓰레기짓을 본격적으로 영화화하여 알리는거지 무조건 흥행각이다 ㅋ  
20170302,8,요즘 정치판 영화가 너무 많다  
20170302,10,"믿고보는 최민식, 게다가 문소리, 라미란, 이기홍까지! 기대됩니다~~~  "
20170302,10,어째 영화 먼저 찍었을텐데.. 당명에 선견지명이 있으시네...  
20170301,10,이기홍 ㅠㅠㅠㅠ얼른개봉되라 ㅠㅠ기홍이 ♡♡  
20170301,10,심은경 나오는건 다 본다! 넘 좋아하는 배우  
20170228,7,재밌을것이 분명하지만 이 나라를 더욱 싫어지게 만들것 같아 보고싶지 않은 영화  
20170228,10,배우조합 최강라인 입니다~!! 완전 기대되요!!  
20170228,10,요즘진짜볼거없엇는데 드디어♡기대된다  
20170228,10,주연배우만으로 이미 평점 10을 누르게 하는 영화네요  . .  큰기대만큼 좋은 작품이길 바랍니다!  
20170221,10,하진짜이기홍ㅠㅠㅠ넘기대됩니당  
20170217,10,최민식 배우님 멋있는 연기 보여주세요 기대함 ㅎㅎ  
20170206,10,"기대하는 영화입니다만, 이기홍씨는 왜 언급됨?  저로선 전혀 듣도 보도 못한...  "
20170202,10,I say 이 you say 기홍 이!기홍!!이!!기홍!!!!  
20170202,10,개인적으로 라미란님 류혜영님 곽도원님 제일 기대됩니닷 치타여사님과 성보라 조합이라닛 거기다 곽도원까지♡  
20170128,1,일단 배우들은 짱인데.... 감독이...영....  
20170127,10,류혜영 많이 기대됩니다.~~~^^  
20170124,10,이기홍 한국영화라니ㅠㅠㅠ빨리 보고싶어요  
20170106,10,최민식과 이기홍을 비롯해 다 연기하면 최고봉인 배우들인데 무척이나 기대됩니다  
20170101,10,응팔을 보지는 않았지만 알던 류혜영님 그리고 최근들어 부쩍 더 좋아진 이기홍 ㅠㅠㅠㅠ 아 진짜 기대 많이해요! 무슨 내용인지는 잘 모르겠지만 꼭 보고싶은 영화에요!  
20161217,10,"기대할게요! 믿고보는 곽도원,최민식  "
20161217,10,이기홍 나온다♡♡♡♡  
20161129,10,심은경씨 남자영화여서 비중은 크지않겠지만 기대합니다  
20161119,10,믿고보는 배우 류혜영!!  
20161107,10,"믿고보는 곽도원 , 최민식 ♡  "
20161105,10,헐? 기홍? 볼끄양 재밌을것 같음  기대되내요!  
20161103,10,매번 좋은연기 보여주시는 최민식님 이번 작품도 너무 기대됩니다ㅎㅎ  
20161030,10,이기홍!!!!>0<  
20161022,10,"심은경, 이번엔 어떤 역을 보여줄 지 기대가 됩니다  "
20161001,10,곽도원 기대합니다~ 연기 신!  
20160923,10,믿고보는 류혜영배우♥  
20160918,10,나는 여기에 평점을 남기고 내년 개봉날에 이 글을 보며 또 한번 시간의 지배를 또 한번 감탄할 것이다.  
20160917,10,류혜영 이기홍!!!! 우와  
20160904,10,이기홍이 드라마라니..! 그리고 라인업도 죽이네요!! 기대하겠습니다.  
20160829,10,메이즈러너 이기홍이...? 헐리웃배우아녀? 기대되네  
20160828,10,드디어 한국영화에 이기홍이라니....기대많이합니다!!!♡  
20160828,10,출연진 완전 빵빵하네요 기대됩니다!!!  
20160822,10,곽도원 조음... 재밋겟당  
20160819,7,"최민식이라 기대했는데, 라미란이 걸리네.. 신파극일까봐 겁난다  "
20160815,10,이기홍님 정말 기대대네요 와 한국어 영기라니 와  
20160808,10,헐리웃스타 '이기홍' 이 나온다니 굿이다.  
20160806,5,먼가..선동냄새가나는데..  
20160803,5,좌빨영화가 아니길 빕니다.  
20160729,3,망작시나리오에 인기배우라니ㅜㅜ  
20160727,10,믿을수있는 최민식..ㅠㅠ진짜너무좋아.빨리보고싶당  
20160724,10,기홍아왠일이야ㅠㅠㅠㅠ  
20160718,10,오대수 최민식 님과 종구 곽도원 님 ㅋㅋ 기대됩니다  
20160717,10,이기홍님! 그동안 바래왔던 처음찍는 한국영화 기대 많이 할게요!  
20160713,10,배우이기홍이나오는 영화라니..정말보고싶네요!!  
20160708,10,명대사에 리지스트~저항하다. 이거보고 일하다가 현웃터졌다 ㅋㅋㅋ  
20160706,10,정치색 있나보구만ㅉㅉ 최민식 데리고 정치색 띄는 영화 찍으려고 하니까 미뤄지지  
20160705,10,오ㅎㅎㅎ연기파 배우들도 많이 나오고 영화 메이즈러너 민호 역할 이기홍도 나오다니!완전 기대되는 영화>3<  
20160704,10,"오늘 장맛비 맞으시면서  서울 모처에서 촬영하는거 봤습니다.  기대가 많이 되네요~ 스태프, 배우 모두 화이팅 하세요>_<  "
20160704,10,흐ㅡㅡ흐허ㅓ헝 키허어ㅓ허ㅓ어ㅓ엉 ㅠㅠ 꼭 보러가겠습니다.  
20160702,10,제가 좋아하는 기홍오빠때문에 완전대박 기대하는작품이예요 ㅎㅎㅎ 지금 한국오셔서 촬영중인거같은데 좋은결과있길바래요!  
20160630,10,최민식님에 곽도원님에 게다가 한국영화 나오는 이기홍이라니!!!! 기대만발입니다 ㅎㅎㅎ  
20160630,10,연기파배우들만모였네 ㅋㅋ  
20160629,10,우리 기홍이!!민호!!거친민호!!  
20160624,10,이기홍이 나온다! 기홍이가  
20160624,10,와 이기홍 배우라니 정말 기대되네요^^  
20160623,10,기홍♡♡ 기대하고 있어요♡♡  
20160621,10,이기홍형님 한국말하는거 볼수있는거?  
20160619,10,이기홍!! 기홍이!  기홍느님 나온다ㅏㅏ!  
20160616,10,기대는 정말 많아 되는데 소름 돋는 건 심은경이랑 이기홍만 빼면 다 씨제스 소속이네 항상 씨제스는 한 드라마 영화 안에 소속 배우들이 못해도 2-3명씩은 있네 그래도 믿고 볼 수 있을 듯....배우는 이름만은 최고  
20160616,10,"저는 최민식, 곽도원, 심은경, 류혜영 보다 이기홍이 더 기대 됩니다. 한국어로 연기하겠죠?ㅋㅋㅋ  "
20160612,10,최민식 너무 좋아요 사랑합니다...  
20160611,1,스토리부터 망필‥ㅜㅜㅜ되겠냐?  
20160609,10,헐리웃 영화배우 기홍을 모르시나?아무튼 기홍 너무 기대중!!  
20160609,10,최민식 곽도원 심은경 거기다 문소리까지! 환상캐스팅 대박이다  
20160605,10,일단 배우라인업이 좋아보인다 크크  
20160604,10,명실상부 자타공인 대한민국 최고 배우 최민식님!! 기대하고 있을게요~  
20160603,10,혜영 누나 주연이네...보러가야것돠  
20160529,1,뭔 내용이다냐????  
20160523,9,캐스팅 굿인데 촬영한다고 길통제하는거 극혐...  
20160521,10,진짜 캐스팅 장난아니네요  
20160502,10,최민식이나오는영화는정말믿고보는영화.볼때마다기대하고보는데볼때마다기대를져버리지않는다 연기너무잘하셔요ㅜㅜ정말  
20160418,10,이기홍 기대됩니다..  
20160418,10,기홍씨 기대하고 있어요♥♥♥♥  
20160416,10,류혜영 언니의 활약이 기대됩니다♡믿고보는 배우 류혜영언니! 극장에서 만나요 ~^^  
20160414,10,류혜영이라는 배우 기대하고 보려구요♡ 해어화 작은 비중을 차지했지만 귀엽게 잘 봤습니다ㅎ  
20160402,10,류해영 화이팅!!! 정말 너무너무 기대됩니다!!  
20160402,10,다른배우분들도 훌륭하지만 류혜영배우분 기대됩니다!!  
20160402,10,류혜영배우 기대되요~♡  
20160401,10,영화 재미있을 것 같고 류혜영 배우 연기가 많이 기대되네요.  
20160401,10,류혜영 배우의 또다른 모습과 연기 기대되요!+  
20160401,10,배우라인 짱짱하다.. 류배우 화이팅! 대박기원!  
20160401,10,최민식씨 부터 배우 라인업이.. 기대가 안될수가 없네요..믿고 기다립니다  
20160401,10,류혜영이라서 본다!!!!  
20160401,10,류혜영 배우님이 나온다니 기대가됩니다.  
20160331,10,제가 좋아하는 배우들이 많이 나와 기대되는 영화에요 ! 그 중에서 류혜영 배우의 연기는 정말 기대되네요  
20160331,10,서울시장에 도전한다는 줄거리가 뭔가 특이하고 류혜영 배우가 나온다해서 개봉전이지만 기대되네요ㅋㅋ!!! 영화 대박나길바래여  
20160331,10,류배우 응원합니다!!  
20160330,10,아 여기 혜영누나가 나오는 영화군여.와 라인업ㅋㅋ ㅎ 혜영 누나 화이팅 ㅎ  
20160328,10,류혜영 나온다길래 기대함!!  
20160328,10,류혜영 화이팅!!!!  
20160328,10,류혜영 배우님 기대됩니다!!  
20160328,10,류배우님 너무 기대되네요~  
20160328,10,류혜영 배우 연기 너무 기대됩니다!  
20160328,10,배우 류혜영님의 연기 기대됩니다~!!  
20160328,10,류혜영완전기대하고있어요!  
20160328,10,라인업이 ㅎㄷㄷ하네요.. 특히 류혜영 배우님 정말 기대합니다!!  
20160328,10,류배우 작품 기대돼요~! 얼른 개봉하길 기다릴게요♡  
20160328,10,류배우님 연기 기대하고 있솜다~~  
20160328,10,류혜영배우 기대 많이 하고있어요~♥  
20160328,10,"소재도 관심있고, 류혜영 배우 기대가 커서 영화 꼭 보려고 해요. 응원합니다. ^^  "
20160328,10,류혜영씨의 연기가 정말 기대돼요 ♡ 꼭 보러 갈겁니다.  
20160311,10,줄거리읽어보고  완전  끌림 ! 어떤그림이 그려질지  기대된다  
20160304,10,배우들의 연기 뿐만 아니라 감독의 연출도 기대되는 작품!  
20160302,1,배우가 싹다 씨제스  이게 말이되는거임?  
20160224,10,벌써재밌다 나만그런가?  
20160223,10,류혜영 배우님 연기 기대하겠습니다  
20160223,10,이건 일단 10점ㅋㅋㅋ 류혜영 배우 보고 들어왔는데 배우진이 믿고보는 배우들밖에 없네ㅋㅋㅋ 대박이다 진짜  
20160221,10,'특별시민' 내용도 캐스팅도 정말 좋네요~ 나이가 어린데도 불구하고 응팔에서 훌륭한 연기 보여줬던 류혜영 나오니까 더 기대되네요^^ 꼭 봐야지 류혜영 나오니까:D  
20160213,10,혜영언니가 나온다니! 기대되네요^^  
20160213,10,얼른  보고싶어요 기대중  
20160213,10,"믿고 보는 연기파 배우 최민식, 곽도원, 심은경 라인업에 떠오르는 신예 류혜영까지 확정이라니 이것 참 기대가 큽니다. 이 네명의 배우들이 특별시민에선 어떤 얼굴을 연기할지 설렌다.  "
20160213,10,"한동안 응답하라, 성보라에 푹 빠져 살았는데 류혜영 배우님 차기작 특별시민도 너무나 기대가 됩니다. 최민식, 곽도원, 심은경 배우분들과 멋진 시너지 효과를 기대하면서 평점 드리고 갑니다. 특별시민 화이팅!  "
20160213,10,최민식님 한명만으로도 충분히 가치가 있을 영화인데 나머지 배우진도 너무 맘에 들어요 곽도원 류혜영 심은경 전부 호감이고 연기도 잘해서 대박 기대중이에요  
20160212,1,우리나라는 맨날 이딴영화만 나오노  
20160212,10,류혜영배우님이 출연결정하셨다니 더더욱 기대됩니다!  
20160212,8,첨 보는 감독인데 엄청 밀어주네?ㅋㅋ  
20160212,10,최민식님에다가 곽도원님 그리고 심은경님 그리고 응팔에 류혜영님까지 .. 진짜 믿고 보는 영화라는게 이거 아니겠습니까 4월달부터 촬영들어간다고 들었는데 기대하겠습니다 좋은영화 만들어주세요 . 기대하겠습니다 ㅎㅎ  
20160212,10,"응답하라에서 인상깊은 연기 보여준 류혜영배우, 특별시민에서도 기대하겠습니다:)  "
20160212,10,대통령 부정선거도 영화로 꼭 만들어졌으면 합니다.  
20160212,1,"글쎄...,,,..  "
20160212,1,심은경은 왜 나옴? 노이해네  
20160210,10,특별시민 1주만에 2000만가다! 2017  
20160206,10,최민식에 곽도연 ㄷㄷ 배우만봐도  
20160204,10,와..최민식. 심은경...개대합니다.  
20160204,10,줄거리와 주연들에 미리 10점을 드립니다!  
20160131,10,최민식이 나오는 정치영화!너무 기대되네요  
20160131,10,조합만으로 대박일거라는 예감이 ! ㅎㅎ  
20160130,10,대호영화 못봤지만 최민식 차기작 특별시민 기대됩니다  
20160127,10,최민식 배우님 연기 기대하겠습니다!  
20160123,10,정치뒷면을 리얼하게 보는 영화 정말 기대됩니다 최고의 배우 최고의 감독 화이팅!  
20160122,10,심은경씨의 영화는 믿고 봅니다. 최고의 연기파 배우들이 나오셔서 완성도 높은 영화일거라 생각되네요.  
20160122,10,최민시 곽도원 거기다 심은경.기대 만땅해도 후회 안할 영화 되겠네.  
20160116,10,와 이번작품도 설레이는 마음에 기다리겠습니다 ^^^  
20160113,10,오랜만의 최민식 형님 현대물.  
20160109,10,범죄와의 전쟁2 각이다.  
20160108,10,아 개재밌겠다 ㅋㅋㅋ 최익현 캐릭터로 연기했으면 좋겠다 ㅋㅋ  
20160107,10,최민식이 기대되는 이유를 생각해보면 연기를 잘하는것도있지민 생각하는 연기자라 참좋습니다 기대합니다  
20160107,10,특별시민 1주만에 2000만가다! 2017  
20160107,10,최민식 곽도원이 나오는데 안 보면 간첩  
20160107,10,믿고보는 최민식. 기대합니다  
