0,1,2
20170214,10,방금 시사회보고 나왔어요. 하..태어나서 변호사가 되고싶다는 생각 첨으로 하게 만드는 영화네요. 진짜 믿고보는 배우들 맞아요. 이입이며 감정이며 잘만든 영화에요. 중간중간 웃음도있고 꼭 보세요. 대한민국 정의는 살아있다!!!  
20170214,9,감독님이블랙리스트에 올라있으실듯한데 영화가기대됩니다  
20170214,6,꼭 영화로만 사회고발을 할려고 할까?  
20170214,10,실화를 스크린에 담아낸 작품이라 더욱 마음을 아프게 하는것 같아요.화도 나고...눈물도 나고...ㅠㅠ  
20170214,10,내일 개봉이구나.. 관객들 눈물에 기대지 말고 연출력으로 승부보는 영화가 되길 진심으로 기대합니다  
20170214,10,"그것이알고싶다에서 보고 분노를 참지 못했어요 , 꼭볼꺼고 꼭보라고 알리고 다닐겁니다  "
20170214,6,시사회로 보고왔는데 괜찮았어요 배우들 연기도 좋았고요 이 영화를 계기로 약촌오거리 사건이 재조명되어 억울한 누명을 풀게되면 좋겠네요  
20170213,10,너무기대됩니다. 빨리개봉하라~~^^  
20170213,10,배우들의 연기와 진실의 힘이 정말 감동적입니다. 근래 본 한국영화 중에서 짜임새가 가장 좋네요.  
20170213,10,"정우, 강하늘 인생연기 보여줌. 엔딩은 안 울 수가 없다 ㅠㅠ  "
20170213,1,난 정우나오는영화는 별로더라  
20170213,8,변호인2가 되지만 않으면 좋으련만..배우 걱정은 안 함. 시국이 시국인지라 반응이 미묘할까봐 걱정..  
20170213,10,좋은  영화 기대 합니다.  
20170213,10,아 기대된다. .. 이건 꼭 봐야지..  
20170213,10,개봉일날 달려가서 봐야지이  
20170213,1,뻔한 내용의 진부한 소재...변호인 시즌2?  
20170213,5,"이경영씨가 나온다니 좀 실망스럽네요 영화계에 배우가 그렇게 없는지 성파문으로 무죄받았다고 거짓 언론 보도 인터뷰가 부끄럽지 않습니까?  하긴 얼굴에 분칠하는 배우가 ,  "
20170212,10,시사회봤는데 정말 재미있었네요한국영화 안젛아하셔도 재미있게 볼수있어요주연 조연 다 연기력이 뛰어나요감동 웃음도 있고 비쥬얼도 좋아요 강하늘과 정우의 멋진 연기앙상블이 아주 좋아요글고 강하늘씨 미모가 베리굿이네요  
20170212,1,감동도 극의 몰입도도 뭐 그냥...  
20170212,1,또 법정영화야???? 지겹다 진짜 벌써 몇개째야  
20170211,10,우왕 김정현 신인배우 너무 멋있어요 ㅎㅎ 짱짱  
20170211,10,"시사회 다녀왔습니다. 실화 소재라 너무 무겁지 않을까 걱정했지만, 중간에 웃음포인트도 많고. 배우들 연기도 좋아 몰입감 진짜 높았어요. 대단한 의인이  아니라, 평범한 상식과 보통의 양심을 지닌 사람들만 있어도 세상은 충분히 살만하다는 걸 느꼈네요  "
20170210,10,강하늘완전기대하고있어요ㅠㅠㅠ♡♡♡♡빨리개봉해라후ㅠㅠㅠㅠ  
20170210,9,믿고 보는 강하늘..응원합니다영화 동주때도 너무 가슴 찡했는데..빨리 보고싶네요..주말에 꼭 볼게요  
20170210,10,"결코 겪어서는 안될, 그러나 누구나 겪을 수 있는 고통의 시간!  잘못된 것을 바로잡고 사과를 요구할 수 있는 용기가 필요한 세상!  "
20170210,10,개인적으로 배우 정우씨를 무지 좋아라 했는데...그리고 꼭 법정 영화 주인공이 되었음하는 바램이 있었습니다. 앵무새 죽이기에 나오는 그래고리 팩 처럼 말이죠...재심 전문 박준영 변호사의 실화를 다룬 이야기라 정말 기대됩니다. 화이팅!!!  
20170210,5,그런데 예고편을 보니 강하늘이 하고 있는 사투리는 전북사투리가 아니라 전남사투리를 쓰고 있더라...전북사투리 특히 익산지역은 조금더 충청도 사투리에 가까움...지역이 충남이랑 가까워서 사투리도 좀 섞여있음....  
20170210,1,우울할꺼 같은 ....ㅠ  
20170210,9,시사회 보구 왔어요. 정말 연기는 다들 잘 하시고 재밌었어요 꼭 보세요!!  
20170210,10,이런류 사건의 재심이더많이 필요합니다  
20170210,9,"어제 시사회에 갔습니다. 놀랍도록 자연스러운 연기를 펼치는 정우, 그리고 강하늘님... 사실 기대안했는데 ㅋㅋㅋ 나가는데 여자들이 섹시하다고 난리남 (저포함)  무거울 수 있는 소재를 코믹하게, 하지만 진지할땐 진지하게 표현한 좋은 영화입니다  "
20170210,8,시사회보고왔어요~~ 대구 메가박스 우와~~생각보다  답답한 전개는 별로없었어요..쏘쏘하게 풀어가고 쏘쏘한 웃음과 쏘쏘한 전개변호사님도  대단하지만  중간에 사건조작사람들 더 대단해요~~짜발나요.. 암튼 추천추천  
20170210,8,올해 본 한국영화중 제일 좋았던 영화! 배우들 연기가 좋고 실화바탕영화라 더 몰입 할수있었다. 보면서 가슴이 꽉 막힌것 같았음....이런 억울한 일이 더이상 생기지 않았으면 좋겠다.  
20170210,10,"방금 시사회 보고왔는데 괜찮은 영화가 나온거 같네요신파같은것도 많이 없고 실화를 바탕으로 했기에 이야기 몰입도 좋았고, 배우분들 연기도 좋았어요~  "
20170209,10,8시영화 시사회 보고왔어요. 진짜 잘만든 영화네요 연기력이 장난아닙니다. 억울한데 실화라 더 억울하고 답답한거 못참는 분들은 진짜 답답할수도 있습니다. 그만큼 마지막에 감동적이구요. 꼭 보세요 많이 아셨으면 좋겠습니다 강추합니다 !!!  
20170209,10,ㅠㅠ시사회 봤는데 넘나 존잼ㅠㅠ 정우&강하늘 믿고보는 배우들  
20170209,9,넘나집중된다!연기를너무잘한다!  
20170209,9,오늘 시사회로 봤는데 재밌었어요 실화라는게 너무 안타깝네요 ㅠㅠ 정우씨와 강하늘씨의 콤비 짱 이에요 ^^ 이 영화가 대박나서 더이상 억울하게 누명을 쓰는일이 없어지길 바래요  
20170209,10,오늘 시사회가서 보고왔어요. 출연진분들의 연기는 말할 필요도 없이 훌륭했고 내용도 좋았습니다. 다만 이 영화가 실화를 바탕으로 한 영화라는게 참 씁쓸하고 미안하네요..  
20170209,10,시사회 가봄.  영화와 실화의 재구성이라기보다  정우 강하늘의 연기가 베테랑 을 볼때처럼  시원하게 몰입되어가버린 시간이 흘러 아직 더 봐야할 다음편에 정우가 다시 나와주기를 바랍니다. 영화 볼만 합니다. ~  
20170209,1,실화를 통해서 제작하여 감동을 노려보려한것 같으나 재미와 감동 둘다 놓친 느낌이 강하다.  
20170209,10,보고는싶은데 보다가 개빡칠거같다  
20170209,10,정우 강하늘 연기 굿이고 좋은 영화 많이  보세요  
20170209,9,억울하지 않은 세상을 비랍니다  
20170209,9,감동...이건 꼭봐야할 영화다  
20170209,9,박준영 변호사님의 유명세?덕인지 빵빵한 캐스팅으로 제작되었네요 이영화가 흥행하면 박준영 변호사님이 아직 진행중이신 재심사건들에도 힘이 실릴수있다고 하니 시사회로 봤지만 개봉하고 또 볼게요~~모두 수고하셨습니다  
20170209,1,"개봉전이지만,영화의 창의성 부족한듯,최근 영화의 트렌드를 크게 못 벗어난 듯... 요즘 영화의 소재가 거기서 거기인듯 아쉽다  "
20170209,9,시사회 보고왔어요 정우 강하늘 김해숙 이경영 연기에 뭔 말이필요하나요  
20170209,10,"시사회에서 보고 참 먹먹해졌어요, 영화적 재미와 메세지 모두 만족시키는 영화입니다!!  "
20170209,8,정우랑 강하늘이 원래 이렇게 연기를 잘 했었나 두 주연의 실감나는 연기때문에 더 좋았다.  
20170209,8,"이렇게라도 모든 불의와 불평등을 늦게라도 해소할 수 있다면, 그렇게 손 내밀어줄 사람들이 있다면. 계속 바라고 바라게 되는 영화.  "
20170209,10,다시 한번 우리 사회의 정의에 대해 생각해보게 되는 영화. 무고한 사람을 범인으로 모는 검찰 경찰에 화가 너무 나지만 한편으로는 정우같은 변호사가 있어서 아직 세상이 따듯하구나 희망을 봅니다.  
20170209,10,"강하늘, 정우면 말 다 했죠 뭐. 믿고 봅니다. 이외에도 연기파 배우들의 출연에 그들의 안목이 기대되는 영화입니다.  "
20170209,10,"억울한 인생이 희생된 약촌오거리 사건... 다시는 이런 일이 없어야 합니다. 이번 영화 재심을 통해서 사회 전반적으로 억울한 사람이 생기는 것을 어떻게 막을지, 그들에게 어떻게 보상해야 할지에 대한 논의가 이뤄졌으면 좋겠네요.  "
20170209,10,"한 카페에서 약촌오거리 살인사건 카드뉴스보고 너무 화가 난 사람입니다. 진짜 이게 대한민국의 현실이라는게 개탄스럽습니다. 살인자 누명 쓰신 분께 도움이 될 수 있도록, 이 이야기를 많은 사람들이 알도록 꼭 영화를 볼 겁니다.  "
20170209,10,시사회 보고 왔습니다. 진짜 배우들의 열연이 돋보입니다. 진짜 재미있게 봤어요. 흥행 확신이 드네요! 좋은 영화 만들어주셔서 감사합니다.  
20170209,10,실화를 바탕으로 한 두 배우의 케미가 완전 기대됩니다.  
20170209,10,시사회로 보고 왔습니다. 피곤한 상태라 집중이 안될까 걱정했는데 영화보는내내 완전 몰입해서 봤네요. 배우분들의 열연이 멋졌습니다. 좋은 영화 만들어주셔서 감사합니다  
20170209,4,그것이 알고 싶다 다시 보기가 더 재미 있었습니다.  
20170209,10,사사회보고 왔 습니다. 일끝나고 굉장히 피곤한 상태였는데도 영화에 푹 빠져서 보고왔습니다. 너무 재밌었습니다. 강추!!  
20170209,8,영화가 신파스럽지 않아서 좋았으나 감정선을 끌고가는것에 좀 부족함이 느껴졌어요. 그러나 그런 단점들을 상쇄할만큼 배우들의 열연이 돋보이는 영화였습니다.  
20170209,10,배우분들의 열연이 돋보였습니다. 이 영화 이후로 다시는 이런 억울한 피해자가 생기지 않았으면 좋겠어요ㅠ  
20170209,5,제목 포스터 광고 문구부터 여지껏해온 대한민국부조리 마케팅 감성호소마케팅이 팍팍 느껴진다??제발 18무슨 감독새기들 떳다방이냐 다들 국민정서이용해 영화한편으로만 먹고살려하지말고 역량을키우고 세계로 나아가자 ?응??  
20170209,9,봐야지 공조보고 볼게없네  
20170209,10,국가의 권력과 세상의 편견으로부터 우리를 지켜줄 진정한 변호인이 필요한 이유  
20170209,9,방금 막 시사회로 보고왔어요 실화영화에 크게 실망한적이 있어서 기대 안했는데 그래도 재미있네ㅛ 근데 뭔가 뒷부분이찜찜하고 아쉬워요ㅠ 전개도 급작스러운 부분이 없지않는것같고..그래도 배우들 연기가 너무 훌륭했어요! 몰입도 정말 잘됐습니다!!  
20170209,10,"정의로운 영화. 실화라 더 화가 치밀고, 미안하다..쓰레기같은 검사,형사가 참 많구나;; 정우,강하늘의 한층 더 깊어진 연기 너무 좋았다~  "
20170208,10,진짜 재밌게봄. 강하늘 연기는 첨봤는데  장난아니네요 ㅎㅎ  
20170208,10,이이제이 듣고 옴요..꼭 볼께요~  
20170208,9,우울한 마음을 속시원하게 해주는 카타리스가 해결되는 영화다  
20170208,10,기대되는 영화네요~~~~  
20170208,10,실화를 소재로 강하늘 정우주연 재심 연기 좋네요.리얼리티가 강점 꿀잼  
20170208,10,"어제 VIP 시사회 다녀왔습니다. 졸린 상태였는데, 한 순간도 졸지 않고 잘 봤습니다. 좋은 영화네요. 화이팅!  "
20170208,10,우리에게 잘못된 것을 바로 잡으려는 사람들이 있어 아직은 세상이 아름답다고 이야기 해주는 영화  
20170208,10,시사회 갔다왔습니다~배우들 연기가 전체적으로 매우 좋고 스토리가 지루할틈 없이 몰입도 높게 잘 짜여진것 같네요~ 추천합니다!  
20170208,10,시사회에서 미리 봤는데 정말 감동이다. 강하늘 정우에게 의미있는 영화가 될듯. 강추  
20170208,10,시사회 가서 봤는데'와...' 꼭 봐야하는 영화네요좋은감독+좋은배우=쩐당  
20170208,10,믿고보는배우 강하늘 기대할께요!  
20170208,10,재미도 있고 가슴 뭉클했어요 ㅜㅜ 배우분들 연기가 너무 좋아서 더 몰입할 수 있었던 것같아요..  
20170208,8,강하늘. 한재영. 두배우의 재발견.  
20170208,10,김소진씨나온다 팬됐어요~보러갈게요  
20170208,10,시사회로 보고 왔어요. 스토리도 몰입도 있고 배우들 연기가 너무 좋았고 특히 정우씨 연기 때문에 내내 집중해서 봤어요. 감동적이기도 하고 좋은 영화입니다!!  
20170208,10,시사회 후기 올립니다! 배우분들 연기도 이야기의 흐름도구멍이 없어서 보는 내내 감정이입해서 볼 수있었어요. 개인적으론 최근 개봉한 영화들 중 최고였습니다! 추천합니당!  
20170207,10,"방금 시사회에서 봤는데 정말 재밌었습니다. 실화를 바탕으로 했음에도 '너무' 무겁지 않게, 또 그렇다고 실화가 주는 울림이 퇴색되지도 않게 재밌게 또 감동적으로 봤습니다. 예매해서 다시 보고 싶을 정도 입니다. 볼까 말까 고민하시는 분께 추천 합니다!  "
20170207,10,마음이 따뜻해지는 명작. 강하늘씨의 연기가 울려퍼지네요.  
20170207,7,시사회로 봤는데 정우 연기 잘하드라~지루하지 않고 희노애락이 적절히 가미된 비빔밥같은 영화~맛은 있는데 양이 모잘라 마지막에 아쉬움과 허전함이 남는듯 하다!  
20170207,10,베스트 댓글에 댓글을 못 써서 여기 남기는데 실제사건은 재심에서 승소했습니다. 그것이 알고 싶다 이후로 다시 조명받은 덕분이지요.  
20170207,5,정우 믿고보는 배우는 아니지  
20170207,10,사랑해요ㅠㅠ정우오빠  
20170207,10,즈엉이의 이름으로..  
20170207,10,기대됩니다~~~^^  
20170207,10,약촌오거리 사건이 다 밝혀지고 이렇게 억울한 일들이 벌어지지 않는  대한 민국이 되기를 바라는 마음으로~ 영화 기대하겠습니다 !  
20170206,10,"정우,강하늘씨의 출연이라니 기대됩니다  "
20170206,10,아 보고 싶네...아사리 판에...  
20170206,10,이런 감독님들이 대박쳐야야 한다  
20170206,10,정우??강하늘 너무좋아 벌써부터 기대된다^^  
20170206,10,아 대박 그냥 재밌을거같다  
20170205,10,"믿고보는 강하늘,정우배우님들.. 꽃청춘 때 케미 대박이였는데 이번에도 기대하고 영화 소재가 좋아요  "
20170205,10,내용도 배우도 모두모두 봐야겠다고 확신이 들게만드네요ㅠㅠ 꼭 봐야겠어요  
20170205,10,"영화 보기 전에 평점 달리기는 처음입니다. 대한민국에 다시는 이런 일이 일어나지 말아야하며, 경각심을 가지기 위히 이 영화를 보기로 했습니다. 사건의 책임자들이 처벌을 받고 피해자분이 마땅한 보상을 받길 기원합니다  "
20170205,10,정말 믿고 보는 배우들의 조합이라 기대된다ㅎㅎ  
20170205,10,다음 스토리펀딩에서 미리 접한 이야기.. 영화보다 더 영화같은 현실이던데 어떻게 풀었을지 궁금하다.. 꼭 이슈화되고 날리 퍼져서 이렇게 억울한 눈물 흘리는 사람들이 적어지길..  
20170204,10,정말 기대되는 영화에요. 아 이 영화 판사가 박범계 의원이었다니. 피해자분들 얼마나 억울하셨을까요. 지난 세월 보상은 못받겠죠ㅠ 영화 흥행 대박 기원합니다!!  
20170204,1,약촌오거리가 어딘가 봤더니 역시나 그곳 전라도네요 꼭 확인들 하세요 전 라 도 입니다.  
20170204,10,재심 실제사건 판사는 현 민주당 박범계 의원입니다로스쿨만을 옹호하는 기득권 수호자이지요공정한 사법시험 존치도 반대하고 있습니다  
20170204,10,"내가 전북 익산 사람이고, 20분만 가면 약촌 오거리인데 특히 익산쪽 범죄라 처음엔 뉴스 보도 되고 한 동안 익산 사람도 불안해 왔었지..암튼 지난 살인사건 를 모티브한 영화 만큼 기대해봄! 그때 죽었던 사람도 다시 한번 그 억울함을 풀수 있기를..  "
20170204,10,비극  실화.. ㅠ   정우.. 작품을  보는눈이 깊어진듯 하다  
20170204,10,강하늘!!! 좋으다!!!!  
20170203,9,자극적인 상업영화들 속에서 진심이 통하기를.  
20170203,10,스토리 전개가 루즈 하지 않고 재미 납니다. 강추해용~~!!  
20170203,10,시사회 다녀왔습니다. 두 주연의 열연과 함께 실화를 다루는 묵직한 여운까지 감동적인 작품입니다  
20170203,10,믿고보는 연기 최고입니다. 번창하세요!! 짱짱  
20170203,10,믿고 보는 배우 정우의 진정있는 연기가 기대됩니다 그리고 진실과 정의는 살아있음을 한번더 느낄수있는 계기가되길 기대해 봅니다  
20170203,9,알바 소리 들을까바 10점은 못주겟고...정말 기대 된다  
20170203,10,"오늘 시시회에서 보았습니다. 강하늘, 정우의 연기에 진짜 감탄했습니다. 그리고 실제 이야기라는 것에 정말 감동받았구요 마음도 아프더라구요..인물들의 감정이 잘 표현되고, 전체 줄거리도 알차서 잘 보고 왔습니다. 실제 주인공이신 변호사님께도 박수를..!  "
20170203,10,재심 시사를 다녀왔다. 다른 분들게 보여주고 싶은그런 영화라고 생각이 든다. 약촌 오거리 살인 사건을 잘 녹여내었고 지금 이시대의 희망적인 메시지를 주는 영화라고 생각한다!  
20170203,10,오늘 시사회 보고 왔는데 실화를 바탕으로 만들어진 영화라 더욱 몰입도가 있었고 재미까지 잡았습니다. 추천합니다  
20170203,10,몰입하게 되는 영화~ 재심~!믿고보는 재심입니다!!!!실화라는 점에서 더 감동적이에요  
20170202,9,아진짜 이경영 아저씨 악역 연기 너무잘해서..보면 화가 너무 많이나는데...  
20170202,10,오늘 시사회를 봤는데 재밌고 잘 만들어진 영화를 봐서  기분이 좋았습니다.  ^^  
20170202,10,정말 재미있게 생겼네요 기대합니다  
20170202,10,정말 기대됩니다ㅠㅠㅠ 개봉하자마자 달려갈게욥!!!♥  
20170202,10,보고싶다 강하늘이 연기잘하더라 생긴건 남자다운데 섬세한 연기잘하던데 먼가 기대됨 (참고로 난 남자임) ㅋㅋㅋ  
20170202,10,강스카이의 새로운 모습 기대해봅니다  
20170202,10,박준영변호사를 모티브로 한겁니다.  
20170202,10,"약촌오거리 살인사건, 박준영 변호사님 정말 고생 많으셨습니다 늦게 나마 무죄 선고를 받고 또  무능한 경찰의 판단으로 옥고를 치루신 억울한 피고인 분들이 늦게나마 억울함을 푸는 계기가 되었으면 좋겠습니다.  "
20170202,4,딱 사이즈 보니까 집구석에서 라면 먹으면서 보기에 딱일듯..솔직히 정우 강하늘이 투톱감은 아니잖아  
20170201,10,정우와 강하늘 케미를 다시 보게 될 수 있어 영광입니다  
20170201,10,진짜 기대하구 있습니다♥♥ 빨리 만나고 싶어요~!!  
20170131,10,그알에서 진범이 골프치러 해외여행 갔다는거보고진짜 너무화나서 미쳐 죽을뻔했습니다.진범 신상아는분 쪽지주세요 진짜가서 갈아마셔버릴껍니다  
20170131,10,정우 기대되네요 ㅋㅋㅋ  
20170131,5,약촌오거리 .. 약촌오거리..  
20170131,10,사법시험 존치하라. 박범계는 이 영화 꼭 보세요  
20170131,10,실화를 바탕으로 한 영화라 넘넘 기대하고 있습니당!! 강하늘 배우님 정말 좋아하는데 좋은 영화에서 만날 수 있어서 기쁘네요ㅎㅎ빨리 개봉했으면 좋겠어요믿고보는 영화 재심!! 대박나길~~  
20170131,10,무주무조건 볹다 본다 볼것이다  
20170131,10,이건 꼭 봐야함완전 기대되요  
20170131,8,너무 잇을법한 이야기라 무섭다  
20170131,10,여자친구랑 무조건 보러갑니다.그것이알고싶다를 통해서 알게되었는데더많은사람들이 보았으면 좋겠습니다.  
20170131,10,강스카이가 나온다니...보러가야겠구만  
20170130,1,이런류 영화만 만들거면 스크린쿼터제 폐지해라 맨날 나오는건 반미 반정부 비리 북한관련류들 유독 우리나라 영화가 심하네  
20170129,10,"처음에는 하늘오빠랑 정우씨가 나온다는 걸 듣고, 관심이 갔지만 약촌오거리 사건을 재조명 한다는게 마음에 들었습니다. 예고편만 봤는데도 진짜 이 나라의 바닥을 보는것 같아 보는내내 빡쳤습니다. 나오자 마자 보러 가야겠습니다! 흥행하길 바랄게요^^!!!!  "
20170129,10,"믿고보는 강하늘,정우 !!! 재심 매우 기대됩니다!!!  "
20170129,10,대한민국경찰OOO들윗선따가리새기들잘하는게뭐냐약한사람들이나괴롭히는새기들만어떻게경찰이됐지?  
20170129,10,200만 꼭 찍읍시다!!!  
20170129,10,범죄자로 몰았던 그 견찰 X끼들은 어디에서 뭐하려나 쓰레기들  
20170129,10,내가 익산 약촌오거리 근처에 살고 있는데 진짜 약촌오거리 저녁되면 존나무섭다 ㅋㅋㅋㅋ  
20170128,10,우리 사회가 똑바로 되려면 여기에 관련되어 있던 모든 공직자들은 현직이면 파면하고  퇴직한 놈들도 형사처벌을 해야한다. 남의 인생 망쳐놓고 뻔뻔스럽게 얼굴 쳐들고 다니는 놈들이 너무 많다. 거억 안난다는 놈들도  많고.  
20170128,10,두 배우 호흡 기대하겠습니다 ^^  
20170128,7,믿고보는 매우님들 기대하겠습니다.  
20170128,10,"영등 1 ,2 동 다 살아봤는데  꼭 봐야겠다 응답하라 사람들 나오네 고향이라 더 관심감  "
20170128,10,ddbi 저 정신병자...  
20170128,9,와 이거 진짜보고싶다..  
20170128,10,"믿고 보는 배우, 기대됩니다  "
20170127,10,강하늘 화이팅 ! 기대돼요  
20170127,10,아무리 무죄를 받았다 한들 그 억울하고 힘들고 고통스러웠던 10년을 어떻게 배상을할것인가 배상이란말도 웃기다 배상할수 있는 가치범위가 아니다 보면볼수록 화나고 열받는 사건이다 이렇게 영화로나마 만들어져서 가족분들과 당사자에게 위로가 되었으면 좋겠네요  
20170127,10,현직국개의원이신 전직판사양반. 이 영화보고 반성하세요  
20170126,10,"정우, 강하늘, 이동휘 ... 그냥 믿고 기다립니다.  "
20170125,10,좋은영화 기대합니다.  
20170125,10,"믿고 보는 배우(정우, 강하늘, 이동휘)! 실제 있었던 사건을 바탕으로 해서 더 기대되네요!  "
20170125,10,정우형님 사랑합니데이♥  
20170121,10,법정에서 끝까지 싸운 실제 재심변호사 박준영변호사와 박상규기자의 취재덕분에 그나마 이렇게 영화로 재조명되어 많은사람들에게까지 알려지게 되어 다행입니다. 그분들의 노고에 박수를 보내며  영화도 기대할게요~  
20170120,10,좋아하는 배우들 잔치네요 너무 기대되요^^  
20170120,10,나오면 꼭 보겠습니다기대되네요!  
20170120,10,갓경여 믿습니다...  
20170120,10,"믿고 본다 = 연기 볼 때 적어도 배우가 연기력때문에 욕먹을까 안먹을까는 고민안하고 볼 수 있겠다, 오로지 영화 내용만 따라갈 수 있겠다  "
20170120,10,"믿고보는정우? 는어떤 사고방식을가져야 나올수있는말이지.그냥 팬심이라서 "" 믿고본다! "" 이러는건가..  "
20170119,10,강하늘~~빨리 영화보고싶어요~  
20170119,10,신선한 느낌. 괜찮을 거 같다. 정우와 강하늘  
20170119,10,기대된다  빨리개봉했으면!!  
20170117,10,"강스카이 나오니 믿고본다~!!! 진짜 연기의 신♥,♥  "
20170117,10,정우&강하늘 미친케미 기대하겠습니다!!!재심 꼭 대박나길  
20170117,10,하늘오빠 팬이에요! 멋진 연기 기대할게요♡ 항상 응원합니다!!!  
20170117,10,"아, 정말 그것이 알고싶다에서 봤던 약촌오거리 사건을 보며 크게 분노를 했던 것이 기억납니다. 이 영화를 통해 그 사건이 재조명되어 반드시, 억울하게 옥살이를 한 피해자가 보상을 받길 바랍니다.  "
20170116,10,예고편보고 운적은 처음...'연기' 하는 배우들이 나오는 영화라서 기대됩니다...  
20170116,10,방금 그것이 알고싶다 편을 보다가. 영화로 재작된다고 해서 글 남김니다 너무 늦엇지만 이제라도 재심하게되서 다행입니다 그리고. 형사들 검사 좋은분 들도 계시지만. 아닌 사람들이 더 많은거 같애요. 남한테 준상처. 꼭 돌아갈겁니다  
20170115,10,정우와 강하늘이 워낙 친하고 서로잘알다보니까 둘의 연기는 수준급일듯..!!  
20170114,10,강하늘 동주 연기 너무 좋았는데 기대되네요~  
20170113,10,강하늘 배우님 슬픈연기 하실 때 진짜 가슴이 먹먹해요...강하늘 배우님 팬이에요!!꼭 영화 보러 갈게요!!  
20170113,10,캐스팅 지렸다 .. 개봉만 남았다  
20170113,10,이건 익산시민으로서 꼭봐야겠습니다 제가 살던 도시에서 이런 더러운 일이 일어났다는게 정말 부끄럽네요 같은 익산 시민이 이런 억울한 일을 당했는데 방송 나올때까지 모르고 있던게 정말 부끄럽습니다 이영화로 억울한 일이 해결되었으면 좋겠습니다  
20170112,10,최고의 영상과.  배우들의 멋진 모습기대가 많이  되용~ ~~^^♥♥♥ 하늘님. 멋져요~ ~^^  
20170112,10,약촌 오거리 살인사건의 진범은 잡혔습니다. 하지만 17세 소년의 16년은 돌아오지 않았습니다. 당시 수사관들의 사과도 없습니다.  
20170111,10,강하늘씨~기대할께요! 믿고보는배우! 파이팅  
20170111,10,오 김태윤 감독 드뎌 복귀하셨네... 잔혹한출근 재밌게봤었는데 기대됩니다 적어도 여느감독들처럼 명품배우들을 똥으로 만들진 않으시겠지요  
20170111,10,영화 빨리보고싶네요.  
20170111,9,현대판 변호인 느낌이네요^^배우도 좋고 재미있을것 같아요  
20170111,10,정우는  짱구때 부터 팬이다  
20170111,10,정우 눈빛 쏴롸있눼~영화기대됩니다!변호인송강호가 생각나네요!대박!!!  
20170111,10,예전부터 개봉일만 기다리던 영화입니다. 예고편만 봐도 기대감이 확~~  
20170111,10,강하늘 동주 보고 완전 팬 되었는데..이번 영화도 기대중입니다. 믿보강~  
20170111,8,변호인 느낌드는건 저만 느끼는건가요?  
20170111,10,대박 기대된다. 예고편만 봤는데 너무 보고 싶네요  
20170111,1,페북에 광고 만 때리면 뭐하니..  
20170111,10,죨라재밋겟다..무조건바야지..  
20170111,1,흥행면에서는 참패할듯하네요  
20170111,10,강하늘 진짜 기대되고 사랑하고 꼭 볼께♡  
20170111,10,이번에도 강하늘 님의 연기 기대하겠습니다!!!!  
20170111,10,예고편만 봐도 막 소름이...! 2월까지 기다리기힌들듯 ㅠㅠ 강하늘 정우 두 분 모두 좋은 연기 기대합니다 화이팅이에요  
20170110,10,"우리가 돈,빽이 없지 용기가 없냐!  기대하겠습니다 감독님  "
20170110,10,그때 누명을 써서 얼마나 억울하고 분통했을까요... 지금이라도 무죄인것이 밝혀져서 다행입니다.  
20170110,10,"넘넘 좋아하는 강하늘,정우 두 배우님과 출연진들 모두 훌륭한 연기력으로 탄탄하게 만들어진 '재심 정말 기대되고 보고싶은 마음에 설레이네요~~♥  "
20170110,9,강하늘 나온데데ㅔ데 개봉하면 바로 영화과 고고고링  
20170110,10,"김해숙 이분 나오는거면 다 본다 도둑들,왕가네식구들 등등  "
20170110,10,오 이거 죽이네 캬.ㅎㅎㅎ  
20170110,10,실화라서 너무기대되요 이런영화가 꼭 흥행했으면 좋겠어요  
20170109,10,강스카이!! 재심 파이팅!  
20170109,10,진짜진짜 보고싶다!!!  
20170108,10,개봉만 기다리는중 믿고보는 정우 강하늘 기대할게요  
20170108,10,기대됩니다 장르도 원하던장르고 배우캐스팅도 좋네요 특히 정우 ㅠㅠ  
20170105,10,믿고 보는 배우님들~~!!!!재심 대박 나자  
20170104,10,정우 강하늘 김해숙 이경영 이동휘 배우조합 응원합니다! 크라우드펀딩으로 함께 마음모은 영화이니 더 잘되고 실화의 당사자분께 힘이 되었으면 좋겠어요.  
20170104,10,기대합니다. 누나랑 보고 싶은데 누나가 1월달에 유학을 가네요...  
20170103,10,강하늘 왕 기대해요♡ 믿고보는배우ㅜㅜㅜㅜ♡  
20170103,10,두근두근 강하늘씨의 연기가 넘 기대됩니다!  
20170103,10,정우와 강하늘의 만나 기대됩니다  
20161223,10,정우에 강하늘이라니 2월 개봉이 기다려지네요 ㅎㅎ  
20161218,10,기대하고있던 영화라 얼른 만나보고싶네요  
20161217,10,강하늘배우의 연기가 궁금해서 볼려구요!강하늘배우 연기를 보고 있으면 매번 감탄이 나옵니다.역마다 다다른 모습으로 사람을 놀라게 하는 매력이 있습니다.어서 개봉했으면 좋겠네요!재심 화이팅!강하늘배우 정우배우 화이팅!  
20161203,10,정우ㅠㅠ 영등포에서 열렸던 히말라야 만남회(?)도 갔었는데ㅠ 기대할께요!!!!  
20161121,10,김태윤 감독님 신넘버4 출연하신 거 잘 들었습니다. 영화도 많이 기대하며 기다리겠습니다~!!!  
20161117,10,다들 연기 쩔거 같다ㅋㄷ 기대합니다 ㅋㄷ  
20161117,10,이영화로 지나간 10년이 조금이나마 위로가 되었으면 좋겠습니다..  
20161117,10,영화 기대합니다~~빨리 보고싶네요  
20161116,10,신넘버4에서 듣고 기대 하고 있습니다!!  
20161116,10,개봉날 기다리겠습니다~ 얼른보고싶어요!!  
20161114,10,제가 정말 좋아하는 배우들 나오셔서 정말 기대됩니다! 개봉할날만 기다리고 있을게용♡  
20161110,10,믿고보는 감독 김태윤 기대합니다^^  
20161106,10,너무 화나고 마음아픈 사건입니다. 영화가 흥행하고 많은 사람들에게 알려져서 박준영 변호사님과 피해자분들께 많은 힘이 되었으면 좋겠습니다.  
20161027,10,강하늘이랑 정우가 나오니까 꼭보고싶네요  
20161024,10,기대합니다~!!!정의가 바로 서는 세상이 되길..  
20161016,10,헐 와 이거 우리지역 사건인데 영화화 하는구나 꼭 잘됐으면  
20161014,10,배우라인업 좋네요..ㅠ 강하늘배우님 늘 고마워요 이런 작품에서 연기해줘서♡ 멋있는 우리 님.. 늘 응원하고 또 바라보겠습니다. -배우님을 사랑하는 한 스카이즈-  
20161014,10,법정 영화 올만 기대할게용♡  
20161007,10,강하늘 배우님 나오시는거 믿고봅니다 많이 기대하고있구요 기다리고있어요  
20160929,10,이 영화로 인해 썩어빠진 대한민국 사법부의 현실이 다 까발려지길 바랍니다  
20160929,10,이 영화를 계기로 억울한 사람의 마음을 헤아려주길 바라며 정우님의 정의로운 변호사 연기 기대하겠습니다. 정우~ 화이팅~~ 좋은 영화 만들어 주세요  
20160928,10,와 좋은영화 홍보되라고 하늘도 도와주네 억울한사람들 속시원하게 풀어줄 영화 기대합니다  
20160928,10,배우들 연기는 기대하겠지만 영화 만든 이유가 이런 억울함과 경찰과 판사가 보인 인간이 얼마나 추잡해질수 있는가를 보여주는건데 너무 배우에 포커스가 되는것같아 안타깝네요  
20160927,10,믿고보는배우 강스카이♡♡♡♡♥♥♥♥  
20160921,10,강하늘씨 어떤역인지 궁금하네요^^  화이팅하세요...  
20160920,10,믿고 보는 강하늘 배우 응원합니다  
20160919,10,강하늘오빠 영화꼭볼게요ㅠㅠㅠ  
20160918,10,하늘님 때문에 꼭 볼 예정!!!!  
20160918,10,믿고보는 강하늘. 나이는 어리지만 안정된 연기. 목소리. 호흡. 몰입하게 만들어요. 개봉전이지만 화이팅~~  
20160916,10,강하늘♡  도화지같은 배우에요 어떤역이든 배우보단 역할이보여 놀라워요 나온작품 챙겨보고있는데 기대되요♡  응원하고 좋아합니다♡  강스카이♡리버스카이♡  
20160910,10,"믿고 보는 배우들, 기대됩니다.^^  "
20160910,10,강하늘님! 꼭 볼께요♡(하늘위로 오빠 팬카페에서 오빠라는 단어 금지여서 강하늘님으로 적어써요♡♡)  
20160906,10,저희 동네에서 하는데 진짜 리얼해요ㄷㄷ  
20160906,10,강하늘배우의 연기를 얼른 보고싶어요드라마랑 영화 다 챙겨보고있습니다!! 항상 어느장르에서나  연기 너무 잘해주셔서 몰입도 최강이고 너무 좋아요!!예정작인 재심에서의 연기도 기대할게요 ^^ 언제나 응원합니다!  
20160905,10,영화흥행으로 사회정의가 실현되기를 기원합니다!!  
20160901,10,언제나 멋진 연기보여주는 강하늘^^  
20160825,10,지금 그것이 알고 싶다를 거꾸로 정주행하면서 994회 보다가 결과를 검색해 봤는데 영화화 된 것을 보고 놀랐습니다!! 현재 구속형을 당한 분이 진법이 아닐 가능성이 크다는 결과가 나오고 오늘!!증인심문 날 입니다!!!  
20160808,10,정우  배우정우 기대합니다  꼭 보러갈께요 기다려  
20160731,10,그것이 알고 싶다 에서 다뤘던 이야기네요.. 영화 흥하면 좋겠네요 ㅠ  
20160731,10,지금 강화도 선수포구에서 한창 밤샘촬영중입니다.강하늘씨와 조폭들^^구경도 잼나지만 넘 졸려서 그만...햄버거 잘 먹었습니다♡♡♡  
20160722,10,강하늘 기대할게요♡♡♡  
20160721,10,"실제사건을 바탕으로 한 영화라 더욱 기대됩니다!! 정우, 강하늘, 이동휘!  "
20160720,10,정우에 강하늘에 이동휘까지!! 캐스팅도 마음에 들고 좋은 이야기일거 같아서 더 기대된다!!! 개봉하면 꼭 볼게여!!  
20160713,10,연기잘하는 젊은배우들이 나와서  넘기대되는작품입니다  
20160713,10,무조건 봅니다. 봐야 합니다!! 감독님 힘내세요!!!기대하고 있겠습니다!!  
20160713,10,재심 기대됩니다. 재심 흥해랏  
20160713,10,믿고보는 배우 정우오빠 나오는 영화♡♡ 1000번도 볼꺼에요♡♡♡♡  
20160617,10,우리정우오빠 진짜 영화5번볼께요사랑해요  
20160614,10,이동휘 배우가 캐스팅 되었다니 너무 기대되네요 ㅎㅎ 꼭 흥행하길!  
20160614,10,"믿고보는 배우들(정우,강하늘,이동휘) 기대됩니다  "
20160610,10,정우 너무좋아 연기도 잘하고!!!기대할게용!!!ㅎㅎ  
20160609,10,믿고 보는 정우 오빠~~~ 기대할게요~~~ 항상 화이팅!!!  
20160609,10,기대합니다!!글쎄요 잘못눌렀어요ㅠㅠ 어떻게 취소안되나요  
20160608,10,이 영화로 인해 약촌오거리 사건이 재조명되서 억울함을 풀수있는계기가 되길 바랍니다 믿고보는 정우님 이 그릴 정의로운 이변 연기 기대할께요  
20160605,10,믿고 보는 정우 응원합니다!!  
20160713,10,재심 기대됩니다. 재심 흥해랏  
20160713,10,믿고보는 배우 정우오빠 나오는 영화♡♡ 1000번도 볼꺼에요♡♡♡♡  
20160617,10,우리정우오빠 진짜 영화5번볼께요사랑해요  
20160614,10,이동휘 배우가 캐스팅 되었다니 너무 기대되네요 ㅎㅎ 꼭 흥행하길!  
20160614,10,"믿고보는 배우들(정우,강하늘,이동휘) 기대됩니다  "
20160610,10,정우 너무좋아 연기도 잘하고!!!기대할게용!!!ㅎㅎ  
20160609,10,믿고 보는 정우 오빠~~~ 기대할게요~~~ 항상 화이팅!!!  
20160609,10,기대합니다!!글쎄요 잘못눌렀어요ㅠㅠ 어떻게 취소안되나요  
20160608,10,이 영화로 인해 약촌오거리 사건이 재조명되서 억울함을 풀수있는계기가 되길 바랍니다 믿고보는 정우님 이 그릴 정의로운 이변 연기 기대할께요  
20160605,10,믿고 보는 정우 응원합니다!!  
