0,1,2
20170926,10,개봉 안했는데  평점남긴사람은  시사회로??  
20170926,9,신선한악역 허술한 히어로 나름 재미있었어요 카우보이 컨셉도 웃겼고 19금인게 납득갈만한 장면들은 저도 눈 찔끔감았네요 애들은 못볼듯  
20170926,6,재밌는 액션영화! 볼만은 하다  
20170926,10,조아요너무미친듯이조아요  
20170926,10,진짜 재밋게 봤습니다. 굿굿  
20170926,8,스트레스 풀기 딱 좋았네요! 화려한 슬로우모션 액션 기대했었는데 역시 잘 봤습니다. 킹스맨 후속작들이 계속 나왔으면 좋겠네요.  
20170926,7,액션과 스케일은 늘리고 매너는 잠깐 넣어두고.. 거침없이 밀어붙히는 신사들  
20170926,10,너무 재밌어요. 1편 보신 분들은 꼭 보세요.  
20170926,10,감사합니다 재밌어요.  
20170926,7,다시 느끼는 b급 감성이 반가웠다 manner maketh man!  
20170926,10,킹스맨1부터 엄청 인기있었는데 2도 재밌었어요! 중간중간에 1편 내용 있어서  더 내용 이해 잘된것같아요 좋아요 !!!  
20170926,9,B급의 잔재미는 줄었지만 킹스맨의 품위는 지켰다.  
20170926,10,manner maketh man재밌었어요!  
20170926,10,너무 재밌어용 ㅠㅠ너무 좋아요ㅠㅠ킹스맨 짱짱! 잘돼서 3도 나오길!  
20170926,10,재미나니요 3탄도 정말 기대가 됩ㄴ다ㅡ 특히 액션씬이 재미났어요  
20170926,10,역시 실망시키지않는군요  
20170926,10,정말 역시 액션최고네요  
20170926,10,너무 재밌었어요!ㅎㅎ  
20170926,8,엘트존은 우리의 친구예요ㅋㅋ완전 재밌음ㅋㅋ  
20170926,10,정말 재밌습니다. 재밌다고밖에 못하겠습니다 ..  
20170926,9,재미있었습니다생각보다 액션씬과 엘튼존이 잼 있었습니다  
20170926,8,너무재밌었어요~!!  
20170926,10,최곱니다!!! 영화 중간에 터지는 웃음포인트들도 빵 터졌어요 ㅋㅋㅋ  
20170926,10,시시회보고욌어요 개꿀잼!!! 강추강추  
20170926,10,역시 킹스맨 기대한보람이있네요  
20170926,10,매너가 사람을 만든다 짱잼  
20170926,8,전편의 매력을 고스란히 가져온 킹스맨!  
20170926,10,완전 재밌었어요!! 다들 꼭 보길!!  
20170926,9,원하던 재미있는 영화였네요  
20170926,10,매너가 사람을 만든다. 그 대사 후 주역이 콜린 퍼스가 아니라는 게 가장 흥미로웠다/  
20170926,10,"볼거리가 더 많아진 킹스맨 골든서클. 존덴버, 엘튼존 덕분에 더 풍성해짐  "
20170926,10,콜린퍼스 이번에도 멋지고 엘튼존도 좋았음.  
20170926,10,킹스맨1편이610만명관객수인것부터믿고보는2편이죠  1편부터나왔던 배우 콜린퍼스랑태론에저튼 외에도  2편에 새로 나오는 채닝테이텀 과 브루스 그린우드까지 다좋았어요 대박나길바랍니다  
20170926,9,매너가 사람을 만든다. 영화 재밌게 잘 봤어요!! :)  
20170926,10,추천!합니다!강추 완전 추천  
20170926,10,완전 재밌었어요 추천해요  
20170926,10,전편 안보고 봤는데도 잼나네ㅋ3편도 기대~ 올레~~♡  
20170926,9,"미국까지 진출한 킹스맨, 더 화끈하고, 더 웃기고, 더 화려하다 :)  "
20170926,10,방금 킹스맨 시사회 보고왔습니다~!! 에그시가 매우 매력적으로 펴현된 영화  
20170926,8,매너는 계속 되어야 한다. 잼나네요.  
20170926,9,아이맥스관에서 보길 정말 잘한거같아요ㅠㅠ 근데 좀 슬퍼서 별 쪼금 깎음...  
20170926,10,최고의 명쾌한 영화예요재밌습니다  
20170926,10,매너 메이크 맨  굳굳 언능 3나왓으면  
20170926,10,재밌어요!!!!킹스맨짱  
20170926,10,엘튼 존을 위하여 ! 보는 내내 완전 몰입했어요  
20170926,10,에거시 사랑해용??????  
20170926,10,속편의 클리셰를 그대로 답습하고 있다. 이야기 짜임세의 구멍을 좀 더 커진 스케일로 메꾸는.. 그래서  꼭 큰화면으로 보시기 바란다. 그냥  놓치기는 아쉬운 영화이다. 이영화의 진짜 주인공은 엘튼존이다...  과연 3 편이 나올것인가  
20170926,10,정말정말 재밌어요!!!  
20170926,10,역시 믿고보는 킹스맨... 속편도 만들어주세요♡  
20170926,10,크~~ 말이필요없다 그냥봐라  
20170926,10,너무너무 잼나요 짱이에요  
20170926,10,시사회 봤는데 재밌네요! 역시 킹스맨 다운 영화였어요:)  
20170926,10,시사회로 봤습니드. 진짜재밌습니다. 꼭 보세요!  
20170926,9,황당무게하면서도 재밌네요~~~~  
20170926,10,잼있어요~두번봐요~  
20170926,10,정말 즐거웠습니다 최고예요  
20170926,8,킹스맨 특유의 위트로 재밌게 보고왔어요~!  
20170926,10,기대만큼 정말 재밌게 돌아온 킹스맨. 최고.  
20170926,10,완전 잼나여. 킹스맨 화이팅  
20170926,10,생각보다 재미나더라구요다시 한번 볼래요.7  
20170926,9,개봉전 본 영화 너무 즐거웠어요  
20170926,10,짱이에요!!! 잼나요~  
20170926,10,너무너무재미있어요!  
20170926,10,최고의 영화네요 추천요~^^  
20170926,10,정말 재미있고 즐거운 영화 관람이었어요!매너가 사람 만든다  
20170926,8,화려한 액션이 돌아왔다!!!  
20170926,10,킹스맨 꿀잼이욤시사회 잘 봤습니당~  
20170926,10,역시 킹스맨 최고입니다  
20170926,8,액션씬은 역시 최고다.  
20170926,10,킹스맨 너무 잼있어요!! 이번에도 대박입니다!! 강추해요^^  
20170926,9,완전 재미있어요! 기대 이상이네요.  
20170926,10,아 정말 최고네요 ㅎㅎ“매너가 사람을 만든다”  
20170926,10,1편에엔 후속 기대하고 봤는데 역시 꿀잼!  
20170926,10,와 ~ 스펙다클 대한합니다. 기대 이상으로 좋았어요.  
20170926,10,굳~~~ 좋아요!!!!  
20170926,10,재밌게 잘 봤습니다 또 보고 싶네요 ㅎㅎㅎ  
20170926,10,벌써 다음편이 기다려지네요!!!! 진쨔 너무너무넘넘너무재밋음♡!!ㅠㅠㅠ 잃은게 있다는 건 가치있는 삶을 살아간다는 해리의 대사가 생각나네요:)  
20170926,10,전편보다 훨씬 재미있어요  
20170926,10,재밋어요 스트레스다 다 풀렷습니다  
20170926,9,Awesome fellas  
20170926,10,오늘도 세계평화를위해 매너를 실천하는 킹스맨 요원들 아주 재미있네요!  
20170926,10,엘튼존이 킬링 파트 ㅋㅋ 기대해도 좋을듯!!!  
20170926,10,재밌어요 액션도 화려하고 재밌어요  
20170926,10,킹스맨2의 흥행을 기원합니다.위스키 한잔 마셔야겠네요! 최고입니다!  
20170926,10,여전히 최고다. 액션 여전히 짱  
20170926,8,해리의 매너있는 부활 어메이징! 킹스맨의 눈물나는 희생이 킹스맨의 빛나는 유산이 됨. 엘튼존의 미친 존재감은 음악만큼이나 신의 한수. 탈수기액션과 아메리칸버거액션 그레이트퍼팩트. 킹스맨 업종변경 완전 성공적!!!!  
20170926,8,매너가 사람을 만든다.형만큼 멋진 아우  
20170926,10,전편보다 더 강력해진 킹스맨! 역시 킹왕짱!  
20170926,9,재밌어용! 앞편을 보는걸 추천드려여  
20170926,10,2편도 끝내주게 재밌구만! 달리고 달리는 킹스맨 영원하랏! ㅋㅋ  
20170926,10,와 일편이 훨씸 재밌어 아아아학ㄴㅂ  
20170926,9,말이 필요 없다 쵝오!!~~~  
20170926,10,넘만믿어 킹스맨!! OO 10자 ㅋ  
20170926,5,액션이 재밌고 눈이 훈훈했다  
20170926,8,전편만큼 재밌게 잘 봤어요  
20170926,10,말이필요없을만큼 너무 재밌었어요 시간이 너무 짧다고 느꼈을정도 ㅠㅠ  
20170926,10,짱 재미있게 봤어요~~  
20170926,10,역시 기대를 져버리지 않는 킹스맨!화려한 액션 멋져요!!  
20170926,10,재밌었어요 3편도 기대기대  
20170926,10,1편보다 더 막나가고 웃긴 스토리 ㅋㅋㅋ 재밌게 봣어용  
20170926,10,엘튼존 대박이네요 ㅋㅋ  
20170926,10,조아여ㅠ아주재밋게봣습니다  
20170926,10,최고에요! 기대를 저버리지얺네요  
20170926,7,기대를저버리지않은액션과유머  
20170926,10,최고다와 대박대박짱이다  
20170926,10,역시 킹스맨~ 넘나 볼거리 많았던 작품이었습니다! 배우분들 모두 연기잘해서 스며들어 봤네요!! 영화 잘 봤습니다!!  
20170926,10,해리와 에그시 멀린의 완벽한 수트가 기억에 남는다  
20170926,10,1편보다 더 재밌게봤습니다~!! 기대이상으로 좋았어요~배우들 넘 멋있네요~ 볼거리도 더 많아지고 정말 재밌게 봤어요~적극추천!!  
20170926,8,역시킹스맨넘도아욥^^  
20170926,1,소문난 잔치먹을게 없다  
20170926,9,평론가들은 대체 뭘 기대한거지? 19금 코미디액션물로 딱 아닌가? 애초에 진지한 첩보액션영화가 아닌데.. 전 영국에서 재밌게 봤습니다.  
20170926,10,빨리보고싶어요!11  
20170926,9,내일 퇴근하고 달려간다  
20170926,10,역시 실망시키지않는 최고의 오락첩보영화  
20170926,10,콜린퍼스가 살아와서 더 기쁘고 007처럼 시리즈가 쭈욱 이어가길 바란다.  
20170926,10,싸우는 장면이 매우 흥이 납니다  
20170926,9,킹스맨3 도 만들어주세용~^^♡  
20170926,10,"매너와 수트빨, 스타일리쉬 액션의 끝판왕!!  "
20170926,10,박평식이 6점 줬다 조올라 재미있다는 뜻.  
20170926,4,해외에서 먼저 개봉해서 봤는데 전편 재미있게 봐서 정말 너무 실망했다.. 전편의 장점도 다 놓치고 캐릭터 낭비도 심했다. 몇몇 액션신은 볼만했지만 1편의 신박한 느낌은 전혀 아니었다.  
20170926,10,기대를 실망시키지 않네요!!  
20170926,10,전편 보다 커진 스케일에 업그레이드 되어 돌아온 킹스맨2 전자채찍이 멋있었습니다!^^  
20170926,9,1편도 재밌었지만 2편도 넘 재밌어서 무지 좋았어요역시 킹스맨은 우릴 버리지 않아요ㅋㅋㅋ매너가 사람을 만든다!!! 맞다♥.♥  
20170926,9,킹스맨 역시   콜린 퍼슨  멋지네요  대박~~  
20170926,10,1편보다 더 커진 스케일! 화려한 볼 거리가 가득한 뷔페 같은 영화  
20170926,10,외국에서 일찍 개봉해서 봤습니다. 끝내줘요 진짜ㅠㅠ 속편까지 이렇게 대박일줄이야. 꼭 보세요!!  
20170926,9,역시나 킹스맨 입니다. 클라스 지리구요····여러번 보고픈 영화였습니다ㅎㅎ  
20170926,10,매튜 본 감독의 킹스맨: 골든 서클 전편에 이어서 액션과 재미가 가득하네요!!  다음후속편도 정말 기대됩니다.~~ㅎㅎ  
20170926,10,Good ~~~~!!  
20170926,10,역시 매너는 사람을 만드는가보다  
20170926,9,골든서클.영국에서 미국으로의. 확장!완전기대합니다슈트간지작살남자들과 카우보이맨들의협업!대박이겠죠  
20170926,10,역시 킹스맨~한순간도 눈을 뗄 수 없을 듯해요  
20170926,10,역시 껍데기부터 남다름이 느껴진다 ㅎㅎ  
20170926,10,포스터부터 장난아님 후속편도 대박나길  
20170926,10,"20세기 수트 액션에 제임스 본드가 있다면, 21세기는 킹스맨이 접수한다! 스타일리시한 패션과 미장센을 앞세우는 곳도 모자라서 촌철살인의 위트와 풍자까지 겸비해? 거기다 안구정화 수트패션의 향연이라니... 아, 근데 해리 오빠는 잘 살려줄 거지?  "
20170926,10,콜린퍼스 어떻게 살아날지 완전궁금하네요  
20170926,9,최고네요ㅋㅋ또보고싶습니다ㅎㅎㅎ  
20170926,10,킹스맨 넘나 잼슴!강추  
20170926,6,1편을 뛰어넘진 못했지만 그래도 졸작까진 아니라고 본다. 그래도 기대감을 채워주지 못해 많이 아쉽다  
20170926,9,1편을 너무 재밌게 봤기 때문에 후속작 또한 너무나도 기대됨  
20170926,10,매너가 사람을 만든다.  
20170926,7,미국에서는 인기없는 영화  
20170926,8,"전편을 기대하고 본다면 실망하겠지만, 그래도 꽤 괜찮았음  "
20170926,3,"It offers more of  verything that made its predecessor so much fun, but lacks the original's wild creative spark. 로튼 토마토 지수 50% ㅠㅠ... 아쉽다.  "
20170926,10,난 킹스맨에서 맨마지막 장면 엉덩이 나올때가 가장 인상 깊었다. 다시 그런 장면이 나오길 바란다.  
20170926,8,네 안녕하세요 제가 정확히 말씀을 드리자면 완벽했던 1편과 비교를 하면 좀 많이 뒤쳐지는 편 입니다. 그래도 기대만큼 재밌었던거 같네요 제 점수는 8점 입니다.  
20170926,10,제가 사는곳은 21일에 개봉해서 하자마자 보고왔습니다.1편 재밋게 보신분들은 1편보러간다고 생각하시면 딱 좋아요 1편의 느낌보단 조금 덜 하지만 재밌습니다~  
20170926,10,평식이형이 평론가 중에 최고 평점!!! 이건 역대급 사건임!!!  
20170926,3,전편에 비하면 모든게 부족한 작품  
20170926,9,오늘 보고 왔는데 액션 화려하고 재밌었음 :)은근 슬프기도 했고 중간중간  
20170926,10,쩝...진짜 기다린작품인데 전문가평도 그렇고 로튼점수도 그닥... 진짜 별로인가 ㅠㅠㅠ  후  
20170925,7,평론가 점수 왜이러지....? 확실히 1편보다는 떨어진다 이건가..애매하니까 미리7점  
20170925,10,다른영화들 다 제치고 이것만 바래왔습니다  
20170925,10,얼마나 목빠지게 기다렸던 작품인데 핡  
20170925,10,안봐도 10점이다. 세련되고 우아한 독자적인 장르를 보는듯한 영화  
20170925,8,이 영화 보고 마트에서 장보다가 다진고기보고 토할뻔했다..  
20170925,10,콜린퍼스 사랑해 태런애저튼(애거튼) 사랑해 사랑해 사랑해 우헤헤해헤햏 무조건 10점이다  
20170925,10,콜린퍼스 목소리 마지막 진짜 섹시했었는데.. 이번에도 ㅠㅠㅠ  
20170925,1,솔직히 킹스맨이 재밌냐...? 1편도 6점정도..? 왤케 빨아대는지....  
20170925,10,빨리 개봉해주세요 현기증나니깐 ^^  
20170925,7,로튼 점수도 별로고 시사회 반응도 별로인걸 봐선.. 그냥 큰 기대없이 보러 가야겠다 난...  
20170925,10,예고편 9번 돌려봄 멋있다 숨어있는 무한매력..  
20170925,10,손기술 좋은 킹스맨들 반할수밖에 없을듯 ~  
20170925,10,최근에 개봉예정작중에 1순위로 보고싶어하는중  
20170925,10,평점테러 시작인가 알바새기들 드겁게많네 재미없으면 쳐보지말고 집에서 놀아 평점테러나 하지말고  
20170925,10,콜린퍼스 팬이예요 이번에도 놓치치않을겁니다  
20170925,5,1편도 별로고 흥행한 이유가 궁금.. 2편은 더 못한듯 당연히 안봄!  
20170925,10,1편과 같은 재미를 선사할지 기대된다.  
20170925,10,킹스맨 전편봤던거 아직도 생각난다 끝에 명대사 캬  
20170925,10,요새 다 이것만 기다리던데 ㅋㅋㅋ 역시 킹스맨  
20170925,10,Day-1 빨리 보고 싶다.  
20170925,1,알바들 너무 많아서 이 정도 로 조정 전편의 미덕이 하나도 안남음  
20170925,1,도대체가 뭐가 재미있다는 건지?? 알바들 너무 많음  
20170925,10,킹스맨2 안그래도 이거 벼루고있다 지금 개봉하는거 이것밖에 몰라 ㅎ  
20170925,10,와 드디어 모습을 드러낸다 이거 얼마나 보고싶었는데 ㅠ  
20170925,10,진짜 재밌겠다 남친 휴가나오면 볼거야 바로..ㅜㅜ  
20170925,10,이미 전편에서 보증된건데 따질거 전혀 없음~  
20170925,9,당연히 흥행하고 재밌을거란 생각이 절로 듭니다  
20170925,10,이번에 돌아올 배우들의 신선한 비주얼 빨리 보고싶네요 ㅎㅎ  
20170925,10,짜릿하게 돌아온 블록버스터 스파이 영화 !!! 기대된다진짜  
20170925,10,"속보. 킹스맨2 추석때 부모님 모시고 가신다는 분 믾이 계신데, 빤스에 손넣고 위치추적 한다고 하네요. 선택은 알아서  "
20170925,10,오 예고편만 봐도 심장이 찌릿거린다 소름돋아  
20170925,9,예고편본사람? 콜린퍼스 왜케 멋있지 총한번 겨누는게 ..  
20170925,10,진짜 이건 안볼수가없다 전편보다 더 스케일 커진거같은데  
20170925,10,즐길 준비 단단히 됬습니다.. 얼른 보고싶어요..  
20170925,9,킹스맨2 흥행이 시작되었다 ㄷㄷ  
20170925,10,에저튼 여전히 너무 잘생겼다.. 기대엄청하는중  
20170925,9,킹스맨2인데 말할것있나 당연히 보러가야지 ㅎㅎ  
20170925,10,여친이랑 전편봤었는데 이번에도 보러감 느낌이 새롭다 ㅋㅋ  
20170925,10,이제 얼마안남았다 ㅜㅜ완전좋다 킹스맨2 개봉당일 각  
20170925,10,하 몇일 안남았다 !@@@  
20170925,10,해외응딘데 1편보다 더잼씀ㅋㅋ  
20170925,6,"해외에서 오늘 봤습니다. 재미없어요. 할리우드 영화의 한계가 느껴져요. 오래된 기술들, 똑같은 스타일... 배우들 연기만 빼고 그 이외는 최악이요. ㅡㅁㅡ  "
20170924,10,아오 보고 싶어 죽겠다!!!!  
20170924,5,테런 에저튼 프로필좀 바꿔주세요..  
20170924,1,ㅋ 오죽 했으면 배우들이 영화를 봐달라고 돌아다니겠냐.  
20170924,1,이제까지 그래왔던 것은 그래도 되지만 지금까지 그랬지 않던 것은 그래서는 안된다.  
20170924,7,영화볼때 햄버거 강력추천  
20170924,10,역시 기대된다!!!!  
20170924,10,평론가 점수가 실화냐??  
20170924,10,평론가 점수가 너무 이상하네..재미없다는 뜻인가??  
20170924,6,방금 보고옴.(미국) 생각보다 실망. 앞으로 극장에선 안볼듯. 1편에서 영국적인 요소 색다른 액션에서 흥미로웠다면 이번엔 영국과 미국이 짬뽕되서 이도저도아님. 채닝테이텀팬인데 완전 헐. 액션도 딱히 기억남는거없고 미치광이처럼잔인하기만하고 엘튼 존만 짱  
20170924,10,개꿀잼영화가 후속작이 나오네요 이건 꼭 봐야 됩니다  
20170924,8,평식이형 6점이면 평작 이상이라는 건데. 다른 분들 평점을 보면 망작인 듯. 이동진 형님 평점도 궁금타.  
20170924,1,청불이라다행이네.급식들 없겠다~~~  
20170924,10,현기증 난다~ 빨리 보고 싶다 ㅠㅠ  
20170924,1,제일 싫어하는 영화 중 하나  
20170924,1,여성 성기에 위치추적기 넣는다니 정신이 제대로 박혀있다면 이건 아니죠  
20170923,6,평식이 형 점수가 다른 사람보다 높은 건 처음본다 ㅋㅋㅋ  
20170923,10,시크릿서비스 보다 잔인하다니 쏘~ 굿이군요 ^^ ㅎ  
20170923,6,박평식씨 6점.. 전문가평점 평균보다 높은거 실화냐?  
20170923,5,"액션은 좋았지만 내용은 글쎄. 뜬금포인 장면들이 많았고, 특정 캐릭터들의 난데없는 죽음은 어이가 없었다. 캐릭터들의 행동 뒤의 의도도 대부분 짐작할 수 없었다. 한 캐릭터의 배신도 정말 뜬금포였다. 극중 여성을 대하는 테도도 좀. 해외라 먼저봤습니다.  "
20170923,3,해외라 벌써봤습니다.  채닝테넘이 해리 총맞고 난 다음에 무슨 약으로 구해줍니다 근데 기억 잃었습니다. 에그시가 강아지 데리고와서 기억되찾아줍니다. 영화 개노잼입니다 보고나면 내말 이해합니다  
20170923,8,차 욕심난다  사고가나도 다닐수잇고 물속으로도다닐수 있고  볼만은한 추천함 액션 죽여줌 조금 아쉬운건 보다가 비위생길수 있음 팝콘먹다가 순간...  (8점)  
20170923,10,와 박평식이 제일 높냐ㅋㅋㅋㅋ  
20170923,8,전문가 평점에서 평식이가 젤높은거 실화냐???  
20170923,1,죽었던놈 살아나고 ㅋ 로튼 보니까 망  
20170923,8,어차피 병맛으로 보는 킹스맨 죽었던 매력남 돌아와도 용서한다  
20170923,8,평식이가 제일 평점이 높아  
20170923,6,방금 보고옴! 생각보다 별로임!  
20170923,10,평점에 스포하는 관종년은 뭐냐 진짜  
20170923,1,영국이라 IMAX에서 벌써 봤는데.. 1편의 통쾌액션 기대했다면 안 보는 게 나을 듯. 스토리도 지루하고 일단 기대했던 액션마저도 진짜 별볼일 없음....  
20170923,10,이 영화를 위해서 전작의 한정판 사틸북을 소장했댜능~뭔말이 필요하것어..시붕 걍 닥치고 보는거임..  
20170922,10,왜 청소년관람불가인가요....ㅠㅠ  
20170922,9,언제나 유쾌하고 감각적으로 사람을 죽인다.뻔하지만 재밌다. 그게 매력  
20170922,9,뉴질랜드 살아서  어제 개봉하자마자 봤는데 기대만큼 잼있게봤어요!! 병맛B급 액션영화라 진지빨고보면 당연히 뭐냐 싶겠지만 킹스맨은 원래 그런맛 아닌가요?  즐겁게봤어요~~~  
20170922,3,1편보다 못하다타국은 벌써 개봉해서 봤는데카우보이가 배신자라 분쇄기 썰려죽네  
20170922,10,페미니즘은 정신병 입니다.  
20170922,10,무대 인사 사건이 배우들 잘못이 아닌데 왜 ㅈㄹ들이냐.  불만 있으면 폭스코리아에다 말해 현실 찌질이들아.  
20170922,10,"제 인생영화 탑5안에 드는 영화에요 미국은 오늘 개봉해서 바로 봤는데 촬영기법, 스토리, 주인공, 반전요소 다 개쩜... 후유증 오래갈거 같아요ㅠㅠ 그리고 스웨덴 공주님 보고 반함 에그시 부럽다  "
20170922,5,"무대인사사태는 모르겠고,,,시사평이 그닥인게 걸리네요.1편 절반의 재미라는데 ㅜㅜ입소문 좋은 인비저블게스트를 봐야하나...  "
20170922,10,지금 막 미국에서 봤는데 넘넘 재미있었어요 ㅜㅠ 진짜 기대를 저버리지 않는 킹스맨!!!  
20170922,10,킹스맨이랑 토르 개봉하면 한국영화는 작살나야겠지  
20170922,1,킹스맨 무대인사 시사회 취소사태행사진행 미숙 수습처리 골때림 사과문 자정에 올리고 보상은 뻔한거를 준다하고...  
20170922,10,이쯤되면 매너가아닌 매가 사람을 만든다인듯 ㅎㅎ  
20170922,10,1편보다 더 재미있게 봤습니다. 화려한 액션과 관중을 들었다 놨다하는 유머와 익살 과거 007의 클랙식한 액션을 연상케 하기도 .... 바로 킹스맨의 매력이 아닐까 싶네요. 이보다 더 화려할수 있을지.... 10만점에 10점! 3편이 벌써 기대됩니다  
20170922,10,밑에 우루사 누구냐? 겜닉 모냐? ㅋ  
20170922,10,비록 무대인사는 그리됫지만 추후 깜짝팬미팅에 배우들잘못도 아닌데 노력하는게 넘 감동이였구요~영화시작과동시에 화딱지나서 안보려는데도 자꾸궁금해서 보게된 영화니 기대하셔도 좋을듯ㅋㅋ 3도 기대됩니다b^^  
20170922,4,"나는 물론 보고 이거 쓴다. 내가 네이버 여기저기 이거 보면 후회한다고, 이걸 볼 돈으로 잇을 보라고, 봤다면 기다렸다가 블레이드 러너 보라고 써놨다. 일단 머더뻐커가 안 나오는데서부터 비교가 팍 될거다. 다시 쓴다. 한달내로 토렌트 뜬다. 보지마라!  "
20170921,9,어제 시사회로 보고왔습니다.우선 아주 화가나고 당황하고 어이없는 와중에도 아주 재미있게 봤습니다. 시크릿 에이전트와는 느낌은 비슷하면서도 색다른 점은 많았습니다. 영화보면서 이렇게 다양한 기분을 느껴본적은 처음이네요. 전반적으로는 good!!  
20170921,6,팬심으로 보세요  너무 기대는 안하고  보심  됩니다.전작이 너무 괜찮게  나와서  3편 나올지 모르지만 기대해 봅니다  
20170921,10,개매너가 영아치를 만든다  
20170921,10,급식들 못본다 개꿀~~~~  
20170921,5,무인시사를 놓친 팬의 마음은 배우들의 재방문을 위해서라면 다시 한번 충성흥행을 보여줘야할꺼 같지만 영화사의 개같은 대응으로 그 에너지가 없어졌다영화 내용 욕하고 싶은데 고생한 배우들 욕하긴 싫다는 아주 모순적인 감정이 뒤섞이는 영화.  
20170921,1,유치한개그코드. 억지웃음  
20170921,6,여자악당나오면별로바빌론 A.D.<=쓰레기노크노크<=여주몸매죽임줄리안무어영화대부분 재미없음? 미안해요여사님ㅠㅠ포가튼<=쓰레기디아워스여사님은재미보다는 작품성에맞는분임2학년 증후군까지이모든악재에도 재미있다면 메튜본 당신은정말..살려는드릴게  
20170921,10,킹스맨2를 드디어 볼 수 있게 됬네요 27일이 기다려집니다  
20170921,10,추석 연휴때 영화관을 가야 되는 이유  
20170921,10,기대가 크면 실망이 크다는데 실망따윈 없었다ㅋㅋㅋ 무대 인사 못 본건 좀 아쉽긴 함ㅜㅜ  
20170921,10,좀 잔인하긴한데 이번 편도 진짜 재밌었음  
20170921,10,위트 넘치는 신사분들ㅠㅠㅠ 킹스맨 짱짱  
20170921,10,액션과 유머뿐 아니라 깨알 재미들이 짱 많아요~ 오랜만에 재밌게 본 영화였습니다~!  
20170921,10,개인적으로 요 근래 본 영화들 중 제일 재밌게 봤다!  
20170921,10,개봉하면 한번 더 보러 갈거임ㅎㅎㅎ  
20170921,10,킹스맨1은 열번도 더 본거 같은데 2도 그 정도는 더 볼 듯ㅋㅋ  
20170921,10,이번에도 멋짐 가득한 그들~! 특히 콜린퍼스는 이번에도 너무 너무 멋있잖아!  
20170921,8,1편보다는 아쉽지만 재미있는 액션무비였습니다^^  
20170921,10,더 강력해진 에그시의 귀환!!  
20170921,10,무대 인사… 너무 아쉽지만 영화는 진짜 재밌더라구요 속편인데도 작정하고 만들었던데 기대하셔도 좋을거 같습니다ㅎㅎ  
20170921,10,꼭 극장가서 봐야 된다는ㅋㅋㅋ  
20170921,10,재미와 액션을 둘 다 놓치지 않았네요 시사회로 보고 왔는데 개봉하면 남자친구랑 한번 더 보러 갈 생각입니다  
20170921,10,예고편만 봐도 재밌어 보이던데 기대해 볼게요~  
20170921,10,더 화려하고 더 화끈해진 킹스맨  
20170921,10,킹스맨만의 특유의 B급 액션과 유머는 진짜 최고!  
20170921,10,어제 롯데타워 갔다가 우연히 보게 됬는데 배우들 진짜 신사.. 너무 멋있었고 영화도 기대된다  
20170921,10,콜린 퍼스의 귀환을 환영합니다^^  
20170921,10,솔직히 속편이라 기대는 별로 안했는데 이 상태면 3편도 기대해 봐도 될 듯  
20170921,10,스토리 연기 연출도 좋았지만 나오는 음악들 또한 신의 한 수 였달까~  
20170921,10,와 드디어 킹스맨2를 보게 되다니  
20170921,10,무대인사 그렇게 된건 안타깝지만 그래도 영화는 재밌었다ㅋㅋㅋ  
20170921,10,"킹스맨이 보여주는 B급 유머, 액션! 벌써부터 설레는기분  "
20170921,10,킹스맨의 매력은 바로 약빤 재미라고 할 수 있지 ㅋㅋㅋ이번엔 또 어떤 약을 빨아줄까나ㅋㅋ  
20170921,10,매튜본감독의 귀환!! 벌써부터 기대도니다ㅎㅎ  
20170921,10,예고편만 봐도 설렘 가득…ㅋㅋ 추석에 꼭 보러가야징  
20170921,1,"매너가 사람을 만든다? 이딴 개소리하면서, 내한 무대인사 직전에 돌연 취소했냐? 인성이 쓰레기인것들아 http://m.edaily.co.kr/news/news_detail.asp?mediaCodeNo=258&newsId;=01210326616062416  "
20170921,2,완전 실망이다. 기대감을 갖고 보면 나처럼 급후회 한다.  
20170921,1,"한개도 아깝다, 폭스코리아의 어처구니 없는 실수로 정내미 떨어짐  "
20170921,1,영화 ‘킹스맨2’ 측이 갑작스러운 무대인사 취소에 대해 공식사과했다. 하지만 팬들의 분노가 쉽사리 가라앉지 않고 있다.용서할수없다. 우리가 킹스맨을 얼마나 좋으했는데 이렇게 하냐!대한민국이 만만한가  
20170921,10,시사회서 보고왔는데시사회는 ㅈ망했지만 영화는 개재밌습니다  
20170921,8,망삘임??  재밋는지보려햇더니 다시사회얘기밖에없네  
20170921,1,폭스코리아 하는짓이 너무 정떨어져서 1점드림  
20170921,5,1편보다 못한  허술한스토리구성에 공감가지 않는 장면이 많았습니다. 그리고 진행사의 매너없는 무대인사 취소까지  좀 씁쓸합니다.  
20170921,10,omg 최고. 2017년 최고의 영화. (토르를 보기 전까진)  
20170921,10,2는 1에비해서 부족함 그래도 배우들은 연기 잘해서 재밌게 봤습니다. 그래도 무대인사...하...이OO기폭스코리아 업무처리 방식에 화가나고 정말 답이 없는 회사라는걸 잘 알았습니다.  
20170921,1,시사회 매너....이건 아니지  
20170921,8,너무 많은 걸 하려다가 힘이 빠져버렸다  
20170921,1,이번편은 약빨이 다된듯  
20170921,1,매너가 사람을 만든다한국은 무시하냐  
20170921,10,콜린 퍼스만으로 볼만하다 무인취소는 정말 아쉽ㅠ.ㅠ  
20170921,7,나비박사 해리... 전편보다 다소 산만해진 느낌이지만 킹스맨다운 영화였다 진짜 병맛!  
20170921,8,시사회로 봤는데1편이 젤 잼난것같아요2편은 스토리가 좀ㅠㅜ카우보이 설정은 너무 별로임  
20170921,1,악역 너무 매력이없습니다  
20170921,8,오늘시사회에서 봤는데...걍 그저그랫음  신나는액션영화~ 더 화려해지고 스케일이 커졌는데 스토리는 1보다 조금 아쉬웟음. 전편이기는 속편은 없다고 햇지만... 속편 치고는 ㄱㅊ한듯. 킬링타임용으로 딱좋다  
20170920,1,진짜 영화가 쓰레기 집합소이다. 일편 팬인 사람들한테 이런 똥을 던져놓고 무대인사 취소라는 뒤통수까지...그리고 아무도 이유를 이야기 해주지 않았다  
20170920,10,정말 기대가 되네요. 이번에는 어떤것을 보여줄지  
20170920,1,시사회 사람들 영화관에서 다들 기다리는데 돌연 영화취소 영화대사처럼 매너가 사람을 만들길^^~  
20170920,10,기대이상이엇고 1편보다 재밋고 감동이고 꿀잼이어요. 부산 시사회 후기입니다.  
20170920,1,글쎄요... 영국이 아니라 미국영화가된거 같네요... 역시 미국은 약았어요. 성공하니 저렇게 출연해서 돈벌고... 예고편 내용도 미국이좋아하는 자극적인  액션만 있는듯...  
20170920,3,너무 만화적이고 작위적인 설정이 아쉽  
20170920,10,"개봉 D-7, 오늘 <킹스맨: 골든 서클> 예매 이벤트 1+1 예매권 3천장 10초만에 완판! ㅋㅋㅋㅋ (돌아버리겠네...) 얼른 보고 싶다!  "
20170920,4,스토리가  너무 인위적인것이 아쉽다...  
20170920,7,진짜 여성성기에....ㅡㅡ gps 넣어요???.. 헐.. 암만 청불이여도  
20170920,10,킹스맨 속편 완전 재밌겠군. 19금이면 전편보다 더 잔온한 악날한 영상이  한아름 대박 재미진 영화 완전 재밌여.  
20170920,1,로튼 74퍼에서 54퍼로 순식간에 내려감  
20170920,10,보고싶다 ㅠㅠ 킹스맨2 기대됩니다  
20170920,10,글쎄요 잘못눌렀다...  
20170920,5,3d로 보고싶은데 아쉽네  
20170920,10,"""매너가 사람을 만든다"" 기대됩니다~  "
20170919,10,정말기대가되는영화돈이아깝지않은영화~~~  
20170919,10,게다가 2시간 30분이나 상영한다.  
20170919,1,악당이던 발렌타인도 추적장치를 와인에 녹여서 먹였는데 왜 매너남이라던 킹스맨이 멍청한 여자를 꼬셔 핑거링해서 추적장치를 넣니?  
20170919,10,매튜본 특유의 감성이 고스란히 들어나는듯..  
20170919,10,"기존 배우들과 감독, 그리고 새로운 배우들까지. 기대하지 않을 수가 없다  "
20170919,10,내가 고딩때 ㅋㅋㅋㅋ킹스맨이 청불인줄 모르고 킹스맨1보러갔는데 뚫린 영화라 인상깊었는데 내용도 갓명작... 이건 무조건 본다  
20170919,10,빨리 보고싶어여 현기증난단 말이에여  
20170919,10,이번엔 음악들도 엄청 신경쓴듯. 예고편에서 잠깐씩 들리는 음악들도 내 취향저격 ㅋ 본편 기대된다  
20170919,10,태런애저튼ㅠㅠㅠ넘나 귀여웤ㅋㅋ  
20170919,10,이보다 더 반가울 수가있나.. 액션에서 희열을 느낄수가 있는 ~~  
20170919,10,킹스맨만의 매력을 느낄 날이 얼마 남지 않았다..  
20170919,10,에그시 더 능글 맞ㅇ자진거 같은데?ㅎㅎ 빨리 보고팡  
20170919,10,한달전부터 기다린영화ㅠㅠㅠ제발 시사회 가고싶어요ㅠㅠ  
20170919,10,에그시 볼 때마다 양원경 생각남  
20170919,10,완벽한 오락 영화가 탄생했다.. 개봉예정영화들 다 긴장할듯 ㅋㅋ  
20170919,10,추석 연휴에 무조건 봐야하는 거아님?? 개봉일도 딱이야 ㅋㅋ  
20170919,10,재미와 액션 두가지 모두 기대해도 되겠죠?ㅎㅎ  
20170919,10,화끈하고 화려한 액션 기대중입니다  
20170919,10,전편보다 액션도 더 멋있어 지고 음악도 좋아진듯?? 전편보다 나은 속편 없다던데 킹스맨만은 안그럴 것 같다  
20170919,10,무엇보다도.. 틸디공주가 다시 나온다는 점ㅋㅋㅋ엉덩이를 주신 그 분..  
20170919,10,줄리안 무어는 어떤 역할일지 궁금하네요  
20170919,10,B급 액션이 이번에는 어떤 이야기가 펼쳐질지 벌써부터 궁금..  
20170919,10,콜린퍼슨이 살아남은건 사무엘 잭슨이 피를보면 토하고 살인 잔인한건 못보는 성격인데 얼굴에 총을 쏘고 죽었는가 물어보는 장면에서 대부분 사람은 머리에 총을 쏘면 죽는다 라고 하고 확인하지 않음 눈만 관통하고 살아남은거임 누가 이송했는지는 2를 보면알겠지  
20170919,10,열라 잼날거같아여ㅠㅠㅠ1편보고 매니아 다됬는데 이번편 엄청 기대되네요  
20170919,10,킹스맨 골든 서클 영화엄청 재밌겠다꼭 봐야겠다  
20170919,10,콜린퍼스와 태런애저튼의 귀환이 반갑다~ 화려한 귀환  
20170919,10,역시 킹스맨은 매튜본감독이지ㅋㅋㅋ 이미 해외평도 좋던데 빨리 보고싶다  
20170919,10,"초장부터 숨도 못쉬게 밀어부치는 액션, 짜릿하다!  "
20170919,10,Elton John의 속이 시원해 지는 통쾌한 음악과 함께 킹스맨의 액션 그대로를 즐기길  
20170919,10,아.. 벌써 담주 개봉.. 이번에는 어떻게 나올지 설렌다  
20170919,10,1편에서는 황홀한 카타르시스를 주더니 2편에서는 스펙터클한 미친 액션으로 돌아왔다  
20170919,2,킹이니 골드니 좋은 단어는 다가져다 붙여놨네. 어찌보면 제목이 유아틱하고 유치하다.  속편은 더더욱 노잼이  
20170918,10,이런걸 돈주고봐야지 1편 너무 재밋어서 아직도 생생허게 기억 난다 부디 1편이상으로 만들엇기를  
20170917,10,마이 기다렸다. 니들 다죽었어!ㅋㅋ  
20170917,8,추석때 보면 되겠네..  
20170917,10,영화평론하는 ㅈ문가들아 니 인생이나 앞가림 잘해라  
20170917,10,이번엔 어떤 약이 첨가되어 있을까  
20170917,10,"킹스맨1 편을 보고 하루종일 맴돌았던 그 말.Manners, maketh,man.  "
20170916,10,겁나보고싶은데 19세여서 못봄 1편보니까 별로잔인하고 야한것도 안나오던데 무편집으로 걍 15세 만들어주면 안됨?  
20170916,10,설렌다 퇴근하고 보면 딱좋을듯  
20170916,10,한국영화는 쓰레기입니다  
20170916,10,청불로 나와서 천만다행!  
20170916,10,"에이전트이름부터웃기네 샴페인,위스키ㅋㅋ 이름짓기귀찮았나봄  "
20170915,10,"""별명 없습니다"" 너 일베충이지? 구더기새끼야  "
20170915,10,영화는 재밌을거 같은데 영화가 맨날 왜 청불 이에요..ㅠ.ㅠ  
20170915,10,꼭볼꺼야 신세계미국이돌아왓다미개한조센징 영화는다치우고고 버리고불태우고 골든서클 스크린쫙깔자  
20170915,10,반일반미에 좌익에 찌들은 한국영화 100편을  보느니 외화물을 1편을 보는게 낫다  
20170915,10,Manners...Maketh.. Man...!!!  
20170915,10,콜린퍼스안죽음?? 그럼발렌타인조질때좀도와주지 왜안도와주냐  
20170914,10,"9월은 킹스맨, 10월은 토르 핡 너무 행복해  "
20170913,5,일단 기대해 보자...  
20170913,1,솔직히 2는 재미없을거같음  
20170912,10,약간좀 억지스러운게있긴하다 1편에서 해리가총맞은게 5m거리라치면 총의관통속도로따지면 회전압에의해서 앞은 눈만맞았다해도 뚫고나갈때 두개골뒤가뚤리는데 어떻게살수있는거지 차라리 몸을맞았고 슈트속무언가가살린설정으로가지  
20170912,10,킹스맨 팬인데..사람들 기대가 너무 커서 혹시 평점 안좋을까봐 걱정된다ㅜㅜㅜ  
20170912,10,콜린퍼스가 내한한다구요 너무 좋아여  
20170912,10,본편 보다 나은 속편 없다라는 말로 도배될듯....ㅎㅎㅎㅎ  
20170912,10,킹스맨은 무슨 일이 있어도 꼭 봅니다! 기다리고 있어요. 3편 제작준비라고 해서 든든함. 좋은 작품 만들어주세요!  
20170912,10,안봐도 명작임 이 영화는  
20170911,5,이번엔 청불아니지 좀 어린것들도 보자  
20170911,10,빨랑 보구싶다  멀엇는데 지금부터 광고하냐? 보구 싶게  
20170911,10,이거 영화 청불 이에여?  
20170910,10,킹스맨 시대가 온것 같음 ㅎㅎ  
20170909,10,Manner (철컥) maketh (철컥) man  
20170909,2,무슨 카우보이.. 그냥 영국신사로만 가지.. 예고보니 1편보단 너무 떨어지는듯.. 아쉽네  
20170909,10,콜린퍼스가 살아돌아온것만으로도 일단 10점 난 주겠네  
20170909,10,진심 기대된다 얼마나 기다렸던가.. 예고편으로 봐선 청불일지 아닐지.  
20170909,10,보고 싶은데 캐나다에서 유학 중이라 한국어 자막 형식으로는 볼수가 없겠네요..  
20170909,10,아ㅠㅠㅠㅠ  드디어!!  
20170909,10,벌써 3편확장이라는 것을 2편하고 3편 이어질듯  
20170909,10,이야아 초 기대작이다. ㅎㅎ  
20170908,1,안봐 이딴 사람 약올리는 이벤트하는 영화야  
20170908,10,콜린퍼스.. 무조건 보러갑니다♡  
20170908,10,너무 기대됨. 노인네 같이 네모난 안경 왜이리 멋있ㅇ어  
20170908,10,공주랑 뒤로하는 부분부터 이어지는거 맞죠??  
20170908,10,맥크리 석양이 진다 지려버렸구요  
20170908,9,남한산성이 킹스맨2에 쫄아서 개봉일까지 연기했다고 들었음  
20170908,10,완전기대된다 기다리는게 힘들어 ㅠㅠㅠ  
20170907,10,볼거야! 꼭 볼거야!!!  
20170907,10,미성년자들 죄다 불다로 킹스맨 봤네ㅋㅋ  
20170906,10,진정 빨리보고싶당~ 아흑!  
20170906,10,....기대됨 전편은 매우 재미있고 인상 깊었었다  
20170906,10,12312314564564561  
20170906,10,꼭 봐야징....기대기대!  
20170906,10,개봉하면 위스키 명대사 또 누이죽고 조카죽고 난리 나겠네  
20170905,10,제발 청불아니어라ㅜㅠㅜ킹스맨 겁나 좋아하는데 영화관가서 꼭 보고싶다ㅜㅠ  
20170905,10,병맛이 돌아온다아아아  
20170905,10,영화 10년차 딱봐도 위스키라는 채찍 휘두르는 인간 배신자 다 백퍼 ㅋㅋㅋ 봐라 영화  
20170903,10,제발 심의등급 15세로 해주세요ㅠㅠ 정말 보고싶습니다  
20170903,10,"Manners, maketh, man. Do you know what that means? Then let me teach you a lesson.  "
20170903,10,you know what that mean?  
20170903,10,이 놈들... 드디어 돌아왔구나  
20170902,10,콜린퍼스 빨리 보고싶어요!!!!어떻게 기다리지..  
20170902,10,"1도 재밌게 봤는데 2도 기대된다 ,,  "
20170901,10,빨리 보러가고싶습니다.  
20170901,10,Manner Maketh Men  
20170831,10,캐스팅 죽인다 . . . .  
20170831,10,해리가 살아서 악역 대뽱으로 나왔으면 좋았을텐데...아닐려나~  
20170831,10,어머~이건 남겨야되ㅋㅋ추천글에 왜 비공감이 많지? 킹스맨 안 본 사람들이 비공감 누르고 있네ㅋㅋ  
20170831,8,"다 됐고, 콜린퍼스 빨리 보고싶다!!! 근데 외 한쪽눈 가리고 그럼 못써...  "
20170831,10,개봉일 당장 가서 봐야겠다ㅋㅋ  
20170829,10,매일매일 포스터가 바뀌는...  
20170828,10,사무엘잭슨안나오네...하긴 살아돌아오면 골치아파..  
20170828,10,보고시포~ㅎ또보고시포~ㅎ  
20170827,10,포스터가 구리다는 사람은 뭐야 ㅋㅋ 킹스맨은 저래야지  
20170827,10,너무 기대된ㄴ다 흓ㄱ흑흗흣ㅅㄱ  
20170826,1,포스터 이따위로 만든 고집 쎈 그사람 누구냐  
20170825,5,포스터 왜 저렇게 나왔냐...ㅠㅠ  
20170825,10,영화는 A+급영환데 포스터수준은 B급영화네  
20170824,10,빨리 빨리 보고싶다! 후속편도 흥행하길  
20170824,10,찰리가 다시 나오는 이유가 에그시 반지에 전기충격 때문에 칩이 손상되어서 머리가 터지지않았을수도 있는데 ^^  
20170823,10,전작만큼 병맛으로 만들었으면 좋겠다.  
20170822,10,"포스터 타이포, 레이아웃 완성도 실화냐고... 문구로 어그로 끄는것도 완성도가 따라줄때나 와닿는건데ㅜㅜ 배급사 대체 에그시랑 해리한테 왜그래요?  "
20170822,10,영화 기대하고 있는데 포스터 누가만든거임?개구려  
20170821,9,포스터 왜자꾸 이상하게디자인하는건데 ㅋㅋ  
20170819,10,킹스맨1부터 2부터 3까지 나와라!  
20170818,10,아니.. 저번에 예고편 한글자막도 그렇고 포스터 진짜... 말도 안나온다....ㅋㅋㅋ  
20170818,10,포스터 왜저럼 개구려....  
20170818,10,와 포스터 왜이래요...  
20170817,10,영화 포스터 ㄹㅇ 실화냐?  
20170817,10,영화: ''매너가 사람을 만든다'' 현실: ''책이 사람을 만든다''  
20170816,10,네이버 포스터 이미지 바꿔라...  
20170816,5,이유가 있겠죠 저게 끝은 아니겠죠 포스터 정말 저게 다는 아니겠죠... 킹스맨 너무 기대했는데 포스터가 너무 안어울려요... 보고싶지않아졌어요..속상해요  
20170815,9,예고편만봐도알겠다이건전세계최고야!!!  
20170815,10,굳이 말을 할 필요가 있나?  
20170815,10,개노잼이다ㅋㅋㅋ킹스맨ㅋ  
20170814,6,킹스맨 너무 재밌고 좋은데 이번 포스터...뭐냐..ㅠㅠㅠㅠ포스터 디자인하신분 나오세요..ㅠㅁ ㅣㅏㅜ퍼미ㅠㅠㅠㅠ  
20170814,10,새로나온 포스터 웰캐 촌스럽냐  
20170814,10,무적권 세본본다 진짜로  
20170813,10,킹스맨 시크릿 에이전트 너무 재미있었어요 후속작을 어찌 안 볼 수 있겠습니까 개봉하자 마자 바로 달려가서 볼겁니다 !  
20170811,10,Manners makes man.  
20170810,10,20살이라서 드디어 영화관에서 본다 개즇아~  
20170809,10,테런에거튼보다 콜린퍼스때문에 기대되요 헤리가 안나왔음 안봤을거임 ㅎㅎ  중년의섹시함을. 보여준 콜린퍼스 기대됩니다요  
20170809,10,완전 기대중!!! 빨리 보고싶어요ㅠㅠ  
20170807,10,1편을 영화관에서 안봤는대 2편은 꼭 가서봐야겠음 마누라도 엄청 기대중임 ㅋㅋㅋ  
20170806,1,포스터 실화냐..? 디자이너 누구야 나와  
20170806,10,킹스맨이 짱이야♡♡♡  
20170805,10,쥬글것같아ㅜ 빨리 개봉해라ㅜ  
20170805,10,왕겜에 오베린 나온ㄷㅏ  
20170805,10,청불이 아니었으면 좋겠다아-  
20170804,10,킹스맨 죽을때 너무 슬펏다 ㅠㅠ  
20170804,10,정말 기대되는 인생영화  
20170803,10,해리가 어떻게 살아난 건지 알고싶네... 살아있다니 다행이야 엉엉 ㅠㅠ  
20170803,10,진짜 너무 보고싶다ㅠㅠ 요번에도 청불이겠지..?  
20170803,10,매너가 (철컥)사람을 (철컼) 만든다(철컼..!(두둔!!  
20170803,10,출연진들이 어마어마. 기대됩니다  
20170803,10,몇달전부터 개봉날만 기다리고 있는데 너무 멀당 ㅠ  두달이나 남았네 ㅠ  
20170802,10,킹스맨 꿀잼인데 좋아!  
20170802,10,출연자에 콜린이 있네?feet(살아났군)  
20170731,4,1탄에서 죽여놓고 인기있으니까 다시 살리는거 보소.. 예수냐?  
20170730,10,가끔은 이런 꽉찬 B급을 느끼고 싶다  
20170730,10,기대기대^^매튜본 감독 역시 앙기모띠한것만 만드니까 기대됨  
20170730,10,매튜본느님ㅠㅠ당신의 배운병맛을 믿숩니당  
20170729,10,이번꺼도 청불인가요....?  
20170729,10,올해는 건질 영화가 별로 없네요 믿습니다..킹스맨..  
20170729,7,영국의 젠틀 요원을 이것보다 더 잘 표현 할 수 있을까!그러나 좀 아쉬운 점은 좀 더 설득력 있게 킹스맨이 완성되는걸 그렸다면  
20170728,10,18살이라 아쉽다ㅜㅜ  
20170728,8,콜린 퍼스가 왼쪽눈을 다친 듯 하다. 그런데 마지막 장면에서는 오른쪽 눈을 가리고 있다. 뭐지?  
20170728,10,매너가 사람을 만들고 사람은 책을 만들고 책은 사람을 만든다 킹스맨 췍길만 걷자♡  
20170728,10,제일 명대사는 그거 아님? 공주 : 뒤로 하게 해줄게.  
20170728,10,우와! 꼭 보러 간다!!  
20170728,10,나오기만 해봐라~1빠로 봐줄테다  
20170728,10,FROM 기네스 TO 버드와이져  
20170728,10,manner makes man  
20170728,10,무엇보다 감독이 다시 매튜본이라는 사실에 지렸다....최초의 2편이 될 것이다.  
20170728,1,킹스맨이나 은위나 ㅋ걍 배우들 멋있어서 재밌다고 해라 빠순이들아  
20170728,10,난 이미 볼 준비가 되어있다. 개봉만 하면 된다.  
20170728,10,제발 진짜청불아니기를..1편도 별로 잔인하지는 않았는데.. 제발 영화관에서보고싶다ㅡㅠ  
20170728,10,그냥굿이네요 ^^;;하하하  
20170728,10,킹스맨 제목만으로도 이미 재미있다  
20170728,6,007시리즈 저주에 걸린 할리베리 나온다 이영화 망했다 폭탄이다!!피해라  
20170727,10,쩐다... 이말 밖엔...  
20170727,10,믿고 보는 영화!!!~~  
20170726,10,살아 돌아온 콜린 퍼스!!  
20170724,10,메튜본 영화는 믿고봐도 된다 킬빌 느낌이 나서 특히 더좋다  
20170723,10,무조건 극장행 4D로 봐야지 ㅎㅎ  
20170722,10,이번에도 청불인가요... 1살만 더 많았다면 힝ㅠㅠㅠㅠ  
20170719,9,"""매너가 사람을 안 만든다""  "
20170718,10,이런영화는 무조건 10인데 아제발 10점좀 만들어보게요 네이버 최초 평점 10점요. 킹스맨이 다른영화에 비해서 못한게 뭐가 있나요 완전 완벽자체 영화인데 ;;  
20170718,9,영국의 수트 vs 미국의 청바지  
20170716,1,느금마 느금마 느금마 응 느금마  
20170714,10,뒤로하는거부터 시작 맞죠??  
20170714,10,이 영화가  제일 보고 싶은 영화네여  
20170712,1,컹s맨 이거 우리 보겸이형 베낀거아님?ㅋㅋ 코와이네~  
20170709,1,0점을 못조서 1점드립니다.  
20170709,8,참신하고 멋진 액션을 다시 보여줄 수 있을까  
20170709,10,아...빨리보고싶당 기대되용~~  
20170709,10,이번에도 19세인가...  
20170705,10,꼭 보고싶은데...미자네요..  
20170629,10,최고로기대됩니다...  
20170627,5,개봉도안한영화인데 왜10점주나요?? 네이버는 이런거단속안하냐?  
20170623,10,스테이츠맨이라니. 죽인다  
20170623,10, 올해 내가 제일 기다리는 영화. 빨리 보고싶다  
20170620,10,솔직히 킹스맨 보고 진짜 대박이었는데 완전 기대감  
20170619,10,다행이다. 콜린퍼스를 다시 볼수 있고 감독과 출연진에 변화가 없다는게 ㅋㅋㅋ 이번엔 무슨 약빤 퍼포먼스를 보여줄지 기대된다.  
20170618,10,드뎌~ 개봉일자 잡혔구나~ 완젼 기대~ 1편 넘 재밌었어~!!!  
20170618,4,"컹스맨, 컹4(s?)맨,KeongSMan  "
20170618,10,헐 꼭 보고 싶어요. 콜린퍼스!!  
20170617,10,왜 이번년도에 내가 고3일까 ㅠㅠ 흐으고으흑규흐 ㅠㅠㅠ 흐허하헝  
20170617,10,콜린퍼스ㅠㅠ 우리 해리!! 보고싶어어ㅠㅠ으엉 살아돌아와줘요ㅠㅠ  
20170616,10,정중하고 섹시한 스파이들. 어찌 기대를 안 할수가 있겠나?  
20170613,10,이번건 카우보이들하고 붙는가보네....기대기대..  
20170611,10,기대 만빵중입니다 아자아자  
20170609,10,15세 아싸 꼭 본다 ㅠㅠ 아빠랑 봐야지  
20170607,10,진짜 미친듯이 기대된다  
20170602,10,기대반 걱정반....  
20170602,10,지렸다진짜.... 볼때마다 소름  
20170530,10,킹스맨 =믿고주는10점  
20170525,1,노!!!!~~~!!!!우!!!!~~~!!!!잼.  
20170525,10,콜린퍼스 사랑해 꼬ㄱ 볼ㄹ 것읻 ㅏ  
20170521,10,하.. 이영화 나오면 난 이미 군대에있겠지..? 영화관에서 꼭보고싶었는데 ㅠ 눙물나는구만 ㅠ  
20170518,10,오마이갓....해리...?  
20170518,10,올해 최고 기대작!!!  
20170517,10,다 좋은데 9월 개봉 좀 멀다  
20170516,10,안봐도 비디오~~ 아니 영화다  
20170513,10,21C 현존하는 베스트 헐리웃 테크놀로직 브리티쉬 트릭bb  
20170510,10,굉장히 기대된다 요번 킹스맨은 또 어떤 내용으로 다시한번  날 감동시킬지....  
20170509,10,manners maketh man  
20170506,10,킹스맨은 청불만 아니었으면 천만 갈거 같았는데이번엔 15세 관람가니까 천만갈듯  
20170505,10,꼭 봐야할 영화 꼭 봐야할 영화  
20170503,10,007시리즈를 위협할 21세기의 시리즈.  
20170502,10,콜린퍼스 때문에 보는거지..  
20170502,10,해리가 본격적으로 타락할건지에 대해서 기대가됩니다ㅎㅎ  
20170501,1,다 알바야 10+8 예고편만 보면 최악인데 007 시리즈도 아니고 그보다도 못한듯  
20170501,10,""" 인내심이 사람을 만든다""  "
20170429,10,피보면 구역질하는 악당때문에 해리는 살수 있었던거야?콜리퍼스 격하게 환영합니다~~♥  
20170428,10,Manners(철컥) Maketh(철컥) Man(철컥)  
20170427,10,예고편보고 지린건 나뿐인가???  
20170426,9,채닝테이텀도 나오네ㅋㅋㅋ  
20170426,10,무조건 10점 찍어라.!  
20170426,10,예고편 급소름!!! 무조건 빨리 보고싶슴다!!!!  
20170425,10,이야아아 매튜 본! 1처럼 약 빨은 연출을 기대해보죠!  
20170425,10,해리 결국엔 살았나ㅋㅋ  
20170425,10,예고편 1분 3초 ㄷㄷ 지리네 몸매  
20170425,10,영웅은 죽지 않아요~ 죄값을 치를뿐  
20170425,10,크...브금 초이스 지리고 액션씬 역시 눈부시다  
20170425,9,이번엔 세상을 구하면 뭘 줄까?  
20170425,10,This shit ain't that kind of movie.  
20170425,10,이번엔 청불 아닌가바요  
20170425,10,청불이겠죠???..  
20170425,10,개봉하면 내한올텐데 오면 제발 두유노~ 하지마라  
20170425,10,예고편 보니 해리 살았네..!!  
20170425,10,귀저기 차고가야겠다 저번에 똥 오줌 다 지렸음  
20170423,10,"If you are prepared to adapt,  you can transform.  "
20170422,10,manners makes man.  
20170422,10,뭔가 아서가 죽었으니 해리가 아서가되지않을까 살아있다면 갤러헤드는 이미 에그시가 됐고..  아님 말고  
20170422,10,감독님 사랑해요 'ㅁ' Trailer만 엄청 많이본듯..ㅠㅠ  
20170420,7,찰리 머리터져서 죽었는데 콜린퍼스처럼 부활하는건가요;;;  
20170420,10,2년전에 600만돌파 했으니까이번엔 700~800만 예상해본다.  
20170420,8,"영국 킹스맨, 미국 스테이츠맨, 한국 김치맨  "
20170419,10,전무후무한 스파이 액션 완전 기대됩니당!  
20170419,10,전작 너무 재밌었는데 이거도 기대됨  
20170418,10,2 나오고 예능에서 킹스맨 패러디 엄청 하겠군 특히 무도 식스맨2 하는건 아니겠지??  
20170415,10,얼른 개봉햇으면 좋겟다 개봉할때쯤이면 군생활1년남내 ㅎㅎ  
20170415,10,킹스맨이니까별점십점  
20170415,10,킹스맨이 15세로 되면 재미가 잇겟냐~ 급식충들은 까불지말고 발 닦고 잠이나 자고 군대나 가버려~  
20170403,10,캐스팅.. 이건 무조건 봐야 되겠다  
20170403,10,요즘 진짜 극장에 볼만한 영화 없는데 마침 잘 됐네 ^~~^  
20170331,10,너무 기대되고 설레서 미치겠어요ㅠㅠㅠ 6개월을 어떻게 기다리지... 노파심에 하는 말이지만 전편에 못미치는 속편이 되지 않길..매튜본 믿어요 청불이길 바람!  
20170330,10,이번에는 15세로 하죠..  
20170328,10,빨리 개봉해주세요 현기증나요  
20170328,10,"""매튜본이 명작을 만든다""  "
20170326,10,(철컥)매너가(철컥)사람을(철컥)만든다(철컥)  
20170325,9,솔직히 과감한 영화 청불 안하면 기대안된다 .... 뭔가 자유로움이  한정된다고 해야될까... 청소년분들은 좀 안좋게 생각하겠지만 ㅎㅎ ;;;  
20170323,10,솔직히 어떤 방식으로 살아나도 납득할듯;; 영화자체가 존나 골때려서ㅋㅋ  
20170321,10,1편이 하나의  거대한 시험이었고 콜린퍼스 맞은 것도 공포탄이고 그럼 개꿀  
20170311,8,1편을 워낙잘만들어서 2편이 기대이하일까봐 걱정되네....  
20170306,10,"에그시, 사랑해~~~~  "
20170306,10,무슨말이 필요합니까 믿고보는 킹스맨  
20170302,8,스토리만 잘살려보자. 1편 액션은 정말좋았어.  
20170302,10,"""매너가 사람을 만든게 아니라,사람이 매너를 만든거다""  "
20170225,10,믿고보는킹스맨~~ 정말 사이다같은영화  
20170225,10,끝까지본다 최고의액션영화  
20170224,10,이번에는 반드시 하늘이 두쪽나도 영화관에서 볼테야 ㅠㅠ♥  
20170221,10,완전기대됨 빨리나와라  
20170221,10,완전 기대됨 1편만큼 멋진작품 나오길  
20170221,7,여배우 둘다 이 영화에 안어울릴것 같은 느낌... 왠지 캐스팅에 비해 알맹이는 1탄에 훨씬 못 미칠것같은 불길한 예감...  
20170219,10,콜린퍼스가 어떻게 살아나는지가 제일 궁금하네요.  
20170219,10,해리가 돌아온다는 것 만으로도 매우 반가운 소식인거 같다  
20170219,10,콜린퍼스 안나오면 한국 관객 최소 절반 이상은 안볼듯 다헹이네  
20170219,10,'Manners maketh man'  
20170212,10,"콜린 퍼스 없는 킹스맨은 킹스맨이 아니다!!!! 게다가 에그시, 채닝 테이텀과 콜린 퍼스 조합이라니 완전 기대됨 !!  "
20170210,10,하...콜린퍼스 너무 섹시해...우리 에그시도 윙크하는거 존나 귀엽다고오오오 빨리 2편을 내놔라!  
20170125,10,콜린 퍼스: 내가 죽은 줄 알았지? feat(돌대가리)  
20170124,9,콜린퍼스가 다 살려놓은 킹스맨1인데 2에서도 나오다니 핵잼이겠네 ㅋㅋ  
20170122,8,레넏드 스키너의 Free bird BGM 에 맞춰 신나는 격투신  기대한다!  
20170120,10,씨~발 그냥 이건 씨~발 숨못쉰다 지려버렸죠?  
20170116,10,"킹스맨, 나한태는 새로운 액션의 틀의 시작??  "
20170114,10,콜린퍼스 안 살려내면 20세기 영화사 폭파시킨다  
20170112,10,콜린퍼스 진짜 겁나멋짐..  
20170106,10,니가알던내가아니야-쇼미5중-  
20170101,10,놀란 매튜본 무조건믿고봐도되는 감독들  
20161205,10,킹스맨100번돌려보고 영어의 신이됨... 2도 기대함...  
20161204,9,미자탈출했을때 꼭 영화관에서 봐야지  
20161129,10,굿 무조건 보러갑니다~~  
20161129,10,출연에 콜린퍼스떴다 소리벗고 팬티질러!!!  
20161125,10,이거 언제 나오나요ㅠㅠ이러다가 현기증나서 쓰러질듯  
20161120,10,점프스트리트 채닝 테이텀 나오네 ㅋㅋ  
20161111,10,본지 좀되엇는데 2편이 나온다는 소식을들엇습니다. 작중에서 해리의 MANNERS 부분이 인상적으로 와닿았는데 이번 차기작에서도 멋진모습을 기대해봅니다.  
20161030,10,MannerthMakethManth크흐 엄청남 명대사  
20161018,10,이런 영화는 드문거 같다  
20161009,10,아 콜린퍼스오빠ㅠㅠㅠ진짜 수트빨 장난없고 심지어 문잠그는 소리도 너무 멋있었다...마지막까지 스릴 넘치고 눈을 뗄 수가없었다..그냥 다 사랑스럽다 심지어 킹스맨양복점에 마네킹도..ㅋㅋ빨리 개봉됬음좋겟다 킹스맨2에선 어떻게 다시 돌아올건지 너무 기대된다  
20161005,10,킹스맨 만큼은 혼자서라도 극장에 갈거다아아 ㅜ  
20160928,10,이 영화에 제프 브릿지스 아재가 나와요!  
20160919,10,세상을 구하면 뒤로 넣게 해줄게요 26 25  
20160916,10,"꿀잼..,.,.,.,...,  "
20160912,10,끄악 미친 투나온다니 ~~~~ ㅎㅎㅎㅎ 너무 행복하다 내년에 개봉갑시다!  
20160912,10,"콜린퍼스 없는 킹스맨은 생각할 수 없지, 분명히 살려낼거다  "
20160911,10,과연 콜린퍼스를 어떻게 살리실지..!!채닝 테이텀이랑 비니 존스랑 쉬즈더맨 이후로 다시 만난다니ㅠㅠ♥  
20160911,10,콜린퍼스 살아나는거 맞네 포스터에 나의 죽음에 관한 보고서 과장됐다고 나오는거 보니  
20160908,4,왜일까? 킥 애스 2가 생각나는 불길함은  
20160907,10,세기의 명작 ㅎ 콜린퍼스 무사히돌아왔으면좋겠네요 킹스맨이 쉽게죽을리가있나  
20160828,10,콜린이 돌아온다고? 이건안보면 말이안됀다  
20160827,10,교회씬에서 free bird라 흘러나오며 학살하는 장면을 아직도 보고있음 그런 명장면 또 기대함  
20160825,10,근데 킹스맨이 한국 덕분에 성공해서 중국 개봉했는데 한국에 콜린퍼스 오실거죠 ? 중국 먼저 들르시면 안됩니다... 실망함...한국 을 배경으로 해서 킹스맨2 촬영한다는거 어찌된거임 ?  
20160822,10,빨리 보고 싶은 영화 입니다.  
20160821,10,이번에는 어떤 약을 들고 오실건가요?  
20160816,10,이번에는 700만 가자.ㄷㄷㄷ  
20160816,10,일단 킹스맨은 10점ㅁ  
20160813,10,콜린 퍼스가 돌아온다는 시점에서 이미 10점을 주기에 충분한거같습니다  
20160806,10,해리하고 에그시 빨리 보고싶어요♥  
20160728,10,콜린퍼스가 2탄에도!  
20160727,1,내가 최초의 1점으로 가주지  
20160724,10,10점 유지해봐요 형님들 네이버평점 10점 영화만들자  
20160723,10,엘튼존도 나오네 ㅋㅋㅋ  
20160722,10,진짜 기대된다 빨리 개봉했으면 좋겠다!!  
20160720,10,캐스팅 보소 지리겄소 ..  
20160719,10,워....조용히 입다물고 기다리고있겠습니다  
20160719,10,해리하트 보고싶다...ㅠ ㅠ  
20160716,10,콜린 출연 확정ㅠㅠ다행이다ㅠㅠㅠ 감사합니다 감독님  
20160716,10,콜린 퍼스가 다시 살아나오기보다는 그냥 과거 회상으로 좀 등장할듯..해리 살ㄹ려내!!!! 제발 해리 좀!!!  
20160708,10,진짜 기대된다 1편을 너무 재밌게 본 듯  
20160701,10,사랑해요ㅠ0ㅠ 콜린..태론..ㅠ0ㅠ  
20160621,10,말이 필요없다... 10자  
20160604,10,매가 사람을 만든다 이번에도 뚜까 팹시다  
20160531,10,킹스맨. 말이필요함?  
20160529,10,헐 채닝테이텀도 나와!!!ㅋㅋㅋㅋ대박  
20160526,10,찰리가 다시 나온다고?!  
20160511,10,해리 살린다면서요!!  
20160508,10,다들 콜린 퍼스 나오는 거에 집중하는데 조연에 찰리 등장하는 게 가장 이상한 것 같은데?(참고로 1편에서 파티장에서 에그시한테 펀치맞고 머리 터져 죽었을 애가 찰리임) 콜린 포스 출연 확정이면 프리퀄일 가능성이 가장 높을 듯  
20160506,10,Manners maketh man.  
20160506,10,"킹스맨 성공적, 식스맨 개10폭삭망  "
20160420,10,헤..헤헤.. 미국지부에 해리 복귀... 믿습니다 매튜 본ㅠㅠ  
20160416,10,나도 이제 19영화 볼 수 있다! 감독님 전작처럼 액션도 웃음도 머리도 빵빵 터지는 작품으로 만들어주세요! 반드시 극장가서 보겠습니다!  
20160415,10,총맞는 부분 자세히 봐도 시체는 자세히 나오질 않았고 맞을때 피는 튀겼지만 정확히 어디를 맞았다는건 나오질 않았다. 그래서 살릴수도 있는거고 야인시대 김두한 머리에 총맞았는데 살지 않았나?? 보통은 또 시체 확인도 할텐데 확인 장면도 없었지  
20160414,10,1편 봤는데 스파이 액션의 새로운 장을 연 진짜 명작임! 15세 관람가로 만들어져서 영화관에서 제대로 볼 수 있으면 좋겠다.  
20160413,10,킹스맨. 무슨말이더필요함?  
20160412,10,해리는 않나와도 일단 10점 manner's makes man  
20160412,10,"해리가안죽었다고생각한이유1.해리가교회가기전에에그시한테집에서기다리고있으라함2.발렌타인이가젤에게해리가죽었냐고자꾸물어봤을때""not yet""이라는단어를여러번강조함3.발렌타인은피를못봄다시말해확인사살은없었고가젤또한'""보통사람이라면""죽었겠죠  "
20160410,10,킹스맨 2 완전 기대된다 - 그리고 콜린퍼스는 무조건 살아난다  1탄에서 뭔가 허무하게 총맞고 죽을 때부터 알아봤음  
20160410,10,전세계 격투씬에서 노래 'give it up'흘러나올떄 진짜 개흥겨웠는데 2편에도 부디 이런 장면 많이 나와주길..장르가 코미디가 추가되니 또 어떤 코믹한 요소가 추가될지 기대되는군..  
20160410,10,"""매너가 사람을 만든다""  "
20160410,10,아무 이유가 없다 그냥 킹스맨이니까..  
20160409,10,청불영화가 600만을 넘었는데 후속편을 어찌 기대를 안 해요. 거기다 콜린퍼스가 촬영장에 나타났는데ㅠㅠ  
20160409,10,"""매너가 사람을 만든다""  "
20160409,10,언제 나오냐 빨리 보고 싶다  
20160409,10,콜린퍼스- 나의 죽음에 대한 보고서는 매우 과장 됐다 ps/방탄안경  
20160409,10,나의 죽음에 대한 보고서는 매우 과장 됐다  
20160409,10,"태론에저튼, 그가 진정한 신세대 스파이가 무엇인지 확실히 보여줄 것이다!!  "
20160408,10,콜린퍼스 살린다며...살려준다며!!!우리 해리 살려내!!!!그렇게 섹시한 캐릭터를 만들어놓고 1회용으로 쓰냐!!!  
