0,1,2
20170110,7,미스터앤미세스랑 상당히 비슷해보이는데..  
20170109,8,주인공들의 연기가 너무 좋네요 잘 봤습니다.  
20170109,10,감동스릴 괜찮았음 늙어도멋진 브래드피트  
20170109,10,둘다 졸예. 기대를 크게 안해서 그런지 꽤 재미있었습니다.  
20170109,9,시사회로 봤는데 재밌었습니다  
20170109,7,재미있게 봤어요~~결말이 좀 아쉬워요ㅠ 뭔가 더 있을줄 알았는데..  
20170109,9,큰 기대 없이 봤는데 너무 좋다왤케 절절해요ㅠㅠㅠ  
20170109,10,생각했던것만큼 인간관계에서의 서스펜스가 강하진않았지만 다른 면에서 장점이 컸던 영화. 서스펜스에 너무 집중하지말고 보길!  
20170109,10,전쟁 로맨틱 영화중에서 제일 감명깊었어요  
20170109,10,시사회로 접한 얼라이드. 전쟁속에서 피어닌 사랑을 볼수있어서 좋았습니다~추천  
20170109,9,재밌게 너무 잘봤습니다.  
20170109,8,마지막 여운이 남는 영화네용  
20170109,8,재밌었어용 다만 엔딩이 좀 아쉬워요  
20170109,8,잔잔한 재미가 있어요!!  
20170109,8,첩보보단 로맨스..마지막에 짠해서 눈물이 ㅜㅠ  
20170109,9,브래드 피트는 아직도 멋지다  
20170109,8,엔딩이 아쉽지만재밌었다!  
20170109,9,스파이 영화라고 하기엔 넘  달달하네요  
20170109,10,"올해 본, 올해 볼 최고의 영화  "
20170109,10,스파이의사랑‥ 얙션아닌 사랑이야기‥슬프다‥ 난‥ ㅜㅜ  
20170109,8,얼리이드 영화 시사회 봤어요~~~브래드피트 연기 짱이에요  
20170109,7,시사회 관람했습니다! 진실을 향한 마지막 72시간!!  
20170109,10,"저메키스, 피트, 꼬띠아르. 그리고 스파이물. 의심스러운 와이프. 오랜만에 떨리는 영화. 고급지고 섹시하다.  "
20170107,10,매력있는배우~! 리지캐플란^^^^!!!기대작  
20170107,10,마리옹꼬띠아르 왜이렇게 이쁨ㅜㅜ? 설마했는데 마음이 아팠다ㅠ  
20170106,8,잔잔하면서도 감동이 있네요  
20170106,10,브래드피트의연기역시좋았어요 영화슬프기도해요  
20170106,7,설마설마햇는데  넘나 극적이당   두배우의 연기가다햇다  
20170106,10,정말로 좋아요 대작입니다.^^  
20170106,7,슬프러다가 말았어요  요즘 브레드피트는 피곤한듯  
20170106,9,시사회보고왔는데 ㅋㅋㅋ 괜찮아요 브래드님 건재하심  
20170106,10,브래드피트 마리옹 둘다 연기 너무 잘하네ㅠㅠ완전재밌어요!!  
20170106,10,재밋다재밋다 얼굴잼  넘 잘생김  
20170106,7,아싀운 결말...여자 주인공과 행복하게 살았으면 좋았는데...  
20170106,7,애잔한 전쟁 중의 사랑. 매튜 구드 못알아볼 뻔...  
20170106,9,조마조마 잼있어용~~~  
20170106,9,인간에게 주어진 가장 위대한 감정인 사랑을 표현한 작품. 전쟁은 누구에게나 참혹하다.  
20170106,9, 흐름이  긴장이 넘치면서 흥미진진했어요! 배우들 연기력이 인상깊었습니다.  
20170106,10,마지막까지 숨죽이며 봤어요 피트형 마리옹 짱ㅠㅠ  
20170106,7,생각보다 괜찮아요 ㅎㅎ  
20170106,9,감동적인영화였다.끝까지 눈을떼지못하는  
20170106,10,좋아요~슬프지만감동^^  
20170106,10,마리앙 꼬띠아르의 사랑스러움에 반하고 브래드피트에 두번반하는 멋진영화 !_! 또보고싶어요.  
20170106,10,감동적이에요 잘봤어요 ^^  
20170106,9,감동 브레드핏 연기도 귣굳  
20170106,10,마리옹 꼬띠아르가 참 아름다웠어요!  
20170106,8,괜찮아요 눈물나네요 ㅎㅎ  
20170106,7,마지막 장면은 정말 아름다웠다.브래드와 마리옹의 만남:)  
20170106,9,재밌어요. 그리고 여주인공이 너무 예뻐요ㅎㅎ  
20170106,9,시사회 봣어요 슬프네요  
20170106,10,정말 재밌고 마음이 너무 아픈 영화  
20170106,10,꿀잼 엄청 슬퍼요 강추ㅠㅠ  
20170106,10,"마지막에 너무 슬펐어요~ 애나가 그래도 사랑스럽게 잘 자라고 커서 다행이구요, 스파이라 안타깝지만 사랑은 진정한거겠죠?  "
20170106,9,초반부터의 긴장감이 끝까지 그러다 슬프다 ㅠㅠ  
20170106,9,역시나 브래드피트!!!  
20170106,10,사랑하는 가족지키기 위해 헌신한 아내 감명받았습니다  
20170106,10,슬프지만 여운이 남는 최고의 영화였어요  
20170106,9,초반에 이해를 잘못했지만 후반부로 들어가면서 몰입도가 생긴 명작 영화였어요 잘봤습니다.  
20170106,10,너무 감동적이었어요 ~~~ㅠ  
20170106,8,감동적이에요  멋지고 예쁘고. 또보고싶어요.  
20170106,10,너무 재밌었다 색감도 예뻤고 줄거리도 탄탄하니 다시 보고 싶은 영화였다  
20170106,10,빵아저씨라 기대하고봤는데 잔잔하고 너무아름다운 영화였습니다!  
20170106,9,고전적이지만 깊은 로버트 저멕키스의 진가. 거부할 수 없는 브래드 피트와 마리옹 꼬띠아르의 호흡.  
20170106,10,"와,대단히 쩝니다!!!!  "
20170106,10,둘의 사랑이 넘나 간절하네용  
20170106,10,스릴있게잘봤어요 재밌어요  
20170106,10,정말 재미잇어요ㅋ또 보러.와  
20170106,8,감동적이네요 사랑하는 사람이랑 보면 좋을꺼  같아요  
20170106,9,너무 재밌어요. 감동적입니다..ㅜㅜ  
20170106,9,2시간이 지루할 새 없이 후딱~~여자 분들은 눈물 바다.  
20170106,8,비주얼최고 배경이랑 배우보는맛이 있는영화  
20170106,10,재밌어요 브레드피트가 멋있네요~^^  
20170106,9,전쟁통에 이런사랑을 할수있다는게 너무 아릅답네요 추천합니다  
20170106,10,정말 재미있네요! 다시보고싶은 영화입니다  
20170106,9,너무스릴있고 감동적이네요 ^^  
20170106,10,고전적인 느낌 강한 멜로..추천!  
20170106,10,너무 감동적이고 완성도 높네요  
20170106,10,깊은 울림을 주는 전쟁 로맨스. 한겨울에 어울리는 감동작.  
20170106,9,재밌어요 강추!!꼭보세요  
20170106,10,처음부터 끝까지 눈을 떼지 못하고 봤어요.너무 재밌었답니다. 올 겨울 강추영화입니다!  
20170106,9,강추합니다. 출연진도 빵빵하고 여운남는 스토리네요.  
20170106,10,멋지고 슬픈 영화...  
20170106,10,사랑과 전쟁~그 사이에 인간의 내적 갈등을 그려내다  
20170106,10,너무 애잔해서 숨이 턱막히는 영화였어요~~첩보영화인데 너무 사무치잖아 ㅠ!!!또보고싶당  
20170106,10,완전 재밌어요 감동ㅜㅜㅡ  
20170106,10,역시 브래드피트.. 완전 대박  
20170106,10,기대 이상으로 재밋게 봤어요!  
20170106,10,역시 짱짱맨 넘 재밋어요 최고!  
20170106,10,2차대전 배경으로 한 로맨스 중 제일 공감이 되는 작품이었습니다  
20170106,9,괜찮은영화였어요^^  
20170106,10,제발 아니라고... 간절히 빌었다...  
20170106,9,"그야말로 전쟁 같은 사랑,  "
20170106,9, 중간중간의 쫀득함과 로맨스결합되서 몰입도 잘됐어요!그렇지만 브래드피트가 소화하기엔 세월을 많이 맞았나싶었어여ㅠㅠ  
20170105,8,너무 뻔한스토리지만 그 시대적배경과 영상미 인테리어 소품 여자 주인공의 패션 등 볼거리가 많아서 눈이 즐거웠습니다!  
20170105,10,저매키스옹 작품은 무조건 닥치고 일단 보는거다.팝콘없이 콜라와 함께  
20170105,9,시사회 다녀왔어요. 스토리는 어쩌면 너무 뻔해서 지루할 수 있지만  두 배우의 매력에 매료되어 재밌게 봤습니다!  
20170105,10,시사회로 보고왔다. 여타 다른 로맨스 첩보물보다 더 두 남녀 주인공의 모습이 가슴에 콕 들어와 자리잡았다.  
20170104,10,첩보영화인줄 알았더니 사랑영화. 하지만 한장면도 놓칠수는 없어요!  
20170104,8,마지막에 슬펐어요 두 주인공이 연기를 너무 잘해서 더 집중이 됐어요 ㅎㅎ  
20170104,9,실제 불륜이 일어날 수밖에 없는 연기 이상의 이엉이었다..  
20170104,8,전쟁 중의 사랑이야기가 진부할수도 있지만 몰입력 최고예요  
20170104,9,브래드 피트 팬이라면 꼭 봐야하는 영화  
20170104,8,시사회로봤습니다 배우연기의 감정선이 매우좋습니다.감독이나 배우를 좋아하신다면 꼭 보시기를 추천합니다  
20170104,9,잔잔한 스파이영화였네요 ㅋ 빵아저씨는 여전히 나의 오빠네요 ㅋㅋ  
20170104,8,감동과 여운이 진해요 꼭 보서요  
20170104,10,너무너무 재밌어요~~  
20170104,8,감동적이에요~~ 여주 넘 예쁨!!  
20170104,9,처음에는 지루하나  감동적이고 재미있어요  
20170104,9,감동 깊게 잘봤어요 가슴이 찡하네요  
20170104,9,너무 심취하며 봤어요..슬프고 애절한 사랑입니다..  
20170104,9,와 진짜 배우들 연기도 좋고 슬프긴 하지만 진짜 재밌는 영화에요  
20170104,9,주연배우들다좋아요 내용 짜임도 굿  
20170104,9,엔딩이 뻔하지 않고 재밌네요  
20170104,8,완급조절이 완벽한 영화입니다브래드 피트는 로버트 레드포드의 연기행보를 닮아가는거 같아 더더욱 마음에 드네여  
20170104,7,마리옹꼬띠아르밖에기억안나ㅠ  
20170104,8,브래드 피트와 마리옹 꼬띠아르의 조화와 연기가 너무 좋았어요. 슬픈 사랑 이야기  
20170104,8,연기와 연출이 참 좋네요.  
20170104,10,재미있어요! 얼라이드  
20170104,10,처음부터 중간까지 전개가 빨라서 뭐지? 싶엇는데 점점더 갈수록 빠져든 영화 엿어요! 마지막부분엔 슬픔까지 ㅠ 보세요!!!  
20170104,10,뻔한 스토리인듯 하지만 볼만합니다  
20170104,10,브래드피트의 연기와 더불어 끝까지 긴장감넘치던 내용에 흥미진진하게 봤어요!! 추천합니다!!!  
20170104,9,"첩보 액셕으로 시작해, 로맨스로 끝나는 영화.재밌습니다.  "
20170104,10,긴장감 넘치는 로맨스. 브래드 피트는 여전히 멋지다  
20170104,9,집중하게 만드는 배우연기와 마지막 장면이 가슴 뭉클했어요  
20170104,10,마리옹 꼬띠아르의 아름다움이 빛나는 영화네요^^  
20170104,8,둘다 연기너무잘함... 감동적이에요ㅠㅠ  
20170104,10,시사회로 봤는데 영화존잼  
20170104,10,잼써요 멋져요 짱???  
20170104,10,"역시 브래드 피트, 로맨스만 기대했다면 금물!!  "
20170104,8,시사회로 봤는데 점점 갈 수록 흥미진진해졌어요. 화려한 액션씬에 지루하지 않았어요.  
20170104,10,세계대전이라는 슬픈 상황에서 두 주인공의 사랑이 감동적이었어요!  
20170104,8,자칫 지루할 수 있지만 연기가 뒷받침이 잘 된 잘 만들어진 영화  
20170104,10,너무재밌어요 남주존잘  
20170104,10,배우들의 연기가 너무 좋았던 영화  
20170104,8,엔딩까지 완벽했던 영화  
20170104,5,많은 기대는 마세요. 브래드피트는 영원하다!!  
20170104,10,얼라이드  브래드피틍하 감동적인 사랑이야기 너무 재미있게 봤어요!!! 강추!!  
20170104,10,근래 본 사랑영화 중에 가장 아름다운 영화입니다. 무엇보다 여주인공의 연기에 감탄 또 감탄했습니다. 강추  
20170104,10,액션스릴런줄 알았는데 로맨드였어....마리옹 꼬띠아르가 너무 예쁨  
20170104,10,정말 재밌게봤어요. 추천합니다~  
20170104,10,영상미가 정말 좋았고 무엇보다 내용이 너무너무 좋았습니다!  지루할 틈이 없었어요 추천합니다!  
20170104,7,연기랑 미장센이 좋았어요  
20170104,10,뻔하지만 뻔하지않은 비운의 사랑이야기 두 배우의 연기가 너무 좋앗음  
20170104,8,"감동적이었어요~~ 전쟁, 국적을 떠난 진실한 사랑에 대한 얘기였던 것 같아요~  "
20170104,10,정말 감동적이고 진정한 사랑을 느꼈습니다 정말 최고입니다.  
20170104,10,재밌습니다^^ 브래드피트멋잇어용  
20170104,10,마지막까지 사랑하는사람을 지키려고 하는 모습과 서로 사랑하는모습들이 너무 감동적이였어요!!  
20170104,8,쏘쏘 한번쯤은 볼만한 내용  
20170104,8,좋아요~~스릴 있고 반전이 있어서 재미있어요  
20170104,10,"브래드 피트, 마리옹 꼬띠아르가 나온 것만으로도 최고얐던 영화!  "
20170104,10,실화일법한 줄거리...전쟁속의 긴박함과 애틋함 ㅠㅠ 빵오빠 쨩~  
20170104,10,배우들만큼너무 젛았습니다  
20170104,7,볼만요 브래드 피트는 여전하네여 끝이 슬퍼 아쉽  
20170104,10,결말이 너무 비극적이라 슬프네요 정말 재밌습니다!!  
20170104,8,여주인공이 너무 예뻤다는게 가장 기억에 남았다...  
20170104,10,끝까지 긴장을 늦출 수 없는 분위기와 마리옹 꼬띠아르!!  
20170104,10,너무좋아요 슬퍼요ㅠㅠ  
20170104,9,영화스케일도 크구 내용도 감동적이었어요!  
20170104,10,감동적이고 좋았어요. 배우들 예쁘고 잘생겼어요ㅜㅜ  
20170104,10,여자친구랑 꼭 봐야할영화 감동 백배  
20170104,9,끝날때까지 전혀 지루하지않아요  
20170104,10,기대이상의 영화 너무재밌어요!  
20170104,8,슬픈 전쟁의 사랑이야기...코찡하네용...  
20170104,10,감동감동 넘나재밌음 마지막반전이 신의한수  
20170104,10,기대이상으로 잼있게봤어요  
20170104,8,확실히재밌지만편집은아쉬움 중간에긴장남놓침  
20170104,8,괜찮습니다 잼있어요!!  
20170104,10,감동적인 엔딩이에요 커플영화로 추천해요~~  
20170104,10,정말재밋어요 기대이상!!  
20170104,10,시사회로 봤는데 생각보다 너무 디테일이 좋았어요! 두 배우의 연기력은 덤!!  
20170104,10,배우들의 연기도 너무 좋았고 내용도 흥미로웟어요 오랜만에 재밋는 영화였어요  
20170104,10,배우들의 연기가 너무나 애절했어요..ㅠㅠ너무 재미있었습니다!!  
20170104,10,너무 감동이 복받쳐 오르네요 정말 또보고싶은영화에요  
20170104,10,"울고나왔어요 ㅠ 0ㅜ 마리옹 이번 영화에서 진짜 예쁘네요 ㄷ ㄷ ㄷ 색계가 생각나는 영화, 마음아파요, 화면들도 너뮤 예쁘고  "
20170104,10,두 배우의 연기만 따라가는데도 엄청난 영화.브래드피트에게 100퍼 몰입했네요.감성스릴러 감동영화 얼라이드 추천합니다ㅜㅜ  
20170104,10,너무재밌게잘봤습니다~ 탄탄한 줄거리와 연출 그리고 명품 배우들의 연기! 마지막에 펑펑울었네요 ㅠㅠ  
20170104,9,스파이얘기인줄알았는더ㅣ 로맨스에 슬픔까지 너무잘봤습니다  
20170104,10,꿀잼!! 우연히 당첨된 시사회라 별 기대 안 하고 봤는데 정말 재밌었어요!! 개봉하면 또 볼 듯~  
20170104,10,"마지막에 눈물흘림,, ㅊ , ,,,ㅜㅜ 짱  "
20170104,10,또 보러와야겠다 여자친구랑!!!핵잼 꿀잼  
20170104,10,아 빵형의 연기는 정말 미쳐재밋어요 꼭 보세요  
20170104,9,점말잼났어요^^ 굿대박  
20170104,9,얼라이드 시사회 봤다!돈 안 아까운 영화였다.마리옹꼬띠아르 개예쁘다  
20170104,10,"영상미도 너무 좋았고 , 스토리도 너무 감동적이었어요 :-)  "
20170104,8,너무 잼나요~ 판타스틱하고 슬프고 아름다운영화~  
20170104,9,브래드피트 마리옹코티아르 둘 만으로도 볼 가치가 있는 영화입니다>_<  
20170104,9,심장쫄깃 슬프네요ㅠ 추천이오 ㅋㅋ  
20170104,7,서스펜스와 드라마가 무미건조한 저메키스의 습작  
20170104,10,두시간동안 지루하지않고 재밋엇어요  
20170104,7,사랑햇으니 가능한일ㅠㅠ  
20170104,6,음 생각보다 재미없지만 볼만함  
20170104,8,잘봤습니다! 잘어울리는커플  
20170104,10,재밌고 즐겁게 잘봤어요  
20170104,8,재미잇어요. 편집은 루즈함  
20170104,9,너무 감동적이였다 순수한 사랑을 볼수있었다 두 주인공의 연기력이 돋보였다.  
20170104,7,피트는 억울한 역을 너무 잘맡는거 아닌가.  
20170104,8,가슴먹먹한 영화입니다. 추천드려요.  
20170104,10,브래드피트가....잘생겼습니다  
20170104,10,빵발 잘생겼는데 영화에선 더 잘생김 거기다 영화도 좋고! 강추합니다!!!  
20170103,10,"시사회 후 남겨요.우선 마리옹꼬띠아르 혹은 브래드피트의 팬이라면 꼭 보세요.두 배우가 연기한 전쟁 속 스파이의 로맨스를 보며 너무 몰입한 나머지 심장이 쫄릿 철렁! 그래서 엔딩이 더 가슴에 남아요.스토리,배우 모두 훌륭합니다. 한마디로 매혹적인 영화!  "
20170103,10,두 배우의 열연 너무 재밌게 보았습니다!!!  
20170103,10,굿굿!!! 시간 가는줄 모르고 봄!! 연기짱짱!!  
20170103,10,기대안하고봤는데  잔잔하고 스토리 좋다~  
20170103,10,진짜 말이 필요없는 캐스팅ㅜㅜ 꼭 보세여ㅜㅜ  
20170103,10,너무나 재밌게 봤고요 브래드핏트의 멋진연기가 독보이네요  
20170103,9,시사회로 봤는데 정말 매력적인 영화네요. 스타성이 기댄 평작을 기대했는데 정말 기대 이상입니다.  
20170103,9,스릴 +로맨스 모든 것이 잘 잡혀있다^^브래드피트와 마리옹 꼬티아르의 멋진 연기는 덤~  
20170103,9,오늘 시사회 정말 스토리 좋았어요^^  
20170103,9,흔히 있는 스토리 지만 감동적이었다 ~^^  
20170103,10,반전에 반전!너무나 아름다운 영화!꼭 보길 강추합니다  
20170103,8,잼있어요 남주 여주의 연기 최공  
20170103,8,"고전적인 비극영화 . 그러나 세련된 영상미, 스토리텔링.  "
20170103,8,시사회 보고왔어요. 마리안이 바탄을 진심으로 사랑하는 걸까 그저 연기인걸까 영화를 보는 내내 의심이 들고 궁금했는데.. 마지막에 모든걸 알게됐네요. 여운이 남아요ㅠㅠ 쓰고싶은건 겁나많은데 무슨글을쓰든 스포가될것같아 이만...  
20170103,9,1942년도  태어난 사람과 공존했던 분들에게 존경을 ?감동입니다  
20170103,9,첩보멜로의 분위기가 물씬나는 스토리 연출 음악그리고 두배우의 연기 넘 좋네요~^^과하지않고 절체된 씬들과 전개가 좋았습니다~흥행에 무리없을것같습니다~^^  
20170103,10,가슴을 울리는 따뜻한 영화...  
20170103,8,배우들의 연기가 돋보이네요..!!  
20170103,8,"시대적 분위기와 의상, 두 주연 배우의 감정적인 연기가 좋았습니다~!!  "
20170103,10,너무 감동적이었어요ㅠㅠ  
20170103,10,비극적인 사랑 로미오와 줄리엣을 보는 느낌  
20170103,9,재미있게본거같다 그리고완전 또보봐도 스릴짱  
20170103,9,감동이네요~잘봤습니다.  
20170103,9,"미스터 앤 미세스 스미스의 브래드 피트와는 다른 맥스, 인셉션의 마리옹 꼬띠아르와는 다른 마리안의 연기가 인상 깊었다.  "
20170103,9,한 순간도 긴장감을 놓치지 않는 전개와 배우들의 연기력이 매력있는 영화였습니다. 즐겁게 관람했네요  
20170103,10,너무슬픔... 울면서봄  
20170103,9,뀰잼 ㅠㅜㅜ 징짜꼽보ㅓ요우ㅜ..ㅠㅜ  
20170103,10,정말 재미있게 봤습니다 ㅋㅋ 긴장감 있어요 ㅋ  
20170103,9,마지막이 정말 짠한..전쟁속에서도 피어난 사랑이 애틋하네요 ㅠ  
20170103,10,어둡긴하지만 원래 전쟁영화를 좋아해요근데브래드늙었네  
20170103,9,두 배우의 연기와 매력에 점수 드립니다.  
20170103,10,어..되게 감동적이고 슬프네요ㅠㅠㅠ 꼭 보시길 추천합니다!  
20170103,8,감동적인 동맹 그리고 사랑  
20170103,8,슬프지만 따뜻한 사랑이야기...  
20170103,9,볼만해요 은은하게 볼만합니다.  
20170103,10,브레드피트 하나만 보고 믿고 보셔도 될듯  
20170103,9,미남.미녀  좋아요재미있어요  
20170103,10,재미있었던 강추합니다  
20170103,10,아주 감동적이네요...  
20170103,8,탄탄한 구성 넘 잼있어요~~  
20170103,10,너무너무 감동적인영화  
20170103,9,재밋어요! 배우둘다 너무좋아요!!!  
20170103,10,너무 감동 정말 기대이상이에용~~~~!  
20170103,10,사랑하는 아내를 의심해야하는 남편의 긴박한 스토리와 그 결말이 너무 슬프네요ㅠㅜ  
20170103,9,시간가는줄 모르고 재미있게 봤어요강추합니다 !  
20170103,8,좋아요 좋아요 좋아요 좋아요 좋아요  
20170103,9,기대이상! 재밋어요!ㅎㅎ  
20170103,10,인상적인 두배우 브래드피트와 마리옹 꼬띠아르의 최고의 연기와 로버트저메키스 감독의 감각적인 연출이 좋았음감동적인 작품 올해 최고의 영화  
20170103,10,굉장히 긴장되고 감동적이었어요눈물펑펑ㅜ  
20170103,8,브래드피크멋있어요!!대박나세요!!  
20170103,10,스릴있는 로맨스 영화.강추합니다.  
20170103,10,"마리옹과 브레드의 등장만으로도, 환상적인 영화  "
20170103,10,영화 개봉한다고 들었을때부터 기대했었는데....기대 이상입니다...  
20170102,10,캬.. 이거 죽이네...ㄷㄷㄷ  
20161231,10,진짜재밌어요.. 감동 ㅠㅠ 여자주인공 개매력 터짐  
20161230,10,시사회로 보고 왔는데 진짜 재밌어요!!! 지루한 부분 하나도 없고 여주남주 케미도 좋고 ㅠㅠ 개인적으로 라라랜드같은 잔잔한 영화 안좋아해서 그거보다 재밌게 봤네용 ㅋㅋㅋ 모래바람?회오리?속에서의 러브신 진짜 인상깊었어요..  
20161230,9,'미스터&미세스 스미스'랑 비슷한 줄 알았는데 전혀 달라요! 영화장르 소개 그래도 액션보단 서스펜스가 강조되어 긴장감이 감도는 드라마예요! 개인적으로 미스터&미세스 스미스 보다 더 재밌게 봤습니다. 두 주인공도 너무 매력적이었어요.  
20161230,8,킬링 타임용 액션 스릴러물로 생각하고 본 영화였지만 뚜껑을 열어보니 여운이 남는 슬픈 영화였네요! 브래드 피트 너무 멋져요!  
20161230,8,좋아요... 내용상의 반전을 기대하고 갔는데 영화 장르 자체가 반전인 느낌 ㅠㅠㅠ 가슴 먹먹해여 전쟁이 배경인 영화지만 남자분들보다 여자분들이 더 좋아하실 영화인듯  
20161229,3,이야기 질질 끄는 게 특기인 영화. 배우들이 맡은 캐릭터도 배우 자체가 예쁠 뿐 다른 매력은 전무후무. 로버트 저메키스 이름에 남을 흠집같은 영화  
20161229,10,영상미랑 음악 그리고 두 배우의 연기 황홀했다!  
20161229,10,시사회로 봤는데 진짜 반하고 갑니다 ㅠㅠ 믿고보는 배우들이었는데 만족!! 또보러가려고요  
20161229,10,너무 좋은 영화ㅠㅠ 건대까지 보러온 보람이 있다  
20161229,10,시사회로봄 ㅠㅠ 완전 마지막 ㅠㅠ 울컥  
20161229,10,왜 아직도 2주나 남았냐고오~~ㅠㅠ 빨리 개봉해라  
20161229,10,시사회 잼나게 봣어요!  
20161229,10,볼만해요 좋군요^^ ㅋ  
20161229,5,딱 5/10짜리 영화인데 경품을 빌미로 7점을 달라니.. 배급사 직원들 정신차리세요  
20161229,10,브래드 피트와  마리옹 꼬띠아르...시대극에 잘 어울립니다  
20161229,9,재미있고 마지막 슬펐어요  
20161229,10,잼있습니다.시간가는지 모르겠네요.  
20161229,10,좋아요 브래드피트 멋있어요  
20161229,8,전쟁 중 사랑이 멋지네요  
20161229,8,고품격 첩보 러브스토리  
20161229,10,전쟁영화답게 좋았음 화이팅 행보기대됨  
20161229,10,재밌고 슬퍼요ㅠ 마리옹 꼬띠아르랑 브래드 피트의 케미가 좋습니다!  
20161229,9,너무 재미있게 봤어요!!  
20161229,10,정말 좋았습니다 새해 최고의 영화였어요  
20161229,10,진심 엄청 마지막에 감동임마지막 브레드 피트 연기 ...  
20161229,10,"꼭 보세요 기대이상으로 좋았습니다 배우들 연기, ost까지 완벽했어요!  "
20161229,10,"참,~좋아요,~~~^^  "
20161229,7,저릏아요!!쟈미있었어요마리옹꼬띠아르  
20161229,10,좋습니다 재밌어요!!  
20161229,10,굳꿀잼101010101010  
20161229,8,마지막이 너무허무...  
20161229,10,너무 이쁜영화에요 연기 굿  
20161229,10,잼ㅣ있게 잘보았네요.  
20161229,10,말필요어 ㅅ다 예매각 당장본돠  
20161229,10,오랜만에 피트영화 좋네요  전쟁  감성영화  
20161229,9,오랜만으 보는 브러드피드의 영화..난 재밌게봤어요.  
20161229,10,믿고보는 로버트더메이키스...나이 33살에.또 울었어요  
20161229,10,시사회 넘 넘 잘 보았어요...^^v  
20161229,10,마지막 브래드피트의 슬픔을 주체하지 못하는 표정을 보기위해 본 것 같은 영화... 최고다  
20161229,10,빵오빠 넘나 멋지다!! 오랜만에 멋진 로맨스!!!  
20161229,9,브래드피트연기 압권이네요  
20161229,10,정말재미있게봤어요. 오랫만에브래드피트봐서너무좋았어요  
20161229,9,감동적이에요브레드피트 마지막에..ㅜ  
20161229,9,기대했던것보다 더 재밌게 봤네여요 근래 본것 중 제일 재밌었던거 같아여  
20161229,10,굳굳넘감동적ㅇㅇㅇㅇ  
20161229,10,역시 브래드피트 믿고봅니다 잼있네용  
20161229,9,잔잔하고~~~잼났어요  
20161229,8,묵직하고 강렬한 영화.  
20161229,8,꽤 괜찮았고 둘다연ㄱ 굳  
20161229,10,영화가 잔잔하니 볼만했어요~!  재미있었어요~♡  
20161229,10,추천합니다 두번합니다ㅠㅜ 너무 감동적이고 흥미진진했어요!!! 꼭 봐야할영화  
20161229,10,방금 시사회 보고나왔는데 너무감동적이었어요  
20161229,10,재밌어요. 슬퍼요 ...ㅠ 대박  
20161229,10,감동도 있고 간간히 유머도 있고 재미있네요 강추  
20161229,10,재미있네요 역시 스케일!!!! 피트도 멋지고 마리앙도 너무 예쁩니당. 애나도 졸귀  
20161229,10,브래드피트오랜만에봐서좋았고 재미있게봤습ㄴ다  
20161229,10,잘봤어요 ㅡ재미있었어요  
20161229,10,아름다움만 보여주다가 갑자기 폭풍 오열을 하게 하는 ㅠ 끝까지 의심한 하다가 진실한 사랑에 무릎꿇었다  
20161229,10,전쟁과 혼란  사이에서 사랑의 믿음을 확인한다  
20161229,10,전쟁이 낳은 비극적사랑  
20161229,9,눈물나는 멜로와 명연기  
20161229,10,너무 감동적인 영화네요연말에 시사회덕에 대작을 볼 수 있어서 너무 감사합니다끝나고나서도 꽤 오래 여운이 남습니다  
20161229,8,죽음으로 둘다 선택했다.  
20161229,5,배우보는 재미에 보는 영화  
20161229,10,늙어도멋진 피트형 스토리도 잼나고좋았음  
20161229,10,너무 감동적이었어요!! 다시 보고싶을 정도!!  
20161229,9,"전쟁 때문에 시작된 사랑이, 전쟁으로 인해 비극으로 끝나다!  "
20161229,10,올해 본 영화중에 제일 좋았어요! 브래드피트와 마리옹 꼬띠아르 모두 연기 너무 잘해요ㅜㅜㅜ  
20161229,10,배우들의 감정연기가 가슴을 울렸습니다시간이 가는지 모를정도로 흡입력있는 스토리와 감정선 완벽합니다 꼭 보세요!!  
20161229,8,긴장감있는 전개에 비해 결말은 좀 허무했으나....!  
20161229,8,역시 마리옹 꼬띠아르! 특유의 분위기가 매혹적이었어요~  
20161229,10,너무너무 잼있었어여!!!  
20161229,8,결말이 아쉬웠지만 두 배우 덕에 눈호강했어요 *.*  
20161229,9,오늘 시사회보고왔는데 마리옹 꼬띠아르의 연기가 일품이네요. 마지막엔 울컥... 개봉하면 다시 재관람할래요  
20161229,8,살짝 아쉽긴 한데 볼만하다  
20161229,8,"배우도 이야기도?? 오호, 괜찮아요!연말연시 영화관에서 만나세요~  "
20161229,10,짱입니다. 생각보다 내용이 슬프다. 가족끼리 보면 괜찮을것같아요 ㅎㅎ  
20161229,10,"배우들의 연기, 연출, 스토리 다 좋았어요.마지막 엔딩도 가슴에 와닫네요.  "
20161229,9,넘 감동적이고 슬프네요  
20161229,10,여운이 남아서 좋았다 커플은 보면 약간 야해서 당황할지두  
20161229,10,마리옹꼬띠아르내최애여배우ㅠㅠㅠ  
20161229,9,뻔하지만 뻔하지 않은 스토리ㅠㅠ 감동이었어요  
20161229,10,두 주연배우가 너무잘어울리고 사랑스러웠어요! 마지막까지 너무 좋았던ㅠㅠ 완전추천합니다!!  
20161229,8,마리옹 꼬띠아르와 브래드 피트의 조합은 역시 기대한대로였다!!  
20161229,10,역시 브래드피트 영화는 믿고볼만하네요!!연기는 말할것도없고 넘 감동적이고 찡해요~~꼭 보시길추천합니다!!  
20161229,8,감동적이예요 멋져요 정말  
20161229,10,지루할틈없이 재밌네요ㅎㅎ  
20161229,8,기대안하고 봤는데 생각보다 긴장감있고 재미졌네요  
20161229,10,재밌어요 사랑의 정석 느낌이에요  
20161229,7,조마조마 했네요 결국에는 사랑이네요 둘 연기 진심 묻어나서 연기는 짱인듯  
20161229,8,기대작~*브래드피트 명연기 너무너무 재미있었어요 대박 기원합니다^^  
20161229,8,감동적이에요 추천합니다~~♡♡  
20161229,9,로맨스릴러다 재밌고 아련하다ㅠ  
20161229,10,"제목다운 사랑을 담은 영화였다, 슬프도록 사랑스러웠다.  "
20161229,10,지금 시사회로 보고 나왔는데 생각보다 더 재밌네요  추천추천  
20161229,10,어떤게 진실인지 끝까지 헷갈리더라.  
20161229,8,시사회 당첨되서 보고 왔는데 재미있어요! #꿀잼  
20161229,10,재밋었어요 슬프기도 하소 ㅠㅜ  
20161229,10,감동적이에요~~♡♡  
20161229,9,재밌었어요 대박 예감!!!!  
20161229,9,간만의 정극 아름다운 이야기  
20161229,10,너무 감동적이에요^^  
20161229,10,잼있음아주아주많이많이  
20161229,7,추천합니다. 부모님이랑 같이 보세요.  
20161229,10,오랜만에 보는.. 명연기 너무좋네요^^  
20161229,9,완전 흥미진진하고 재밌어요 끝까지 긴장감 대박 ㅠㅠ  
20161229,9,반전에 반전~ 재미있네요~  
20161229,10,시사회 평입니다.. 둘의 아름답고도 애절한 랑 두 배우의 연기 일품이었고요. 다시 꼭 보고 싶네요  
20161229,10,생각보다 재미있어서 잘 봤어요 가족이나 친구끼리 봐도 괜찮을거 같아요  
20161229,10,시사회 재밌게 봤어요 꼭 보세요  
20161229,10,달달한 로멘 사랑스럽다  
20161229,10,감동적이게 잘보났어요 가족끼리 보기 좋아요  
20161229,9,너무슬퍼서 마지막에울었네요 ㅠ ㅠ 재미있게봐써요  
20161229,10,너무 감동적이에요 ㅜㅜ  
20161229,10,감동적이다여자너무이뻐ㅎㅎ  
20161229,8,시대가 준 아름답지만 슬픈 러브스토리  
20161229,10,만족해요 너무 재밌고 감동이였어요 긴장감 있는 영화입니다  
20161229,9,전쟁 속에서 꽃핀   아름답고 슬픈 사랑 이야기  
20161229,10,얼라이드대밋게잘봤습니다 최고에요  
20161229,9,마지막 마무리가 아쉽지만 재밌게 봤어요.  
20161229,10,남편을 너무 사랑했던 어느 아름다운 스파이의 숭고한 죽음.. 역시 마리옹 꼬띠아르의 연기는 놀랍다  
20161229,8,마리옹 꼬띠아르는 역시 눈부시다~ 아름다운 서사시~ 해피엔딩이 아니라 아쉬움ㅜㅜ  
20161229,10,배우들 연기 최고!! 진짜 좋다!  
20161229,8,고전적인 전쟁 첩보물이네요.재밌습니다.  
20161229,7,재밌습니디! 마리옹 꼬띨라르의 연기가 뛰어나네요  
20161229,10,결말감동 ! 2차세계대전~ .. 전쟁은역시싫다~  
20161229,10,두배우의 최고. 정말 재밌어요.  
20161229,9,브래드 피트... 정말 잘 생겼어요...대작입니다 그리고 끝이 제일 감동..남친이랑 다시 보려구요  
20161229,10,찡한 감동. 쫄깃한 줄거리. 선남선녀의 아름다운 모습듵...재밌네요  
20161229,10,얼라이드 시사회 너무 감동적이였어요~한 남자의 진실한 사랑을 느낄수 있던 멋진 영화였네요~완전 강추입니다^^*  
20161229,10,서정적인 시대극 감동이예요  
20161229,10,오랜만에 정말 영화같은 영화를 봤습니다! 주연들의 케미가 완벽합니다  
20161229,9,시대의 아픔을 잘그려낸수작  
20161229,9,볼만했어요!흔한결말이아니어서좋았어요  
20161229,9,마리옹 꼬띠아르와 브래드 피트의 명연기에 감동받았습니다. 줄거리와 영화의 미술성도 정말 뛰어났습니다. 대박!  
20161229,10,간만에 최고 영화입니다!  
20161229,10,우리가알던 로버트 저메키스가 돌아왔다.마지막까지 의심의 끈을 놓을수없는 연출  
20161229,10,재밌어요 멋진브래드피트  
20161229,10,몰입하며 잘봤습니다 재밌어요  
20161229,9,전쟁 영화의 색다른 버전이네요  
20161229,10,역시 브래드피트 추운 겨울 가슴을  따뜻하게 만들어 주네요~^^  
20161229,9,전쟁 영화에 멜로까지 완전 재밌음  
20161229,9,심플하고 깊은 영화 몰입도 100%  
20161229,10,재밌고 감동적이에요~~  
20161229,10,잔잔한 감동으로 2016년 마지막을 남자친구랑 좋은 추억 삼아서 너무 좋았습니다  
20161229,5,한국영화같음여주남주 잘생겨서 눈이즐거움  
20161229,3,조용하고 잔잔한 감동의 영화  
20161229,10,여운이 남는 영화 마지막 분위기조성이 기억이 남는다  
20161229,10,재미있어요 가족끼리 보기 좋은 영화  
20161229,9,브래드피트 멋있어요스토리고 재밌네요^^  
20161229,10,재있어요  감동이있습니다 꼭보세요  
20161229,10,영화 재미있어요!! 여주인공 예쁨!!  
20161229,9,브래드피트와 여주인공의 연기 대결이 눈이 부시다.대박 드라마 ~~~  
20161229,10,연기 배경 스토리 다 최고였다  
20161229,10,브래드피트의 최고연기  
20161229,10,정말 재미있게 봤다. 전쟁의 참상 속에서도 피어나는 사랑에 박수를  보낸다.  
20161229,9,♡너무좋아요꼭보세영 잔잔함  
20161229,8,스릴러와 멜로의 조화 그리고 반전  
20161229,9,배우들의 케미가 장난아님!!  
20161229,8,전쟁중에 피어난 아름다운 사랑..주인공의 삶이 너무 슬펐어요~ㅠ  
20161229,8,잔잔한지만 가슴져린  전쟁영화  
20161229,10,정말재미있습니다. 꿀잼!!!!  
20161229,9,생각보다 브래드형님이 젊고 멋있게 잘나오셔서 놀랍습니다. 대작이 될것같습니다..  
20161229,8,극도의서스펜스를느끼고싶다면추천합니다!  
20161229,9,마음아픈 전장중 사랑 넘 좋아요  
20161229,9,너무 슬퍼요ㅜㅜㅜ재밌어요  
20161229,10,재미있어요. 두 배우 캐미짱!!!  
20161229,7,브래드피트 멋져요~ 영화  
20161229,10,시사회 통해서 여자친구랑 봤는데 저도 너무 재밌었고 여자친구도 좋아햐서 좋았어요. 연기 전개 영상 모두 좋았어요  
20161229,10,너무재밋져용... 브래드피트 연기랑 스토리도 탄탄 결말까지 인상깊네요  
20161229,9,절제된 연출과 노련한 배우의 멋진 연기가 감동적  
20161229,10,너무 감동적이고 슬프네요  
20161229,9,"냉전시대에 벌어진 사랑과 비극,  재밌네요  "
20161229,9,배우들의 연기가 멋져요  
20161229,10,말이 필요 없는 대작. 브래드피트와 마리옹꼬띠아르와의 조합은 말이 필요없는 진심 대박ㅋㅋㅋㅋ 너무 아름답고 예쁘요 ㅋㅋㅋ 꼭 보세요 강추  
20161229,10,기대한 보람이 있어요 너무 강추강추에요  
20161229,10,"저력의 저메키스,  명불허전 빵형님과 꼬띠아르!!  "
20161229,8,그냥 잔잔 하네요.조았어요.  
20161229,9,생각하게하는영화네여 잼나여  
20161229,9,감동  마리옹꼬띠아르!  
20161229,8,재미있게 보고가요  
20161229,7,최강비주얼 스파이 로맨스  
20161229,10,항상 멋진... 브래드피트의 영화...  
20161229,9,스토리는 괜찮았지만 결말이 좀 아쉬웠어요  
20161229,8,역시 믿고 보는 브래드피트정말 재미있어여  
20161229,9,긴장과 감동이 전해지네요브래드 아저씨의 시간은 거꾸로 가는듯  
20161229,10,좋다! 좋아! 10자!!!  
20161229,8,예측할 수 없는 전개에 매료되는 영화~  
20161229,10,배역이야 두말 할 것 없고 걱정이 의심이 되고 의심이 집착이 되는 것을 두 배우를 통해 볼 수 있는 영화인 것 같습니다.  
20161229,9,서로를 의심해야하는 부부의 상황가슴아픈 역사적 스릴러...잘 표현했어요!!!브레드와 마리옹의 연기도 더욱 빛나네요몰입도 좋고 영상도 맘에 듭니다  
20161229,10,얼라이드!!!정말 재미있는 영화네요^^대박나길 홧팅!!!  
20161229,9,두말이 필요없는.영화..브래드피트와 마리옹꼬띠아르의.열연이 빛을.발했던 영화..개봉하면.다시봐야지..  
20161229,10,사랑이면 될줄알았지만 사회속의그들의모습에 너무나도 슬펐던 영화.. 진심담긴연기 추천합니다  
20161229,10,"브래드 피트와 마리옹 꼬띠아르, 두 주연배우의 팬으로서 이번에 나온 '얼라이드' 정말 기대됩니다!! 긴박하게 흘러가는 시나리오 속에서 나올 브래드 피트님의 열연!! 지켜보겠습니다~ 결말이 어떻게 될지도 정말 궁금하네요^^  "
20161229,8,"저메스키 감독과 브래드 피트, 마리옹 꼬띠아르의 믿음직한 연기가 조화를 이뤄 볼만한 멜로 영화를 만들었다.  "
20161229,10,감독때문에 꼭 봐야한다. 브레드피트의 영화라니 완전 기대 된다!!!!  
20161229,9,치명적인 사랑 이야기입니다~^^  
20161229,8,음 빵아저씨와 꼬띠아르님!눈을 못떼겠습니다  
20161229,10, 브래드 피트와 마리옹 꼬띠아르의 서스펜스 영화...얼라이드...이국적인 배경과 스릴넘치는 이야기...대박이네요.  
20161229,9,시사회 당첨되서 봤는데 완전 기대이상이에요.  배우 두명의 호흡고 좋고 스토리도 탄탄하며 연출력이 대단합니다.  강추합니다!!  
20161229,9,"둘다 좋아하는 배우라 꼭 보고싶었던 영화인데, 역시 재미있네요  "
20161229,10,기다렸던 영화입니다  역시...  
20161228,8,일단 감독 필모그래피가 재밌게 봤던 영화들이나소위 명작이라고 불리는 영화들이 많아서 상당히기대 되네요  
20161228,10,진짜 오랜만에 충격에 가까운 엔딩이었다! 더불어 뜨거운 로맨스까지... 감동 ㅠ  
20161228,10,상상 못한 스토리에 배우들 연기도 완전.. 대박이었음 진짜  
20161228,10,지난 주 시사회에서 봤는데... 정말 뜻밖의 엔딩에 여기저기 눈물 바다.. 대박 감동적이에요!!  
20161228,9,결국 첩보영화일것이란 생각을 깨는 수작.  캐릭터에 가장 어울리는 캐스팅. 거장은 단지 전쟁사와 첩보영화만 이야기하지 않았다.  
20161228,10,글쎄요를 잘못 눌러서 평점 남기게 되네요. 울음 참다가 옆에서 흑흑 거리는 소리에 주루룩! 감동과 재미!! 두번 더 보러 갈 겁니다.  
20161228,10,브래드는 브래드다 마리옹은 마리옹이다 !!  2017년을 여는 황홀한 영화임  
20161227,10,방금 보고 왔어요 강추입니다 음악도 굿  
20161227,10,분위기 완전 취향저격이다...  
20161227,10,배우 케미랑 전반적인 분위기 너무 좋다.. 진짜 최애배우들  
20161227,10,분위기 대박인듯 재밌어보임  
20161227,10,내년 시작은 이 영화로 해야겠다ㅎㅎ  
20161227,10,로버트 저메키스....!!꼭본다  
20161227,3,allied 정확한 발음이 엘라이드인데   얼라이드는 도대체 어느나라식 발음이냐?...배급사가 수준이하네요 예고편부터가 어필을 못하는데다가 여배우 비호감이라 패스~~  
20161226,1,"기사 보세요! 아직 안 보셔서 모르시겠지만, 올해 할리우드 최악의 영화 4위에 꼽힌 작품이랍니다. http://entertain.naver.com/ranking/read?oid=112&aid;=0002878503  "
20161223,9,솔직히 둘의 조합이 신선하고 잘 어울릴 듯 ㅎㅎ 꼭 봐야게쓰~  
20161222,10,미국에서 봤어요. 오랜만에 너무나도 아름답고도 비극적인 러브 스토리를 봤네요. 마지막 장면에서 여자들 다 움 ㅠㅠ 브래드랑 마리옹 또 영화 찍었음 좋겠어요. They are just so beautiful to look at !!!  
20161221,7,진부하지만 매끄러운 상업적 기승전결의 표본.  
20161220,10,방금 시사회봤는데 또 하나의 인생영화 탄생~ 좋아하는 두 배우지만 연기짱! 잔잔함 속에 긴장감 고조 그리고 애절함이 너무나 절박하게 표현됐다. 마지막엔 눈물이 주룩ㅠㅠ 쉽게 가시지 않는 여운..  
20161220,8,전쟁속에서 일어난 이야기재미있어용  
20161220,8,마리옹 꼬띠아르 팬이라면♡가장 아름다운 영화였지읺나  
20161220,10,뒤통수를 크게 맞았다!!!  
20161220,9,로맨스 스릴러가 섞인 재미있는영화!!  
20161220,10,정말재밌었어요~~~  
20161220,10,매순간 긴장이 넘쳤어요!! 강추합니다:)  
20161220,9,마리옹꼬띠아르의 애절한연기와 브래드피트의 연기가  좋은영화  
20161220,10,재밌어요^^스케일짱~  
20161220,10,첩보인듯 한데 로맨스 영화~  
20161220,9,배우가 곧 미장센이었음!!!  
20161220,9,강력한 액션이 좋습니다  
20161220,10,너무재밌어요 감사합니다  
20161220,9,감동적인 사랑스토리입니다  
20161220,7,"'브래드 피트', '마리옹 꼬띠아르'의 앙상블에 '로버트 저멕키스' 감독의 조합을 상상해 보셨습니까... 저는 지금 124분 동안 그 상상을 스크린에서 확인했습니다.  동참하고 싶습니까? 아쉽지만, 2017년 1월까진 기다리셔  "
20161220,7,"그대의 이름을 몰라도 위대한, 목숨걸고 지킬만큼 사랑하는, 그리고 전쟁 속 폭격과 의심을 넘는 모든 사랑 위의 그 이름, 어머니.  "
20161220,10,숨막히는 서스펜스는 물론 폭풍 감동까지! 역시 로버트 저메키스!  
20161220,8,마리옹과 브래드의 애절한 사랑이야기. 로맨스영화라고 분류하고 싶다  
20161220,10,첩보멜로의 분위기가 물씬나는 스토리 연출 음악그리고 두배우의 연기 넘 좋네요~^^과하지않고 절체된 씬들과 전개가 좋았습니다~흥행에 무리없을것같습니다~^^  
20161220,8,보는재미가있음!!!!끝이조금 아쉬움  
20161220,5,보통로맨스입니다ㅋㅋ  
20161220,9,진주만 이후로 제대로 된 시대영화를 본듯했다.  
20161220,7,사랑하는 이들을 지키기위해 고군분투하는 72시간  
20161220,8,재있었어요.6. 추천 많이할게요  
20161220,10,놀랐음..이런 명작이...  
20161220,10,지루할 틈이 없었습니다  
20161220,9,스파이첩보영화에서 로맨스까지~ 마리옹꼬띠아르 너무 예뻐서 눈을 떼지 못했습니다|~  
20161220,10,일단  주연들이 넘멋짐..감동그자체  
20161220,10,최근 본 영화 중에 제일 재밌어요!!!!로맨스인데 긴장감도 있고 너무 감동적이에요 ㅠㅜ왕 추천!!!  
20161220,7,뻔하지만 재밌게 볼수있어요  
20161220,10,브래드 피트와 마리옹 꼬띠아르의 연기가 짱이었어요!!몰입감 최고~!!  
20161220,10,두 배우가 왜 스캔들 났는지 매우 잘 알겠습니다이 영화는 대박이에요  
20161220,10,재밌어요 시사회로봤능데 불쌍  
20161220,10,진짜 긴장감넘치고 재미있어요ㅠㅠㅠ외화 잘 안좋아하는데 지인들한테 추천할거예욤!!!  
20161220,9,생각보다 긴장감있지는 않았지만 감동적이었다!!  
20161220,10,마리옹 꼬띠아르와 브래드 피트의 조합은 말이 필요 없다.가족과 함께 보기 좋은 영화.  
20161220,6,스타일 좋은 스파이 영화같다가 엄마의 사랑  
20161220,10,마리옹 꼬띠아르에 찬사를 던지고브래드피트에 나의 마음을 던집니다...  
20161220,8,스릴도 있고 재밌고 감동도있다 ! 로맨스면에서도 두배우가 너무 아름다웠던 사랑이야기.  
20161220,10,"올해 개인적으로 젤 좋게 본 영화는 라라랜드라고 생각했는데, 이 영화가 앞질렀다...  "
20161220,10,배우들연기마지막에너무감동적이네요ㅜㅜ  
20161220,10,"넘치는 긴장감과 서스펜스. 브래드피트, 마리옹꼬띠아르의 완벽한 케미! 감동과 사랑!  "
20161220,8,브래드피드 사랑해요 마지막에 움  
20161220,6,헐리웃 배우를 한국제작진이 쓴 느낌ㅋㅋ  
20161220,7,스파이보다 더한 로맨스  
20161220,10,2차 세계대전의 분위기 그 속에서 나는 진지한 사랑~~~~넘나 재밌네요~~~!  
20161220,9,정말 재밌게 잘 봤어요  
20161220,10,마리옹 꼬띠아르와 브래드 피트의 케미가 너무 좋은 영화였습니다. 마지막 마리안의 편지는 너무 감동적이었습니다  
20161220,10,스파이 영화 잘 봤요뇨 브래드피트 넘 멋있네요  
20161220,6,브래드피트의.고뇌 공감백배  
20161220,9,전쟁이 주는 비극과 로맨스가 빛나는 영화입니다  
20161220,10,진짜 재밌습니다!! 감동적인 로맨스  
20161220,10,매우 감동적이고 재밌었습니다.  
20161220,8,감동. 사랑 좋았어요.  
20161220,10,너무 감동적이고 사랑이 엄청대단하다  
20161220,10,감동적이고 즐거운 영화였다 ㅠㅠ마지막에너무슬펐다  
20161220,10,좋아요좋아요좋아요요  
20161220,10,정말 재밌네요 새드엔딩이라 슬픕니다ㅠ  
20161220,7,사이다에 김빠진거같아요.지갑받을려고 7점..이라도  
20161220,9,결국 그래도 사랑했네요.마리안이.  
20161220,9,역시 감독과 배우를믿고볼만한영화  
20161220,9,재미있어요!!얼라이드짱!!!!  
20161220,8,가슴이 아리네요 잔잔한영화잘봤습니다  
20161220,9,진짜 제발 꼭 보셈.. 정말 최고..연기 연출 걍 다 대박  
20161220,10,정말재미있습니다! ㅠㅠ 너무 슬프기도하구...  
20161220,10,재밌어요 꼭봐야돼요~~~~  
20161220,7,잘봤습니다 재밌었어요ㅜ  
20161220,8,스파이 사랑.아름답고 슬프다  
20161220,9,액션과 감동이 공존!! 최근 본 영화 중 최고인거 같아요~  
20161220,10,넘나잼나요꿀잼 ㅎㅎㅎㅎ  
20161220,10,애잔한 사랑이야기 슬프지만 감동적이다 강력추천  
20161220,7,마리옹 꼬띠아르 너무 예뻐용ㅋㅋ  
20161220,9,스파이영화로 전쟁.사랑.그리고 스파이.마지막 결말이 여운을 남긴다.  
20161220,10,전쟁은 없엇으면좋겟어요슬픈영호ㅓ엿어요  
20161220,10,마지막에 눈물 ㅠㅠ 너무 아름다운 영화  
20161220,8,두 배우의 연기 너무 좋았고 슬퍼여ㅜㅜ  
20161220,9,"정말 아름다운 배우들을 보는것만으로도 즐거운대, 이토록 절절한 전쟁로맨스라니 ㅠ 너무 가슴찡해서 여운으로 대감동!!  "
20161220,8,처음에는 급속한 전개로 뭔가했는데 로맨스네요 전쟁속의 사랑 너무 재밌게봤어요 브래드피트 역시 잘생겼네요  
20161220,10,"연기 잘하는 명품배우 브래드 피트, 마리앙 꼬띠아르  연기력과 스토리, 고전 영화같은  연출 좋습니다.  "
20161220,10,아내가 스파이가 아님을 증명해야했던 시대상이 잘 그려진 영화였어요 개봉하면 또 보고싶습니다  
20161220,10,로버트 저메키스 감독님 연출에 브래드 피트와 마리옹 꼬디아르 부부연기가 참 좋았어요  
20161220,10,배우의 연기와 감독의 연출 그  무엇도 부족함이 없다  
20161220,10,브래드 피트의 시간은 거꾸로 간다! 두 배우 덕분에 눈이 호강!  
20161220,10,일단 꼭 보길! 보고 나면 영화의 여운이 잊혀지지 않을 것이다!!  
20161220,10,얼라이드 오늘 시사회간다  
20161215,9,이게 이혼의 C발점이 된 작품인건가? ㅋ  
20161215,10,내가 좋아하는감독ㅠㅠ 한동안 영화 안찍다가 플라이트 이후로 계속 작품활동 하니 너무 좋다.... 꼭 봐야지...  
20161213,10,이건 예고편만봐도 되게재밋어보인다 대작삘  
20161212,7,이거 여주인공이 실제로 스파이일 각이네  
20161209,10,여자보다 단발이 잘 어울렸던 브래드 피트!!브래드 피트가 나온다고하니 정말 기대되네요~또 배경이 2차대전이니 더욱더요~꼭 보겠습니다~~~  
20161209,10,영화 댓글에 사생활 뒷담화 하는 수준 ㄷㄷ...  
20161209,10,예고편 영상만 보면 왠지 우리나라 영화 암살과 베를린의 짬뽕인듯한 느낌이 ㅋㅋㅋ 아니길바라며 기대합니다~ 브래드피트의 자연스럽게 늙어가는 모습을 지켜 볼 수 있어서 기뻐요~  
20161208,10,너무좋아하는 장르 빨리좀 개봉했으며ㅑㄴ  
20161208,10,진짜 무조건보러갈거다!!!!  
20161208,10,진짜 너무 기대된다 10자  
20161208,10,빵형은 역시 군인이 제일 잘어울림  
20161208,10,빵발횽이랑 마리옹이라니 요거진짜 기대됨  
20161208,10,연출부터 캐스팅까지 완벽하네 ㄷㄷㄷ  
20161208,10,빵오빠 리즈 시절로 돌아온듯 ㅠㅠㅠ 분위기부터 취향저격임 ㅠ  
20161206,10,중국은 지난주에 개봉해서 오늘 보고 왔습니다. 갠적으론 올해 본 영화중 정말 괜찮은 영화중 하나 였습니다. 추천합니다. 아 그리고 브래드피트 정말 멋지게 나옵니다 ㅋㅋ 마리옹도매력이 철철넘치고..내용도 좋고 배우 캐스팅도 잘한거 같네요.  
20161128,10,"탄탄한 스토리, 뛰어난 연출 및 연기, 유려한 비쥬얼,  예기치 못한 결말과 감동까지, 뭐 하나  빠지지 않고 정말 재밌습니다. 올해 본 수십편의 영화 중 몆 손가락 안에 드는 수작. 강추!  "
20161126,10,와 감독이 대단하신분...개봉할려면 아직...ㅜㅜ완전 기대중 입니다^^  
20161124,8,끝장면때문에좀별로였음  
20160926,10,하 진짴ㅋㅋㅋㅋ 브래드피트가 피플에서 마리옹은 관련 없다고 언급했고요 마리옹도 인스타에 관련된 글 올렸어요. 루머 가져다가 사실인것처럼 기사 쓴 건데;; 덕분에 마리옹네 아가는 태어나기도 전에 아빠가 두명이 돼버렸네요ㅋㅋㅋ참ㅋ  
20160924,1,이게 그 불륜을 탄생시킨 영화구만!  
20160921,9,Hot Mess님.... 예지력 대단하시네요... 빵형 꼬띠아르랑 바람남  
20160921,1,이거 찍다가 둘이 눈이 맞은건가? 설경구 생각나네ㅋㅋㅋ 에휴..  
20160921,10,"그 감독 대단한 분이시네. 백투더퓨처 시리즈,포레스트검프,콘택트,캐스트어웨이 등등 엄청난 대작들 연출하신. 근데 두 주인공이 불륜이라니. 괜히 좋은 영화 묻히게 되는거 아닌지.  "
20160921,10,"이걸찍고 브래드가 바람나서 이혼을 당하는구나,,대박!!  "
20160921,10,브래드피트는 스파이 영화만찍으면 주체를 못하는구만  
20160914,10,매튜 오빠가 조연이라 조금 슬프지만 나온다면 챙겨볼게요 ♥ 그리고 주연들도 유명하신 분들이네요 이 작품이 꼭 잘 됐으면 좋겠어요 ♥ 매튜 구드 파이팅 ♥ 알라뷰 베리 마치  
20160901,8,봐야해 꼭 봐야해!!!  
20160829,10,약간 영화쉬리하구 비슷함  
20160829,10,감독이 워낙 명장이라;;  
20160829,9,흐음 대작스멜..~~ 근데 난 브래드 피트가 로맨스 찍을때 마다 어째 불안하다~ 바람핀 전적이 있어서..요즘 졸리랑 사이 많이 좋아졌나?  
20160829,10,아직도 늙지 않는 브래드 피트..  
20160827,10,실화를 걸작으로 풀어내는  거장!  
20160826,10,마리옹 꼬띠아르와 브래드 피트의 조합은 말이 필요 없다.  
20160729,10,내가 진짜 좋아하는 감독 ㅜㅜ  
20160723,10,매튜 구드~ 매력 덩어리.. 기대된다^^  
20160609,10,감독님때문에 무조건봐야되는영화  
20160527,10,빽투더퓨처 콘택트 캐스트어웨이등~~ 수많은 대작을 이끌어낸 감독 왕기대.. 안보면 노답  
20160514,10,저메키스 감독에 브래드피트에 마리옹꼬띠아르면 말다했네.  
