0,1,2
20170627,6,우리나라 정서랑은 맞지않은 영화겨우 고딩인데 아무리 미국이고 성에 개방적이라지만내용이 영 공감이 가질않는다특히 고딩주제에 술마시고 하는건 더더욱 그렇다  
20170627,9,"가벼운 듯 하면서도 가볍지 않은, 재밌지만 묵직한 한방도 일었던 영화 ... 헤일리 연기도 넘 좋았고, 어윈킴 정말 매력적인 녀석이었음!! ㅎㅎ  "
20170627,8,제목이랑 포스터는 우리나라정서에 맞게 잘 편집한 것 같은데...저만 그렇게 생각하나봐요..^^  
20170627,10,제목 보니까 옛날에 톰크루즈의 작전명 발키리라는 영화를 갖다가 발키리 대작전이라고 착각했던게 생각난다.  
20170626,9,뉴욕행 비행기 안에서 볼 거 없어서 봤는데 기대 이상 최고의 작품입니다.. 다만  한국어 타이틀에서 1점 깎습니다... 장난하나..  
20170626,5,여주가 너무 못생김. 얘 피치퍼펙트에서도 나오던데 영화사에 연줄이 있나?  
20170625,9,많이공감된다.. 연기좋고..  
20170624,8,정말 울 나라 영화제목 엿같이 만든다 제목 만든놈이 OO발광을 하고 자빠졌다  
20170624,9,아니 이거 존잼인데 누가 이딴식으로 제목 지음 개화나네 외국 하이틴영화들 제목보면 다 뭣같이 바껴서 개봉함 ㅠㅠ..빡침  
20170624,10,사람들이 제목만 보고 영화를 판단하지 않았으면  
20170624,10,굿굿~! 정말 공감대가 많이 생성되고 의미있네요  
20170623,8,보기전엔 제목이 썩었다고 생각했으나 영화를 보니 이보다 적절한 제목이 없음. 영화의 내용은 좋으나 본격 여주 발암영화.  
20170623,5,와 진짜 이딴 여자가 이해된다는 년들은 자신이 평소에 얼마나 민폐 끼치는 존재인지 자각 좀 하고살길..  
20170623,10,쟞꿀잼입니다 꼭보십시오  
20170623,8,진짜 재밌어요~ 중간중간 웃기기도 하고 감동도 있고 공감이 가는 사람도 많을 듯 합니다. 꼭 보세요~ 조금 야하긴 해요^^  
20170623,10,내 인생 최고의 영화♡10대가 가기전 꼭 보길  
20170623,10,너무재밌어요ㅠㅠㅠㅠ 어윈짱머싯어요????  
20170623,8,제목보고 기대안했는데 기대이상였네요 재밌었어용  
20170623,8,한 참 사춘기를 겪고 있는 여학생의 모습을 잘 표현했어용  
20170623,9,정말 좋았고 공감되고 놀라웠다  
20170623,10,이영화노무재ㅣㄲ앙ㅅ  
20170623,9,정말 재밌고 닉이 너무 잘생겼어요 ㅠㅠㅠ  
20170623,10,너무 재밌는 영화 꼭 보세용!!!  
20170623,10,마음이 힐링되는 영화..!유쾌하고 행복한 내용이에요  
20170623,10,정말 정말 재미있었고 공감할 만한 부분들이 있어서 더 몰입해서 본 것 같았다! 오랜만에 본 영화이기에 더 인상깊게 보지 않았나 싶다!  
20170623,10,최근 본 영화 중에 가장 만족스러웠다  
20170623,10,정말 재미있었고 잘 만든 영화같아요~  
20170623,10,현실성있는 영화입니당  
20170623,10,정말 너무 공감되는 줄거리였어요 여주인공 좀 꾸며서 나왓다면...  
20170623,8,작년 영환데 이제 개봉이구나 난 이미 봤지롱 ㅋㅋ 미국 병맛 코미디 아니고 더 하이퀄리티 심심풀이땅콩은 맞고 재밌  
20170623,10,이걸 영화라고 부르는거다.  
20170623,10,원래 DVD용 영화로 찍은건데 폭발적인 인기 때문에 갑자기 극장상영으로 변경된 희한한 명작 영화다.  
20170622,1,욱일기 나옴 하켄크로이츠 넣어주지 그랬냐  
20170622,10,진짜 기대안했는데 진짜 재밌어요제목을 왜 이렇게 노잼으로 지었나요.. ㅜㅜ진짜 재밌었어요 꼭보세요  
20170622,10,생각보다 기대이상으로 너무 재밌게 봤어요ㅎㅎ  
20170622,9,기대했던것보다  인상깊었던 영화 재밌었어요  
20170622,9,완전재밌어요! 웃음과 감동둘 다 잡았어요!!  
20170622,9,진짜 재밌어요 마지막에 해피앤딩이라 너무다행이에요  
20170622,10,진짜 영화 너무 웃겼어요 친구랑 봤는데 진짜 재밌었습니다! 추천  
20170622,10,기대이상의 영화였어요!청소년들이 재밌게 볼 수 있는 영화 같아요  
20170622,10,진짜 꿀잼 ... 마지막에 앤딩이여서 너무 다행이에요ㅠㅠ남자존잘 .... 진짜강츄 꼭보세요!!!  
20170622,10,예고편보고 엄청 기대했었는데 기대한만큼 진짜 재밌었어요!!  
20170622,10,사랑은 17살부터 시작된다 그게 어떤 사랑일지라도 !  
20170622,10,너무 재미있었어요!!  
20170622,10,진짜너무재밌어요ㅠㅠㅠㅠ  
20170622,10,공감대가 많은 영화였습니다 !!!추천해요;)  
20170622,10,너무감동적이고 감명깊게봤다  
20170622,10,볼만한가치가있는영화였어요 재밌어요  
20170622,10,17살이어서 그런지 주인공에게 공감이 됬고 재미있었습니다!!  
20170622,10,제목만 바꾸면 좋겠는데정말 재미있는 영화  
20170622,10,오늘 시사회에 처음와서 봤는데 정말 재밌었습니다  
20170622,9,한번보기에는 나쁘지않은 영화  
20170622,9,의외로 재밌었고 정말 OO발광했다  
20170622,10,영화 제목이 좀 그래서 그렇지 재밌는영화다. 좋았다  
20170622,9,단순하지 않고 흥미로운 하이틴영화  
20170622,10,딱 제목과 어울리는 내용 감정선도 17살에 맞게 잘 그린 것 같다  
20170622,10,겁나 재밌어욥 하이틴 영화의 정석  
20170622,10,청소년과 관련된 영화면서 코믹영화라 즐거웠습니다!  
20170622,9,재밌었어요 ㅎㅎㅋㅋ 다시보고싶어요  
20170622,10,시사회로 봤어용 재미있어요!!  
20170622,8,재미지게 잘 봤음. 근데 어윈은 한국인이 아니라 한국인역임. 한국인 나온다고 하니까 이상함 ㅋㅋㅋㅋ  중국계인데 ㅋㅋㅋㅋ헤이든 제토 ㅋㅋㅋ 더 신기한건 1985년생이라는거 ㅋㅋㅋ 17세역 ㄷㄷㄷㄷ초동안 ㄷㄷ  
20170622,7,제목 좋은데? ㅋㅋㅋ 엣지 오브 세븐틴 이대로 음역하는 것보다 훨씬 잘 어필이 되는데 ㅋㅋ 영화 내용도 비슷하고 ㅋㅋㅋ  
20170622,10,진짜 오랜만에 10점줍니당 완전재밌게봄  
20170621,10,재밌음 진짜 한번보셈  잘만들었음  
20170621,10,디 엣지 오브 세븐틴 화이팅 배우들의 연기가 살아움직이는듯 했습니다  킬링타임용으로 최고에요.  
20170620,1,보는내내 짜증유발 여주라도 예쁘기라도 했으면...  
20170620,8,너무너무 기대돕니다.헤일리 스테인펠드 '더 브레이브' 영화 보고 팬 되었는데 최고!  
20170620,10,틴에이저 성장영화인데.... 30~40대가 봐도 잼있음  추천  
20170620,9,제목 이따위로 지으면 볼마음도 없어지겠다ㅠㅠ영화 진짜 재밌습니다!! 성인이봐도 느끼는바가 많아요.  
20170620,10,이런 영화 처음봐요. 싱크로 100% 여주  
20170619,5,재미 없다 여주인공 너무 비호감  
20170619,10,꾸르잼. 무게감 있는 하이틴물. 결코 가볍지 않다. 고민해볼 문제이다.  
20170618,9,이영화는 음... 대박... 잼있고 슬프고 감동적이고... 지루할틈도없는 최고네요... 후반부에 남자가동생한테 하는말이 너무 가슴을 아프게하네여... ㅜㅜ 이런영화 넘 좋네요...  
20170618,9,평점리스트 왜저래;; 제목 딱 알맞게 잘 지었구만 듬직한 오빠한테 OO 자식 걱정하는 엄마한테 발광 선생님한테 시비걸고 딱 OO발광 17세구만 주위의 좋은 사람들이 많으니 다행이지 무튼 영화는 꿀잼  
20170618,6,하이틴 무비가 이정도만 된다면 얼마든지 보겠다  
20170617,5,결말 하나로 이미지에 변화를 주기엔 심히 비호감이었다.  
20170617,1,영화 제목 이것이 최선이였는지. . .  정말 잘만든 영화인대 . . .  참  
20170617,9,"봤습니다. 여성이면 누구나 자신의 옛 고생, 그리고 크게 다르지 않을 어른의 삶도 반추해볼 수 있는 좋은 영화입니다. 다들 멋진 배우, 스텝들 고맙습니다. 어윈이 멋지지만 한국인 얼굴 느낌은 아니었는데 역시 홍콩 쪽 캐나다인이었군요  "
20170615,10,너무 재밌게잘봄..감동적이고 유쾌하고..시간가는줄 모르고 봤어요~~뒤로갈수록 짠하고...되게 감동적입니다..근데 영화제목이 ㅡ..ㅡ  
20170615,6,자신의 마음에 안들면 적대적 성향을 보이는 아주 이기적인 소녀의 철들어 가는 과정을 소소한 재미와 일상 스토리로 이끌어 가는 영화. 큰 감동이아 웃음은 없지만 그냥 킬타임으로 볼만한데.. 소녀에게 공감대가 있으면 재미있게...없으면 재미없게 볼듯...  
20170615,9,기대도안했눈데 완젼 꿀잼. 꽤 괜찮은영화임!!! 자존감에 관한 영화! 틴에이지 영화중에 저질아니고 본질적으로 저만큼 잘만든영화는 오랫만인듯~  
20170614,6,공감하기 힘든 비호감 캐릭터 여주.. 결국 남자의 품이 그리웠던건가.. 역시 이런 이야기 마지막엔 백마탄왕자님이 나타나줘야지.. 첨엔 웃길것같다가 나중갈수록 진지모드 하이틴영화다 여주는 점점 못생겨지는거같고..  
20170614,1,아직도 이런 영화가 먹히다니 중간보다가 그냥 꺼버림  이 영화보구 자기자신과 타협하지 말길  
20170613,8,작명 센스가 부족했다면 차라리 원제대로 엣지 오브 세븐틴으로 가지 타이틀때문에 편견을 주는 영화가 될까봐 아쉽다 개인적으로 하이틴 영화 중에 최고봉  
20170613,7,사춘기라 방황하는건 알겠는데..과하지않나싶음.. 제목 왜저러냐는 사람들 있는데 딱 적절한 것 같은데..의미가 심하게 퇴색되지도않고.  그리고 주인공 여자친구 욕 먹을 짓 한 거 하나 없지 않나. 계속 용서를 구했고 그걸 제대로 차버린건 주인공인걸.  
20170613,7,남자라서 공감이 안되지만 볼 만합니다.  
20170612,8,재밌음...OO 총량의 법칙이라고 언젠가는 한번은 겪은 사춘기 빠르냐 느리냐의 차이일뿐.공감도 간다  
20170611,9,볼만했음 재밌어요ㅋㅋㄱ  
20170611,10,우리나라 정서에 안맞을줄 알았는데 개꿀잼  
20170611,10,새벽영화로 가볍게 봤는데 기대이상이여서 고마울정도.제목 왜 저따구로 바꼈는지 이해가 안가는데 하이틴 영화중에 탑이라고 해도 과언이 아니다.  
20170611,8,시련은 셀프다. 그러므로 받아들이자. 모두가 그러하듯 힘들고 고약한 일상을 살아간다. 그리고 진심을 다해면 고약한 일상도 살 맛난다.  
20170610,7,그지같은 제목만 보고 중고딩들 허세부리는 영화인줄 알았는데 막상 보니 지나온 사람들은 이미 다 겪은 얘기라 이해가 가고 10대들에겐 지금 겪고 있을지도 모를 일이라 공감가는...  
20170610,6,간간히 코믹한 부분도 좋았고 주인공 연기에 감탄했다..하지만..너무 이기주의자같은  주인공 성격을 공감하지 못했다..엄마와 오빠의 참을성에 박수를 보내고..보는시선이 다 틀리겠지만 나는 주인공을이해하기 힘든영화였다...  
20170610,10,"한국어 제목 괜찮은데? 진짜 여주 OO발광하지만, 그게 다 성장통이다. 난 지금도 OO발광하는데 뭘... 영화는 내 스타일이다. 상당히 재밌게 봤다.  "
20170610,10,안 봤으면 꼭봐라~!!!!~~  
20170609,8,포스터랑 제목 진짜 구리다. 무슨 생각으로 저따위로 만들었지. 영화 자체는 재밌는데 포스터가 말아먹을듯. 한심하기 짝이없다.  
20170609,10,이건 꼭 봐야돼 진짜ㅠㅠ  
20170609,8,여자 사춘기 정말 힘들가 보군 재밋당 이해한다  
20170609,10,한번쯤 겪는 일들일까? 나도 그런 와중일지도..  
20170609,10,이 영화를 본 2017. 6. 9. 28살을 터닝포인트로 내인생은 바뀔 것이다 :D I LOVE YOU  
20170609,10,정말 잘봣어요 ㅋㅋㅋ 재밋네요 ㅋㅋ 주인공이 나랑 비슷 하네 ㅎㅎ 많은걸 느낀 감사한 작품입니다 ㅋㅋ 특히 마지막 부분은 주인공이 옛날 같으면 삐지고 돌아설 텐데 남자친구랑 어울리는 장면은 성장함을 보여주네요.  
20170608,1,짱개 자금 들어간건 안본다 영화고 모고 없다 할리우드 영화는 이제부터 짱개 자금 들어간건 다 분류하고 안봄 재밌다고해도 안볼꺼다 짱개의 증오심이 나날이 커진다  
20170608,7,참 답 없는 캐릭터네요.  
20170608,1,제목 번역 진짜 그지같네 ㅋㅋㅋㅋ  
20170608,10,"제목 그지같이 바꿔놨지만, 이 영화 난 너무 마음에 들었다. 특히 헤일리 너무좋네  "
20170608,9,또 배급사 홍보의 희생량 탄생. 타이틀이 이 영화의 꽃인데 지발발광 따위로 바꿔두면 어쩌자는거? 틴에이져 감성이 가장자리에서 발버둥치는걸 OO발광하는걸로 전락시켜버림  
20170608,9,사춘기의 톡톡 튀는 상큼함을 잘 표현한 영화~^^  
20170608,10,제목이 저게 뭐야 도대체.... 참고로 이 영화 재밌습니다. 왠지 예전에 나를 보는 것 같아 가슴 한 쪽이 뭉글뭉글했네요.  
20170608,1,Edge라는 단어가 언제부터 OO발광이란 뜻이였냐?...;;;  
20170608,8,"OO발광 여주때메 암걸려서 영화닫으려는 순간, 주변인들에게 속내를 털어놓네  "
20170608,9,자신을 찾아과는 과정이 밝고 유쾌했다.. 연기력 좋고  
20170608,10,"끝날 때쯤 영화가 끝나지 않기를 바라면서 봤네요. 네이딘과 어윈의 뒷이야기가 더 보고싶어졌거든요. 캐릭터들도 다 너무 매력있고 연기도 대단히 훌륭하고 교훈도 좋고 스토리도 좋아요.. 결점 많은, 그런 흔한 하이틴 영화가 아닙니다  "
20170608,10,옛생각도 나고 순수해진 기분입니다. 좋은영화네요.  
20170608,10,사랑타령밖에 할 줄 모르는 한심하고 수준낮은 우리나라 영화에비해 정말 좋은영화다  
20170608,10,간만에 보는 상큼한 영화...모든 분들께 강추합니다.  
20170608,8,공감 안되는 주인공의 외모컴플렉스 빼고는 다 좋았음.  
20170608,10,뭔가 내 학창시절과 매우 유사해서 놀라웠고 슬펐고 즐거웠고 감동적이었다. 102분이 10분처럼 느껴질정도로 빨리가서 매우 아쉽다.  
20170607,10,질풍노도의 성장기를 너무도 잘 표현했다  
20170607,9,질풍노도의 시기를 잘 그려낸 영화.  어른이 되기 전 거쳐야하는 단계를 잘 보여줌. 보면서 자신의 흑역사를 되짚어 보게됨. 이 영화를 보고 이불킥을 했습니다.  
20170607,10,제목 왜이래 그냥 터치좀 하지 말자..  
20170607,6,서부영화에서 당찬 꼬맹이로 봤는데;; 벌써 많이 컸네. 영화 자체로는 그다지 특별할 것 없는 평범한 사춘기 방황얘기지만 연기도 뛰어나고 의외로 내용도 재미있는 영화  
20170607,10,제목ㅋㅋㅋ고소감 아닌가 제목에 속지마세요 상받을 웰메이드명작입니다.  
20170607,8,으앍 내친구가 내오빠나 언니를 좋아하다니 상상만해도 극혐인데 이걸 현실로 받아들일수있을까 한번쯤 상상이란걸 현실로 실감나게 잘 느껴졌던 영화 아니 보통 안그렇잖아 17년 친구가 하루만에 오빠여친으로?? 내 베프가 OO발광 17일을 살듯  
20170607,9,"주인공들.. 특히 여주, 동양남자, 선생님의 매력이 돋보이는 영화!! 유머요소도 충분하고 외국 영화보고 이렇게 웃은적은 처음이예요.. 보고나면 마음이 따뜻해지고 많은 사람이 공감할수있을거같네요~  "
20170606,9,나를 포함 세계 곳곳에 있을 또다른 네이딘들을 위하여~그들에게 용기와 도전과 자신감을 북돋아주는 영화가 되길 바란다~~ 참고로 어윈킴 역할을 한 배우는 실제론 중국계~  
20170606,6,제목이 저게 뭐에여..OO발광이  뭐에요 OO발광이...  
20170606,8,"솔직히 이해를 못 했다. 나라나 성별로도 정서가 달랐기에 보면서 늘 머리를 굴렸다. 어떻게 이런 감정일 수가 있는 거지? 도대체 무슨 생각인 걸까. 하지만 보면 볼수록 ""아 이럴 수도 있겠구나"" 하고 느낀다. 역시 사춘기는 너무 어렵다.  "
20170606,10,재미있게 보며 웃고 감동한 잘만들어진 성장 영화인데 수입사 잘못 만나서 OO같은 대접을 받았네. 마케팅 수준이 격도 없고 유머도없고 천박하고 1차원적인게 최순실급이다.영화가 아깝고 불쌍하다.  
20170606,9,제목 왜이럼 ㅡㅡ OO발광이 뭐야;;  
20170606,8,닉 너무 치명적이어서 네이딘이 반할만 했네 ㅠㅠ 닉 역할 맡은 알렉산더칼버트 검색해도 정보가 너무 없어서 아쉽당  
20170604,10,넘잼게봄. 마치 내 자신을보는듯했던 기분..이 영화 그저 가벼운 하이틴영화인줄알았는데 의외로 무겁다..한번쯤은 꼭봤음좋겠음..배우들 다 연기짱잘햌ㅋㅋㅋ그리고 오웬인가 오웬인가 한국인왜케 귀여워ㅠㅠㅠ  
20170601,9,"소소하게 웃고 가슴아프게 공감하면서 봤으나, 한순간의 부딪힘으로 순식간에 화해하고 받아들이고 게다가 백마탄 왕자의 등장으로 급하게 정리된 해피엔딩이 조금 아쉬웠습니다. 서툰 생각과 행동들이 그리 쉽게 개선될 수 있는 것이 아닌 것을 알기에.  "
20170531,10,한국 제목 왜 저렇게 바뀜? ㅋㅋㅋ 원래 엣지오브세븐틴이었는데  
20170529,10,내 모습을 보는거 같았다... 남은 행복하고 나만 불행하다 생각하고 남한테 피해주고 나만 생각하고.. 진짜 와닿는 영호ㅓ  
20170527,8,난리발광17세 ㅋㅋ지금이 7080년댇 아니고 이딴 제목 의역은 진짜 너무한거 아니냐?? 더군다나 난리발광이란 단어는 이 영화의 내용과 전혀 어울리지도 않는 OO맞은 제목이기까지 하다  
20170524,10,영어제목으로 치면 나옴  
20170524,9,제목미쳤냐? 누가 바꿈? 웬 저질싸구려하이틴 영화인줄 알겠음 사람들이. 전혀아닌데ㅡㅡ  
20170522,4,여주발암민폐잘생긴남자한테 까이고나니 아쉬우니 오웬. 겸사겸사 부자고  
20170519,10,제목 의역봐랔ㅋㅋ OO발광 17세ㅋㅋㅋㅋ  
20170513,10,가슴에 쿵 하고 하나가 내려 앉는다 내가 바라보고 있는 나의모습과 네이딘의 모습이 너무 닮았다  
20170506,10,아이 키우는 부모가르치는 선생님그리고 사춘기를 겪는 모든 학생꼭 보고 공감하길 바랍니다.너무 유쾌하고 때론 가슴아프지만 너무 괜찮은 영화네요. 연기도 좋고 연출도 좋고 음악도 좋고. 생각하게 만드는 이런 영화 너무 좋아요.  
20170503,9,이런 장르 잘 안보는 편인데 이건 잘 만든 하이틴 영화같네요 여주의 연기도 돋보이고 매력적인 연출도 굿!  
20170502,10,복잡하고 OO맞아도 저 나이때로 돌아갈수 있다면 좋겠다 ㅠ 어윈김 정말 한국 사람인가? 매력적이던데  
20170502,5,그야말로 사춘기애들을 위한 영화....각본 짜집기...  
20170501,10,"..,,..,,..,,  "
20170430,8,최고의 영화는 아니고 그렇다고 영화도 아니고 적당한 킬링타임용도 아닌 볼만한 영화 재밌게 잘 봤어요  
20170426,7,The Edge of Seventeen  
20170423,6,여주가 베프 싫어하는 이유가 이해가 안되는데. 그냥 자기 오빠랑 사귀면 그냥 응원해주면 되는거 아닌가?  
20170421,8,로맨틱 코미디가 아닌 외로운 청춘 성장기. 해피엔딩의 결말이 한국계 남자친구라니 (돈밖에 모르는 슈퍼마켓 주인으로나 등장하던)한국인에 대한 이미지가 많이 좋아졌구나 싶기도.  
20170419,8,8.5점 주고 싶다. 소재가 너무 평이해서 거의 다큐급이다.  영화적 긴장감은 네이든이 혹시 선생? 아니면 펫마켓 청년이랑 후회될 짓을 하지 않을까 하는 요소 정도.. 오빠의 성인스러움이 다소 영화를 슬프게 만든다. 8.5점.  
20170419,10,"근데, 여주가 오빠한테 화를 표출하는 게 꼬맹이가 발악하는 것처럼 너무 소소해서, 존재이하로 만드는 여주오빠한테 빅엿을 먹여보길 바랬는데.. 마지막까지 그러지 못하고 여주 안에서 화가 산화한 건 좀 그랬음.  "
20170417,10,헤일리 스테인펠트 정말 사랑스럽네~코미디가 이렇게 잘 어울렸던가. 기승전결 완벽한 하이틴 영화. 교훈도 정말 많음.  
20170413,10,무겁지도 가볍지도 않고 적당히 유쾌하다.  
20170412,7,여주 진짜 싫다ㅋㅋㅋㅋ  
20170410,8,배우들의 연기력도 좋고 영상도 뛰어나다. 그리고 무엇보다 유쾌하면서도 매력적이다.  
20170409,10,주인공이랑 한국인이랑 잘되서 좋다 ㅋㅋ  
20170408,1,10글자 채우는게 곤욕  
20170407,8,기존 사춘기 영화들과 격을 달리하는 연출과 편집의 무게감. 거기에 헤일리 스테인펠드의 연기력까지 탄력을 받는다. 한국인 어윈킴 역을 남자배우의 훈훈함은 덤.  
20170407,10,"자의식 자기중심 만빵 사춘기 일탈의 종합선물패캐지. 통찰력 배려심, 인내심 따위 안드로메다로 보내버린 것처럼 설쳐도 그 자신도 힘들다.  '힘든 사람은 나 뿐이라고 생각하게 돼. 그럼 특별한 사람이 된 것같으니까.'  의미있는 영화.  "
20170403,8,강추합니다 십대 분들에게 특히 강추해요.  
20170402,8,문화적 차이는 있지만 코미디 자체로써 유머도 있고 라스트의 찡한 감정도 느낄수 있어 좋았다.. 내가 하이틴이 아니여도 공감 가는 영화..  
20170402,10,"한국에도 꼭 개봉하기를 바랍니다. 하이딘 영화중에서 가장 공감이 가는 영화네요. 딱 한가지 공감이 가지 않는 부분은 헤일리가 이 얼굴로 평생 살아야 한다는게 절망(?) 스럽다고 했는데, 그 얼굴로 평생 살면 좋겠구만 ㅡㅡ 겁나이뻐... 한국남자나옴  "
20170402,8,가볍게 즐기기 좋은 성장영화...근데 여주가 저런 역할 하기엔 너무 이쁨..  
20170401,8,다재밌고 좋았는데 여주친구 ㅈㄴ싫다 진짜...지만 행복하면 다니 그게 우정이냐 면상부시고싶다 친구버리고 남자한테 가놓고 미친  
20170331,10,날보는듯 했고 내 주위사람들을 보는듯했다.나는 여전히 날 사랑해주지 않고 내얘기를 제대로 들으려 하지않는 엄마와 아빠를 이해하기 힘들다. 그리고.. 네이딘을 이해하는 내가 불안하다. 나도 네이딘처럼 주위사람들이 이해하기 힘든사람인걸까.. 내잘못인걸까  
20170331,10,최고의 영화 추천합니다  
20170331,8,"우리가 경험했고 아직도 진행중일지 모르는 소외감,불안전한 자아와 정체성, 짝사랑,친구와의 다툼,형제와의 갈등 등 청춘의 방황을 아주 코믹스럽게 잘 연출했다. 헤일리가 매력적이게 나오고 어웬킴 한국인 캐릭터가 스마트하고 젠틀하게 나와 아주 좋았다.  "
20170330,7,흥미롭긴한데 여주인공의 심리상태가 이해를 못하겠다. 요즘 십대는 저런가. 주변인들이 보살이고 최고는 오빠가 아닐까  
20170330,1,영화는 그럭저럭 하지만 전범기를 지능적으로 노출 하였기에...  
20170330,9,아직 딱 반 봤지만 굿. 헤일리는 정말 대단해.... 하이틴물은 거의 다 본것같은데 이처럼 맘 졸이며 보기는 처음임. 가벼운 내용이지만 감정선은 절대 가볍지않은 영화. 가벼운 킬링타임용으로 생각했다면 경기도오산임ㅋㅋ  
20170330,2,어? 이영화 미국가면 볼 수 있는대여  
20170330,10,"감춰둔 외로움이 배신감으로 수면위로 떠오르면서 자신을 도와주려는 사람들에게 피해망상을 느끼고, 마음 속에서 그러면 안된다는 것을 알지만 분노를 폭발시키고, 그런 자신이 한없이 수치스럽고ㅠ과거 내모습을 보는것같아 안타까워서 슬픈감정이들었다. 물론 잼잼  "
20170330,10,"마치 나를 보는 듯해서 소름이 돋을 정도. 말로 설명할 수는 없는 감정들, 배신감... 또 바보같은 행동들. 네이딘에게 진심으로 이해한다고, 다 이해한다고 말해주고싶었다.  "
20170330,10,헤일리 기여워.. 손에 꼽는 하이틴 영화  
20170329,7,세상을 마주하는 태도를 갖기 까지 겪어야 하는 성장통  
20170329,8,"네이딘시점에서 보면 아버지와 사별, 주위사람들과의 단절로 연민이 느껴지나 주위사람들의 시점에서 보지면 네이딘은 트러블 메이커이다. 결국 진실과 소통으로 해피엔딩을 맞이하는데, 설정은 17세 소녀지만 나이불문하고사회에서 모두 통용되는 메세지를 전달한다.  "
20170329,8,최근 하이틴 영화중  가장 재미있고 잘만든 영화라 생각한다... 한국인 남자애도 나오는데 ㅋㅋㅋㅋ  
20170329,5,사건이 너무 많아서 정신없었습니다  
20170328,10,주인공 도 섹시한데...잼있다..청춘들..부럽다.  
20170322,6,평타는 치는 하이틴 성장물이지만 여주랑 여주친구가 이해할수없다...;; 남자 배우들이 잘생겨서 끝까지봄  
20170305,9,십대가 아니어도 와닿는 좌충우돌 성장기  
20170305,1,응 평점 너무 높아 이정돈 아니야  
20170302,10,대한항공 타면 볼 수 있어요.  
20170224,10,이 영화 어캐하면 보나요?  ㅠ볼수가 없어요빨리 보여주세용  쫌!!!  
20170212,9,"재미있는 대사들,, 헤일리의 표정들..  "
20170202,10,정말  기다하고 있으며 보고 싶어짐  
20170120,10,혹시 이 영화 볼 수 있는곳 아시나요? 정말 너무너무 보고 싶은데 볼 방법이 없습니다.. ㅠㅠ..  
20161125,10,무조건 본다..진짜 내가 가장 좋아하는 여배우 정크에다가 스타빙 노랩도 좋고 이제야 빛봄..ost부른 버디는 내 최애 가수..????  
20161019,10,헤일리  스테인펠드...빨리 보고싶다 너무 보고싶다  
20160921,10,헤일리 믿고 봅니다!!!  
20170305,9,십대가 아니어도 와닿는 좌충우돌 성장기  
20170305,1,응 평점 너무 높아 이정돈 아니야  
20170302,10,대한항공 타면 볼 수 있어요.  
20170224,10,이 영화 어캐하면 보나요?  ㅠ볼수가 없어요빨리 보여주세용  쫌!!!  
20170212,9,"재미있는 대사들,, 헤일리의 표정들..  "
20170202,10,정말  기다하고 있으며 보고 싶어짐  
20170120,10,혹시 이 영화 볼 수 있는곳 아시나요? 정말 너무너무 보고 싶은데 볼 방법이 없습니다.. ㅠㅠ..  
20161125,10,무조건 본다..진짜 내가 가장 좋아하는 여배우 정크에다가 스타빙 노랩도 좋고 이제야 빛봄..ost부른 버디는 내 최애 가수..????  
20161019,10,헤일리  스테인펠드...빨리 보고싶다 너무 보고싶다  
20160921,10,헤일리 믿고 봅니다!!!  
