0,1,2
20171002,9,과거의 치욕에 관한 영화이지만 앞으로 우리는 어떻게 해야할까 생각하게 하는 영화 우리는 자유로운가?다시 그러한 일을 겪지 않을까?다시 겪게 된다면 어떻게 될까?살기위해 무릎꿇을 것인가? 죽기로 싸울 것인가?조선은 우리역사의 암흑기인가?  
20171002,9,주연배우들에 연기에 감탄~~~거기에 조연들에 감초연기가  어우러져서 조하...대박나세요^^  
20171002,8,배우들의 연기만으로도 긴장감과 몰입감 대박입니다!!!  
20171002,10,대단한 영화네요. 하지만 가슴이 아리네요...  
20171002,8,오늘 시사회에서 남한산성 봤는데 배우들 연기 정말 일품입니다. 액션이나 동적인 게 좀 약하지만 두 신하의  팽팽한 논리에 함께 깊이 고민을 하게 되고 진지함이 있습니다. 서로 대립되는 의견을 가지고 있지만 둘다 충신이네요. 영화시간이 좀 길긴해요^^  
20171002,10,오직 박해일이 왕으로 나온다는 그 하나때문에 보고싶음 다른 배우들 지겨운데 갑자기 예고편에 박해일 나오고나서 영화 급 확 살아나는 느낌  
20171002,8,정말 오랜만이다.이런 완성도 높은 전통 사극 영화가..!!  
20171002,8,당시의 인물들 표현묘사를 정말잘했음..액션생각 하고 가시는분들은 보지마세요  
20171002,10,만점 더 주고 싶다 시사회 보고 왔는데 명품연기 스토리 다 굿굿  
20171002,8,시사회 보고 왔는데 영화 잘 만들었고 지루하지 않고 나름 수작임  
20171002,9,원작 자체가 원래 말로써 싸움을 이어가는 조선 왕실의답답함과 무능함을 함께 담고 있어요. 별로 좋아하시지 않는 분들은 지루하실 수도..  
20171002,1,좀 많이 지루하네요...  
20171002,1,"오늘 시사회 보고왔는데 박해일의 최종병기 활,이병헌의 광해를 생각한다면 이 이영화 볼생각 하지도 마세요ㅎㅎㅎㅎ 진짜 후기 안남기는데ㅋㅋ. 진짜 알바생의 평점 조작과 평론가매수 했나라는 생각이 들정도 입니다.  "
20171002,10,대박이에여ㅠㅠㅠ 감동 여운ㅠㅠㅠ  
20171002,10,올해 최고의 영화라는 말에 한표 던집니다  
20171002,9,시사회로 오늘 봤는데 영화 진짜 좋다 와씨.. 사극노잼이어도 공짜니까 본건데 생각 이상으로 좋아서 개봉하면 한번 더 봐야겠다. 여운 오짐. 영화자체가 깊고 무겁고 와.. 김윤석 이병헌 혀배틀 뜨는거 진짜 지리고 전투씬도 볼만하게 만들었네. 따봉드림.  
20171002,6,시사회로 봤는데 뭔가 기분이 별로네요..연기는 완벽하나 내부의적으로 짜증만 들끓고 답답함도 해결이 안되며 임금 앞에서 코빅의 사망토론을 방불케하는 진행..  
20171002,10,방금 시사회로 보고 나왓습니다. 개인적으로 올해 최고 영화입니다. 연출력도 괜찮았고 왕이랑 신하둘이 누가 연기잘하나 연기대결 하는 줄 알았습니다.  
20171002,1,역사적사실대로..상업성은 안보임..  
20171002,2,평점보면서 알바푼다는 말 안믿었는데 이건 믿는다..  
20171002,10,"내가 좋아하는 배우 이병헌,,추석지내고 꼭 볼러갈께요~~ 좋은추석선물 주셔서 감사해요  "
20171002,10,봐야할 이유가 충분하다...  
20171002,10,지금의 현실과 너무나도 닮아있는 그 때의 모습에 놀라실껍니다  
20171002,9,박평식 '전시작전권을 환수해야 할 이유' ㅋㅋㅋ  
20171002,8,역사를 모르는 사람만 보세요 이미 알고있어서 엔딩을 알아요ㅜㅜ근데 명품배우라  연기하나는 진짜네요  
20171002,10,너무너무 잘 만든 영화! 외화 보지말고 우리 영화보자!!  
20171002,10,역사상 가장 치열했던 47일.. 그 당시의 이야기를 사실적으로 잘 그려낸 영화랄까요? 가OO 않지만 연휴에 가족들이랑 보기 딱 좋을 영화입니다.  
20171002,9,시사회로 보고왔는데 진짜 배우들 연기 개잘하고 중간중간 웃음포인트도 있긴한데 처음부터 끝까지내용상으로 답답한느낌  
20171002,7,유교때매 나라가 망한 이유를 잘 알수있었다. 연기력은 정말 좋았음  
20171002,10,배우들만봐도 대박!! 요거 넘나 보고싶은 영화에요!!  
20171002,10,"뼈아픈 47일, 잘 담아 냈다  "
20171002,10,이런 영화는 GV시사회로 보면 좋은데  
20171002,6,영화는 묵직함을 가지고 그 시대적 느낌을 고스란히 잘 나타내었다. 하지만 140분 동안 이어지는 설전은 고구마를 물없이 먹는 느낌에 연속... 영화적 가치는 높으나 오락적 덕목에서는 지루함을 어쩔 수 없는... 추석 시즌 영화가 아니였음 좋았을걸...  
20171002,10,숨죽이면서 보게 되는 140분이었다.. 내일 경험해보시길..  
20171002,10,이거 몰입도가 엄청납니다 ㅋㅋ 꼭보세요 ㅋ  
20171002,10,울가족 4명 예매했습니다. 기대되네요  
20171002,9,"병자호란이 흑역사긴 하지만 잊지 말아야함, 그래야 되풀이되는 실수를 막을 수 있음  "
20171002,10,드디어 이 영화를 내일 볼 수 있는건가요ㅠㅠ  
20171002,5,낼 상봉 매가박스 11시 40분 표 끊엇습니다 내일이 개봉이네요 ㅎㅎ 2시간 20분 ㄷㄷㄷ 잼없으면 보다가 나올듯 넘 길다 영화 ㅡㅡ  
20171002,10,"과하지도, 모자라지도 않은 딱 적당한 느낌. 오바스럽지 않아 더욱 만족스러웠던..  "
20171002,10,"오락무비처럼 말도안되는 억지 장면 넣는 것 보다 훨씬 좋았다, 이번주에 부모님 모시고 한번 더 보러 갈 예정  "
20171002,1,영화 볼만 할까? 썰전이면 JTBC 실전으로 충분하고...영화적인 스펙터클 서사나 재미와 감동이 있을까나? 찌질한 인조는 제껴두고 말이지~^^  
20171002,1,참으로 미개한 민족... 그렇게 짓밟히고도 서로 권력 투쟁이나 하고 있고... 역사는 반복 된다고 자한당 같은 정치인 때문에 대한민국이 망한다. 그런 넘들에게 희망을 갖고 지지해 주는 미개한 국민들...노답이다. 대한민국은...  
20171002,3,엄청난 조합의 부조화. 그 불편함.  
20171002,10,이런게 바로 영화지.. 자꾸 역사 왜곡하면서 역사영화 좀 만들지마라..  
20171002,9,제대로 만들었더라구요~~ 제대로 된 역사 사극입니다^^  
20171002,10,그 당시를 직접 촬영해둔 것 같은 리얼함과 생생함  
20171002,10,캐스팅 굿. 다들 제 역할을 톡톡이 해냅니다  
20171002,10,이 영화를 어떻게 그려냈을지 상당히 궁금하다. 평론가들의 평은 상당하던데..  
20171002,10,원작도좋고 출연진도 빵빵해서 완전 기대되네요~ 특히 박해일배우님 팬이라 극장가서 꼭 보겠습니다^^  
20171002,10,캐스팅 라인업은 대박인데 과연 어떨지  
20171002,1,역사를 모르는 평론가들의 향연  
20171002,10,박평식 캬 전시작전권을 환수해야할 이유란다  
20171002,1,평론가들 조차 지루하게 느껴질수도 있다는 말은 일반관객이 보면 엄첨 지루한 영화일 듯!  추석연휴에 상영할 타이밍은 아닌듯!  
20171002,10,개인적으로 신과함께보다 라인업 더좋은거 같은데  
20171002,10,낼 아침에 조조로 보러 가요ㅎㅎㅎ 기대기대  
20171002,10,"배우는 인증됐으니 각본,연출만 잘받쳐준다면 천만영화도 찍을수있을듯  "
20171002,10,원작의 진지함을 좋은 연기력으로 풀어 놓은 남한산성 굴욕의 역사를 담담하게 그려내다.  
20171002,10,국제 질서와 힘의 무서움을 모르고 자존심만 앞세우면 가만히 있는것만 못하다는걸 역사는 알려준다. 현재 중국을 유일하게 잡을수 있는나라가 미국인것을 망각하고 우리나라 단독으로 중국 상대해보겠다고 하다가 시진핑한테 머리 조아릴것이다. 그러니 줄을 잘 서라  
20171002,5,임팩트없는영화 그냥 잔잔히 끌고간다초등 아들 데꼬갓는데 시작5분부터 언제끝나는지 계속징징거림천만영화안될듯  
20171002,10,여태까지 본 사극 영화들 중 가장 진중하고 진한 울림이 있던 영화가 아니었나 싶어요 시사회로 보고 왔었는데 평론가들 말에 격하게 공감합니다  
20171002,10,드디어 내일 개봉~~ 방금 예매햇어요~!  
20171002,10,연기 연출 스토리 삼박자 다 갖춘 수작  
20171002,10,시사회로 보고 왔었는데 정말 배울 점도 많고 유익한 시간이였습니다^^ 배우들의 열연도 정말 최고!  
20171002,10,병자호란 이야기를 영화로 볼 수 있다는것 만으로도 영광  
20171002,9,와 남한산성 드디어 내일 개봉이네요ㅋㅋㅋㅋ 기대됩니다ㅋㅋㅋ  
20171002,10,정말 좋은 영화ㅎㅎㅎ 시사회로 보고 왔지만 개봉하면 또 보러 갈거다!  
20171002,10,시사회평 좋아서 기대중ㅋㅋㅋ 우선 배우들만 봐도 믿고 볼 수 있을듯  
20171002,10,정말 기대되는 영화입니다. 개봉일날 가족들이랑 다같이 보러 갈 생각입니다.  
20171002,6,한국영화인데 박평식이 6점이라. 볼만 하단 뜻이다.  
20171002,1, 소재는 좋았습니다 .ㅅ  
20171002,1,그 당시 헬조선이 완전 멸망했어야 하는데 아깝다  
20171002,10,사대를 하느냐 마느냐가 아닌 사대를 어느쪽으로 하느냐.  
20171002,10,역시역시 믿고보는영화  ㅎㅎㅎㅎ  
20171002,10,여기서보네요 김비서님 ㅎ  
20171002,6,보는 내내 밤고구마 먹으면서 보는 느낌...답답해...관료들의 무능함을 볼수있음 말로는 나도 만수르다~ 말로만 다할려고 하는 관료들 진짜 짜증남  
20171002,1,"전작권 회수같은 소리한다 ㅋㅋㅋ 북중-남미 전쟁 일어나면 결국 전쟁의 주 전력은 미군의 자산인데, 근데 전작권을 가져오자고? 남한 단독 전력으로 북중 동맹군이랑 맞짱뜰수 있냐? 한국사람들은 웰케 미군을 무시할까. 미군없음 바로 망하는게 남한 처지인데  "
20171002,10,전시작전권을 환수해야할 이유... 박평식평론가님의 평가 적극적으로 공감합니다  
20171002,10,시사회 후기 좋던데 기대되요ㅎㅎ  
20171002,10,다 좋은데 이것은 엄연히 서인과 인조가 만든문제여서이번 영화의 캐릭터들이 미화가 별로 하지 않았으면좋겠다. 그리고 그만큼 치욕스러운 역사이니 군함도처럼 왜곡이 들어가선 안된다.  
20171002,10,아 왕 궁금하다 !!!!  
20171002,10,감동.. 꼭보세요!!  
20171002,5,시사회로 미리 봤어요 출연배우들보고 기대 많이했는데 좀 지루했어요 ㅠㅠ 솔직히 재밌는지는 못느끼고 나왔네요.  
20171002,2,"조선-청 의 대치상황을 남한-북한 대치상황과 비교하는 사람이 있는데, ㅂㅅ들임. 당시 청 입장에서 조선은 명을 정벌하기전  조저놓는 후방작업에 불과했고, 북한에게 남한은 후방작업이 아님. 그리고 북한은 화해를해도 계속 핵개발하고 미사일 쏘는  미친놈들  "
20171002,1,전시작전권 환수해야 하는 이유? 평론가 맞냐? 전~~혀 지금 상황과 그떄 상황이 맞지 않은데 뭘 갖다 붙임? 그리고 전시작전권도 충분히 힘이 있을때 환수받아야지 지금 한국이 북한-중국 연합군을 독자적으로 상대할수 있음? 미군이 결국 주축인데 .  
20171002,10,평식옹.. 전시작전권이 왜나옵니까.. 영화를 평가해야지 한줄평에ㅠ저런걸 써놓으면..  
20171002,10,전시작전권을평식해야할박아망꼬에평식아  
20171002,10,내가  보지도 않고 정리해 주께.. 이영화 대박난다..  좀 깊이가 있어 보이고. 단면만 따지는 영화가아니라  복잡한 상황을 상당히 입체적으로 다룬  영화일듯 보인다.  
20171002,5,나는 예언한다...이 영화는 생각보다 망한다...그 이유는...추석특수를 노리겠다는 영화가 역사물이네...추석때 영화관으로 역사공부 하러 갈일 있나...만약 이게 의외로 흥행한다면 오로지 순수하게 배우들 티켓파워로 올린 결과일 것이다...  
20171002,10,역사공부할때 도움 좀 되는듯  
20171002,9,박평식이 말이 옳다. 언제까지 미국 응디 뒤에 숨어서 형님형님 야~ 이OO할건데? 우리나란 뭐 스스로 할줄 아는게 없는 OO이라 생각하나? 문재인 하는짓 꼬우면 북한가라 이리야~  
20171002,10,능양군  깔 수 있는 영화인가요  
20171001,1,배우들 연기도 뻔하고  무겁고 지루함  
20171001,1,신라 후예가 세운 후금 청나라 김 누르하치와그의 아들 김 도르곤 VS 거지 노예 국가 500년 중국 속국?? 식민지?? 장개 한족 출신 이성계 중국 괴뢰국 이씨 조선결론 : 김 도르곤한테 개박살 남역시 스키타이 아리아인 코미타투스 신라 후예  
20171001,7,이병헌의 연기는 70%쯤 예상이가고 김윤석의 연기는 걍 100% 뻔할뻔자다  연기를 잘하고 못하고 떠나 우리나라 배우들은 스타일이 한결같다  
20171001,9,잔잔한 한편의 사극드라마 보는 느낌이었습니다. 개봉하면 다시 볼 거예요. 마지막 너무 슬펐어요.  
20171001,1,맨날 당하는거 말고 영광스런 영화 좀 만들어라.살수대첩. 귀주대첩. 좌원대첩.여진정벌. 백제의 북위와의 전쟁 승리. 요론거 많구만.  왜 항상 질질짜고 쳐맞는거만 만드냐.  
20171001,1,우린 단일 민족이 아니다 다인종 국가 이다 어서 남한 산성 내려라 우리는 단일 민족이 아니다 다양한 짱깨 몽골 동남아시아 피가 섞여 있다 그러니 몽골 영화도 찍고 똥남아 필리핀 스리랑카 네팔 태국 영화도 찍고 짱깨 영화를 찍어야 한다  
20171001,1,박평식-전시작전권을 환수해야 할 이유 ->이게 평론가가 할 소리냐? 정치인이 할 소리지. 저때나 지금이나 전시작전권을 환수하면 더 강해지냐? 더 약해질려고 전시작전권을 환수하는게 무슨 의미가 있냐? 영화계를 좌파들이 점령했다던데 대놓고 정치를 하네  
20171001,10,뚝섬에서 왕 뚝배기 깨지는 이야기. 기대됨. 조선이 얼마나 무능했는지 이런 나라와 전통을 어떻게 물려 주게 되었는지  
20171001,1,이걸 본 내가 병.~~신이지 ㅋㅋ  
20171001,8,옷이 무지 따뜻하게 보인다  
20171001,1,어휴 지겹다 지겨워 알탕영화 하다하다 인조 찌그레기로 영화를 만드네ㅋ  
20171001,10,박해일 게임 끝이네요 ㅋㅋㅋ  
20171001,10,병자호란당시의 상황을 잘 만들었는지가 관건  
20171001,1,0점은 줄 수 없나?시사회 보다가 잤다 ㅠ돈아까워  
20171001,1,정치 이야기좀 그만 만들자 1부터 100까지 정치야  
20171001,1,당파성론!!! 모이면 분열하고 이간질하고 욕지거리하는 조선인의 전통은 영원하리라!!!  
20171001,1,이병헌이 아직도 나오냐....  
20171001,10,오 기자들 평이 좋네.. 믿고 봐도 될듯  
20171001,10,온가족이 보기엔 사실 사극만한게 없지 기대중  
20171001,10,평식이 형이 별 3개나 줬네 평도 좋고 일단 예매하고본다  
20171001,1,믿고 보는 배우들 우르르 나오는 영화 치고 재밌는 영화 못봤다.  
20171001,9,밑에 찐따야 킹스맨  현지에서 1편보다 평 존나 않좋다 네이버에서만 평좋지  
20171001,4,기자 평론가 ㅋㅋㅋㅋ 킹스맨 2는  4점주고 이거 8점 주는 게 말이 되냐?  국내 영화 감싸주기 도가 지나침.  
20171001,1,킹스맨 때문에 흥행 실패가 눈에 선하네요~!!  
20171001,1,소재 자체가 참 우울하다. 우리 나라는 실화 배경 빼면 어떤 영화도 못만든다. 상상력이 제로라 극을 이끌어 가는 힘이 약해. 그나마도 영화 주제는 많은 뜻을 담을 수 있는 주제인데 머리속에는 천만 영화뿐이라 극의 진행이 뻔하다  
20171001,5,사극 이젠 지겹지도 않나요??  
20171001,1,중국자본 패배주의 길들이기 쓰레기 영화  
20171001,10,정통 사극이 아니라 새로운 사극이다. 이 영화가 잘 되면 앞으로 굳이 영화제 안 찾아다녀도 일반 극장에서 신선한 작품들을 많이 접할 수 있을 것 같다.  
20170930,8,"시사회에서 보고 왔어요. 특히 박해일의 인조가 훌륭했다고 봅니다. 지금 사람들이 생각하면 뭐 그런 걸로 목청 높이며 싸우나 싶지만 당대 사람들의 생각은 우리와 다르니까, 넘기고. 역사적 사실에 어긋나는 점은 없이 잘 구성한 거 같아요.  "
20170930,1,이건 1점이 아니다. 11점을 주고 싶은 내 마음이다.  
20170930,6,제발 그 당시 사람들을 미화시키지 않고 있는 그대로 표현했으면...  말만 번드르르하게 표현하는 게 아니라 그 말 뒤에 있는 속내까지 다 표현하는 영화가 될 수 있을까  
20170930,9,배우들 스케줄보소~ 손익분기 넘기려면 기본 500만 이상이겠군  
20170930,10,무슨말이 필요해 이병헌인데  
20170930,10,"시사회에서 영화봤어요. 이병헌의 연기는 당연히 좋고, 전 박해일이 왕의 캐릭터를 완벽히 소화해서 더 와닿았어요. 지금의 상황과 사람들과 전혀 다르지 않은 역사이야기. 강추입니다. 생각처럼 빠른 전개는 아니라서 좀 늘어짐이 있는게 좀 아쉬웠어요  "
20170930,10,어렸을적부터 연개소문 이순신 할것없이 나이와 안맞게 사극을 굉장히 좋아해서 그런지 굉장히 기대가 됩니다. 꼭 빨리 보고 싶습니  
20170930,10,기대합니다. 근대 소문난잔치에 먹을 것 없다고 아수라 꼴 안나길 빕니다.ㅜㅜ  
20170930,10,I'm your cinema로 오늘 보고 왔어요. 영화 좋습니다 ㅠㅠ 참고로 눈물 많이 흘렸...  
20170930,10,"방금 GS칼텍스 행사로 보고왔습니다^^ 사극이지만 스릴러물 못지않은 긴장감, 구성이 최고네요. 배우들 특히 화친과 결사항전으로 나뉜 이병헌, 김윤석 연기에 몰입되고 상황이 안타깝고 화가나서 눈물까지 3번 흘렸어요 강추~~  "
20170930,9,"다른사람 연기도 훌륭하지만 ,,고수.. 연기 다시봤다.진심 사람이 달라보인다.  "
20170930,10,"이 영화는 좌경화된 모든 매체에서 벗어나 참다운 영화 본연의 모습으로만 다가오길 기대. 불한당 같은 좋은 영화가 정치적으로 오해를 사 망치게 하는, 문화계 암덩이 같은 잣대가 사라져야 발전한다. 반성들 하시오.  "
20170930,10,3일에 꼭보러간다 우리나라 소재는 근대화말고는 너무한정되어 있는듯  
20170930,1,국뽕영화 그만만들어라  
20170930,10,믿고 보는 이병헌 아무리 뵨사마라도 연기만 놓고 봤을때 연기하나만큼은 깔수가 없지  
20170930,10,이병헌의 영화는 이병헌의 연기를 보는것만으로도 10점  
20170930,10,시사회 보고 왔어요.  이싼타 싫지만 영화는 참 볼만 합니다. 잘만들었네요.  
20170930,4,오늘 시사회갔는데 끝나고 아무생각이 없었음  
20170930,9,시사회로 보고왔습니다. 일단 호블호 있을거 같긴한데 저는 호 였습니다. 일단 총평을 하자면 삼전도의굴욕 그당시의 고구마 천개를 먹은듯한 답답함을 매우 잘 표현했습니다. 소설의 전개같은 느낌도 주는데 다만 좀 지루하게 느껴질 수도 있습니다.  
20170930,10,시사회로 먼저 봤습니다. 역사를 그대로 재현한 듯한 영화였습니다. 가장 좋았던 점은 처음부터 끝까지 아름다운 영상미. 그리고 역시나 훌륭한 연기. 개인적으로 평론가분들이 이 영화를 잘 묘사했다고 생각합니다.  
20170929,10,시사회로 먼저 봤습니다:) 기대한만큼 좋은 영화봐서 기분 좋네요~  
20170929,1,진짜 노잼이라...잤네요그냥 말싸움대잔치 그정도 말싸움은 사극만봐도나옴.답답하고 지루햇음 뭘말하고자하는지도 모르겟고  
20170929,10,이번에 시사회 당첨돼서 갔다 왔는데 정말 역사를 그대로 보는 듯한 영화입니다. 이 영화를 전쟁신이나 화려한 액션신을 보러가지 않으셨으면 합니다. 정말 우리의 역사를 다시 되새기고 그 수치스러운 역사를 잊지 않기위해 봤으면합니다.  
20170929,10,역작입니다. 두 배우의 열연이 돋보임  
20170929,1,배우의   미스캐스팅으로   인한   몰입방해영화   이산타!!! 어쩔껴  
20170929,1,진심으로  비추 합니다  시사회 참석해서 영화관람했습니다배우들 캐스팅이며 기대 가득하고 봤는데 감독의 연출이 다 망친 전형적인 설명 영화. 내용은 고구마 고구마 고구마 밖에 없고 갑자기 뚝뚝 끊기는 챕터 형식. 배우들의 연기력마저 없으면 0점 영화  
20170929,10,시사회 다녀왔습니다 믿고 보세요  
20170929,9,원작 소설을 너무 재밌게 읽어서 영화로는 어떨지 너무 기대되요~  
20170929,10,스케일부터 캐스팅까지 진짜 다 미친듯ㅋㅋㅋ  
20170929,10,어제 시사회 다녀왔는데 영호 ㅏ너무 좋았습니다.  
20170929,10,오랜만에 만나는 수작.  
20170929,10,기대합니다. 기대합니다.  
20170929,10,포토에서 이병헌이랑 김윤석 사진에서 나오는 포스 대단하다... 실제로 보면 어느정도일까 진짜..  
20170929,8,처음부터 끝까지 답답한 영화였어요영화문제가 아니라 삼전도의 굴욕이라는 사건 자체 때문에요길지만 재밌었습니다.  
20170929,10,cgv영상에서는 재미없게생겼었는데 역시예고편은 네이버에서봐야해  
20170929,9,주연급만5명 초호화 캐스팅이네  
20170929,10,와..라인업 봐라..개 후덜덜하다  
20170929,10,주연급 라인업 개쩌네 ㅎㄷㄷ  
20170929,10,보는 내내 영화 몰입되고 역시 믿고보는  주연배우들..병자호란 사건을 영화로 볼수있어 우리역사를 더 잘 이해할 수 있었어요. 완전강추!!  
20170929,10,너무 초호화 캐스팅은 망작 될수도 있지만....일단 믿고 기다려봅니다....워낙 초호화라...  
20170929,10,21세기에도 여전히 풍전등화에 답없는 위기의 한반도!!! 추석연휴 가족들과 함께 남한산성을 보고 최명길과 김상헌의 행동을 보고  과연 누가 진정 국민을 위한 행동을 했는지 그리고 현재는 어떻게 하는것이 우리가 살길인지 함께 느껴보고 고민해보자  
20170929,5,"예고편만 봤으니 어떻게 흘러갈련지는 몰라도, 덕혜옹주같은 날조물이 아니길..  "
20170929,1,김산헌 저런 지잘난맛에 살다간 언변가가 그당시 외무잔관이라니..백성들이 불쌍하다. 더욱 놀라운건 그들의 자손들이  득세에 후에 안동 김씨 왕조를 만들어 백성들의 고혈을 빠는 조선말기 비참한 시대상을 만든 적폐라는사실....백성들만 불쌍함..진짜로  
20170929,8,시사회로 봤는데 진짜 배우들이 최고. 영화 자체는 덤덤하게 흘러가는데 대사들 때문에 긴장감 생김. 결정장애 있으신분들은 보면서 다소 압박감 느낄 수 있음 ㅎ  
20170929,7,? 시사회를 보고왔는데 역사적 사건을 다루는 진지한 자세와 담백하고 절제된 표현은 좋았으나 영화적 재미나 몰입도는 조금 떨어짐. 연기들은 매우 훌륭했음. 긴 러닝타임 탓인지.. 역사물을 좋아하지 않는다면 비추. 좋아한다면 강추. 매우 진지한 영화임.  
20170928,10,먹먹한 과거지만 지금도 변함없다는게 더욱 먹먹하다 과연 미래한국은 변할수있을까  
20170928,10,유익하고 즐거운 영화였습니다!! 정말 잘봤습니다!! 이런  
20170928,10,역사공부와 함께 삶 공부도 하고갑니다!!!  
20170928,8,영화보고 설민석 선생님 강의도 듣고 기억에 남는 유익한 시간이 됬습니다!!  
20170928,10,완전 ㄸ.ㅅ깊은 시간 가질 수 있었고 너무 잼썻습니당ㅎㅎ  
20170928,10,역사에 대해서 알 수있는 뜻깊은영화인데 영화도 너무 재미있고 추천해요~!  
20170928,10,뜻깊은 영화라고 생각한다  
20170928,9,굴욕의 역사 최고 연기  결코 잊지말아야  
20170928,10,너무쟈밌게봤어요!!  
20170928,10,병자호란에 대해 알게 되어서 좋았습니다  
20170928,10,두 신하의 다른 이념과 신념이 있지만 나라를 사랑하는 마음은 똑같다고 여겨 정말 의미있는 시간이었다고 생각합니다.  
20170928,10,시사회를 통해서 접하게 되었는데 병자호란에 대해 자세히 알게 되었고 너무 좋았습니다  
20170928,10,진정성이느꺼지는 영화입니다.... 보세요  
20170928,10,지금 시험범위랑 겹쳐서 봤는데 굉장히 뜻깊은 영화라고 생각한다  
20170928,10,최고의 영화 감사합니다 :)  
20170928,8,정말 무겁지만 묵직한영화  
20170928,8,이런사극완전처음임. 전쟁사극인대 총보다 언어파워가 더 무시무시함! 머리와 가슴으로 서로 싸우는 삶과 죽음에 대한 딜레마에 팩폭당해 눈물이 다 나왔음. 굴욕미 대폭발하는 비장한 드라마에 고개를 떨구게 만든 연기대결도 최고임.  
20170928,10,국민이라면 한 번 보라고 꼭 추천하고 싶은 영화.  
20170928,10,보는내내 고뇌하며 봤습니다!  
20170928,10,재미있게 보았습니다.  
20170928,10,오랜만의 진지한 정통 사극.. 너무나 잘 봤습니다!  
20170928,8,우리의 아픈 역사를 다시 한번쯤 돌아본 계기가 되는 사극이 좋네요 #추엑엔 #남한산성  
20170928,10,명품배우들의 명품연기 정말 잘봤습니다.긴러닝타임에도 전혀 지루하지않고 엄청 몰입해서 봤네요. 흥행대박 예감합니다~^^  
20170928,10,중국인은 우리 주적이다 예나 지금이나 우리나라 먹을려고 안간힘을 쓴다 좋은영화  
20170928,9,병자호란ㅜㅜ우리의  아픈 역사를 영화를 잘 만들었네요두 신하에  충성도  인상깊게 남고  대사하나하나가  마음을 흔들어 더욱  좋았으며배우들의 연기는  정말  박수를  보냅니다..많이들 보셨으면 좋겠네요다음에  우리딸에게 보여주고싶네요  
20170928,10,아픈 역사에 대한 예리한 시선. 깊은 울림을 주는 영화.  
20170928,10,지금 현 한반도 정세에 생각 해 볼 의미가 많은 영화였습니다.김윤석과 이병헌씨의 연기가 인상적이었습니다.  
20170928,8,두 충신들의 연기가 참으로 인상 깊네요!?  
20170928,10,배우들의 열연이 돋보이는 영화였습니다~  
20170928,1,국사나 역사 공부한 사람들은 알거다.  저 시대가 얼마나 미친시대였고 똥고집 누가 누가 더쎈가 내기하는거... 요즘 시대의 코드에 맞는 영화는 아닌것 같다.  
20170928,2,남한산성 근처 근무해서 공공기관에서 지원해주는 단체관람 다녀왔는데요.. 초호화 캐스팅이 너무 아깝네요!!! 연기력 따로 연출 따로 노는 느낌.. 공짜로 봐서 다행...  
20170928,10,이병헌 이번에도 대박이네;;  
20170928,10,깔게 없는 (?) 영화 ㅋㅋㅋ  
20170928,10,이번추석에 가족들이랑 다같이 관람 예정이에요^^  
20170928,10,예고편 후덜덜 ㅋㅋㅋ지린다 진짜  
20170928,10,"시사회 이후 반응이 다 긍정적이네요, 상당히 기대됩니다.  "
20170928,10,"이병헌,김윤석,박해일,고수,박희순ㄷㄷㄷㄷ  "
20170928,10,올해 최고의 영화였다.  
20170928,10,소문난 잔치에 먹을게 많구나  
20170928,10,역량있는 배우들의  연기 대결이 대단합니다~  
20170928,10,최고입니다...오랜만에 와닿네요..  
20170928,9,시사회 갔다 온 친구가 영화 잘만들었다고 극찬하던데ㅋㅋㅋ 나도 빨리 보고싶음  
20170928,10,너무 기대되는 영화입니다^^  
20170928,10,배우들 라인업 보소ㄷㄷㄷ  
20170928,10,기대할 수 밖에 없는 영화아닌가요 ㅋ  
20170928,9,"시사회 보고 옴.. 뜻밖의 암울하고 굴욕적인 분위기에  당황.. 두 신하(병헌,윤석)의 다른 가치관으로 인한 대립 속에 둘의 열연은 최고.. 주변의 탐관오리들과 쓰레기 같은 근황병, 무능력한 왕과 도그베이비 영상(배우이름모름)은 혈압상승 요인..  "
20170928,10,요새 책 읽고 있는데 진짜 기대되네요~~  
20170928,6,"아수라, VIP 이후로 이렇게 쩌는 배우들모인영화보면 뭔가 불안불안하다 하지만 박해일 이병헌은 믿어봐야지  "
20170928,10,배우 실화인가요 ? ..  
20170928,1,소문난 잔치 먹을거 없다. 아직 개봉도 안되 영화를...ㅋㅋㅋ 알바들 총동원시켰네.  
20170927,1,지들 개잘난맛에  명분에만 집착하다 그 당시 많은 백성들이 고통받았다.  
20170927,1,답답해죽고싶으면봐도 됨  
20170927,10,탁월한 연기!적절한 가상의 인물이 맛을 기깔나게 살려주는 영화.  
20170927,10,완전 꼭꼭꼭  대한민국 국민이라면 꼭 봐야할 귀중한 영화각 인물들의 연기가 감동♥  
20170927,8,두번 이상 관람해야 할 영화  
20170927,9,걸작.. 놀랍다. 사극의 품위를 높여주는 상쾌한 작품!  
20170927,10,인상깊게 잘봤습니다 개봉하면 가족들과 다시보러올게요!  
20170927,8,"재미있게 잘봤어요 기억하겠습니다,  "
20170927,10,재미있게봤어요!!역사영화로 좋네여  
20170927,9,연기력 미친 사람들만 모였다..ㅠㅠ  
20170927,9,역시 이병헌이다!!!  
20170927,8,여태까지 보았던 역사영화와는 다른 울림을 주는 영화.그리고 역시 연기는 소름끼치도록 최고다.  
20170927,10,잘 몰랐던 사실을 영화로 알게돼서 더 재밌게 봤어요  
20170927,10,무적핑크님 웹툰과 함께보면 더 좋을거같아요~! 시사회 좋았어요♡  
20170927,10,역사속 들어갔다온 느낌입니다  
20170927,10,재미있어요~재미있어요!!  
20170927,10,너무 재밋어요♡♡♡♡굿굿 여러분도 보러오세요  
20170927,10,가슴아픈 역사 담담하게 잘 그렸네요..다른분께 추천합니다..  
20170927,10,시사회로 봤습니다. 유익하고 좋은 영화인것 같습니다. 추천드립니다.  
20170927,10,현재 한 중 미 갈등을 보여주는 영화 같습니다 꼭보세요  
20170927,10,시사회 보고 나왔는데 이병헌 김윤석 박해일 등 명배우들 호연 너무 잘봤습니다! 우리나라 역사에 대해서도 공부하고 생각해보는 기회가 되었어요~  
20170927,10,정통사극 이지만 지루하지 않은 영회이다  
20170927,10,역사를 보며 지금내가 어떻게 살아야할지 고민해보는 시간이였습니다~  
20170927,10,슬프고 아름답고.. 연기력에 박수를‥ 보냅니다. ^^  
20170927,10,가슴아픈 역사를 하나의 영화에 잘 녹여내었습니다.탄탄한 원작을 스크린에 완벽히 재현했네요.앞으로 우리나라의 미래를 위해서도 꼭 추천하고 싶은 영화입니다.  
20170927,5,기대가 너무 컸나봅니다. 배우들의 연기는 딱 예상티네요. 몰입이 안되는건 연출이 문제일까요? 배우들의 연기의 문제일까요? 아쉬움이 남네요~  
20170927,10,"치열하면서 무게있는 연기, 비극적인 역사의 한 페이지를 생생하면서 묵직하고 무게있게 그린 웰메이드 사극  "
20170927,10,올해 최고의 기대작... 빨리 개봉해라  
20170927,8,우리의 아픈 역사를 영화로 잘 표현해서 괜찮게 봤네요.  
20170927,10,너무 재밌게 봤습니다.  
20170927,8,배우들의 연기력은 화면을 더 집중시키게한다.근데 스토리보면속 터진다. 다 자기밖에 모르 는 관료들이다. 병자호란. 가슴 아픈 전쟁이었다.  
20170927,3,"김윤석 맨날 똑같은 연기, 몰입도 깨는 말도 안되는 연기, 영화보면서 화병 생김. 왜 캐스팅 한건지 의문.. 1점도 아깝지만 이병헌, 고수, 박해일 때문에 3점 준다  "
20170927,3,휴휴환장하것네.그냥 다큐입니다.시사회보고옴  
20170927,9,이보다  격한 정통사극은 없을것이다김윤식.이병헌.박해일에게 박수를!!!감독과 작가 김훈에게도^^  
20170927,9,진중한 영화입니다 배우진들 연기력 짱입니다  
20170927,9,너무 감동적이었습니다  
20170927,10,그시대 설움이 잘 느껴져서 감동이었습니다  
20170927,9,재밌었어요!!♡+<÷<=♡♡@☆  
20170927,9,배우들보고 재밋었을꺼 같았는데 역시나 재밋네요  
20170927,10,아주감동적인 현재 우리나라 상황에 꼭 팔요한 영화  
20170927,8,역사를 알 수 있는 좋은 시간이었습니다.  
20170927,10,너무 너무 감동적입니다  
20170927,10,흥미롭게 봤습니다^^  
20170927,10,재밌게 잘봤습니다^.^  
20170927,8,정말 잘봤습니다. 진지한영화 연기가 훌륭하네요  
20170927,10,ㅇ재미있게 잘 봤습니다  
20170927,10,연기짱 스토리 짱 추천합니다  
20170927,10,너무나 멋져요 배우들의 열연  
20170927,10,재밌습니다 다들같이보셈  
20170927,8,인상깊네요 배우들 연기짱  
20170927,10,이런 역사를 보면 참으로 비감스럽습니다. 영화는 잘 된 변이라고 생각되네요.  
20170927,9, 영화 전에는  최명길역의 이병헌과 김상헌이 기대하던 분들이었으나 고수의 연기가 뛰어났었고 나라의 힘이 없으니 그리  당하는구나 하는생각에 너무 마음이 아프네요.나라의 운며이 이리되다니.  
20170927,10,두신하의 설전!! 역시 기대를 저버리지 않는 영화입니다  
20170927,9,남한산성에서의 고군분투 내적갈등과 배우들의 연기력 너무 좋네요~  
20170927,8,전쟁 의 참담함속에 민중의  고통과 군주의  수치심이 잘 드러나는 영화 였습니다  
20170927,10,블록버스터가 아니라 좋은 영화를 만든 연출진에게 감사를.  
20170927,10,감동적이고 재미있어요!!!  
20170927,10,남한산성 역사를 영화로 잘보고갑니다:)  
20170927,10,배우들 연기보는 재미에 시간가는 줄 몰랐네요!  
20170927,1,"언제까지 CJ는 배우 티켓파워만 믿는 캐스팅으로 영화를 만들것인가. 이병헌 김윤석 연기잘하는 건 누구나 아는것이고 전통 사극이라길래 궁금한건데 그래서 관객들에게 던지는 메세지는 무엇인지? 재미 ,교훈, 감동, 스케일, 연출력 그 어느 것 하나 없다.  "
20170927,8,배우들 다들 연기도 잘하고 연출도 좋았지만러닝타임 너무 길어서 집중력이 흩어지고 지루한것 같아요. 책으로 읽으면 대서사시겠지만 러닝타임내 모두 담아내려는 감독의 욕심이 아니었나 싶네요. 넘 길고 지루합니다.  
20170927,10,제발 배우를 망치진 말자  
20170927,10,설민석이 설명한거보고 너무보고싶어짐..설민석신의한수  
20170927,10,최고였다. 오랜만에 제대로 된 영화를 본 기분..  
20170927,10,"왜란, 호란, 망국, 내전을 겪은 공통점은 지도층의 말만 앞세우고, 명분만을 고집한 덕입니다. 이제는 더 이상 역사의 죄인이 안 나와야 될 엄정한 때 입니다.  "
20170927,10,최고의 기대작인 남한산성...추석엔 가족들과 함께 남한산성 보러가요...  
20170927,9,예고만봐도 기대됨. 특히 박해일 김윤석에 비해 이병헌의 목소리와 발성이 얼마나 와닿는지.. 광해를 연기하고 명길을 연기해도 다 다르게 와닿는거같고.. 그냥 배우로 타고난사람인듯. 빨리보고싶다  
20170927,10,영화가 묵직하고 깊어요. 좋습니다.  
20170927,2,박희순 고수가 김윤석 이병헌 박해일을 이겼다  
20170927,4,"좋은 배우들도 안맞는 옷을 입을 때가 있구나. 놀라운 김윤석의 사극발성은 문제가 많으며, 단조로운 전개와 뻔한 주변인들의 이야기는 지루하기 그지없고, 정작 중요한 강렬한 이념의 대립 따위도 제대로 표현하지 못했다.  "
20170927,10,이영화 액스트라로 알비한 사람입니다 감독 열정이 장말 대단하더라고요 눈오는날 행군을 완벽할때까지 소리치면서 다시 하리 하더군요 그만큼 사소한거 하나 완벽히개 할려했읍니다 재밌겠내요  
20170927,1,음..이런거 좀 만들지 마라...  
20170927,10,시사회로 보고왔습니다. 주옥같은 대사들이 아직까지 머릿속에서 맴도네요. 명길도 상헌도 모두가 각자 소신대로 그렇게 말하는 이유를 더 잘알겠어서 먹먹함  
20170927,10,"오늘  보고왔는데, 화려한 전투씬 이런 것을 기대하면 조금 기대 이하일지 모르지만, 종합적으로 10점을 주고 싶을정도로 좋은 영화입니다!!  "
20170926,10,고증부터가 ㅎㄷㄷ한 영화. 조선군 복장고증과 청나라군 복증고증이 모두 흠잡을데 없습니다.  
20170926,10,방금 라이브톡으로 보고왔습니다 기본 1000만 깔고갑니다 100프로  
20170926,9,CGV라이브톡으로 보고옴) 호흡이 길고 전개가 느리며 묵직하고 깊은 이야기를 다룬 순도 백프로짜리 정통 사극. 그래서 오직 영화적 재미만을 척도로 내세운다면 딱 기대한 만큼의 영화일 것. 하지만 여러 번 보게 될 듯한 그런 영화. 사극영화 중 최고봉.  
20170926,8,참담하고 비극적인 역사 최대한 무겁게 잘 반영 한게 보인다 주연배우들의 연기력 전쟁  
20170926,10,추석에는 역시 사극!!!김윤석배우는 첫 사극이라더군요~살짝 아쉬운건 몰입도가 떨어지는 느낌이 들었지만 만족합니다.  
20170926,10,역사도 알고 잘생긴 배우도 보고 1석2조 스토리 탄탄합니다 꼭보세요  
20170926,10,무겁지만 울림이 있고 배우연기도 좋았습니다  
20170926,2,노잼 이구. 역사공부하려면 보세요  
20170926,10,조선시대 최고의 무능왕 및 암흑의 시대임!시대가 요구하지 않은 반정으로 왕위에 올라백성이 철저하게 등돌린게 병자호란입니다.영화는 즐기되 배우들의 연기에 연혹되어 역사가 그렇지 않았다는 사실만은 알아주시길...  
20170926,8,오늘 시사회 다녀 왔습니다. 영화 좋습니다. 추석에 가족들과 함께 보기에도 좋고 역사물을 좋아하시는 분이라면 긴시간 심심치 않게 볼수있으리라 생각이 듭니다. 역사적 비극을 개개인의 아픔으로 보여주며 모두 공감하기 쉬운 그런 영화 였습니다.  
20170926,10,시사회 보고왔습니다~~ 연기 대격돌이네요!!교과서같은 영화였습니다. 다시는 저런일이 일어나지않았으면 좋겠어요  
20170926,9,역사비극의 짠함이 느껴지는 영화.  더 슬픈 사실은 현재도  같은 상황의 역사가 되풀이 되고 있다.  사드처럼. .  
20170926,6,"원작이 워낙 나이브하다보니,영화도 좀 웃기게 나왔습니다.인조와 벼슬아치들이 저렇게 고민이 치열했다면,이후 조선은 전혀 달랐을터,인조머리찧는아픔,곧다가올근세문화로의,조선이 ,봉건문화의 알을 깨고나오는.첫시작임이 보입디다.지금도.같은상황.싸드로중국자극말길  "
20170926,10,소설 남한산성이 너무 좋았는데 영화도 공들여 만든 것 같아서 기분좋네요. 작가님 팬으로서 꼭봐야겠어요.  
20170926,1,왠지 배우믿다가 개망삘일거같은데  
20170926,8,아이들과 함께 꼭 보려고요~..전쟁 장면은 무서우니 눈가리고 본다네요 ㅎ  
20170926,5,제발 명작이길 ....  
20170926,10,ㅎㅎ 믿고 보는 배우들..  
20170926,4,미안합니다....사실 지루했어요...다큐같음...  
20170926,10,책으로만 배웠던 역사를 실제 경험한것 같았어요배우들의 연기가 진국이였고 엄청난 연출로 영화 자체가 묵직합니다 엄청 슬퍼요...  
20170926,4,지루하고 졸려 죽는줄. . .캐스팅에 비해. . . 쩝  
20170926,10,군데군데  매국노들이 끼어 있구나.. 그저  역사 영화라면 1점주는 것들 ㅉㅉ 걍 보지말고.. 조용히 일본영화나 봐라  
20170926,1,군함도도  남한산성도. . 더이상 찌질한 한국인은  그만보고싶다  암유발  
20170926,10,시사 봤습니다.  확실히 잘 만든  영화입니다.  
20170926,10,"2017년 한국 정치와 변한게 없네요, 북한과 강경주의 (척화파)  대화와 협상주의 (주화파)  "
20170926,10,언론시사 평도 좋던데.. 기대된다 특히 배우들 연기!  
20170926,10,김윤석 이병헌이면 믿고 봅니다  
20170926,10,소재부터가 보고싶어요 이병헌 김윤석 대립 연기도 장난 아닐듯  
20170926,10,"갇힌 공간 인물들의 팽팽한 대립 캐스팅은 김윤석, 이병헌, 박해일...ㅎㄷㄷ 극장 안갈수가 있나...  "
20170926,2,책내용이 대부분 성안에서 이루어는데 굳이 영화화시켜야하나  
20170926,10,이병헌 OOO땜에 보기는 싫다만 캐스팅도 대박이고 내용도 좋고....기대는 된다  
20170926,5,이런 엄중한 상황에서 반미친중 사대주의 영화는 아닐길...  
20170926,9,원작 소설을 재미있게 봐서 영화도 기대됩니다.  
20170926,1,우리역사의 아픔이다.  
20170925,10,와 이병헌 김윤석 말다했네 ㅋㅋ  
20170925,8,조선군 맨날 천쪼가리 쳐입고 나오는거 거지같았는데 여기서 해소해주네.. 명량은 너무 고증이 안맞고 이건 그나마 좀 맞는듯..  
20170925,10,추석 저녁에 보러갑니다~~~  
20170925,10,기대기대기대기대기대기대  
20170925,1,한국영화니까별1개준다  
20170925,1,현재 우리나라 상황이랑 비슷 한듯  
20170925,10,ㅋㅋㅋㅋ 무슨 평점이 10점이 아니면 다 비공감이네. 6시 넘어서 알바들 다 퇴근했나 더이상 평점이 없네 ㅋㅋㅋㅋ  
20170925,10,예고편으로만으로도 앞도  
20170925,10,잼난다던데....추석엔 역시 사극이지  
20170925,10,꼭 본다.  극장 가서 봅니다. 정말 기대하겠습니다.  
20170925,10,정말 이건 꼭 봐야해...  
20170925,10,정말 기대됩니다. 역사를 부풀리지말고 있는 사실 그대로 적나라하게 보여줬으면 좋겠습니다. 얼마나 당시 상황에서 우리나라가 비참했는지..  
20170925,1,보나마나 '군함도' 하겠지 ㅋㅋ  
20170925,10,김훈의 남한산성을 재미있게 읽었던 저는 영화가 무척 기대되네요.  
20170924,6,"김상헌과 최명길의 주전,주화는 서로의 존중이 바탕인 대립인데...마냥 이념은 대립의 개념으로 개인의 따스함으로만 가져갈듯하네.  "
20170924,10,명품배우들이네요...기대되네요  
20170924,10,"예고편만 봐도 눈물이ㅠ 아픈 역사지만, 절체절명 순간에 자기 소신을 굽히지 않고 주장하고 행동하는 두 정치가의 왕을 향한 절규가 남한산성윽 살을 에는 추위만큼 날카로워 마음이 아프다.  "
20170924,1,이 사건이후 청일전쟁에서 중국이 지기 전까지 지네 나라라고 얕보았음. 지금도 대충 그렇게 생각하고 있는 것 같음  
20170924,1,인조 이 후로 조선은 뒤쳐지기 시작.사대주의의 망조.  
20170924,2,인조가 홍타이지에게 항복한 수치스러운 삼전도의 굴욕을 영화로 봐야할 이유가 있을까?  
20170924,9,얼마나 급박함과 간절함을 호소할 것 인가?에 궁금증이 생긴다. 연기에 담아내기에 무거운 부분을 두분은 충분이 담아 낼 그릇을 가진 배우들이라서 더 기대가된다. 시각적 효과보다 당시 왕실을 대변하던 지식인 두명의 내공의 비중에 포커스를 맞춰야 할 영화  
20170924,8,하여튼 이씨조선의 기득권이 해왔던 성리학 병크질만 보더라도 저런 북방의 적에 대해 씹선비 탈레반들이 얼마나 무능했는지를 알 수 있다. 사람들은 제발 저런 영화를 보면서 이씨조선의 체제가 얼마나 비효율적인지를 깨달았으면 좋겠다. 앞으로 고려사에 투자를~  
20170924,10,미래에서 왔습니다. 인조가 결국 청나라에게 항복합니다.정말 구슬픈 음악나오면서 한국식 애국팔이 눈물이 절로나더군요.  
20170924,5,영화를 보고나서 역사에 관심은 갖되 영화로 역사를 배우지는말았으면함  
20170924,1,네이버실검ㅈㅈ? 이슈를 보여줘야지  이슈를 생산하고잇어.. 지금 남한산성관련 sns나 댓글 등 관련 글 올라오는게 30분꺼 하나잇는데 이게  실검 1위로 갑자기 날아올랏네 ㅋㅋㅋ 관련 기사가 쏟아지고  sns와 포탈댓글 폭발중인 이명박은 내려가고?  
20170924,4,병자호란이면 가장 먼저 떠오르는 분이 임경업 장군님이신데 그분 내용은 안 나오는 거 같아서... 큰 기대는 안가네요  
20170923,10,캐스팅 이거 실화임?  김윤석 이병헌 박해일에 박희순 고수 조우진 ㅁㅊ  이건 내가 극장가서 꼭 본다 개봉하는날 조조로 관람 꼭 한다  연기신과 연기파배우들 ㅎㄷㄷ;;;  
20170923,10,"연기 고수들과 남한산성에 갇힌 인조와 조정 대신들의 ... 그 시대 그 때가 얼마나 처절하게 그렸졌을지... 무척 궁금하네요...!!멋진 연기활약 기대하며, 남한산성~ 비록 치욕의 시대였지만, 견뎌야 했을 그때... 그  영화가 많이 궁금합니다.~!  "
20170923,10,인조는 결국 궁에 난입한 짱깨 깡패단에 의해집단 광광 당한후 시해됩니다. 남한산성은 인조시해 사건을다룬 픽션입니다.  
20170923,5,배우가 어쩌니 스케일이 어쩌니 사극대작이라는 사람들은 역사공부좀 해라 병자호란의 치욕에 무슨스케일을 기대하는거냐 독립운동가의 죽음에서 스팩터클을 기대하는거랑 같은 말이다 삼배구고두 OOO이란 말이 왜생긴건지는 아냐? 청나라에 50만명이 끌려갔다  
20170923,10,"내가 소설을 읽다가 유일하게 눈물 흘렸던 김훈님의 '남한산성'.그 슬픔이 영화에서도 전해지길 바라며, 개봉날짜 기다려봅니다.  "
20170923,10,그래..이제 고수도 천만배우 찍을 때 됐다.  
20170923,10,짠하고 한심한 이씨조선의 역사를 또 보겠군...  
20170923,10,재미있는 영화보다는 좋은 영화가 되기를 기대합니다....  
20170923,10,이병헌이 주연이면 그냥 이제 답은 정해져있다  
20170922,8,"김훈 작가의 원작, 이병헌과 김윤석, 박해일 등 베테랑 배우의 출연 만큼이나 기대 되는 것이 있습니다. 작품의 음악을 담당하신 작곡가가 '사카모토 류이치'  라는 부분에서 정말 큰 기대가 됩니다.  "
20170922,1,개똥같은 치욕의 역사 또 보면서 스트레스 받아야 하나요?나는 싫어  
20170922,5,잘 그려내 보시길... 물감과 화폭은 넉넉한듯 허이...  
20170922,10,역사로라면 45일 동안 항전끝에 항복을 하는데 영화도 그럴지 궁금하네요. 개봉하면 꼭 보고싶네요.  
20170921,10,인조  광해 몰아내고 왕 됐는데 비참하게 죽음 ㅜㅜ  
20170921,10,일단 예매권 구매했음...재밌길..  
20170920,1,영화를 정치적으로 해석하긴 싫지만 북한이 핵도발하고 중국이 경제 제재를 하는 현 상황에서 이런 영화가 나온다는건 문재인정권의 대북지원과 대중 굴욕외교를 합리화하고 옹호하기 위한게 아닐까 조심스럽게 생각해본다  
20170920,10,단언컨데 올해 한국영화 개봉작중 최고일듯...믿고보는배우 다나오네  
20170919,1,이병헌이 좀 그래  크리스마스가 젤싫어  
20170919,5,"ㅋㅋ 구걸해서 치욕적인 역사가 되었네,  죽기살기로 싸웠으면 치욕적이진 않았을텐데  "
20170919,10,아 드디어 되도안한 아이돌이나 기타등등 잡 연예인없는 명품 '배우'들만 있는 영화가 나오는구나 얼마만이냐 요 몇년간 다된밥에 재뿌리는격 스크린에 맞지도 않는 배우도 아닌것들이 자주나오더만..  
20170919,10,사극은 망작만 아니면 다 좋아하는데 드디어 사극이 나왔다!!!  
20170919,10,"핵전쟁의 위기에서도 먹방, 맛집, 인스턴트 메시지에 탐닉하고 있는 우리의 세태 . 그 가벼움을 넘어 한반도와 조국의 미래에 대해 진지하게 성찰해 볼 수 있는 수작이라 여겨집니다.  "
20170919,7,글쎄요 병자호란은 진 전쟁이라 사극에서도 잘 안 다루는데 상업영화에서 흥행하기 어려울걸요  
20170918,10,"역사여행을 가게 되었네 비운의 조선 지금은 헬조선 무엇이 문제일까,개천절 뿌리깊은 한맺힌 역사나 읇어보게,  "
20170918,10,추석선물 같으네요..완전 기대..  
20170917,4,사백만 넘기 힘들껄...결과가 정해진 영화...열받고  영화관 나올일 없으니까.대립군수준일듯  
20170917,1,누가 자꾸 병헌이한테 일주냐  
20170917,7,"조선이 얼마나 나약한지 여실히 보여주는 시대적 배경인데 비굴함 속에 얼마나 치욕스러울지.,힘이 없는 조선왕조500년이 사실 부끄럽다  "
20170917,10,아픈 역사! 그러나 기억해야할 역사..  
20170917,10,와..캐스팅 대박인데;; 보고싶다 얼렁 ㅠㅠ  
20170914,10,역대급으로 함 남아보자~~  
20170913,10,남한산성 영화도 꼭 흥행 했으면 좋겠다추석연휴때 꼭 봐야겠다  
20170913,10,캐스팅...지리네 ㄷㄷ ;  
20170913,10,두 배우 연기력만으로도 기대 만빵!!  
20170913,7,popo(pung****) 여기서부터 쫙 씨제이 알바가 쓴 글 동시에 와서 글쓰고 사라지고 다시와서 지우고 새로 쓰고 무한반복하는 씨제이알바. 댓글도 항상 똑같은 복붙글만 써서 들통. 티나 안나게 할것이지 ㅉㅉ  
20170913,10,워... 캐스팅 보소 ㄷㄷㄷ 천만각  
20170913,10,믿고 보는 배우들. 예고편 보니까 진짜 기빨리던데 ㄷㄷ  
20170913,10,캐스팅 보니 넘나 기대! ㄷㄷ  
20170913,10,캐스팅부터 미쳤다... 빨리 개봉해주세요ㅠㅠ  
20170913,10,추석 가족영화로 제격일듯 ㅋㅋ  
20170913,10,제대로된 전통사극이 얼마만인지 정말 기대됩니다!  
20170913,10,배우들 연기가 기대된다 영화 보고싶음  
20170913,5,일단 병자호란에 대해 좀 알고 가셔야 이해가 쉬울듯.. 보면 좀 답답할수도 있고... 저 배우들한테 뭔짖한거야? 란 생각도 드네요.. 잠시나온 여자아역이 연기 제일잘함.. 허나 이름도 없넹...  
20170912,10,예고편 긴장감 쩔던뎅...얼른 보고싶다!!!  
20170912,10,책 잼나게 봤는데 기다요~  
20170912,10,오~  이병헌과 김윤석 짱짱!!! 남한산성 책이 영화로 어찌 나왔을 지 궁금타  
20170912,10,아 미친 연기력 기대감에 심장이 벌렁벌렁  
20170912,10,너무보고싶습니다 개봉하면 바로 보러갈꺼야  
20170912,2,킹스맨2에 쫄아서 개봉일 연기했다고 들었다  
20170912,1,9월개봉이라며 10월 실화냐?  
20170912,10,이거 추석때 대박날 각...  
20170912,10,진짜연기신들만 모였네ㄷㄷ  
20170911,10,군함도처럼 신파가 아니길. . .  
20170911,1,엥 9월아니었나...?  
20170911,1,9월말 이라더니 왜 또 갑자기 10월3일이야 ㅡㅡ 장난치나  
20170911,6,배우들로는 2000만도 가겠지뭐근데 감독의 성향상 신파넣으면 500으로끝날듯ㅋㅋ  
20170911,10,영화계 4번타자들만 모였는데..홈런을 칠지..  
20170911,10,"배우들, 시대적 배경 무조건, 당연히 만점 아닌가?  "
20170910,10,슬슬 일베 새기들 몰려와서 평점 낮출때가 됐네. 실검에 오르는 거 보니 ㅋㅋ 한남충 일베들 전부 죽었으면 좋겠어  
20170910,10,이배우들로 영화가 잼없으면 웃기겠다  
20170909,10,강추~매우 잼잇습니다~최고의 추석선물~  
20170909,1,방광 터지겠네... !!!  
20170909,1,며칠전만 해도 9월초 개봉한다 해서 보려고 했는데 10월에 개봉한다네. 참. 더러워서 안본다. 참 거지같은영화가지고  
20170908,10,제발 이번 고수 영화는 뭔가 있기를  
20170908,10,아니 이 조합뭔가여.... 진짜 기대됩니다! 이미 주연배우들 파워가 어마어마하네요!  
20170908,10,영화 총제작비보다 캐스팅비가 더 들어건거 아냐 ㅡ.ㅡ??  
20170908,10,기대된다  ~ 보고싶네 주연들만 본다면 ~~ 대박  
20170908,10,캐스팅 실화냐.. 이걸로 재미없게만들면 감독 때려쳐야한다..  
20170907,10,이번 영화로 고수님이 재기했으면 좋겠네요!! ㅠㅠ 매번 작품이 흥행실패라 맘이 너무 아팠는데 이번 영화는 성공할 수밖에 없네요!  
20170906,10,역대급이 될듯..   천만각인데?  
20170906,10,영화 빨리 개봉했으면 좋겠다!!  
20170906,10,국사 배울 때 제일.. 흥미로우면서도 제일 조선 스러웠던 사건인데 어떻게 풀어낼지 넘 궁금함  
20170906,10,박해일 나오는 영화 오랜만이네요 ㅠㅠ  
20170906,10,빨리개봉해라 이런 우리나라 옛날 역사영화물 너무너무좋아요 많이만들어주세요 감독님들 !  
20170905,10,박해일 ㅋㅋㅋㅋ 힘들었겠구나 명배우들의 왕을 할려니  
20170905,1,이병헌 연기는 인정하지만 사생활 때문에 스크린에서 보기에 불편한건 어쩔 수 없는듯  
20170905,1,내친구가그랫지 한국영화볼시간에짱구나보겟다고 나도공감 한국영화는돈내고볼수준이절대안됨  
20170905,10,예고편만 봐도 연기 대박이다  
20170905,9,우리나라 역사에 관련된 의미있는 영화는 꼭 봐야한다얼른 개봉됬으면 좋겠다  
20170905,1,"인조가반정일으키고 나라 말아먹는,청에 굴복하는 내용인가왜 하필 군함도나 이런 치욕스런 내용들로 영화들을 자꾸 만드는건지일제시대 한국의 위대한 역사는 지우고 창피한 역사만가르친 후위대한 일본역사와문물을 가르쳐서 동화시킨다는사관이 아직도 유지되는듯  "
20170905,1,아직도 이런식으로 관객들.속일래? 도대체 언제 개봉 하냐구요  
20170904,10,병헌이형 남한산성에서 똥싸는거 보고싶어요  
20170904,1,개봉일이 언젠데!!!! 월만써있고 일자가 안써있네 ㅡㅡ  
20170902,10,갓병헌은 믿고본다. 다른건 몰라도 연기하나는...그리고 진짜 캐스팅 뒤지네  
20170902,10,넘 보고싶어요. 예고편보고 기대 가득입니다.  
20170902,1,"이영화는 망하게 되어있다. 차라리 임경업 장군 이야기를 다루지... 인조, 최명길, 윤집... 말만 들어도 골 아프네..  "
20170901,1,뻔한 내용. 뻔한 사극...  
20170831,9,고증 군함도 보다 훨씬 좋아서 2점 추가  
20170831,10,꼭 봐야 하는 영화입니다.  
20170830,10,천만 가능할듯...소재도 좋고 알차다  
20170830,8,고수는 연기도좋고 다좋은데... 너무 무난한 영화만해... 난 잼있는데 흥행되는 영화는 안하는듯... 완전 연기력으로 승부보는거만 하는거같애... 그래서 이번엔좀 대박나길...  
20170830,8,10점 짜리인데 연기 오바로 집중력 떨어트리는 박해일 때문에 2점 내려감  
20170830,9,기대됩니다. 명기리 다리 요서 요마이 짤라뿌고 손목은 요서 OO지 짤라뿌고....  
20170829,10,캐스팅은 별점10점 ㅋ 과연 내용은 어떠할지..?  
20170829,10,이젠 더이상 문화계가 일부사람들에 의해 휘둘리지 맙시다. 게시판에  노x모 집단들이 온라인댓글을 통해 문화계를 짓밟고 있는듯 보이는군요. 보기가 정말 역겹습니다. 과연 순시리 짓거리와 다른게 뭐요.... 정치와 문화를 제발 엮지 마라 !!!  
20170829,10,감독의 전작들을 보니 신뢰가 가네  
20170829,1,고수?? 고오수우?? 차라리 고수나물을 출연시키는 게 흥행에 도움될텐데??  
20170829,10,군함도처럼 쓰래기영화가 안되길빕니다.  
20170829,10,이 영화 개봉하면 꼭 보러가고 싶다.  
20170829,7,아쉽다.. 8월에 개봉했어야..  
20170829,3,역사중 가장 치열했던 47일은 무슨.. 싸우자고 척화주전 외쳐놓고 남한산성에서 버티고  삼배구고두한 게 치욕이지 치열임? 역사 중 가장 치욕스러운 47일이겠지  
20170829,1,박해일은 좀 더 자숙해야대는거 아닌가  
20170829,10,극한의 47일을 어떻게 연출할지에 따라서 영화의 평점이 뒤바뀌겠군요 기대해봅니다  
20170829,10,꿀기대중 ㅋㅋㅋㅋ 분위기가 클라스가 뭔가 벌써 달라 ㅜㅜ  
20170829,1,남한산성은 감방 고문으로 가야됐다  
20170829,10,"이병헌, 김윤석, 박해일, 고수, 박희순, 조우진.. 캐스팅에 지렸다. 캐스팅에 기대 된다.  제발 이 영화는 잘 되어서 역사가 되었으면 좋겠다.  "
20170829,1,완벽 캐스팅에 고수뿌리기.  
20170829,10,그냥 저 배우들이 앉아서 원작만 읽어도 재미지겠다. 원작 자체가 걸작임  
20170828,1,이다윗배우님 때문에 영화가 성공하지 않기를 바랍니다..  
20170827,10,천만 기대하고 있는 영화네요  
20170826,10,이병헌에 김윤석인데 닥치고 봐야 하는 것 아님?  
20170826,10,"기대안할수없는 소재, 캐스팅입니다^^  "
20170825,10,병헌이형꺼는무조건봐야제  
20170825,10,예고편 보니 혹한에서 정말 고생하며 찍은 영화인 것 같네요~  소설 남한산성도 재밌게 봤는데 대한민국의 내로라 하는 명배우들의 연기로 재탄생한 영화 남한산성은 어떠할 지 굉장히 기대가 됩니다~  대한민국 최초 아카데미 외국어 영화상 노려봅시다!!  
20170825,10,제발 아수라 꼴 나지말고 잘 됐으면...  
20170825,10,지역감정의원조 인조  역사상최악의 무능한왕  인조배우가아깝다  
20170824,10,"아무리 명배우를 쓴다한들 감독이 연출을 말아먹으면 그 영화는 망하는 거나 다름없는데, 남한산성은 걱정안해도 될 듯 합니다! 수상한그녀/도가니를 연출했던 감독이 메가폰을 잡았네요!  "
20170824,1,중국에충성하는쓰레기매국영화  
20170824,1,사드문제로 중국이 원한의대상이되는데친중영화가 먹히나?  
20170824,5,박해일 증명사진같아서 특이해서 댓글 달러옴 ㅋㅋㅋ  
20170824,1,글쎄요!글쎄요!!!  
20170824,10,"이병헌,고수,김윤석,박해일 끝  "
20170823,10,남한산성은 역시 계곡이 최고지 ㅎㅎ  
20170823,1,고수가 맘에 걸린다...전작들이 대부분 폭망이라서...  
20170823,1,별점 리얼?아무리 역사가 허구라지만 청과 외교를 제대로 하지못하고 명나라만 찬양하다 청이 병자호란 일으키자 백성들은 세지못할만큼 도륙당하고 끔찍하게 살해당했는데 지혼자 살겠다고 남한산성 기어들어간 인조..영화에서는 나라를 지킨 영웅만들어 놨겠지????  
20170823,10,언제 개봉하려나 ㅜㅜ 최고 기대작!!  
20170823,10,와 캐스팅부터 장난아니구여ㅠㅜㅠ 쩐다 진짜  
20170823,10,"대통령, 장관들 국무회의전 필감영화! 국회의원들 의무적으로 다 보고 감상문 제출해야 하는 영화. 다시는 이런 치욕적인 역사를 되풀이하지 말자  "
20170823,1,소문난 잔치상에 먹을꺼 없다고 군함도가 그랫다. 난 이영화 개봉한뒤 보고 냉정한 평을 주겠다. 10점 설레발 샣기들때문에 아주 냉정하게 1점  
20170823,10,남한산성은 개고기와 닭백숙이 끝장입니다..  
20170823,10,박해일 증명사진 ㅋㅋㅋㅋ볼때마다 적응안됨  
20170822,10,와...연기 괴물들만 모아놨네 ㄷㄷㄷ  
20170821,10,주연급이 왜 이렇게 많죠?  
20170821,10,가지각색의 매력을 가진 명품배우들... 정말 기대됩니다!  
20170821,10,"리얼, 군함도에서 못벌었던 돈을 남한산성에서 만회할듯 싶다.  "
20170819,10,배우들 캐스팅봐.... 오진다. 김윤석에다 이병헌에다 박해일 까지 ㄷㄷ 역대급 캐스팅 인듯  
20170819,10,이병헌   김윤석  박해일   봐야한다  
20170818,10,신들의전쟁ㆍ이병헌ㆍ윤석형ㆍ만점영화  
20170818,10,이 배우들 다 모은것도 대단하다...원작 너무 좋아하는데 기대합니다!  
20170817,1,진부한소재 다아는얘기를 청진기 대봐야 아나  
20170817,5,이런 영화 너무 많이봐서 노잼이다  
20170817,10,원작은  문체가  너무  어려웠는데. .  초기대작!  
20170814,10,와이건 개봉후영화노잼이라고 안좋은소리들려도 보러갈수밖에없다 갓윤석 갓병헌 둘이동시출연 실화냐 ㄷㄷ? 대한민국 신의연기 다섯손가락에드는 두명이 한영화에나오네. 진심연기 지릴듯;;  
20170814,10,전투신이  웅장하고  치열했으면  좋겠음  
20170813,10,쪽바리나 짱깨보다 우리나라사람이 더더럽고 무섭다고 느끼게되는 역사영화....하....답답하고 한이 맺힌다....  
20170812,10,"사람을 찾습니다. 연락 주세요. 영화는 에나벨이었고 제2롯데월드 영화관에서 오늘 8월12일 토요일 저녁 6:30분 영화로 맨앞자리인 A열 6,7번에서 관람하신 남자두분이세요. iiisnowiii@naver.com으로 메일 부탁드립니다.^^  "
20170812,10,캐스팅부터 기대되는 영화라 대박났으면 좋겠네요김윤석님 팬이지만 이병헌님 연기가 최고인건 모두가 아는사실이고 박해일님 고수님 박희순님까지 대단하네요  
20170811,10,김윤석과 이병헌이라니..게다가 박희순이라니...게다가 조우진 이라니...캐스팅비만 계산해도 ㅎㄷㄷ  
20170810,1,또 조센징영화.본거 또 보고 보고 또 보고 또 본거 또 보고 보고또 보고 본거 또 보고 보고 또 보고 또 본거 또 보고 보고또 보고 본거 또 보고 보고 또 보고 또 본거 또 보고 보고또 보고 본거 또 보고 보고 또 보고  
20170810,10,고수 배우. 그간 영화 원톱주인공으로도 손색없이 이끌어가던 배우가 4번째롤인게 더 놀라운데 고지전같은 대작에서도 충분히 빛났던 배우이던걸 너도 알면서 어그로 짖어대노  
20170810,10,김윤석님 이병헌님 연기가 명불허전 입니다 나라의 운명이 그곳에 남한산성..뜨거운 감정선이 보입니다.. 그래서 기대해봅니다..  
20170809,10,"수상한 그녀,도가니,마이파더 감독이라기대되는 명작~믿고보는 배우,믿고보는 감독기대되네요!!  "
20170809,10,평점이 10점밖에 없다는게 아쉽다  
20170809,5,흥행배우vs 국밥배우  
20170808,10,캐스팅뭐여.. 누구하나만 나와도 좋은 영화 만들어질 캐스팅인데  
20170808,8,이 캐스팅 실화냐? ㅎㅎ 기대기대  
20170808,10,정말 재미있을하네요 ㅎ 캐스팅도 대박이고  기대됩니다^^  
20170807,10,안봤는데 개 쩌는 영화일듯 ㅎㅎ  
20170807,10,아니 라인업이 이런데 기대를 안할 수가 ㅜㅜ 진짜 역대급 영화 예상합니다  
20170805,10,"감독 이름이 생소해서 필모 찾아보니까 전부다 본 영화네. 탄탄한 감독. 일단 국산 특유 억지 눈물이 아닌, 보는 내내 먹먹함이 있을 듯..  "
20170805,10,인정합니다 기대기대?  
20170805,1,조우진이라는 역겨운 배우떄문에 1점ㅡㅡ 컄퉤  
20170805,10,나라를 위해 치욕적인 항복을 할것인가? 망국을 각오하고 결사항전을 할것인가? 정답은 없다. 어떤 신하의 충언을 수용 할지는 왕의 몫일뿐.  
20170804,1,믿고 거르는 이병헌..  
20170804,10,김상헌이 무슨 충신이야. 주제 파악도 못하고 개뿔도 없는게 배짱만 부리다가 백성들 다 죽이고 나라 말아먹은 역적놈이지. 그 후손들이 그 잘난 안동김씨들이지. 결국 나라 망하게 하고 일본에 팔아먹은 때려죽여도 모자란 쓰레기들.  
20170804,10,믿고보는 배우 + 믿음직한 원작  
20170803,10,이병헌 김윤석이라면  연기대결한판보겠네 ...완전 쩔듯 ~~  
20170803,10,광해이후 또 천만영화가 나올것인가..  
20170801,10,이런게 진짜 역사영화다. 군함도같이 개떡같은 역사왜곡 탈출액션영화보고 역사역화라고 하지말자  
20170801,10,조선  선조 인조 고종은 후세에 계속 욕먹을 듯  
20170801,10,출연진만으로도 이미 완벽한 영화  
20170801,10,와 배우 라인업이 ㄷㄷ 닥치고 본다 이건  
20170731,10,"요즘 우리나라 역사를 다룬 영화가 많아서 기다리게 되네요.또한,명량과 같이 높은 기술력과 연기자분들의 열정을 다시 기대해봅니다.  "
20170731,10,"이건 절대 군함도 꼴 안난다. 왜? 내가 김훈작가님 남한산성을 읽었거든, 군함도 꼴 나지마라 부탁입니다  "
20170730,10,수상한그녀 감독이네 전혀 다른류의 영화인데 기대하겠습니다 일단 배우가 미친조합이네  
20170730,10,이병헌의 견뎌주소서 이대사한마디로 날 다시 설득시켰다..연기의신이다  
20170730,10,"웃으면서 곡하기, 삶과 죽음의 무게재기, 글과 길, 전쟁, 화친 그리고 항복...올해 가장 기대되는 영화입니다.  "
20170729,9,개봉 대기중인 영화이다  
20170729,3,근데 고수는 왜 나오냐? 불길한 징조가...  
20170728,5,"감독은 작가의 의도를 제대로 파악한것이 맞는가, 작가가 보여주고 싶었던 것이 과연 최명길과 김상헌의 담론이었을까. 남한산성의 비극에서 여전히 고통받는 자들의 편에 서 있는것은 작가뿐이다.  "
20170728,10,헐 제가 좋아하는 배우님들 다계시네요 ㄷㄷ캐스팅부터 꼭 봐야할 영화임다ㅋㅋㅋㅋ9월이 기다려지네요 개봉하자마자 달려갈게요♥♥♥  
20170728,10,안봐도 800만 이네 그려..  
20170727,10,남한산성에 갔더니 누구누구 사랑하고 왔다간다는 낙서가 너무 많더라. 우리나라는 계급제도가 부활해야한다. 국민들 의식수준이 쓰레기야. 천민들은 문화재를 구경도 못하게해야한다.  
20170727,9,요즘은 캐스팅만으론 믿을게 못됩니다 감독의 전작을 보세요  
20170727,10,배우 이병헌 나오네...광해 너무 재밋게봐서 기대중 입니다 영화 초중반까지 코믹과 훈훈함이 있어서 세번봤는데이번에도 기대할게요~~~  
20170727,10,인조의 그릇된 선택이고 남한삼성의 삼전도굴욕..결과는 슬픈데 어떻게 연기할지 배우들땜시 넘기대된다..믿고보는 명배우들 많구나~~  
20170727,10,캐스팅 보고 내 눈을 의심했다  
20170727,10,배우보소.. 군함도와 무게감이 다른 캐스팅이군.  
20170727,4,수치스러운 역사. 인조가 정치 잘 하던 광해 몰아내고 헛짓하다 고니만 들었는 대가리 바닥에 광광 거린 사건ㅋ영화는 마치 인조를 인조대왕님 이라고 할 거 같아서 불안하다  
20170727,10,캐스팅 미쳤다. 연기파들 죄다 모였네.무조건 본다.  
20170727,8,기대됩니다.최고에배우들 다 나오네요 대박나세요  
20170727,10,기대 많이한다는 의미로 10점을ㅋㅋ 윤석배우님 너무 보고싶었어요ㅠㅠㅠㅠ흐엉엉 게다가 작품이 남한산성이라니요 이건 진짜!!!! 원작과비교하면서 제대로 감상해주겠습니당.  
20170727,10,김윤석 좋지 뭐든 영화가 진지함. 아마 광해처럼 흥할거 같음. 결국 광해나 남한산성 두영화가 친명배금으로 인한 내부갈등 소재로한 영화니 광해처럼 흥하길. 이병헌 이번에도 주화론 역활로 나오네 ㅋ  
20170727,8,대립군보다 잘만들길...  
20170727,10,광해역을 맡았던 이병헌이 이제는 광해를 내쫓은 인조반정을 지지했던 공신 최명길 역을 연기한다니 너무너무 기대됩니다.  
20170727,10,뭔 캐스팅이...이리 ㅎㄷㄷ 하냐  
20170727,6,"한국사에서 딱한명 이순신빼고는 진짜  치욕과 무지의 역사다,,,나머지는 전부 왜곡시켜서 국사라고 국뽕주입시키고,,  "
20170727,10,감독 필모도 괜찮고 배우들 완벽하고 소설 원작 시나리오. 3박자가 딱 들어맞으니 엄청 기대된다.  
20170727,10,최고의 사극영화찍겠네요^^  
20170727,7,배우들 참 다 좋은데하필 고수가 딱 걸리네요영화계에 ㅁㅏ이너스 손인데작년에 루시드 드림보고도 역시라며 진짜 실망했는데 ㅜ  
20170726,10,헐 이병헌 김윤석 박해일 고수 박희순???  뭐여 이거 실화여? 연기로는 못 깔 라인업이네  
20170726,10,인조는 선조보다 더한놈이었지.. 조선사 최악의 암군..  
20170726,10,병자호란의 청제국은 임진왜란의 일본군 따위보다 훨씬 더 강했다. 노토부락 전투가 증명. 16세기만해도 당시 세계최강 대제국이 대청제국(청나라)군대 팔기군. 그런 군대가 조선을 침공한것. 당시 기록으론 청제국 팔기군 200병력이 조선군 조총병 4만명학살  
20170726,10,제가 가장 좋아하는 책이 영화화 돼서 너무 기쁩니다 왕 역할이 원작처럼 조금 더 무거운 느낌이었으면 좋았겠지만 박해일씨를 믿어볼게요 부디 국뽕 없이 원작 그대로의 무거운 슬픔을 잘 전달해주셨으면 좋겠습니다. 근데 서날쇠는 어딨죠?  
20170726,10,예고편도 안보고 볼거다.. 와..  
20170726,10,캐스팅 봐선 절대로 망하면 안되는 영화...  
20170726,10,와 캐스팅봐라 후덜덜하네... 예고편보니 더 기대가 된다특히 이병헌은 진짜... 연기력으론 도저히 깔수가없다  
20170726,10,"택시운전사, 남한산성. 올해는 이 2개만 본다  "
20170726,9,결국 영화는 감독인데.. 도가니 감독이면 그래도 중박은 해줄 것 같네  
20170726,9,이건뭐.. 캐스팅이 흡사 메시-수아레즈-호날두-루카쿠 조합의 융단폭격 수준이네ㄷㄷ;; 안보고 배기겠나  
20170726,10,예고편만 봐도 빨리 보고 싶네요.몇마디 대사만 들었는데도...  
20170726,10,황정민 정우성 곽도원 등등 연기신 모아놓고 아수라장 만든 영화 처럼만 안했음 하는 바램. 기다가 큼  
20170726,9,또 최고급 재료로 비빔밥 만들어 먹지말길 바람다  
20170726,10,일단 소재도 그렇고 캐스팅도 미쳣구요...ㄷㄷㄷ  
20170726,10,라인업 뒤지네 거의 피파  전설들만 모아놨어  
20170726,10,다 망했어... 진짜 너를 믿어 볼께  
20170726,10,와 박해일 ...경기도 광주살아서 남한산성 자주 가는데 영화를 보면 감회가 새롭겠네요..  
20170726,10,딱 봐도 대작 스멜이나쥬?  
20170726,7,보러 가겠지만 기대는 하지맙시다 제2의 대립군이 될까봐 불안해 죽겠어 분명히 개봉하면 1점 테러자들이 분명히 나온다.  
20170726,10,군함도는 쓰레기였고 이거나 기대해야지  
20170726,10,갓병헌 갓윤석 박해일 고수 박희순 거기다 수상한그녀 감독까지~~작정하고 만든듯~~~~  
20170726,10,역사적으오 치욕적인 일이라 보게는 싫지만 배우들이 쩐다...  
20170726,10,이병헌 대 김윤석...ㄷㄷㄷㄷ  
20170726,10,군함도 망했으니 여기에 2017년 영화운을 쏟아주시옵소서!!  
20170726,10,이병헌이 나온다면 본다 연기 너무 잘해~  
20170726,1,이병헌만 아니면 좋았을텐데. 다 된 밥에 이병헌 뿌리기  
20170726,10,김훈의 소설 남한산성은 읽는 내내 날카로웠는데 과연 영화는 보는 내내 날카로울까  
20170726,1,그만해라 많이 묵었다!!  
20170726,10,배우들 + 역사적 고증 + 한국식 신파극이 들어가면 웬만한 역사 영화는 700만 넘길 거 같음   군함도는 관심없지만 이건 꼭 보고 싶네요  
20170726,9,"명배우들 많이 나오는데, 설마 ""아수라""같이 되는건 아니겠죠?  "
20170723,10,올해 최고흥행작 될듯...1200만  
20170720,10,감독이 삽질만 안해도 주연배우들 힘만으로 500만은 먹고 들어갈듯  
20170719,10,"개봉만 기다린다... 원작 반영 확실히 되길 빈다 세상 끝에서 체념한듯 간신히 버티는 조정, 그 속에서도 끊이지 않는 말싸움, 최명길 김상헌의 첨예한 갈등구조 등등 강이 어는 한겨울같은 영화로 잘 좀 뽑아주세요  "
20170715,10,캐스팅도 캐스팅이지만 원작의 훌륭함을 알기에 더욱 기대가 되네요. 어서 겨울이 왔으면...  
20170712,10,캐스팅 소름돋네 영화 스토리고 연출이고 나발이고 그냥 배우들 연기력 대결만 봐도 흥행할듯  
20170707,10,배우이병헌 많이 기대해! 또 다른 모습을 보여주는것 을 진짜 궁금해!!!  
20170628,10,인조 악역으로 나오겠지? 그ㅅ낀 왕 자격도 없는놈이니까  
20170623,10,역사란 과거와 현재의 대화... 남한산성이 원작을 뛰어 넘는 영화로 탄생하기를 기대합니다 . 또다른 이병헌의 모습을 기다리며...  
20170622,10,"이병헌,김윤석인데 ...먼말이 필요해!!!  "
20170613,10,명량기록 깨면 좋겠다.  
20170610,10,언제개봉해요ㅠㅠㅠ 넘 보고싶다 ㅠㅠ  
20170604,10,빨리 개봉 박두ㅎㅎ기대됩니다  
20170531,10,진짜 캐스팅만 봐도 이 영화는 장난아닐거임!  
20170522,10,가을 추석때  맞춰서 개봉할려는듯  
20170522,10,이병헌 김윤석 박해일 고수 박희순 연기 폭발하겠다  
20170520,1,배우빨 영화는 도저히 못믿겠다 한두번 속는것도 아니고..  
20170515,10,진짜 배우 캐스팅 대박이다...고수 박해일 박희순 이다윗 ... 개인적으로 연기 정말 믿고보는 배우들 . 특히 고수는 최근에 석조저택에서 너무 인상깊었음 ..꼭 좋은 영화로 대박나길 !  
20170514,8,솔직히 나는 청나라가 조선 씹바른거 좀 유쾌함. 그동안 조선은 여진족들은 모조리 토벌했는데 최종병기 활에서 나왔던 청의 조선인 학살보다 더 심한짓을 했었음. 여진족은 인간 취급도 안했다는데 그런 놈들에게 당했으니 얼마나 웃기냐.  
20170512,1,전쟁나면 OO같이 꽁무니부터빼는 한국 왕들얘기가 뭐가재밌다고 영화로 만드나ㅋㅋ  
20170509,9,다 좋은데 고수 캐스팅은 좀 아쉬움  
20170508,10,출연진 대단하네...  
20170508,10,이건 무조건 천만이다!!  
20170506,10,김훈선생님은 제가 좋아하는 작가이신데 기대가 됩니다  
20170505,10,배우 역대급이다 와...  
20170428,10,제가 겨울방학때 이 영화 보조출연했습니다ㄹㅇ 진짜 엄청 힘들게찍었으니까 꼭 한번씩봐주세요  
20170427,10,개인적으로 올해가장 기대되는영화다 군함도보다이게더 기대됨  
20170424,10,개인적으로 칼의노래 보다 더 낫다고 생각하는 소설이 원작이라 완전 기대됨  
20170411,6,언제 개봉할지 모르지만 캐스팅만 보면 엄청나다 하지만 고수가있다 개인적으로 이 영화가 흥행애 실패한다면 고수는 작품 운이 없는것같다  
20170401,10,기대된다.언제쯤 나올려나?  
20170327,10,"재료는 최고, 요리사는 글쎄  "
20170319,10,올해 최고의 기대작이다  
20170314,10,와 캐스팅봐라 지리네 좋아하는 배우들 많이 나오네^^  
20170312,10,명-작 그자체! !!!  
20170307,10,"배우들만 본다면 가볍게 천만 아니 이천만 영화일듯,이병헌 송강호 김윤석 이였다면 삼천만ㅋㅋ  "
20170306,10,제가 보조츌연 알바로 이형화 촬영을 했는데 배우들분 진짜 연기 허벌나게 잘하십니다 .대단하신 분들입니다 그리고 스펙타클한 장면이 나오는게 많으니 꼭 영화시청바랍니다 재미있습니다.  
20170302,10,제목만큼이나 기대되는 남한산성~ 얼른 보고싶다~!  
20170228,9,아수라 처럼 실망시키는 일 업도록햇으면 하는 바램  광해 만큼 괜찬을 영화길  
20170228,10,작품마다 각기 다른 감동을 주는 이병헌 또 어떤 모습으로 ... 기대만땅~**  
20170227,10,캐스팅이 어마어마하네요.아수라가 될것인가 어벤져스가 될것인가  
20170225,10,캐스팅만 보면 한국의 오션스 일레븐 급이네 ㄷㄷ 소설은 재미나게 봤는데 연출도 잘 되었으면 좋겠다  
20170224,10,캐스팅배우들이 대박이네 얼른개봉날짜가나왔으면 ㅜㅜ 지금찍고있댔으니 물론 늦게나오겠지만 기다리겠습니다  
20170224,10,갓병헌영화는 안봐도 10점  
20170222,10,"헐, 이 화려한 캐스팅은 뭐지?! 일단 기대 평점은 닥 10점인데 개봉 후 다시 제대로 평가하겠음  "
20170217,10,벌써부터 초기대작이네단독 원톱주연급 배우가 5명이나 ㄷ ㄷ  
20170213,9,박해일.고수가 조연급이라니 ㄷㄷㄷ  
20170211,10,"안상구, 한수현 ㅋㅋ 거기에 박해일까지. 개인적으로  우수에 찬 고수눈빛 기대된다. 그리고 용의자에서 멋지게 보답하는 박희순도 기대되고.  "
20170206,10,캐스팅 봐라 와~! 미쳤다  
20170131,10,김윤석 나오는건 꼭 본다  
20170129,10,     믿고보는 이병헌  빨리나왔으면  
20170125,10,와... 주제며 배우진이며 이거완전 지리겠는데요 .... 영화관 가서 팬티벗고 봐야할듯 ..  
20170123,1,이병헌 정말 싫네요 연기 좀 하면 다용서가 되는건지..인간이 먼저 되기를  
20170122,10,이영화안나오나요?  개봉안하나?  
20170119,10,아따 재밋겠다 아 보고싶어 !!  
20170118,10, 난개인적으로 박희순씨 연기 쩔던데..작전에서 악역역활에 완전뻑갔음 정말 기대됨  
20170117,1,으으....초딩때 6년동안 소풍 맨날 남한산성으로갔지 지겨버  
20170115,10,와이병헌 김윤석 둘다 목소리 카리스마지리는데  
20170112,10,캐스팅 지리네 갑자기 우주선이 나타나도 흥할 영화다  
20170112,10,박희순 프로필이랑 고수 프로필 사진 포즈가 똑같아 ㅋㅋㅋㅋ 순간 뿜음  
20170111,9,아직 영화도 안찍었어요 오늘 남한산성 엑스트라 오디션 보고왔어요....  
20170109,8,와 살다살다 이런 조합도 보네요 대박  
20170107,10,와 캐스팅 미쳤다 ㄷㄷㄷ  
20170105,10,윤집 누가 연기 하려나.. 멤버는 진짜 갈락티코네ㄷㄷ  
20170104,9,헐 라인업봐라 김윤석 이병헌에다가 고수 박해일 박희순까지 지렸다...  
20170104,8,정말 연기파 배우들만 모엿네요  
20170103,10,김류 역할은 어떤 배우가 할지 궁금하네요  
20170102,7,황해 이후로 가장 기대되는 영화!!  
20161231,1,연기 드럽게 못하는 박해일때문에 망함 수고  
20161230,9,근데 배우들은 레알미쳤다..ㅋ아수라보다 더 막강한 캐스팅 .ㄷㄷㄷ  
20161228,10,남한산성.. 책을 읽었습니다. 뮤지컬도 보았습니다. 이번에는 영화 ...정말 기대가  되네요.  
20161227,10,스케일이 커졌네?박해일에 고수 추가라니..  
20161227,10,배우중에 김윤석씨 제일 좋아하는데 김윤석에 이병헌 박해일 고수 박희순까지 진짜 대박 라인업이네요..  
20161226,10,캐스팅보소 ㄷㄷㄷ제작비넘치는듯  
20161225,10,캐스팅 ㅎㄷㄷ....  
20161224,1,아..볼라했는데 박해일나오네;;박해일 인성도 별로라고 하더만;;싸움꾼에 성시경 공유?하고 싸운것도 있고 ㅋㅋ 수능 오토바이도 그렇고 ㅋㅋ 대단하셔라  
20161223,10,여러분들 남한산성 직접 가보시고 영화봅시다.직접가서 상상해보아요. 병자호란당시 천혜의요새인 남한산성에서 추위와 함께 청과 싸웠을지 그리고 48일간 고립되어 빚어졌을 혼란을. 저 배우들이 그혼란을 어떻게 그려낼지 너무도 기대됩니다.  
20161222,10,이병헌 김윤석 두명으로도 대단하다고 생각하고 나머지 배우 펼쳐봤더니 박해일 고수 ?!?!?!?? 미친거 아닌가  
20161220,10,권가야님 작품인가요~  
20161219,10,내가 남자지만 고수 넘나 잘생긴것♡  
20161216,10,영화 잘 볼게요~ 배우들 화이팅  
20161215,10,요즘은 드림팀이 유행인가? 캐스팅 장난 없네. 와우.  
20161215,10,제작비  100억 규모의 대형상업영화에서 단독주연 맡아도 이상할것 없는 배우 다섯명이 한꺼번에 주연으로 출연하네 ㅋㅋㅋㅋ  
20161214,10,"이거는 진짜 미친조합이다.. 이병헌 김윤석에 박해일, 고수, 박희순이라니 와.. 진짜 개봉할날만 손꼽아 기다립니다.  "
20161211,10,박해일 기대합니다♡♡  
20161211,10,캐스팅부터 미쳤다 부디 좋은내용으로 캐스팅이 아깝질 안키를..  
20161211,10,언제나옵니까 4명의 배우들에서 지리고 갑니다....어떻게 다 캐스팅하셧는지 특히..지금까지 영화에서 큰 두각을 못남긴 다비드고수가 어떻게 이사이에서 연기를 펼칠지 기대가 큽니다 .  
20161205,10,박해일 고수 박희순 이 세명으로 영화 한편 만들수있는데 이 셋이 주조연이고 김윤석 이병헌이 주인공이면 진짜 말다했다 역대급 캐스팅  
20161129,10,"?? 병현,윤석형님만대박인데 여기다....박해일,고수,박희순까지? 이건 무슨미친캐스팅이지  "
20161129,10,라인업 보소 ㅋㅋㅋㅋ 이거 기대되는구만 ㅋㅋ  
20161128,10,난 박해일 형님때문에 더 기다려진다 ㅋㅋㅋ  
20161126,10,기대중인 영화다 언제 개봉하려나  
20161125,10,"캐스팅보소,,,,캐스팅만으로도 500만은 먹고드가것다  "
20161125,10,국가대표 저음발성 지리네.. 땅파고 우물파가 우루과이로 뚫고 나올듯  
20161123,10,와지렸다 배우들보소!!!  
20161120,10,캐스팅봐라~김윤석 이병헌 고수 박해일 박희순....ㄷㄷㄷ  
20161120,10,무조건 보고 싶다. 빨리 개봉했으면...  
20161120,10,라인업 죽인다잉 기대된다  
20161120,10,박해일 고수 박희순 3명만 해도 연기파 탑클래스 3인방인데...갓병헌에 갓윤석까지?ㄷㄷ 섭외 비용만으로 손익분기점 500만 넘을듯...제발 아수라 꼴만 안났으면 합니다  
20161119,10,자 최고의 재료가 주어졌다. 이제 요리사가 요리만 잘하면 된다. 한우로 김치찌개 끓이지는 말기를.  
20161021,1,이병헌은 이정도가 적당  
20161001,10,와..아무도 안쓰는 소재를 영화로ㄷㄷㄷ 기대됩니다  
20160929,10,주연 클라스 보소 ㅋㅋㅋ 무게감이 장난 아닌데? 조연만 잘 배치되면 1000만각  
20160916,10,너무 보고싶다이병헌 포에버♡♡♡  
20160915,10,와..진짜 김윤석 이병헌 ㅜㅜㅜ 개봉만 해주세요  
20160915,10,이건 재미가 있을수밖에없다  
20160915,10,배우들 뒤지네.. 진짜 굉장히 기대되네요  
20160915,10,이병헌은 2016년에만 몇편이나 나오는거야 ㄷㄷ  
20160914,10,이병헌  김윤석이 나오는 영화는 장르가 에로 여도 찌릴듯ㅋㅋㅋ이병헌 사극 연기는 광해에서 입증했고 김윤석 씨는 처음 사극이니 그 새로움이 눈과 귀를 휘감겟네 헐리우드가 더 욕심나고 버거울텐데 꾸준히 한국영화 찍어주시는 병헌형님 감사드립니다.  
20160914,10,동굴들의  대결.. 누가목소리가 더 좋을까 .. 이 영화로 가려지겠군  
20160910,10,인천상륙작전처럼 만들지는 마라..  
20160907,10,벌써부터 기대됩니다!!  
20160831,10,보고싶던 조합이다.ㅜㅜ  
20160801,9,베스트글 끝내준다.. 김윤석을 완득이로 인상을 받았데 ㅋㅋ  
20160716,10,"대박이네 ㅋㅋㅋ몸값 탑4(이,송,김,하) 중에 두명이 나오시네요ㅋㅋ대박이다  "
20160709,10,"올인, 광해, 악마를 보았다, 내부자들, 레드의 이병헌♡ 헐리웃 배우 이병헌님^.^ 같은 남자가 봐도 최고의 연기와 아우라 짱짱형님^.^  "
20160704,10,김윤석 배우님 연기 기대합니다!! 가장 존경하는 배우!! ㅎㅎ  
20160702,10,네이버에 김윤석이라 쳤는데 신작 찍는데서 들어봤더니 캐스팅 목록에  이병헌도 있기에 심장이 와쿠와쿠 했다  
20160629,10,일단 주연배우는 천만이네  
20160629,10,이 영화는 김훈원작 먼저보고 보시길...홧병 도지는 스토리...한국인이란게 쪽팔려질것임.대한민국은 개뿔...  
20160619,10,웅장한 스케일을 기대합니다~!!  
20160609,10,두배우의 조합 너무 기대된다..  
20160604,1,Cheer up baby  
20160523,10,ㄹㅇ 초토화 캐스팅이다  
20160520,10,신들의  연기대결이 펼쳐지겠군 갓병헌 VS 갓윤석  
20160517,10,믿고보는 갓병헌!!!  
20160515,10,믿고보는배우총집합!!  
20160515,10,주연들만 본다면 천만영화다.  
20160515,10,김윤석과 이병헌의 만남. 우와  
20160514,10,믿고보는 두배우죠bbbb  
20160513,10,완득이로 저에게 인상을 주었던 김윤석씨와내부자들의 이병헌이라니 저는 개인적으로 기대가됩니다^^  
20160512,10,엄청난 배우 두분이 나오시네요영화배경이 남한산성!!정말 기대됩니다  
20160512,10,진심 이 두사람을 한스크린에서 보다니 미쳣다 진짜 대박이네 ㅎㄷㄷ  
20160511,10,이 영화 언제 나올라나.. 보고싶네  
