0,1,2
20171227,9,아무 정보없이 보게되었는데 마음이 따뜻해졌어요. 스타워즈 팬으로서 영화보면 특히 반가웠어요...추운겨울에 따뜻하고 기분좋게 보고 나올수 있었어요.추천합니다.  
20171227,10,진짜 너무 감동적이고 좋은 영화에요 ♡  
20171226,10,"오늘 CGV 핫딜로 보고왔습니다. 큰 기대없이 잔잔한 영화일거란 생각만하고 보았는데 웃음, 눈물, 감동 모든 것들 갖춘 영화였어요. 많은 생각을 하게 되었습니다. 아역배우들 너무 사랑스러웠어요:)  "
20171226,10,지금 보고 왔습니다. 올해 최고의 영화입니다. 어기 넌 최고였어 ^---^  
20171225,10,줄리아 로버츠가 이제는 엄마 역할이네믿고 본다  
20171224,8,룸에서 예쁘장한 여자애 같던 그 꼬마가?? 와.기대된다  
20171224,1,흠잘모르겠습니다아직  
20171223,10,보진않았지만 꼭 보고싶은영화고 자신감결여된사람한테 좋은영화가될거같다  
20171223,9,"이거 우리 애들이랑 보고 싶은데, 애들이 어려서 더빙도 꼭 나오면 좋겠어요 ~~^^  "
20171223,10,"기대가 되는 작품 중 하나. 용기를 주고 희망을 주는 영화가 되지 않을까 싶다,  "
20171223,9,금년 마무리는 이영화로 마무리 해야할듯 1987은 내년에 꼭 봐야하고.  
20171222,6,북미에서 1억달러를 넘었으면 볼만한 영화라는 것이지. 극장가서 볼 가치는 있겠군.  
20171222,10,다양한 사람들의 행복과 슬픔을 느낄 수 있었던 영화.어기의 말처럼 '평범한 사람은 없는 것 같아요'다름을 인정하고 존중하는 사람이 돼야겠다는 생각을 다시 한 번 할 수 있게 해준 것 같네요...빨리 정식 개봉됐으면 좋겠습니다!  
20171222,10,"시사회에서 우연히 본 영화가 인생 영화가 되었다. 따뜻한 인간미를 가진 친구, 부모, 형제가 되겠다고 다짐하게 된 영화! 꼭 보세요 정말!! 아름다운 영화.  "
20171222,10,감히 제 인생 영화라고 꼽고 싶을 정도로 정말 뜻깊게 봤습니다. 보면서 눈물도 많이 흘렸구요. 시사회로 미리 봤지만 제값 주고 봤어도 정말 아깝지 않을 영화예요. 개봉하면 다시 또 볼 생각입니다. 많은 분들이 이 영화를 보셨으면 좋겠어요. 진심으로요.  
20171221,10,"며칠 전 시사회를 다녀왔습니다. 남들과 다른아이가 세상의 차별을 이기고 당당히 살아가는, 어찌보면 쉽게 접할 수 있는 소재지만 전혀 다르게 와닿았고, 배우들의 섬세한 연기, 색다른 전개방식 그리고 정말 감동적이고 교훈있고 재밌는 영화! 꼭 추천합니다!  "
20171221,10,"며칠 전 시사회를 다녀왔습니다. 남들과 다른아이가 세상의 차별을 이기고 당당히 살아가는, 어찌보면 쉽게 접할 수 있는 소재지만 전혀 다르게 와닿았고, 배우들의 섬세한 연기, 색다른 전개방식 그리고 정말 감동적이고 교훈있고 재밌는 영화! 꼭 추천합니다!  "
20171221,10,영화보는게 취미이고 넘 좋아한다 옳해본영화로써는 최고였다!! 영화를 보는내내 가슴이 찡하고 눈시울땜에 코끝이 아플정도였다  어기의가족들과 친구들 특히 이영화에선 모두가 주인공이다 넘 예쁜영화이다 꼭 추천하고싶다  
20171221,10,시사회로 봤습니다. 올 해를 마무리하는 영화로 참 좋았습니다.  
20171220,10,조금다르게태어난어기헬멧을쓰고혼자만의우주를뛰어논다오롯이사랑을주는母줄리아로버츠친구처럼편한父오웬윌슨동생을사랑하는누나비아연극부남친저스틴예쁜베프미란다아름다운아이와진정한친구가되어가는잭윌썸머와반친구들헬멧을벗고등교한어기세상을바꾸고원더한우주를뛰어논다웰컴투CGV동땀꼭♬  
20171220,9,영화내용이 술프다니 영화보고 쓴 글인지 의심스럽네요. 힐링받고픈 분들께 추천합니다. 가슴이 따뜻해집니다. 우리 모두에게 기적이 필요한 세상... 슬픔이 아니라 감동입니다.  
20171219,10,와...진짜   감동적인 영화예요 꼭 보시라고 추천하고싶습니다. 다시한번 우리아이들을 더 사랑하게 되고 아이들에게 감사함을 느꼈습니다  
20171219,6,재밋고 감동적인 영화다..  
20171219,10,헬멧 속에 자신을 숨기며 살아왔던 아이 '어기'가 세상밖으로 나와 편견에 당당히 맞서 진짜 자신을 마주하는 용기를 전하는 이야기를 그린 가슴 따뜻한 감동의 작품이네요.“난 그저 생김새가 평범하지 않을 뿐이다” 라고 하는 어기의 대사가 가슴을 울립니다  
20171219,10,교장 이름이 tushman인데 이거 이해한 사람 있나요? LOL!!!tush뜻이 엉덩이인데 tushman=엉덩이남자? LOL!!!!  
20171217,10,아름다운 아이 책이 원작이라고 하는데 책을 읽어 본 사람으로서 종말 기대되요 !!! 책과는 또다른 감동을 주겠죠? 개봉하는 날 바로 봐야지  
20171217,10,시사회로 보고 왔는데 자신을 더 사랑하게 되고 주변사람들을 돌아보게 만드는 영화에요 보는내내 가슴먹먹하고 감동적이었어요 ㅠㅠ  
20171217,10,1987 그거 이미 망함 왜냐 씨제이다  
20171216,9,예고편 보고 눈물이... 이 영화 뭐냐?  
20171215,10,시사회를 보는 내내 눈물이 흐르는 영화였어요. 1인칭 주인공시점이 아닌 여러인물들의 시점에서 그들의 속마음을 보여준 것이 인상적이었고 그들의 행동이 이해가 돼서 더 슬펐네요. 어리석었던 행동들을 반성하고 제 자신이 성장하는 계기가 된 좋은영화입니다.  
20171215,10,"인생영화 또 탄생~ 영화 정말 잘만들었다. 시놉시스가 그러하고 배우들 연기,연출,편집 모든게 완벽하다. 깨달음과 감동 그리고 배움이 모두 깃들었다. 개봉하면 또봐야지  "
20171215,10,말이 필요없어요 감동 웃음  다줬어요  개봉하면 또 봐도 될만한  영화였어요  
20171215,10,어제 건대에서 보고왔는데. 울었다 웃었다가.아주 의미있고 좋은 시간 보냈습니다..ㅠㅠ  
20171215,10,정말 힐링되는 영화였습니다. 사실 한국영화말곤 잘 보지않는데 정말 보기 잘했습니다. 소설로도 꼭 읽어보고싶네요 많은사람들이 보았으면 좋겠습니다.  
20171214,10,"방금 시사회 보고왔는데, 연말에 보기 딱 좋은 영화네요. 평점 잘 안남기는데 좋았어서 남깁니다!  "
20171214,10,완전최고 가족영화에요 눈물과 감동 가족을 한번더 돌아보는 영화에요  
20171214,10,정말 너무 감동적이고 재밌는 영화였어요감동적이라고 해서 슬프기만 한 영화 아니고 정말 기분좋게 즐거워지는 그리고 예쁜 영화에요 꼭 보세요 후회 절대 안해요!!  
20171214,10,너무 재미있었어요.잔잔하게 감동을 전해줘서 너무 행복했습니다!!  
20171214,10,원작만큼 감동과 재미잇어요..  
20171214,9,세상의 기적을 바랄 때 찾아온 크리스마스 선물과도 같은 영화. 우울한 일상에 지쳐있을 때 힐링을 바란다면 꼭 보세요. 아역 배우의 연기는 단연 압권.  
20171214,10,취향저격 제대로 당한 영화 ㅠㅠ  
20171214,10,시사회로 봤는데 모든 장면이 소중한 영화는 처음이네요. 주변에 있는 사람들과 함께 나누고싶네요.  
20171214,10,요근래 본 영화 중 최고. 말그대로 힐링영화♡ 모든이에게 힘이 되 줄 영화입니다!!  
20171214,10,인생영화같아요ㅠㅜ 우리의 시선을 바꿔야한다는 것이 크게 와닿았습니다.  
20171214,10,잔잔하지만 깊은 감동을 주는 영화인듯 합니다.  
20171214,10,교훈이 잇는 영화입니다!!!!  
20171214,10,원더에 걸맞게 놀랍고 아름다운영화. 우리와함께살아가는 평범하지않은이웃들에게 박수를 보낸다  
20171214,10,누구나 봐야할 힘나게하는 영화  
20171214,9,주변의 편견과 따가운 시선에 당당히 맞서 자신감을 가지게돼는 감동적인 이야기가 배우들의 열연속에서 빛을발하는영화  
20171214,10,굿굿 착해지는 영화입니다  
20171214,10,유아 원더원더.. 풀~  
20171214,10,작은 아이로부터 큰 힘을 얻었어요~ 감동받았습니다 :D  
20171214,10,따뜻하고 너무 좋다. 친구들 보고싶어!  
20171214,10,나와 다른사람들에 대한 편견을 버려야겠다는 생각을 하게만드네요  
20171214,10,학교에서 차별에 대해서 배우고 있는데 도움이 된것 같아요  
20171214,9,결핍을 치유하고 극복하는 사랑스러운 영화 '원더'!  
20171214,9,각 아이들 마다 에피소드가 있어서 각자의 이야기를 들을 수 있어서 좋았다. 잘 봐주는 것 많으로도 큰 도움이 된다는 걸 느꼈다  
20171214,9,정말 속이 꽉찬 성장코메드 드라마! 강추합니다!  
20171214,9,아~~너무  좋다 감동적이고 잔잔한 재미가 있고  가족끼리 꼭 보시길  
20171214,10,올해 수없이 본 영화들중 가장 아름다운 스토리!많이 웃고 울고 깊은 감동을 받았어요.가족애와 우정 편견을 이겨내는 용기.아역들이 어메이징하게 귀엽네요.  
20171214,10,힐링 지대로다 어기 덕분에 올 겨울 따뜻할듯 ??  
20171214,8,누구나 생명 그 자체로 기적이다. 단지 제대로 알아채기힘들 뿐... 위로의 박수 같은 영화에 감사한다.  
20171214,10,밝은 분위기의 영화지만 전하는 메시지는 묵직하네요. 특히 교장선생님의 말씀이 영화에서 말하고자하는 메세지인 것 같아요. 어기의 외모는 바꿀 수 없지만 우리의 시선은 바꿀 수 있다고. 이 영화로 편견을 조금이라도 줄일 수 있었으면 좋겠습니다.  
20171214,10,어기의 앞날을 응원해주고 싶은 훈훈한 영화!  
20171214,10,넘나 착하고 따뜻한 영화!  
20171214,10,완전 강추!!! 웃다가 울다가 ㅠㅠ많이 배운 영화였어요.  
20171214,10,방금 시사회로 봤어요. 최근 본 영화 중에 제일 마음에 드네요. 무겁지 않게 따뜻한 영화를 원하면 꼭 보길!!  
20171214,10,정말 재미있어요!! 연말 영화짱!!  
20171214,10,가족 영화로 추천합니다!  
20171214,10,시간이 어떻게 가는지도 모르고 재밌게 봤어요! 추천추천  
20171214,10,감동적이고 아름다운 영화네요. 옮음과 친절함 중에 선택해야 한다면 친절함을 선택하라는 영화 속 대사가 인상깊었어요. 강추합니다!  
20171214,10,아이랑 보기 넘 좋아요 초3아이도좋다네요  
20171214,10,"헬멧 속에 자신을 숨겼던 아이 ""넌 못생기지 않았어. 네게 관심있는 사람은 알게 될 거야"" 어기풀먼이 처음 만나는 세상의 편견에 맞서며 진짜 자신을 마주하는 용기를 전하는 감동 드라마로 기대했던 수작 한편이었습니다.진짜 감동이었습니다  "
20171214,9,"원더키즈,원더어기, 최고성탄선물입니다  "
20171214,10,강추!! 오랜만에 정말 따듯한 영화를 봤네요  
20171214,10,모든 캐릭터에서 나를 발견한  
20171214,9,원더풀원더 크리스마스 선물같은영화예요  
20171214,9,감동적이고 슬퍼요. 대박이네요  
20171214,10,연말에 봐야할 가족영화!! 감동감동  
20171214,10,마음이 따뜻해지는 영화네요. 크리스마스에 가족들과 다같이 보기 참 좋을 것 같아요! 어느 하나 스트레스 주는 부분 없이 즐겁게 관람할 수 있었던 영화입니다. 개봉하면 또 보러가려구요!  
20171214,9,좋은.내용.이네요.올해의 크리스마스 영화로. 추천합니다!  
20171214,10,현실이 그렇지않기에 더욱 빛나는 영화^^  
20171214,9,재미있고.감동적이네요.아이들도  보면 좋겠네요  
20171214,10,따뜻한 가족영화입니다  
20171214,10,재밌고 감동이 쩔어요!ㅎㅎ  
20171214,10,항상 섬기는 마음.. 올해 연말을 잘 채워주는 영화  
20171214,8,"감사와 감동이 동시에 오는, 누구에게건 추천하고 싶은 영화.  "
20171214,10,시사회로 봤어요! 마음이 정말 따뜻해지는 아름다운 영화였어요^^ 강추합니다!!!!:)  
20171214,10,"""그 사람이 어떤 사람인지 알고 싶다면 그저 바라보면 돼요.""  "
20171214,10,원작까지 찾아보고 싶게하는 힘  
20171214,10,마음이 따뜻해 지는 영화. 원더 올해 최고의 작품.  
20171214,10,감동적인 영화. 추천하고픈 영화.긍정적인 메세지를 주는 영화. 강추  
20171214,10,가슴 따뜻하고 찡한 감동이 있는 정말 좋은 영화였어요~너무 사랑스럽고 재밌게 잘 봤습니다..적극추천!!  
20171214,10,2017 꼭 봐야할 영화 중 하나입니다. 2시간 내내 온 관객이 함께 훌쩍거렸네요ㅜㅜㅜㅜ 베스트셀러 118주한 작품을 영화까지 잘만들면 어떡합니까... 줄리아 로버츠 연기가 엄마 그 자체여서 계속 눈물나요. 심지어 강아지까지 연기 잘함..한번더봐야지  
20171214,9,사랑과 이해가 편견을 없앨 수 있죠  
20171214,8,모든 연ㄹㅕㅇ대가 모두볼 수있는 감동영화에요  
20171214,10,정말 재미있는가족 영화였습니다 감동과 웃음이 있네요  
20171214,9,감동적이었어여 꼭 보세요 ♡♡♡♡  
20171214,10,정말 좋은영화였어요 가족들끼리 보면 좋을것같아요  
20171214,10,"별점 10점으로도 부족하다. 보는내내 울고 웃고, 억지로 감동을 만들어내는 영화가 아니다. 보통사람들이 만들어내는 기적을 보여주기에 !!  엔딩 크레딧이 올라갈때 너무나 감동받아서 눈물흘리며 미소짓는 관객이 많을꺼라 생각한다.  "
20171214,9,각각의 아이들의 입장에서 이야기를 풀어준게 참 좋았던거 같아요.누구나 그런 행동에 이유가 있다는 거..  
20171214,10,너무너무좋은영화입니다. 영화가 지루함없이 끝까지 감동과 재미가있네요.완전강추합니다.  
20171214,10,좋은 영화였다 각 인물의 심리상태가 인상적이었다  
20171214,10,책도 꼭 사서 볼거에요!.  
20171214,10,시사회 봤는데 재밌어요!!  
20171214,10,너무너무  감동적이였어요  
20171214,10,감동적이네요. 재미도있고!!!  
20171214,9,감동~ 감동~ 오랜만에 뭉클하고 따뜻한 작품 만나고 갑니다  
20171214,10,보고싶어오ㅡ..감동적  
20171214,10,오랜만에 가슴 따뜻한 영화를 본것 같아 넘 좋았습니다.  
20171214,10,"시사회를 통해 보게되었는데, 기대 이상의 영화였습니다. 추운 겨울 가슴이 따뜻한 영화인거 같아요^^  "
20171214,10,우리의 시선이 바뀌면 모든게 바뀝니다  
20171214,10,감동 가득하고 마음이  따뜻해지는 명작!  
20171214,10,감동적인 영화였어요.  가족과 함께 관람하길 강추해요~  
20171214,10,예고편 보고 기대많이 했는데 시사회로 보니 기대한만큼이었습니다모처럼 맑고 따뜻한 영화 본 것 같아요  
20171214,10,올해 최고로 재밌는 힐링영화  
20171214,10,감동받았습니다 ㅠㅠ 꼭보세요  
20171214,10,원더 감동 그 자체 겨울방학 최고의 가족영화  
20171214,10,가족영화로 강추드려요.  
20171214,10,20점 주고 싶네요 감동만점 추천합니다  
20171214,9,내내 울고 웃었던 영화:)올해를 마무리하는 영화로 추천하고 싶네요  
20171214,8,연말에 가족 친구과 보기 좋을듯  ~ 현실에  있는이야기를  솔직하고  따뜻하고   훈훈하게  
20171214,10,감동 그 자체! 강추함다  
20171214,9,크리스마스때 가족이랑 함께 보면 좋을것같아요.  마음따뜻해지는 영화에요~  
20171214,9,평범하지만 평범한 이야기와 감동만을 주지않는다.  
20171214,9,배우들의 좋은 연기와 어기의 용기 그리고 가족과 주변인들의 감정까지 어루만지는 섬세한 감독의 연출이 좋아요~!  
20171214,9,펑펑 울었어요 완전 감동  
20171214,10,놀라운 기적같은 영화 행복한 감동이네요^^  
20171214,9,참촣은엉화였어요 저를돌아보게하는 영화네요  
20171214,10,너무감동적이고 시간가는줄 모르게봤어요  
20171214,10,진짜 감동이예요.강추  
20171214,10,기대한만큼 아니 기대이상의 감동과 재미를 준 올 겨울 가슴따뜻한 영화로 추천하고싶은 영화에요 아이들 손잡고 꼭 가서 보세요^^  
20171214,10,넘 감동이네요!!강추합니다  
20171214,10,초등 아이들과 시사회에 와서 봤는데 정말 아이들에게 강추하는 영화네요~!!  
20171214,10,어기가 바뀌지 않으니 우리가 바꿔야죠. 외모가 다르다고 차별하고 무시하지 않아야 한다는 따뜻한 영화네요  
20171214,10,어기가 가슴아파서 울뻔했어요 비아 언니가 저같다는 생각도들고 동생한테 잘해줘야 겠어요 우리가족~^^  
20171214,10,어기가 행복했으면 좋겠어요비아언니도미란다언니도 잭도 썸머도 엄아아빠도~^^  
20171214,10,연말연시 보기에 그리고 가족과 보기에 좋은 영화인것 같고 연인과 보면 더 좋을것 같아요~~~^^ 추천합니다! 따뜻한 영화보시고 마음까지 따뜻해지세요♡  
20171214,10,이번겨울 감동적인 가족영화로추천합니다  
20171214,10,감동적인 내용.  기대됩니다.  
20171214,10,뉴욕타임즈 선정 베스트셀러라고 하니 더욱 기대돼요~보고싶어요!!  
20171214,10,가능성을 알게 해주는 좋은 영화 추천합니다^^  
20171214,10,어기 장하다 헬멧을 뛰쳐나와라  
20171214,9,와우 기대만큼이나 '원더'한영화  
20171214,10,추운 연말 따뜻한 영화를 보게되어 행복했습니다. 가족 커플 모두에게 추천합니다!  
20171214,10,너무 감동적일 거 같은 영화!!강추  
20171214,10,감성을 울리는 원더 너무 좋고 감동적입니다  
20171214,9,줄리아로버츠 출연이라 기대하던 영화였는데 원더는온가족이 이겨울에 함께 보면좋겠네요  따뜻한 영화라 좋아요  
20171214,10,너무 슬프고 잼나게 봤습니당  
20171214,10,외모 보다 더 중요한것이 무엇인지 알려주는 영화  
20171214,9,자녀를 키우는 부모라면 꼭 추천하고 싶은 영화!!!  
20171214,10,가족과 함께볼수 있는 영화인것같아요.개봉하면 한번더 보고싶네요!!  
20171214,10,어기의 따뜻한 성장드라마 너무 기대됩니다!!!  
20171214,10,정말 재미있었습니다~ 이번 겨울 영화로 추천할께요^^  
20171214,10,너무재미있게잘봤습니다.  추천합니다!!!  
20171214,10,재밌어요. 가족 다같이 봐도 좋을거같아요. 추천추천  
20171214,10,원더 정말 영화 내내 가족의 따뜻함을 느낄수있는 힐링되는 영화인것같아요.  
20171214,10,너무 재밌을거같아요! 기대되는 영화입니당!  
20171214,10,기대됩니다.!!!!  
20171214,10,너무 감동적이에요 추천~~  
20171214,9,재밌네요 감동적이고 또봐야지  
20171214,8,기대되는 작품입니다.  
20171214,10,오란만에 가슴 따뜻한 영화를 봣네요 아이들과 함께 보시면 더욱 좋은 영화입니다.  
20171214,10,감동있고 슬프네요 이 겨울 따뜻한 영화보니 좋으네요  
20171214,10,감동적이고 아이와 좋은시간 보낼수있어 좋았어요  
20171214,9,진짜 너무 재미있었고 다시 보고 싶어요오오~~~!!!  
20171213,8,줄리아 로버츠 너무 오랜만~  
20171211,9,대만에서 오늘 봤는데 책처럼 감동적이고 웃기긴 한데 썸머(Summer)에 역할비중이 원작보다 적고 디테일이 조금 부족했다  
20171210,10,예고편만 봤는데도 꼭 봐야겠다 결심했습니다!!! ㅠㅠ  
20171210,10,오늘 미국에서 봤습니다.감동적이에요ㅠㅠ다만 책의 내용을 좀 더 간략화해서 찍다보니 좀 아쉽더라고요..  
20171210,10,"작년에 Wonder 책 읽으면서 영화 언제쯤 개봉될까 궁금했는데, 드디어 나왔네요(캐나다 기준). 울고 웃으면서 본 영화에요. 정말 추천합니다.  "
20171209,10,"태국입니다. 스타워즈 보려고 하다가 표가 없어서 이걸 보게 되었는데, 와...이거 보길 잘했다는 생각이 너무 들었어요. 감동 재미 뭐 다 가진 영화입니다.  "
20171209,10,연말 가족영화중 원톱!!!!  다르다는건 절대로 결코 틀린 게 아니라니까요!!!!  
20171208,10,"따뜻한 영화라고 들었어요~가족이 함께 할 수 있는 영화가 얼마나 될까요,,,줄리아 로버츠라 더 기다리게 됩니다!!!  "
20171208,10,우연히 예고편 보고 나서 아이들이랑 꼭 봐야할 영화라고 생각했어요 내일 도서관 가서 책부터 빌려보려구요 ^^  
20171207,10,오늘 말레이시아에서 봤는데 너무 감동이었습니다  
20171207,9,예고편보니 온가족이 함께 보아도 좋을것같아요.  
20171207,10,외국서 호평받은영화라기어 보고싶네요매번 재미위주의 영화만봤는데  
20171207,10,인성이 중요시 되는 요즘 시대에 초딩 딸과 함께 보고 싶은 영화네요  
20171207,10,예고편 가슴 찡하네요어서 개봉되기를 바랍니다  
20171207,10,원더 가면 쓴 아이가 궁금하네요.보고싶어요!  
20171207,10,슬프지만 기대가 되는 영화네요. 얼른 보고 싶어요.  
20171207,9,감동의 도가니인 영화로 보고 또 보고싶다  
20171206,10,초등고학년 아이와 함께 보면 좋을 것 같아요. 올 겨울 따뜻한 감동을 줄 것 같은 영화... 어기의 용기있는 모습을 기대해봅니다.  
20171206,10,마음이 따뜻해지고 뭉클해질거 같은 영화네요!!  
20171206,10,책으로도 있다니 먼저 만나보고 싶네요.  
20171206,10,아이를 키우는 부모라면 자녀들과 꼭 봐야할 영화 같아요.이번 겨울 가장 기대되는 영화입니다.  
20171204,10,기다리고있는영화예요빨리 보고싶습니다!!  
20171202,10,책한번 더 봐야지.. 벌써 기대되네요 ㅜㅜ  
20171202,1,못생기면 밖에나오지마 제발 ㅠㅠ  
20171201,10,완전 기다리고 있음 ㅠㅠ 예고편 보니 눈물각  
20171201,8,"아이들과 함께 봤는데 세 아이(13살11살9살) 모두 같이 울었어요. 맘이 따뜻해 지는 영화 였구요, 아이들 스스로가 감동과 느낀점들을 말해주니 더욱 학교다니는 아이들에게 교훈적인 영화인거 같아요.  "
20171129,8, (공포/기괴)얼굴에 캣츠분장을 한채로 사는 소년  
20171125,9,미국에서 방금 보고 나오는길인데 전형적으로 다 착하게 나오는 감동적인 스토리! 그치만 그게 너무 예쁘고 감동적이게 잘 그러졌어요. 코믹적인 부분도 적절히 있고 딱 재밌습니다! 친구의 가족들과 본 건데 가족끼리 보기에 딱 좋아요ㅎㅎ  
20171124,10,"미국에서 먼저 보았는데요.. 영화속 사람들의 속마음을 표현하는 연출, 특히 등장인물들의 입장, 속마음을 표현하는 방법이 인상적이였습니다. 제가 백,흑인속 거의유일한 동양인이라 그런지 Auggie의 마음이 많이 공감가는, 가슴 따뜻해지는 영화였습니다.  "
20171124,10,이번에 제가 다니는 캐나다의 한 학교에서 wonder 보러 갔는데 너무 좋고 슬프더라고요. 지금 제가  영어를 잘 못해서 우울한데 그래서인지  Auggie의 입장이 공감이 더 잘 되더라고요. 책 아름다운 아이도 너무 좋았는데...  
20171123,10,캐나다에서 개봉해서 봤어요! 정말 감동적인 영화입니다..베스트셀러인 책내용이랑 같구요..보는내내 눈물이 끊이질 않았어요ㅠ이렇게 상황연출과 심리묘사를 세심하게 만든영화는 처음인것같네요..  
20171122,10,토론토에서 어제 저녁에 두딸과 와이프랑 같이 봤습니다. 감동적인 이야기가 우리가족의 좋은 시간을 만들어 주었습니다. 가족의 따뜻함 그리고 편견없는 세상을 다시한번 생각해 볼수 있었습니다. 정말 강추 하고 싶어요.  
20171122,10,책으로 먼저 만났던 아이와 아빠가 봤는데 역시나 영화도 감동이다네요!  
20171121,1,책에선 외모가 뭔 상상도 하지못할 괴물이라니 disformed니 하는데 영화정도 외모면 걍 생긴거구만 좀 더 못생기고 흉측하게 나왔어야 좀 몰입이 되는데  
20171118,10,캐나다에서 유학중인딸이 오늘 개봉한 영화보고왔는데원작책만큼이나 따듯하고 재미있다고해요 꼭 한국에서 개봉했으면합니다  
20171031,10,한국에서도 하루 빨리 개봉되었으면 좋겠어요!  
20171027,10,기대되네요 빨리 개봉되길~  
20171020,10,이거 소설 '아름다운 아이'(원작 wonder) 영화 맞죠 ?ㅠㅠ소설도 감동덩어리에 진짜 재밌게봤고 영화 나왔으면 했는데 이렇게 개봉이라니..한국에서도 빨리 나왔으면 좋겠어요ㅠㅠㅠ  
20170817,10,제발 한국에서 빨리 개봉했으면~~~ 너무 보고싶어요  
20170810,10,예고편 감동입니다.  
20170730,10,미리 평점을 많이 줘야 개봉한다!'월 플라워' 본 사람이라면 그영화의 감독의 두번째 연출작을 당연 기대할것이다.  
20170609,10,이 영화 언제쯤 개봉할까요?꼭 보고 싶습니다^^  
20170605,10,예고편 보고 왔습니다 또하나의 감동영화 탄생하길..  
20170604,10,아 어기 빨리보고싶어!!  
20170603,10,책으로 엄청 감동적이게 읽었었는데 영화로 나온다니 기대되네요  
20170531,10,"예고편 보고, 너무 슬펐다. 미국에서 11월에 개봉하는데, 아마 한국에는 1~2년 후 개봉하겠지. 반응 좋으면 더 일찍 하겠고. 너무 보고 싶다.  "
