0,1,2
20180124,9,오늘보고왔는데 기대를안해서 그런지 재미있었습니다. 마지막엔 뻔한 슬픈 스토리지만 임현식배우님의 애드립과 그저 웃다가 울다가 재밌었어요!!!! 부모님생각도나고 친구생각도나는 영화에요~  
20180123,10,드디어 내일은 기다리고 기다리던 비밥바룰라 개봉!  
20180123,10,라인업이 진짜 너무 좋은거 같아요 ㅜㅜ 스토리도 짱짱!  
20180123,10,예고편봤는데 벌써 가슴 따뜻한 영화 ㅠㅠ ♡  
20180123,10,비밥바룰라 천만 가자!!  
20180123,10,내일 개봉하자마자 볼거다 진심!  
20180123,10,비밥바룰라 빨리 보고싶오 ㅠㅠ  
20180123,10,대박!! 부모님 모시고 주말에 가족데이트 한 번 해야겠어요 ㅎ  
20180123,10,믿고보는 배우님들만 나오시네요^0^~  
20180123,10,진짜 기대되는 영화였는데~ 벌써 내일 개봉이라니까  괜히 기분이 좋네요!! 대박나자 비밥바룰라 !  
20180123,10,이번 주말에 엄마랑 보러가기로 한 영화! 벌써 대박 힐링에 감동 이만번 받았다 ㅠㅜㅠ  
20180123,10,대박 힐링 영화일듯 ㅜ 낼 칼퇴하고 바로 보고싶당 ~ㅎㅎ  
20180123,10,드디어 내일 개봉이네요! 빨리 보고싶어욤  
20180123,10,가족 영화로 딱 좋을꺼 같네요  
20180122,10,예고편 제발 보세요 ㅜㅜ 두번 보세요 ㅜㅜ 완전 힐링입니다  
20180122,10,진짜 넘 보고싶었던 영환데 ㅠㅠ 이렇게 곧 개봉한다니까 괜히 너무 기대가 되네요!!  
20180122,10,헐 ㅜㅜ 부모님이랑 빨리 보고싶어요! 이번 주말엔 비밥바룰라로 정했당!  
20180122,10,비밥바룰라 천만길만 걷좌!  
20180122,10,너무 기대되는 영화입니다 가족들과 함께 보려고 예약도 할 것 입니다 ^^*  
20180122,10,여기 저기에서 소문이 좋은건 이유가 있어요~ 빨리 보고싶어요!  
20180122,10,드디어 내일 모레! 개봉을 하네요!! 이번주말에 봐야겠습니당  
20180122,10,ㅠㅠ 빨리 보고싶옹 ㅠㅠ  
20180122,10,비밥바룰라 천만영화 될 것 같음  
20180122,10,빨리 보고싶은 영화 중 하나죠 ㅠㅠ  
20180122,10,부모님이랑 꼭 볼 영화입니다 완전 기대만땅 !!  
20180122,10,헐!! 완전 짱잼일듯 ㅜㅜ 개봉만 해봐라 ㅜㅜ 바로 보러 갈것임..  
20180119,5,과연 독립영화감독이 상업영화에와서는 얼마나 상업적인냄새를 풍길수있을까?  노장은 죽지않았을까? 기대는되지만 과연 내돈을주고 극장에가서 볼수있을까?  
20180119,10,다음주 불금을 즐겨야겠다~! 비밥바룰라 대박 나즈아!  
20180119,10,라인업도 좋고 스토리는 더 좋고! 이성재 감독님 안목 bb 역시 대박이십니다  
20180119,10,예고편 보고 왔씁다! 예고편 4개 영상이 모두 대박이네여 이 영화는 대박 날 수 밖에 없돠  
20180119,10,너무 기대되는 영화 ㅠㅠ 라인업이 진짜 대박이시댜..  
20180119,10,부모님과 함께 보면 더 좋을듯 하네용 ㅎ  
20180119,10,대박길만 걸으세옹 ㅠㅜ  
20180119,10,아빠랑 동생 보고 오라고 했음 ㅎㅎ..  
20180119,10,헉 대박 ㅠㅜㅜ 비밥바룰라 드디어 개봉 하네요! 빨리 보고싶어요ㅠㅜ  
20180119,10,기사 보고 검색해봤는데 비밥바룰라 개 꿀잼일것같음  
20180119,10,비밥바 룰라 대박 나자~!  
20180119,10,캐릭터 영상 봤는데 다들 배역이 찰떡이신듯  
20180119,10,예고만 봐도 훈훈함이 넘침  
20180119,10,대박길만 걸어요~ 비밥바룰라!!  
20180119,10,부모님 모시고 보러 다녀와야겠당 ㅎㅎ  
20180119,10,영화가 주는 감동을 빨리 받고 싶습니당 ㅠㅜㅠ  
20180119,10,연기 대장들의 대 출동이네용 ㅎ  
20180119,10,앞전에 공개 된 4개의 영상 모두 정독했습니다 모두가 보고 기분 좋아질 영화인것 같네요  
20180119,10,대박날듯한 느낌이 든돠!  
20180118,10,빨리 보고싶은 영화 입니다 ㅠㅠ  
20180118,10,엄마랑 보러 가기로 손가락 걸고 약속한 영화 ㅎㅎ  
20180118,10,역시~~ 좋은 배우님들로 영화를 만드니까 기대가 되네용 ㅎ  
20180118,10,넘나 기대되는 영화 ㅠㅠ 예고편 힐링돋아서 계속 보고 있어용 ㅎ  
20180118,10,부모님이랑 보러 가기로 했어용 ~ ㅎㅎ 넘나 재밌을것 같네요!  
20180118,10,완전 대박 예감이네요! 비밥바룰라 개봉하면 바로 보러가겠슴당  
20180118,10,대박나자 비밥바룰라~! ♥  
20180118,10,ㅠㅠ 넘 기대되쟈나..  
20180118,10,대박 대박~ 꿀잼이겠다! ♡  
20180118,10,ㅠㅠ 힐링 라인업~ 벌써 감동적입니당  
20180118,10,예고편만 봐도 행복이 전해지는 영화네용 ㅠㅠ 빨리 보고싶습니댜  
20180118,10,비밥바룰라 ㅜㅜ 촬영 포스터 현장 영상 보는데 괜히 울컥해요 ㅠㅠ 빨리 보고싶어용!  
20180118,10,마음이 벌써 녹네요 녹아~ ㅠㅠ 비밥바룰라 흥해랏!  
20180118,10,마음 따스해지는 영화 비밥바룰라  
20180117,10,대박날듯ㅠㅠ 라인업도 스토리도 너무 좋아요  
20180117,10,비밥바룰라같은 영화가 많이 많이 개봉했으면 좋겠습니당  
20180117,10,완전 기대 만땅! 대박날듯  
20180117,10,비밥바룰라 대박나는 일만 남았당!  
20180117,10,예고편 보고 너무 행복해졌어요 ㅠㅠ  
20180117,10,비밥바룰라 빨리 보고싶음 ㅠㅠ  
20180117,10,빨리 보고싶은 영화 중 하나 입니다! 대박 나즈아~  
20180117,10,울 할부지들 하고싶은거 다 해요~ ♡  
20180117,10,빨리 보고싶다 ㅠㅠ 일주일 어떻게 기다리니..  
20180117,10,완전 꿀잼일듯! 벌써 힐링되는 영화네요 ㅠㅠ  
20180117,10,예고편 영상만 무한 반복중 ㅠㅜㅠ 일주일 남았네 비밥바룰라! 빨리 보고싶어요유ㅠ  
20180117,10,영화 진짜 재밌을듯 ㄷㄷ 스토리도 최고네  
20180117,10,비밥바룰라 천만영화 가자!~!  
20180117,10,예고편 두 편이나 다 봤는데 넘 힐링되고 기대되는 영화입니다  
20180117,10,벌써 마음 따뜻해지는 영화 ㅠ  
20180117,10,아 그러췌~~! 인생은 70부터 아니냐고~~! 비밥바룰라 대박!  
20180117,10,연기 대장님들만 모인 대박 영화! 대박나자 비밥바룰라!  
20180117,10,대박날것같은 느낌적인 느낌!  
20180117,10,방금 예고편 보고 왔는데 넘나 따뜻한 내용 같네요 ㅠㅠ 대박나길 바랍니다!  
20180116,10,정말 연로 배우들 중에 연기력 최고이신 분들 총집합이네요^^꼭 보러 가겠습니다! 선생님들 전부 다 건강하세요^^  
20180116,10,고모님이 가족 단테톡방에 예고편 링크 올려주신 ㅋㅋ 꾸르잼 보장이돠 ㅋㅋ  
20180116,10,회사 분들과 금요일 퇴근 후 보러 가기로 했슴당 ㅋㅋ 다들 힐링 하기로~!  
20180116,10,예고편 보니까 존잼 느낌이던데! 풀버전도 보고싶어랑~  
20180116,10,완전 잘될듯! 느낌이 팍 옴!  
20180116,10,비밥바룰라 넘 설렌당! 아버지의 버킷리스트~~ 벌써 먹먹해용 ㅠ  
20180116,10,추운겨울에 딱이네요~!^^ 훈훈해요! 기대됩니당  
20180116,10,울 할배들 하고싶은거 다 해~~!! 훈훈 그 자체!  
20180116,10,진짜 기대되는 영화입니다~ 개봉만해봐라ㅠㅜㅠ 친구랑 가서 봐야겠돠!  
20180116,10,ㅜㅜ 라인업 진짜 너무 최고다! 빨리 보고싶어요ㅠㅜ  
20180116,10,일주일 정도? 남은듯? 빨링 보고싶오ㅜㅜ  
20180116,10,정말 기대가 큰 영화 입니다 bb  
20180116,10,요즘 이런 저런 생각이 많아졌는데 비밥바룰라 예고편 보고 마음을 다잡았습니다! 아직 늦지 않았다! 인생은 70부터~!  
20180116,10,개봉날 며칠 안남았다 ㄷㄷ 개봉하자마자 볼 생각에 설렌다 ..ㅋㅋ  
20180116,10,믿고보는 배우님들의 라인업에 너무 기대가 큽니다! 잘되길 바라며 ~ 인생은 70부터!  
20180116,10,ㅠㅠ예고편만 봐도 최고의 영화라는걸 알 수 있죵 ㅠ  
20180115,10,인생은 70부터 비밥바룰라!!  
20180115,10,라스트베가스에 한국식 감성으로 신파랑 가족애 추가한 걸로 끝나지만 않길 바랍니다 ('-' 예고편만 봐서는 그냥 나이 들어서도 젊은 여자 밝히는 할배들 이야기로 기억에 남을까봐 불안... 그래도 기대하며 10점 남깁니다.  
20180115,10,재미보장! 라인업과 스토리가 다 말해준당!  
20180115,10,개봉하면 바로 보러갈래ㅠㅜㅠ  
20180115,10,부모님이랑 보면 넘나 좋을듯 ㅠ 빨리 보고시퐁  
20180115,10,짱 재밌을듯 ㄷㄷ 주연배우가 말 다 했네  
20180115,10,예고편만 봐도 완전 힐링영상 ㅠㅠ  
20180115,10,이건 대박 날 수 밖에 없다 진짜 ㅋㅋ 라인업 장난 없다ㅜㅜ  
20180115,10,예고편 홀리듯이 계속 봤네 ㅋㅋ 주연배우님들 케미 짱인듯 ㅎ  
20180115,10,완전 기대되는 영화네요! 가족끼리 보면 넘나 좋을듯 ㅠ  
20180115,10,핵꿀잼 예상합니다! !  
20180115,10,여기 저기서 비밥바룰라 보라고 해서 예고편 봤는데 넘나 힐링인것 ㅠㅜㅠ  
20180115,10,ㅠㅠ 비밥바룰라 완전 영업당해버림! 천만영화 가즈아!  
20180115,10,대한민국 최고의 배우님들의 영화라니.. 진짜 설렙니다!  
20180115,10,너무 기대되는 영화라  개봉하면 그 주 주말에 보려고 계획중입니당 ㅎㅎ  
20180115,10,곧 개봉이네요! 날도 추운데 비밥바룰라로 힐링 해야겠어용!  
20180114,10,부모님이랑 같이 보고싶네용~~~♡ 얼른개봉하길 ㅎㅎ  
20180112,6,할배 시리즈를 영화화 것인가?  
20180112,10,기사 보고 왔어요! ㅋㅋ 시사회 나도 가고싶다 ㅠㅠ 시사 응모 해야지 ㅋㅋ  
20180112,10,엄마 아빠랑 보러 가려고 한 영화! 24일만 기다리고 있습니당 ㅠㅠ  
20180112,10,비밥바룰라 대박났다고 전해라~  
20180112,10,세대간의 이해력을 돕는 영화네요.  
20180112,10,가족끼리 딱~ 보기에 안성맞춤일듯 ㅋㅋ  
20180112,10,이렇게 현실성 있고 공감 할 수 있는 소재의 영화 정말 좋은것 같습니다  
20180112,10,어린 시절 돌아가신 할아버지가 생각납니다 ㅠㅠ 할아버지께서도 이 영화를 보시면 많은걸 느끼셨을텐데 ㅜㅜ  
20180112,10,친정 식구들이랑 보기에 너무 좋을 영화인듯 !  
20180112,10,힐링 그 자체일듯한 영하네요^^..  
20180112,10,아버지들의 버킷리스트 ㅠㅠ 벌써 눈물나  
20180112,10,홀리듯이 메인 예고까지 보고 옴 ㅋㅋ 오랜만에 넘나 기대되는 영화인듯  
20180112,10,대박길만 걸어요 비밥바룰라!  
20180112,1,라스트베가스 베꼈네ㅋㅋ  
20180111,10,완전 꿀잼일듯 ㅠㅠ 빨리 보고싶댜..☆  
20180111,10,주연배우 4분이서 연기 경력이 200년 넘는다니 ㅋㅋ 퀄리티 쩔듯  
20180111,10,엄마가 어제 말씀하신 영화가 이거네 ㅋㅋ엄마가 기대하시면서 보고싶다고 하신 영화가 처음이라 더 기대됩니당  
20180111,10,1월 24일 개봉만해봐ㅜㅜ 보러갈거임  
20180111,10,시사회 이벤트까지 한다니 ㅠㅠ 시사회 보러 갈 사람 나야 나!  
20180111,10,라인업 믿고 보러 갑니당 ㅋㅋ  
20180111,10,대박날듯 ㅜㅠ 라인업도 좋고 스토리도 신박하고 좋은것 같네용!  
20180111,10,박인환님 나온 영화는 항상 재밌죠! 빨리 보고싶네용 ㅠ  
20180111,10,꿀잼 보장하는 배우님들만 모인듯 ㅠㅠ 개봉빨리해줘라.. 바로 보러가게ㅠㅠ  
20180111,10,시사회 응모 해야겠다 ㅠㅠ  
20180111,10,헐 ㅠㅠ 신구 배우님..♡ 빨리 보고싶습니다 ㅠㅠ  
20180111,10,와 진짜 이런 영화 찾고 있었는데 ㅠㅠ 곧 개봉이라니까 더 설렌다 ㅠㅠ  
20180111,10,기대되는 영화 비밥바룰라! 24일에 스케줄 다 빼놨다구용 ㅎ  
20180111,10,이렇게만 봐도 핵꿀잼이다 ㅠㅜㅜ  
20180111,10,너무 기대되는 영화 비밥바룰라~ 빨리 보고싶어라..♥  
20180110,2,버킷리스트랑 무엇이 다른가?  
20180110,10,진심 잘 될듯 bb 연기파 배우님들 총집합  
20180110,10,연기 경력 합쳐서 203년이라니 ㅋㅋ 진짜 기대된다 믿고 보는 배우들이네~  
20180110,10,영화 소개 프로그램에서 보고 너무 보고싶어졌음 ㅠㅠ 대박냄새 남~  
20180110,10,이렇게 기다려진 영화는 또 처음이네 ㄷㄷ 빨리 보고싶다 ㅋㅋ  
20180110,10,대박안날 수 없겠는데ㅋㅋ 벌써 평도 좋음  
20180110,10,딸램과 보기로 약속 한 영화~^^ 개봉만 기다리고 있습니당 ㅋㅋ  
20180110,10,진심 꿀잼일듯 ㅠㅜ 개봉하면 젤 먼저 볼 사람 나야 나~  
20180110,10,회사 사람들과 함께 보러 가기로 했던 영화 비밥바룰라! 개봉이 딱 2주 남았네요~ 빨리 보고싶어라ㅜㅜ  
20180110,10,ㅠㅠ 빨리 보고싶어 죽겠당..★ 개봉하면 젤 먼저 볼거라궁 ㅠㅠ  
20180110,10,헉 2주 남았다 비밥바룰라 ㅠㅠ 빨리 보고싶다 ㅠㅠ  
20180110,10,"신구 , 박인환, 임현식, 윤덕용 선생님들이라니..☆ 빨리 보고싶잖아 ㅠㅠ  "
20180110,10,배우님들 라인업 뭐긔? ㄷㄷ 진심 개 쩐다  
20180110,10,벌써 힐링되는 영화네요~  
20180110,10,저번 주말에 영화 소개하는 프로그램에 비밥바룰라 나왔어요! 완전 기대중 ㅜㅜ 배우님들 베테랑 연기가 벌써 기대됩니당!  
20180110,10,"친구 , 애인과 보면 더 없이 좋겠지만 가족이랑 보는거 완전 추천! 날은 춥지만 다들 비밥바룰라로 마음만은 따뜻한 나날 보내길 바랄게요~! 비밥바루라 대박나즈아!  "
20180110,10,남동생이랑 아빠랑 꼭 꼭 보러 갔으면 좋겠는 영화네용 ㅠㅠㅋㅋ 방금 가족톡에 비밥바룰라 링크 보냈슴다 ㅋㅋ 둘이서 보고 많은걸 느끼길!  
20180110,10,아부지랑 같이 보러 갈 예정 ~ ㅋㅋ  
20180110,10,진심 ㅋㅋ 울 할부지들 하고싶은거 다 해~ ㅋㅋ 영화 대박나자욧!  
20180110,10,꿀잼일듯 ㅜㅜ 역대급 힐링 영화 비밥바룰라 빨리 보고싶어용...☆  
20180110,10,대박적인 느낌 느낌! 천만영화 가즈아~~!!  
20180110,10,"스토리도 그렇고, 배우들도 그렇고 이 영화는 대박 날 수 밖에 없네  "
20180110,10,부모님이랑 꼭 보고싶은 영화입니다  
20180110,10,역대급 힐링 영화일듯한 느낌적인 느낌!  대박나자 비밥바룰라!  
20180110,10,너무 기대되는 영화 비밥바룰라^0^ 빨리 보고싶네용 ㅎ  
20180110,9,시어머님 모시고 함께 가서 볼렵니다~~ ^^  
20180109,10,주말에 TV에서 본 이후로 완전 꽂혔음 ㅠㅜㅜ 개봉하면 빨리 보고싶을정도로 ㅜㅜ 대박나길 !  
20180109,10,"완전 힐링 그 자체일듯 ㅠㅠ 빨리 보고싶댜,..☆  "
20180109,10,대박나자 비밥바룰라! 천만 가즈아!  
20180109,10,"빨리 보고싶은 영화 입니다 비밥바룰라 ㅠㅠ 벌써 힐링되는 기분임,,  "
20180109,10,이런 영화 기다리고 있었는데 ㅜㅜ 때마침 곧 개봉한다는 기쁜 소식을 접했네요! 1월 24일! 대한민국 최고의 감동을 전할 영화 비밥바룰라..♥ 대박나길 바랍니다!  
20180109,10,배우들의 배우! 이런게 바로 영화죠 ㅜㅜ 비밥바룰라 흥했으면 좋겠습니다!  
20180109,10,너무 기대되는 영화 중 하나 T^T  개봉하면 바로 보러 갈 사람 나야 나!  
20180109,10,남동생이랑 아버지랑 보고 오면 좋을것 같아서 추천하고 왔습니당! 이 영화를 계기로 두 사람이 조금 더 친해졌으면 하는 마음에.. ㅎㅎ  
20180109,10,가족들이랑 꼭 봐야 할 것 같습니다 ㅠㅠ 부모님과 함께하면 더 좋은 영화!  
20180109,10,진짜 재밌을듯 ㅠㅜ 빨리 보고싶다 ㅠㅠ  
20180108,10,"대한민국 모든 부모님들이 힘내셨으면 좋겠습니다 ㅠㅠ 추운 겨울에 , 마음 따뜻하게 해줄 영화!  "
20180108,10,엄마 아빠랑 보면 더 좋을듯 하네요 부모자식간의 서로 말 못할 속사정을 잘 풀어줄듯한 영화 입니다~  
20180108,10,"신구 , 박인환, 윤덕용, 임현식 선생님들의 작품이라니 ㅠㅠ 빨리 보고싶어집니다..  "
20180108,10,라인업 진심 실화야? ㅋㅋ 미친 어떡해 ㅠㅠ 빨리 보고싶어 ㅠㅠ 대박 힐링영화 각임 ;  
20180108,10,영화 소갯하는 프로그램에서 극찬을 하더라구요 ㅠㅠ 꼭 봐야할것같은 느낌적인 느낌  
20180108,10,"벌써 가슴따뜻해지는 영화네요^^,, 분명 대박날듯 ~  "
20180108,10,가족들이랑 같이 보기에 넘나 좋을 영화 ㅠ  
20180108,10,대한민국 대표 배우님들만 나오네요 ㅠㅠ 꼭 보겠습니다!  
20180108,10,주말에 영화 소개하는 프로그램에서 보고 완전 기대만땅 ㅠㅠ 개봉하면 완전 대박날듯?  
20180108,10,1월 24일 빨리 왔으면 좋겠다ㅠㅠ 비밥바룰라 대박!  
20180108,10,가족들 모시고 보고 싶은 영화 입니다~ 대박나길 ㅎ  
20180108,10,말만 들어도 힐링인 배우님들을 한 작품에서 만날 수 있다니! 최고 아닌가요?  
20180108,10,이 영화로 인해 많은 사람들이 행복해졌으면 좋겠습니다!  
20180108,10,벌써 꿀잼인데? ㅠㅠ 개봉하면 진짜 바로 본다 ;;  
20180107,5,다좋은데예고편에 유명하신분들 위주의 컷이 불편하네요나머지한분은 계속 컷에 빠져있고 너무해요;;;  
20180107,9,재밌을것같아요. 감동적이고.. 이런영화는 꼭봐야죵 기대됩니다 ㅋㅋ  
20180106,9,"노인들의 납치 소동극, 재밌겠다.  "
20180106,10,광고를 봐는데 재미있을것 같아요.  
20180106,1,정뫌기돼됌 잼께보겟숨  
20180105,10,미리 말 하는데 비밥바룰라는 올 해 최고의 영화 할듯 스토리도 대박인데 우선 캐스팅이 ㄷㄷ 함  
20180105,10,가슴 깊숙한 곳이 따뜻해지는 영화네요~^^ 개봉하면 꼭 보고 오겠습니다 ㅎ  
20180105,10,예고편 안 본 사람들 제발 없게 해주세요 ㅠㅠ  
20180105,10,겨울에 가족들이랑 함께 하기에 너무 좋을듯~ 날은 춥지만 마음은 따뜻하게 보낼 수 있겠네용 ㅎ  
20180105,10,대박 느낌 난다 bb 빨리 보고싶은 영화 비밥바룰라!  
20180105,10,우리 배우님들 하고싶은거 다 해~ ㅠㅠ 천만 영화 가즈아!  
20180105,10,메인 예고 영상 보고 광대가 내려올 생각을 안하네요~ 이런 힐링 영화 찾고 있었는데 딱 만난 느낌?!  
20180105,10,믿고 보는 대한민국 최고 배우님들의 영화라니 ㅜㅜ 대박 날 일만 남았네요!  
20180105,10,진심 기대된댜 ㅠㅠ 개봉 빨리 해줘라ㅜㅜ  
20180105,10,내기준 올해의 최고의 영화될듯 ㅠㅠ  
20180105,10,대박 느깜이 물씬 ㅜㅜ! 친구들에게 같이 보자고 해놨습니당!  
20180105,10,모르면 외우자 1월 24일 비밥바룰라 개봉!!  
20180105,10,제일 기대되는 영화입니당 ㅎㅎ 개봉하면 천만 영화될듯 ㅠㅜㅠ  
20180105,10,방금 예고편 보고 왔습니다~ ㅎㅎ 배우님들 역시 명품 연기 선보이시네요^0^ 꿀잼일듯  
20180105,10,비밥바룰라 진짜 대박나길 바랄게요! ㅜㅜ 예고편만 봤는데도 완적 핵 꿀잼 예상!  
20180104,10,대한민국 모든 부모님들을 응원합니다~ 비밥바룰라~♥  
20180104,10,부모님이랑 보면 더욱 더 좋은 영화 비밥바룰라!  
20180104,10,라인업 진심 감동 실화냐고 ㅜㅜ  
20180104,10,진심 기대되는 영화 비밥바룰라 ㅜㅜ 개봉하면 젤 먼저 뛰어가서 볼거라궁..  
20180104,10,예고편 진짜 핵 꿀잼 ㅜㅜ 말 다 했다 진심 ㄷㄷ 대박나는 일만 남은듯 ~? ㅎ  
20180104,10,괜히 울컥했어요 ㅜㅜ 예고편 보고.. 부모님 모시고 가서 꼭 보겠습니다! 대박 나길~  
20180104,10,예고편 빠지듯이 봤다 ㅜ 힐링 영화일듯 하네요~  
20180104,10,진짜 꿀잼 보장일듯 ㅠ 라인업 진짜 미쳤다 ㄷㄷ 예고편에서 느낌이 팍 와요! 비밥바룰라 대박이라궁!  
20180104,10,와 씌 ㅋㅋ 예고편 홀리듯 무한 재생해서 봄 ㅋㅋ 1월 24일 개봉? 오케이 오케이 ㅋㅋ 접수했음 ㅜㅜㅋㅋ  
20180104,10,엄마한테 예고 영상 보내드렸어용 ㅜㅜㅋㅋ 꼭 엄마랑 보고싶은 영화입니다! 비밥바룰라 빨리 보고싶어요  
20180104,10,예고편 보고 느낌이 왔어용~ 이건 부모님이랑 봐야한다 ! 이 느낌이요 ㅎ  
20180104,10,느낌이 온다 느낌이 와 비밥바룰라 천만 영화되는 느낌이 와T^T  
20180104,10,예고편 뭔데 계속 돌려보고 있냐 ㅠㅜ 대박날것같다긔..  
20180104,10,비밥바룰라 대박날것 같음 ㅠbb 예고편만 봤는데도 느낌이 넘 따수워ㅜㅜ  
20180104,10,라인업만 봐도 얼마나 멋진 영화가 완성 됐는지 느낌이 팍! 오네요! 비밥바룰라 대박 100% 입니다!  
20180104,10,예고편 보는데 마음 따뜻하면서도 괜히 울컥 하더라구요 ㅠㅠ 부모님 모시고 꼭 보겠습니다! 대박나자 비밥바룰라  
20180103,10,부모님 모시고 꼭 보러갈 예정입니다~~~  
20180103,10,동생이랑 예고편 보다가 웃었네요!! 동생이랑 꼭 보러 가겠습니당  
20180103,10,예고편이 너무 재밌어요ㅋㅋㅋ  
20180103,10,엄청 기다리고 있는 영화에요ㅜㅜㅜ얼른 24일 왔으면 좋겠어요~~!  
20180103,10,진짜 너무 기다려진다구요 얼른보고싶습니다!!  
20180103,10,선생님들이 어떤 케미를 보여줄지 기대만땅입니다!!!!  
20180103,10,기대됩니다  얼른 개봉했으면 좋겠습니다  
20180103,10,꼭봐야하는  인생영화 나왔다!!!  
20180103,10,24일이 왔으면 좋겠네요!!어떤 케미들이 기다릴지 궁금해용~  
20180103,10,꼭보겠습니다!!!   선생님  
20180103,10,예고편부터 꿀잼각 ㅋㅋㅋ신구할배 귀여웡  
20180103,10,진짜  대박인 인생영화 될듯 ㅜㅜㅜ  
20180103,10,예고편부터 꾸르잼임!!!  
20180103,10,개봉하면 엄마랑 보러가야지 ㅋㅋㅋ엄마 백퍼 울듯 ㅋㅋㅋㅋ  
20180103,1,진짜 틀딱극혐이다 알바할때 틀딱이 제일 문제다  
20180101,10,어르신들의 영화 너무 기대되요~ 얼른 보고싶네요  
20171231,10,아주 기대되는 영화입니다  
20171231,10,너무너무 재미있을거 같아요 얼른 보고싶습니다!  
20171229,10,와 대박 주연배우 연기경력 203년 실화? ㅋㅋ 내공 쩔겠네 ㄷㄷ  
20171229,10,비밥바룰라 요즘 커뮤에서 완전 핫하지 ㄷㄷ 다들 빨리 보고싶다고 난리임 ㅜㅜ 꿀잼예약이다ㅜㅜ  
20171229,10,"부모님이랑 보러가면 너무 좋을것 같아요, 세대간의 이해를 돕는 영화일듯 하네용 ㅎ  "
20171229,10,미쳤다 레알 ㅜㅜ 라인업 도랏멘 ㅜㅜ 개봉하면 빨리 보고싶다  
20171229,10,진짜 대한민국 최고의 영화가 될 느낌이다  
20171229,10,완전 꿀잼일듯 ㅜㅜ 빨리 보고싶댜  
20171229,10,얼른 개봉 날짜 공개 됐으면 좋겠어요ㅜㅜㅜㅜ  
20171229,10,분위기도 대박~ 라인업도 대박적이네요! 기대가 큽니다 bb  
20171229,10,포토 보고왔는데 너무 기대되요! 개봉일 기다리고 있을께요  
20171228,10,아니 대한민국 최고의 배우님들로 꾸려나가는 영환데 당연히 대박 아니냐고 ㅜㅜ  
20171228,10,어떻게 보면 무겁고 어려울 수 있는 소재를 잘 풀어낸듯! 개봉하면 바로 보러 가야겠당  
20171228,10,어제 밥먹으면서 일부러 이 영화 얘기 꺼냈어요.. ㅎㅎ 아빠랑 동생 같이 보러 가라고 ㅜㅜㅋㅋ 반응도 넘 괜찮았습니당 ㅋㅋ 비밥바룰라 화이팅!  
20171228,10,핵꿀잼 인정하는 각 ㅋㅋ 라인업만 봐도 알 수 있음  
20171228,10,남편이랑 보기로 했습니다~ 완전 힐링될것 같아요  
20171228,10,대박적인 라인업이다 진심  
20171228,10,비밥바룰라 완전 소문났음 ㅋㅋ 라인업이랑 스토리 대박이라고 b  
20171228,10,헐 완전 기대된다 ㅋㅋ 가족들이랑 볼래요ㅠㅠ  
20171228,10,부모랑 자식간의 이해가 생길 영화 같음 ㅠㅠ 빨리 보고싶어요  
20171228,10,친구들이랑 보기에도 딱 좋을것 같아요!  
20171228,10,라인업 진짜 대박적임 ㄷㄷ  
20171228,10,헐 ㅠㅜㅠ 진짜 재밌겠다 빨리 보고싶어 ㅠㅠ  
20171228,10,기다리고 있습니다 ㅜㅜ 빨리 보고싶어요ㅠㅠ  
20171228,10,헐 ㅋㅋ 기사로 봤는데 라인업 대박이다 ㅜㅜ 빨리 보고싶다  
20171228,10,대한민국 최고의 영화가 되길 바랄게요!  
20171228,10,아버지의 버킷리스트라니 ㅜㅜ 꼭 봐야할 영화인듯  
20171228,10,이런 조합은 진짜 비밥바룰라에서만 볼 수 있는 케미일듯 ㄷㄷ  
20171228,10,꿀잼 보장하는 대한민국 최고 배우들만 출연하시네요!  
20171228,10,헐 개 쩔었다 라인업 ㅋㅋ 제대로 만들었는데 완전?  
20171228,10,비밥바룰라 ! 진짜 기대되는 영화임 ㅠㅠ 벌써 내 인생영화야 ㅠㅠ  
20171228,10,정말 빨리 보고싶은 영화 비밥바룰라! 대박나길 바라겠습니다!  
20171228,10,헐 대박 ㅋㅋ 빨리 보고싶어요 영화 ㅠㅠ  
20171227,10,ㅜㅜ 진짜 기대되는 영화다 ㅜㅜ 빨리 보고싶어요 ㅜ  
20171227,10,와 진짜 대박이다 ㅋㅋ 인정?어~ 인정 개봉하면 두번 볼거야 세번 볼거야ㅠㅠ  
20171227,10,"와 ㅋㅋ 배우들 라인업 지린다,,b  "
20171227,10,여기 저기에 홍보하고 있어요ㅜㅜ 1월에 대박 영화 개봉한다고 ㅜㅜㅋㅋ 빨리 보고싶어용  
20171227,10,와 진짜 ㅋㅋㅋ 가족들이랑 보면 완전 좋을 영화인듯  
20171227,10,진심 말 그대로 어벤져스급인듯 꿀잼 보장  
20171227,10,헐 대박 ㅋㅋㅋㅋ 말 그대로 어벤저스 급이네 ;; 시나리오도 배우 라인업도 ㅋㅋ  
20171227,10,내 기준 진짜 역대급인듯 ㅋㅋ 빨리 보고싶은 영화중 하나임  
20171227,10,이런게 영화지 ㅜㅜ 휴지 준비해가야겠다 ㅜㅜ 눈물 한바가지 쏟을듯  
20171227,10,믿고 보는 배우님들의 총집합 ㅜㅜ 대박나자!!!  
20171227,10,헐~ 진짜 꿀잼일듯 ㅜㅜ 빨리 보고싶은 영화다 ㄷㄷ  
20171227,10,아 다들 말 하는 영화가 이거구나 ㅋㅋㅋ 개봉 노리는 사람들 많던데 ㅎㅎ 대박날듯  
20171227,10,어떡해~너무 기대된다 ㅠㅠ 짱 재밌을거 같잖아 ㅠㅠ  
20171227,10,아버지께서 먼저 영화 보자고 말씀 하신건 어릴 때 이후로 없었는데 기사를 보신건지 영화 보러 가자고 말씀 하셨어요~ㅋㅋ 뭔 영환가 했더니 링크 딱 보내주시네여 ㅎㅎ 아버지랑 잘 보고 오겠습니당 ㅎ  
20171227,10,비밥바룰라 개봉하면 젤 먼저 보러 갈 사람 나야 나~  
20171227,10,빨리 보고싶은 영화 비밥바룰라 ㅜㅜ 스토리도 진짜 좋은듯 합니다 bb  
20171227,10,헐~ 이런 영화가 나오다니 ㅜㅜ 더 많은 사람들이 알았으면 좋겠습니당~ ㅎㅎ 비밥바룰라 대박나자!  
20171227,10,아버지들의 버킷리스트< 라는 말을 들으니까 문득 저희 아버지의 버킷리스트가 궁금해지네요..  
20171227,10,최고의 힐링 영화일듯 ㅠㅠ 벌서 마음이 녹아용 ..♡  
20171227,10,진짜 대한민국 최고의 아버지 배우들의 집합이라니.. 진짜 너무 기대된다 ㅠㅠ  
20171227,10,핵꿀잼 인증이다 ㅜㅜ 라인업이 다 말 해주는듯  
20171227,10,소리 질러! 비밥바룰라 곧 개봉한다 ㅜㅜ 빨리 보고싶당 ㅠㅠ  
20171227,10,핵꿀잼일듯 ㅜㅜㅜ 빨리 보고싶어요!  
20171226,10,곧 개봉하겠네요~ 이런 영화 더 많이 생겼으면 좋겠습니다 ㅎㅎ  
20171226,10,기대되는 영화 ㅜㅜ 개봉하면 바로 보러 갈거얌  
20171226,10,보기만 해도 힐링되는 영화일듯  
20171226,10,빨리 보고싶은 영화 비밥바룰라! 대박나길 바랍니다  
20171226,10,진심 미쳤다 라인업 ㅋㅋ 역대급 아님?  
20171226,10,"친구 , 애인, 가족이랑 보기에 딱 좋은 영화  "
20171226,10,개봉하면 아버지랑 보려고 기다리고 있어요 ㅜㅜ 빨리 보고싶습니다  
20171226,10,완전 기대된다 ㅜㅜ 넘나 재밌을듯  
20171226,10,곧 비밥바룰라 개봉한다 ㅜㅜ 떨려 ㅠㅠ  
20171226,10,헐 ㅜㅜ 벌써 힐링되는 영화다  
20171226,10,시나리오도 대박이네요 ㅜㅜ 빨리 보고싶어요  
20171226,10,대한민국 최고 배우님들만 나오시네요 ㅠㅠ  
20171226,10,비밥바룰라 벌써 꿀잼이야 ㅜㅜ 처음에 우연히 기사로 접했는데 벌써 기대됩니다!  
20171226,10,회사 팀원들이랑 보러 가기로 했어요 ^^*  
20171226,10,빨리 보고싶은 영화 ㅠㅠ 젤 먼저 볼 사람 나야 나~  
20171226,10,최고의 배우들의 최고의 영화! 스토리도 대박입니다 ㄷㄷ  
20171226,10,남자친구랑 보러 가기로 했던 영화~~ ㅎㅎ 개봉하면 빨리 갈래요 >.<  
20171226,10,빨리 보고싶은 영화입니다 ㅜㅜ  
20171226,10,꿀잼 보장 ㅜㅜ 저 배우님들 라인업으로 재미 없을 수가 없다  
20171226,10,빨리 보고싶어라 ㅠㅠㅠ 개봉만해봐 아주 ㅜㅜ 달려간다  
20171226,10,내년 제일 기대되는 영화 입니다 ㅎ  
20171226,10,내년에는 산뜻하게 비밥바룰라로 시작해야겠다~~  
20171226,10,"신구 , 박인환, 윤덕용, 임현식 선생님들 총 출동이라니 ㅠㅠ 꿀잼보장 천만 보장!  "
20171226,10,벌써 힐링되는데요~~ ㅎ 대한민국 최고의 영화가 되길  
20171226,10,곧 개봉 하겠네요..^^ 너무 기대가 됩니다 ㅎ  
20171222,10,ㅜㅜ 벌써 먹먹해요 ㅜㅠㅜ 휴지 준비해야할듯  
20171222,10,주연 배우님들 연기 경력이 203년이면 ㅋㅋ 말 다 한거 아닌가  
20171222,10,천만영화 가자 비밥바룰라  
20171222,10,배우님들 라인업 대박적  
20171222,10,와 대박 ㅜㅜ 벌써 힐링되는 영화인듯  
20171222,10,완전 기대중 ㅋㅋ 할배들 꿀케미 기대된다 ㅋㅋ  
20171222,10,친구들한테도 매번 보러가자고 말 하고 있어요 ㅜㅜ 빨리 개봉했으면 좋겠다ㅠㅠ  
20171222,10,기사 보고 검색해봤는데 빨리 보고싶당 ㅠㅠ  
20171222,10,대박나자 비밥바룰라 ㅠㅠ  
20171222,10,대박 ㄷㄷ 재미 없을 수가 없잖아 ㅠ.ㅠ  
20171222,10,1월 추운 겨울에 비밥바룰라 보고 마음 힐링하면 딱일듯  
20171222,10,누가 이런 영화를 생각했을까 진짜 최고인듯  
20171222,10,우리 할머니 최애 배우님들 집합이네 ㅋㅋ 할머니랑 보러가야겠다  
20171222,10,기대되는 영화 중 하나인듯!  
20171222,10,라인업 대박 소름~~ 빨리 보고싶은 영화입니다 bb  
20171221,10,부모님이랑 보면 더 좋을것 같습니다  
20171221,10,개봉 전부터 이렇게 설렌 영화 없었는데 비밥바룰라는 너무 기대가 됩니다  
20171221,10,감동 만땅 ㅜㅜ 아버지 생각난다  
20171221,10,꿀잼예약이시다 ㄷㄷ 빨리 보고싶다  
20171221,10,벌써 훈훈한 영화네요~ 휴지 챙겨 가야겠다^^  
20171221,10,다들 비밥바룰라 하세용  
20171221,10,진심 기대된다 개봉하면 바로 봐야겠음  
20171221,10,이성재 감독 안목 진짜 대박이네 ㄷㄷ  
20171221,10,꿀잼 예약! 가족들이랑 빨리 봐야겠어요 ㅎㅎ  
20171221,10,와 ㅋㅋ 라인업 역대로 미쳤다  
20171221,10,재미는 벌써 보장된듯 ㅋㅋ  
20171221,10,기사 봤습니다 재미있을것같군요  
20171221,10,아버지의 버킷리스트라.. 한 동안 멍해졌습니다 우리 아버지의 꿈은 뭐였을지 갑자기 궁금해졌네요  
20171221,10,와 라인업 장난 없고요? 벌써 천만 영화고요?  
20171221,10,완전 꿀잼 예상된다 bb 빨리 보고싶으다  
20171221,10,이런게 진정한 영화지~ 빨리 보고싶네용 ㅎ  
20171220,10,기사에서 뜬거 보고 왔습니다! 기대되는 영화입니다.. 비밥바룰라 화이팅!  
20171220,10,내년에 개봉하면 젤 먼저 볼거여 T^T  
20171220,10,와 ㄷㄷ 라인업 실화냐?  
20171220,10,벌써 재밌다 ㅜㅜ 빨리 보고싶어요  
20171220,10,와 진심 꿀잼 보장이다 ㅠㅠ  
20171220,10,와 대박 내가 살다 살다 이런 라인업을 본다 ㅠㅠ 대박 납시다!  
20171220,10,주연 배우님들 경력만 203년 실화냐 ㅠㅠ 걍 대박이다  
20171220,10,기사 보고 달려왔습니다 ㅠㅠ 이런 영화 많이 홍보해주세요 ㅠㅠ  
20171220,10,배우님들 실화냐 ㅠㅠ 진짜 너무 좋다 ㅠㅠ  
20171220,10,너무 기대되는 영화 중 하나입니다 ㅠㅠ 빨리 보고싶어욧!  
20171220,10,제대로 힐링될듯 ㅠ 빨리 보고싶댱  
20171220,10,벌써 마음 한 켠이 따스해지는 영화네요~^^  
20171220,10,이런 내용 짱 좋음 ~흥해라 흥!  
20171220,10,대놓고 천만영화네 이건 ;;  
20171220,10,울 할배들 하고싶은거 다 해~ ㅎㅎ  
20171219,10,라인업 실화냐 ㅠㅠ 진짜 어벤저스 배우님들 bb  
20171219,10,내년 상반기에 비밥바룰라로 행복하게 보내야겠당 ㅎㅎ  
20171219,10,천만 영화 가자! 비밥바룰라  
20171219,10,가족을 소재로 둔 영화 정말 좋은것 같아요~ 빨리 보고싶습니당  
20171219,10,마음 따뜻해지는 영화 비밥바룰라 빨리 보고싶습니다  
20171219,10,이런 영화가 더 많이 만들어졌으면 좋겠습니다~ 벌써 부모님이 너무 보고싶네요  
20171219,10,우와~~~^^ 너무 재밌을것같다~^0^  
20171219,10,최소 3번은 볼 듯한 영화  
20171219,10,빨리 개봉일이 왔으면 좋겠습니당ㅎㅎ  
20171219,10,가족들이 보기에도 안성맞춤~^0^  
20171219,10,이런 따뜻한 영화 좋으다~!  
20171218,10,최고의 영화가 될것이라 믿습니다  
20171218,10,벌써 꿀잼인 영화 비밥바룰라  
20171218,10,설렌다.. 빨리 보고싶다..  
20171218,10,와 스토리 진짜 대박이네요!  
20171218,10,미쳤다 라인업 ㄷㄷ 빨리 보고싶다  
20171218,10,믿고보는 배우님들만 나오네요~^^*  
20171218,10,빨리 보고싶은 영화입니다  
20171218,10,완전 기대되는 영화~^^  
20171218,10,비밥바룰라 화이팅~ 빨리 보고싶다!  
20171218,10,신년에 비밥바룰라로 힐링하면서 시작해야지~  
20171218,10,엄마랑 같이 보기로 약속 해놨어요~ 빨리 보고싶어요  
20171218,10,이런 영화가 많이 나왔으면 좋겠습니다.. 한국 영화 요즘 다 거기서 거기 비슷한 얘기의 영화밖에 없어요 ㅜㅜ 비밥바룰라 화이팅!  
20171218,10,휴지 필수품이겠네요~ 벌써 눈물 나올라 그래~ㅠㅠ  
20171218,10,"이상하게 부모님 얘기를 다룬 영화는 괜히 먹먹하더라구요... 그래서 피했었는데,비밥바룰라는 그런 소재를 너무 무겁지 않게 풀어갈 것 같아서 기대가 됩니다  "
20171218,10,품격있는 코미디일듯 ㅎㅎ  
20171218,10,비밥바룰라 벌써 꿀잼이네용~ㅎㅅㅎ  
20171218,10,스토리부터 라인업까지 부족할게 하나 없네요~ 이성재 감독님 안목 역시 굿~  
20171218,10,설렘 가득^^* 빨리 보고싶은 영화 중 하나 입니다!  
20171218,10,최고의 배우님들만 나오네요 역시 굿!  
20171218,10,기대되는데는 다 이유가 있죠~~^^ 빨리 보고싶습니다!  
20171217,10,초대박 감동영화!!!  
20171215,10,어떡해~~~ 이런 영화 좋아요 너무 좋아요!  
20171215,10,라인업 진짜 화려하다 ㄷㄷ  
20171215,10,미쳤다 진짜 라인업 너무 환상적이야 ㅠㅠ  
20171215,10,1월 개봉이라니 ㅠㅠ 한달 정도 남았네~ 빨리 보고싶은 영화입니다!  
20171215,10,힐링될것같은 영화네요!  
20171215,10,빨리 보고싶은 영화~ 벌써 힐링된당 ㅎ  
20171215,10,기대되는 라인업입니다~ b  
20171215,10,완전 기대된다 ㅜㅠㅜ 비밥바룰라 빨리 보고싶어ㅠㅜㅜㅜ  
20171215,10,꿀잼 보장하는 영화네요! 라인업도 스토리도 탄탄 그 자체!  
20171215,10,빨리 보고싶은 영화중 하나네요 ㅜㅜ 너무 기대된다 ㅎ  
20171215,10,좋아하는 배우님들이 다 모였네요~^^ 내년 상반기에 가족들과 함께 보면 좋을것 같아요 ㅎ  
20171215,10,최고의 라인업 = 최고의 영화  
20171215,10,우와~~^^ 빨리 보고싶어요! 너무 기대된댜 ㅎㅎ  
20171215,10,부모님이랑 보면 폭풍 감동 할것 같네요  
20171214,10,제일 좋아하는 배우님들이 다 나오시네요~ 꿀잼 예상 완전 기대중  
20171214,10,너무 기대됩니다! 벌써 감동이 몰아쳐옵니다  
20171214,10,이성재 감독 작품 항상 기대됩니다  
20171214,10,이런 영화 아주 좋으다!  
20171214,10,빨리 보고싶어 ㅠㅠㅠ 개봉하면 누구보다 빨리 뛰어가서 볼거야ㅠㅠ  
20171214,10,"부모와 자녀가 보면 정말 좋겠네요, 서로 이해 못했던것도 이해하게 도와줄것같습니다.  "
20171214,10,이런 힐링 영화가 더욱 더 많이 나왔으면 좋겠습니다.  
20171214,10,"친구, 애인이랑 봐도 좋지만 저는 부모님이랑 보는게 가장 좋을것 같단 생각이 드네요..^^  "
20171214,10,대한민국 최고의 배우들 라인업인데~^^ 당연 봐야죵  
20171214,10,핵기대 ㅜㅜ 빨리 보고싶어요  
20171213,10,와 이게 그 영화구나 연기 경력만 203년이라는거 ㅋㅋ 핵기대  
20171213,10,최고의 배우들이 만들어내는 최고의 영화!  
20171213,10,간단한 스토리만 읽어봤을 뿐인데 넘 기대된다 ;;  
20171213,10,가족끼리 보기에도 너무 좋을듯 하네요^0^  
20171213,10,완전 훈훈한영화일듯!  
20171213,10,다들 비밥바룰라로 힐링하세요!  
20171213,10,"완전 기대된당 진짜 ㅋㅋ 박인환, 윤덕용, 신구, 임현식 배우님들 짱짱 팬입니다  "
20171213,10,빨리 보고싶어졌어욧 ㅜㅜ 대한민국 부모님들께서 보시면 더 좋을것 같습니다  
20171213,10,대한민국 최고의 배우님들 총 집합이네요  
20171213,10,벌써 꿀잼이네 ㅋㅋ 진심  
20171213,10,캐스팅 라인업 덜덜하네 ㄷㄷ  
20171213,10,임현식님~~~ 역시 임현식님작품은 다 대박이잖아요 ㅠㅠ  
20171213,10,와 ㅋㅋ 이런 영화 완전 좋다 좋아 ㅋㅋ 빨리 보고싶어짐  
20171213,10,너무 기대되는 영화 비밥바룰라! 라인업도 좋고~ 스토리도 기대됩니다 b  
20171213,10,이 배우 라인업 넘 좋다~  
20171213,10,신구 선생님 영화 기다리고 있어요^^*  
20171213,10,내년이 너무 기대된당! 비밥바룰라 개봉하면 볼 사람 나야 나  
20171213,10,꿀핵잼 완전 보장이다!  
20171213,10,내년 상반기에는 비밥바룰라!  
20171213,10,빨리 보고싶어지네요! 기대만땅입니당  
20171212,10,부모님과 보면 더 좋을것 같당 빨리 보고싶어요 ㅠㅠㅠ  
20171212,10,짱잼예약! 개봉하자마자 달려가서 볼거야ㅠㅠ  
20171212,10,대한민국 부모님이라면 공감 될 영화같네요!  
20171212,10,"포스터 잘 만들었네 ㅋㅋㅋ ""우리 할부지 하고싶은거 다해~"" 인정  ㅋㅋ 배우님들 하고싶은거 다 해주세용 ㅎㅎ 천만 가자!  "
20171212,10,"배우님들 연기 경력만 합쳐서 203년이라 하던데, 그래서 그런가? 더욱 더 기대된당 ㅋㅋㅋㅋ  "
20171212,10,내년 시작을 비밥바룰라로 산뜻하게 시작하는것도 좋을듯?  
20171212,10,살면서 남동생이 아빠께 먼저 영화보자라고 말 하는거 처음 봤어요 ㅋㅋ 그래서 찾아보니까 이렇게 좋은 내용의 영화네요! 동생과 아빠의 데이트라 낄수도 없공~ ㅎㅎ 저는 친구와 보기로 했습니당 ㅎㅎ  
20171212,10,"스토리도 스토리인데, 배우님들 봐라 ㅋㅋ 진짜 대박 날 수 밖에 없다 아니야?  "
20171212,10,"아직 개봉 전인데, 반응이 좋네요~ 기대됩니다  "
20171212,10,할머니께서 배우 윤덕용님을 참 좋아하셨는데.. 출연 배우님들 목록에 배우님 보고 할머니 생각이 나서 급히 연락 드렸습니다..^^ 가족끼리 보기에 너무 좋을것 같네요  
20171212,10,완전 꿀잼 예약아네요~~^^  
20171212,10,"포스터 보고 눈을 의심했습니다 저 라인업의 영화라니 ㅜㅜ 신구, 임현식, 박인환, 윤덕용 배우님들 대박이십니다~  "
20171212,10,완전 기대되는 영화 ㅠㅠ 라인업 대박이다 ㅜㅜ 대한민국 최고 배우님들 총출동이네요!  
20171212,10,미쳤다 ㄷㄷ 라인업보소 ㅠㅠㅠㅠ 빨리 보고싶어요!  
20171211,10,완전 꿀잼 예약! 너무 기대되는 영화입니다!  
20171211,10,빨리 보고싶어요 ㅠㅠ 비밥바룰라 화이팅!  
20171211,10,꿀잼보장!! 배우님들 기대합니다!  
20171211,10,진짜 기대된다 ㅠㅠㅠ 이런 영화 찾고 있었거든요 ㅠㅠㅠ  
20171211,10,빨리 보고싶어요 ㅜㅜ 핵꿀잼 예상!  
20171211,10,재미 없을 수가 없지 ㅜㅜ 이런 베테랑 배우님들 총 집합이라니요 ㅠㅠㅠㅠ 완전 기대 기대 핵기대중 입니다!!  
20171211,10,가족끼리 보기에 안성맞춤일것 같으다  
20171211,10,핵꿀잼 보장하는 영화인듯 ㅋㅋ  
20171208,10,사실 이런 영화가 넘 보고싶었거든요.. 가족들 이야기 그 중에서도 부모님을 주인공으로 한 영화 .. 딱 원하던 영화네요..ㅎㅎ 개봉하면 바로 보겠습니다  
20171208,10,너무 무겁지 않은 이야기를 다룬 영화! 벌써 마음이 따뜻해집니다~ 비밥바룰라 대박 나길 바라겠습니다  
20171208,10,이런 영화가 진정한 작품이지  
20171208,10,가족들과 보기에도 신선한 소재라 빨리 보고싶습니다!  
20171208,10,비밥바룰라!!! 대박나길 바랄게요~  
20171208,10,벌써 짱잼돋아 bb 친구들이랑도 보기에 좋을듯~^^  
20171208,10,힐링과 빅재미 보장!!  
20171207,10,내년 시작은 비밥바룰라로 산뜻하게~♡  
20171207,10,재미 보장한다 진심 ㅋㅋ 라인업보소 bb  
20171207,10,"핵꿀잼각이다 진짜 ㅋㅋ 이런게 영화고, 작품이지~  "
20171207,10,내년 1월 너무 기대되네요  
20171207,10,대한민국을 대표하는 아버지 배우님들 총집합! 비밥바룰라 대박나세요~~^^*  
20171207,10,역대급 라인업이다 진심 ㅜㅠㅜ  
20171207,10,"신구, 박인환, 윤덕용, 임현식 선생님들의 콜라보라니 ㅠㅠ 벌써 국민영화다 ;;  "
20171207,10,기대하는중! 빨리 보고싶어요~  
20171207,10,내년이 가장 기다려지는 이유 비밥바룰라!  
20171207,10,가족영화는 유독 더 끌리는거 같아요~ 신선한 감동을 줄것 같네요!  
20171207,10,저희 아버지께서 제일 좋아하시는 배우님이 박인환 배우님 입니다! 라인업 보고 괜히 반가워서~ 아버지께 먼저 영화 보자고 말 건네고 왔어요 ..ㅎㅎ 이런적은 처음인것 같네요! 여러 의미로 기대 됩니다  
20171207,10,꿀잼 예약! 재미 없을 수가 없다 진짜 레알루  
20171207,10,제일 기대되는 영화입니다! 개봉하면 딸 아들 데리고 가서 관람 하려고요~^^*  
20171207,10,라인업만 봐도 너무 설레는 영화네요♡  
20171207,10,부모님관련 영화는 괜히 먹먹하더라고요~ ㅠㅠ 벌써 마음 한 곳이 뭉클하네요! 개봉하면 부모님과 꼭 보겠습니다!  
20171207,10,빨리 보고싶다 ㅜㅜ 믿고 보는 배우님들 총집합!  
20171207,10,벌써 훈훈한 노래! 가슴 따뜻해지는 노래입니다~~^^*  
20171207,10,다들 비밥바룰라 하세요 ♡ 힐링합시다!  
20171207,10,너무 기대되는 영화중 하나~^^  
20171206,10,친구랑 보러 가기로 했음~~! 빨리 보고싶당 ㅜㅜ 시사회도 갈래 !!!  
20171206,10,말 그대로 어벤저스급 배우님들의 총 집합!  
20171206,10,요즘 제일 기대되는 영화~! 1월 개봉하면 빨리 봐야겠어요~ 대한민국 대표영화 되길^^!  
20171206,10,대한민국 모든 부모님들을 응원합니다! 비밥바룰라 대박나자!  
20171206,10,스토리도 탄탄하고 기대되는 영화네요~^^*  
20171206,10,믿고보는 배우님들  총집합! 설레요 ㅜㅜ 가슴따뜻한 영화 감사합니다~^^  
20171206,10,빨리 보고싶어 ㅜㅜㅜㅜ 벌써 흥행 예감!  
20171206,10,이런 영화가 많이 생겼으면 좋겠습니다~  
20171206,10,1월이 너무 기대되네요~~ 빨리 보고싶어요 ㅠㅠ  
20171206,10,완전 핵기대중! 빨리 보고싶어요!  
20171206,10,"가족, 친구 , 연인과 보기에 너무 좋을것 같네요~ 이런 영화 너무 좋아요!  "
20171206,10,꿀잼 예약! 내년 상반기는 비밥바룰라 하세요 ♥  
20171206,10,대한민국 아버지들의 꿈을 그린 영화라니 ㅠㅠ 벌써 먹먹해요~ 대박나길~~!  
20171206,10,벌써 천만영화다 ㅜㅜ 비밥바룰라 흥해라!  
20171206,10,라인업만봐도 힐링된다 ㅜㅜ 빨리 보고싶어요~  
20171205,10,진정한 베테랑 배우들이 꾸려나가는 영화! 이게 진정한 작품이라고 생각합니다! '비밥바룰라' 대박나십시오  
20171205,10,100% 아니 1000% 흥행예상 합니다!!  
20171205,10,스토리도 배우 라인업도 극 호!!  
20171205,10,이름만 불러도 눈물 날 것 같은 아버지를 다룬 소재라니 ㅠㅠ 벌써 눈물 한바가지 쏟을듯  
20171205,10,'버킷리스트'라는 말에서 누가 머리를 친 것 처럼 멍했네요 ㅜㅜ 우리 부모님도 나처럼 꿈이 있었을텐데 하고 생각이 많아졌어요! 부모님이랑 꼭 같이 보고싶은 영화입니다!  
20171205,10,아빠가 ㅋㅋ 어제 말씀하신 영화가 이건가보당 ㅋㅋㅋ 기사에서 봤다고 ㅋㅋ 엄마랑 보러 가신다고 한거 같은뎅~ 대한민국 아버지라면 모두 공감하실것같은 소재네요!  
20171205,10,너무 기대된다 ㅠㅠ 벌써 힐링된다구ㅠㅠㅠ 나 무조건 보러 갈거야!  
20171205,10,이렇게 현실성있고 공감되는 영화 많이 나왔으면 좋겠다  
20171205,10,라인업 실화냐고 ㅋㅋㅋ 대박이다 이렇게 기대되는 영화는 또 첨인듯?  
20171205,10,아버지들의 버킷리스트라니.. 벌써 가슴이 찡하고 마음이 따뜻하네요~ 아버지랑 같이 봐야겠습니다  
20171205,10,개봉하면 엄마랑 보러 가자고 약속 했어요~^^ 가족끼리 보기에 넘나 좋을듯한 영화! 벌써 따뜻하고 힐링되네요!  
20171205,10,여태껏 본 영화 라인업중 가장 최고같음  
20171205,10,믿고 보는 박인환 선생님 아닙니까?  멋진 연기 너무 기대됩니다!  
20171205,10,짱 기대된다! 라인업부터 스토리까지 완전 기대됩니다!  
20171205,10,벌써 기대중 ㅠㅠ 빨리 보고싶어요!  
20171205,10,--ㅡ--틀--ㅡ--  
20171204,10,빨리 보고싶다!!! 줄거리만 봤는데 취향저격이야!  
20171204,10,1월개봉이라니~^^ 명절 전에 가족들이랑 볼 영화로 좋겠네요..ㅎ  
20171204,10,빨리 개봉했으면 좋겠습니당 ♥ 임현식 배우님 짱!!  
20171204,10,이렇게 실력파 배우님들만 나오는 영화 넘 좋구요~?  
20171204,10,벌써 반응이 핫하네요^^* 이유가 있는거겠죠? 빨리 보고싶습니당~  
20171204,10,믿고보는 신구 선생님! 진짜 기대중입니당 bb  
20171204,10,내년 상반기를 비밥바룰라로 시작해야지~~♡  
20171204,10,배우님들 라인업 실화? 이건 재미 없을 수가 없다  
20171204,10,꿀잼예약! 마음 따뜻해질거 같은 영화네용!  
20171204,10,남친이 말 한 영화가 이거였구낭~ ㅋㅋㅋ 바로 볼거야!  
20171204,10,빨리 보고싶당 ㅜ 가족이랑 보기에 좋을것 같습니당!  
20171204,10,배우님들 라인업 실화냐 ㅠㅠ? 진짜 믿고본다 ㅜㅜ  
20171204,10,완전 기대중 ㅠㅠ 가족끼리 보기에도 넘나 좋을듯 bb  
20171204,10,완전 꿀잼일듯 ! 장담하는데 20OOO 최고의 힐링 영화일듯  
20171204,10,최고의 라인업 아닌가요? 빨리 보고싶어요 ㅠㅠ  
20171122,10,국민 아버님들 총 출동이네요~~기대충만 입니다~  
20170420,1,별로 ㅠㅠ 재미가 그닥~  
20170109,10,믿고 보는 원로배우 군단!! 백프로 흥행예상  
20161102,10,빨리 개봉 했음 좋겠네요^^  
20161031,10,영양군에서 촬영했는데 완전기대됩니당~~~!!  
20161004,10,연기 잘하는 배우들 너무 많다~~~빨리 개봉 해주세요~  
20160911,10,          완전   기대됨!  빨리 개봉했음 좋겠음  
20160530,10,완전 기대된다!!!!  
