0,1,2
20170822,10,이종석은 선하게생겨서… 악역연기도 장난아니네요 ㄷㅏ시봤습니다  
20170822,10,스토리 좋고.. 과한액션 없이 너무 멋졌습니다~ 특히  
20170822,10,생각나게하는 파격적인 범죄물이네요.. 잔인하긴한데 미남배우들이 나와서 좋았음 흐흐  
20170822,9,분위기나 연출된거보면 압도당하는 느낌이다ㅋㅋ 이번에도 잘봤다  
20170822,10,배우들이 일낸거같아여… 아직도 심장이 두근두근ㅋㅋ  
20170822,10,스토리연출이랑 배우들의 시너지가 효과 작살ㅋ 말이필요없음  
20170822,10,영화 배우 모두 멋있는 느와르를 봐서 좋았어요  
20170822,6,"여성에 대한 폭력성, 관객수 유지차원 이종석, 배우재능낭비 장동건, 땡깡 부리다 객사하는 김명민과 박희순, 비중없는 조연, 굳이 왜 북한을 엮지, 한국 보다 능력 없는 미국, 서울 북한 홍콩의 너무 제한적인 로컬, 한국 영화의 한계. 시사회 본 후 씀  "
20170822,10,생각보다 잔인한 장면 별로 안나옴. 정말 재미집니다. 역시 박훈정이네요. 배 위에서 박희순을 잊을수 없습니다. ㅠㅠ  
20170822,5,내용은 재미있지만 잔인한 장면이 너무 많아서 보기 좀 그렇네요.. 잔인한거 싫어하시는분들은 추천드리지 않습니다~ 특히 임산부는 절대로 안 보시는게...  
20170822,8,"오늘 선개봉보고 왔네요~스토리도 탄탄하고, 주연조연 배우들연기도 감칠맛나고..이 종석연기변신도 신선했네요..  "
20170822,10,"재미짐. A열에서 목아픈거잊고 몰입함. 고급진 장동건연기.  잘생긴장동건. 수트빨장동건. 넓은 어깨 장동건. 손가락이쁜 장동건. 후ㅋㅋ 김명민, 이종석 연기 짱. 그리고 말해뭐해 박휘순 배위의 눈빛.. ㅠㅠ.. 하아ㅠㅠ...  "
20170822,1,너무 잔인하고 대사에 쓸데없이 욕설이 지나침. 스토리는 단순하고 딱히 재미도 감동도 볼만한 액션도 없고 그냥 명배우들 모아다가 맛없는 비빔밥 만듦.  
20170822,10,말이필요없는 완전 몰입용 청불영화 :)  
20170822,10,연출 좋고~ 잔인하지만 배우들의 재발견 굿굿  
20170822,10,스티일리쉬한 범죄 영화!!!  
20170822,8,기대없었는데 생각보다 잼있고 소름좀??  
20170822,10,시간가는줄 모르는 배우들의 연기에 감독 디테일 까지 와우  
20170822,9,흥미진진하고 명연기자들의 캐릭터가 인상적  
20170822,10,시나리오 최고!! 종석엔딩연기에 충격에서 ㄷㄷㄷ  
20170822,10,세련되게 잘빠진 느와르 느낌.. 4배우 모두 섹시했어요  
20170822,10,큰 기대 없이 봤는데.. 재밌네요.. 김명민 캐릭터도 맘에 들고 연기도 쩌네요..  
20170822,10,광일이 미친 대박이다ㅜㅜㅜㅜ  
20170822,10,사람들이 너무 예의가 ㅠㅠ.. 잼있기만 하구만  
20170822,10,역시 브이아이피 빨리 보고 싶어서 오늘 봤는데 시간가는줄 모르고 봤음 ㅋㅋㅋㅋ  
20170822,10,오늘 라톡으로 봤음.. 생각보다 안 잔인하고 오히려  이야기가 끌어가는 힘이 좋음! 장동건 개잘생김  
20170822,10,박훈정 감독 믿고 본다 기대중!  
20170822,1,그런데 영화계는 뭔 액션첩보만 찍으면 북한스파이를 등장시키냐 북한간첩이 언제적 이야긴데 현실에도 없는 북한간첩을 첩보영화 만들려고 굳이 등장시키는게 참 거시기함  
20170822,1,이종석 얼굴로 그나마... 1점 드립니다. 관객들이 다같이 시계보느라 바쁜 영화... 배경에 대한 설명이 너무 없네요. 관객에 대한 배려가 없어서 이해하기가 넘 힘들어요...  
20170822,1,우움..종석오빠 너무 예뻤어요ㅎㅎ  
20170822,1,영화 핵노답 ~ 너무 잔인해욤  
20170822,5,역시 장동건 영화는 친구 이후로 흥행이 힘든걸까?  
20170822,5,리뷰코너는 영화평을 하는곳맞나요??아님 지들끼리 욕하고 헐뜯고 개인적인 감정과 생각들만 끄적대는 댓글전쟁터인가요?? 보고있자니까 뭔가싶고..어린애들이라면 이해하겠는데 성인들이라면 한심스런 꼴이 아닐수가없네요 뭔발전이 있겠나..  
20170822,10,시나리오 짜임새 배우연기 호평 많아서 기대중. 23일 보러가는데 떨린다. 이종석~~  
20170822,10,명민좌 완전 기대되요~ 이번엔 꼭 대박나자!!  
20170822,10,장동건이 간만에 영화출현이라 꼭 봐야지~~~  
20170822,10,이건 말이 필요없다고 본다 눈이 즐거워질일만남음  
20170822,10,잘만들었을거라 기대하고 믿고 봅니다 하투하투~  
20170822,10,스릴도 있고 긴장감도 맴돌것같음 진짜좋아 ㅠㅠㅠ  
20170822,10,배우들도 중요하지만 더 중요한건 시나리오라고본다 제발 알차고 재밌기를…  
20170822,10,와 예고편 마지막 이종석 웃을때 대박소름 ㅋㅋ 보고싶다얼렁  
20170822,9,예고편 개설렌다 사운드부터 내 맘을 녹인다  
20170822,10,아 나이거 젤먼저 보고싶은데.. 누구랑 보냐  
20170822,10,신세계가 될 수 있을까?  
20170822,10,성웅 형님 칼춤한번 춰 주세요 ~~  
20170822,1,이종석 알바들 극혐이다. 이종석 아역연기를 무슨 3년전부터 기대를해?? 난 영화좋아하는사람으로서 연기잘하는 배우가 악역을 살려야하는데 몬가 매칭이안되 하정우같은 배우가 해야매칭이 좀되지  
20170822,6,연기력은 다들 어색하진 않고..이종석은 연기력보단 캐릭터자체가 충격이었음. 잔인하지만 그 말보다는 잔혹하다는게 어울릴 정도. 결말만 좀 더 깔끔하게 했으면 좋았을 텐데...4명이 한 영화에서 다 튀려니까 떡밥 던져놓고 회수도 못한게 아쉬웠다.  
20170822,10,악소리나게리뉴얼한용산CGV 어제첫ViP틸시사회당첨관람북한장성택오른팔인김모술의자제싸이코패스이종석을두고초중반김명민짬짬히박휘순후반부장동건골고루극을이끈다자칫삼류로빠질뻔한장면마다관객의허를찌르는박훈정감독[프롤로그-장동건이홍콩에서운전하는-에필로그]훌륭했다많이잔인함  
20170822,1,"인물간의 대결구도가 어수선하고, 살해장면이 상당히 잔인해요.  노약자나 임산부는 비추천합니다.  "
20170822,4,이종석 알바들이 다 티나게 평점 남겨서 오히려 더 역효과 날듯 ㅋㅋ이종석 연기 어색하구요 영화 스토리는 좋은데 점점 산으로 감  
20170822,8,전 시사회 후기같은 평점이 보고싶은데.. 왜 호감 평점순 첫부터 끝까지 이종석얘기인거죠? 이종석 팬사이트인가요?  
20170822,1,"너무 잔인하고,  여성에 대해 억압적이다.  "
20170822,4,"억지 설정, 헛웃음이 나오던 시나리오 , 주연들의 연기력 부재(김명민 제외)..믿거배들은 믿고 거르는게 맞다는걸 느낌  "
20170822,1,이종석이 에러네 에 혀효혀혀혀  
20170822,10,감독도 좋고 배우도 좋고 주요 정보도 좋은데 실상 영화보니 북괴 미화영화는 아니길 빌면서 예매합니다  
20170822,1,밑에분 말 공감..나도  ㅇㅈㅅ 나오니 안봐야겠다 ; 군대  안가시나요?  
20170822,10,평식이형 4점에 거른다 다크타워나 봐야지  
20170822,6,이종석 소속산지 팬클인지 물타기좀 고마해라 보고싶다가도 보기싫다  
20170822,1,글쎄요..이종석 나온다니 걸러야겠다..  
20170822,10,좌파커뮤니티에서 브이아이피를 비롯에 다른 영화들을 평점 테러하는것이 목격되었습니다. 적당히들 하십시오!  
20170822,10,브이아이피 신세계 비교김명민 이정재장동건 최민식박희순 황정민이종석 박성웅  
20170822,6,오늘 시사회로 보고왔습니다!!남자인데 여자친구보다 이종석이 이뻤습니다..  
20170822,10,시사회봤는데 존잼 잔인한건 생각보다 눈감으면 괜춘  
20170822,1,매일 똑같은 한국영화 지겹다폭력 잔인함 조폭 남성위주...점점 퇴보되는것 같다  
20170821,10,"연기력 좋은 네 배우의 호흡 기대합니다! 이종석의 첫 악역,김광일 화이팅!!  "
20170821,5,호불호라기보다 너무 잔인 잔혹... 오늘시사회보고옴 노약자 심장이 약한분 임산부는 절대 보지 마시길...  
20170821,10,장동건 김명민 박희순 이종석 4명의 캐미가 기대됩니다. 특히 이종석의 악역이라니!! 예고편의 그 웃음이 잊히지않네요.  
20170821,8,<시사회 관람후기>배우들의 연기력으로 먼저 선택했던 영화.역시 라는 표현이 아깝지 않을 배우들의 연기. 특히 이종석과 장동건의 연기가 다시금 놀라웠고 자칫 지루할 수 있는 소재를 배우들의연기로 커버 하지 않고 감독이 잘 풀어나간 것 같았다.  
20170821,10,기대합니다. 오백만만  
20170821,1,아수라2탄입니다ㅇ  
20170821,10,배우들 이미 탄탄하구만.. 스토리만 제대로 좋아라 제발  
20170821,10,아 개봉날 빨리와라 ㅠ여친이랑 바로 보러가기러했음 흐흐  
20170821,10,뭔데.. 배우들 왜이리 신선하냐 진짜 개잼일듯  
20170821,10,안봐도 흥행할것같은 이 삘은 나만 느끼나?  
20170821,10,스토리도 스릴있고 아 빨리 보고싶단생각밖에…  
20170821,5,예고편 보니까 이종석 조커처럼 연기하려고 하던데 기대해 보갔습니다  
20170821,5,평식이 형님 말하는거 진짜 개웃기네ㅋㅋ ㅋㅋ  
20170821,10,기대할 수 밖에 없는 영화.  
20170821,10,지난주에 언시 보고왔었는데요 배우들 연기 죽여줍니다 ㅋㅋ 오랜만에 신세계 이후로 최고의 범죄 영화가 나온것 같네요 ㅋㅋ  
20170821,10,잘만들었더라. 신세계랑은 또 다른 느낌?  
20170821,10,이종석의 연긴변신 너무 기대됩니다  
20170821,8,왠지... 뭔가 부족할 거 같은 느낌은 뭘까  
20170821,10,기대되는 영화>.< 개봉일만기다리구있습니닷!!  
20170821,5,흥행 부도수표 장동건 김명민에 평론가 평도 별로네  
20170821,10,재밌을 것 같아요~ 기대됩니다  
20170821,1,큰 기대는 하지 않겠습니다. 재미있는영화 나오길  
20170820,10,호평이 많아 너무 기대돼요 빵리 개봉했으면  
20170820,9,영화평들보니 괜찮아서 기대중이긴한데.. 재밌었으면  
20170820,1,이종석캐스팅에러 정말안어울린다 무슨 북한사람이 성형한것처럼 부자연스러운 얼굴을 하고있어?  
20170820,1,대호만든 감독이네 신세계만든 감독이라 길래 기대했더니  
20170820,1,시사회로 봤다 진짜 돈 주고 보지마라 ㅡㅡ 진심이다 난 알바 아니다 내 아이디 클릭하면 알바인지 평론가인지 다 나온다  
20170820,10,믿고보는 감독과 배우의 조합 기대중!특히 이종석의 악역변신은 상상이 안되는데 그의 연기력을 믿는다!!브이아이피화이팅!  
20170820,1,종석아   ~~ 군대가라 .  
20170820,4,이종석 별루잖아 연기도 대충하고  송강호같은 배우로 해야지 영화봐주지  한국영화는 송강호  말고는 영화관에서는 돈  도아깝고 시간 낭비임  따운받아보자  
20170820,1,전형적인 출연진에만 돈낭비한 망작  
20170819,6,솔까 이거 그나마 기대했었는데 한국영화들중에서..근데 평론가 점수보고 기대가 사라졌다.. ㅠ  
20170819,1,너무 졸려서 보기 힘든 영화  
20170819,10,언론 배급 평 보니 더 보고싶든데ㅋㅋㅋ 완전 기대중입니다  
20170819,5,브이아이피 재밌을려나?  
20170819,1,시사회 반응 보니 물 건너 간듯 ㅋㅋ 그러게 이종석 장동건 콤비는 왜 써서 ㅋㅋ  
20170819,10,너무 기대됩니다배우 모두 화려하구요  
20170819,10,신세계 감독 박훈정 이네요 기대됩니다  
20170819,1,다 좋은데 공항친구 한명때문에 안본다  
20170818,1,우는남자 꼴 되는 거 아니야  
20170818,10,아름다운 소름끼치는이종석의 악역 연기  
20170818,10,존잼일듯 ㅋㅋㅋ배우도 감독도 기대된다  
20170818,8,"신세계에선 황정민 엘베씬, 브이아이피에선 과연 어떤 명장면이.. ㅋㅋ  "
20170818,10,장동건이랑 김명빈이 나와서 대단하다하면 몰라도이종석나와서 우와~~하는사람들은 이종석빠인가요??영화기대대는건 장동건 김명빈 박휘순 나와서 때문인데..나만그런가..  
20170818,9,19금이라서 혹시 잔인한건 아닌지.. 혼자 보러가야하는데 잔인한거 잘 못봐서ㅜㅜ  
20170818,9,뭐 남자영화라 호불호는 갈리겠지만 일단 보고는 싶네요 이종석이 북한에서온 미친싸이코라는데 연기가 어울린다는 평이 많더라구요 궁금합니다  
20170818,1,캐스팅으로 미는영화가 재밌을리가  
20170818,1,"캐스팅이 뭐가 미쳤다는 거지? 본인 색깔이 뚜렷하거나 연기를 잘하는 배우는 없는 거 같은데. 진짜 캐스팅만 봐도 줄거리, 결말, 대사 하나하나 다 예상되냐? 김치 배우들 맨날 똑같은 역만 쳐맡으니까 기대도 안됨..ㅋ  "
20170818,10,일단 박훈정이라 기대가 있어 10점. 그런데 예고편을 봐도 분위기를 봐도 전체적인 느낌을 봐도 그저 그런 영화가 될 듯한 아쉬운 기분이 드는 영화...? 제발 대박쳤으면 좋겠지만 말이다.  
20170817,10,시사회는 못봤지만 개봉날 달려간다 ~~  
20170817,10,캐스팅 미쳣네 역시 박훈정 감독이다 캬  
20170817,10,박희순 나오는 영화는 무조건 봐야 옳다 ㅎㅎ  
20170817,10,ㅠㅠㅠ또한번 남자들의 영화가 탄생하는군요  
20170817,10,장동건 오랜만에 보는듯 여전히 늙지않았구나 너무 멋있어  
20170817,10,대박이야 너무 잘생긴애들만 모아놓은거 아님? 캐스팅 굿뜨  
20170817,10,스틸컷만 몇 개만 봐도 너무 멋있당  
20170817,10,이종석씨 처음으로 악역한다는데 악역연기 기대되영  
20170817,10,헐 시사회로 먼저 보고싶다 ㅠㅠ이종석이 너무 보고파  
20170817,10,너무 기대됩니다...  
20170817,1,이거 리얼 후속작임? 뭔가 리얼냄새나는데  
20170817,10,다 필요없고 신세계감독님 작품이라서 보러갈거임  
20170817,10,짧은예고편안에도 압도적인 스케일이 장난아니던데요  
20170817,10,헐 두근두근 배우조합 완전기대중..  
20170817,10,스케일이 장난아닐듯한 예감이든다  
20170817,10,포스터보니까 어마무시한 배우들의 기운이 ><  
20170817,10,이 감독은 믿고 봅니다 ㅋㅋ 어떤 스토리로 사로잡을지 기대  
20170817,10,나 이종석 나오는 영화 다 재밌더라 꼭 봐야겠다  
20170817,10,나오는 배우들 봐라 와.. 조합 완전 지리구요ㅋㅋㅋ  
20170817,1,깡패 조폭 간첩으로 가오로 한국영화가 판을 치고있을때미국은  유인원으로 증명한다...한국은감독은 도대체 무슨 생각을 하는가?어설픈 가오 식상한 전개 미국따라할려고 하지만 반도 못할뿐이다..  
20170817,10,나 이종석팬인데 영화에서 진짜 오랜만에 보겠네 ㅜㅜ  
20170817,10,이건 봐야될 각이다 신세계만든 감독이라니..ㅋㅋㅋ  
20170817,10,와 배우들 명단만 봐도 클라스 지린다..안볼수가없음  
20170817,1,장동건 김명민 박희순 영화에 댓글은 이종석 기대한다 멋있다 ㅋㅋㅋㅋ빠순이들이 욕을 먹는 이유가 있음  
20170817,1,"이종석, 박희순은 왠지모르게 무게감이 너무 없다. 연기도 잘하는지 모르겠고...  "
20170817,10,악마를 보았다 급으로 잔혹하다던데 기대된다..  
20170817,10,이종석 악역기대기대합니다.  
20170817,10,이종석  연기변신 응원합니다  
20170817,10,시사회다녀왔어요 재밌었습니다  
20170817,10,이종석ㅠㅠ 악역도잘해ㅠㅠ 내최애??  
20170817,10,"긴장감의연속. 액션,연기,스토리 모든게좋았다  "
20170817,10,잘만들었네요 신세계랑은 또 달라요  
20170817,10,와 캐스팅 미쳣네 ㄷ ㄷ 빨리개봉해라  
20170817,10,"장동건, 이종석..눈이 즐거울일만 남았다  "
20170817,10,시간가는줄 몰랐습니다^^  
20170817,10,"기존 범죄느와르들과는 다른 느낌이네요, 이종석 연기변신 굿  "
20170817,10,최고ㅠㅠ역시 박훈정감독님!  
20170817,1,저 감독 머리엔 그저 남자들끼리 치고박는것만 생각하나봄. 질린다 질려. 또 여자들만 잔뜩 죽이는 ㅋㅋㅋ 어휴  
20170817,3,박훈정감독 = 친절한 훈정씨  
20170817,8,박종석 사이코패스 연기 충격적일정도로 잔인하다는데. 조만간 팬심으로 가다가 충격먹는 인간들 꽤 나올듯 꿀잼 ㅋㅋ  
20170817,7,화려한 멤버에 걸 맞는 영화이기를  
20170816,1,시사본후기역시장동건이나오면 재미없다너무스토리뻔하다그다음내용이뭔지다보이는 드라마축소판이종석은 드라마주인공이딱인듯.재미없었습니다ㅠ  
20170816,10,한국영화의 다양한 소재확장을 위해 한표!! 잔인하고 불쾌하겠지. 근데 씨이코패스 북한 vip라고. 음. 흠.  
20170816,10,이종석 연기 기대 하겠습니다.원래 연기 잘 하지만  
20170816,10,"망하고 싶으면 이 배우를 쓰라. 장동건, 이종석  "
20170816,1,내가 봣을땐 리얼 그 이하다 이말은 성지가된다  
20170816,1,한국영화는 조폭 도박 경찰 사기 이런 장르밖에영화를 못만든다 같은돈내고 보는데한국영화는 너무 돈아깝닺맨날 비슷한영화 보는 것도 정말지겹다차라리 cgg떡칠한 헐리우드영화가 낫다  
20170816,5,"신세계, 부당거래, 악마를 보았다 감독 + 흥행참패수표 3명 = ?  "
20170816,10,신세계급으로 나와주길 기대합니다!!  
20170816,8,캐스팅이 한 몫 하는듯 ㅎ  
20170816,10,오랫만에 보고 싶은 영화 하나 생겼네요~ 기대중  
20170816,10,엄청 난 캐스팅... 꼭 봐줘야징  
20170816,9,신세계 감독 작품이라 더 보고싶다 ㅋㅋㅋㅋ  
20170816,9,믿고보는 배우들이 모여 더욱 기대가 되고 이종석이 어떤 나쁜놈을 보여줄지 특히 더 기대된다  
20170816,5,감독은 끌리는데... 배우들은 평소 안끌리는 배우만 죄다 모아놨네  
20170816,10,신이시여 꼭 흥행해서 신세계2 나오게 해주옵소서!!!!  
20170816,7,감독과 배우. 이 조합이라면 그래도 기대를 걸어도...??  
20170816,10,겁나 기대되는건 사실아니냐~ 보고 판단하자.  
20170815,10,송중기 보다 잘생긴  장동건 올만에 영화출현기대되는군요!^^~~  
20170815,10,성웅이형 나오면 바로 10점 박아야 되는거 아님니까..  
20170815,1,이종석때매 안봄ㅅㄱ      ..  
20170815,1,이종석 때문에 평점 1점 준다 한국영화 발전을 위해서  
20170815,1,장동건 뭐지? 영화는 배우가 출연해야죠. 연예인 남편이 출연하는건 아닌듯. 게다가 포스터의 어색한 이종석의 악한 표정연기는? 조선명탐정 외 전작품이 폭망인 김명민. 신세계 무간도 표절해서 얻어걸린 박훈정이 빅홀. 박휘순만 개불쌍  
20170815,10,이종석. 김명민 기대 됩니다.^^  
20170815,10,빠순이들 으찔까?잉?종서기 오빠가 연쇄살인범으로 나와부려야...  
20170815,10,"신세계 박 감독 작품에 장동건, 김명민 제가 좋아하는 배우들 출연하고 흔해빠진 양아치 깡패영화말구 모처럼 한국형 느와르 액션이라 기대되고솔직히 요즘 황정민 오달수 너무 많이 나와서 지겹네요장동건 형님 대박 작품 하나 다시 나올때 됐는데 응원합니다  "
20170815,10,이 영화의 존재를 안 순간부터 개봉할 날만 기다리고 있습니다. 장르 배우 딱 내 스타일!  
20170814,10,ㄱ하라ㄱ 하라 ㄱ 하라 ㅎ ㅜ ㅎㅎ  
20170814,8,아 짱나게 이종석얘기가 왜이리 많아 가장 기대안되는 애송이인데  
20170814,1,"다른거 찍어서 국밥 말아먹지 말고 신세계2나 찍어라, 왜 안찍는거냐 못해도 300백만은 기본깔고 가는건데  "
20170814,10,라인업 쩐다.... 500만이상 예상  
20170814,10,이종석 땜에 본다는 얘기가 대부분ㅋㅋㅋㅋ  
20170814,10,캬 이거 죽이네..ㄷㄷㄷ  
20170814,1,이종석 장동건 박휘순 ㅋㅋㅋ 안봐  
20170814,10,어차피 안봤으니 별점은 의미없고 이종석이 그리 존재감 큰 배우였나.. 왜 죄다 이종석 얘기밖에 없냐. 솔직히 연기 잘한다는 느낌이 들지는 않는데... 어쨌든 신세계를 정말 재밌게 본 사람으로서 이번 작품도 명작이면 좋겠는데 이상하게 기대가 안됨.  
20170813,5,"신세계 프리퀄,시퀄을 내놔라  "
20170813,1,별로일거같다기대가안됨  
20170813,8,감독 전작이 재미는 있었지만 이번 작품이 어떨지는 뚜껑 열어봐야 알겠죠.김명민 장동건 박휘순 연기 조합이 궁금하긴 하네요. 이종석 연기는 글쎄... 감독이 알아서 썼겠죠.  
20170812,1,이종석 알바를 풀었나? ㅋ.  ㅋ.  ㅋ. ㅋ ㅋ.  
20170811,10,일단 봐야지..신세계 감독인데  
20170811,10,배우랑 감독만봤는데 벌써 재밌을 것 같다  
20170810,1,보나마나 좌파 영화겠지. 정신 차리자 제발  
20170810,10,저기...댓글러님들..넘 티 나요...이종석 팬부대라서이해는 한다만은...티 안나게 좀 ㅋㅋ  
20170810,1,우리나라는 참 신기한게 남한보다 북한을 더 우월하고 미화한단 말야... 정권탓이겠지만..  
20170810,10,개봉하마자 보고싶네요  
20170810,10,신세계만큼만 해다오. 이종석은 티비드라마에서의 풋내만 좀 빼주길.  
20170810,1,장동건은 영화 빛을 발한적은 없었다 고로 리얼급 망작이 나올거 같다 한국영화 20OOO은 패망의 길을 가고있다  
20170810,10,장동건의 작품 기다렸습니다. 주연 배우 모두 연기 잘하는 배우들이라 무척 기대됩니다!!!  
20170810,10,장난 아님진짜 엄청 기대됨...오랜만에 영화를 기다린다  
20170810,10,택시 보다 재미 있겠지요  
20170810,10,뭐시 브이아르!?ㅇㅇ  
20170810,1,김명민 나오는 영화는 뭐다?ㅋ  
20170810,1,"내용은 안봐서 모르겠지만, 캐스팅 자체가 우려됨. 특히 예고편만 봐도 이종석이 북한쪽 사람으로 전혀 보이지 않음.  "
20170810,1,정권만 바뀌면 쏟아지는 북한미화 영화들 중 하나겠지.  
20170810,7, 뭔 여기서 이종석 팬미팅 가지나? 평점이 전부 이종석이여 어쨌든 영화가 수준높게 뽑히길 바랍니다. 김명민 박휘순님이 연기를 잘하시니 기대하겠습니다. 정동건님도 꼭 영화참패 배우 벗어나시길 ㄷㄷ  
20170809,9,장동건  형님 ㅎㅇㅌㅁㅇㅇ  
20170809,10,이종석 화이팅! 기대할게용~  
20170809,10,출연배우 보고 전 무조건 가봅니다!!ㅎㅎㅎ  
20170809,7,와 장동건 김명민 두배우의 영화 흥행작 오랜만에 나올듯 !!조연배우들 캐스팅도 ㅎㄷㄷ 하네요  
20170809,1,"글쎄 조합이 별로 안좋은데,,,  티켓파워 있는 배우도 딱히 없고 그리고 싸가지가 하나 있구나!!!  "
20170809,1,믿고 거르는 영화. 망삘.  
20170809,5,국밥 VS 신세계 과연 승자는...  
20170808,10,완전 기대중!! 감독 배우 빠지는게 없어~ㅎㅎㅎ  
20170808,1,한국영화 조폭 남북간첩 형사물 시대극 끝.  
20170808,1,뭔데 이거? 북한 빨아재끼는 영화냐?  
20170808,10,여배우가 없네 ?남자영화 좋아 좋아  
20170808,10,중길아 이번에도 기대할게~~  
20170807,10,이종석 나온다고해서 기대햇는데 왜청불임???  
20170807,8,제발 재밌었으면 좋겠다.. 진심으로  
20170807,1,진심 궁금한데 영화에선 거의 폭망수준인 장동건과 발연기 계보를 잇는 이종석은 왜 쓴 거냐?  
20170807,3,나는 김명민씨 연기를 보면 뭔가 그냥 오글거린다. 뭔가 그냥 연기하는 티가 나는 느낌...  
20170807,10,"캐스팅에 피터스토메어 가 주목된다..2000년초반 굵직한 영화들(마이너리티 리포트,아마겟돈,나쁜녀석들2,쥬라기공원2등)에 조연으로 출연하며 씬스틸러 였는데 참 반가운 얼굴이다.  "
20170807,10,탄탄한 연기력의 배우들과 기대되는 영화 설레입니다.  
20170807,10,장동건 간만에 작품 잘  고른듯..  
20170806,10,여기  이종석 빠들 뿐이냐 ㅋㅋㅋㅋ 장동건하고  김명민 박희순 연기빨로  볼려는건데  이종석은  ;;;ㅋㅋㅋ  
20170806,10,이종석 악역 기대하고 있어요..많이많이 볼께요  
20170806,4,이종석에서 구멍.... 좀 더 연기 잘하고 흡입력있는 배우 쓰지 왜 하필 지나가는 개미도 못죽일거같이 순둥하게 생긴 이종석을....  
20170806,10,범죄 조폭 돈 명예 검사 경찰 비리 이런걸 넘어선 신선한 무언가를 기대하고싶다  
20170806,10,이종석 악역 너무나 기대돼요!!~~개봉날만을 손꼽아 기다릴께요!!  
20170806,7,이거댓글들 뭔가 스멜스멜하네 ㅡㅡ뭐 죄다 이종석 얘기뿐이야  
20170805,10,포스터 보고 놀랐다. 7할이 이종석이네 왜 입영 연기 했는지 알만함  
20170805,10,"동건형,명민형,성웅형 나오면 끝..근디 동건형 이번엔 우는남자 아니되오...  "
20170805,1,조우진이라는 역겨운 배우떄문에 1점ㅡㅡ 컄퉤  
20170804,5,감독은 최고의 감독인데... 이종석 장동건 이라니.. 소화 가능합니까 감당 되겠어요?  
20170804,3,다좋다 왜하필 이종석이냐.. 진심으로 몇년째 스타일 변화없고 연기 변화없는 배운데.. 그냥하이틴 영화나 찍지....왜하필 박훈정 영화에 나왔냐 진심으로...  
20170804,9,이봐 박훈정감독. 신세계 같은 대작  하나 더 나올 때 됐잖아?  
20170804,10,장동건 몇년만이냐  .. 명민이도 리얼한뎅  ㅎㅎ 동생들이 있어 재밌을듯.. 이종석이는 가수냐?  
20170804,10,이거 진짜 재밋을거같음  
20170803,10,화려한 배우만 봐도 기대가 됩니다  
20170803,10,"출연진이 제가 좋아하는 배우들이라 꼭 보고 싶네요, 스토리도 좋은 것 같고, 기대 만빵 ㅎㅎ  "
20170802,10,"김명민, 장동건 이름만으로도 가슴 설레요...  "
20170802,6,도대체 영화개봉도 안했는데 별이 이게 말이되나??;;;다 이종석팬들인가? 알바인가?;;  
20170802,10,장동건 이종석 말 다한거 아닙니까? 믿고 봅니다 기대되고 흥분되네요리얼 꼴 나지말길  
20170802,10,새로운 조합 너무 기대됩니다  
20170802,10,여러모로 기대되는 영화입니다. 개봉 하자마자 바로 보러가고싶네요  
20170802,1,멤버가 이미 폭망인데...  과연  
20170802,10,이종석의 상큼하고 맑은 이미지와 다르게 악역에 도전을 한다고 하니 더 궁금해서 보고싶다.. 기대만땅.. 대박기원합니다.^^  
20170802,9,"이번엔 장동건,김명민씨 영화가 흥행하길 기대하며~ . p.s. 예고보다가 프리즌브레이크에 나왔던 배우나와서 배우들 확인해봤네요 ㅎ 길게는 아니고 짧게 나오겠죠? ㅎ  "
20170802,10,"제가 너무나도 좋아하는 이종석 배우님과 대배우 김명민,박희순,그리고 장동건 배우님까지..게다가 감독님이 박훈정 감독님이라니..! 설명이 필요 합니까?? 제 점수는요 10점 만점 오예~빨리 개봉해주세요 작년부터 목빠지게 기다렸다구요 ㅠㅡㅠ 븨아피대박♥  "
20170802,10,와. . . 평점남기는 세키들 피터 스토메어나오는건 안보이나? ㅎㄷㄷ 루시퍼가 한국영화에 나오다니. . 대박.  
20170801,10,장동건 일단 기대되요..  
20170801,10,세상에 박훈정이잖아 닥찜이다  
20170801,1,보기 전부터 진부해. 소재가 그렇게 없나  
20170801,6,최근 몇년간 대한민국 영화 스토리는 이런거 밖에 없냐? 식상하다. 으이그...  
20170801,10,예고편을 보니 김명민&장동건&박희순 vs 이종석이 아니라 김명민vs장동건vs박희순 & 이종석 같네요어떤 내용일지 무척 기대됩니다.  
20170801,10,장동건이 막판에 배신할듯  
20170801,10,아 두근두근~ 개봉일 빨리와~~~  
20170801,10,설마 예고편에 잠깐 나오는 외국인... 프리즌 브레이크의 존 아브루치입니까?ㅋㅋㅋㅋ  
20170801,10,장동건 기대해봅니다!  
20170731,10,여기 국밥 맛있다고 해서 찾아왔습니다  
20170731,10,장동건 다시 한번 대박 날 때 됐다  
20170731,10,이종석님 너무 기대됩니다 보러갈게요  
20170731,4,안타깝지만...믿고 거르는 장동건..ㅠ  
20170731,8,"다 좋은데 이종석..?,....  "
20170731,10,이종석님 화이팅♥꼭보러갈게요 ㅎㅎ  
20170731,10,이종석 대박대박 기대됨빨리 보고싶다  
20170730,1,흥행참패 제조기 장동건 나오네; 안봐도 망하겠구만  
20170730,10,신세계감독이면 믿고 본다  
20170729,10,박희순!!박희순~~!!! 와..첩보물의 정점♡꼭 보러 갈게요♡  
20170728,10,배우조합 정말 신선하다. 무조건 본다!  
20170728,10,이종석!!!!♥ 진짜 잘생겼어!! 기대된다!!  
20170728,1,이종석 장동건 김명민국밥 전문배우 아닌가 ㅠ신세계 감독이라더니..배우들이...제대로 말아먹을듯 ㅠㅠ  
20170727,10,장동건님 기대됩니다! 그리고 항상 응원합니다 :)  
20170727,10,꺄!! 종석쨩>< 안봤는데 벌써 재밌다ㅎㅎ 얼굴 졸잘~ ㅇ 기대 만땅  
20170727,10,이종석 악역연기 기대되네요^^  
20170726,7,국밥배우들 다모였내..ㄷㄷ  
20170726,4,다 된밥에 이종석 빠트렸네...에잉..이종석만 잘한다면 평타는 칠듯  
20170726,5,감독 믿고 보기엔 배우들이 불안하다....  
20170725,8,본격 배우가 감독빨 받는 영화 흥행부도수표들을 모아 과연 성공할수 있을것인가 감독에게 기대된다  
20170725,10,종석기대됩니다.개봉일이 아직안나오네요꼭보러갑니다^^  
20170725,1,이런 스토리 지겹다~~~!!!!  
20170725,10,예고보니 재밌어보임 기대하고있음  
20170725,6,이종석 의문입니다?감독이 왜 케스팅 했는지?별루 던데...  
20170723,10,올 여름 딱 보기좋은 영화네요  
20170723,10,"박훈정 감독님의 영화 기대를 하고 있고, 신세계가 청불이고 그래서 이 영화도 설마 청불 걸릴까 의심이 되긴 하지만, 잔인한 장면이 있다면 편집하고 나서 15세 관람가로 등급이 되었으면 좋겠다는 생각을 하면서 개봉 전 평점을 올려봅니다.  "
20170723,10,박훈정감독님에 작품vip 재미있군 꼭보자  
20170723,5,이종석이 기대된다는게 뭔 헛소리인지 영화 잡쳐놓을까봐 불안한데  
20170723,10,예고편 봤는데 꽤나 잘 어울리던데 이종석 악역연기 너무 보고 싶네요 !  
20170722,1,발연출의 전향적인 감독  
20170721,8,"이런영화 좋다,,근데 이종석팬들 이런데 와서 댓글로 이종석 때문에 기대된다 저런 글이 영화에는 마이너스라는걸 모르나?  "
20170721,10,이종석 악역 기대됨 꼭 볼거임  
20170721,10,아니 왜 이종석 얘기밖에 없는고얌ㅠㅠ 이종석님의 악역연기도 기대되지만 난 김명민아저씨가 더 좋아ㅋㅋ 제발 청불아니길 :)  
20170721,10,프리즌브레이크~~ 존 아브루찌의 등장 기대됩니다  
20170721,10,라인업 실화임?ㄷㄷ  거기에다가  전부 연기파 배우 ㄷㄷ  
20170721,10,박훈정감독에 장동건주연이면 무조건 봐야지  
20170720,10,라인업 대박이네요 김명민 나오는거 넘 좋다 잘생겼어ㅎ 이종석 악역연기도 너무 기대돼요!!  
20170720,1,박훈정 감독. 당신이 사람 이야? 만들라는 신세계 후속은 절대 안만드네???  
20170720,9,장동건 카리스마 장난 아니네  
20170719,1,좌표를 찍은건지 알바를 푼건지 솔직히 너무 티나잖여 ㅋㅋ아 웃겨 ㅋㅋ  
20170719,8,엄청 기대돼요나머지 별하나는 영화보구   결정할께요^^♡♡  
20170718,10,벌써 재밌다 종석아 광일이 화이팅  
20170717,10,이종석 배우님 ㅠㅠㅠㅠ징짜진ㅋ자진짜짅짜 응원해요!!!!ㅠㅠㅠㅠ사랑합니당..  
20170717,10,우리종석이오빠가 영화 악역연기가 너무기대되네용~개봉하는것기다리는중인데ㅠㅠ빨리개봉하면좋겠당  
20170717,6,박희순은 북한군 전문 배우인가 ㅋㅋ  
20170716,10,김명민은 연기의 과도함을 조금 덜어내는 것이 최고의 배우로 가는 길임을 어서 알아야 할텐데...라고 저는 생각합니다.  
20170715,1,소문난 잔치엔 먹을 게 없다! 초호화 캐스팅에 폭망 조심스럽게 예측 해 봅니다.  
20170714,10,이종석 연기 너무 기대되요 볼래요 클릭 하려고 했는데 이미 되어 있다고 뜨네요.ㅋㄷ 언제 했었더라..  
20170714,10,그래도 신세계 만든 감독인데  리얼처럼 되것냐 ㅋㅋ 이종석악역 신선한데 ㅋㅋ 기대됨 ㅋㅋ  
20170714,10,장동건 영화로 흥행하는거 보고싶다~~  
20170714,3,전부 이종석 빠순이들만 댓글 남겼나? 이종석 얘기 뿐? 재미있을거 같으면서도  뭔가 좀 출연진이 어설프다  
20170713,1,과대평가 박훈정 또 납시었네~  
20170713,2,우는남자+공조 결론은 폭망  
20170713,10,이종석나온다면 일단 무조건 봐야지 영화도 재밌어보임  
20170713,10,"Amazing cast, super excited. Much 응원 from all of us fans  "
20170713,10,"재밌어 보이니까 기대하고 재밌어 보인다는 건데 무조건 팬이 와서 썼다는, 팬도 있겠지만 팬도 재밋어보이니까 쓰겠죠 저런 글 웃김 저 역시 재밌어 보이네요 다 알아봤는데 미술감독, 의상감독 등 작품하신 게 기대할 수 밖에 없던데여.. 배급도 위너라서  "
20170713,9,이종석..팬카페에서 전부 와서.. 댓달았나.. 솔직히 제일 포스 없어보이는데..  
20170713,10,제발 잘되길!! 너무 좋아해요  
20170712,10,이게 성공해야 신세계 후속작이 나올텐데 일단 예고보니까 대박각 재밌어보임  
20170712,10,우리 종석배우님이 나오신다는데 무슨말이 더필요할까요♥  자랑스럽다♥♥  
20170712,10,이건 그냥 봐야하는거에요ㅎㅎ  
20170712,10,"여름 대작들 속에 예상을 뛰어넘는 신선한 바람을 일으키길 바래봅니다.  박훈정 감독, 장동건에서 이종석까지 조화가 흥미롭고 기대가 되네요.  "
20170712,10,이종석 완전 대박 기대됩니다.  
20170712,1,이종석 팬카페같은 어디선가 좌표 찍었나보넼ㅋㅋㅋ  
20170712,9,"여기 김명민 장동건 박휘순 쟁쟁한 이름들이 얼마나 많은데, 이종석 얘기만 가득하네. 무섭다 무서워.  "
20170712,10,이렇게 기대되는 영화는 오랜만  
20170712,6,장동건 연기별론데....저남자 나오는건 보기싫음.원빈 현빈 이 사람들도 연기 못함.남자배우는 무쌍최고  
20170712,1,배우의 무게감이 신세계보다 너무 떨어진다.장동건 이종석이 나온 영화중에 좋은작품이 없음.  
20170712,6,리얼 아수라 여러 배우빨로 시켜먹다가 망해버린 영화때문에 기대별로 안됨  
20170712,10,무한도전만 나오지마세요  
20170712,10,리얼처럼 통수만 안쳤으면 하는바람으로 조심스럽게 기대해봅니다...  
20170712,10,이정삭 앞머리 내린거 개귀여워  
20170712,8,신세계처럼만 만들어줘라 ㅇㅇ 무조건본다  
20170712,1,장동건 김명민...더 말할필요 있나?믿고 거르는...  
20170712,10,예고편 이종석 웃는거 소오름  
20170712,10,믿고보는 이종석 배우 신작! 기대합니다  
20170712,10,장동건 형님 보고싶었습니다형님 영화는 꼭 봐야죠~  
20170712,1,믿고 거르는 캐스팅들 왔네.... 장동건 김명민 나오면 다 졸작들이야....  
20170712,1,이종석 빠순이들 여기서 정모하냐  
20170712,9,믿고보는 배우.감독..첫악역연기 이종석 기대기대..웃음소리마저 으스스~빨리보고싶어요  
20170712,10,이종석 악역 의외로 잘어울릴거 같아요... 오랜만에 장동건님도 너무너무 기대됩니다.  
20170712,10,장동건 김명민 박희순 이종석 이조합 어쩌죠ㅠㅠ 캐스팅부터 대박에 감독님까직 대박인 이영화ㅜ 예고편 언제뜨나 한참을 기다렸네요ㅠㅜ특히 이종석배우님 오랜만에 작품인데 첫악역이라뇨 ♡♡젤 기대하고 있습니다 이종석 화이팅!!!♡♡  
20170712,10,너무 기대 되네요  예고 티져 보니  장난이 아닌듯  
20170712,10,"오~ 영상 잘 뽑아진듯.. 무엇보다 신세계 감독님과 네명의주연 배우들의 신선한 조합에 끌리고,  이종석 악역연기가 기대된다. 브이아이피 대박날 예감 듬.  "
20170712,10,박훈정감독님!!  그리고 이종석의 악역연기 기대하고 응원합니다.  
20170712,10,이종석 악역 너무 기대돼요! 얼른 보고싶어요!  
20170711,10,이종석 대박나자!! 악역 너무좋다  
20170711,10,이종석의  악역은  정말  생각지도 못했는데   기대가  됩니다.  영화  개봉일만  기다리겠습니다.  
20170711,10,연기력이면 연기력 외모면 외모 뭐하나 빠지는 거 없는 배우들에 능력있는 감독까지!! 기대가 큽니다  첫 악역에 도전하는 이종석 도전 자체로 멋지고 근사하게 잘 살렸으리라 믿어요 vip흥해라!!!  
20170711,10,우리 이종석배우님 악역연기 그만큼 바라고바란만큼 멋진연기뽐내셨으라믿어요 ♥개봉하자마자 달려갑니다 기대할께요 사랑합니다♥♥  
20170711,10,이종석 악역 연기 정말 기대됩니다 다른 배우님들도 기대되고요~  
20170711,10,"예고편 풀린거 봤는데 생각보다 더 쎈,영화가 될듯한 예감. 포스터랑 예고 둘다 마음에 든다. 그걸 뛰어넘는 본편 기대합니다  "
20170711,10,소문들어 기대중입니다 ㅋㅋ ㅎㅎ 쩔어요 보기도 전부터  
20170711,9,이종석님 연기변신 대애애애애박 멋지십니다 완전기대해요S2S2S  
20170711,10,박훈정 감독에 이종석이네요 기대됩니다  
20170711,2,다른거몰라도 이종석은...좀아닌거같은데  
20170711,10,동건이형 한번 터트리자  
20170711,10,완전 기대중이에요~!  
20170711,10,너무 오래 기다렸습니다. 배우 이종석!!  최초의 악역 변신!! 어떤 모습으로 와 줄지 벌써부터 기대만땅입니다. 감독님과 선배 배우님들 고생하셨습니다.  대박나세요!!!  
20170711,10,영화 너무 기대됩니다!  
20170710,10,이종석이라 봅니다 . 너무 기대됩니다 올해의 최고 영화일거라 믿습니다. 우리 종석오빠 악역연기라니 ㅠㅠ 감사합니다 최고의배우 .. ㅠㅠ  
20170710,10,박훈정감독님의 특기인 어둡고 잔인한 느와르에 이종석이 악역이라고하니 많이 궁금하고 기대됩니다.  
20170710,10,오늘 포스터보니 더욱 기대됩니다  
20170710,10,계속 기다렸던 영화인데 포스터 보니 더더욱 기대되네요. 특히 세명 배우와 최초악연변신 이종석배우의 분위기 멋지네요~!!!  
20170710,10,와씨 사랑해요 한국영화중 계속 이영화 개봉이 잡혀지기만을 기다렸는데 드디어 뜨다니... 캬... 바로보러가겠습니다...  
20170710,8,박훈정 감독님이 김명민님의 저주를 부디 깨주길 기대하며...  
20170710,1,공조 속편 벌써 나왔냐?  
20170710,10,오래 기다렸습니다!!  vip 흥행하길  
20170710,10,기대되는 영화! 기대되는 배우 이종석!  
20170710,10,광일아.... 천천히빨리와줘....기대걱정설렘보고픔가득하다ㅜㅜ?  
20170708,10,이종석씨의 악역연기 기대됩니다♡  
20170625,9,장동건 김명민 믿고보는 두 형제 기억 하겠습니다  
20170624,1,고루한 남북관계 영화말고 신세계2나 만들어주세요~  
20170621,10,너무너무 기대됩니다 ! 얼른 개봉하길  
20170616,9,박훈정 장동건 김명민이 살리는 영화지 뭔 죄다 이종석얘기뿐이여..  
20170614,10,악역기대돼요 잘생기샸어요  
20170613,2,요기는 김치를 좋아하는 요자들의 집합소가 되버렸네. ㅋㅋㅋ  
20170605,10,믿고보는 배우 이종석님의 영화 기다려집니다. 악역변신도 너무 기대되네. 배우님  화이팅!!  
20170604,10,이종석님 새로운 변신 기대하고 응원하겠습니다  
20170604,10,이종석 악역연기 기대됩니다 !  
20170604,10,이종석의 악역연기 너무 기대됩니다~  
20170529,1,이종석 빠수니들 죄다 모아놨네ㅋㅋ  
20170527,10,이종석님이 나오신다니 꼭 봐야겠어요ㅠㅠㅠ  
20170527,10,박훈정감독이면 배우가 누구든 무조건 봐야지  
20170526,10,영화 기대하겠습니다!!  
20170526,10,영화 기대됩니다!개봉하면 바로 보러갈래용  
20170526,10,영화 정말 기대중입니다!  
20170526,1,별로 재미없겠네 응 안봐~  
20170526,10,이종석씨 연기변신이 너무 기대되요  
20170526,10,믿고 보는 배우님들의 영화 정말 기대됩니다  
20170526,10,엄청 기대하고있어요!  
20170525,10,이종석님의 연기 기대됩니다!  
20170525,10,이종석 배우님 기대 많이 할게요♡  
20170525,10,이종석배우 이번 연기도 너무 기대돼요!  
20170524,10,관심가는 내용이에요 이종석 연기도 기대되네요!  
20170524,10,이종석님 영화기대합니다~  
20170524,10,기대되는 영화입니다!  
20170524,10,이종석씨 연기 기대됩니다  
20170524,10,이종석님 이번 영화도 정말 기대됩니다ㅠㅠ♡  
20170524,10,이종석 배우님의 새로운 연기 기대됩니다!!  
20170515,10,이종석님 남팬입니다ㅋㅋ 진짜 언제 또 영화 찍으시나 백날 기다리다가 이게 웬 대박인가요!!!응원하겠습니다  
20170510,10,박훈정 각본 감독이면 기본 이상은 한다. 빨리 개봉 했으면.  
20170505,10,캐스팅과 시나리오만 봐도 존잼의 기운이 느껴진닼ㅋ 이종석 악역연기도 너무 기대되고. 대박나길!  
20170505,10,이종석 배우의 첫 악역연기라 기대가 됩니다~ 빨리 보고싶네요^^!  
20170505,10,이종석 악역 ㄷㄱㄷㄱ이제곧여름에 볼수잇나요~?떨립니다!!  
20170505,10,신세계 감독님이시네요.감독님  기대할께요 .  
20170504,10, 신세계분위기라면 대박일듯 이종석이 악역이라니 색다를듯도하고...어째든 무지 기대됩니다  
20170504,10,이거 언제 개봉하나요? 이종석이 그냥악인이라고 했던데 보고싶어요  
20170504,10,슬슬 개봉시기 나올 때인거 같은데 언제 개봉하려나요 이종석이 악역으로 나온다고 해서 궁금하네요.  
20170504,10,이종석의 악역도전 넘나 기대하고있어요  
20170504,10,신세계 재미있게 봐서 이번 VIP도 기대중이에요. 이종석씨가 악역이라던데 어떻게 연기할지도 너무 기대되네요.  
20170430,10,장동건 때문에 본다. 언제 나오니~~ 7년의 밤도 기대중이야  
20170418,10,장동건 배우님 기대중입니다~~~~!  
20170418,7,이종석 악역 기대한다는 댓글들 백퍼 평점 알바들ㅎㄷㄷㄷ  
20170414,10,언제개봉하나요 ㅠㅠㅠㅠ 빨리보고싶당  
20170409,9,제2의 아수라 될것같음  
20170408,10,역시 이종석! 일겁니다. 뿌린대로 거둘겁니다. 그는.  
20170406,10,아ㅏㅏ 진짜 이종석 악역 너무 기대됩니다ㅠㅠㅠ 빨리 극장에서 보고싶어요!!  
20170405,10,기대하구 있어요^^ 이종석 첫 악역.. 신선합니다 ㅎ  
20170324,10,언제쯤 개봉할까요..?? 빨리 개봉했으면 좋겠습니다!!!  
20170324,10,내용자체도 기대되고 이종석 악역연기 기대중입니다ㅋㅋ 잘되면 좋겠어요  
20170323,10,김명민김명민김명민 기대합니다  
20170317,10,이종석 기대기대 빨리영화나왔으면 좋겠습니다  
20170313,1,미래에서 왔습니다..  
20170313,7,"각본하고 연출이 젤 중요항 것을 망벤저스니, 믿고 거르는 배우들이라느니 하는 것들 한심.  "
20170312,10,좋은 감독님과 출연진들 기대합니다!  
20170312,10,님들 이거 성공해야 신세계 2나옵니다 무조건 봐야합니다  
20170310,6,장동건-김명민 조합이라.... 신선하네  
20170309,10,솔직히 대호보다는 나을거같다 박훈정은 살짝 느와르 사회물이 제격이라서  
20170303,10,이종석배우..예전부터 악역줌 해보셨으면 했는데 딱 맡았네요!!!대체불가능한배우 이종석!!!빨리보고싶네요!개봉일은 아젝 안정해졌나요!??ㅠㅠ  
20170227,10,이종석♡♡기대된다♡♡♡♡  
20170222,10,이종석의 악역연기?! 생각도못했는데 완전 기대되요 그래도 죽지는않기를....꼭 보께요  
20170220,10,김명민 배우님이 나오시니 꼭 보겠습니다  
20170219,10,이종석의 악역이라니...너무궁금하다  
20170219,8,박훈정감독... 다좋은데 신세계 후속은 언제나온답니까?  
20170219,10,이거 배우들이  다 지리네..비서 아저씨 화이팅!  
20170218,10,설명만봐도...존잼  
20170217,10,장동건이 나온다고 하니 너무 보고싶네요 요즘 스크린에서 안보여서 서운했어요.. 빨리 보고싶어요^&^  
20170214,10,박정훈 감독님의 연출력과 배우분들의 연기가 정말 기대되는 영화네요~ 빨리 개봉되서 얼른 보러가고싶네요!!^^  
20170211,10,이종석 사랑해여 꼭 보러갈게영!  
20170210,10,신세계 속편은 언제까지 기다리라고  
20170207,5,다좋은데...장동건 나오니까...일반은 반만 줄게..  
20170207,10,박훈정 감독님의 vip  어떤모습으로 나타날지 참으로 궁금합니다  이종석배우 최초 악역도 뭔가 느낌있을듯 ~기대중입니다  빨리보고싶어요 ^~^  
20170207,10,어제  V.I.P. 기사가 많이 떠서 들러봤습니다. 빨리 개봉해서 극장에서 보았으면 합니다. 열심히 노력한 만큼 좋은 결과 있기를 바랍니다. 이종석 화이팅~!!!영화 대박나기를...  
20170206,10,드디에 종석이 꿈꾸던 연기변신 하네~ 축하해요!!  
20170203,10,이종석 악역연기라니ㅜㅜㅜㅜ 너무 기대되요  
20170203,10,이종석 악역연기 너무 기대됩니다♡  
20170201,10,이영화가 기대되는 이유는 배우도 아닌 감독때문이다. 박훈정감독은 각본으론 악마를보았다와 부당거래를 집필하셨고 연출작대표작은 신세계다!! 그래서 이영화가 무지무지 기대된다.  
20170131,10,박훈정 감독은 기대가 되고.김명민씨는 불안하고...영화 흥행하고는 어쩜 그렇게 연이 없는지..하얀거탑 당시의 명료한 발음과 발성은 어디 가고...옹알이같은 발음...개선 있기를...  
20170130,10,이종석의 악역이 너무너무 기대됩니다  
20170129,1,장동건에다가 김명민 박희순 이라..ㄷㄷ  
20170129,10,연기본좌 김명민 박희순 얼굴만 잘생긴 장동건 도깨비 김비서  
20170129,10,댓글이 모두 이종석 얘기 뿐이냐.... 난 김명민 장동건이 기대된다.  
20170128,10,이서준배우 역시 헛것을 본게 아니었어 울보에서도 그렇더니 정말 대박인듯 ㅎㄷㄷ  
20170128,10,넘나 기대 되는 것. 장동건 ♥  
20170127,1,또 북한 ㅡㅡ 이 미친 종북들...  
20170127,10,장동건김명민박휘순이종석VIP기대!!  
20170127,1,믿고 거르는 장동건 김명민 이종석모듬국밥  
20170125,10,이종석의 최초 악역연기 너무 기대하고있습니다! V.I.P 대박나길  
20170124,10,이종석의 연기력을 빛내줄 영화가 둬었으면. 기대합니다  
20170123,10,빨리보고 싶다...너무 기대된다...  
20170118,2,이종석이 알바 많이 풀었네 ㅋㅋ  
20170118,10,이종석이 말하는 그냥악역인 살인마 벌써  너무너무 무서우면서 기대되요  
20170117,10,이종석씨 악역이라니 너무 기대돼요. VIP 화이팅!! 개봉날만 기다립니다!!!!  
20170117,10,이종석 악역연기 너무 기대되네요~~  
20170117,10,이종석의 도전을 응원합니다!!  
20170117,10,이종석의 악역 연기 너무 기대되는데 빨리 보고싶다ㅠㅠ 얼마나 잘할지 보여서 기대 무지 만땅!!! 광일아 천천히 빨리 오렴  
20170117,10,이종석씨가 사연없는 레알 악만 있는 악역을 연기할 예정이라던데 엄청 기대중  
20170117,10,이종석 나오는 드라마나 영화는  다 좋아함...  
20170115,10,이종석배우의 새로운 연기 기대됩니다!!  
20170114,10,이종석의 악역연기 정말 기대됩니다! 빨리 보고싶어요  
20170111,10,너무기대됩니다 이종석님의 악역과 배우들의캐미  매일매일 검색해봅니다  
20170107,10,이종석 악역 너무 기대되구요 빨리보고싶습니다.♥  
20170103,10,악역으로 온 이종석은 어떨까요~빨리 보고싶네요  
20170102,10,이종석이 악역이라니..얼마나 또 내심장 폭행할려고오ㅠ진짜 상상만해도 섹시하다♡이종석♡김광일♡흥해라  
20170101,10,아 ~~빨리 보고잡다 이종석 변신연기  vip 역시 완전 대박날듯  
20170101,10,이종석의 악역변신 폭풍기대중입니다!  
20170101,10,믿고보는 배우 이종석 화이팅!! 악역연기 기대됩니다. 다른배우들도 기대되네요^^  
20161225,10,이종석의 연쇄 살인범 역할!! 기대되네요!!  
20161224,10,믿보석 나온다니 당연히 봐야되겠어요열심히 촬영중이실텐데 힘내세요 악역 변신 기대하겠습니다  
20161222,10,빨리보고싶네요 우리 종석 빠..  
20161218,10,주연배우들 다 연기력하나는 인정받은 배우들이니까. 기대되요~!  
20161217,10,이종소♡♡♡드디어 영화라니~~너처럼 착하고이쁜애가 악역이라니 정말 변신이 기대된다. 꼭보러갈거고 두번세번볼거고 시사회도 가고싶다!!!!  
20161217,10,다된밥에 장돈건 뿌리기  
20161216,10,김명민 나온다니까 보러가야지 ㅠㅠㅠ 이번엔 영화 빵 떴으면ㄴ  
20161214,10,"대호,신세계,악마를보았다 다 너무 재밌게 본 인상깊은 영화인데 박훈정감독이 메가폰을 잡았다니..ㅜ VIP당연히 엄청 기대가 되네요~ 빨리 개봉했으면 좋겠어요!  "
20161211,10,명민좌가 나온다니 당근 보러갑니다!!!  
20161204,10,이종석 연기 보러 꼭 영화관 가야지..진짜 기대됨.  
20161202,10,이종석이면 바로보러 간다 ㄹㅇ  
20161202,10,너무너무 기대되는 이종석의 연기 ^^  
20161130,6,일단 믿고보는 배우들인데 과연 어떨지 기대됩니다  
20161129,10,이종석 배우님의 악역 연기 정말 기대됩니다..♡부담 갖지 마시고 항상 화이팅하세요!♡  
20161126,10,이종석님이 악역이라니ㅠㅠ죽어도 볼게요  
20161126,10,감독은 이거도 망하면 그냥 신세계2 프로젝트 가동하길.  
20161120,10,이종석 넘나기대가 됩니다  
20161115,10,이종석의 연기라면 무조건 믿고 볼랍니다.  
20161114,10,박훈정이니 믿고 보게될듯  
20161114,10,이종석씨도 이종석씨지만 김도진도흥해랏~!!  
20161113,10,이종석이 나온다고 하니까~너무 기대되네요~ㅎㅎㅎ빨리 영화가 개봉했으면 좋겠어요~악연연기 기대하겠습니당~♡  
20161111,10,"일단 감독이 박훈정님이다. 그 분의 전문분야 액션, 느와르, 범죄, 스릴러 장르다. 캐스팅 완료된 출연진이 장동건, 김명민, 박희순, 이종석... 기대 될 수 밖에 없다. 곡성만큼의 충격을 또 한 번 보여줄까?  "
20161108,10,기대합니다 이번영화 대박치시고 신세계2편 꼭 부탁드립니다 제발요 박감독님 ㅠㅠ  
20161107,10,"줄거리가 흥미롭고 배우들 연기변신이 기대됩니다. 부디, 제발, 넘나 간절히 원하는 바인데, 전체적인 구성력, 연출이 뛰어나 신세계를 넘는 평을 받았으면 좋겠고, 잔인함은 덜 디테일하길, 액션은 멋지길,15세로 나오길, 매니아보다 대중적이길,흥행대박기원  "
20161106,10,ㅋㅋㅋ어디 이종석 팬커뮤니티에 올라갔나 죄다 이종석찾고있네  
20161104,1,일단 장동건에서 거름 ㅅㄱ  
20161031,10,와.. 제가 좋아하는 소재에다가 명민님까지 나오시면.. 꼭 봐야합니다!  
20161029,10,헐 우리 민좌.. 이런 장르도 소화해내실 생각 하니까 되게 설레네요  
20161029,10,진짜 재밌겠다....  
20161027,10,이종석님 열번볼께요 아니 시간 날때마다 수시로 가서 볼께요ㅠㅠㅠ 요새 이종석 왜이리 보고싶은지  
20161027,10,한류스타가 악역을 맡는다는건 쉽지않은 선택일텐데 이종석씨가 선택 했을때는 그만한 이유가있겠죠. 찾아보니 감독님께서 신세계 감독님 이시네요*_* 김명민님 장동건님 박희순님 모두다 짱짱하시고 우앙 기대만땅 해도 되나요  
20161027,10,얼른얼른 개봉해서 보고싶다  
20161027,10,선예매후감상 믿고볼만 하네요 악역 광일이 기대됩니다VIP팀 파이팅!  
20161024,10,믿고보는종석이♥ 영화기대합니당  
20161020,10,종석오빠 나온다고하니 위드로써 개봉하자마자 볼려구요 겁나 기대중에다 악역 이라니 별10주고가요?  
20161020,10,이종석의 싸이코패스 연기변신 기대됩니다!! 감독님만 믿고 갑니다  
20161018,10,이종석 화이팅!!!!♥♥♥  
20161017,10,이종석 연기 보고싶어요 이종석이면 잘될겁니다 다른배우들도요  
20161013,10,이종석....!!!  
20161012,1,무간도 표절한 감독 빨아제끼는 수준들 보소ㅋㅋ역시 미개한 종자들이야ㅋ  
20161011,10,나아아아아보고싶다!1  
20161008,10,믿고 보는 이종석! 이번 영화도 기대합니다!!  
20161008,10,안녕하세요 미래에서 왔습니다. 정말 너무 재밌네요  
20161006,10,이종석 악역 연기 기대 할게요~^^  
20161003,10,박훈정감독+이종석이면 바로 예매해야죠  
20161002,10,다좋은데 신세계2 무산 너무 아쉽습니다. 다시 생각해보실생각없나요 감독님ㅠㅠ  
20160929,10,이종석의 살인마연기 너무기대되요!  
20160928,10,정말기대돼는영화~이종석배우의필모의 큰획일될듯~대박나자~vip  
20160925,10,깡철의영화라면 봐야죠  
20160923,10,이종석 배우 악역 너무 기대가 큽니다. 좋은작품 되리라 믿어요! 종석씨 화이팅^^  
20160920,10,이종석의 악역..기대됩니다  
20160920,10,악역연기도악역답게해줄것같아요!!기대해요화이팅!!!!♥  
20160920,10,"연기에 대해 치열하게 고민하고 열일하는 이종석 배우님,,,vip에서 훌륭한 연기로 초대박 나길 홧팅!!!  "
20160918,10,한번도 악역맡으신적 없는울 이종석배우님 완전기대되네요 순딩순딩카와이한데 카리스마있는연기도 잘하시고 우는연기도잘하시고 살인마 연기는 어떻게하실까요ㅎ완전섹시하고 카리스마넘칠것같네융ㅎㅎ개봉할날을 눈빠지도록 기다리겠습니다!!VIP흥해라~~♥  
20160918,10,"광일이란역할위해서 살찌운다는데,,, 살찐싸이코패스는 아난듯..ㅠㅠ 차라리 마른몸이 더어울린듯한데..  "
20160918,10,"새로운 시도의 배역인 만큼 더욱 잘 준비하길 바랍니다. 이종석은 또 잘 해낼겁니다. 감독님, 기라성같은 주연 배우님들과 함께 멋진 작품으로 돌아와주시길... 그 어떤 모습이든 응원하며 보겠습니다~^^  "
20160918,10,이종석이  악역을 맡으면 어떤 느낌일지 벌써 부터 궁금해지네요 ^^  
20160918,10,네 신세계2 제작비 버시는거 일조 할게요 빨리 만들어 주세요  
20160918,10,이종석 배우님 악역 너무 기대되요!!  vip흥해라~  
20160917,10,이종석의 악역연기 너무 기대됩니다  
20160916,9,이종석악역이라니... 더블유에서 이종석연기가 엄청 물오른거같아서 너무 기대되요 ㅠㅠㅜ 그나저나 더블유 끝나자마자 차기작을 바로 시작하다니.. 역시 소처럼 일하는 이종 소..! 매우 바람직합니다..♥  
20160916,10,이종석의 악역연기.... 이때까지 너무 순수하게 나와서 잘 적응을 할런지 걱정된다.ㅠㅠ  
20160916,10,왠지 이종석 인생영화 될것같은 삘이..  
20160915,10,이종석이 악역이라니ㄷㄷㄷ더군다나 감독 필모도 대박임;;이거 완전 기대됨;;;  
20160914,10, 대호 정도의  영화될꺼라 예상해봅니다  
20160912,10,이종석 이즈 뭔들...  
20160911,10,이종석님W드라마정말재밌게보고있어요이번영화의연기변신도기대할게요~  
20160909,10,이종석 배우님의 악역 변신 넘나 기대되는거엇~~  
20160909,10,이종석이 사이코패스 연기를 하는 날이 오다니.. 태어나길 잘했다...  
20160907,10,드디어 악역을 밭아서 너무너무기대 되네요 빨리 보고 싶어요 시사회 하겠죠? 언능 개봉했음 좋겠습니다 너무너무 기다려지내요  
20160903,10,"명민, 종석 배우  나오면 무조건 보러갑니다. 종석배우 악역도 기대!  "
20160902,10,"요즘 드라마 W 보면서 이종석 배우 연기 너~무 잘한다고 생각하는데, 박훈정 감독 영화에 출연한다니 너무 반갑네요. 개봉만 손꼽아 기다리겠습니다  "
20160830,10,이종석 악역 넘나기대ㅠㅠㅠㅠ  
20160829,10,이종석 악역 기대됩니다  
20160829,10,"이종석 출연한다고 하던데 기대합니다 연기도잘하고 한번보고싶다 ,,,     드라마 더블유  잘 보고있어요  "
20160826,10,한국영화의 역사를 다시 쓸 만한 영화군요  
20160825,10,박희순 기대돼요~ 어서 개봉했으면ㅎㅎ  
20160825,10,왠지 기대되는 영화네요.  
20160825,10,이종석의 치명적인 악역연기...너무 섹시할 듯..빨리 보고 싶어요..  
20160825,10,3년 전부터 이종석 악역 기다리고 있었는데 드디어ㅠㅠ 게다가 박훈정 감독님ㅠㅠ 두 분의 찰떡같은 합을 기대하고 응원합니다♡  
20160825,10,이종석 악역 연기 너무 기대되네요  
20160824,10,"진짜 시놉만 봐도 핵잼 필이... 영혼을 담은 작품 기대합니다. 감독님 이하 배우분, 스탭분들 화이팅 하십쇼!  "
20160824,10,이종석 화이팅! 꼭 볼께요  
20160824,10,이종석 악역 변신 기대된다.  
20160824,10,김명민 잘됐으면 좋겠다  
20160819,10,이종석 의 악역연기 너무 기대됩니다.  
20160818,10,이종석 출연한다고 하던데 기대되네요~^^  
20160818,8,시놉시스는 완전 좋네요...장동건 오랫만에 흥행좀 했으면...!!  
20160812,10,벌써부터 스토리가 재밌어질려 그러네  
20160803,10,인퉈풜~ 인퉈풜~ 인퉈눼셜눨~ 풜리스~  
20160731,9,신세계2 은 안나오는게 맞지 싶다. 무간도 시리즈만 봐도 1편만 기억나드라.  
20160729,10,박훈정 감독님....자꾸 이러시면 곤란합니다어서 신세계2 제작하셔요....팬들이 얼마나 기다리는줄 아시나요?이러다 또 제작 무산되면;; 가만히 안있을랍니다  
20160728,10,신세계 찍지... 최근에 한 영화들...다 ...폭...  
20160712,10,신세계2는 계속 안하고 딴짓만하네 -_-;;  
20160711,9,여수로 떠납니다 ! 신세카이2 제작 어서합시다  
20160709,10,오...역시기대치안겠군 기대이상예상하고잇습니다  
20160701,10,신세계2나 빨리 좀 제작해주삼  
20160628,10,첫댓글이다~박훈정이라면믿고봅니다  
