0,1,2
20170315,9,비정규직이라는 현 사회의 문제점을 재미있게 풀어넀다.  
20170315,1,김하늘 나오는 7급 공무원 생각나서 좋은 점수 주기 힘듬;;  
20170315,1,비밀요원 코미디 영화는 무조건 거름  
20170315,10,강예원&한채아 두 여배우의 망가짐의 노력이 결실을 맺길!!  
20170315,10,"시사회에서 재미나게 봤습니다. 마스터나 공조보다 훨씬 재밌어요. 십점만점에 십점 표시했지만 사실은 칠십점 이상 정도에요. 꼭 봐야할 정도는 아니지만 후회는 안하는, 충분히 유쾌한 오락물이에요.  "
20170315,1,한채아땜에 안보고 싶네요  
20170315,10,오랜만에 코믹영화가 나오네요  내가 좋아하는  연기파 배우들 다 나오네요 엄청 재밌을 것 같아요 기대됩니다.  
20170315,10,남궁민영화라니 꼭 볼테양! 김과장~ㅋ  
20170315,10,무난하니 재미나던데?? 보기나 하고 글쓰는거냐;;  
20170315,1,전형적인 한국 코미디 액션 그냥 결말 안봐ㅣ도 예상가능  
20170315,1,양심적으로..이건 아닌듯  
20170315,10,적어도 시사가서 본 사람들은 영화까지말자. 공까로 봐놓고...에이 인생 실패자들아.  
20170315,7,소소한 액션과 재미! 강예원씨연기가 좋았어요  
20170315,1,안봐도 삐급. 잘 봐줘도 씨급  
20170315,1,....33610115663  
20170315,1,올 추석때 티비에서 하겠네요..  
20170315,1,이런 유치한영화 그만만드세요  
20170315,2,솔가 이런영화는 모텔이나 집에서 올레tv로 봐야지 3급영화;  
20170315,9,재밋게 웃으면서 즐길 수 있는 영화입니당 :)  
20170315,10,볼만함주인공들도이쁘고  
20170315,1,이딴 건 기대도 안한다.  
20170315,10,생각없이 보기엔 괜찮던데? 두 여배우 캐미가 보기 좋더라 ㅋㅋ  
20170315,9,남궁민 믿고 본다 ㅎㅎㅎ  
20170315,1,제발 언플 그만해라... 영화홍보로 일반인이랑 연애하는걸 매일 네이버에서 봐야 겠냐....??? 한채아 때문에 안본다...  
20170315,2,시사회 봤네요 33 별루  
20170315,1,제목부터 망 스멜 솔솔 나쥬?  
20170315,1,예고편이 지루하긴 첨이네.. 이 힘든시기에 투자자는 돈이 남아 도네...  
20170315,2,"건대 롯씨에서 시사회봤는데.. 정말 감동, 재미, 스릴 어느것 하나 없는 최악의 영화. 배트맨과 슈퍼맨이 말도안되게 가까워지듯 한채아와 강예원이 왜 친해지는지도 모르겠고, 강예원 배역자체가 영화내내 핵발암..중간에 뛰쳐나가고싶었습니다..보지마세요  "
20170315,1,기대가 안된는영화..  
20170315,1,근데 .... 훌리웃 영화와 비교 하면안되겠지 . 내용이건 뭐건 여주가 이쁘건  다 좋다이거야.. 정말 포스터를 저렇게 밖에 만들수 없었던거냐?? 영화의 반은 앤딩 크레딧  과 포스터 이거늘 .. 삼류 에로 영화냐?  
20170315,1,걍..기대도안됨  제목부터 이미 망조짐  
20170315,1,"미녀와 야수, 콩 스컬아일랜드 한테 밀릴꺼 같다...더구나 로건도 있고..ㅎㅎ  "
20170315,10,생각지도 못한 꿀잼. 두여배우 캐미 터지고 적재적소에 배치된 캐릭터가 시선을 잡아 끈다. 요즘 같은 상황에 진짜 필요한 제대로 웃겨주는 영화!!  
20170314,10,믿고 거르는 강예원...  
20170314,3,기자 평론가들 올3점 .ㅋㅋ  
20170314,9,재밌던데요? 보지도않고 악플은 좀;;  
20170314,1,투자자가 돈이 썩어나나 보네.. 돈많아서 좋겠다..  
20170314,6,평점 6.5 예상합니다  
20170314,10,시사회에서 보고왔는데 출연진들 연기 잘 하시네요. 예원씨 화이팅입니다!  
20170314,10,팝콘무비로는 손색이 없다 ^^  
20170314,10,여배우 투톱 영화라는 자체만으로도 의미있음. 평론가 3놈 조ㄴ나 짜네 대중성도없는 이해못할 영화에는 점수 퍼부으면서 쓰랙이 평론가새키들ㅋㅋ  
20170314,10,한채아 강예원 남궁민 조재윤 김민교 조합자체가 너무 재미있을것 같아요 ^^ 완전 기대중입니다 ~~!!!!  
20170314,8,시사회로 보고왔었는데  스릴이나 흥미적인 면에서는 조금 떨어지지만  기대안하고 보신다면 재미있는 영화입니다.  코미디 영화이긴한데 억지로 웃기려고 하는것들이 좀 보여서;;;;그렇다고 제 기준에선 그렇게 배꼽잡고  빵빵 터지는 정도까진 아니였습니다.  
20170314,10,예원 채아 한국코미디 ... 예매부터  
20170314,1,댓글알바 티난다ㅋㅋㅋㅋ  
20170314,9,VIP시사회 당첨 되어서 갔어요.별기대안하고  봤는데 잼있네요^^한채아 연기짱!!  
20170314,8,간만에 코미디영화.. 기대할께요.  
20170314,9,강예원 화이팅~^^ㅎ  
20170314,10,시사회 보고왔는데 예상치 못한곳에서 터진다 유쾌함을 원한다면 강추!!!!  
20170314,10,한채아는 비호감됐지만 그래도 영화는 재미있을거 같은데?  
20170314,9,굿 재미 있게 보았습니다.  
20170314,1,마케팅비용에 평점 알바비용도 포함되냐?  
20170314,1,평점 알바들 대박이다. ㅋㅋㅋ니들이 10번씩 봐라.  
20170314,10,넘나 재밌을거 같아요ㅋㅋ 이런 유쾌한 영화는 극장에서 보는걸로!  
20170314,1,조선미녀삼총사보다 재미없다..  
20170314,10,잼쓸것 같은데 평점이 왜이럼ㅋㅋㅋ 영화가 모두 다 심각해야 될 이유 있나 한껏 웃기고 즐겁게 보는 영화도 있는거지 고고한척들 하기는 ㅉ  
20170314,1,알바 개 풀었네 진짜 말투라도 자연스럽게들 쓰든가  
20170314,8,시사회로 오늘 보고 왔어요 ㅋㅋ 강예원이랑 한채아 둘다 이쁘구 전 소소하게 웃으면서 보다 왔네용ㅋㅋ 재미졌음!!! 럭키처럼 재밌게봤어요~~!  
20170314,9,웃으면서 즐기기엔 딱 좋네요  
20170313,7,생각보다 훨씬 재밌네요. 남궁민 많이는 안나와도 연기는 진짜 잘하는듯  
20170313,9,기대 안하고 봤는데 재밌네요^^  
20170313,10,완전 웃겨요. 기대없이 봤다가 빵빵 터졌네요^^!!! 강추~~~  
20170313,9,강예원에 한채아..이유는 충분  
20170313,1,다른 것보다 영화 시점에 맞춰 한 언플이 엄청 꼴보기 싫었음.... 계속 숨기면서 쉬쉬하다가 딱 노린 것 마냥 시점 맞춰서 영악하게 언플...ㅋ미녀와 야수한테 휩쓸릴 듯!  
20170313,10,생각보다 재밌었어요~ 기대안하고 봐서그런가 ㅎㅎ  
20170313,9,기대됩니다! ~^^강예원 한채아 짱!!  
20170313,8,웃으면서 봤네요 역할에 다들 연기 잘하시는 것 같아요 ㅎ  
20170313,3,평론가들 점수도 3점... 개봉전 분위기도 그다그. 딱바도 망작 예상...  
20170313,9,한채아와 강예원 연기력과 코믹력 너무 좋았어요.액션과코믹의 조화에요.  
20170313,10,강예원 꾸준히 작품활동 하는거 보기 좋다  
20170313,10,가볍게 즐기기 좋은 오락무비  
20170313,9,남궁민!!! 영화도 흥하길 ^^  
20170313,10,이런 코믹액션영화 너무 좋아요! 바쁘고 무료한 삶에 힐링 된다는!  
20170313,1,평점 알바들 고생이 많다. 개봉도 안했는데 참나..  
20170313,10,간만에  유쾌한영화보니 스트레스가 확 날아가요 비정규직특수요원 영화대박날듯 !!  
20170313,10,강예원 한채아 주연의  코믹액션 영화 잼나요ㅎ  
20170313,10,강예원 한채아 화이팅 하세요  
20170313,9,우울한 시국에 딱 일거 같네요...보구싶어요  
20170313,10,시사 보고 왔어요 이 정도면 잼나는데 ㅎㅎ  
20170313,10,와!~ 재미있겠어요기대기대^ ^  
20170313,9,부모님과 함께 볼수 있을거 같아 기대 됩니다.캐릭터 독특한 강예원씨 연기랑 이미지랑 너무 잘어울리는거 같고  오래간만에(?) 악역 연기하는 남궁민씨도 보고 십습니다.  
20170313,10,진짜 보고싶은 영화입니다.^^  
20170313,10,"강예원, 한채아, 남궁민 완전 기대 됩니다!!  "
20170313,1,포스터부터 노잼이다 ㅋㅋ  
20170313,10,넘나 재밌을듯! 기대가대~  
20170313,10,너무 기대되는 코믹 영화에요 ㅎ 강예은씨 나오는 영화 믿고 볼래요~^^  
20170313,10,완전 기대되용?? 이번주에 보러갑니당~  
20170313,10,간만에 소소하게 웃고왓다!  
20170313,10,기대됩니다!비정규직특수요원  
20170313,10,남궁민 한채아 강예원!!!! 시원하게 터뜨려줄거 같은 영화네요~  
20170313,10,요즘  핫한 연예인!! 강예원 한채아 남궁민 기대되는 조합!!! 기대됩니다:)  
20170313,10,예고보고 완전 기대하고 있습니다~! 배우 캐스팅도 맘에 들어요!!!  
20170313,10,재미있을것 같네요 ㅎㅎ 한채아 짱  
20170313,10,강예원과 한채아의 조합이 왠지 신선해보이네요~ 이번주말에 보는데 기대됩니다~!!  
20170313,10,요즘 매력넘치는 남궁민!!어떤 모습일지 기대되네요~~다양한 국내 영화를 볼 수 있었으면 합니다~~비정규직  특수요원대박나세요!!!  
20170313,10,험난한 시국에 한번쯤 맘편하게 즐기면서 볼 수 있는 재밌는 영화인것 같아요~ 예고보니까 꾸르잼예약!  
20170313,10,오랜만에 한국 코미디 영화네요~ 보기 좋을것같아요~  
20170313,10,"요즘 너무 브로맨스 위주 영화들이 많은데, 기대하고 있어요!!! 재밌을꺼 같아요~ 한채아 강예원 기대기대^^  "
20170313,10,정말 간만에 젬나게 본  영화  
20170313,10,오랜만에 재미있었어요  
20170313,1,평점알바야 작작해라 너무 티나지 않음? 시간대도 좀 나눠서 하든가.. 뜨문뜨문 올라오는 평점 중에 한순간에 10점씩 폭격하고 가면 사람들이 속겠어? 조작도 그럴듯하게 해야지  
20170313,10,한채아배우 짱!!! 너무좋아요  
20170313,10,한국영화 코미디 화이팅!!!  
20170313,10,나혼자산다에서 한채아 넘 예쁘게 나와서 기대 하고 있는데.. 김과장 남궁민까지.. 개봉하면 바로 봐야 겠어요 ㅋㅋ  
20170313,10,완전기대됨!!200만은 기본으로 넘길것같은 영화^^대세배우들까지 출연하고 내용도 기대됨 대박칠듯!  
20170313,10,케이블TV 예고편 너무 재미 있더라구요~ 오늘 버스타고 가는데 버스 광고까지.. 코미디 대작 기대 해요 ㅋ 유튜브에 검색하면 홍보 영상 많더라구요*^^*  
20170313,10,시놉이 정말 좋아서. 꼭 보고 싶어요 ^^  
20170313,10,"예고편 재미있던데... 기대한번 해봅니다.   좋아하는배우 남궁민, 조재윤씨도 나오는군요.  "
20170313,10,남궁민 연기 좋아요 >< ㅋㅋㅋㅋ  
20170313,10,믿고보는 강예원~ 아무 생각없이 웃고 싶을때 딱!!  
20170313,10,나라가 이모양인데 이런류 영화가 잘되어야 할듯 박사모에서 댓글 엉망으로 쓰는구만  
20170313,10,그냥 봐도 1점 영화는 아닌것같은데 평점테러 넘나 심하네 너무햇네 주말에 이 영화 보고 다시 평남겨야지  
20170313,10,여자 배우 투톱이라니 완전 기대중!!!  
20170313,10,이제 개봉이 얼마 안남았어요!~! 너무기대되요 꼭보러 가야겠어요  
20170313,10,요즘 악플 알바도 있나보네...  
20170313,9,남궁민때문에 보고싶어요.. 요즘 연기 대박이시던데.. ^^  
20170313,10,볼만합니다.~!!! 생각보다 재밌습니다.  
20170313,4,감독님이 참여한 전작을 보면 수준있는 가족영화 계열이 많은데..이건 뭐 시대를 역행하는 영화. 2000년 초반 한국에서 만들던 영화 수준이다.  
20170313,9,남궁민 요즘  드라마에서 연기 잘하던데 영화도 궁금하네  
20170313,10,강예원은 솔직히 해운대 이후로 뚜렷한 작품이 기억안날 정도임... 해운대도 주연아닌 조연이었지..  
20170313,10,클레멘타인이후로 엄청난흥행예상  
20170313,1,안봐도 비디오 홍보때문에 더 망할영화  
20170313,10,영화 재밌을것 같아요!!  
20170313,1,"안봐요 군함도,택시운전사,신과 함께,옥자 기대중  "
20170312,5,딱봐도B급영화10자  
20170312,8,요즘 웃을일 없을때?잼있는 영화 나온듯^^  
20170312,1,돈주면서  보라고해도 안봄  
20170312,9,주인공들이. 좋아하는 배우들이라 기대되네요.  
20170312,9,시사회 봤는데 생각외로 꽤 웃겨요  배우들 제대로 활용한듯 ㅎㅎㅎ  
20170312,10,김과장이닷~!! 이번엔 김과장이 특수요원이 되었군요 ㅋㅋ 기대 하고 있어용  
20170312,10,돈 쓰고 화려한 영화보다 낫다. 난 너무 재밌을 것 같다  
20170312,10,재미있네요!!!^^~~  
20170312,1,며칠 후 케이블에서 볼게요  
20170312,10,개대되는.영회중 하나 너무 재미 있을꺼 같아요;;  
20170312,10,기대되는 영화! 나라 분위기도 뒤숭숭한데 사이다 날려줄거 같은 기대감이 드네요!!  
20170312,10,비정규직의 속을 뻥- 뚫어줄!! 걸크러시!!  
20170312,10,"한채아,남궁민 연기 기대됩니다.빨리 보고 싶네.  "
20170312,10,완전 기대 중!!!!두둥!!!  
20170312,10,강예원 한채아 남궁민정도면 괜찮지 않나?보고 판단해도 괜찮을듯 한데  
20170312,10,간만에  유쾌한 영화일 것 같네요기대됩니다^^  
20170312,10,감독님 전작품을 본 관객으로 배우가아닌 감독님믿고 기대하고있습니다^^  
20170312,10,기대중입니당  근데  평점왜이래ㅋㅋㅋ  
20170312,10,기대됩니다!! 강예원 한채아 남궁민 케미 기대만빵  
20170312,10,기대기대 다음주에 보러갑니다!!  
20170312,10,시사로 봤는데 잼나기만하더라 보지않고 1점주는놈들 정신차려라  
20170312,10,코미디영화 간만에 좋아보이네요  
20170312,10,재미있을거 같아요....연기파 배우들도 많이나오시구김감독님 아빠를 빌려드립니다도  생각없이 받는데  재미있어서 살짝 기대되네요 ^^  
20170312,10, 절묘한 조합이 어울리진데요  
20170312,9,150 만 간다 동현배 다음에는 주연이다 호구헌터스 홧팅  
20170312,1,두년들언플비호감 스토리뻔함ㅋ결국 200만 Bep못채우고 망작 올해 추석영화로 귀환  
20170312,4,"여자를 무시하는건 아니지만,,여배우는 그냥 사랑멜로,어머니,아내역할--딱 2개 아니면 흥행 실패한다,,  액션 이나 스릴러 이런 좀 전문적인 역할 하려면,,,엄청난 스킬이 필요함,, 너무 오글거림,,총쏘는게,,  "
20170312,1,안낚일듯... 딱 봐도 노잼이라..  
20170312,2,하아.. ㅈ123ㄴ 특수요원을 비정규지긍로 뽑는 나라가 있나?  제목부터 양산삘 풀풀난다~ 글고 한국에서 총은 ㅅ123ㅂ  
20170312,10,한채아 너무 좋음!!!기대기대  
20170312,10,질투극혐 설마 서장훈 같은 연예계애들이 그사실을 몰랐다고 생각하나;;  
20170311,10,보고싶어요 좋아하는 배우들도 많이나오고 기대기대  
20170311,10,혹시 동현배라고압니까정말 좋은배우다  
20170311,10, 한국영화의 힘! 보여줄꼬아~!!! 매력적인 배우들S2  
20170311,1,관객 12만 예상해봅니다  
20170311,10,재미있게 즐기며 볼만합니당~  
20170311,1,"딱 포스터만 봐도 망할 영화, 감독님~~돈많으 신가봐요~?  "
20170311,10,포스터부터 진짜 싼마이ㅋㅋㅋ100만도 못 넘겄다  
20170311,10,너무재미있고한채아씨액션멋있어요  
20170311,10,엄청 기대되는 영화네요  
20170311,10,동현배 화이팅^^응원합니다~  
20170311,10,기대되는 영화입니다~ㅎ  
20170311,10,강예원 연기대박..기대를 안해서 그런가..완전 웃김~~ㅎㅎb  
20170311,10,락키 이후에 또 다시 유쾌할것 같다  
20170311,1,까보지도 않고 별점 10점 주는건 뭔데 그럼 ㅋㅋㅋ 주작들인가  
20170311,10,난 재밌기만 하더구만 평점들이 너무 박하시네들ㅋㅋ독특한 소재와 배우들의 궁합도 최적화 된 듯킬링타임용으론 아주 딱이라고 봄  
20170311,10,한채아. 완전 기대합니다!!! ㅋ  
20170311,10,올해 제일기대되는 영화에요!!재미있을듯!화이팅1  
20170311,8,코미디 영화 좋아~좋아~개봉하믄 봐야긋다~  
20170311,10,이 영화의 신스틸러는 역시는 역시 동현배  
20170311,10,기분전환했어요재미있게잘봣어요^^  
20170311,10,완전 잘봤습니다 ! 올해들어 제일 재밌는 영화  
20170311,10,기대됩니다. !강예원  
20170311,10,진짜 빤니 개봉했으면 좋겠다 캐궁금 캐미 지릴듯  
20170311,10,재미있을꺼 같아용~ 기대 됩니당.  
20170311,10,까보지도 않고 까는건 아니라고 본다. 좋은 배우들의. 좋은 시너지가 느껴지는 영화.  
20170311,10,"한채아, 강예원 좋네~ㅎ  "
20170311,10,한국영화 힘내자 화이팅  
20170311,10,Hog Hunters!!  
20170311,10,영화 재밌을 거 같아요!! 궁금궁금  
20170311,10,3월기대작 1위 완전기대기댜기대  
20170311,10,한채아 걸크러쉬 기대됩니다.!  
20170311,10,기대해봅니당 동현배 화이팅  
20170311,10,한채아 강예원 남궁민 동현배 화이팅!!! 기대됩니다~ !!  
20170311,10,재미 있을 것 같은데!!!  
20170311,10,재밌을것 같아요~요즘 웃고싶어요~  
20170311,1,포스터는 대한민국이 낚였다난 한채아 졸업사진에 낚였다  
20170311,2,80년대도 아니고 이런 저질영화가 왜 아직도 만들어지는지 모르겠다.  
20170311,1,요즘 박근혜년 하야한게 너무 꿀잼이라 노잼임. 박근혜년 깜방 생중계 보는게 더 재미질듯  
20170311,1,이런 영화도 제작되는거에 놀란다....그리고 한채아랑 강예원이 요즘 언플로  이미지 폭망..공짜로 보라고 해도 시간이 아까워 돈받아야할 영화  
20170311,8,좋으면좋고 싫으면 싫은거지 다짜고짜 욕부터하고싶냐 새키드라 보기싫으면 혼자 안보던가 댓글들이 죄다 기승전 쓰ㄹㄱ댓글뿐이냐  
20170311,1,폭삭망할듯 언플 좀 적당히 하지  
20170311,1,2003년즈음에나 먹힐법한  영화 소재같다  
20170311,1,진짜  내가봐도 망할꺼같은 영화인데 이런영화를 왜 배우들은 초이스하는거지?  
20170311,10,"한채아가 언배때 한 경솔한 행동은 잘못한 일이지만 그것 때문에 피해보고 있는 영화까지 싸잡아 비난하는 좀 너무 하는 듯 합니다. 한채아는 간절하게 영화를 만든 제작자와 감독님, 스텝들과 타배우들, 그리고 당신에게 실망한 대중들에게 사과해야 합니다.  "
20170311,8,남궁민 비중의 차이가 그나마 관객수동원에 힘실어줄듯 강예원.한채아로는 20만도 못든다....  
20170311,1,인터넷에 빨리 올라오길 바랍니다  
20170311,9,아직 개봉전이라 잘은 모르겠지만 볼만할꺼 같은데..  
20170311,1,망할 영화... 안 만드는게 낫지....  
20170311,10,남궁민이불쌍하다  
20170311,1,킁킁.. 망작의 냄새가 난다  
20170311,1,시사회평이 최악이네요..평론가 평점은 심지어 3점...5점 아래인 영화 처음 봤음ㄷㄷㄷ  
20170311,1,예고편이 재미없기 힘든데 뭐한건지ㅋㅋ  
20170311,1,강예원이싫은건아닌데 솔직히 강예원나오는거중 재미있는건 하나도 없었다.  
20170310,5,50만은 넘길수있ㄴㅏ?  
20170310,1,"내 주위에는 이런 영화 좋아하는 사람이 없는데 댓글을 조금만 살펴봐도 재미있을 것 같다, 기대된다, 보고싶다 등의 댓글들이 수두룩. 취향차이면 비공감, 전문 댓글러가 있는거 같으면 공감. ㅋㅋ 진짜 궁금합니다.  "
20170310,2,전형적인 헬조센식 코미디액션짬뽕3류영화일듯 ㅋㅋㅋ 이런영화이제그만좀보자  
20170310,1,이딴영화 보는사람도있냐? 이거볼시간에 로건2번보는게 이득  
20170310,1,일단 스크린 몇개 오픈도 못하는건 당연하고 개봉 몇주안에 Btv모바일 반값할인에 뜰거다.  
20170310,1,내가 정확히 예측해줄게. 이 영화는 2019년에 추석특선영화로 티비에 나온다. ㅇㄱㄹㅇ  
20170310,10,한채아 때문에 본다 별10개 돈아까지않은영화  
20170310,1,한국의 멜리사맥카시를 꿈꾸는가...  
20170310,10,영화보지도 않고 1점 주는 평점테러들 때매라도 난10점 준다!  
20170310,1,한채아때문에 곧 망할영화. 생각없는 골빈놈이야 보겠지만 한채아에 되도않는 홍보를 목적으로 어그로를 끈것이라면 대실패다 좋은이미지를 본인이 망친것이기때문에 두할할 여지없는 자업자득 인과응보다  
20170310,4,배우들의 조합이 특이해보인다.강예원의 연기가 기대된다.꼭 보러가고 싶다.  
20170310,10,이 정도 배우에 스토리면 볼만한 영화일것 같다. 평점테러가 많아 10점 준다  
20170310,10,우리나라 사람들 참 문화의식이 낮습니다..배우들이 여성분들인 경우 연기력도 좋으신 분들이 참 많은데 흥행한 영화들은 대부분 남성배우들이 주연으로 출연한 영화들 뿐입니다. 그러다보니 여성배우들은 흥행이 저조하다는 이유로 조연신세만 지고 있습니다. 지금은  
20170310,1,저예산으로 크게벌려는 수작좀 안부렸으면좋겠네. 옛날같이 톱스타만 나오면 흥행하는 시대는 갔다고; 영화가 잼있다고해도 소재자체가 절대 관객을 끌수없는소재. 이런것좀 그만만들어라 좀  
20170310,1,이미 배레모 각부터 보면.. (절레절레)  
20170310,9,강예원&한채아! 신나게 재미있게 보고 싶네요!!  
20170310,1,드라마 수준 연출과 제작비로 일확천금을 노리는 영화 제작자들이 없어져야 대한민국 영화 수준이 상향 평준화 된다.  
20170310,1,1점인 이유를 말해야하나  
20170310,5,남궁민 메인포스터 써야지~ 클라스떨어짐....    김민교때문에 5점드림  
20170310,1,가만 있으면 중간이라도 가지  
20170309,1,제목부터 신기하게 3류 영화네 ㅋㅋ  
20170309,10,차세찌와의 스켄들로 마케팅효과를 노린 VOD 각 영화  
20170309,9,재미있을것 같아요..  기대 많이 됩니다.  
20170309,1,"불쌍한 제작자,감독,강예원  "
20170309,10,아니 개봉도 안한 영화에 평점 1점 주고 망작일거라고 비난질 하는 개념없는 인간들은  경쟁사 알바들임??  
20170309,1,할머니도 대처할 줄 아는 보이스피싱을?  
20170309,10,출연진들도 멋지고 독특한 소재의 영화로 기대되네요~!  
20170309,10,오랜만에 웃어볼듯. 기대합니다  
20170309,1,한채아 때문에 영화 망했네~~  
20170308,3,올해 영화들은  뭔가  묘하게 재미없다재밌는건 언제나오려나  
20170308,1,한채아 때문에 보려했으나 보이콧합니다.. 당당하게 연애하시는 모습은 좋았으나차마 영화를 볼 수 없네요  
20170308,10,"언제 무대인사 하나요? 한채아 , 강예원 실물 보러 가야징~~~~  "
20170308,8,실제로 국정원 계약직 있습니다  
20170308,1,왠지 극장이 아니라 비디오방 될거같당 ㅠㅠ  
20170308,1,망삘... 예고만 봐도 노잼  
20170308,1,이딴 영화만 쳐 만들어내니까 한국영화가 발전이 없는거다.  
20170308,10,댓글알바라니... ㅋㅋㅋ 일단 설정부터 뭔가 현실풍자가 가득한 블랙코미디 느낌이 물씬 풍기네요 기대하겠습니다  
20170307,10,명대사들 보소 ㅋㅋㅋㅋ  
20170307,1,딱봐도 조선 미녀 삼총사급이다에 내 손모가지를 건다  
20170307,8,와 한채아 진짜 예쁘다 솔직히 한국영화 별로 안보지만 이건 좀 보고싶네요 어서 개봉했으면 ㅜㅜ  
20170306,1,댓글 알바 여러분 티 많이 나요^^  
20170306,1,200만 못 넘긴다에 내 손모가지 건다 망한냄시 풀풀~  
20170306,10,참신선한 소재에 한표 ㅎ ㅎ ㅎ  
20170306,5,개망한다에 한표겁니다  
20170306,1,"안봐도 뻔함, 망했음~  "
20170306,1,진짜 알바들 개많네 리얼 ;;  
20170306,1,오피스텔에서 댓글다는 줄거리인가요?  
20170305,1,존나 3류영화같이 생겻는데 ㅋㅋㅋㅋ  
20170305,1,"망포스 좔좔, 그냥 이런 건 극장용말고 케이블용으로  "
20170305,7,제목에서 신선함을 느꼈지만 예고편보니 액션에 예산 좀 쓰시지 액션에서 아쉬움.공조에서 너무 눈높이가 높아졌나봅니다. 그래도 액션하는 여배우들에서 점수 높이 삽니다 흥했으면 좋겠네요  
20170305,9,간만에 코메디라 기대되네요 꼭 보러가야징  
20170305,1,스토리만 봐도 너무 진부해 ㅠㅠㅠㅠ  
20170305,1,시사회로 봤는데.. 돈주고봤으면 화났을  
20170305,1,일명 추석특선영화 설날특선영화  
20170305,1,퍽이나 흥행하겠다 ..  
20170305,5,조심스럽게 5만명 예상합니다.  
20170304,5,알바들 애쓴다. 1점 줄려다 5점 준 이유는 다운받아서라도 보기는 볼려고.ㅋㅋㅋ  
20170304,1,남궁민이 왜이런 허접한 삼류영화에 안봐도 뻔하겠지만  
20170304,8,코믹이라고 하기에 제목이 넘 슬프넹~  
20170304,5,"코미디가 그닥 먹히는 때도 아니고 액션도 기대가 안되고, 개인적으로 배우들은 좋은데 밸류는 아쉽고. 잘되길 바란다만... 포스터 부터 '대한민국이 낚였다' 이러니 왠지 ;  "
20170304,1,한국영화는 한때 화려했던 홍콩영화의 몰락을 보고 배운 것도 없나? 쉽게 돈 벌려고 저질영화 수백편씩 찍어내다가 한 방에 훅 갔지. 남 얘기 아니다. 정신차려라ㅉㅉ  
20170304,1,쓰레기 스멜이 스믈스믈  
20170304,5,개봉도 안했는데 알바가 벌써?우리 재미 없네요 라고 아예 대놓고 말하지 그러냐...그리고 네이버도 문제다 개봉일 이후로 댓글달 수 있게 바꿔라 이게 뭐냐 진짜  
20170303,3,댓글만 봐도 벌써부터 얼마나 댓글 알바들이 득실 거릴지 눈에 아른거린다... 배우들 이야기만 난무하고 스토리나 구성에 대한 예측은 눈을 씻고 봐도 안보임  
20170303,1,캐스팅을해도 어떻게 내가 싫어하는 여자분들만 골라서.내용도 뻔한 스토리 같구나.  
20170302,1,강예원 라스나와서 비호감짓하고 한채아 연애설 띄우고 홍보 오지게한다  
20170302,5,이런영화 슬슬 하나 나올때도 되긴 했지..  
20170302,2,딱 봐도 이건 목숨건 연애 + 나쁜놈은 죽는다 + 7급 공무원이다.  
20170302,1,진짜 딱봐도 개망할거같다  
20170302,1,주연배우만 봐도 망작 8만 예상합니다  
20170302,9,영화보다 아는형님이 더 흥한듯  
20170302,1,한국여자가 총들고있는 포스터는 다망하던데 ㅇㅈ?  
20170301,1,누가봐도 망할 영화.. 자기 돈 내고 볼 사람 몇 명이나 있을까???  
20170301,10,꼭 보고 싶네요~ 비정규직 파이팅!  
20170301,1,제목이랑 포스터만 봐도 망삘이 느껴진다  
20170228,10,첫개봉할때 영화관오고그러지않나 거기알면 바로가야지ㅜㅜ 남궁민오빠보고싶어요  
20170228,10,배우만봐도 재밌을꺼같아 기대되네요  
20170228,10,배우만 봐도 꿀잼일듯 ㅋㅋ  
20170227,10,꼬옥 대박나길 ! 예원 누나 화이팅!  
20170227,10,우울한 이시국에 코미디 좋아~~^^  
20170226,3,근데 연기는 누가함...?ㅋㅋ  
20170226,1,이딴 쓰레기영화좀 그만 양산하자 어후...  
20170225,10,이젠 남궁민 코미디는 믿고 기다려집니다.  
20170225,1,음... 출연진이 주옥같군  
20170225,1,넘유치해.망삘.드라마랑 다를바 못느낌..  
20170224,10,오락영화로 볼만 한것 같습니다.  
20170224,10,재미있으시네요..  
20170223,1,별로망삘~?ㅋㅋㅋㅋ  
20170223,10,안보국 댓글알바저거 팩트인거 아세요?국정원 우파사이트..  
20170222,10,강예원 누나랑  남궁민 형님 나오면  재미있을뜻 ㅋㅋㅋ  
20170221,6,우리 나라는 필받으면 비슷한 소재와 장르의 영화가 마구 쏟아진다. 특징은 그 와중에 그래도 재밌는게 있다. 단점 몰개성 장점 서로 경쟁붙어 그 중에 건질게 생김  
20170221,10,이정민짱 이정민짱 이정민짱!!!!  
20170221,10,그렇게 댓글들에서 김민교는 묻혀갔다...  
20170221,2,포스터 왤케 촌스러움 ㅋㅋ 언제적 디자인이냐 90년대인줄  
20170221,10,김민교 님이 영화계 진출을 감축드리옵니다.게다가 보이스피싱 이라니 ㅋㅋ 완전 잘어울리는 역할임 ㅋㅋㅋ  
20170221,3,딱 3점 나올거 같다..대게 이런류의 영화는 그렇거든..  
20170221,10,두 배우가 여성배우고 코믹 애션이라니 넘 기대돼서 10점 일단 예고편이 웃겨여  
20170220,10,아시아 5개국 개봉 확정이라는 기사를 봤는데 넘나 재밌게 만든 영화인가보네요! 꼭 보러가야겠어요  
20170219,1,진짜 평점 알바가 있구나...한국 오락 영화 평점 9.4...다들 영화 얘긴 없고 누구나오네 누구 나오네 하고 평점 10점 주네...대단하다외국영화 상영관 좀 늘립시다  
20170218,1,ㅋㅋ실시간 검색어 조작봐라ㅋㅋㅋㅋ존나어이없네  
20170218,1,OO같네 국정원모독이다  
20170218,10,내사랑 한채아 때문에라도봐야지♡  
20170217,10,와디즈 통해서 이번 영화 펀딩에 참여하게 되었습니다. 많이 기대하는 중입니다. 관객들에게 많은 웃음과 힘을 주시길.  
20170214,10,보이스피싱 소재 웃기네. 재밌을거 같아.  
20170214,1,감독이 미쳤지.... 하필 캐스팅을 해도 강예원을 하냐 ㅋ 강예원 출연한 드라마 몇개만 봐도 연기는 아니다 라는걸 알껀데  
20170213,10,한채아 기대됩니다 터프한 역할 잘어울릴거같아ㅋ  
20170213,10,여성콤비 영화 기대되는구만!  
20170213,1,강예원은 무슨 백으로 주연만  출연하지? 연기력도 그다지 좋지않고  ㅎㅎㅎ  다 개봉흥행 실패하고  
20170213,1,이런 것 좀 만들지 마라 휴...  
20170213,10,간만에 잼나는 영화 보겠네여.기대 많이 됩니다^^  
20170213,10,한채아씨 너무 팬입니다!! 영화 대박!!!  
20170211,10,진짜 재밌을거같아욬 기대돼요??  
20170210,10,강예원에 명연기 기대되용!!  
20170210,10,요즘 좀 재미있는 거 보고 싶은데~~~^^코믹퀸 강예원이 나온다니까 믿고 기다리려구요  
20170210,10,완전 재밌어보여요ㅋㅋㅋㅋ꼭보고싶어용  
20170210,10,아진지 우리나라를 꼬집는 영화가 될 듯너무너무 기대됨니다!!!  
20170210,10,보고싶어요~~~기대되요  
20170210,10,기대되는작품!! 빨리보고싶어요!!  
20170210,10,신박한 소재로 관객들을 사로잡길...  
20170210,10,잼있는영화가 곧나올것 같네요기대됩니다~  
20170210,9,남궁민 강예원 한채아 ~~!! 이 세분의 조화가 너무 기대가 됩니당 빨리개봉했으면 좋겠어요  
20170210,9,너무너무 기대되요!!!  
20170210,10,유쾌하게 즐길 수 있는 영화 같아요!! 기대됩니다  
20170210,10,"좋아하는 한채아님과 강예원, 남궁민 배우 셋의 완벽한 조합!!! 재밌을거 같아요  "
20170210,10,너무 기대되는 영화 ㅜㅜㅜ 좋아하는 배우들만 잔득 나와서 너무 기대돼요  
20170210,9,남궁민 한채아 강예원 너무 기대되요~~ 개봉날짜만 기다려지네요ㅠㅠ  
20170210,8,남궁민이 나와서 기대되요!!  
20170210,10,완전기대되요!!!유후  
20170209,10,재밌을거 같네요~ 기대됩니다  
20170209,10,강예원의 능청스런 코믹연기와 한채아의 연기가 너무기대되네요~  
20170209,10,너무 기대되는 영화입니다!!  
20170209,10,사랑해요~ 채아누님!!!  기대됩니다!!! 비정규직 특수요원!!! 개봉하자마자 봐야겠네요~  
20170209,10,너무너무 재미잇을것 같아요!!  
20170209,10,"개성 넘치는 강예원, 한채아, 남궁민 배우의 케미도 기대되고, 흥미진진하게 전개될 이야기도 궁금해요!! ^^  "
20170209,10,보이스피싱에 털린 국가예산을 환수하라는 독특하면서도 시사적인 설정이 특히 눈길을 끄네요!  #강예원 #한채아 라는 핫한 배우들도 스크린에서 볼수이어 반갑구요~ 예고편보니 정말재밌던데 제대로 된 코믹액션물인 것 같아 꼭 보고싶어요!  
20170209,9,출연진이 아주 빵빵하네요. 믿고보는 남궁민! 이번 연기 변신도 정말 기대됩니다.  
20170209,10,한채아 언니 팬인데 아빨리ㅜ 영화 너무너무 기대되요!!! ㅋㅋㅋㅋ영화너무 기대되요!!!  
20170209,8,라인업 대박!! 너무너무 기대되요!  
20170209,10,김과장 낭궁민님과 강예원 한채아씨의 환상의 조합 너무 기대되네요 ㅎㅎ  
20170209,10,좋아하는 배우들의 특별한 조합이라서 매우 기대하고 있는 작품입니다!  
20170209,10,비정규직 특수요원! 예고편을 봤을때부터 기대가되는 영화였습니다. 빨리 나왔으면 좋겠네요 비정규직 특수요원 화이팅~!  
20170209,10,"빵야 ! 빵야 ! 남녀노소 불문하고 3월 , 웃음을 책임 질 최고의 첩보코믹물 ㅋ  "
20170209,10,재미와 감동. 기대해봅니다  
20170209,10,남궁민 배우 정말 기대됩니다 짱짱  
20170209,10,너무 재밌을 것 같아요 기대됩니당ㅎㅎㅎㅎ 신선한 소재에 좋은배우들 기대되여 빨리 개봉했으면 좋겟ㅆ습니다.  
20170209,10,배우들 조합 짱ㅋㅋ 기대합니다! 비정규직 특수요원 개봉하면 바로보러가야겠습니다  
20170209,10,"흥행보증   강예원, 한채아, 남궁민  역대급배우들 조합이네요.엄청 기대되요  "
20170209,10,너무너무기대됩니다~~~!!!  
20170209,10,기대됩니다!!얼른 개봉했으면 좋겠어요  
20170209,10,강예원씨의 귀여우면서 허당끼가 있는 연기는 항상 재밌게 보고 있어요! 한채아씨의 털털한 연기는 뭔가 색다르고! 그런데 두분이 만난다니!!! 정말 기대됩니다.  제 영화리스트에 추가될것만 같은 느낌♡  
20170209,10,진짜보고싶어여 강예원님좋아요  
20170209,10,신선한 발상의 영화 기대됩니다~~  
20170209,10,웃기는 데 물오른 강예원과 한채아의 조합이 기대된다! 전작에서 악역으로 이름을 날렸던 남궁민이 이번역할로는 아떤모습을 보여줄지! 궁금하니 꼭 보러가야겠디!  
20170209,10,믿고보는 배우 남궁민 기대되네요!  
20170209,10,특히 한채아님 기대됨ㅎ  
20170209,10,"강예원,남궁민, 한채아 조합정말 재밋을것같아여!!이건 무조건 봐야죠!!응원합니다!  "
20170209,10,너무 기대됩니다!!!  
20170209,9,한채아씨 좋아해서 보고 싶어요 ㅋㅋ  
20170209,9,엄청 기대되는 영화입니다. 댓글요원!!강예원!!한채아 모두 기대되는 요소들이네요  
20170209,9,난 강예원 완전 기대!!!  
20170209,10,강예원 남궁민이면 믿고 보게 되는! 어떤 내용이 나올지 기대돼요~  
20170209,10,한채아 남궁민 강예원 조합 좋을듯! 기대되는 작품  
20170209,10,유쾌한 영화일듯 싶어요!! 기대되네요ㅎㅎㅎ  
20170209,9,색다른 소재가 연기 잘하는 배우들과 만나 재밌고 통쾌한 영화가 될것같아요~~♥  
20170209,10,강예원표 코믹연기가 기대되는 비정규직특수요원  
20170209,10,믿고보는 남궁민 ㅎㅎ꿀잼. 빨리 개봉했으면 좋겠네요! 기다려져요.  
20170209,10,"독특한 소재와 강예원, 한채아, 조재윤, 김민교 그리고 남궁민이라는 최고의 코믹군단까지! 기대돼요!  "
20170209,10,강예원님의 작품이라 특히기대됩니다!! 항상 재밋게 연기 보고있었는데 이번작품역시 엄청 재밌을거같아요ㅠㅠ 빨리개봉해주세여 현기증나요  
20170209,10,너무너무 기대되요!!!  
20170209,10,남궁민 한채아 강예원 조합이 정말 기대됩니다 빨리 개봉했으면 좋겠어요!  
20170209,10,너무 기대되는 작품이에요^^  
20170209,10,배우들이 좋아하는 배우들이라 매우 기대가 됩니다!  
20170209,10,빨리 3월이 오길 바라는 영하입니다. 배우들의 조합도 기대되지만 영화 내용이 궁금해서 미칠 것 같아요 ㅋㅋㅋ  
20170209,10,강예원과 한채아 두 분의 만남 기대되네요  
20170209,10,오랜만에 재미난 영화일 듯 기대되요  
20170209,10,남궁민...♡기대중입니다 ㅠㅠㅠㅠ  
20170209,10,강예원 언니 퐈이팅!!  멋진 언니~^^  
20170209,10,강예원 배우가 나오는 것만으로도 유쾌 통쾌 할 것 같아요~ 벌써부터 기대되요♥  
20170209,10,이런 로맨틱 코미디 기대되요한채아남궁민 투샷...상상만해도 최고네요!  
20170209,10,빨리 보고싶어요~ !!!  
20170209,10,좋아하고 믿고보는 배우들이 나와서 완전기대됩니다♡  
20170209,10,국가안보국 댓글알바요원과 경찰청 미친X 형사가 보이스피싱 조직에게서 털려버린 국가 예산을 찾기 위한 어울리지 않을 것 같은 콤비가 되어 합동수사를 하면서 벌어지는 그녀들의 활약 '비정규직 특수요원' 기대해요!!  
20170209,10,웃을 일 없는데..큰 웃음 기대기대..  
20170209,10,요즘 2017 년을 책임질 배우들이 뭉쳤나봅니다남궁민 강예원  한채아 조합이라니 기대되서 어여 보고픕니다  
20170209,10,보이스피싱과 관련하여 보여주는 첩보 형식의 코미디가 정말 궁금하고 코미디 장르에 잘 어울리는 배우들의 완벽한 연기도 기대됩니다 ^_^  
20170209,10,강예원에 요즘 뜨는 김과장님까지 합세한 코미디 영화라니 기대됩니다!통쾌하고 유쾌한 영화가 되길 바랍니다.  
20170209,8,강예원  배우 기대합니다.  
20170209,8,믿는배우들. 기대 합니다.  
20170209,10,올해 기대작입니다!!!얼른 보고싶어요  
20170209,9,진짜진짜 너무 기대가 됩니다 꿀잼예상!!  
20170209,10,남궁민의 믿고보는 연기!!!기대됩니당~  
20170209,7,"어디서나 강한 인상을 남기며 탄탄한 연기력을 보여왔던 배우들, 황당하지만 실제로 일어날지도 모르는 흥미로운 사건 설정, 예고편부터 느껴지는 유쾌함 덕분에 기대가 많이 되는 작품입니다. 좋은 작품이기를..!  "
20170209,10,너무기대가됩니다!!비정규직특수요원화이팅^^  
20170209,10,신선한 소재+배우들의 뛰어난 연기력 = ♥ 기대되는 영화입니다! 얼른 개봉했으면..  
20170209,10,강예원 한채아도 재미있을 것 같은데 남궁민이 가장 기대되네요  
20170209,10,예고편부터 너무 재미있네요 기대됩니다  
20170209,10,강예원 한채아 콤비 기대되네요  
20170209,10,신선한소재!!!!  기대할께요~  
20170209,10,"기대하는 중!! 남다른 스토리, 한채아, 강예원의 케미는 어떨지!! 오랜만에 유쾌한 코미디 영화 보고싶다 !!  "
20170209,10,배우 강예원과 한채아의 캐미가 궁금해지는 영화인거같아요~ 티저재미있던데!! 꼭 보러가야겠어요ㅋㅋㅋ  
20170209,10,라인업 부터 보고싶어지네요!!!! 개봉하면 꼭봐야겠어요  
20170209,10,재밌을 것 같아요 기대됩니다 :)  
20170209,10,배우들의 케미도 기대되고 스토리도 흥미롭게 보여요 개봉날이 무척 기다려지네요 ^^  
20170208,9,기대되는 본격 코믹수사물 얼른 보고 싶네요!!!  
20170208,9,코미디장르라 더기대되요 시원한 웃음 기대됩니당  
20170208,10,영화너무기대됩니다직장을사수해야되는댓글알바생대임무를완수해야하는 여자경찰보이스피싱집단에들어가서 기막힌공조가시작될것같고 재미두배일것같아요  
20170208,10,한채아랑 강예원 두여자의 캐미가 넘넘 기대됨ㅎㅎ얼른 개봉했음 좋겠어용~~~~!  
20170208,9,진정 가대되는 코미디 ㅋㅋ  
20170208,10,한채아 강예원 그리고 남궁민의 각자의 맡은 역활들의 내용이 때로는 무겁지만 코믹하면서 반전이 있을듯 합니다  
20170208,9,기대됩니다~~남궁민과 강예원님의 연기 기대되네요ㅎㅎ  
20170208,10,일단 강예원 남궁민이라면  
20170208,10,강예원씨와 한채아씨의 코믹연기가 너무 기대됩니다  
20170208,9,보이스피싱이라는 새로운 주제와 개성있는 배우들의 케미가 돋보일것 같습니다  
20170208,7,액션 코미디 재밌을거 같다! 남궁민 연기갑ㅠㅠㅠ 기대된다....!  
20170208,10,배우 조합 매우 굳굳 빨리 보고싶어요!!  
20170208,10,강예원 한채아 여여 파워 액션 정말 기대됩니다!!  
20170208,10,너무나 기대돼는 작품♥♥ 다들 좋아하는 배우라 기대가 더욱 됍니다♥  
20170208,9,영화 제목값하는 제가 바로 비밀 요원입니다. 너무 재밌을 것 같아요^^ 히히  
20170208,10,강예원 한채아 남궁민 이 세 배우들의 호흡이 너무 기대가 됩니다~~  
20170208,10,남궁민 기대합니다 ㅋㅋ!  
20170208,10,정말 기대되네요 빨리 개봉했으면 좋겠어요~  
20170208,10,한채아님 남궁민님 너무 좋아하는데 두배우님 나오셔서 너무 기대됩니다!!!  
20170208,10,코믹 그 자체와 시원하게 통쾌하게 문제들을 해결하고 공감되는 부분들도 많을것 같은 영화~배우들의 연기도 기대 만땅  
20170208,10,두근 두근 너무 기대됩니다 헤헤헤!어서 보고싶어요 ㅋㅋ  
20170208,10,벌써부터 기대가 되서 10점 주고 갑니다~!  
20170208,10,기다려지는 다재다능한 강예원X한채아 예측불허 웃음폭발 케미 ! 3월 빵야빵야~  
20170208,10,꼭 보고싶네요 ^^♡ 너무 재밌을것 같아요!!  
20170208,9,너무 기대되는 영화네요~ 빨리 보고싶어요!  
20170208,9,"개봉전에도 캐스팅도 좋고, 예고편도 재미있어서 너무 기대가 되는 영화인것 같네요 :)  "
20170208,7,우리나라 비정규직의 잔인함을 담은 영화일지 아니면 그런 요소가 없는 그냥 코미디 영화일지 기대됩니다.  
20170208,10,유쾌하게 웃을 영화라 기대되네요!너무 예쁜 한채아도 나와서 기대되요~~~ :^)  
20170208,10,남궁민 진짜 스크린에서 만나다니..!! 개기대되ㅇ!!  
20170208,10,오랜만에 재밌을것 같은 한국코미디영화가 나와서 기대돼요! 배우들 라인업도 좋구 보고싶어요!!  
20170208,10,배우들의 조합이 기대되는 작품 감독님이 스토리를 얼마나 재밌게 풀어주실지 궁금하네요.  
20170208,10,남궁민 한명만으로도 기대되는.작품  
20170208,10,영화 비정규직특수요원 강예원 한채아 남궁민 세분의캐미정말재밋을것같애요기대됩니다  
20170208,10,배우들만으로도 존잼 예상!  
20170208,10,소재자체도 특이하고 배우들도 짱짱하네요 ㅎㅎ기대됩니다!!!!  
20170208,10,넘아 예쁜 한채아 ㅠㅠㅠ 기대되요 남궁민 요즘 김고장나오는데 완전 웃김 ㅠㅠㅠㅠ 기대되요 시원하게웃을 수 잇을것같어요!!!  
20170208,10,믿고 보는 강예원니 ㅠㅠㅠㅠ ?? 기대쨩  
20170208,10,배우들의 케미와 연기력이 기대되는 영화예요!꼭~~보러가야쥬?  
20170208,10,크 너무나 기대돼는 영화 빨리 개봉하길!  
20170208,10,솔직히 이건 진짜 보고싶었다...예고편부터 웃김ㅋㅋㅋ  
20170208,10,"특수요원 마저 비정규직이라니.. 제목이 씁쓸하지만, 예고편 보니 엄청 재밌을것 같네요 ^^  "
20170208,10,조합 제목 내용 티저 모든 부분에서 기대됨  
20170208,10,배우들의 활약이 기대되네요^^  
20170208,9,흥미로운 이야기! 기대중입니다!  
20170208,10,아직 개봉전이지만 궁금하고 기대되네요  
20170208,10,강예원X한채아 케미가 완전 기대됩니다~  
20170208,10,믿고보는 남궁민!!! 너무 기대됩니다!!!  
20170208,10,캐스팅부터가 벌써 가대되요 ㅋㅋㅋ  기대됩니다!  
20170208,10,꼭 보고싶어요.알바인생인 제인생과 비슷하네요 ㅋㅋ이후에 펼쳐질 이야기들이 궁금해요!!!!  
20170208,10,완전☆기대중☆폭발☆이거슨☆우주대폭발☆흥해라!비정규직!비밀요원!  
20170208,10,완전 기대되고 보고싶은 유쾌통쾌상쾌한 영화... 출연진 또한 좋아하는 배우들로 채워져서 더 기대됩니다.  
20170208,10,"남궁민 배우분의 다채로운 연기 스펙트럼과강예원분,한채아분 그리고 기대되는 조연분들로비정규직특수요원영화기대되네요 파이팅!  "
20170208,9,강예원씨 너무 좋아하는데 비정규직 특수요원도 기대합니다!!  
20170208,8,배우들의 조합 기대돼요!  
20170208,10,강예원 한채원 두 분의 케미 너무 기대되요ㅎㅎ  
20170208,9,어떤 영화일지 기대 되요^^  
20170208,10,강예원님 한채아님 너무 이뻐요!!! 볼러갈꺼예용  
20170208,8,개봉전이지만 재밌는 영화일거 같아서 기대됩니다~^^  
20170208,10,남궁민×강예원×한채아 조합이 기대되네요.  
20170208,10,기대되는 액션코믹 영화ㅎㅎ 한채아 욕 겁나 찰지게 하는듯ㅋㅋ  
20170208,10,정말기대되는 영화 빨리개봉했으면좋겠습니다.여자친구랑  꼭갈께요 ㅋㅋ배우님들보러 ㅋㅋ  
20170208,10,액션영화하면 강예원이지~남궁민은 이미 리멤버로 연기력 말할 것도 없고 개인적으로 김덕수 감독 데뷔작 아빠를 빌려드립니다 재밌게 봤었는데 그때 같이 호흡 맞췄던 조재윤이랑 계속 인연 이어가는 모습 보기 좋음. 배우 조합에 스토리 감독 까지 삼박자 완벽함  
20170208,9,넘나 기대됩니다!~~~^^  
20170208,10,출연진 조합도 그렇고 기대됩니당  
20170208,10,강예원 배우 특유의 연기도 너무 기대되고 소재 자체가 신선해서 너무 기대되요ㅠㅠ  
20170208,10,넘 기대되요~~♡♡한채아 언니!!'나혼자산다' 에서는 맨날 허당처럼 보였는데...ㅎㅎ짱멋있어 보인다는  
20170208,10,강예원과 한채아에 조합이 너무 궁금해요  
20170208,10,너무 기대됩니다! 진짜 엄청 보고싶어요!  
20170208,10,강예원 한채아 너무 예뻐요ㅎㅎ완전 기대됩니다^^ㅎ  
20170208,9,"국가정보원이 뚫렸다니!! 참신한 소재에 남궁민, 강예원, 한채아, 세 배우의 연기호흡도 넘넘 기대됩니당^^  "
20170208,10,좋아하는 장르에 좋아하는 배우진! 개봉일이 기다려집니다.  
20170208,10,빵 터지는 코믹 연기 기대하겠습니다.  
20170208,10,완전완전 기대되요~~ 엄청 재밌을 것 같아요!!  
20170208,9,미치도록 궁금한 영화!!얼릉 보고싶은대 시간이안가....ㅠㅠ재밌으면서도 반전일어날꺼같은대 너무 기대되요!!!!  
20170208,10,비정규직이란애환도있을거같고 그속에재미도있을거같아서기대됩니다  
20170208,10,연기 잘 하시는 배우님들의 코믹 연기라니 더 기대되네요.ㅎㅎㅎ  
20170208,10,배우들의 캐미가 기대되는 영화입니다!기대되요~~  
20170208,10,배우분들의 연기 호흡 기대됩니다~^^  
20170208,10,등장인물들의 좌충우돌 코미디가 기대되는 영화에요 ㅎㅎ 개봉하면 꼭 보러가뎄습니다!!  
20170208,10,예고편 너무 흥미진진...스토리 진행이 궁금..한채아 강예원 등 배우들의 연기도 좋구요. 개봉을 기다려요.  
20170208,10,남궁민나오니깐 무조건 봐야겠다ㅇㅇ 걍 재미있을듯  
20170208,10,역시예고편을보니기대할만해요!!개봉까지기다리기힘드네요!  
20170208,10,재밌을거 같아요!! 꼭 보고싶습니다!!  
20170208,10,비정규직특수요원빨리보고싶네여!ㅎㅎ  
20170208,9,보이스피싱이라는 신범죄소재에 남궁민이면 말다했네  
20170208,10,강예원의 코믹연기 언제나 재밌었기에이번에도 기대되는 영화!  
20170208,10,제목부터 너무 인상깊은 영화일거같아요! 강예원 배우의 에너지 너무 기대됩니다  
20170208,9,능청스런 연기에 빵빵 터져요...ㅋㅋ  
20170208,10, 예고편만봐도 기대되는작품 강예원 코믹연기는 믿고보는부분이고 남궁민 한채아 전부 좋아하는배우라서 기대가 많이되네요!  
20170208,10,"믿고 보는 강예원 코믹연기 아니겠어요 , 예고편 봤는데 진짜 꿀잼 기대합니다~  "
20170208,10,남궁민씨라서 믿고 기다립니다.  
20170208,10,강예원 너무 이쁘고 기대될듯 ㅜㅜ 재밌을거 같아여  
20170208,10,코믹 연기 너무 기대되네요. ^_^  
20170208,9,배우들의 조합 기대되네요  
20170208,10,주연이 너무 좋은 캐스팅이어서 재밌을듯#~~  
20170208,10,코믹 장르 좋아해서 기대되네요~  
20170208,10,"너무너무 기대되고""어서빨리 보고싶어요♥♥♥  "
20170208,10,남궁민 한채원 강예원!! 다들 좋아하는 배우님들이라 기대됩니다ㅎㅎ 스토리도 재밌을거 같아요 :)  
20170208,9,기다리고 잇는기대되는 영화~~  
20170208,10,남궁민 김과장에서 잘 보고있는데! 영화에서도 좋은 연기 보여줬으면 좋겠어요~~ 영화 빨리 보고싶어용!  
20170208,9,"첩보, 국정원, 코믹이라는 여러가지 다양한 소재를 잘 섞어 만든 영화라 기대됩니다! 그리고 배우들의 연기도요  "
20170208,10,취업사수와 잠입수사 목적으로 화끈하게 유쾌하게 펼쳐질 강예원 X 한채아 워로맨스 기대되네요.  국고를 다시 환수하라. < 비정규직 특수요원 > 파이ㅡ팅  
20170208,10,너무 기대돼요!!!!  
20170208,10,부모님 모시고 보러가면 좋을 것 같아서 개봉 기다리고 있어요! +0+  
20170208,10,배우 라인업부터가 기대되는 영화 게다가 재미 쏠쏠한 스토리까지 빨리보고 싶다  
20170208,9,남궁민 캐리 믿어봅니다!~~  
20170208,10,재미없을수가 없는 조합 아주아주기대됩니당  
20170208,8,제목은 무겁지만 내용은 통쾌하고 코믹한 영화  
20170208,10,출연배우 봐도 재미있을듯 해요 빨리 보고싶네요  
20170208,10,주인공 배우들 다 꿀조합....!!!!빨리 나오기만 기다리고있어요!!!! 기대됩니당!  
20170208,10,강예원씨와 한채아씨의 조합 기대되네요~!!! 개봉하면 바로 보러가야겠어요!!?  
20170208,10,기대되는영화 빨리뵜으면  
20170208,10,스토리 재미지네요 웃길것같은 예감~^^  
20170208,10,지금 두근두근기대중 기다리고앟어요  
20170208,10,색다로운 영화요소! 정말 기대되는 작품>< 기대되는 배우 분들도 나오고!  
20170208,10,배우들의 케미 기대되요~  
20170208,10,"출연진 보니 이미 기대작, 예고편보니 초기대작!  "
20170208,10,한채아 강예원 그리고 남궁민의 조화가 기대되는 작품! 그리고 '아빠를 빌려드립니다'라는 영화를 감독하신 김덕수 감독님까지 정말정말 기대가 됩니다^^  
20170208,8,믿고 보는 강예원 배우님...! 한채아 배우님과 케미 진짜 기대되요!!  
20170208,10,남궁민님 나오는 영화! 기대합니다!  
20170208,10,영화 기대하고 있습니다유쾌한 영화일것 같아서 개봉일이 기다려집니다  
20170208,10,남궁민 그리고 강예원 연기 정말 기대하고 있겠습니다~^^  
20170208,10,와우 넘나 손꼽아 기다리는 비정규직 특수요원♥ 대박대박 재밌겠어요!! 강예원 ♥ 남궁민 ♥ 한채아 ♥ 어서 보고싶어여  ^^ 웃음가득 행복가득 신바람나는 비정규직 특수요원 ^^~  
20170208,10,남궁민 기대합니다 김과장에서 잘보고있는데영화개봉되면 대박예감되여  
20170208,10,강예원의 약간 b급스러원 분위기와 친근하고 천연덕한 코미디를 좋아해서 기대가 됩니다.  
20170208,10,개봉전부터 너무 기대되요ㅠㅜㅠ 얼른 개봉해주세요!!!  보고싶어요ㅜㅜ  
20170208,10,너무너무 보고싶어요!!!유쾌한 영화가 될것같아요  
20170208,10,강예원이 나오는데 이건 그냥 대박영화아닙니까? 빨리개봉했으면 좋겠네요 ㅠ  
20170208,10,얼른 개봉해라 ㅠㅠ 궁금해 죽겠습니다..  
20170208,10,"아는형님에서 보고반한 강예원, 요즘 연기에 물오른 김과장 남궁민, 개그맨 아니셨나요? 김민교, 나혼자산다에서 쿨했던 한채아다양한 배우들의 연기 엄청궁금해요!  "
20170208,10,"한채아, 강예원 여배우분들에 대한 일단 기대감  업해봅니다. 신나게 짜릿하게 웃을준비 해야겠지요.!!배우분들의 엉뚱한 매력에 빠지는 기회를..  "
20170208,10,이런 영화는 봐야죠완전 웃길듯강예원님 연기 완전 기대  
20170208,10,코믹과 액션의 만남 ! 기대되는 영화예요  
20170208,10,비밀업무 과연 성공할지 기대기대  
20170208,10,정말 최고로 기대되는 영화 입니다  
20170208,10,비정규직 스파이라니ㅋㅋ소재도 독특하고 재미있을거같아요!!  
20170208,10,강예원 한채아는 사랑입니다  
20170208,10,강예원 연기 기대중~! 재미있을것같음  
20170208,10,한채아 너무 이쁜듯ㅠㅠㅠ보고싶어요  
20170208,10,두 여자의 코믹액션 완전 기대됩니다  
20170208,10,얼른 개봉해서 영화관가고 싶네요ㅎㅎ!완전 기대되요~~~~!!  
20170208,9,재밌는 소재 일것 같습니다!!! 남궁민 좋아요!!!  
20170208,7,"머리아프고 복잡할 때에 볼만한 영화밀 듯 연기를 위해서 망가짐을 두려워 않는 배우 강예원, 한채원, 조재윤,김민교, 그리고 특별 출연 남궁민까지 우왓 그래서 보고 싶어요 비정규직 특수요원!  "
20170208,10,"[강예원,한채아,남궁민 대박 꿀조합]직장사수 vs 임무완수~날아간 국가예산을 환수하기 위한 불편하고 수상한 합동수사가 시작된다  "
20170208,10,예고편보기전에도 너무 기대됐는데 예고편보니깐 더욱 기대되고 벌써부터 보고싶어 미치겠다.  
20170208,8,"남궁민 ,  한채아 , 강예원 . 배우들의 코믹한 연기와 케미가 어떨지 궁금 기대되네용ㅋㅋㅋㅋ  "
20170208,9,강예원 남궁민 한채아 코믹연기 기대됩니다ㅋㅋㅋㅋ 재밌을거같아여~  
20170208,9,남궁민 요새 재밌는 역할 많이하더라구요 ! 넘나 기대되는것  
20170208,9,"코믹연기의 대가 강예원, 제대로 된 액션연기 보여줄 한채아..거기에다 믿고 보는 남궁민까지! 그녀들의 국가재산을 되찾기 위한 눈물나는 보이스피싱 검거 스파이 작전! 넘 기대됩니당~~~!!!  "
20170208,10,배우들 조합이 넘 기대되네요빨리 보고 싶어요  
20170208,10,믿고보는 로코 강예원!!  
20170208,10,강예원 한채아의 코믹 연기가 기대되는 이 영화!!!  
20170208,10,일단 실력파배우들이라 기대하는중  
20170208,9,진짜 이 조합 기대되네용ㅎㅎ케미 쩔듯ㅎㅎ  
20170208,10,연기파배우들의 라인업이라 믿고 볼 영화인 것 같아요! 벌써부터 기대됩니다! 비정규직특수요원 화이팅!!!  
20170208,9,코믹물스타일영화를오랜만에볼수도있어서너무좋네요한채아와강예원의 두여배우들의 액션연기도기대가많이되네요  
20170208,10,무조건 보려구요!!!  
20170208,10,너무 기대되용 빨리 보구싶다잉  
20170208,10,재미있을꺼 같아요ㅎㅎ정말 기대되는 영화예요^^  
20170208,10,재미있을 것 같아요 기대됩니당 ●_●  
20170208,10,비정규직이지만 특수요원으로 빛나는 스토리라는 점이 궁금합니다.  
20170208,10,너무나 너무나 기대되요!!!!  
20170208,10,"개봉하기만을 기다리고 있어요. 남궁민 선배님, 강예원 선배님, 한채아 선배님, 김민교 선배님을 뵐 수 있다는걸 생각하니까 설렙니다. 쇼케이스때 뵙겠습니다  "
20170208,10,기대되는 배우들 조합이라서 영화가 너무 기대되요  
20170208,10,설정부터 한번 웃고 시작하는 영화!! 극장가서 배꼽잡을 준비~  
20170208,7,현빈과 유해진의 공조뒤를 이어 강예원과 한채아의 합동수사 [비정규직 특수요원]이 우리를 찾아오네요~ 기대됩니다.  
20170208,10,강예원 씨의 건강한 코미디 기대합니다!  
20170208,9,재미있는 영화가 우리곁으로 찾아 오네요 스토리북을 너무나도 재미있게 읽어서 너무나도 가슴 철렁철렁 하네요 예고편도 너무나도 재미있게 나와서 너무나도 기대가 되는 작품 입니다  
20170208,10,낭궁민이라니ㅠㅠㅠ 스토리도 기대되고 좋습니다!  
20170208,10,꼭봅니다진짜로요아무말안하고  
20170208,9,영화 소재가 독특해서 너무 기대됩니다!!  
20170208,10,강예원 한채아 남궁민 그외 배우들이 너무 잘 해주실것같아 기대되네요!!!예고편부터 너무나도 재미있어서 기대되요!!!!  
20170208,10,강예원 보러 가자 한채아도 이쁘니까  
20170208,10,얼른 보고싶어요~~~!! 내용이 신박한듯ㅎㅎㅎ  
20170208,10,강예원 한채아 남궁인 연기 너무 기대되고 영화도 기대되네요.  
20170208,10,믿고보는배우들 ㅎ기대됩니다  
20170208,10,한채아씨와 강예원씨의 연기 변신이 기대되네요! 꼭 보고 싶은 영화네요!  
20170208,10,배우분들 조합정말기대됩니다  얼른 개봉했으면좋겠어요  
20170208,10,남궁민 연기력이야 인정하는부분이고 강예원씨도 독특한 매력이 있는 배우라 기대되는부분!!! 얼른 개봉해라.  
20170208,10,남궁민 강예원! 등장인물만 봐도 믿고 기다려지는~^^* 기대돼요!!  
20170208,10,순딩순딩한 역할만 거의 하셨던 한채아님의 거침없는 욕설과 터프한 형사역할과 코믹연기로 항상 웃음을 주던 강예원님 그리고 요즘 연기변신이 다재다능한 남궁민님이 어떤 역할을 할지 너무 기대됩니다!  
20170208,10,예고편만 봐도 넘넘 기대됩니당~♡♡비정규직 특수요원 강예원 남궁민 두배우 조합 넘 기대됩니당~^^  
20170208,10,넘~~나 기대되는것?  
20170208,10,완전 기대돼요!!한채아&강예원 조합 너무 기대돼요!! 오랜만에 재밌는 영화가 될 것같아요!!!! 꼭!!볼게요~!!  
20170208,10,남궁민 한채아 강예원 최강조합!!! 줄거리와 예고편을 보니 재미와 스릴만점 추천 할만한 영화네요대박영화!!!  
20170208,10,한채아너모 예뻐요 남궁민 연기너무잘해요  
20170208,9,코미디와 액션을 조합한 이런 영화 좋아해서 아주 기대됩니다. 멋진 배우들의 불꽃뛰는 연기 대결도 흥미진진할 것 같네요~  
20170208,10,너무기대되는조합이네요 ♡♡ 한채아씨 팬이라..  
20170208,10,"강예원, 한채아 여여케미만으로도 기대중인데ㅎ 남궁민에다 조재윤, 김민교도 나온다니.. 3월까지 어떻게 기다리죠? 빨리 개봉해주세요ㅠ  "
20170208,10,독특한 설정이 더 재미나는것 같아요  
20170208,10,기대됩니다!!!빨리 보고싶네요^^  
20170208,9,티저 예고편보니 더 궁금해졌어요! 얼른 개봉했으면 합니다.  
20170208,9,꺅 너무 기대돼요 예고편만 봐도 기대만빵 두큰거려요  
20170208,10,오랜만에 기대되는 영화입니다!!!! 개봉이 빨리됬음 좋겠어요!!!!  
20170208,10,영화 너무 재미있을꺼같아요 코미디장르 너무 좋아하는데 꼭 보러가겠습니다!!!  
20170208,10,강예원의 엉뚱함 한채아의 섹시함 남궁민의 카리스마의 어울림ㅎㅎㅎ 기대하고 보고싶습니다 ㅎㅎㅎ  
20170208,10,너무너무 재미 있을 것 같아요!!! 연기자도 맘에 쏙들고 내용도 너무너무 기대되네요  남궁민 연기하면 알아주잖아요 너무 재밋을듯  
20170208,8,"요즘 내성적인 보스에서 한채아님 잘 보고있어요 ㅎㅎ♥강예원, 남궁민 두 분 까지 멋진 조합 기대합니다!  "
20170208,10,강예원 한채아 남궁민 케미조합이 기대되는 영화인 거 같아용!!!!  
20170208,10,요즘 핫한 배우들이 뭉쳤다! 폭소만발을 기대만발 하는중.간만에 개봉일이 기다려지는 영화구먼  
20170208,10,강예원 한채아 남궁민 게다가 제가 좋아하는 김민교 배우님까지!!!! 이름부터가 신선하고 궁금하게 만드는 영화같아요 2017년도 최고 기대작입니다! 개봉하면 얼른 보러가야겠어요~  
20170208,10,믿고보는남궁민이죠요즘  
20170208,10,남궁민의 또 어떤 매력을 볼 수 있을지 기대됩니다!  
20170208,10,기대됩니다.재미있을거 같아요.  
20170208,10,강예원 엉뚱 매력 듬뿍 담긴 비정규직 특수요원 대박 꿀잼 기대되요!  
20170208,10,너무 보고싶어요!! 기대되는 스토리입니다 특히 남궁민 한채아 배우의 연기도 너무 기대되요  
20170208,10,국정원 비정규직 댓글알바 ! 뭔지 너무 기대되네요 ㅋㅋ 강예원과 한채아의 걸크러쉬 케미도 재밌을것 같아요 ~  
20170208,10,요새 핫하신 과장님 여기나오시네요 꼭봐야죠 당빠죠  
20170208,9,남궁민 나온다니 기대하고 봐야겠어요  
20170208,10,남궁민 한채아 강예빈 세분의 케미가 기대되요! 그리고 소재도 신선하고 스토리도 정말 기대되고 재미있을거같은 영화예요~~ 빨리 개봉했음 좋겠어요ㅎㅎ><  
20170208,8,요즘 남궁민 배우 연기가 장난아니던데 영화에선 어떨지 완전 기대되요!!!  
20170208,9,믿고보는 배우들이라서 기대됩니닿ㅎ  
20170208,10,일단 캐스팅부터가 두근두근 조합이고 예고편 볼 때 이 개성넘치는 캐릭들이 어떻게 캐미를 이룰지 넘나 기대되는것@  
20170208,10,코믹하지만 우리나라 현실을 꼬집은 사이다 같은 영화가될듯! 꾸르잼각!!!!  
20170208,10,한채아 강예원 씨 케미 기대되요! 빨리보고 싶어요  
20170208,10,강예원님 나오는 코믹영화는 정말 믿고보는 영화죠. 날보러와요에서 연기력까지 인정받은!! 꼭 보고싶네요  
20170208,10,강예원 한채아의 케미!! 기대해봅니당!!  
20170208,10,완전 기대중이에요! 개봉하면 바로고고씽  
20170208,10,너무너무 기대되는 코미디영화 궁금하네요  
20170208,10,강예원 얼마나 또 코믹하게 나올 지 궁금하네요 완전 기대되네요  
20170208,10,진짜 보고싶은 영화!!! 빨리 개봉하길!!!  
20170208,9,남궁민나오면 말 다한거 아닌가 개봉하면 극장가서 봐야지  
20170208,10,완전 기대중입니다    꼭보고싶어지는 영화이네요  
20170208,9,왜 아무도 우리 재윤찡 말 안하는거지?? 정말 기대되는 작품 빨리 보고싶어요!!  
20170208,10,요즘 대세 김과장! 남궁민과 강예원 둘의 조합으로 무지 웃길꺼 같아 기대중!!  
20170208,10,그 역활에 나까지몰입시켜버리는 강예원님 재밌으면서도 깨닫게되는 영화가 아닌가싶다  
20170208,10,너무너무 기대되요!!! 예고편보니 더더기대됩니다!!!  
20170208,8,배꼽 가출할까봐 걱정되는 영화. 기대만땅!  
20170208,10,평소에 한채아씨 굉장히 좋아하는데 한채아씨의 액션연기...정말 기대되네요!!!캐스팅부터가 기대되는만큼 이번에 영화아주 기대해봅니다  
20170208,10,"매년 3월이 다가오는 게 너~무 싫었는데, 올핸 비정규직특수요원때문에 기다려집니다.  "
20170208,10,아니주인공들도쩔고 남궁민나오면닥ㅇ치고봐야하는거아님...?  궁금하다재밌을듯ㅋㅋㅋ  
20170208,8,티저영상보니 재밌을것같아요!  
20170208,10,대세 배우 강예원 그리고 남궁민굉장히 기대되는 영화네요.  
20170208,10,"국가안보국, 외교부, 국방부, 법무부 까지 탈탈 속 시원하게 털어주세요!! ㅋㅋ 배우분들 전체 조합이 너무 좋아요 >_<  "
20170208,10,완전 기대됩니다! 세배우의 호흡이 무척 기대되는 영화네요ㅎㅎ  
20170208,9,배우 조합이 좋네요 기대되요~  
20170208,10,넘 기대되고 빨리 보고 싶어요  
20170208,10,흠 왜빨리개봉은 하지 않는걸까..빨리보구싶은데>_<  
20170208,10,믿고보는 남궁민!! 안봐도 이미 게임 끝~  
20170208,7,여주들이 매력있어서 기대되용 강예원한채아 :)  
20170208,10,남궁민이나오는영화!!정말 기대된다ㅎㅎㅎ  
20170208,10,기대되는영화입니다 보고싶어요!!  
20170208,10,너무넘 기대중인 영화에요 강예원님 영화기다렸는데 빨리 개봉했으면 좋겠어요 ~~~  
20170208,10,강예원씨 팬으로써 너무 기대됩니다~~ 아자자!  
20170208,9,엄청 코믹스러울듯 ㅎㅎㅎ 진짜 엄청 기대되요 ㅎㅎ  
20170208,10,좋아하시는 배우분들나오셔서 기대하고있습니다 ^^  
20170208,9,예고편만 봐도 재밌을거같네요  
20170208,10,평소 좋아하는 연기잘하는 배우 남궁민의 연기가 기대되네요  믿고보는 남궁민이죠 :)!!  
20170208,10,엄청기대가되요 빨리개봉하면좋겟네요 ㅎㅎ  
20170208,9,배우들 조합이 신선하네요 어떤식으로 영화를 풀어나갈지 궁금하네용 기대하겠습니다!  
20170208,10,남궁민님 코믹연기야 말할것도 없으니 기대되고!!동현배님 연기도 빨리보고싶어요★  
20170208,10,한채아님 내보스에 나오시는거보고 좀길게 봤으면하는 생각이었는데 영화꼭봐야겠네요  
20170208,10,강예원 남궁민 모두 좋아요 ^^ 재밌을 것 같아요!!  
20170208,10,영화 너무 재밌을 것 같아요 기대되요!  
20170208,10,강예원씨 저번 스릴러 장르에 나오셨을때도 재밌게 봤는데 이번엔 코미디 영화라니!! 더 기대하고있습니다~  
20170208,10,배우들도 너무 좋고 꼭 볼래요~~!!  
20170208,10,하루빨리 개봉했으면 좋겠어요!!! 개봉하면 당장 보러 갈꺼에요!!!  
20170208,10,우앙우앙! 과연 어떤스토리가 펼쳐질지 너무너무 기대되요~!! 꼭꼭 스크린으로 만나고 싶어요  
20170208,10,남궁민이랑 강예원이라니 벌써부터 기대됨  
20170208,10,너무너무기대됨!!!! 개봉하자마자볼꺼예욤>_<♡  
20170208,10,배우들의 케미와 영화의 스토리가 정말정말 기대됩니다!!  
20170208,10,기대됩니다!! 꼭 보고 싶어요!!  
20170208,10,기대할게용 :) 궁금한 작품이에여  
20170208,10,"남궁민,한채아 케미가 기대가 되네요~  "
20170208,10,믿고보는배우님들 만으로도 너무나 기대되는 영화 ~~예고편만으로도 빵빵터지는 재미와 멋진액션이 너무나 기대돼요 ~~빨리 만나보고 싶어요 ~^^  
20170208,10,정말 재밋겟네요ㅎㅎ 강예원 남궁민 한채아 배우들부터 기대되고 예고편보니 더 기대되네욥  
20170208,9,코미디라면 빠질수 없는 강예원배우의 OOO기력을 기대!  
20170208,9,진짜 너무너무 기대되요예고편부터 너어무 웃겻는데영화 전체는 얼마나 웃길련지!!!기대됩니다료!!  
20170208,10,내가 좋아 하는 강예원 나와서 너무 기대가 많이 됩니다.  
20170208,10,기대되요!!넘나기대되는것  
20170208,7,남궁민ㅜㅜ넘 기대돼오ㅡ. .  
20170208,10,신선한주제와 배우들의캐미!!기대합니당  
20170208,10,"강예원, 한채아 두 배우의 연기호흡이 기대됩니다!!  "
20170208,10,비정규직 특수요원 기대됩니다.  
20170208,10,배우들도 기대되고 스토리도 재밌을거같고 기대되네요!! 빨리 개봉했으면...  
20170208,8,기대작!캐스팅 만점ㅜ 얼릉 얼릉 개봉 해 주세요!  
20170208,9,"배우들도 평소 제가 좋아하는 배우들이었고, 예고편 보니 친구나 가족들과 재밌게. 유쾌하게 볼 수 있는 영화인 것 같아요! 개봉하면 꼭 볼게요!  "
20170208,10,완전빨리보고싶어요ㅠㅠ기대되는영화입니다  
20170208,10,너무보고싶다 빨리 개봉했으면 좋겠다 두근두근  
20170208,10,재밌을 거 같아요!!! 기대됩니다 ㅋㅋ  
20170208,8,비정규직 특수요원 무척 기대됩니다!  
20170208,10,정말기대되는 영화에요 배우님들도 제가 정말 좋아하는 분들이라서연기도 너무 기대되네요!! 친구들이랑 즐겁게 볼 수 있는 영화같아요~기대됩니다!!  
20170208,10,재밌을것같네요 :) 기대됩니다!  
20170208,10,일단 좋아하는 배우 한채아가 나와서 더더욱 기대가 되는 영화입니다~~^^ 오랜만에 제대로된 코미디 영화 볼거같네요!  
20170208,8,재밌을듯하네요!!!!  
20170208,10,두근두근 빨리나오기만을 기다린다  
20170208,10,우선 출연자들 클라스가 엄청남ㅠㅠㅠㅠ기대하겠습니다  
20170208,10,강예원 한채아만으로도 기대되는 조합!개봉하면 꼭 보러 갈겁니다무대인사 고고!  
20170208,9,한채아 강예원의 조합 궁금해요ㅎㅎ 진짜 유쾌하게 볼 수 있을거 같아요  
20170207,8,강예원씨 남궁민씨 개인적으로 연기력 갖춘 배우라 생각합니다. 새로운 작품에서 새로운 콜라보 기대 됩니다.거기에다 한채아씨 미모와 김민교씨의 코믹한 케릭터 가 어떤 배역과 장면을 만들지 궁금하네요개봉하면 보러 갈게요~  
20170207,5,영화 본질에 맞게 비정규직 댓글 알바가 많은것 같군요  
20170205,5,안타깝지만 예고편만 봐도 망필이다....관객 23만명 정도 예상해본다  
20170204,10,재미있겠다 빨리보고싶어요  
20170202,10,코믹이라닛 코♥믹!!! 3월에  광대 탈탈 털릴 준비합니다 기대하고 있을께욯ㅎ~  
20170202,9,3월에 기대되는 영화 입니다  
20170202,10,배우들만 봐도 기대되는 조합이에요~  심각한 요즘 이런 코믹류 보고 싶어요~  
20170202,10,한채아 매력쩐다 ㅋㅋㅋ 강예원도 너무 귀엽고 ㅋㅋㅋ영화 재밌겠는데?  
20170202,1,핵노잼.예고편만 봐도 쒯  
20170202,8,다큐인가요 ? 현실에서도 일어날듯한 일...  
20170201,10,식구들과 보러가야징 ~~  
20170201,10,영화기대됩니다 소재가 좋아요~  
20170201,10,기다렸던 영화같아요 기대됩니다~~^^*♡  
20170201,10,매력적인 배우들이 나와서 기대돼요!! 얼른 개봉했으면 좋겠음~  
20170201,10,완전기대되용~~ 강예원 코믹영화 좋아하는데 손꼽아 기다립니당~^^  
20170201,10,빨리보고시퍼요! 기대만땅!  
20170201,10,기대되요 ^^ 재미있을것같아요  
20170201,10,보고싶은영화대박날영화  
20170201,10,한채아 강예원 넘 좋아요!! 빨리개봉했으면~  
20170201,10,완전 기대합니다!!! 빨리 개봉했음 좋겠네요  
20170201,10,한채아 보러 갑니다ㅋㅋㅋ  
20170201,10,제목만 봐도 공감될 것 같은 내용이네요 너무나 많은 비정규직 ㅜㅜ 유쾌하게 잘 풀어냈기를!! 배우들도 넘나 좋으니 기대합니다!  
20170201,10,오홋 웃다가 울고 싶네요 보고 잡아요 남궁민 ㅋㅋ 기대됩니다!!  
20170201,10,기대되요!! 빨리 보고싶어용ㅎㅎ  
20170201,10,넘넘 보고싶어요! 빨리 개봉했으면 좋겠어요~  
20170201,10,배우도 좋네요!기대되는 영화예요^^  
20170201,10,"남궁민씨는 다양한 표정과 연기력, 그리고 드라마에서 나온 코믹스러운 부분과 사이코패스 연기까지 많은 장르를 소화할 수 있는 배우라고 생각해요~주연분들 외에 조연분들 또한 익히 얼굴이 알려진 연기력좋은 배우분들이라 기대됩니다.좋은영화 기대할께요.^^  "
20170201,10,기대돼요!!빨리 개봉했으면....♡  
20170201,10,한국영화 대박나라~ 웃기힘든요즘 웃음대박 영화되길~  
20170201,10,남궁민  기대되네요~~~~  
20170201,10,재미 있을것 같아요~^^ 기대됩니다 ㅎㅎ  
20170201,10,잼날거 같아요~ 완전기대  
20170128,2,응 7만 정도 보고 빠른 IPTV행...  
20161218,10,강예원씨 얼굴도 연기도 잘보고있어요~이번영화도 기대하겠습니다 좋은배우들과 대박나시길^-^  
20161130,10,"강예원님 한채아님..너무너무기대되요 ,!  "
20161129,10,^^ 기대기대  김덕수 감독작품  
20161115,10,정말 재미 있을거 같네요ㅋㅋ 기대 됩니다^^  
20161024,10,김장원 배우님 쩌네요...  
20160928,1,내가생각했을때저런소재로 코믹 영화만들경우흥행한작품 없음  
20160922,10,내년 기대작입니다. 감독님 전작도 너무 좋았는데 아쉬웠고 이번스토리랑 배우들 모두 기대됩니다. 화이팅 ㅎㅎ  
20160918,10,"신세휘님 얼른 스크린에서 보고싶어요 ㅠㅠ 돌아와요 부산항애 찬미역에 이어서 이번 이 영화까지 ,,, 항상 인스타에 댓글달고 주변친구들한테 세휘님 알리는 세휘님 빠순인데 너무너무 응원해요 !!  ♡  "
20160903,10,한채아 때문에 본다~~걸크러쉬 한채아짱!!♡♡  
20160903,10,어?남궁민이다!!!!  
20160828,10,믿고보는 배우 남궁민씨 드디어 영화출현이네요ㅎ 축하드리고 응원할께요!!  
20160818,10,남궁민 나오는데 당연히 봐야지 2017년 언제 기다려!ㅠㅠㅠㅠ  
20160804,10,남궁민 나오는데 당빠 봐야졔~~~^^  
20160803,10,남궁민  나온다니 기대됨...  
20160729,10,남궁민 나와서 재미있을 것 같아요!!  
20160727,10,남궁민 강예원 기대됩니다 작품이 나올 것 같네요  
20160726,10,강예원 한채아 남궁민 기대되는 조합. 영화 재미 있을듯  
20160725,10,한채아 사랑합니다. 예원씨도...  
20160723,10,한채아 너무 이뻐요~기대됩니다!!  
