0,1,2
20161221,10,혹시 이영화보면 카드주나요?우리아들 카드받을라고 영화볼다는데요ㅠㅠ정보좀주세요  
20161219,10,이거보면 지우개굴닌자 카드 준답니다.  
20161218,10,흐흑...예고편보고 진심 지우 너무잘생겨서 울었다...ㅠ 우리 토시찡보러 꼭 갑니다...! 그리고 마츠모토 리카님 진심 존경해요ㅠㅠㅠ  
20161217,10,파주 롯데시네마에서  왜 개봉을 안하는 거야...!!??  보고 싶다 이벤트는 당연히 받고  
20161214,10,너무 재미 있게 봤어요~^^  
20161214,10,오랫만에보는 포켓몬 재미있을거같네요  
20161214,10,올겨울 아이들과함께 포켓몬스터 1편 강추!!!  
20161214,10,정말 재밌어요 ㅋㅋ아이들도 잘보네요 ~~  
20161214,10,아이들과 보기 너무 재밌네요~~  
20161214,8,시사회에서 봤는데 겨울방학에 아이들과 보기에 딱이네요. 다양한 포켓몬들이 많이 나오고 마지막엔 반전의 감동도 있어요.  
20161214,7,피카츄는 여전히 귀엽네요 ㅌㅋ  
20161214,10,츤데레 볼케니온~~ 매력 넘치네요~~ 이번도 역시나 포켓몬들과의 신나는 모험이었어요~~^^  
20161214,10,피카츄 넌 내꺼야~피카츄는 여전히 귀엽내요  
20161214,10,지금까지 본 포켓몬 영화 중에서 가장 재밌다  
20161214,9,지우일행과 포켓몬과의 멋진 활약과 우정이 너무 재미있어요~  
20161214,9,재미있어요 또보고 싶어요  
20161214,10,볼케니언의 강함 완전 멋있어!!!!  
20161214,10,최근에 본 극장판 중 제일 재미있었네요. 10점!  
20161214,10,아이들이 매우좋아해요  
20161214,10,지전 재밌었어여 또 보러오겠습니다  
20161214,10,정말 재미있었어요!  최고에요!  
20161214,8,추억돋아서 좋았어여~  
20161214,10,감동적인 이야기에 평점 10점 줍니다  
20161214,10,너무 재미있어요 강추강추  
20161214,9,너무 재미있고 즐거운 시간이었네요~~볼케니온 짱!!!^^  
20161214,9,재미있네영 아이가 좋아해영  
20161214,10,진짜 전작이랑 다르게 재밌슴다!!  
20161214,10,넘 잼있어여 아이들이 많이 좋아하네여  
20161214,10,기대이상. 엔딩노래 넘나 좋아요  
20161214,10,오랜만에 본 포켓몬스터 초기 멤버랑은 많이 바꼈지만 재미만큼은 변함 없네요~^^  
20161214,10,좋아요아이들이 좋아해요  
20161214,9,작년작보다 스토리 탄탄해서 마음에 들았습니다  
20161214,10,좋아요아이랑볼래요 행복해요  
20161214,10,너무 재미가있었어요^^  
20161214,10,너무 재미있고 노래도 좋아요  
20161214,10,넘 재미있어요~~왕추천  
20161214,10,재밋엇어용 멋진포켓몬이 될거에요!!  
20161214,10,아이랑 넘 잼나게 봤어요 . 엄마인 저도 울컥 했네요.  
20161214,10,엄마랑 즐거운 시간이었어요!!! 피카츄 짱!!!  
20161214,10,완전 감동적이고 재밌어요~~~^^기대안했는데 요 근래본것중 최고였어요!!꼭 보세요~~^^  
20161214,10,포켓몬스터 너무 재미있었어요  
20161214,8,"음질,화질도 좋고 재미있네요.  "
20161214,7,좋아용  보여 주세오 ㅎ ㅎ  
20161214,9,물이 없어서 물을 못 쓰는 포켓몬은 처음인것같다.  
20161214,10,점점 흥미로운 포켓몬 넘 재미나요...  
20161214,10,볼캐니온이 매우 멋잇서다ㅜ재밋섣ㅅ다  
20161214,10,볼케니온 멋지네요!지가르데도 간지였음요!!  
20161214,10,메가진화도 많이 나오고 재밌었네요  
20161214,10,역시 아이들이 좋아해요  잘 봤어요  
20161214,10,완죤 재밌어서 또 볼래요  
20161214,10,볼케니온 재밌었어요 마기아나 소울하트를 위한 포켓몬스터 친구들 짱  
20161214,10,너무 재미있어요~포켓몬♥  
20161214,10,너무재미잇게봤어요~~^^최고!!  
20161214,10,너무재밌게봤어요 또보고싶네요  
20161214,10,재미있어요아이랑강추  
20161214,10, 애들이너무좋아합니다~^^  
20161214,10,전작보다 더 재밌고 감동도있고 재미있어요  
20161214,10,마가아나를 지키려던 볼케니온이 멋지고 귀여운 영화였어용  
20161214,10,너무너무 흥미롭고 재미있네요~~겨울방학에 강추!  
20161214,10,너무재미있어요.굿굿  
20161214,10,너무나 잼나네요아이들과 같이 보면 좋을듯 싶습니다~~^^  
20161214,10,아이들과 신나게 볼수 있는영화에요~^^  
20161214,10,잼있게 봤어요 슬프고 감동이예요  
20161214,8,배경 음악과 줄거리가 좋아요  
20161214,10,항상 즐겨보는 포켓몬..이번편도 재밌어요~  
20161214,10,너무 멋지고  재미있어요~  
20161214,10,여자친구 목소리도 이쁘고  재밌어요 감동도있고????  
20161214,9,방학때 아이들이 보기에 좋은 애니네요*^^*  
20161214,10,정말 재미있어요~~포켓몬중 짱!!!  
20161214,10,아이가 엄청 재밌대요 꼭보세요  
20161214,9,아들이랑 넘 재미있게 봤네요~~  
20161214,10,시사회를 통해봤는데 시간가는줄 모르고 너무 재미있게 봤어요강추합니다.  
20161214,10,너무너무 피카츄의 목소리 만으로도 힐링  
20161214,10,아이들과 보기 쵝오에요.. 미친 감수성.. 아이랑 보다 눈물도 찔끔... 긴장감 쵝오.. 너무 재미있어요.  
20161214,10,포켓몬스터 극장판 정말 재미있네요여자친구도 보고ㅋ 잘 봤습니다ㅋ  
20161214,10,재미있었어요~극장개봉때도볼께요~~  
20161214,10,너무재밌어요 내년극장판도기대합니다  
20161214,10,방그 시사회봤어요 재밌었어요  
20161214,10,재미나게봣습니다..또 보고싶다합니다. 담주 다시 관랍할랍니다...  
20161214,10,명불허전 포켓몬스터~이만큼 사랑받는 이유가 있네요.  
20161214,10,남자아이에겐 포켓몬 여자아이에겐  여자친구 ost good♡  
20161214,8,여자친구도 보고 영화도 재미있게보고 좋았어요  
20161214,10,아이들과 정말 재밌게 봤어요  
20161214,10,아이들이 넘 재미있다고 하더라구요..여자친구 노래도 넘 좋아요 ~~^^  
20161214,10,아이들이  좋아하는 포켓몬스터  이유가 있지요!개봉하면 지우와 피카츄의 우정 이야기 좋아요!말랑이의 진화! 그리고 볼케니온 너무 멋져요~~^^  
20161214,10,여자친구  포켓몬송 듣고 좋음 .  
20161214,10,재미있어요. 집중해서 잘 보았어요.  
20161214,10,우리 애들이 너무 재밌어해요~영화 느무 잼나요~  
20161214,10,울 딸들이 좋아하는 포켓몬스터♡볼케니온 극장판으로 나온대서 기대하고딸들과 시사회 보러 왔는데 걸그룹 여자친구도 보고시사회도 짱짱 재미나게 봤네욬  
20161214,9,워낙좋아하는 포켓몬이라 제가 더 기대합니다  
20161214,10,주제곡을 아들들이 너무좋아해요완젼기대!!볼케니온 기계왕국의비밀~~~아~~~잼나겠어요!!!  
20161214,10,아이들이 기다리고 기다리던 포켓몬 영화 <볼케니언 기계왕국의 비밀> 강추합니다!! ^^  
20161214,10,아이가 22일  개봉때까지 매일매일  노래불러요.환상의 포켓몬 볼케니온....멋져보인대요.  
20161213,10,"포켓몬,여자친구♡♡  "
20161212,10,시사회는꼭가고싶고이번포켓몬령화도재미있을것같다.  
20161212,10,와우 넘나 재밌겠는것~~~  
20161211,10,"마기아나,볼케니온 배포하고 포켓몬×여자친구 콜라보 엔딩듣고 별10개 드립니다><  "
20161211,10,으어어엉ㅠ 포켓몬 넘 보고싶어요ㅜㅠ♥♥  
20161211,10,정말엄청나게재미있을꺼같아요ㅠㅠㅠ 포켓몬원래엄청좋아합니다 ㅎㅎ  
20161209,10,재미있을것같다♡♡♡  
20161208,10,"여러분,썬 문 애니 작화를 보고 오시면 아시게될껍니다.3년 정도 썬문을 하는 동안 잘생긴 사토시(지우)를 볼 기회가 없을 듯 합니다.이번 마지막 기회를 잡아야합니다.다같이 극장판 고  "
20161208,10,"좋았어, 아조트 왕국으로 출동이다! “불.타.오.른.다~!”  "
20161208,10,언제 봐도 넘나잼있는것 엄지척!!  
20161207,10,빨리보고싶다~!!!정말 기대가되네요~~ㅋㅋㅋ  
20161206,8,헣허 나에게 불케니온을 내놓거리아아아아라아아  
20161205,10,지우와 세레나 사토세레커플을 볼 수 있는 마지막 기회야ㅠㅠ  
20161203,10,성인포덕인데 초딩들이랑 보기싫은데 초딩방학 언제에요ㅜㅜ  
20161203,10,지우는 죽었어! 이제 없다고!  
20161130,10,버디이고 포켓몬 좋아하는데 완전좋음  
20161129,10,영화 진짜 핵 잼 일것같음 두근두근 설램  
20161127,10,크리스마스에 볼려구 작정 중ㅎㅎ 빨리 보고 싶다  
20161126,10,혹시여자친구가시사회하나요???  
20161125,1,OO 지루하다 망작 그만해라  
20161120,10,캬 이거 올해초부터 기다렸는대ㅋ드디어 나오내ㅋ  
20161119,10,빨리보고 싶당 기대하고있겠습니다!!  
20161118,10,진짜보고싶어요정말정말  
20161118,10,포켓몬극장판엄청재미있을거같아요  
20161118,10,포켓몬 정말 기대되는군요  
20161115,10,포덕이면서 버디인데 진짜 행복하다...포켓몬x여자친구라니...흐어어ㅓㅓ어엉ㅠㅠㅠ♥♥  
20161111,10,피카츄ㅠㅠ넘나귀여운 최애캐릭터 얼릉나오길  
20161111,10,피카츄 보고 싶어 피카피카 웁니다  
20161111,10,ㅋㅋㅋ피카츄 기엽당ㅋㅋㅋ개봉하면 조카데리고 보러야겠음  
20161111,10,나는 다 컸지만 아직도 포켓몬이 좋당 캐릭터 하나하나 졸귀탱  
20161111,10,조카랑 꼭 보러가야할듯  ㅋㅋㅋ 피카츄 아직도 넘나 기여움  
20161111,10,포켓몬이여 영원하라!!!  
20161108,10,엔딩곡 여자친구가 부른다는 소문듣고 10점줌  
20161027,10,지우 인성만 ㅇㅇ 세레나와 좀 <퍽!  
20161021,10,굉장히 재미 있을 것 같습니다.  
20161016,9,나도 빨랑 보고 싶다냥 어서 나와라  
20161011,10,볼케니온 기대됨 빨리 12월 왔음 좋겠다ㅠㅠㅠ 볼케니온!!  
20161011,10,어서와 볼케니온. 이리와 볼케니온.  
20161011,10,포켓몬GO!!! 이벤에도 기대된다  
20160908,10,오우 정말  기대되네요  빨리 보고싶네요  
20160830,10,오오옷!!!드뎌나오는군기대만발  
20160805,10,완전 기대  마기아나 와 볼케니온  
20160729,10,제발 잘됬으면 좋겠습니다  
20160727,1,너무 질질끈다....  
20160727,1,너무 질질끈다....  
20160716,10,볼케니온!!! 스팀버스트!!!  
