0,1,2
20180124,7,테이큰의 신선함과 충격에 못미치고 논스톱의 간결함과 몰입감에 비교되기 힘드며 더그레이의 처절함과 교훈같은것도 담아내지 못하는 영화 리암니슨이 처음이라면 매력적일테고 아니라면 익숙한 리암니슨표 액션영화의 익숙한 전개에 조금 지루할수도  
20180123,10,"액션영화,리암 니슨,납치 익숙하지만 새로운 삼위일체  "
20180123,8,액션이 많이 없어서 좀 아쉬웠습니다.그래두 리암리슨영화는 액션이 최고네요.리암리슨를 좋아하신분들은 커뮤터를 추천합니다.^^  
20180123,10,역시 믿고 보는 리암 니슨표 액션!!  
20180123,10,믿고 보는 리암리슨표 액션에 스릴까지  
20180123,10,리암니슨 형님의 액션은 영원하리라~~★★★  
20180123,10,믿고보는리암리슨굳기대  
20180123,10,역시  믿고보는 리암니슨  
20180123,7,킬링타임용 영화로는 나쁘진 않을듯  
20180123,10,워렌부부와 리암니슨의 만남 기대된다~  
20180122,10,소스코드 + 테이큰 기대 중  
20180122,10,리암니슨이 관뚜껑 닫아준 악당이 몇명인데..아직도 학습효과가 없는 악당들..  
20180121,10,리암 아저씨면 무조건 봐야지..  
20180121,10,리암이형 가족좀 그만 괴롭혀라 ㅠㅠ  
20180121,10,와우 잼있겠다....  
20180121,10,별점 5  자기 복제도 이 정도 하면 장인 ㅇㅈ씨네21 | 김현수평론가는 도대체 어떻게 선별하는건가요?  
20180120,8,무슨 리암니슨 가족은 맨날 납치당하냐  
20180120,8,이거는 극장에서 꼭 봐야겠다 ㅋㅋㅋ난 갠적으로 리암니슨하면 제우스밖에 생각이안남 ㅋㅋ  
20180120,8,결말이 뻔하긴 한데 어쩜 늘 안타까운 아버지인지...볼 만합니다!  
20180120,7,이제 너무많이 늙으신거 같은데..  
20180119,8,나는 너희들이 누구인지 모른다 하지만 내겐 너희를 싹 쓸어버릴 만한 기술이 있지  
20180119,10,납치범들이테이크안보았네~테이크보앗다면가족들절대납치못하지~납치범들아~행운빈다  
20180119,9,시사회 보고왔어요  볼만합니다 ^^  
20180118,10,리암니슨이다!!!!  
20180118,7,일주일 전 말레이시아에서 봤습니다...범인 걱정들 많이 하시는데 걱정마세요...우리의 리암니슨 안타까울 정도로 많이 맞습니다ㅜㅜ 그래도 해피엔딩입니다  
20180117,10,"리암니슨도 최고였지만, 감독님이랑 제작진이 열일 한듯, 액션이랑 스릴러랑 걍 다 최고!  "
20180117,9,역시 노장은 살아있다~~리암 니슨 멋진 액션신이네요~^^잘봤어요~~♡  
20180116,10,시사회 다녀왔습니다 두손 두발 척척해져서 나왔네뇨.... 시간가는줄 모르고 본 영화 재미와 스릴그리고 액션 다 갖춘영화!  
20180116,9,방금 시사회로 보고왔는데 논스톱과 매우 비슷. 논스톱은 질질끌지 않고 바로 액션으로 넘어갔다면 커뮤터는 처음엔 스토리로 시작해서 약간 지루한 감이 있었지만 후반부 갈수록 조여오는 긴장감과 화려한 액션신은 대단했다.  
20180116,10,롯데시네마 롯데몰에서 시사회 봤어요...첨음엔 하루의 일상을 지루한듯...시간이 갈수록 점점...역시 리암 니슨^^  
20180116,9,액션과 서스펜스가 조화를 이룬 자움 콜렛 세라 감독과 리암 니슨의 4번째 만남~!  
20180116,10,지금 보러왔어요^^ 기대됩니다^^  
20180116,10,(시사회 관람후) 리암 니슨의 액션부정은 언제나 톱이네요. 강추합니다!  
20180116,10,시사회로 재미있게 봤어요  
20180116,10,가족들은납치당하고 바보들은납치해서 당하고  
20180116,10,멋진 영화.. 역시라는 말이 절로 나오는..  
20180116,10,여전히 살아있는 리암니슨의 액션  
20180116,10,별 다섯개가 전혀 아깝지 않네요 시사로 봤었는데 사람들 반응도 되게 좋았어요  
20180116,10,자움 콜렛 세라와 리암니슨의 조합은 옳다!  
20180116,10,와이프가 완죤기대중~ 믿고보는 리암형  
20180116,10,솔직히 리암니슨의 액션영화는 믿고 보는거 아니냐  
20180116,10,멋지다라는 말이 걍 절로 나오는 영화였어요 시사회로 남자친구랑 같이 보고 왔는데 남자친구도 재밌다고 그러더라구요  
20180116,10,스릴과 액션이 제대로 겸비한 영화ㅋㅋㅋ 걍 굿!  
20180116,10,열차라는 한정된 공간에서 보여주는 액션이 이렇게 훌륭할수가..  
20180116,10,커뮤터 개봉일만 기다리는 중ㅋ  
20180116,10,리암 니슨 영화들 중 가장 멋진 영화가 아닐까 싶어요 액션영화나 스릴러영화 좋아하시면 재밌게 보실 수 있으실겁니다^^  
20180116,10,운 좋게 시사회로 개봉 전에 미리 보고 옴 ㅋㅋ 생각보다 더 재밌었고 화끈한 액션신들에 빠져들 수 밖에 없었다  
20180116,10,흥미진진 그 자체! 오랜만에 제대로된 액션영화를 즐기고 왔다!  
20180116,10,적절한 긴장감과 시원하고 화끈한 액션신은 진짜 말이 필요 없네요  
20180116,10,과하지 안혹 적당히 멋진 액션물. 정말 재밌게 잘보고왔다  
20180116,9,시사회로 보고 왔는데 테이큰보다 더 재밌게 봤네요~ 역시 리암니슨은 액션 영화의 최적화된 배우가 아닐까 싶어요~  
20180116,10,리암니슨의 액션영화는 역시나 최고!  
20180116,1,절대로 그의 가족이 되어선 안돼  
20180116,10,기대이상이었음좋겠다  
20180116,2,리슨이너 마누라 죽은지얼마나되었다고 또 새장가가서 또 고생시키네 이번에는잘살으라고 별하나준다  바람둥이  
20180115,10,마리오의 피치급으로 납치를 잘당하네ㅋㅋ  
20180115,10,유럽에서 봤습니다. 기존 리암니슨의 테이큰 같은 말도 안되는 액션영화가 아니고 적당한 멋진 액션이 가미된 스릴러 입니다. 정말 재미있게 봤습니다.  
20180113,9,앵그리 니슨 52는  가족이 납치되면 강력한 파워를 얻는 버프를 받지  납치된 가족이 많을 수록 반복해서 납치당할 수록 초초초강력한 파월를 얻지....  
20180113,10,믿고 보는 리암 니슨표 영화!!! 반드시 보러 간다~~~~!!!  
20180113,10,아 여기애들 뭔 가족납치야 딱봐도 논스톱 스타일인데 예고도 안보고 글쓰는건가???ㅡㅡ  
20180113,10,맨날 가족 납치당하면 가정에 문제가 있는거 아니냐?  
20180113,10,니슨형 가족 좀 그만괴롭혀라  
20180113,10,점점 코난화 되어가는 리암니슨옹 ㅋㅋ  
20180112,7,시원한 액션을 보여주겠네  
20180112,10,"역시 자움 콜렛 세라, 리암 니슨 형님! 실망시키지 않으심!! 영화 대박임....  "
20180112,8,이번엔 또 어떤 멍청한 악당이 리암니슨을 건드렸냐... 아무리 희대의 악당이라도 상대가 리암니슨이면 다 포기하고 싹싹 비는 게 신상에 좋다는 걸 아직도 몰라...?ㅠㅠ  
20180112,9,시사회 다녀왔어요 조금 뻔하지만 재밌어요!!!추천~~  
20180112,10,시사회 보고왔어요 정말 잘만든 영화 영화더군요.  
20180111,1,시나리오 배우 연기 긴장감. 다제로  
20180111,10,"전형적인 스토리.. but, 전형적인 재미..  "
20180111,8,생계유지를 위해 매일 열차의 출퇴근 지옥을 뚫는 통근자(들)의 애환이 담긴 영화  
20180111,7,역시나 리암 니슨의 액션 스릴러네요  
20180111,10,역시 믿고 보는 리암 니슨! 이번에도 고군분투하는 처절한 액션 영화!  
20180111,9,재밌어용 리암니슨 완전 멋있어용  
20180111,10,리암니슨 역시 믿고 보는 영화네요^^  
20180111,7,리암니슨 늙어서 아쉽지만 영화는 볼만했어요  
20180111,9,흥미진진한 액션 영화 였어요  
20180111,9,리암리슨의 가족들은.... 끝까지 재미있게봤어요.  
20180111,8,역시 리암 니슨! 액션 연기 멋지네요!  
20180111,10,넘넘 재미있었어요 짱!!  
20180111,10,자움 콜렛 세라와 리암 형님의 조합은 언제나 옳습니다  
20180111,10,너무 즐겁게 잘 봤어요 추천합니다  
20180111,10,리암니슨의 액션은 역시 살아있다. 열차 액션의 스릴과 재미가 넘친다.  
20180111,10,리암니슨 아저씨 액션멋있어요~^^  
20180111,10,너무 너무 재미있어요~  
20180111,8,리암 니슨의  액션 영화 재미있네요^^  
20180111,10,스릴있고 재밌어요 ㅋㅋ  
20180111,9,역시 리암니슨 이네요 정말 재미있네요  
20180111,9,리암니슨은천하무적 ㅋㅋ볼만함  
20180111,9,역시 리암니슨표 영화네요 믿고봅니다  
20180111,10,완전완전보고싶어요!  
20180111,10,재미나잘받어요~꼭보세요  
20180111,10,좋아요 굿굿 짱입니다!!  
20180111,10,너무나 재미있게 봤습니다   끝판왕  
20180111,6,예전 같지 않은 테이큰 요원  
20180111,10,리암니슨이라 역시 믿고 볼만했음  
20180111,9,리암니슨의 액션과 스피드한 이야기에 푹 빠져든다  
20180111,10,신나네오  화큰하고 챔나요  
20180111,10,??보고싶어요. ㅎㅎㅎ  
20180111,10,재밌었어요. 리암니슨 아저씨 액션 아직 안죽었다  
20180111,9,잼나네 사이다~~!!  
20180111,10,스릴과액션이제대로겸비!  
20180111,10,역쉬~~리암리슨의  액션영화는 기대를 져버리지  않네요^^  
20180111,10,좋는거 같습니다~ 커뮤터 잘 되었으면 좋겠습니다^^  
20180111,10,리암 닉슨!  명성만 들어도 흥분이 고조된다!항상 실망을 안겨준 적이 없다!  
20180111,10,폭발하는 영상과 박진감 넘치는 리암니슨의 액션!기대감 충족 OK!  
20180111,10,믿고보는 리암니슨표 액션  
20180110,10,비행기테러하고 열차테러도 나왔으니까 다음은 크루즈테러로 가죠 감독님...  
20180109,7,리암 니슨 뛰어난 배우지만  이제 액션 연기하기에는 나이 때문에 순발력이  떨어져 보이던데 액션은 젊은 남자 연기자에  백인 미녀가 제격이지  
20180109,10,멋지다정말..역시란말뿐  
20180109,10,테러범들이 누군지는 모르겠지만 불쌍하다..  
20180108,8,논스톱에서는 비행기였는데 이번에는 기차네.. 역시 이불 밖은 너무 위험해..  
20180107,8,납치범들의 명복을 빕니다  
20180106,10,자기 가족이 위험에 처해야만 살아갈수 있나요? 니슨형???  
20180105,2,설마 다음엔 우주에서 외계인에게 가족이 납치당하는..그렇진 않겠지ㅡㅈㅡ..  
20180105,10,기대하고 기다리고 있는 증~  
20180105,10,오  여전히 멋지심! 기대기대  
20180104,10,기대 됩니다! 하하하하  
20180103,10,"뱅기, 이번엔 기차, 다음에 크루즈배 영화 기대할께요  "
20180103,7,이 아저씨는 또 구하나?가족은  또 붙잡히고?이 아저씨하고 브루스윌리스씨랑 가족 구하는거 투탑  
20180103,10,와.... 리암니슨♡  
20180102,9,논스톱이랑 비슷하넹 그만큼 재밌으려나  
20180102,9,논스톱이랑 내용이 똑같은디? 비행기나 기차냐..차이뿐 어처피 볼꺼지만 ㅋ  
20180102,9,리암니슨 이제 나이땜에 액션 영화 안찍는다고 뉴스기사 본거 같은데 이게 마지막인가 ?  
20180101,10,일단 10점 주고 봐야지 뭐 ㅋㅋㅋ  
20171228,8,이거 소스코드랑  비슷한것같은데  
20171227,7,가족을 너무 자주 잃어버령  
20171225,10,그냥 댓글은 예매하고 적어라.. 더이상 말이필요하냐?  
20171225,10,액션 영화 출연만으로 감사하다ㅠ뭔가 이 영화가 마지막 액션영화같기도..  
20171225,7,컨저링 부부 + 니슨행님  
20171224,10,워렌부부랑 리암 니슨형님나오네 ㅋㅋㅋㅋ무조건 영화관가서 봐야지  
20171224,10,무조건 본다 알바아님'...  
20171224,10,비행기 열차 다음엔 .... 여러분 상상에 맡기죠  
20171224,9,싱가폴 아이맥스 영화관에서 상영중인데 영어를 몰라 못보겠네요..국내는 너무 늦은 상영이네요....  
20171224,10,리암니슨 가족들은 무슨 죄를 졌길래  
20171224,10,자움 콜랏 세라 감독에 리암니슨이면 액션은 말다했지 ㅋㅋㅋㅋ  
20171224,10,리태식이 돌아왔구나?  
20171223,6,한국인한테 돈대니까 마지막까지 뽕을 뽑을라고 당연 좋아하지  
20171223,10,가족 또 잡혔어? 납치범들 불쌍해ㅠㅠ  
20171222,8,평소에  가족들한테  넘 신경안쓰거 아냐!!! 허구한 날 납치야~ 리암 아자씨 문제가 많은 듯.  
20171222,4,소스코드  속편 같은 느낌이 든다.  
20171219,9,이쯤 되면 코난급 아저씨네ㅋㅋㅋㅋ액션씬 기대되네  
20171219,10,리암형님나오면 닥치고 보는게 도리임.  매번 실망시킨적이 없어..  
20171219,10,이 쯤 되면 납치하는 애들은 마조히스트 아님?  
20171219,9,믿고보는 리암니슨 ㅠㅠ너무좋아요!영화 자주 찍어주세요재밌길바라면서..기대합니당  
20171218,10,이번엔 열차다 열차 구하러ㅋㅋ  
20171218,9,논스톱 기차버전인거 같은데..너무 액션 위주로만 홍보하지 않았으면  
20171218,9,리암 니슨. 딸은 잘 있나?  
20171216,6,언제부터 6천만달러짜리 액션 영화를 초대형 블락버스터라고 불렸냐? 이건 북미 성적 5천만달러에서 마감이다.  
20171213,10,베라 파미가가 나오네.소스 코드 못지 않은 서스펜스스릴러 영화 기대합니다  
20171213,10,리암 니슨은 항상 믿고 본다 ㄷㄷ 예고편만 봤는데도 액션 스케일이 쩐다 ㅋㅋㅋㅋ  
20171213,10,"테이큰, 논스톱 다 영화관 가서 봤는데.. 이것도 꼭 챙겨봐야지 ㅋㅋ  "
20171213,10,그나저나 포스터 언노운때 포즈아니냐ㅋㅋ?  
20171213,10,리암니슨 나오면 극장에서 봐야지  
20171213,10,리암 니슨 영환데 봐야지  
20171213,10,언제 개봉하냐 ㅠ 빨리 보고싶다 ㅜㅜ  
20171213,10,리암니슨이니 ㅋ오오~~~~  재밌겠다!  
20171213,10,감독이랑 배우 둘다 믿음직! 자움 콜렛 세라 감독 최근 작품들로 봐서는 이거도 만만찮게 나왔을듯  
20171212,10,워렌부부랑 리암니슨이라.. 그럼 귀신들한테 잡혀간 딸 구하러 가는 내용임?  
20171212,2,이쯤 되면 아빠한테 무슨 문제가 있다. 김전일과 코난을 뛰어넘는 데스티니의 아버지.. ㅋㅋㅋㅋ 사랑해요 리암 니슨! >_<  
20171212,10,테이큰1편만큼 한다면 충분히 칭찬해주고 재밌게봐줄수있다  
20171209,5,논스톱과 소스코드의 만남?  
20171205,10,"해외예고편 떴던데, 완전 지림  "
20171114,10,트레일러보고왔는데 완전기대돼요!!!!...마치 논스톱느낌나는듯한....졸잼각임..  
20171012,10,논스톱 재밌게 봤는뎁!! 또 같이 하다니 기대된당!!  
20171012,10,리암 니슨은 역시 스릴러지 ㅋ 이건 무조건 극장가서 봐야한다  
20171012,10,포스터 뭐지하고 봤더니 지하철 철로였네 !!! 이번에도 역시나 고퀄일듯  
20171012,10,논스톱 진짜 재밌게 봤는데 리암 니슨이랑 논스톱 감독이랑 다시 뭉치다니...빨리 보고 싶다  
20170916,7,언노운 soso  논스톱 good 런올나이트 bad 이번엔 과연?  
20170208,10,"테이큰, 논스톱을 잇는 기대작  "
20161105,10,자움+리암   언노운 논스톱 런올나이트 다 재밌게 봤으니 이번 작품도 기대됩니다  
20160914,10,리암할아버지...힘내세요...우리가 있잖아용..~  
20160902,10,감독이랑 리암아빠랑 천생연분  
20160728,10,리암니슨나오니 봐야겟네요  
20160728,10,언더워터 감독에 리암니슨에 컨저링 여주인공이라 이건 말이 필요없다 10점이다  
20160725,10,컨저링2.테이큰에나오신분들 기대해야겠내..리암니슨 짱  
20160722,10,자움 콜렛 세라 이분 리암니슨 되게 좋아하시나부다  
