0,1,2
20170322,10,시사회 다녀왔습니다.  감동도있고 내용도있고 지금의 우리 사회와 어찌보면 맞물리는 가슴찡한 영화였어요.  대박나세용^^  
20170322,10,웰메이드명작입니다. 진심. 이시대의 우리가 자랑스러운 영화  
20170322,10,지금의 이시국의 우리와 87년의 보통사람들의 모습을 보여주면서 큰 울림으로 다가오는 영화임.  
20170322,10,이 시대에 꼭 봐야할 영화. 꼭 보길 권한다.  
20170322,9,믿고보는 손현주 장혁이므로  
20170322,6,손현주 연기는 기대 하지만... 장혁 이라는 함정카드가 숨겨져 있네 ㅋㅋㅋㅋ또 혼자 추노 찍고 있으려나  
20170322,10,손현주 배우님 만으로 기대  
20170322,10,재밌을거 같아요 보고싶어요  
20170322,10,기대되요~ 보고싶어요~!!  
20170322,9,믿고 볼수 있는 배우라 무척 기대가됩니다.  
20170322,10,장혁 손현주라니ㅠㅠ 믿고보는 조합이네요.. 최고최고 기대돼요!!!!  
20170322,9,"캐스팅과 시류에 딱 맞는 영화인데, 어떻게 영화가 나왔을지 기대되네요.  "
20170322,8,평식선수가 5점이라면 꽤나 괜츈하다는 반증  
20170322,10,완전 기대작!!! 기대됩니다!  
20170322,9,역사 공부 이걸루 하면 됩니다.  
20170322,10,믿음이 가는 캐스팅이네요.  
20170322,10,"소재, 배우 완전 기대되요!^^  "
20170322,10,장혁아재 나오면 말 다한거 아니냐  
20170321,10,정치영화... 시기와 맞물려 참 재미있기도 하고 세상을 다시 보게되는 계기도 만들지만 다큐영화말고 진짜 세월호에 대한 영화를 만들었으면 한다. 유가족에게는 어찌보면 잔인할수도 있지만 모든 청소년과 어른들이 자극을 받을 수 있게 감동과 그 안에 정치까지  
20170321,10,무조건봐야죵 배우가^^♡♡♡장혁 손현주님 ~그냥 믿고보죵^^  
20170321,10,기대돼요! 멋진영화빨리보고싶네요!  
20170321,10,오 캐스팅이 좋네요 보러가야지  
20170321,10,기대하고 있습니다~!!  
20170321,9,보통사람인데 보통 사람들이 아닌 출연진! 출연진이 보통이 아닌데요 ~ 기대됩니다.  
20170321,10,캐스팅 대박! 빨리 보고 싶어요~  
20170321,10,기대 만점! 재미있을 것 같앙요!!  
20170321,10,장혁의 연기변신 기대됩니다~  
20170321,10,드디어!! 기대하고 있습니다.  
20170321,10,"출연진만 봐도,, 후회는 안할 듯 ^^  "
20170321,10,기대됩니다.장혁 손현주화이팅  
20170321,10,기대됩니다~!!!  :)  
20170321,10,기대되는 영화예요 극장에서 만나요~  
20170321,10,출연진 빠방하네요.. 기대됩니다.  
20170321,10,믿고 보는 영화~~  내가 좋아하는 장혁~~~  
20170321,10,와우~~ 라미란만으로도 기대 기대~~  
20170321,9,숨바꼭질 봤는데 지림~! 이것도 기대해 봄~  
20170321,10,보통사람의 이야기 기대됩니다!  
20170321,10,이번주말은 이거다. 손현주라면  뭐  
20170321,10,명품끼리 만나네요 기대됩니다  
20170321,10,정말 기대됩니다. 꼭 보러 갈꺼에요!!  
20170321,10,너무너무 재미있을것같아요~! 기대되네용~!  
20170321,10,중년간지 돋을 것 같은 작품! 기대만발중입니다  
20170321,10,배우캐스팅!!!!><  
20170321,10,대박 포스가 느껴진다.  
20170321,10,"손현주,장혁 케미 기대기대~ 꼭 봐야겠네요  "
20170321,9,보고싶어요~기대됩니다^^  
20170321,10,넘넘 기대되요!!!!  
20170321,10,영화 기대합니다!!!  
20170321,10,장혁 간만에 영화네요! 완전 신나! 손현주도 넘 좋아^^ 빨리 보고 싶어요!  
20170321,10,손현주 님이라면 무조건 봅니다!! ^0^  
20170321,10,손현주! 완전기대! 보고 싶어요!!!!  
20170321,9,손현주 연기력 너무 기대됩니다.  
20170321,10,믿고보는 갓현주!! 꼭 봐야지!!  
20170321,10,오오..손현주와 장혁!!  
20170321,9,제목만으로도 기대되는 영화! 꼭 보러가야지~  
20170321,10,오~~~엄청난 조합!! 빅 재미는 기본이겠네요  
20170321,10,넘나기대되네요 완전!  
20170321,10,올해의 최고 기대되는 영화입니다.  
20170321,9,재밌겠네요!! 기대됩니다!!  
20170321,10,기대되는영화네요~!!!!  
20170321,10,"손현주의 맛깔스런 연기에 실컷 웃다 조금씩 가슴을 젖어들게 하는 영화 김상호 배우님의 연기가 넘 좋았고, 대한민국의 최고 배우들의 명연기에 감동이었습니다. 보통사람 추천합니다.  "
20170321,10,시대의 아픔을 잘 표현하는 영화군요....  
20170321,7,다 된 영화에 장혁 노인화에서 빵~/너무어색해요  
20170321,10,오랜만에 기대되는 국내영화 잘나오기를 기원합니다  
20170321,10,시사회에서 보고 왓는데 완전 추천해여 !!  
20170321,10,연기파  두  주연에 조연들 조합까지! 기대기대~  
20170321,1,개같은 한국영화 영화관독점 지긋지극하다 휴  
20170321,9,바나나우유먹는 아역배우  출연목록에 이름이 없다니...  
20170321,9,너무좋음!!!^^마지막 엔딩~~  
20170321,6,멋은 멋대로 살리고 싶었는데. 허세가 된 결과물  
20170321,10,VIP 시사회 보고 왔습니다. 오랫만에 영화보면서 눈물도 흘리고.. 적절한 웃음코드도 좋았고. 모든 배우들이 다 주인공인 영화였습니다. 흥하세요~!!!  
20170321,5,시대의 오명은 유행처럼 문화계의 트랜드가 되어 가고 그럼에도 지속되고 있다는 무력감.  
20170321,10,방금 시사회 보고 왔는데 끝나고 다들 박수쳤어요..ㅠㅠ너무 여운이 길고 찡하네요 앞부분 가끔씩 나오는 웃음코드도 좋았어요^^ 많은걸 느끼게 해주는 영화네요  
20170320,1,예고편만 봐도 좌좀영화네.. 대선이 얼마 안 남은 시점에서 이런 영화를 개봉하는 것이 과연 절적한가?  
20170320,8,"우리가 반성해야 할 과거, 현재를 보여주는 또 하나의 영화. 하지만 속시원한 결말을 보지 못해 다소 아쉬운 영화.  "
20170320,10,시간가는줄 모르고 봤네요.. 몰입도 최고 너무 잘봤습니다 !  
20170320,10,보통사람  정말 꼭보세요너무나 감명깊게 봤습니다영화 정말 최고네요  
20170320,9,"기대에 저버리지 않네요  가슴이 뭉클 뭉클,  손이 불끈불끈, 눈물이 펑펑이네요  "
20170320,8,막막했던 시대를 보여주는 영화..늘 그래왔듯이 힘이 없는 사람만 당하는.. 손현주 아저씨가 하드캐리였음!! 역할도 상황도 모든게 암담..ㅜㅜ  
20170320,10,십점만점에 십점!!손현주 아저씨 하드캐뤼해~차카게 삽시다 ㅜㅜ  
20170320,10,방금 코엑스 시사회 보고 나왔습니다.. 너무 울어서 눈이 퉁퉁 부엇네요~  처음으로 여기에 글 남겨 봅니다... 꼭 보세요 .. 진짜 너무 가슴이 먹먹힙니다.. 실화같은 스토리에 배우님들 연기까지 최고입니다 ㅠㅠ 좋은 영화 잘봤습니다  
20170320,10,손현주씨 연기 너무 좋았고 어르신분들이 보시면 특히 공감하실듯하네요  
20170320,10,너무 기대되는 영화^^ 장혁 넘 멋있어요 부산에서도 꼭 무대인사 해주세요!영화대박나시길빌어요!  
20170320,10,손현주님!!!무조건 봅니다~~  ^^  
20170320,8,너무 기대 합니다 . 꼭 보고 싶은 영화 ㅎ  
20170320,10,장혁에 손현주라니 손현주씨는 원래부터 좋아하던 배우라서 엄청 기대가 크네요 언능 개봉했음 좋겠습니다승승장구 하세욘 대박 대박 대박기원  
20170320,10,손현주 영화는 다 봤는데 다 재밌었음..  
20170320,10,무려 손현주라니.. ㅎㄷㄷ 완전 기대기대! 예고편도 분위기 터진다!!  
20170320,9,배우들의 콜라보가 정말 기대됩니다보통사람 화이팅  
20170320,10,"김상호, 라미란이 나오는 영화는 재미 있었죠.  "
20170320,10,손현진님의 영화라면 믿고 봐야죠~~ 완전 기대되요!!!  
20170320,10,너무 기대되는 영화!!  
20170320,10,예고편만 봐도 벌써 기대돼요!!  
20170320,10,장혁 손현주 배우 연기력과 소재 기대 되네요~  
20170320,10,헐..꼭 봐야돼 이건 ㅠㅠㅠ기대합니다~~  
20170320,10,믿고 보는 캐스팅!!!  
20170320,10,캐스팅 짱짱맨!!!!  
20170320,10,"손현주, 장혁의 캐미가 어떻게 전개될지 기대되네요~ 그리고 개인적으로 좋아하는 김상호까지~ 캐스팅만으로도 10점이 아깝지 않은 영화!!!  "
20170320,10,헐..장혁 손현주 라니ㅠㅠ개봉날 무조건 봐야겠어요!!!  
20170320,10,어떤보통사람을 이야기할지 기대됨!  
20170320,10,믿고 보는 손현주 장혁 ㅠㅠ!! 지금 시국에 꼭 봐야될 영화! 강추  
20170320,10,좋아하는 연기파 배우들이 출연해서 너무 기대됩니다^^ 올라오자마자 달려가서 봐야겠네요! 영화 흥하길 바랍니다  
20170320,10,"장혁,손현주 너무 기대됩니다~!  "
20170320,10,장혁형님 사랑합니다 ㅎㅎ  
20170320,10,재밌겠네요~~~ 꼭 보고싶네요  
20170320,10,믿고보는손현주.장혁영화!기대됩니다~~~  
20170320,10,손현주 연기 기대중 얼른 개봉하길!!  
20170320,10,"연기파 배우 손현주와 얼마전 보이스에서 카리스마 있는 액션연기를 보여준 장혁의 명연기를 ""보통사람"" 에서는 어떤 모습으로 보게될지 두근두근 기대만발~  "
20170320,10,손현주와 장혁 믿고 봅니다~~ 너무 기대되요^^  
20170320,10,예고편만 보는데도 울컥하게 하는 뭔가가 있던데 완전 기대해봅니다. 두근두근♥  
20170320,10,캐스팅부터 믿고 보는 배우들!!! 기대됩니다!!  
20170320,10,정말 믿고 봅니다!!! 손현주 배우의 작품 고르는 선택은 언제나 탁월하신 듯  
20170320,10,이런 영화를 필람무비라고 하나요  현재  우리 모습이랑 많이 닮아 있는 거 같네요 기대됩니다  
20170320,10,극장에서 예고편 보는순간부터 넘넘 기대했던 영화에요~ 넘 보고 싶어요!  
20170320,10,손현주 눈빛 보니 찌릿찌릿 합니다. 배우조합이 훌륭하니 기대감 폭발!  
20170320,10,배우 캐스팅 장난 없네ㅋㅋㅋ요즘 같은 시국에 이 영화가 굉장히 끌리네요  
20170320,10,손현주 영화 오랜만인듯! 기대됨~  
20170320,10,예고편 대박! 손-장 케미 기대합니다.  
20170320,10,기대되는 영화중 하나에요! 꼭 극장에서 볼께요!  
20170320,8,믿고 보는 손현주인데  장혁 까지  오달환까지  장르가 드라마?  스릴러 였으면 하는데.  보통사람  흥했으면 좋겠다  
20170320,1,세월이 사람잡고 사람이 세월속에 묻힌다  
20170320,9,손현주 아저씨 기대됨!!!  
20170319,10,손현주님 나오닌깐 믿고 봅니다.  
20170319,10,"최근에 가장 기대되는영화입니다.연기력하나만으로도 충분히보러갈 이유가있을것같아요,~  "
20170319,10,손현주와 장혁에 명품 조연들까지 연기력이 기대되는영화입니다.  
20170319,10,짧은 예고 영상으로도 빛이 나는 배우들의 연기!!  
20170319,10,예고편 보니까 정말 재밌어 보이더라구요  
20170319,10,이 시대에  필요한 영화!  
20170319,10,"손현주, 장혁, 라미란, 김상호  배우들의 연기 기대!  요새 분위기에 딱이네  "
20170319,10,존잼일듯..! 무대인사로 꼭 봐야징  
20170319,10,올해 꼭 보고싶은 기대작인데 빨리 만나 보고싶어요  
20170319,10,저번에 해투에 손현주씨 나오는거 봤눈데ㅎㅎㅎ 영화도 기대하겠습니당  
20170319,10,암울했던 87년… 그때가 궁금하다  
20170319,10,손현주와 장혁과 김상호 그리고 정만식의 조합.. 넘나 기대되는거..  
20170319,10,연기 잘하는 배우분들 다 모였넹  
20170319,10,장혁 카리스마 연기 터지겠는뎅?ㅋㅋㅋ  
20170319,10,아직 예고만 봤는데도 소름이 쫘악~..  
20170319,10,예고편 잘 뽑았던데 예고편만 만큼만 나와주길…  
20170319,10,3월에 재밌을거 같은 한국 영화 짱 많이 나온다ㅋㅋㅋ 그 중 보통사람이 제일 기대됨  
20170319,10,오 보통사람 재밌을거 같은데요?  
20170319,1,억지스런설정으로 비호감  
20170319,10,너무 보고싶은 영화입니다  
20170319,1,10R  선거철만 되면....민주팔이  시체팔이가...판을 치는구나...  
20170318,10,이 영화 청불 아니예요. 15세 관람가 입니다  
20170318,10,보이스에서 부부역할을 한 장혁이랑 오연아가 만나네요ㅠㅠ보고싶은데 청불..ㅎㅎ  
20170318,10,시대물 너무 좋아요속시원한 결말 기대할께요  
20170318,10,배우들의 연기도 기대되지만 스토리가 더 기대되는 영화  
20170318,10,이건 꼭 봐야할듯ㅜㅜ ㅜㅜ  
20170318,10,예고부터 장혁의 악역연기가 돋보인다  
20170318,10,끝나지 않은 전두환의 이야기  
20170318,10,뻔하지만 잼있을거같음  
20170318,10,국가에 대한 영화가 많이 나오는군  
20170318,10,장혁은 악역도 잘 소화 해낼거야 아마ㅋㅋㅋ 이번 보이스에서 최고였다 정말  
20170318,10,계속 개봉일만 기다리고 있습니다ㅜ  
20170318,10,며칠전 영화정보 프로그램에서 보았는데 재미와 감동 모두 기대됩니다 ~!! 너무 보고싶네요~ ^^  
20170318,10,최고의 연기파 배우들의 조합이네요~!! 상식이 통하는 사회를 꿈꾸는 우리 보통사람들이 세상을 바꿀 수 있습니다~!!  
20170318,10,"손현주, 장혁, 김상호 - 믿고보는 배우들의 불꽃튀는 연기가 기대됩니다!! 힘든 시대를 온몸으로 견뎌낸, 그리고 견디고 있는 우리 모두의 이야기라고 생각되네요~  "
20170318,7,영화 개봉전이라 아직 못봤고 볼 예정이긴 하지만.. 영화 관계자가 쓴 알바&홍보성 리뷰는 어쩜이리 티가 날까.. 본인들은 티나는거 알까...  
20170318,10,손배우 나오면 무조건봐야죠너무 기대됩니다  
20170317,10,요즘들어서 재밌는 영화들 진짜 많이 나오는듯  
20170317,10,"장혁팬이에요, 꼭 볼렵니다  "
20170317,10,배우들 캐스팅 지리네ㄷㄷ  
20170317,10,예고편에 나오는 장혁의 모습만 봐도 숨 막힌다  
20170317,10,장혁과 손현주의 명품연기 기대해봄  
20170317,10,요즘 시국에 딱 맞는 영화ㅠㅠ  
20170317,10,우연히 예고편 본 뒤로 개봉일만 기다리는 중  
20170317,10,보통사람! 왠지 느낌이 좋아요!  
20170317,9,요새 볼거 없었는데 이건 보고 싶네요!  
20170317,10,배우들은 보통 배우들이 아니네요! 기대되요!  
20170317,10,저희동네에서 촬영하는모습 봤어요~  기대하고 있겠습니다.  
20170317,9,흥미로운 시대에 흥미로운 배우들이 나오네요!!  
20170317,10,으아아어아앙! 아재퐈탈! 기대기대기대  
20170317,10,믿보배우 손현주 ㅎㅎㅎ  
20170317,10,이제는.보통사람의 시대...  
20170317,10,제목 진짜 잘 지은거 같은데 영화는 과연 어떨지 기대됩니다  
20170317,10,꼭 보고싶어요~ 손현주배우 연기는 역시 믿보ㅋㅋ  
20170317,10,포스터 간지 좔좔. 완전 기대!  
20170317,10,손현주x장혁. 간만에 영화다운 영화 볼 수 있겠네요. 기대 만빵!  
20170317,10,그때도.. 지금도.. 보통사람 기대 됩니다^^  
20170317,10,예고편 보니까 장혁 포스 지리던데; 스토리도 흥미롭고 재밌을듯  
20170317,10,오래기다린영화 드뎌 개봉하네요  
20170317,10,개봉 기다리고 있습니다~  
20170317,10,믿고 보는 손현주님. 화이팅.  
20170317,10,예고 영상들 보는데 캐릭터 영상에서 우리 동네 나와서 소름 돋았음.. 개봉하면 바로 보러 가야지  
20170317,10,이영화 초대박 기대!!!탄핵!!!  
20170317,10,80년대 딱 우리아빠 얘기네 좋으다  
20170317,5,요즘손현주작품흥행성적이매우안좋음  
20170317,10,손현주 영화 오랜만인듯! 이번에 또 어떤 연기 보여줄지 넘 기대됨  
20170317,10,장혁 ? 손현주 후덜덜하군요  캐스팅부터 완전 기대돼요 역대급콜라보 기대요~~^^  
20170317,10,너무너무 기대되요~~ 배우들도 다 좋구요~~ 대한민국 영화계가 밝습니다!! ^^  
20170317,10,손현주님 응원합니다 기대되요 ㅎㅎ  
20170317,10,대박 괜히믿고보는 배우들이 아니네요  
20170317,10,손현주와 장혁이라니.. 그냥 믿고보는 영화입니다!!! ㅋㅋ  
20170317,10,어제 해투에 나오신거 보고 너무 반가웠어요^^  영화도 기대하겠습니다!  
20170317,10,너무너무 기대되는 영화빨리 보고 싶어욤  
20170317,10,손현주 형님 때문에 안볼수가 없는 영화!! ㅎㅎ  
20170317,10,믿고 보는 손현주배우님 감독님영화도 무척 기다렸는데 드디어 개봉하네요 너무 기대되요~  손현주님의 오랜만에 스크린 개봉작이라 마니 기다렷는데~  얼른보고싶네요 좋아하는배우도 마니 나오고 내용도 궁금해요~기대짱짱~!!  
20170317,10,"믿고보는 두배우, 손현주와 장혁이라니!! 둘의 케미가 기대되요~~ 설렙니다!  "
20170317,10,최근에 보이스에서 보여준 연기 때문에 더 기대되는 장혁.. 이렇게 영화까지 개봉해주시다니ㅋㅋ  
20170317,10,완전 기대되네요~~~ 개봉하면 바로 보러 가야겠어요~ㅋ  
20170317,10,믿보배 손현주~~ 촌스러운 느낌도 잘어울리는듯~ㅋ  
20170317,10,완전 기대되네요 화이팅하세요!!  
20170317,10,탄핵에 딱 어울리는 영화라던데. ㅎㅎ 홀가분하게 보러가야지!  
20170317,10,"오 완전 기대되는 작품,  빨리 보고싶어요~~  "
20170317,10,"손현주와 장혁,김상호, 정만식ㄷㄷ 배우들 연기만으로도 충분히 볼만하지 않을까  "
20170317,10,재밌을것 같아요! 기대되는 작품 :)  
20170317,10,믿고보는 배우 손현주.개봉날기다리고있어요. 빨리보고싶어용  
20170317,10,라미란 영화 속에서 말 못하나…? 색다른 캐릭터를 어떻게 소화해낼지 궁금하면서 기대됨ㅎㅎ  
20170317,10,"어마한  배우들과 스토리, 기대해봅니다!  "
20170317,10,장혁의 악역이 궁금하당ㅋㅋㅋ  
20170317,10,완전 기대됩니다!!!!  
20170317,10,연기본좌 두분 호흡 기대 됩니다! 우선 연기력 하나는 믿고 간다는!!!  
20170317,10,믿고 보는 손현주 그리고 장혁!!  
20170317,10,"우연히 광고로 개봉하는건 알고있었는데, 어제 해피투게더보고 더욱 기대가 업업! 다음주 개봉이 기다려져요  "
20170317,10,완전 기대됩니다~!!^^  
20170317,10,제가 좋아하는 배우들이 많이 출연하는 영화네요! 기대됩니당!!  
20170317,10,프리즌 보다 재밌다는 소문이 벌써부터 들리던데!! 기대됩니다!!  
20170317,10,벌써부터 기대되네용!  
20170317,10,예고편 보자마자 다음주 개봉 예매 완료 !!! 너무 기대됩니다 !!!  
20170317,10,"믿고보는 손현주, 장혁이네요^^  "
20170317,10,메인 문구가 너무 와닿습니다. 그때도 지금도 우리는 보통사람. 꼭 보러갈게요  
20170317,9,"믿고 보는 손현주, 너무너무 기대되요  "
20170317,10,배우가 기대되고 스토리도 나쁘지 않다면.. 그러면 일단 봐야겠네요 ㅋㅋ  
20170317,10,지금같은 시국에 꼭 봐야할 영화가 아닌가싶다.얼른 개봉해라 ㅜ ㅜ 대박기원!!  
20170317,10,예고편 만으로도 기대가 너무 되는 영화 !!  
20170317,10,기대되는 조합이네요~~ 대박대박  
20170317,10,둘다 흥행배우는 아닌데.. 왠지 재밌을꺼 같다!! 흥해랏!  
20170317,10,조연이 주연급인 영화. 믿고보는 배우들.  
20170317,10,어제 해피투게더 봈는데. 손현주씨 넘 웃겨요~~ 김상호 오라버니는귀염둥이~ 두분이 나오는 영화 찾아서 들어왔는데. 완전 기대기대!!!!  
20170317,10,다들 연기파 배우들이라 어떤 영화일지 기대된다  
20170317,10,기대됩니다. 장혁이라니...손현주라니!!! 음청 기대됩니다  
20170317,10,진정 연기갑질의 영화 믿보영  
20170317,10,보통사람 기대하고 있는 영환데 드디어 곧 개봉이네요!  
20170317,10,왠지 요금 시국에 어울리는 영화일 듯  
20170317,10,와 주인공들뿐 아니라 조연들까지 탄탄.. 믿고 볼 수 있겠다  
20170317,10,스토리도 엄청 기대되지만 배우들 때문에 더 보고싶은 영화  
20170317,7,또 연쇄 살인 ....지겹다 ...  
20170317,5,손현주 연기력만큼은 손색이 없다만 최근 출연한 몇 편에 너무 데여서...ㅠ  
20170316,10,손현주 장혁이면 연기력은 걱정할 필요가 없을듯ㅋ  
20170316,10,헐 곧 개봉인데 난 왜 지금 알았지? 홍보 좀 제대루 해줘라~~  
20170316,10,그때도.. 지금도.. 보통사람 기대하겠습니다  
20170316,10,예고만 봤는데 소름 쫙..  
20170316,10,진짜 꼭 봐야지ㅋㅋㅋ 장혁 악역 기대된다  
20170316,1,"좌파들은 형사는 늘 착하고 힘든일도 마다하지 않는 좋은 사람이고, 국정원(안기부)는 누구하나 알아주는 사람 없이 음지에서 일해도 나쁜놈인 프레임을 씌운다. 이렇게 자국 정보기관을 혐오대상으로 생각하는 나라는 한국밖에 없을 듯.. 그래야 좌파가 사니  "
20170316,10,시놉이랑 영상들 방금 봤는데 스토리도 그렇고 배우들도 그렇고 개봉하면 꼭 봐야 될 것 같아요  
20170316,10,장혁 이번에 보이스 보고 팬 됨ㅜㅜ 이렇게 영화까지 개봉해주시다니 열일하시네여!  
20170316,10,블라인드 시사회로 보았습니다. 스포를 할 순 없지만..정말 꼭 보세요. 진짜 잘 봤습니다. 재밌다고 말하기에는 어려운 주제입니다. 잘 만든 영화입니다!  
20170316,10,예고편 보고 왔는데 재밌을거 같네요ㅎㅎ  
20170316,10,출연진들 라인업이;; 기대할 수 밖에 없는 영화인듯  
20170316,10,손현주/장혁에 내용도 완전 기대~ 요즈음 상황에 더욱 절절하게 다가올 듯~!  
20170316,6,손현주씨의 연기를 다시한번 보고싶어요.  
20170316,10,지금 시기에 개봉한 영화중 가장 의미있는 영화가 아닐까요 손현주 장혁 뭔가 익숙한듯 하면서도 신선한 느낌이네요 기대합니다!!  
20170316,10,믿고보는 손현주! 예고편만 봐도 뭉클하다  
20170316,10,재밌을 것 같다 1980년대를 어떻게 그려냈을지  
20170316,10,기대되요 흥하시기를..  
20170316,10,"손현주, 장혁 거기에 김상호 라미란까지-0-..  주조연 완전 빵빵하네  "
20170316,9,보이스에서 장혁보고 뿅감.. 영화도 기대됨♥  
20170315,10,끌린다.. 이 영화...ㅋ  
20170315,10,장혁+손현주 포스터 포스 개쩐다 ㄷㄷ  
20170315,1,아..감독...영화 걸러라  
20170315,4,감독의 전작을 생각하면 심히 걱정이 되기는 하지만...  
20170315,10,꼭 보겠습니다~~ㅋㅋ재밌기를~  
20170315,1,진짜이건아닌듯. . . .  
20170315,1,"솔직히 이런류의 영화는 돈주고 보기엔...ㅜㅜ 솔직히 드라마로 만드는게 더 나를듯....선거철만되면 슬슬 나오는 보통사람,특별시민 이런영화 정말...ㅜㅜ  "
20170314,10,오매불망  23일입니다 ..시간이 느~~~무 안가요!ㅠㅠ  
20170314,1,더폰 숨박꼭질 악의연대기 보고서도 아직도 손현주가 믿고 보는 배우로 보이는가?....  
20170314,10,손현주! 연기의 신이 다시 컴백하시는군!  
20170314,10,기대되는 배우 조합입니다 :)  
20170314,9,손현주 나오면 봐야지000  
20170314,10,장혁에게도 한표!!짱!!멋져용 ~~기대해봅니다!@  
20170314,10,"기대됩니다.손현주, 라미란  "
20170313,10,시작전부터 견제1점 저주뿌리는 하급사람 보란듯이 보통사람 흥하세요 의미있는 작품같습니다  
20170313,1,추적저에서 멈춰버린 손현주. 대길과 평생 동화된 장혁. 믿고 거릅니다. 특히 손현주.. 숨바꼭질 더폰 악의언대기.. 진심 ㅆㄹㄱ였음  
20170313,10,그냥 그 더러운 역사를 다룬것 만으로도 꼭 봐야겠다  
20170312,1,"믿고 거르는 형사,범죄물  "
20170312,5,너무 똑같은 역할만 한다...  
20170312,10,손현주씨 라미란씨 믿고간다  
20170311,9,믿고보는 손배우님과 라미란 김상호씨 서브면 말다했죠 이영화는 흥할겁니다  
20170311,3,"주연의 연기력에 의문이 듭니다. 차라리 라미란, 정만식, 김상호 조연 라인이 이 작품의 포인트라 생각됩니다.  "
20170311,10,이영오 선생님! 요즘에 보이스도 꽤 잘되는 것 같아 기분이 좋았는데 이 영화도 대박나길 바랄게요ㅎㅎ  
20170311,9,상식이 통하는 사는 세상의 보통사람이 되고 싶다는 대사가 현실을 대변하고 있다.  
20170311,10,장혁믿고 본다  흥행해랗  
20170310,10,오늘 탄핵!!!!   축제다!!!!  
20170309,10,장혁은 의뢰인때 연기 소름돋았다 그런 영화사나리오면 이것도 기대가 되네요  
20170309,9,당연히  믿고  무조건봐야긋다  영화완전기대  
20170309,10,믿고보는 손현주 배우님의 영화가 또 나오네요~예고편도 깊이감있던데 너무 기대되요~  
20170309,10,캐스팅만으로도 기대되는 영화입니다!!개봉일이 기다려지네요!  
20170309,10,기대된다 ㅋㅋ!! 손현주 아저씨 연기는 진짜 믿고본다  
20170309,10,"알려지지 않았던 이야기 혹은 알고 있지만, 드러내서 얘기 못했던 이야기들이 많이 알려졌으면 좋겠습니다! 그런의미로 꼭!! 장혁님 기대해 보아요- 악역이라니-  "
20170309,10,"나 장혁 손현주, 와이프 라미란~ 감이온다~  "
20170309,10,"완전 대박,감독님 연출이 정말 대단하시네욤.  "
20170308,10,캐스팅도 좋고  의미있는 소재네요 꼭 보겠습니다  
20170308,10,잊지 말아야 할 그때 그시절 그리고 지금 이시절 이야기  
20170308,1,이런 영화 작작 찍으라.  
20170308,1,뉴스에도 매번 나오는 얘기를...  
20170308,10,경찰관련 전문배우 이분나오는 영화드라마 치고 정치 경찰 안나온게 없네  
20170307,10,완전 기대기대!!!!  
20170307,10,장혁배우님  기대됩니다.  꼭 보러가겠습니다.^^  
20170305,9,이거 19세? 15세?  
20170305,10,캐스팅이 너무좋아요..기대됩니다  무조건볼거예요^^  
20170304,10,우와 손현주 장혁 정만식 김상호 조달환 이라니  
20170303,5,장혁 연기 보이스때처럼 이상하게 하면 보기싫어질것같다  
20170303,10,홍보가 시급합니다. 3월달에 개봉하는지도 몰랐어요.  
20170303,9,"요즘 필요한 영화가 아닌가 생각이 듭니다. 세상 걱정, 나라걱정없이 보통사람이고 싶은건 저뿐인가요.  "
20170302,10,재미있어요hdhfjgjffueur  
20170301,2,개봉이 한 달도 안남았는데.. 왜 이리 홍보를 안하는거져?? 재심 미느라 그런가...  
20170228,10,빨리 보고 싶네요....  
20170228,10,너무기대 됩니다@@@@  
20170227,10,아니 무팀장님 여긴 어떻게??ㅋㅋㅋㅋ 기대됩니다!!  
20170227,10,빨리개봉일정해라!!♡♡  
20170224,10,기대 됩니당  오호호~~~~ 시나리오 짱  
20170223,10,"대박 기대작.. 현정부이 탄압에도 불구하고 제작되었고, 개봉한다니 참 기대된다!!!  "
20170223,10,너무기대되는 영화에요.. 진짜 꼭 빨랑보고싶어요~  
20170223,10,오 이거 죽임...ㄷㄷㄷ  
20170223,5,믿고 거르는 손현주!!!  
20170223,10,연기파 배우들이 총출동하네요!! 완전 기대  
20170223,10,손현주 화이팅!!!ㅇㅅㅇ/  
20170223,10,개봉일날 꼭 봐야겠어요 ^^  
20170222,10,보통사람 대박을 기원합니다  
20170222,10,과거를 통해서 현재를 반추할 수 있는 영화...궁금합니다.  
20170221,10,장혁빨리보고싶어용ㅜㅠㅠㅠ영화대박났으면!  
20170221,10,연기대상 수상자들의 연기배틀  
20170220,10,장혁 이라니 ! 무조건 본다  ㅋㅋ  
20170220,10,ㄱㅣ대되요~~~장혁님 손현주님  
20170220,10,손현주 좋아요! 너무 기대됩니다!  
20170220,10,믿고보는 배우들!! 변호인보다 시나리오가 좋다고 하니 기대됩니다  
20170220,10,기대중입니다!!!! 보통사람 꼭 보겠습니다!!  
20170220,10,오늘의 우리가 꼭 봐야만하는 영화  
20170220,10,포스터 보고 완전 기대중!!  
20170218,9,장혁 손현주 투톱에다가 백업 김상호 라미란 정만식이면 게임 끝이내ㅋㅋㅋ 기본 300만 이다!!!  
20170218,10,빨리 보고싶어요..장혁오빠가 악역이라니....저 이제 악역까지 사랑해야 합니까ㅠ..기대중이고 빨리보고싶습니다!  
20170215,10,장혁의 악역 너무 기대된다.. 의뢰인에서도 연기력 죽여줬는데ㄷㄷ  
20170214,10,우아우아 무팀장님~~ 기대 만땅 중입니당~~=^=♡장혁장혁!!  
20170211,10,임지민출연 대박시대 보통사람~  임지민분량 천만관객 보통사람~  임지민 분량 좀 늘려 주세요 겁나 이쁨~  걸그룹 미모 ~♡  
20170206,10,배우 캐스팅 부터!!! 믿고 볼 수 있는 영화일듯! 어떤 영화일지 궁금하네요. 빨리 보고싶어요~>.<  
20170201,10,너무나도 기대되는 대한민국 보통사람 입니다.  
20161227,10,출연진이 연기 내공이 높은 사람들로 캐스팅되었네요 기대됩니다.  
20161226,10,과연 이전 작품보다 배우 급도 올라갔는데 좋은 작품이 나올가요? 기대해봄니다  
20161226,10,줄거리가 기대가되는군요  
20161219,10,언제개봉합니까?믿고보는 저의 사랑 손현주님  
20161201,10,믿고 보는 캐스팅 이군 ㅋㅋ 기대됩니다 ㅋ  
20161102,10,"저희집 앞에서 촬영준비하는모습 봤어요~ 장혁이 나온다니, 기대하고 있겠습니다.  "
20161018,10,손현주에 장혁..캐미기대됩니다  
20161015,1,죄송합니다..감독이 이사람이면 뭔가 기대가안돼요..히어로 땜에  
20160926,10,빋고보는 영화 아닌가요? 꼭 봐야되는 영화 아닌가요? 이 정도면 탈 아시안 할리우드급 영화 아닌가요? 추천 살포시...  
20160926,10,줄거리만봐도 재밌네요..기대하겠습니다!  
20160926,10,믿고 봅니다. 시대적 흐름에 맞춰 범죄와 싸우는 반전의 영화가 기대됩니다! 두근두근  
20160925,10,보통사람...영화 기대되요~  
20160911,9,까약..손..현..주...  
20160908,10,장혁 믿고 볼꺼예요 ~ 악역이라고 들었는데.. 잘 소화해내실거라라 기대해봅니다  
20160901,9,손현주 영화는 무조건 개봉 첫날 본다  
20160831,10,믿고보는 손현주와 장혁! 둘의 케미 기대됩니다!!  
20160815,10,장혁 손현주 드라마타짜에서 호흡좋았는데 기대되네요ㅎㅎ  
20160812,10,믿고보는 이영오 선생님.. 차기작 장혁 연기 기대돼요  
20160804,1,"2만명 돌파한 영화 ""히어로""의 감독. 믿고 거를거임.  "
20160803,10,캐스팅부터 완전 기대돼요  어떤 영화일지 궁금  
20160803,10,이영오쌤 무조건 믿고 본다 장혁 흥해라 화이팅!!!  
20160727,1,맨날 똑같은 연기 믿고 거르는 손현주  
20160724,10,손현주 믿어볼게요 마지막으로 ㅋㅋㅋㅋ  
20160720,9,xihn****님이 배우 보는 눈이 넘나도 없으신것같습니다.. 작품이 아무리 OOO라도 연기력으로 작품질질끌고 가시는게 손배우님이신데.. 그의 연기에 똑같고 오글거린다뇨..(절레절레^^)게다가 장혁배우님과의 조합이라니!! 정말 기대됩니다!  
20160715,10,"장혁, 손현주라니.. 기대!!  "
20160714,10,손현주님 이번엔 보통사람 흥행 성공하길 바람  
20160709,1,"손현주 배우님이 작품 선택하는것을 너무 못하신다.. 그래서 그렇게, 기대가 쉽게 되지는 않는다 :)  "
20160706,10,벌써 기대됩니다. ^^  
20160702,1,"숨바꼭질,악의연대기,더폰 다본사람인데.. 영화보는눈이 너무없다 손현주씨.. 그리고 똑같은 연기, 오글거리는 연기.. 믿고거르는 손현주님.. 이것도 기대가 안됨..  "
20160629,10,기대해요 손현주ㅎㅎㅎ  
