0,1,2
20171121,10,기대가 많이 됩니다. 천만 관객 기원합니다.  
20171121,10,반전의 반전!! 재미도 있고 현빈 얼굴보면서 힐링했음ㅎㅎㅎ  
20171121,6,오늘 7시30분 cgv 라이브톡으로 보고왔어요.생각보단 약하네요.재미없다라는 느낌은 아닌데 그렇다고 와 할만큼 몰입이 되지는 않아요.마지막에 조금 엉성한듯.큰 기대는 하지말고 보세요.억지성 강합니다  
20171121,10, CGV 스타라이브톡으로 하루 먼저 관람하고 지금 라이브톡 보고 있는데 현빈과 나나를 보면서 안구정화도 하면서 반전에 반전..또 반전인 영화 재미있네요 ㅎㅎ  
20171121,1,"기대가 전혀 안되네요. 예고편도 그렇고, 전문가 평도 그렇고.. 애초에 이런 코미디+사기극 영화가 잘된걸 본 적이 없어요. 속고 속이다가 마지막에 현빈이 악당들한테 사기로 뒤통수 제대로 치고 씨익 웃는 모습이 나오겠죠? 안봐도 예상 가능한 결말..  "
20171121,7,"음,.. 가볍게 보는거 좋아하시거나 배우 좋아하시면 보세요~  "
20171121,10,"시사회 다녀왔는데, 잼있습니다~!  "
20171121,10,미국영화보다 훨 잼있다.. 빨간빤쭈 아져씨 보지말고 이거보자  
20171121,5,현빈나오는거네 하고서 왔더니 전문가평점보고 잉?  
20171121,10,"배우들의 앙상블, 두시간을 책임지는 재밌는 오락영화  "
20171121,6,조작된 도시 2탄 같았어요.. 그리고 현빈 미스 캐스팅. 현빈이 별로 여서가 아니라 젊고 패기 있는 느낌의 다른 배우가 더 잘 어울렸을텐데 아쉬웠어요. 유지태/배성우만 보이는 영화 ㅇㅇ  
20171121,1,"공조때문에 기대가 좀 있긴 한데, 예고편보고 푸슈슈 꺼져버림  "
20171121,2,시사회보고왔습니다 간략하게 말하겠습니다 배우들 연기는 좋습니다 내용은 별로입니다  
20171121,9,상영내내 지루할 틈 없이 몰아부치고 멋진 반전도 있는 영화  
20171121,3,한 명의 배우도 건질 게 없는 싼마이 영화  
20171121,1,상영관 또 독점 한거 봐라ㅋㅋ 더러워서 안봄 ㅆㄹㄱ영화  
20171121,3,시사회다녀왔습니다. 상당한기대를가지고 영화를보러갔습니다. 현빈씨가연기한 공조가 너무재미있어서 말이죠 근데 너무 기대이하네요... 뻔하디뻔하고 재미있는부분은없어서 작품성이 아쉬웠습니다..  
20171121,10,시시회가서 봤는데 정말추천합니다!너무 재밌었어요 대박날듯  
20171121,8,"장점은 흥미로운 소재, 유지태 배우의 연기, 전반적 스토리라인의 무리없는 전개. 단점은 개연성의 부족, 전문영역의 디테일 결여, 기존영화들의 혼합으로 인한 식상함입니다. 좋게 보든 나쁘게 보든 관점의 선택 문제인것 같습니다. 저는 괜찮다는 입장입니다.  "
20171120,1,별한개도 아깝다. 반개가 딱 적당.  
20171120,10,재밌어요몰입도 잘되고 잼납니다대박나세요  
20171120,10,반전의 반전..ㅎㅎ유쾌한 영화내요  
20171120,10,연기로 실망시킨적 없는 배우들이 탄탄한 시나리오를 만나서 제대로 버무려낸 범죄액션물. 보는데 쫄깃하고 즐겁고 또 통쾌하고. 추천합니다.  
20171120,10,제목만 봐도 !너무너무 기대되는 영화입니다!!!  
20171120,1,사기꾼이 사기꾼을 잡는 이야기라니 ㅋㅋㅋㅋ 현실성 제로  
20171120,10,오랜만의 범죄오락 영화네?? 꾼  제목만으로도 재미있겠다??봐야지  
20171120,7,시사회 보고왔는데 재미있었습니다~  
20171120,10,평론가들의 평을 보고 있자면.. 진심 토 쏠린다..  
20171120,3,망작 두 편의 짬뽕마스터+아수라그리고 관객의 의구심을 불러일으킨 뜬금없고도 아주 과한 감정선  
20171120,6,조모씨를 모티브로 삼은 것 같다만 거기까지일 듯..ㅜ  
20171120,2,밑에 무에타이..그렇게 말하면 안되냐?? 솔직히 한국영화 뻔하잖아!!!또 그런영화 만드니까 하는 얘기잖아!! 지겹다..새로운영화좀 나와라..이러니 한국영화 발전이 없지ㅉㅉㅉ  
20171120,8,또 이런영화라고 지껄이는것들보면 묻고싶다.!!늬그들은 도대체 어떤 영화를 원하냐고??헐리웃처럼 수천억들이는 말도안되는 스펙타클영화?이 조그만 땅덩어리에서 말이 되는소리좀 지껄여라..그럴거면 걍 헐리웃영화를봐..늬들이 재작비 투자해줄래??찌질이들ㅉㅉ  
20171120,1,그저그런 사기꾼 영화.... 별로  
20171120,10,전 너무 재미있게 보았어요 ~~ 등장인물 모두 다 연기력이 정말 최고십니다 ~~ ^^  
20171120,9,기대이상이였어요! 추천! ^^  
20171119,10,솔직히 기대 안 하고 봤는데 보면서 중간중간 배성우님 덕에 재밌게 봤어요ㅋㅋㅋㅋ짱! 꾼 재밌어요~  
20171119,10,너무  잘  봤어요 모두  최고  
20171119,8,조폭 검찰 사기 정계유착.이런거 빼면 한국영화 찍을게 없나보다.90년대 홍콩영화 보는듯.  
20171119,3,솔직히 도둑들 짝퉁 아니냐???  
20171119,1,아 이런 영화는 처음이네 푹자다 나왔다 잠안오면 보러가라  
20171119,7,뭘맨날 믿고 본데 ㅡㅡ 참 신기한 사고방식이야  
20171119,10,출발 비디오에서 봤는데 뭔가 재밌을거 같음  
20171119,8,2편나와야 할듯 한편으로 끝내긴 아쉬운 내용. 시사회로 꾼이랑 저스티리그 보고 왔는데 저스티리그 기대하고 갔다가 꾼이 훨 재밌었습니다  
20171119,6,왠지 마동석 나온 38사기동대 리메이크 같은 느낌  
20171119,2,닳고 닳은 소재와 신선함은 개나 줘버린 반전.... 예측 가능한 배우들의 캐릭터 연기.... 지겹다. 한국영화 언제쯤 믿고 볼 수 잇을까  
20171118,10,어제 시사회 다녀왔는데 진짜 재밌게봤어요 ㅎㅎㅎ스토리도 좋고 배우들 연기도 잘해요 ㅋㅋㅋ꼭보세요 !!!  
20171118,1,또 이런물이냐  딱봐도 속고 속이고 OO 발병을 하면서 점점 해피하게 가다가  갑자기 분위기 역전되면서 나락의 늪으로 존내 떨어지다가 또 역전하기 시작하면서 늪으로 떨어질려다가 역전해서 해피하게 되겠네 이런 영화 말고 좀 스펙타클 한 영화는 언제나오니  
20171118,1,반전좋아하시는분들은보세요.  
20171118,10,현빈오빠 영화 꼭 흥행해요 사랑해요ㅜㅜ강소라언니랑 이쁘게 사귀세요  
20171118,10,유지태 아져씨 배성우 아져씨 때문에 꼭 보러가요..!!다른 배우 아져ㅆㅣ도 기대되지만 나는 두아져씨가 더 좋아용?  
20171118,8,식상할것같은데 의외로 스토리 짜임새가 있어서 재밌게 봤습니다연기는 현빈이 연기 제일 못하고...유지태와 조연들 특히 나나가 통통 튀는 매력이 있습니다  
20171118,10,시사회에서 보고왔습니다. 현빈 얼굴에 감동하고 유지태의 연기력에 감탄하고 나나의 미모에   홀리며 재미있게 봤습니다.  
20171118,8,시리즈물로 만들고자 한거면 잘만든 시리즈 초기작 한편으로 끝낼거면..좀 아쉬움  
20171118,10,시사회 관람했는데 리얼진심진짜 재밌더라구요~ 코믹하기도 하면서 반전도 놀랍고!! 꾼 검색하셔서 블로그나 카페 후기 보시면 대충 감이 오실겁니다~  
20171118,1,걍 노답일듯 감독도 신참이여섴ㅋㅋ  
20171118,8,ㅎㅎㅎㅎ 재밌었어용!!!!현빈 잘생겨땅....  
20171118,10,시사회 다녀왔어요 ㅠㅠ 진짜 재밌음저는 영화보고 평을 그렇게 오래 말하고 다니는 편은 아니나이거보고 한참을 주변사람들한테 꼭 보라고 했네요 현빈 유지태 나나 등등 배우들 딱히 좋아하진않는데도 배우들까지 좋아하게 돼버림 사랑해여 감독님 기억할꺼야  
20171118,10,내평점 오지게 재미있는 부분 인정?시사회 다녀와서 봤는데 진짜 핵 존잼 설명할 수 없는 스토리 진짜 공조 재미있게 봤는데 뺨치게 재미있음(나나 편견 있고서 본 것도 아닌데 나나 연기 잘함 여기에 걸맞게)  
20171118,2,억지로 넣은것 같은 반전의반전에반전 꼬아도 너무 꼬아놔서 매우 난해함. 현빈의 연기는 기대 이하였고 오글거렸음 몰입도도 떨어지고.. 시사회로 봐서 다행이지 내돈주고 봤으면 어휴;;  
20171118,9,오늘 보고 왔는데 재밋어요ㅋ속고 속이고 또 속이고ㅋㅋ  
20171118,4,한국은 이런 영화를 만드는 거 지겹지 않나?  
20171118,9,별기대를안하고봐서  그런지 저는재미있게봤어요~현빈은멋있고  나나는 이쁘고 유지태는 역시  연기를잘하더군요....곳곳에 가벼운 웃음거리도있고  배성우의 익살스런연기ㅎㅎ 기대를하면 실망할수도있으니 그냥한번봐볼까하는마음이라면...전 추천입니다  
20171118,6,방금 시사회로 보고옴...반전의 반전의 반전을 거듭하지만 그반전이 너무뻔하고 감동도없고 놀랍지도않음...여러영화 짬뽕시킨느낌..현빈은 연기가 늘질않아서  슬픔...어디서 많이본영화 또 보고 온 기분  
20171117,10,딱 수능끝나면 이거 엄청들 보러가겠네...  
20171117,9,시사회로 봤는데 기대이상이네요!재밌어요~  
20171117,10,방금 KT에서 무료권 당첨되어서 보고 왔는데 잼있어요 !! 반전에 반전이 있는 영화네요 ! 보시길 추천합니다  
20171117,10,끝까지 긴장할수 없는 영화~~ 너무 재밌었어요! 엄마랑 같이 보고 왔는데 넘 좋아하세요~~ 남녀노소 다 좋아할거 같아요! 꼭보세용^^  
20171117,10,오~~~ 진짜 재미있어요!!!  
20171117,10,현빈오빠화이팅꾼개봉하면꼭볼께요나나누나도화이팅  
20171117,6,"장동건,현빈,전지현, 김태희 나오는 영화는 믿고 거른다.  "
20171117,3,수요일날 시사회봄. 전체적으로 존놔 난해함. 반전에 반전에 반전 주고싶은지 억지로 엮은 고유의 한국영화임. 영화에서 감옥씬 웃긴거말고 재미도 감동도 식스센스급 반전도 그닥.. 물론 현빈은 개잘생김. 이건 진짜. 남자가봐도 므흣함  
20171117,10,시사회로 보고왔는데 꼬ㅐ 괜춘합니다 ㅋㅋ  
20171117,10,애프터스쿨 나나의 힘을 믿습니다.  
20171117,10,잼있덴다잼있덴다재미  
20171116,3,제발 아이돌은 영화 안나오면 좋겠다... 사람들에게 알려져있는 연예인이 희소성과 신비성이 있어야하는 스크린속 영화에서 연출하는것은 보는 재미가 없다..  
20171116,1, 응 토렌트^^~~..  
20171116,9,배우들 연기 좋아요^^ 현빈~유지태~ 안정적 연기!! 감초배우들의 연기도 굿굿~! 반전있네요^^  
20171116,9,주연을 비롯해 조연급까지 캐릭터 장악이 완벽하게 연출 되어서 재밌게 즐겼어요^^  
20171116,1,새로운영화 좀 만들어주세요..  
20171116,9,영화꾼!! 생각보다 정말 재미있었어요 마지막까지 반전에 반전  
20171116,7,어제 시사회로 봤는데 예상 외로 진짜 재미있었다!! 반전에 반전에 반전에 반전!! 진짜 끝날 때까지 영화 끝난 거 아니니까.. 개봉하면 또 보러 가야지 ㅋㅋ  
20171116,7,어제 시사회로 보고왔는데 나쁘지 않았어요. 그저그런 킬링용 영화일거라 생각했는데 나름 뒷통수치는 반전도 있구 재밌게 봤습니다.  
20171116,7,어제 시사회로 보고 왔는데 평범한 범죄영화일거라 생각하고 갔는데 제법 괜찮은 반전이었음. 그리고 나나는 더 예뻐지고 섹시해졌다  
20171116,10,완전 취저! 믿고보는 배우님들♡  
20171116,10,"현빈, 유지태 연기 멋져요~~  "
20171116,9,반전의 반전의 반전~ ^^b  
20171116,9,"재밌게 관람했습니다 줄거리, 예고편 보셨으면 재미없음!*나나욕좀 그만 ! 거물급 배우처럼 흠없는건 아니지만분위기, 흐름깨는거 없이 자기 스타일대로 잘 했음우려의 목소리를 보이는건 이해함 그를 넘어서 섣부른 판단으로욕부터 하고보는건....너무한듯  "
20171116,9,기대하고 봐도 좋은영화  
20171116,10,배우들 모두 연기 좋고 내용도 꽉찬 영화반전의 반전코믹요소도 중간중간 재밌게 봤어요  
20171116,10,월드타워에서 시사회로 보고 왔다. 재미도 있고 반전도 있고 흥미진진했다. 나나는 연기력도 좋았고 귀여움도 톡톡 튀었고 배성우는 역시 그만의 존재감을 발휘했다.  
20171116,10,시사회 다녀온 사람으로서 만족스럽습니다.  
20171116,1,반전도 뻔하고 배우들 포스도 없고. 나 영화 백만년만에 봤는데 어찌 예전에 본 범죄 영화랑 다를봐가 없냐.  
20171116,10,반전에 반전에 반전‥ 사이다라 사이다 안먹어도 시원해욥. ㅎㅎㅎ  
20171115,10,재밌어요~ 비니 아주 칭찬해~~~~  
20171115,8,반전에 반전을 거듭하는 스토리가 흥미진진하지만 유지태를 제외한 배우들의 연기는 기대에 못 미치네요 그래도 볼만해요  
20171115,1,오늘 시사회 가서 봤는데 너무 재미없다  
20171115,10,이런류의  영화는  반전이  있길  마련이지만  상상치도  못한반전에  소름돋았다.  맴버 도  호감 배우로만  잘 짜여진게  이대로  후속작  가자  
20171115,10,오늘 꾼 시사회보고 왔는데 진짜 강추입니다. 완전 재밌어요.  
20171115,10,개잼이다 .. 보면안다..  
20171115,8,시사회로 봤는데 반전의 반전. 아무도 믿지마라. 근데 뻔해서 8점  
20171115,10,"현빈, 유지태, 박성웅 등멋진 배우들의 조합에 멋진 연기가이 영화를 기대하게 하고, 그 기대가 관람으로 연결되는현상..  "
20171115,10,시사회다녀왔는데 너무 흥미진진했어요.반전의 반전의 반전의 반전이었어요.제 별점은 5개 입니다.  
20171115,10,시사회에서 보고 왔는데 배우들의 케미가 돋보이고 예측불가한 이야기는 한 시도 눈을 뗄 수 없게 했다. 꾼 짱  
20171115,1,조작된 도시 급 노잼이더라 시사회에서 화나긴처음  
20171115,1,알바들이 넘치네 지리구요 오지구요 재미없어서 하품하구요  
20171115,10,시사회 다녀왔는데 완전 잼나요.기대안하고 봤는데 꿀잼!영화강추합니다.배우들 연기도 넘 잘하네요  
20171115,10,"현빈의 능청맞은 연기. 유지태의 독살맞는 연기. 그리고 배성우 ,윤세하.라라의 빛나는 명품 조연들과 멋진 특별출연배우들의 묵직한 연기들이 조화를 이루는 작품~~ 시사회였지만  정말  만족하면서 봤다. 꾼 대박나길~~  "
20171115,5,"많이 본 캐릭터,많이 본 스토리,누구나 쉽게 알수있는 반전.생각하는대로 그대로 흘러감.그러니 지루할수밖에!그나마 나나캐스팅을 걱정하는분들 많으신데,나나가 이 영화를 살립니다.오히려 남주가 망.  "
20171115,5,돈주고 안봐서 참다행ㅋㅋ  
20171115,6,시사회 다녀왔습니다~배우들 연기는 좋은데.... 전개나 몰입도가 떨어지는 조금은 지루한 스토리였습니다..  
20171115,10,진짜 좋으요 !!!10자  
20171115,10,시사회에서보고왔어요~ 유지태의 악역이 돋보이구요~ 현빈두 역시 ㅎ 그러나 심오한 부분은 없구 가볍게보기좋은 오락영화에요~  
20171115,2,글쎄요. 화려하네요. 근데 여배우 덕에 다 된 밥에 재뿌리는 결과가 나오진 않을지 모르겠네요. 아니면 미옥처럼 제작진의 시놉사기극이 벌어질지도 모르겠네요.  
20171114,1,보던배우들말곤 배우가 없나?식상해빠졌네 진짜 새로운 배우좀 !!  
20171114,10,오늘 시사회로 보고왔는대 정말 재밌어여!!!그 와중에 현빈얼굴이 열일하십니다!!!  
20171114,10,시사회 보고 왔는데 진짜 재밌습니다!올해 살인자의 기억법 이래로 두번째로 반전이 흥미진진한 영화  
20171114,9,방금 시사회 영화 보고옴! 진짜 다들 연기 넘나 잘한다 역시 믿고 보는 배우들 ! 반전에 반전 또 반전 ~~~ 2탄 곧 나오겠지 ? ㅎ  
20171114,9,현빈이 죽을 타밍에 살아나기의 패턴 반복은 아쉽다. 그러나 끝까지 반전의 반전의 반전의 또 반전.. 끝없는 반전으로 스토리가 지루할 틈이 없고 방심하면 속는다..연기자들의 연기 또한 굿..2시간의 상영 타임이 전혀 길지 않은 추천작!  
20171114,1,현빈님 팬으로서 진심 안타깝습니다. 안타깝습니다.담엔 꼭 좋은 시나리오 만나시길. 모두 수고하셨습니다  
20171114,10,나나와 배성우의 역활이 궁금하다. 빨리 개봉하자~~  
20171114,5,"나름 새로운 캐스팅 조합으로 기대를 모았지만,. 올초 원라인을 봤을때 보다 더 안 좋아진거 같다. 말이 안 되니 계속 플래시백으로 설명에 설명을 거듭할 수밖에 없다.ㅠ.ㅜ 전혀 통쾌하지 않고 찝찝하고 배우들의 연기는 다 따로 논다.  "
20171114,10,재밌을것 같네요...^^ 기대됩니다. ㅋ  
20171114,7,전반적으로 괜찮았는데 후반으로 갈수록 뻔한 스토리에 조금 실망했네요 하지만 명품 배우들의 연기력으로 커버해주시네요 ㅎㅎ 나름 재밌게 봤습니다  
20171114,10,현빈 존잘 ㅠ ㅠ 빨리  보고싶어요  
20171114,10,나나 대박... 포스터부터 예고편까지 존예다 진짜... 꼭 보러간다!!  
20171114,4,믿고  거르는 현빈 영화 기대됩니다.  
20171114,9,"진짜 재미있게 끝까지 몰입해서 봤어요. 혹시라도 잔인한 장면이 나올까봐 걱정헀는데 그런것도 없이 몰입도도 좋았고, 유지태님과 현빈님 연기력이 정말 대단하더군요. 배우들간 케미도 좋았구요. 즐겁게 2시간 보다 왔어요.  아무 생각없이 그냥 즐기면서요~  "
20171114,10,너무 재밌게 시사회를 봤는데 개봉하면 가족들과 다시 한번 더 볼 예정입니다.  
20171114,10,배우들 케미가 너무 기대되는 부분 ㅋㅋ 재밌겠다  
20171114,1,이제 이런시리즈 질림  다 거기서 거기  그냥 볼거없어서 챙겨볼듯  
20171114,8,"입봉작이라고 믿기지않을정도로 각본을 잘쓰셨더군요, 초반 카체이스신도 연출이 좋았습니다. 제 예상은 한 600만정도 들거같은데 항상 이정도 예상하면 천만이 넘더군요.. 아무튼 어제 GV시사회 즐거웠습니다.  "
20171114,10,현빈에 유지태라니 ...진짜너무 기대중이예요 ㅠㅠ빨리 개봉하길 ㅠㅠ  
20171114,10,배우들 케미가 정말 기대되느 영화에요! 현빈의 사기꾼 모습도 기대중!!!  
20171114,10,난 왜 배성우가 기대되지~  
20171114,10,"이런 영화 오랜만인 듯, 간만에 시원하고 재미있는 영화였어요. 재밌었어요!!  "
20171114,10,현빈 넘나 기대 됨 ㅠㅠㅠㅠ 예고편에서부터 잔망 터짐  
20171114,10,아 진짜 나나 개이쁘다 진짜 와 이번에도 연기 어떨지 보러갈게요!!겁내 잘할듯 ㅠㅠ  
20171114,10,어제 시사회 관람했는데 유쾌하게 부담없이 즐기기 좋은 영화였습니다.  
20171114,1,진짜 노잼이네 요즘 한국영화 왜이러냐??  
20171114,9,어제 vip시사회로 보고왔는데 두시간동안 정말 시간가는줄모르고봤어요!!범죄오락액션의 정석같으면서도 신선한 전개구조! 계속해서 몰입하게되는 영화에요 강추강추!! 또보고싶네요  
20171114,2,시사회 갔다왔는데 진짜 별로다...  
20171114,1,영화는 영화배우만...아이돌은 아닌거같다..  
20171114,1,지겹다 이딴거 이제 ...  
20171113,10,반전의 반전 정말 재밌습니다ㅎㅎ  
20171113,9,단순하지 않고 예상을 뛰어넘는 재미  
20171113,10,흥미진진! 내내 재밌게봤어요!!!  
20171113,5,cgv 롯데시네마 스크린쿼터 독점 하겠군.  
20171113,1,이도 저도 아닌... 그냥 잡탕.  
20171113,10,"인생형화라고 할 수 없지만, 시원하고 재밌는 영화임.  "
20171113,8,도둑들이 생각나는 포스터! 기대만큼 재미도있을지...  
20171113,10,"믿고 보는 조합 !! 연기파 배우님들  믿고보는 영화 ""꾼""넘넘 기대됩니다. 멋진 영화 한편이 나왔을꺼같아요^^  "
20171113,6,어떻게 한국은 진짜 이런 영화만 만드냐 재미는 있겠다만 새롭지가 않네  
20171113,10,배우들의 조합이 기대됩니다.  
20171112,10,개봉날 가족 다같이 볼께요. 홧팅!현빈 넘 좋아~♡  
20171112,1,"그냥 도둑들,신의한수,마스터 등 비슷한 류의 영화들의연장선상일듯..음..개봉후 2주뒤쯤 안방에서 만나겠군ㅋ  "
20171112,6,스토리를 넘 꼬은 느낌? 몇몇인물의 개연성도 좀 부족하고..  
20171111,5,너무 반전이 예상 가능함.. 솔직히 얼굴 바뀌는 부분은 개오바다 장난하냐  
20171111,7,이젠  좀  지겹네요  이제껏  개봉한영화들같이  비슷한  내용의  영화일듯  
20171111,10,현빈과 유지태의 조합...재미는 있을듯  
20171111,10,"스토리를 꼬고 또 꼬고 해서, 약간 싱거운 맛도 있다. 허지만 배우들의 캐릭터 소화능력이 뛰어나, 시종일관 가벼운 스릴과 서스펜스를 느낄 수밖에 없다. 웃음과 긴장이 반복되는 흥미의 연속, 영화이기에 괜찮다.  "
20171111,7,매드독의 연장선인가??  
20171111,1,진짜 소재 너무진부하다...배우들은 이게.성공할꺼라고생각하고 출연을 하는건지 돈벌라고하는건지 진짜... 5만원줄테니 보러가라그래도 안간다.  
20171111,1,뻔한 스토리에다 쯧쯧 현빈영화 인가요? 쯧쯧  
20171111,10,"색다른 모습을 보여주기 위해서 노력하고 계시는 현빈님,  관객수에 연연하지 않고, 자기 나아갈 길을 묵묵히 나아가는 진정한 연기자가 되시길 기원드립니다.^^  항상 응원합니다!~^^  "
20171110,10,재밌을거 같습니다.. 평점좀 내리지 마세요..  
20171110,1,아직 개봉도 안했는데 10점? 알바하냐?? 왜 0점은 없는 거야?  평점 쪼금 더 올리기 싫은데... 이번엔 어쩔 수 없이 ...ㅠㅠ  
20171110,2,카피고 안카피고 단순오락이고 아니고를 떠나서 소재가 진짜 이렇게 없나 한국 영화는.. 공적 일 담당하는 사람이랑 나쁜 짓하는 사람이랑 연합하는 스토리에 예쁜 여자배우는 미인계로 속이는 장면나올 것이고 뻔하고 뻔한데 관객수 높으면 뭐해 맨 똑같은데..;  
20171110,2,다된 영화에 나나뿌리기..별로 기대안되서.. iptv 나오면 그거로봐야지ㅋㅋ  
20171110,5,빠방한 배우 꼽사리....걸그룹...수많은 여배우들이 있는데....꼭 걸그룹을  써야만 했냐!!!?  
20171110,10,"재밌다!!!! 유쾌하게 가족, 연인과 보기 좋은 영화!!!  "
20171110,9,방금 시사회서 보고나왔다. 기대이상 개꾸르잼  
20171110,10,"믿고 보는 배우 현빈의 선전 기대하며, 나나 또한 많이 기대됩니다.  "
20171110,10,"유지태와 현빈 , 그리고 박성웅 나나 조합지리구요  "
20171110,1,배성우 나오는건 믿고 거릅니다  
20171110,10,굿 완전기대하고  있습니다~~  
20171109,1,캐이퍼 무비 단물 다 빠졌는데 뒷북 치는건 아닌감  
20171109,10,개봉날만 기다리고있어요 현빈 연기변신 완전기대합니다  
20171109,7,제발 영화에 아이돌 좀 안나왔으면연기잘하는 배우들 많은데....  
20171109,9,남자주인공들 캐미 기대됨>< 담주에는 빌리진킹보고 다다음주에는 꾼 보러갈꺼임!!  
20171109,10,개봉 기다리고 있어요 꼭 보러갑니다  
20171109,1,글쎄요.. 사실 이영화도 별 볼일없는 본적뽑기용 영화가 될것같네요. 제발 스크린 독점은 하지 말아주시길 바랍니다.  
20171109,1,너무 전형적인 한국 영화를 그냥 주연들 좀 바꾸고아이돌 넣으면 흥행 할거라는 생각은 스튜핏!  
20171107,1,도둑들이나 오션스 흉내내려고 애를 쓴다.  
20171106,10,원라인이랑 상당히 비슷한 유형의 영화일꺼같은데... 이 멤버로는 원라인 이상은 해야된다.  
20171104,6,나나는 뭐냐 참나 웃기지도 않네  
20171101,1,"지겹다지겹다지겹다지겹다지겹다지겹다지겹다지겹다지겹다지겹다지겹다지겹다지겹다지겹다지겹다지겹다지겹다지겹다지겹다 한국영화를 안보는게 아니라 재미없고 진부하고 뻔하고 매일 범죄,액션,코미디 중반에 이제 진지해지고 마지막에 그놈의 통쾌한 해피엔딩으로 끝나서 안 봄  "
20171031,8,"현빈 존재감 만으로도! 빈씨, 앞으로 드라마에서 밑바닥 인생 보여주세요. 모성 자극하는 빈씨의 모습을 보고픔  "
20171031,1,"딱 봐도 망삘인데,,ㅡㅡ  "
20171030,10,왜 11월 22일에 나오는거에요? 빨리보고싶은데 왜케 늦게나오는거야  
20171030,1,존나 진부하고 식상한 한국영화.. 블시로 보고왔는데 진짜 재미없다 이런 영화 그만 좀 만들길..  
20171029,10,이거 볼 각인뎨?!?!?!ㅋㅋ공조 짱잼나게 봣는딩 꼭 바야겟구만  
20171028,1,문재인특별출연하나욧?나오게해주세욧  
20171027,7,마스터랑 너무 비슷한거 같은데 까봐야 알겠지만 우선 6  
20171026,1,작은 사진보고 엄태웅인가 했더니 배성우가 누구??? 웬 듣보잡이  
20171026,9,울마눌님 현빈영화는 꼭보는데 이것도보러가야겠군  
20171026,10,재밌겠다 보러가야지 ㅎㅎㅋㅋ  
20171025,10,현빈 유지태 배성우 박성웅 나나 안세하까지!! 사기꾼 잡는사기꾼 이야기!!! 시너지가 최강일듯  
20171024,1,이거 진짜 정말 레알 진심 핵노잼임... 애초에 캐스팅부터 틀려먹었다고 생각함 현빈안어울림... 개봉초에 알바실컷풀어도 흥행어려울듯  
20171023,1,우리나라에서 뻔히나오는 장르 솔직히 대한민국영화계가 요즘 스토리 짜임새나 개봉하는거보면 진짜 스토리 신박하고 괜찮은영화 베테랑 옥자 이후 별로 없는거같음 이번에 그나마 범죄도시가 괜찮았고 솔직히 이런거 원라인 도둑들 마스터 비슷하게 배낀거같음연출만다름  
20171023,1,어거 쿠로사기하고 오션스일레븐 섞은거냐  
20171023,10,올만에 보고 싶은 영화입니다..  
20171023,10,현빈보다 유지태의 연기를 볼수있다는 것에 기대가된다!!  
20171022,10,11.16 개봉입니다  
20171022,10,현빈 하나만으로 완벽하다  
20171021,10,범죄오락은 꼭 봐야한다.  
20171020,10,기대되용 미안한 말이지만 현빈씨 역할이 엄청 잘 어울릴 것 같아욤ㅋㅋㅋ  
20171019,10,생각보다재밌게잘봤습니다!  
20171019,1,다된 밥에 나나뿌리기!!!  
20171017,5,"음.. 현빈의 기존 이미지하고는 너무 안어울려갖고, 일단은 별로일 거 같다.  내용 자체는 이탈리안잡, 도둑들, 나우유씨미 같은 느낌일 거 같은데 ..  "
20171016,1,아이돌 출신 애들 나오는 건 일단 패스.  
20171016,10,보는내내 즐거움이가득하다. 꼭 보시길  
20171013,10,난 이거 블라인드 시사회로 미리봤는데 시나리오가 엄청나게 탄탄하다. 강추한다.  
20171012,6,또 범죄자들 미화하는 영화라 소재가 좀 지겹긴하다만... 그거랑 상관없이 역시 현빈 존잘이네bb  
20171011,10,"유지태와 현빈의 조합, 캐스팅 굿인듯!   간만에 기대작.  "
20171011,3,역시 사기1위 대한민국 양화소제도 사기 재미도 사기  
20171010,1,꼭 아이돌 하나씩 껴넣네.. ㅅㅍ의 힘인가  
20171010,8,보고싶네요 근데 이거 일본만화 검은사기를 롤모델로 한 건가요? 궁금  
20171007,10,나나이즈 뭔들 사랑해 임진아  
20171006,1,한국영화 제데로 한번 망해봐야 이런영화 그만만들지?  
20171005,8,"이거 일본 드라마, 영화 쿠로사기를 원작으로 한건가요??? 사기꾼에게 사기 치는 내용이 똑같은데  "
20171005,10,현빈 나오니까 무조건 볼래요~  
20171004,8,배우진 기가 맥히네 완전 기대!  
20171004,10,나나 나와서보고싶다 연기분위기짱  
20171004,10,스토리 탄탄하고 좋아하는 배우들 많고 현빈 천만 영화 기대합니다!  
20171004,5,다된밥에ㄴㄴ뿌리기얼마나 비중이 있을지 모르겠는데.. 드라마 조금 했다고 그러지 말자요...배우 캐스팅급만 봐도 낄자리 빠질자리 안보이나....  
20171003,10,예고편부터 벌써 재밌다!!!!얼굴이!!!!  
20170928,1,아진짜 신세계 때문인지뭔지 무조건 범죄오락 영화는 한달에한번은 꼭나오네 진짜 예고편만봐도 드릅게재미없다 적당히해라 진짜  
20170928,10,뭔가 안봐도 뻔한 영화같지만 배우들이 좋아서 기대해봄  
20170927,8,나나가 연기를 못하더라도 끝장나게 예쁠테니까 봐준다  
20170927,10,요즘 현빈의 변신을 보는 재미가 솔솔하네요~~  
20170927,10,스토리는 좀 불안하지만 .. 캐릭터 잘어울릴꺼 같음 공조에 이어서 영화로 좀 흥해보쟈!!!!  
20170927,10,잘생겼다 현빈!! 멋지네 유지태!!! 이쁩니다 나나~~  
20170927,1,제목부터 진부의 끝을 달리네  
20170926,1,포스터가 나우유시미 랑 매우 매우 매우 비슷하네요 표절이라고하면 고소할까봐 매우 매우 매우 비슷하다고 의견 남기고 갑니다  
20170922,10,현빈님 영화 재밌겠네요.기대할게요  
20170921,1,다된밥에 아이돌 뿌리기  
20170920,10,개봉일 대기중!!!!  
20170920,1,다된밥에 나나....  
20170919,1,나우유씨미 포스터 표절 아니냐?  
20170919,10,드디어..현빈 완전 기대중  
20170919,8,일드 쿠로사기 원작인가요?  
20170827,9,배성우씨 믿고 볼께요 빨리보고싶네요  
20170818,10,뜨아악 완전 기대되요... 저 진짜 유지태님이랑 배성우님 왕팬인데.. ㅎㅎ 크억 >@< 기다려집니다 ㅎㅎ두근두근세근네근 큭큭  
20170813,8,언제개봉하냐고 이거드라  
20170801,10,"현빈과 박성웅 좋아서 보고 싶었는데, 설마 청불은 아니겠지?  "
20170729,10,믿보현♡♡현빈♡♡마스터2같은느낌ㅋㅋ  
20170713,10,배우 배성우의 작품이니 기대해봅니다 ^^!  
20170704,1,나나는 대체 뭐여 왜이렇게 아이돌써  
20170628,10,현빈 공조때보다 더 잘되길.. 기대  짱!  
20170518,10,무조건봐야지 ㅎㅎㅎㅎ  
20170504,10,항상 응원합니다!! 화이팅  
20170504,10,개봉일만 기다려요. 언제나 응원합니다.^^   좋아요! 눌러야 했는데 실수로 잘못 눌렀다. 수정이 안되네 ㅜㅜ  
20170413,10,캐스팅이 좋아 기대는하겠는데...검사랑 짜고치는 느와르는 이제 식상함  
20170401,9,"꼭봅니다!!공조보고 현빈연기실력을 덜덜했음^^이번에도 현빈,다른배우 연기에 감탄해볼라합니다~꾼 화이팅!!언제나와ㅠ  "
20170401,10,배우들 미쳤네 꼭 봐아겠다 ㅠ ㅠ  언제 개봉할까  
20170319,10,"완전 기대되요,  지능형 스토리로 꼭꼭 나왔음하네요~  "
20170317,10,내 배우 ♡믿고 본다요~  
20170315,10,그때의 현빈. 기다릴게요 화이팅! 많이 나왔으면 좋겠어요 티비든 영화관이든  
20170312,10,너무너무너무 기대됩느다~~  
20170304,10,배우 라인업 개미쳤다 ㄷㄷ  
20170304,1,나오지도 않은 영화에 10점 폭격이네ㅋㅋㅋ  
20170303,9,현빈. 유지태. 그리고 배성우의 연기가 기대됩니다. 빨리 개봉하길..  
20170302,10,와....유지태 배성우 현빈 박성웅 ㄷㄷㄷ 제발 아수라처럼 수문난 잔치에 먹을 것 없다 가 아니라 풍성하길!!!  
20170301,10,현빈의 사기꾼 연기 비쥬얼 다 기대된다  
20170301,10,배우진 보소... 공조의 현빈  올드보이의 유지태 더 킹의 배성우 신세계 박성웅 ㄷㄷㄷㄷ  
20170228,10,"영화 '꾼', 기대합니다  "
20170228,10,이건 꼭 봐야하는 거!!!! 울 박성웅 님 진짜 넘 좋음♡ 현빈도 진심 공조에서 넘 연기 잘해서 여기 서도 더 좋은 모습 보여줄꺼라 믿고있다 ㅎ  
20170223,10,배성우배우님 이번에도 좋은연기 기대할게요  
20170219,10,캐스팅 좋은데 내가 좋아하는 배우들만. 나오네  
20170215,10,현빈이 선택한  사기꾼 캐릭터 궁금합니다 꼭 볼거지요~~  
20170215,10,현빈 또 대박납시다~!!  
20170215,10,현빈 늘 응원해요♡ 화이팅!  
20170214,10,꼭봅니다..현빈님..ㅅ..사랑합니다...  
20170214,10,현빈배우님 사랑합니다  
20170213,10,언제 개봉 할려나? 빨리보고 싶다요  
20170209,10,현빈이 사기꾼역이라니요..넘 기대돼요 화이팅♡♡♡!  
20170208,9,예매해야징 이이이ㅣ잉  
20170207,10,현빈 배우님 기대 많이 하고 있습니다!! 좋은연기 보여주세요 헤헤 제 배경화면을 독차지 하고 계신 현빈 배우님 다치지 마세요 ㅜㅜ  
20170206,10,사랑해요 나의 성웅님...♡ 너무 멋있어요!!!!  
20170206,10,현빈이야...얽 진짜 재밌겠당  
20170205,10,현빈이 나온다는데 당연히 봐야지  
20170205,10,현빈 나온다니 꼭 보고 싶다. 얼릉 개봉해주세요~~  
20170203,9,현빈 유지태  배성우 박성웅 까지는 좋은데 잘나가다가 마지막 나나는 뭐에요 감독님??? 쓸만한 여배우가 없는 거도 아니고 이해 불가...  
20170131,10,넘 기대되네요 빨리보고 싶어요♡♡♡  
20170131,10,연기파 배우 현빈님의 영화!!!! 믿고 챙겨 보겠습니다!  
20170129,10,주연들이 다...이건 진짜 대박이다.  
20170129,10,역린 이후로 힘들었겠지만 공조 영화 너무 재미있게 봤고 액션연기 3-4개월동안 철저히 준비했다는데 그만큼 완성도 높은 액션연기 너무 잘봤고 이번영화도 흥하길 바랍니다 영화 공조때는 생각보다 제가생각한 현빈씨 연기 상상이상이었어요 응원합니다!  
20170128,10,"박성운도 나오네,,,,현빈 대박 기원,,,공조도 너무잼낫음  "
20170128,10,현빈의 액션이나 작은연기로 표현해야하는연기에서의 감정이나 디테일표현~ 쵝오^^ 기대합니다  
20170127,10,배성우 배우님 때문에 봅니다 파이팅!!!  
20170126,9,배성우 제발 이번에도 악역으로 나오지 않길...  
20170125,10,맨날 판사..검사..지루하다  
20170122,10,"공조두 보구왔는데, 빨리 꾼이라는 영화두 개봉했음 좋겠네요  "
20170121,10,2017하반기 흥행 기원합니다?|?|??입소문 하구 댕겨야지!  
20170121,10,배성우배우님 또 나오시네ㅠㅠㅜ요즘 너무 행복하다 계속 다작하셨으면  
20170120,5,또 검사야 ... 일단 5점  
20170119,10,"믿고보는 현빈,,무조건 봅니다 만추 보고 팬이 됬고 공조 에서액션 보고 감탄,,,꾼에서 다시  기대 중입니다  "
20170117,10,올해도쇼박스영화기대합니다화이팅^^  
20170101,10,저희 초등학교 앞에서 촬영합니다!!!!  
20161221,9,새로운 모습 기대하겠습니다  
20161220,10,현빈님 이번엔 크게한번 터뜨리셔야죠~  
20161216,1,국밥의 아이콘만 모였네ㅋ  
20161215,10,굿와이프의 유지태 나나??  
20161008,10,으흐헉 사랑해요 현빈 김주원  
20161004,10,현빈씨의 다양한 연기 변신을 응원함  
20160919,5,다 좋은데 현빈이 그만큼 연기가 따라올려나? 맨날 똑같은 연기만했으니.. 조연이 더 빛나보임  
20160826,10,현빈도 좋지만 기태 기대 된다  
20160721,10,"무지 기대되네요..현빈, 유지태에 씬스틸러3인방까지!! 대박나길 바라겠습니다!!  "
20160718,10,느낌이 뭔가  검사외전2같은데 그런쪽으로 흐르지 않았으면좋겠네요 배우들은 캐스팅이 좋네욯ㅎㅎㅎ  
20160718,1,현빈 나와서 망할 듯....  
20160713,10,현빈 또다른 연기변신 기대해 봅니다믿.보.현  
20160703,10,믿고보는 배우 현빈의 변신이 기대됩니다  
20160701,10,응원합니다~~ 현빈씨 화이팅!  
20160621,10,믿고보는 배우 현빈님의 장난끼있고 익살스런 표정연기 기대된다  
20160618,10,형님껀 반드시 보겠습니다  
20160618,10,배우 현빈의 활발한 연기활동에 힘찬 응원을 보냅니다!!! 현빈 쵝오!!!!  
20160618,10,"Attractive actors,hyunbin fighting♡  "
20160616,10,기대해보겠다!!!!  
20160616,10,현빈 능글거리는 배역 맡을거같고 유지태형님은 무거우면서도 부드럽고 진지할듯 ㅋㅋㅋ 캐미 궁금하네요 재밌을듯!  
20160616,1,사기꾼과 검사... 검사외전 2탄 인가요?  
20160616,10,믿고 보는 배우 현빈.유지태 기대됩니다~~  
20160615,10,형님  영화든 드라마든  찍어만주세요 전 항상 형님에 연기를 믿습니다  
