0,1,2
20170712,10,"아이랑 같이 봤는데 집중하면서 잘 보더라구요 감동도 있구요 카레이싱이 어떤건지도 알게 되고 끝까지 해내는 맥퀸, 맥퀸처럼 아이도 희망을 잃지 않고 도전하는 아이가 되기를 기대해봅니다  "
20170712,10,흥미진진한 이야기와 더빙으로 봐서 자막신경안쓰고 뛰어난 그래픽을 한껏 느낄 수 있어서 좋았어요^^  
20170712,10,대사하나하나 어찌나 주옥같은지...7세 5세 아이들과 유익한 애니였어요  
20170712,10,시사회로 봤는데 후회안할 영화요. 레이싱 즐기듯 영화보세요  
20170712,8,5살아들과 초딩조카들과 시사회당첨되어 다녀왔는데~ 인이들보다 더 좋아하는 캐릭터! 그래픽도 멋찌고 잼나요!  
20170712,9,시사회로 미리보게 되었어요~카시리즈 1~2다 봤는데 역시나 이번 카3:새로운 도전도기대를 져버리지 않고 에니메이션의 퀄리티가 더 업그레이드되어 재미있고 신나게 봤어요아이들은 물론이고 어른들이 보기에도 재미있어 좋은시간이었어요  
20170712,10,이거 보러갔더니 어른들만 있을듯  
20170712,10,"4살동생아랑 같이 시사회를 보고왔는데 정말 재미있게 봤어요.다시 경기에 나가려고 노력하는 모습이 멋졌고, 나중에는 친구를 위해서 양보도 하고 꿈을 이뤄지게 도와주는 모습도 멋졌습니다,학교친구들에게도 꼭 보러가라고 추천하고 싶습니다,  "
20170712,9,"좋은 기회로 아들과 먼저 카3시사회 보고 왔어요^^이번 내용은 1편생각을 많이 나게 합니다~1편을 다시 보시고 3편을 본다면, 아마 더 재밌게 보실 수 있을거에요^^아들은 10점만점일텐데, 저는 내용면에서 조금 아쉬웠네요~언제나 맥퀸을 응원합니다!!  "
20170711,10,시사회보고 왔는데 재밌었어요^^ 제가 예상한 식상한? 결과가 아닌 반전이 있어서 좋았고 애니메이션이 주는 감동도 있어서 즐겁게 봤습니다. 아이들이 보기엔 살짝 지루할수도 있을 시간이긴 한데 5살 딸아이는 차를 좋아해서 끝까지 잘 봤어요  
20170711,10,아들과 함께 봤는데 너무 재미있게 저도 보고 아들도 보았네요~ 탄탄한 스토리에 완벽한 영상이여서 만족하고요.. 재미있었네요~  
20170711,10,기대되는 카의 마지막 이야기  
20170711,10,카 시리즈 말이 필요없는 작품!! 새로운도전!  도전하는 용기 최고의 선물입니다.짱짱잼나요  
20170711,10,맘키즈 이벤트 당첨되서 보고 왔어요! 진짜 재미있고 기대 이상이었어요! 카 재밌는건 알았는데 막상보니 훨씬 재밌네요 ㅎㅎ 꼭 보세요! 재미있었습니다!  
20170711,10,"이전시리즈보다 너무나 질제같은 섬세한 그래픽,맥퀸의 다시 도전하는 모습이 넘 멋집니다.그리고 친구를 향한 아름다운 모습!! 그 꿈이 이루어지게하는 모습에 갈채를!!  아이들이 둘의 우정이 너무 멋지다하네요.  정말 정말 강추합니다.  "
20170711,10,역시 픽사 다운 아름다운 배경들과 스릴감넘치는 레이싱 장면은 역대급 최고의 속도감을 선사해주네요!제가 맥퀸몰고 레이싱하는것 같은 느낌 ㅎㅎ 남편이 더 좋아했던 카3였어요!  
20170711,10,아이와 함께 왔다가 어른까지 감동받는 온가족 선물꾸러미ㅠㅠㅠ  
20170711,10,시리즈 중 최고ㅠㅠ 레이싱은 물론! 맥퀸과 함께하는 새로운 캐릭터들의 활약도 매력적!  
20170711,7,"기대를 저버리지않는 실사에 가까웠던 몇몇장면들과, 스릴넘치는 레이싱장면은 엄지척!  그러나 미국식 특유의 대화방식이나 농담들을 아이들이 이해하기엔 조금 어렵지 않았을까 하는 아쉬움이 조금 남습니다  "
20170711,10,두딸들이 시사회로 보고왔는데 너무너무 재밌다고개봉하면 한번 더 보자고 할 정도네요!  
20170711,9,시사회 당첨되서 아들과 같이 보았습니다. 1탄 보다는 못하고 2탄보다는 괜찮았습니다. 경주씬도 큰 화면에서 봐서 그런지 스릴도 있고우리아들이 한번 더 보고 싶다고 하네요 ㅋ  
20170711,10,시사회를 통해 미리 보았습니다. 역시 픽사! 라는 말이 절로 나오는 시리즈! 2 보다 훨씬 매력적인 스토리와 더욱 발전한 기술력에 감탄했습니다  
20170711,10,"카 시리즈를 좋아해 '카3:새로운 시작'도 기대하고 봤는데...역시나 재미있었어요. 탄탄한 스토리와 자동차 경주의 긴장감, 멋진 그래픽이 한시도 눈을 뗄 수 없게 만드는 멋진 영화예요.  "
20170710,8,"카3 새로운도전. 1편2편도 재미났지만, 더욱더 잘된 묘사가 너무나 마음에들었다. 스토리전개도 나쁘지않아 7살 아들과 즐겁게 봤다. 방학이 돌아오는데 시원한 극장에서 가족나들이로 추천한다~^^  "
20170710,10,아이들과 신나게 보고 왔어요! 언제나 1등일수 없다는걸 맥퀸을 어떻게 받아들일까요? 너무 보고싶은 카3:새로운도전을 보러 극장으로 go!  
20170710,10,내평점 아이들이 정말 좋아하는 카3 새로운도전 또 보고 싶네요!!  
20170710,10,"카 시리즈 전편을 보지 않아도 [카3 : 새로운 도전]만으로도 충분히 재미나는 영화입니다. 여름방학 아이들 영화로 적극 추천합니다. 아이들만 영화관에 들여보내지 말고 엄마, 아빠와 꼭 함께 보세요. 깊은 울림 이 있는 영화입니다.  "
20170710,9,남자아이라면 강추입니다~~^^  
20170710,9,카 3는 맥퀸의 성장을 그린 영화였다. 근데 영상미에 압도 됨 후덜덜~  
20170710,9,지난 토요일 아이들과 시사회 보고 왔는데 재미있었어요. 물론 어린 아이들은 좀 지루해하기도 하고 돌아다니기도 했지만 나름 어른들에게도 감동있는 결말이였어요. 아이들도 재미있대요. 집에 돌아와서도 영화이야기를 계속 얘기하고 있어요. ㅎ  
20170710,8,4세 아이와 함께 보았어요아이들 뿐만아니라 어른들이보기에도 내용이 감동적이었어요!(픽사의 다른 애니매이션들 처럼요!) 더운 날씨에 레이싱카들의 쌩쌩달리는 소리와 스피드를 고스란히 담아낸 화면에 시간가는 줄 모르고 봤네요^^남녀노소 즐길 수 있어요  
20170710,10,"맥퀸의 새로운 도전 이야기!!뉴캐릭들도 나오고, 재미있었어요^^영상도 정말 실제처럼 세련됐더라구요ㅎ아이도 어른도 즐거운 애니메이션 카3:새로운도전시사회로 먼저 즐겁게 보았습니다!11♡  "
20170710,10,픽사의 걸작 너무 기대되는 3편 ㅜㅜ 언능 보고싶어요 라이트닝 맥퀸!!!  
20170710,10,5살 아들과 카3 시사회에 다녀왔어요.  카 시리즈 안보셨던 분들은 꼭 카시리즈 찾아 보게 될거예요. 유머러스 하면서도 진지하고 생각지 못한 반전도 있고 마지막엔 감동까지~~~ 정말 잘 만들었어요.  
20170710,10,"세살 꼬마와 같이 봤는데 워낙 맥퀸,메이터를 좋아해서 끝까지 재미있게 잘 보더라구요자동차경주씬은 3D로 봐도 좋을꺼같아요마지막에 맥퀸때문에 살짝 마음이 아팠지만크루즈와 다음편도 다음편에도 나오길 기대해볼께요 ♡  "
20170710,10,아이도 즐거워하고 유쾌하게 재밌게잘봤어요^^  
20170710,8,여섯살 아들이 넘나 애정하는 카~1.2편을 얼마나 봤는지 몰라요..ㅎㅎ 이번에 시사회를 통해 미리 본 3편도 역쉬나 아들은 엄지척!이라네요^^  
20170710,10,"시사회로 지난 토요일에 7살 아이와 함께 봤는데, 교훈도 있고 흥미진진했어요. 특히 마지막 결론은 예상 외였지만 정말 의미 있었고, 끈기와 노력을 배울 수 있는 영화였어요. 개봉하면 꼭 다시한번 봐야 겠어요. ^^ 기대 이상의 영화, 추천합니다.  "
20170710,10,와우 전보다 더 신나고 스릴만점 24개월 아들과도 신나게 부릉하며 봤네요 카3 넘 재밌었어요  
20170710,10,시사회 보고 왔습니다. 진짜 괜찮은 영화에요. 더빙으로 보러가세요!!  
20170710,10,시사회로 2D 더빙버전으로 관람을 했습니다. 2D임에도불구하고 사운드가~사운드가~ 개봉 후 3D로 다시 관람예정입니다. 차들이 달릴땐 스트레스 해소가 되고 마지막에는 감동까지~ 완전 강추요~  
20170710,10,우리가족네식구 함께 본 첫영화카3시사회 다녀왔는데요.기대이상 역시 디즈니픽사는 우릴실망시키지않아요.감동도있고 재미도있고♡아이도어른도 대만족♡신랑도너무재밌게봤다고하니 말 다했네요^^소장하고파요~~카3응원해요♡♡♡  
20170710,10,4살 첫째아드님과 오붓하게 보고왔어요시사회당첨은 처음이라 너무 행복했네요무엇보다 ost  기가막히네요맥퀸이 다시 도전하러 떠날때 나오는  음악은아들과 저의 어깨를 들썩이게 해서 아들과 어깨흔들며  음악들었네요  주저마시고 영화관으로 gogogo  
20170710,10,시사회로 먼저 보게 되었는데 역쉬 '카3:새로운 도전' 이네요기대하셔도 좋아요!!!  
20170710,10,"카 시사회에 다녀왔어요. 아이들도 좋아하고 엄마 아빠도 좋아하는 가족이 모두 볼 수 있는 영화랍니다. 1,2 보다 더 화려하고 재미있고 볼거리 가득한 영화! 올 여름 강추합니다.  "
20170710,10,시사회 이벤트로 다녀왔는데 정말 재미있었어요~!생동감 넘치는 레이싱~ 어른들이 봐도 참 재미있드라구요♡안보시면 후회할겁니당^^  
20170710,10,아이들과 시사회 넘 즐거운 시간이었습니다 8살 딸아이도 빨긴 스포츠카를 사랑하게 되었네요^^~~  
20170710,10,"디즈니사의 섬세한 표현력에도 입을 다물수가 없었고 라이트닝맥퀸의 도전과 실패, 노력과 희망, 친구들과의 우정등 아이들이 보기에 전혀 과하지않고 교훈도 있어서 너무 좋았던 시간이었어요~ 보는내내 감정이입하며 지루할틈이 없었답니다.  강력추천해요!  "
20170710,10,"카1,2.3 카시리즈는 다봤어요^^카3도 넘 재미있어서 아이들이랑 방학때 또 봐야겠어요~~강추합니다  "
20170710,10,초등학교 1학년 남자친구들과 토요시사회 보고왔어요~ 같은 반 친구들과 카 시리즈 본다고 전날부터 설레더니 보고나서도 흥분이 가라앉지 않는지 자기들끼리 저녁까지 놀고 놀고 또 놀았다는요~ 정말 아이들에게 신나고 재미있는 영화~  친구들과 같이보기추천이요  
20170710,10,정말 재미있어요. 1편부터 보았는데 3편도 역시 기대이상이네요.  
20170710,10, 2017 새롭게 돌아온 카 시리즈~늘 남녀구분없이 모든 아이들의 사랑하는 맥퀸의 대활약이 너무 멋졌네요!!새로운 도전 카3 강력추천합니다!  
20170710,10,주말에 시사회 보고왔어요. 1편부터 쭉~ 봐왔던 카 시리즈. 너무 재밌게 봤어요.정식 개봉하면 또 보러가고싶어요^^  
20170710,10,카 시리즈는 안 빼놓고 꼭 봐요~ 각종 첨단장비와 레이싱 시뮬레이터... 카3의 새로운 도전 정말 기대되네요. 맥퀸... 위기를 잘 이겨낼지도.. 궁금하구요.  
20170710,10,카3   아들이랑 함께봤어요~빵빵한  사운드  지루할 틈없이  너무 재미있었어요.  카 시리즈는  역시  실망시키지 않았어요   짱짱짱~~~  
20170710,10,딸아이와 같이 너무너무 재미있게 봤습니다 ^^  
20170710,10,"카1,2에 이어 3까지. 카3 시사회 보고 아이들이 맥퀸 멋졌다며 또 보고 싶다하네요. 그동안 상영되기만을 기다렸었는데 기다린 보람이 있었던것 같습니다.^^  "
20170710,10,4살 딸램이 아빠랑 보고 너무 재미있고 즐거웠다네요....남편도 애니가 잘만들어졌다하고요...^^  
20170710,9,자동차 신도 재밌지만 스토리도 남디르네요. 생각해볼만한 내용이였어요. 물론 아이도 신나게 봤어요  
20170710,8,레이싱이라 아이보다 제가 더 긴장하며 봤네요.  
20170710,10,우리아이들이 우와~~~앙 우와~~~~앙  하고 댕긴다재미있게본것같아요  
20170710,10,시사회 보고왔는데 너무 재밌었어요~~~^^ 카시리즈를 처음보는데도 이해하기쉽고  빠져들더라구요~ 흥미진진하면서 감동까지~~ 4살 우리딸 첫 영화로 대성공이었어요~~~ 계속 재밌었다며~~ 꼭 보세요~~추천합니다~~  
20170710,10,"7/8일 시사회에 당첨되어 세아들을 포함한 식구가 다녀왔습니다. 2편이 오히려 약간 번외편 느낌이 날 정도로 1편의 스토리와 이어진 느낌이였는데, 캐릭터, 레이싱, 스토리 등 모든 면에서 역시 기대한 바를 뛰어넘네요. 개봉 후 또 영화관으로~~!!!!  "
20170710,9,기승전결 확실하고~~:) 유치원이상 아이들은 집중해서 잘 보네요^^  
20170710,8,시사회 다녀왔는데 5살된 아들이 집중해서 잘보더라구요^^ 영상도 좋고~ 잼나게 잘 보고 왔네요 ㅋㅋ  
20170710,9,아이들과 같이 시사회보고왔어요~~7세5세 아이들이라 둘다 너무너무 재밌게 잘 보았답니다. 전편내용을 잘 몰랐던 아이들이지만 맥퀸 캐릭터에 익숙해서 넘 좋아하더라구요~~ 기회가 되면 또 보고싶네요  
20170710,9,옛것의 노하우와 새것은 신기술이 합쳐진 스릴넘치는 카레이싱이였답니다 ~감동까지 함께 있어요^^  
20170710,10,아이들이보고너무좋아해요생동감짱스피드짱거기에어른들까지도너무잼나요  
20170710,10,맥퀸카3의 스피드 레이싱의 스릴을 제대로 느낄수 있어서 기족영화로 강추합니다^^아들이 또 보고 싶다고 하네요~~  
20170710,10,재밌어요. 자동차박사 아들도 잘봤지만 어른인 저도 오랫만에 극장가서 재밌게 봤어요^^  
20170710,10,주인공 맥퀸에 끝까지 포기하지않는 감동적이고 재미있는 이야기~ 아이들도  어른도 다같이 재미있게보고올수있 영화^^  강추!  
20170710,10,역시나 아이들이 너무나 기대했던 카3 엄마가 함께보아도 배울것이있고 감동있는 애니쨩다시보고싶은 영화입니다~!!!  
20170710,10,"운좋게 시사회 당첨되어서 토요일에 보고왔어요~카1,2를 워낙 재밌게 봤었어서 기대하고 있었는데역시나 기대를 저버리지 않네요~아이도 넘 재밌었대요~추천합니다~~~  "
20170710,8,아들이랑잼나게봤어요~~근데너무추워서냉방병걸릴뻔했네요ㅋㅋ  
20170710,10,믿고보는 픽사의 카 시리즈 카 3 새로운 도전역시나 기대 이상입니다  
20170710,10,최고의 애니메이션이다  
20170710,10,"저희애들은 딸들이라 카시리즈에 관심이 없었어요..이번에 카3개봉한다길래 카1,카2를 보여줬는데 너무재밌게 보더라구요. 시사회있길래 신청했는데 운좋게 당첨되서 카3까지 보여줬는데 너무좋아하더라구요.카3이 젤 재밌다고 하네요 ㅎㅎ  "
20170710,6,바닥으로 추락한 주인공이 그걸 극복했다는 매우 진부한 이야기를 늘리고 늘려 거기다 뭘또 이것저것 끼워넣으면서 영화 중간에 붕뜬 기분이 매우 심하게 든다. 때깔좋은 3D 랜더링에 그나마 6점 준다  
20170710,10,내가 유딩때 보던건데 벌써 중3이 됐네요 라이트닝 맥퀸 그때 내가 제일 좋아하는 숫자가 95 였는데 아.그떼가 그립네 허드슨 호넷나올때가 재미있었는데 카3으로 6년만의 귀환이네 와 이거 너무 보고싶다  
20170709,10,"시사회로 다녀왔어요. 성우가 왜 있는가를 알 수 있죠. 그래픽부터 스토리, 연기 삼박자 골고루 갖췄습니다   이게 ㄹㅇ 입니다  "
20170709,10,어른인 제가 더 집중해서 볼정도로 재미있었어요~ 힘든시기가 왔을때 도전정신으로 그 시기를 이겨내는 모습이 아이들에게 많은 교훈을 주는거같아요~  
20170708,10,애들을 델꾸 갔지만 어른들은에게도 훈훈 감동과 교훈이 있네요~ 추천 합니다^^  
20170708,10,맥퀸 넘 좋아하는 3살 아들이랑 무조건 보러갈려구요! 카1 은 넘사벽이지만 제발 카2보다 낫기를..  
20170708,10,정말 재밌어요 꼭 한번 보세요  
20170708,10,시사방금 보고 나왔어요 우리 아이가 너무 좋아하네요~  
20170708,10,아이랑  즐겁게 재밌게 봤어요  
20170708,10,재미있어요감동적입니다  
20170708,7,재미있어요~아이들과 함께보기 좋아요~  
20170708,10,맥퀸 멋진 스토리와 레이싱 신난다!  
20170708,9,Good 재미있어요~  
20170708,10,애기들이랑 같이 봤는데 지루해하지않고 잘보네요~  
20170708,9,아들과 함께 재밌게 잘 봤네요  
20170708,10,재미와 감동이 함께하는 영화네요 아이들도 지루해하지 않고 정말 좋아해요!  
20170708,10,조카랑 같이 봐도 재미있어용!  
20170708,10,카3 너무 재밌어요!! 강추합니다  
20170708,10,재밋어요^^추천입니다  
20170708,10,역쉬 맥퀸 최고입니다 아이들과 재미있는 카3보세요  
20170708,10,재밌네요 ㅎㅎ어른도 즐거워요  
20170708,10,즐가운 엉화얏습니다 신나는 카카  
20170708,1,진짜 최악이다 카팬으로써 1 진짜 좋았고 2도 좋았는데 3에서 왠 갑자기 어떤 조연이 주인공 대신 트랙에 나서는게 말이됨?;다시는 안본다  
20170708,8,폴뉴먼이 죽은지 벌써 10년..세월빨리간다.  
20170708,9,카2보단 꿀잼이에요맘에듭니다  
20170708,10,시사회보고옴. 내용 연기 소리 다 완벽했다. 왜 성우가 더빙해야하는지 알겠다. 한국정서에도 맞고 진짜 감동... 흥하길..!!  
20170707,10,원래도 카를 좋아했는데 디즈니랜드에서 카 놀이기구 타고 더 반했어요~^^카3 넘넘 기대되요홧팅  
20170707,10,카시리즈는 언제나 정답이죠!!!믿고 보는 카 시리즈!!카3도 예고편보니 너무너무 재밌고 스릴이 넘칠것 같네욤!!너무 기대되용!!!  
20170707,10,어머 이건 봐야해! 완전 기대하고 있음  
20170707,10,나와 아들을 이어주는 픽사~늘 고맙습니다.꼭 보러 가겠습니다.비행기도 후속편 만들어 주세요~  
20170704,10,픽사 애니메이션중 제일 재밌게 봤었던 카1...예전 DVD방에서 테이프 빌려서 봤었는데...ㅋㅋㅋ 그게 벌써 10년전이네요....햐 진짜 오래됬네...  
20170704,7,애들이 좋아해요 무척..기대  
20170704,10,디즈니 건 믿고보는 거 같아요. 카3도 전편처럼 재밌을 거 같아요  
20170703,10,"6살 딸아이가 좋아해서 카 1,2 둘 다 같이 봤는데저까지 재밌게봤어요 !ㅋㅋ우리딸 카3개봉 예고편보고맥퀸보기만을 손꼽아 기다리는 중이에요 ㅎㅎ  "
20170703,10,맥퀸과 메이터의 멋진 우정 기대해봅니다.^^  
20170703,10,"날마다 카, 카2를 번갈아 가며 보던 아이들에게 빨리 보여주고싶어요^^  "
20170703,10,카시리즈는 흥행보증수표이죠 이번에도  맥퀸의 활약을 기대하겠습니다  
20170703,10,아이들이 너무 좋아하고 신나할꺼같아요!!~~꼭보고싶고  기대되는영화입니다♡♡♡  
20170703,10,카 1탄부터 2탄까지 딸래미 아들래미 모두 빼놓지 않고 여러번 본 영화!!! 3편도 무지무지 기대됩니다. 올 여름방학 기대작!!!  
20170703,9,7살 아들과 함께 개봉일 기다리고 있어요^^너무기대되요~  
20170703,10,"1 ,2 편 모두 너무 잼있었어요 3편도 너무 기대됩니다!  "
20170702,10,"너무나 기대됩니다 ~ 현재 6세 이들은 다섯살때부터 카 1,2편을 보고 오늘도 카1편을 보았어요 ~~^^ 카3 드디어 나오다니 반가워서 당장 뛰어가고싶어요  "
20170702,10,ㅋㅋ이거 완구도 나왔던데 꽤 고가더라구욯 기대하구 있어요!  
20170702,10,"5살 자동차 매니아 아들 카1,2 는 20회 이상 보고 카 3가 나온다는 소식 듣고 작년부터 유투브에서 예고편 찾아서 보고 있어요. 저도 예고편만봐도 설레던데 저희 아들은 카3개봉 하는날만 손꼽아 기다리고 있어요!!!  "
20170702,10,아이가 너무 좋아하는 카..이번엔 어떤 내용일지 더욱 기대됩니다. 꼭 보러갈께요~  
20170701,10,슈퍼 루키를 잡기 위한 맥퀸의 노력!그나저나 맥퀸이 벌써 노장이라니.. 저도 참 많이 늙었네요.  
20170701,10,와카3개꿀잼 일듯 극장으로 ㄱㄱ  예고편이 넘나멋짐ㅇㅈ?  
20170701,10,드디어 카3이 개봉하네요맥퀸의 활약이 기대되요  
20170701,10,카의 맥퀸!!! 이름만 들어도 모든남자아이들의 로망이죠~벌써부터조르고있네요~^^;아들과 극장으로 고고  
20170701,10,카 시리즈 넘 재미있게 봤어요!!이번에도 기대가 큽니당^^아이들과 함께 개봉하면 카3보러 달려갈께요~~^^  
20170701,10,우아아~~~카3:새로운 도전. 드디어 개봉하네요. 저희 아들은 요새 카3 영화 광고만 나오면 정신못차리네요. 자동차를 너~무 좋아하는  맥퀸팬인 아이와 함께 꼭 보러갈께용~  
20170701,10,카 시리즈는 기본필수 아이템  
20170630,10,아이들이 좋아했던 카시리즈 3 가  개봉하네요~~무척기대됩니다.  씽씽 달리는 레이서 카   기대됩니다.  
20170630,10,"시즌1,2  아들과 다 보았는데이번편도 기대가 만땅입니다~^^  "
20170630,10,"1,2모두 좋아하는 9살, 8살 두 아들과 꼭 보러갈거에요  "
20170630,10,어른이 봐도 넋놓고 보게 만드는 카 시리즈 ^^ 이번화도 기대합니다.!  
20170630,9,카 매니아~ 완젼 기대되네요^^  
20170630,10,카3  새로운도전~기대되요~아들래미들 슝슝달리는 카들과함께 신나할거같은 모습이 넘좋아요^^오예~~~극장판 카3 최고!!  
20170630,10,기대됩니다~~~^^  
20170630,10,카 시리즈 넘 좋아해요 ~~꼭 보고 싶네요^^  
20170630,9,미국 평판이 5점 중에 4.7이므로 9 감  
20170630,10,벌써 세번째 스토리네요~ 기대됩니다.  
20170630,10,꼭 봐야하는 애니메이션!  
20170630,8,카시리지는믿고보는! 정말신나고 스피티하고 픽사는 믿음!  
20170630,10,신나는 드라이브~ 성숙 해졌을 맥퀸 보고 싶네요  
20170630,10,"저희집 두아들모두 카3 예고편보자마자 ""엄마 빨리 보러가요~""를 외쳐되네요. 애들 아기때부터 카1,2 를 보여주다보면 저도 빠져들어 같이봤어요. 이번 카3 너무 기대되네요.  "
20170629,10,"이번에 기다리고 기다리던 카3가 개봉하게 되어 정말 기쁩니다. 카 1편과 2편 둘 다 재밌게 봐서 3편이 나온다는 소식을 들었을 때부터 하루빨리 개봉하기를 손꼽아 기다렸던 작품입니다. 믿고 보는 디즈니,픽사!  "
20170629,10,"우아우아 저희집 CARS 영어 원서, DVD, 피규어, 너무 좋아해서 완전 3편 기대됩니다  "
20170629,10,완전 기대기대 ^^ 카 시리즈 너무 좋아하는 아들 주말마다 dvd 보답니다.  카3도 엄청 기대중이에요. ^^  
20170629,10,2006년부터 지금까지 아들과  맥퀸팬으로 살고 있는 맘맘입니다.맥퀸보겠다고  디즈니랜드까지 다녀왔어요.~ㅎㅎ 맥퀸자동차 타고 행복해 하는 아들과 맘맘!!그!런!데! 드디어 손꼽아 기다리던 카3 가 개봉을 하네요. 유후!꼭 보러 가겠습니다~!!  
20170629,10,카스 백번도 넘게 본 영화 아이들에게 너무나도 소중한 영화가 되어줄겠는걸요.. 기대된답니다.  
20170629,1,포스터 또 ㅈ같이 만들어놈;; 시바 예고편만봐도 이번에 노린 연령층이 성인층인데 OO들  
20170628,10,카시리즈 영화 재밌을것 같아요. 공감팍 누르고 가요^^  
20170628,10,영화같은 만화! 어릴때 추억을 되 살려주는 영화! 헷갈린다 만화인지 영화인지!그래픽이 생동감을 탄탄한 스토리가 재미를..기대되는 작품입니다  
20170628,10,아이들이 참 좋아하겠어요  
20170628,10,완벽한 반격을 위한 최후의 도전을 보러 가고 싶네요 카3 : 새로운 도전 너무너무 기대가 크네요  
20170628,10,아들 덕분에 제가 라이트닝맥퀸 덕질 중입니다..ㅋㅋ카3 기대 됩니다!!  
20170628,10,올초부터 기다린 카3~정말기대됩니다!!  
20170628,10,카 시리즈 넘 재미있게 봐서 더욱 기대됩니다.  
20170628,10,기대되는 영화. 우리집 아이들이 손꼽아 기다리는 영화입니다. 막둥이랑 둘째만이라도 볼 수 있도록 기회를 주세요.  
20170628,10,무조건 레이싱해야하는 애니메이션이죠! 픽사의 걸작중에 걸작! 새로운 도전 보러갑니다~  
20170628,10,아이들이 좋아하는 카 시리즈~극장에서 만나고 싶네요.  
20170628,9,넘 기대되네요!!!아이랑 꼭 보러가고 싶어요^^  
20170628,10,아들이 넘 재미있게보는 카~ 넘 기대됩니다  
20170628,10,우리 아이가 지금까지도 매일 카2을 보고 있어요. 카3 TV예고편을 보고 난리가 났네요. 꼭 봐야겠죠?  
20170628,10,카 에니메이션 기다리고 있었습니다. 드디어 개봉하네요. 아이와 함께 꼭 봐야겠네요~~  
20170628,10,1편과 2편도 넘 재미있어서 아들과 여러번 봤네요. 아이는 벌써부터 개봉날 기다리고 있답니다. 카3도 완전 기대됩니다!!!  
20170628,10,자동차를 좋아하는 아들이 드디어 카 시리즈 영화를 극장에서 보게 되었네요. 벌써부터 기대가 큽니다.  
20170628,10,아이들 너무나 좋아하는 카~~ 기대됩니다.  
20170628,10,맥퀸의 포기하지않고 도전하는모습이 기대됩니다  
20170628,10,흥미진진한 카 새로운도전도 역시 기대됩니다  
20170628,10,지금까지 카시리즈는 놓치지않고 봤어요이번것도 넘재밌을게 예상되서 기대되요  
20170628,10,"카 시리즈는 언제나 흥분하게 합니다~시원한 스피드 따스한 내용까지,,, 3탄도 기대됩니다~교통기관을 공부하는 아이와 자동차 사랑에 끝없는 우리 가족 꼭 보고 싶어요!!!  "
20170628,10,넘 보고 싶어요.  시원한 스피드 즐기고 싶어요  
20170628,10,넘넘보구싶은영화!~기대만땅됩니다  
20170628,10,돌지나서부터 5살이된 아들이 거의 매일보는 맥퀵의 열렬한팬입니다 드디어 집이아닌 극장에서 맥퀸을 만날날을 기대  또기대하고 있어요^^  
20170627,10,카3 : 새로운 도전 너무 기대가 돼네요 카 시리즈 다 봣는데 정말 재미나더라고요 이번에 새로운 도전도 완전 흥미로울것 같아요  
20170627,10,예고편만봐도 완전잼나요~~ 빨리 만나보고싶어요~^^  
20170627,9,허드슨 박사님의 빈자리가 영화를 보는 내내 느껴졌다시대 변화에 따른 맥퀸의 선택이 씁쓸하면서도 현실적이었고 엔딩은 눈물났다 2편은 없는셈치면 카시리즈의 마무리가 잘 된듯하다  
20170627,10,무조건 봐줘야 하는 카3.  
20170627,10,아들이 차를 너무좋아해서 우연히 TV로 카 1를 본뒤보 너무 좋아해 2까지 보게 되었다.자존감이 높았던 자기 잘난맛에 살던 맥퀸이 허드슨을 만나 자신을 돌아보게 되고 덕분에 많은것을 얻게되는 모습을보면 나의 모습을 돌아보게되는 교훈을주었다.카3기대된다  
20170627,9,아직 못봐서 별반 뺐어요.1편부터 완전 빠졌어요~~~^^♡빨리 애기들 양손 잡고 보러 갈래요~~~  
20170627,10,"카챠우!! 카3 우리의 맥퀸이 돌아오네여!!! 빨리 조카들이랑 보러가고싶어요. 디즈니채널에서 카1,2하는거 할 때마다 봐도 너무 재미있어요~~ 라이트닝 맥퀸의 새로운 도전을 함께하고 싶습니닷!  "
20170627,10,레이싱계의 전설 맥퀸 과 첨단기술울 무장한 스톰과의 화려한 질주가 너무너무 기대됩니다.맥퀸의 반격을 기대해 보며 개봉날을 기다리면서  화이팅  
20170627,10,"1, 21편 모두 봤는데...3편도 기대됩니다.이번에는 맥퀸이 어떤 이야기로 영화가 이어질지 기대기 됩니다. 각종 첨단장비와  레이싱 시뮬레이터 ...카3의 새로운 도전..""내 마지막은 내가 정해"" 멋진 대사에 감동입니다.  "
20170627,10,"카 시리즈 중에 단연,최고!일 것 같은 대박예감이 듭니다!  "
20170627,10,아이랑 너무너무 기대중. 카1보다 실망스런 카2였지만 무지하게 반복에반복. 아이가 클수록 볼때마다 이해범위가 높아지는 모습을 지켜보는 재미가 있었는데요. 카3는 어떤모습일지 설래하며 하루하루 날짜 손꼽아기다리고 있어요.  
20170627,9,기대하고 또 기대해요~~^^ 늦둥이 막내가 너무너무 기다리네요~~^♡^  
20170627,10,두 아들래미와 같이 가서 보면 얼마나 재미있을까 벌써 기대되요~~  
20170627,10,카3 엄청 기대되요! 저는 메이터보다 맥퀸을 더 좋아해서 이번엔 맥퀸이 주인공이라서 더욱 기대됩니다! 맥퀸이 강력한 라이벌에 맞서 어떤 노력과 열정을 보여줄지 기대되요!  
20170627,10,5세 아들램  빠밤빠~빠밤빠~를 부르며 다니는데 무척이나 카를 사랑하고 애정합니다 이번 카3 기대됩니다~  
20170627,10,믿고보는 디지니-픽사 애니메이션멋지게 재기에 성공하는 맥퀸 꼭 보러 가고싶어여  
20170626,9,스피드가 더운 여름을 뻥~~~~날려줄거 같아요  
20170626,10,아이가 아직도 좋아하는 애니중 하나인데  개봉한다는 소식에 기대감이 더 큽니다. 얼릉 보고 싶네요~^^  
20170626,10,토미카를 좋아하는 아이가 극장에서 예고편을 보더니 정신을 못차리더라구요ㅎㅎ아이랑 함께 너무 기대하고 있습니다♡♡  
20170626,10,아이들이 너무 좋아해서 개봉날만 눈빠지게 기다립니다!  
20170626,10,디즈니 애니메이션은 항상  재미있는거같아 카 3는 더 욱이 그래픽이 살아있는 듯한 느낌이네요.  
20170626,10,아들아이가 car2를 너무 좋아해서 마르고 닳도록 봤습니다.csr3 시사회 가자면 좋아하는 스마트폰도 집어던질것같아요.^^성인이 봐도 박진감 넘쳐 몇번은 재미 있게 봤습니다.  
20170626,10,10년던부터 봤던 카스 이제 제 아이와 함께 극장을 갈수있을만큼  세월이 흘렀네요 맥퀸을 가장좋아하는 아이가 새로운 잭스의 기대감이 매우 크답니다.정말 기대되고 빨리보고싶어요  
20170626,10,"어렸을때부터 봤던 영화,카1에서 카2까지 다 보고 끝난줄알았는데,레전드가 돌아오다니..정말 기대되고 보고싶네요ㅎㅎ  "
20170626,10,"카1, 카2  대사까지 외울정도로 너무 좋아합니다.작년부터 올여름 카3  나올거란 소식듣고 이날만 얼마나 기다렸는지 몰라요. 꼭 보고싶네요.  "
20170626,10,벌써 카3가 나오다니 기대가 됩니다  
20170626,10,두근두근!! 너무 재미있을꺼같아요!!  
20170626,10,즐겨봤던영화3도보러갑니다  
20170626,10,"8살 아들과 함께 카3  기다리면서  카, 카2 정주행 완료했습니다.솔직히 2편은 개봉전 기대와 달리 실망했었는데 3편은 뭔가 마지막이라는 느낌이 있어서 그런지  짠한 감정도 생기고 기대가 많이됩니다.  "
20170626,10,진짜 기다렸던 카3 ! 드디어 나오다니~~ 화려한 레이싱의 세계 기대됩니다~  
20170626,10,애들보여주다 같이 팬이  되버린 아빠. ㅋㅋ  
20170625,10,와...예고만봤는데 진짜 재밌겠다그래픽이 더더욱 발전한것같아 흥미진진하네요기대하고있습니다!  
20170625,10,실제영화보다 예고편이더나을듯  
20170625,10,실제영화보다 예고편이더나을듯  
20170625,10,저가힘들때 항상 레이스를하셨던 맥퀸형님 3작으로 돌아오시는군요 항상뒤에서 응원합니다^^  
20170624,10,3주를 못기다리고 스포일러 리뷰를 봤습니다. 이 영화는 뻔하고 단순한 영화가 아님을 알수 있었습니다.  마치 토이스토리 3의 마지막 장면에서 느꼈던 감정을 느꼈습니다.  
20170624,10,여러분 메이터 나옵니다.오늘 영화를 봤는데진짜 감동적이고 옛 감동이 다시 새록새록아주 좋아요!! 꼭 보세요!  
20170624,10,진짜 어릴때부터 봐왔던건데 이번에 정말 기대됩니다  
20170622,10,카3 안나오는 줄 알았다  
20170621,10,이번 편에서는 메이터가 아예 안 나온다던데  
20170621,10,그나저나 메이터가 안나오네????  
20170621,9,2편은 안봤지만 1편의 영광을 되찾아으면 좋겠어요.  
20170619,10,정말 최고에요~^^노력만 하면  꿈은이루어진다~^o^  
20170618,10,진지한 카를 보고싶엉ㅠㅠ  
20170618,10,와 2006년에 나왔던게 2017년에 3탄까지 나오네 와 증말 오진다 ㅇㅈ?  
20170617,10,2학년 때인가.... 카2엄청 좋아했었는데... 무조건 볼거다.  
20170617,10,1부터 쭉 믿고 있었다. 21세가 된 나는 지금 너를 믿고 있다  
20170616,10,누가 뭐래도 난 카가 인생 시리즈. 내가 바로 스피드래ㅜㅜ 내친구 맥퀸 힘내라. 희!!!  
20170615,10,대박.카 2006년도에 cd구매해서 보고카 툰2008년도 다운해서 번역 직접 하면서 보고카2 2011년도에 cd구입해서 보고 카2 2016년에 게임다운해서 지금까지 보고있는데..내일이면 북미판은 개봉한다니..빨리 개봉했으면 좋겠다..  
20170527,10,저는 맥퀸 4살때부터 좋아했어요  
20170526,10,미국은 6월16일 개봉이던데 좀 많이 늦네 ㅠㅜ  
20170522,10,카1부터 카2까지봤는데 카3는 얼마나 재미있을 까요.^^  
20170519,10,카  1 2 엄청 재밌게 봤었는데....  
20170513,9,내가 이걸 6살때1을 유치원에서 봣는데 ㅋㅋㅋ 개추억이네  
20170512,10,이번 시리즈만큼은 무조건 극장에서!!!!  
20170506,10,디즈니... 정말 최고의 영화를 만드는것같음 미국문화나 역사를 알면 의미있는장면들이 많음  
20170504,10,디즈니 픽사 작품은 항상 기대가  큽니다.  
20170430,10,개인적으로 왜 카 시리즈의 평점이 낮은지 모르겠음...기대할게!  
20170428,10,라이트닝!!!!~~~~  
20170425,10,카는 본래 레이싱 액션 영화임.  
20170424,10,카1처럼 재밌으면 좋겠다  
20170424,10,6년만에 카3 돌아왔다.진짜..기대 보겠다.  
20170423,10,어쩜좋아 ㅠㅠ 님들ㄹ 카 그래픽 높아진것좀 봐요 ㅠㅠ 딪덕으로써 행복할 따름 ㅠ 이거 개봉하면 여름방학 시즌이라 어린애들 몰릴텐데 미리 걱정ㅠ 개봉하자마자 달려갈게요ㅠㅠ 기대만땅  
20170423,10,5살때 처음 봤는데 벌써 초6..카3 꼭 볼게여  
20170421,10,기대치로는 별 10점. 2에서 하락했던 스토리 라인을 바꿔버렸다는 작가. 믿기지 않는 그래픽. 예고편부터 다른 스토리 라인. 제 2의 다크나이트가 될 수도 있다고 본다. 픽사의 새로운 걸작이기를.  
20170420,10,맥퀸이 너무 불쌍하게 나와요  슬퍼 ㅠㅠㅠㅠ  
20170420,10,awesome~~~!!!  
20170420,10,카2는 산으로 가는 내용이라 카1 하고 스토리가 연결되는 듯 기대됩니다~~~~  
20170316,10,예전부터 카 광팬이였다!!!  
20170311,10,너무너무 보고싶다 ㅠㅠ 카3 맥퀸 다치고 복귀 타입 스토리 같은데 이런거 너무 좋다 ㅋㅋ  
20170221,10,포스터에 맥퀸이 뒤집히는거 같은데 사망하시진 않겠지???  
20170213,10,오졌다 ㄷㄷ 꼭 봐야겠다 ㅇㅈㄱ  
20170208,10,와.. 그래픽보소...이번엔 제작진이 작정하고 만들었네...ㄷㄷ 왠지 어린이용 보다 어른들이 보면 더 소름돋을 느낌? 완전 기대중...ㅠㅜ 언제개봉하니??  
20170203,10,1탄에서는 유명세를 타 거만했던 라이트닝의 변화해 가는 모습. 3탄은 모든 운동선수들의 시련인 '나이'와 '부상'을 극복하는 모습이 보여질 것 같다.  
20170203,10,예고편만 보면 거의 15금 짜리 영화 기대가 크다  
20170120,10,예고편 보는데 꽤 진지해졌다..  
20170119,10,예고편 그래픽 미쳤음 ㄷㄷ  
20170118,10,일단 예고편만 보면 픽셀은 이번에 풀약 지대로 빨은거같다  
20170118,10,"후우.. 11년전 그때 그 충격을 잊을수 없죠..정말 재밌게 봤었는데.. 카2처럼 되지말고!다시한번, 명작 기대해봅니다! ♡  "
20170116,10,6살때 카1 보고 11살때는 카2 17살에는 카3이라니 감독도 바뀌고 그래픽도 상당히 좋아진걸보니 정말 기대된다!  
20170113,10,그 검은색차 잭슨 스톰[맞나?]너무멋있음 !!어쨌든 카트라이더가 그란투리스모로 바뀌길.. 글고 맥퀸도 무사하길  
20170112,10,예고편 보고 놀라지 않을수가 없었습니다.  
20170106,10,내 기억속에 멋부리는  맥퀸이 저렇게 되다니!!!의리를 봐서라도 꼭 보러 가야겠다!!  
20170104,10,내가 태어난 해 때 나와서 3살때 부터 봤는데 벌써 3 나오네용! 이번에는 그래픽이 엄청나고 맥퀸이 어떻게 될지 정말 궁금! 무조건 봄!  
20170101,9,카2가 재밌어서 또 보고싶네  
20161214,10,트레일러 보니깐 그래픽미쳤던데..;; 내가 알던 카 맞나?..  
20161205,10,그래픽 미쳤다...픽사도 이제 실사 그래픽인가 물론 환영하지만!  
20161124,10,예고편 보니까 픽사 답지 않게 블록버스터를 만들어 놨어. 이젠 하다하다 분노의 질주까지 만들었냐!  
20161122,10,카1 을 기억하며 기대해봅니다  
20161115,10,카2는 개노잼이었지만 1편은 잊을수없기에 다시극장으로  
20161016,10,카1은 아직도 내가 봤던 애니메이션 중에 제일 재밌었던 작품으로 남아있다..  
20160925,10,이건 무조건 봐야지! 굿 기대기대  
20160916,10,제발 카 2 처럼 되지 말기를..  
20160916,10,수능 끝나고 나오자마자 보러갈거에요ㅠㅠ기대합니다  
20160819,10,내가 좋아하는 디즈니 애니메이션 시리즈 영화중 한편! 개봉하는 날을 기다리고 있네요^^ 빨리 나왔으면!!  
20160804,10,"카1에서 카2, 더이상 안나올줄 알았더니 카3. 알게 되자마자 환호했다. 정말 기대된다.앞서 두 작품도 재미있었는데 카3는 어떨지 궁금하다. 약간 줄거리가 공개 된 듯한데 괜찮은 스토리 일듯 싶다. 꼭 개봉일날 보러 가야지  "
20160715,10,카 3도 개봉날 보러가야지  
20160708,4,카는 1편만 보면충분하다  
20160703,10,저도 2006년 카1부터 쭉 봐왔기 때문에 카3도 봅니다!!맥퀸에대한 으리를 지키자!!  
20160614,10,초동학교3학년때 1봤던게 기억나는데 벌써 성인이네 카3도보러갈께요! 의리!  
