0,1,2
20180131,7,시사회 보고왔는데 이젠 코미디로 하네요 ㅋ  볼만은 한데 ...  
20180131,4,연기들은 다 좋은 진짜 정유미 특히 또라이같은 연기도 잘하네.. 근데 시나리오는 진짜 아니잖아이거 ㅜㅜ 신선한 시도는 좋았지만 너무했다 ㅋㅋ 하..  
20180130,5,"조금은 유치하고, 엉성하다는 느낌을 받았습니다. 코미디 영화답게 웃음포인트는 꽤 있었습니다.  "
20180130,10,류성룡  배우 항상 기대를 저 버리지 않는다 믿고  보는 배우이다  참 재미있게 봤습니다. 대박나세용~  
20180130,5,"근본없는 진행, 어이없는 웃음, 걸을땐 헐크, 날라댕길땐  핸콕 그냥  정유미 악역 연기 한번 본걸로 만족한 영화  "
20180130,10,올만에 특정 정치세력을 위한 정치선동영화가 아닌 이런 대작이 나와줘서 고맙다.  
20180130,10,비현실적인 소재를 현실적인 이야기로 풀어내다니  
20180130,10,색다른 영화 색다른 재미  
20180130,9,이제부터 연상호감독 작품들은 믿고 본다^^  
20180130,10,스크린엑스로 보고 왔는데 짱임 존잼임  
20180130,10,얼마만에 보는 코미디 영환지ㅎㅎ내일 문화의 날이기도 해서 보고 오려구요ㅎ  
20180130,10,생각보다 시사회 후기 좋아서 기대중  
20180130,10,영화 진짜 잘만들었던데ㄷㄷ 기대 안했는데 너무 재밌게 보고 왔다  
20180130,8,한번쯤은 가지고 싶은 초능력..ㅎㅎㅎ  
20180130,10,유치할줄 알았는데 전혀 유치하지 않고 감동적이였습니다 가족들과 함께 보기에 딱 좋을거 같아요  
20180130,9,존잼 ㅋㅋㅋ 어벤져스가 따루 없네잉  
20180130,10,스크린엑스 시사회로 봤는데 대박이었음  
20180130,10,호불호가 갈릴거 같긴 하지만 영화가 주는 재미와 영화적 메시지는 충분하다고 생각합니다 시사회로 보고 왔습니다ㅎ  
20180130,10,새로운 재미를 느끼고 싶다면 무조건 보세용  
20180130,10,류승룡 다른건 몰라도 연기력 만큼인 인정. 덕분에 많이 웃고 감탄하면서 봄  
20180130,8,드뎌 내일이면 볼 수 있겠군!!  
20180130,10,한국에서 이런 영화가 나오다니 새로운 시도는 박수 받아 마땅하다  
20180130,10,우선 연상호라서 믿고 볼거임  
20180130,10,재미 감동 가족애 여운 메시지 다 느낄 수 있었던 코미디물  
20180130,10,연상호감독표 한국형 히어로 무비는 성공적이었다  
20180130,10,코미디라는 장르를 잘 살려서 보여준 우리나라 사회의 현실  
20180130,10,영화 보는내내 나도 초능력이 갖고 싶어졌다…  
20180130,9,염력 예매율 높길래 나도 예매 한번 해 봄 ㅋㅋㅋ  
20180130,10,좀비를 잇는 초능력자ㅋㅋ 기대해도 좋아요  
20180130,10,그냥 코미디 영화인줄 알았는데 아니였어… 진짜 느끼는것도 많고 생각할 거리도 던져주는 영화였다  
20180130,10,현실적이지 않은 초능력이라는 소재로 현실적인 이야기를 들려 주는 작품  
20180130,10,색다른 시도와 배우들의 연기가 좋았던 영화  
20180130,10,난 이미 스크린X로 예매했지롱  
20180130,10,언론 시사회 이후에 기자분들 리뷰 보고 기대하고 있었는데 드디어 볼 수 있겠네요 염력 응원하겠습니다  
20180130,9,와 드디어 개봉이다ㅠㅠㅠ 진짜 보고싶었어  
20180130,10,새로운 개념의 영화랄까? 쉽지 않았을 소재를 가지고 이렇게 잘 풀어내다니ㅎㅎ  
20180130,10,역시 연상호 감독의 상상력은… 굿  
20180130,10,마냥 웃기기만한 영화가 아니라 뜻 깊은 메시지까지 있는 영화였다  
20180130,10,유쾌하면서도 흥미진진한! 또 고보싶다!  
20180130,10,염력 시사회 갔다 왔는데 재미게 잘 보고 왔어요~ 류승룡 최고에요~^^  
20180130,10,부산행때도 개봉전부터 그렇게 까더니 영화 개봉하고 천만 넘고 재밌다고 다들 난리였지 아마?  
20180130,7,부산행 만큼만 만들어라  
20180130,10,부산행감독이면 믿고봐야지 꼭봐야지 ~ ~와우~  
20180130,5,영화 이름이 촌스럽게 느껴지는데 류승룡 기모찌 나와서 봐야 하나 아리송하네  
20180130,1,0점없냐??진짜 이런 쓰레기도 보기는 하는구나  
20180130,8,"허남웅기자, 간보다가 별점 수정했네... 어제까지만 해도 8점 이었는데.. 한줄평도 웃기고.. ㅋㅋ  "
20180130,2,"어제 vip시사회 다녀왔는데 연상호 감독의 부산행 정도의 퀄리티를 기대했건만 , 미스캐스팅에 허풍 가득한 스토리는 그의 이미지를 망쳐놨다. 어이없이  웃게 된 영화  그래서 더 화가나는...  "
20180130,6,어디서 본듯한 영화인데....핸콕???  
20180130,5,"용산참사 볼꺼면 공동정범 보지, 애매하게 뭐하러 껴놨노..  "
20180130,1,연상호 감독 좋아하는데 이번거는 좀 오바 같노 ㅋㅋ  
20180130,1,인기 얻으면서 친구들 쌩까는 사람의 거짓연기를 보고 싶진 않네요  
20180130,2,운이 좋게 미리 봤는데 역대급이긴 했어요.  저별점에 속아 보지 안기를...:::  
20180130,10,겁나게 기대 됨! 대박나라  
20180129,8,7.4점정도됩니다. 가볍게 보세요.  류승룡의 연기가 아니였다면..6.5점될 영화입니다.  
20180129,1,이거 외국영화 따라한거  아님?  
20180129,10,감독과 배우들의 합이 좋은게 영화만 봐도 느껴지더라구요~ 오랜만에 많이 웃으면서 본 인상 깊은 영화였습니다~!  
20180129,10,염력 신박해서 은근 기대됨ㅎㅎㅎ 개봉하면 무조건 볼거임  
20180129,9,부산행 감독이라 그런지 꼭 봐야 될 거 같아ㅋㅋㅋ  
20180129,10,웃음 재미 감동 메세지 여운 다 잡은 영화  
20180129,4,왕십리 CGV가서 시사회로 봤는데...재미가 없었어요...ㅠㅠ 정유미씨 나온다그래서 기대했는데 많이 나오지도 않고... 내용 전개도 너무 단순하고  
20180129,10,내가 이런 신선하고 유쾌한걸 보고 싶었다고!!  
20180129,9,염력 개봉일만 기다렸었는데 드디어 개봉ㅠㅠ 넘 좋다  
20180129,10,상업영화 평론가 점수가 저정도면 진짜 재밌게 나온거에요 믿고 보셔도 될 것 같습니다  
20180129,10,매번 거기서 거기인 영화들만 줄줄이 나오다가 이런거 보니까 완전 신선함  
20180129,10,다 좋은데 일단 소재가 신기방기해서 좋다아 31일날 첫시간으로 보러 간닷  
20180129,10,예고편부터 벌써 웃기더니ㅋㅋㅋ 영화는 더 꿀잼일듯  
20180129,9,감독님이랑 배우들만 봐도 믿고 볼 수 있는 영화지  
20180129,10,류승룡 이번에 인생캐 나올거 같당 파이팅 파이팅  
20180129,10,정유미 악역으로 나온다는데 완전 궁금함ㅋㅋ  
20180129,10,존잼!! 이게 진정 한국 영화인가요!?!  
20180129,10,박정민 너무 좋아ㅎㅎㅎ 응원해요♥  
20180129,1,뭐냐 ㅋㅋ 소재 보소...개허섭OOO 같넹 ㅋㅋㅋㅋ 걍 이런건 iptv 나오면 1000원 결재하고 보면 됨!! 또는 영화 채널에서 나중에 나올 때 보면 됨!! 극장에서 보기엔 돈아까움!!  
20180129,10,진짜 신과함께도 개봉전에 cg 구리다 진기한 안나온다 겁나 까더니ㅋㅋㅋ 여기서도 똑같이 까는 사람들 많네ㅋㅋ 좀 보고 말해라  
20180129,10,기대 되네요 보고싶습니다.  
20180129,10,그저 그런 배우들이 아닌 연기파 배우들의 새로운 연기 변신! 빨리 보고 싶어요!  
20180129,10,류승룡 심은경의 조합 기대됩니다^^  
20180129,10,이렇게 영화 보면서 관객들이랑 다같이 웃으면서 본 영화는 얼마만인지 모르겠네요ㅎㅎ 시사회로 보고 왔는데 좋은 영화 봐서 좋습니다ㅎ  
20180129,10,재밌음 괜찮았음 꼮 보셈  
20180129,10,웃기다 염력 폭발할때 개깜놀ㅋㅋ 생각보다 더 재밌어서 만족스럽다  
20180129,10,오랜만에 보는 제대로된 코미디 영화  
20180129,1,재미없음 재미없음재미없음  
20180129,9,또 한번 느꼈다.. 연상호의 대단함을..  
20180129,10,연상호감독님이라면 무조건 믿고 봅니다  
20180129,10,부산행때도 보지도 않고 욕하던데 그대로군ㅋ 왠지 염력도 부산행처럼 입소문 탈 듯  
20180129,10,기대되네요! 빨리 보고싶어요.  
20180129,10,시작부터 끝까지 웃긴 장면들이 어찌나 많던지ㅋㅋㅋ 진짜 배우들의 연기와 감독님의 연출은 수준급!!  
20180129,10,좋은 기회로 시사회로 보고 왔는데 최근에 본 영화들 중 가장 재밌었고 인상 깊었어요 장르가 코미디라 그냥 가볍고 웃긴 영화인줄 알았는데 마냥 가볍고 웃기기만한 영화는 아니였네요  
20180129,10,염력 이번에 예매해서 꼭 볼꺼에요.  
20180129,10,부산행과는 다른 의미로 존잼 난 시사회 갔다 왔는데 개봉하면 부모님 예매해드릴 생각임  
20180129,10,신박한 이런 시도 칭찬합니다~~  
20180129,10,보지도 않고 까는 사람들 많네 진짜;; 난 시사회 갔다 왔는데 초능력이라는 소재로 만든 영화였음 사람들 반응도 좋았고;  
20180129,10,역시 믿고 보고는 연상호감독ㅋㅋ 좀비에 이어서 초능력자까지 최고다 최고야  
20180129,10,시사회 갔다 온 친구가 재밌다고 추천해줘서 벌써 예매까지 완료ㅋㅋㅋ  
20180129,10,드디어 곧 개봉이네요! 빨리 보고싶어요!  
20180129,7,전.. 이미 5500원 주고 수요일 예매 해놈..ㅠㅠ 어쩔 수 없이 봐야징~ 재밌길 바란다!  
20180129,3,시사회 평이 좋지는 않던데... 안봐야겠다  
20180129,6,염력 영화 해외에서 많이 나옴.. 영화 국내에선 흥행할듯....  
20180129,10,보고 판단하겠지만 우선 엄청나게 기대하는 중!! ㅋㅋ  
20180129,10,예매완료! 감독님 기대중입니다  
20180129,10,기대됩니닿ㅎㅎㅎ 빨리 극장가서 보고싶어요  
20180129,1,출발비디오영화에서 보니... 정말 유치찬란 그자체...그리고 류승룡 때문에 안볼꺼임.  
20180129,2,시사회통해서 봤습니다.정말 유치한 영화입니다. 굳이 돈내고 보는거라면 말리고 싶네요.  
20180129,1,류승룡 좋아하던팬이였는데  뜨고난후 행동에 류승룡영화는보고싶지않네요  
20180129,10,기대됩니다 빨리 보고파요  
20180129,1,본 사람들 평이 폭망각이라는..  
20180129,8,음.. 이런 부류의 영화는 호불호가 갈리기 딱 좋지.  
20180129,4,류승룡..폭망 예감. .ㅡ.ㅡ;;  
20180129,1,작년의 리얼.... 이번년도에는 염력  
20180129,1,아~!류승룡만 아니였음볼건데 주연이 하필.!  
20180128,10,왜 하필 류승룡 ... ㅡㅡ;  
20180128,3,정녕 보지 않고도 영화를 다 볼수있게 하는 심미안을 내게 가지게 하지 말아라 한국영화야  
20180128,10,저 이거 영화관에서 봄 졸잼임 진심  
20180128,10,우리나라 영화에서 초능력이라니.... 기대할 수 밖에 없는듯  
20180128,10,신과 함께를 잇는 판타지 물이라는 기사를 본 것 같은데 너무 기대되요ㅎ  
20180128,9,부산행 연상호감독 작품이라면 무조건 믿고 보지요  
20180128,10,최근에 본 영화들 중 가장 재밌었고 가장 인상적이였습니다  
20180128,10,진짜 처음부터 끝까지 장면 하나하나 버릴거 없이 좋았음  
20180128,10,염력 꿀잼이에영ㅎ 웃음도 많이 주고ㅎㅎ  
20180128,10,설날 가족영화로 강력추천  
20180128,10,시사회로 봤는데 유쾌하고 통쾌함ㅋㅋ  
20180128,10,단순한 오락영화는 전혀 아니네.. 영화가 주는 감동과 메세지 너무 좋았다  
20180128,10,운 좋게 개봉전 미리 보고 왔는데 영화 속에 많은 이야기와 메세지가 숨어 있더라구요.. 연상호감독님의 연출력에 또 한번 감탄했습니다  
20180128,10,나오는 배우들 하나같이 캐릭터 소화력이 끝내줬음ㅋㅋㅋ 덕분에 더 재밌게 볼 수 있었고  
20180128,10,초능력이라는 새로운 소재와 설정으로 어떤 재미를 줄지 너무 기대됩니다  
20180128,10,시사회 후기 생각보다 괜찮아서 기대되네요~ 오랜만에 훈훈한 영화 한편 보겠어요~ㅎ  
20180128,8,그냥 재미로 즐기기엔 나쁘지 않을거 같은데ㅎㅎ  
20180128,8,정유미 나와서 꼭 볼거임ㅡ3ㅡ  
20180128,10,보지도 않고 욕하는 사람들 노답;; 영화 재밌을거 같구만;  
20180128,9,한국에서도 이런 영화가 나오다니 진짜 많이 발전했네  
20180128,9,코미디고 가족을 다룬 영화라 가족 영화로 보기 좋을 같아요  
20180128,10,부산행때도 우리나라에서 좀비라니 하면서 걱정햇는데 존잼이였지?ㅋㅋㅋ 염력도 왠지 그럴듯  
20180128,8,코미디?! 나름 볼만할거 같은데??!  
20180128,10,믿고 보는 연상호표 영화  
20180128,10,이런 훈훈한 영화는 얼마만에 보는건지ㅋ 시사회로 봤지만 돈 주고 봐도 아깝지 않을 영화였다는  
20180128,10,재미 감동 메세지 다 들어가 있는 코미디 영화ㅎㅎ 좋구만  
20180128,9,좀비에 이어 초능력자ㄷㄷ 믿고 보는 연상호  
20180128,10,유치한듯 하지만 영화 보시면 그런 생각 안드실겁니다 멋진 영화였습니다  
20180128,10,신선하고 독특하고 완전 내스탈  
20180128,10,개봉일날 첫 타임으로 예매해야징ㅋㅋㅋ  
20180128,8,드디어 곧 개봉이네요~~^^  
20180128,10,시사 후기들 보니까 나쁘지 않던데 나도 빨리 보고 싶다ㅠㅠ  
20180128,9,소재부터 스토리 등등 모든게 기대되는 영화랄까?  
20180128,10,시사회 갔다 온 친구가 존잼이라던데ㅋㅋ  
20180128,10,"류승룡,심은경,박정민,정유미 등등 나오는 출연진들만 봐도 기대된다  "
20180128,9,연상호감독 이번에도 천만가나요~~  
20180128,10,오랜만에 웃고 즐긴 영화ㅎㅎㅎ 감동과 메세지는 덤ㅎㅎ  
20180128,10,그냥 웃기기만한 영화가 아니에요!! 개봉하시면 꼭 보세요!  
20180128,10,웃기기만한 영화일줄 알았는 훈훈하면서 감동까지 주는 영화였네요 생각보다 재밌게 잘나온 영화인것 같습니다  
20180128,10,부산행에 이어서 이번에도 천만 가나용?!  
20180128,2,ㅋㅋㅋㅋ변호사 명함보고 지렸다ㅋㅋㅋ한국영화판의 민낯  
20180128,10,간만에 기분 좋게 웃으면서 볼 수 있었던 영화~~ 시사회로 봐서 더 좋음~~!!  
20180128,10,신선한 소재와 메세지 그리고 코미디라는 장르까지 제대로 잡았다고 생각해요  
20180128,10,아직 보진않았지만 염력 존잼 예상!!  
20180128,9,류승룡 기모띠~~~~  핸콕등장  
20180128,1,스크린쿼터따위 없애버려 유치짬뽕 한쿡영화  
20180128,1,한국판 핸콕 유치하다 !  
20180128,5,한국판 핸콕이네...  
20180128,1,제발 돈주고 보는 관객들 생각해서 배우좀 써라 ?한국영화는 배우들만 먹고사는  곳인가 ?누가 돈주고 저런배우 보러가니 ? 생각좀하자 !이렇게 연예인들이 돈벌기쉬운 나라 한국답다 ! 앞으로 관객분들 냉정하게 해야합니다 !!  
20180128,5,기대는 안 하는데 빨리 개봉해서 그것만이 내세상 좀 끌어 내려라  
20180128,2,염력외에 아이디어 업데이트 없는애가 왜 영화를 만드는지 이해가 안드는 영화  
20180127,1,이거 재밌다는 사람 부산행이 서울역보다 재밌다는 애들일듯;;  
20180127,10,꼭 보세요 명작품이다 !!!!  
20180127,5,부상행때 깔끔하게 스토리 빼고 좋았는데 왜또 되도않는 의미를 부여하기 시작하냐 ㅉㅉ  
20180127,3,참신하다는 새1끼들은  국내산빠냐? 한국에서 궁하면 참신한거야?  
20180127,3,류진노켄오쿠라에@!#!@$!@!@%  
20180127,10,진짜 씨네21 허남웅기자 한  한줄평은  웃음 밖에 안나온다.  
20180127,10,류승룡 기모찌 기대합니다  
20180127,1,소재는 좋지만  제일 중요한건 우리나라가만든다는거ㅋㅋ  
20180126,3,믿거한: 믿고 거르는 한국영화  
20180126,10,염력이라는 것을 구현하기가 힘들었을텐데 일단은 성공인듯ㅋㅋㅋ 개봉 후 사람들 반응이 궁금하다  
20180126,10,우리나라 코미디 영화 장르 중 가장 재밌게 잘만들어진 영화가 아닐까 싶습니다  
20180126,10,소재도 기발하고 현실공감 제대로ㅠ  
20180126,10,"류승룡 심은경도 좋았지만 개인적으로 박정민이랑 김민재, 정유미가 캐리했다고 생각함ㅋㅋㅋ 완전 깨알이여  "
20180126,10,본 적 없는 초능력ㄷㄷ 기대할 수 밖에  
20180126,9,보기 드믄 한국영화가 탄생했군  
20180126,10,존잼ㅠㅠㅠ 시사회로 봤지만 내 돈주고 봐도 아깝지 않을 그런 영화였어요ㅠ 연상호감독님 이번에도 대박칠 것 같습니다!!  
20180126,10,부산행도 대단했는데 염력은 진짜 또 다른 재미를 선사해준다  
20180126,10,상상력은 물론 가족애와 여운까지 주네요^^  
20180126,10,올해 최고의 기대되는 영화~~~`꼭꼭 봐야지 넘나 잼날듯 무조건봐야지 ㅎㅎ  
20180126,10,개봉하면 바로 보러 갈거양~~!!  
20180126,10,캐릭터들 하나같이 매력적이고 영화도 재밌고 좋았어요ㅎㅎ  
20180126,10,연상호감독님이라 기대되는 영화  
20180126,9,초능력자는 현실적이지 않은데 스토리는 현실 공감 제대로...  
20180126,10,밀당 제대로네요  좋은 기회로 개봉전 미리 보게 되다니 영광이였습니다  
20180126,9,좀비에 이어서 초능력자까지ㅋㅋ 진짜 장르개척자다 연상호감독은  
20180126,10,시사회로 보고 왔는데 진짜 웃느라 정신이 없었음 시간도 빨리 지나가고!  
20180126,10,어떻게 이런 상상을 하게 됬는지 진짜 기발한듯!  
20180126,10,염력 일단 재밌고 재밌습니다  
20180126,10,기자분들 리뷰 보고 왔는데 기사에서도 ㅋㅋㅋ이 숨겨 있는 듯 했음ㅋㅋ 기자분들 단체도 웃고 오셨나 봄  
20180126,8,정유미 악역으로 나온다는데 ㅋㅋ 궁그미  
20180126,10,언시 기자들 후기 보니까 거의 다 호평 밖에 없던데 우리나라에서도 제대로된 코미디 영화가 탄생한것 같은 느낌이네여  
20180126,10,연상호감독님 작품이라 더 기대된다  
20180126,10,염력 언론 시사 후기 개 좋던디  
20180126,10,출연진들만 봐도 기대되는 영화네요~ 방금 예고편도 보고 왔는데 색다르고 신선한 영화 기대해 볼게요~!  
20180126,10,정말 오랜만에 만나는 가슴 따뜻해지는 코미디 영화  
20180126,10,한국형 히어로물! 색다른 시도는 칭찬 받아 마땅하다!  
20180126,10,염력 개봉일만 기다리고 있습니다 빨리 보고싶네요  
20180126,10,좀비에 이어서 이번에 초능력자라..ㅋㅋㅋ 색다르고 좋네여  
20180126,10,연상호감독의 기발한 상상력에 박수를!!  
20180126,10,예고편부터 류승룡 존재감 쩔던데 영화 자체에서 보여주는 존재감은 진짜;; 오랜만에 인상 깊게 본 영화다  
20180126,10,시사회로 보고 왔는데 생각보다 잘만들어서 놀랬음ㅋ 연상호 감독의 다음 영화가 기대된다는  
20180126,10,간만에 기대되는 영화!  
20180126,10,배우들도 그렇고 소재와 설정이 넘 끌리네여~~^^  
20180126,10,연상호감독의 작품이라 더 기대되는거 같네요 개봉일이 기다려지니다  
20180126,10,부산행때도 우리나라에서 좀비라니 이러고 비웃었는데 존잼이였잖아.... 염력도 왠지 존잼일거 같은 느낌..ㅋㅋㅋㅋ  
20180126,10,이거 기자들 후기 되게 좋던데ㅋㅋㅋㅋ 기대됨  
20180126,5,도대체 10점은 뭐냐?  
20180126,10,마냥 웃기기만한 영화는 절대 아님... 웃음과 감동 그리고 메세지까지 다 담겨 있는 좋은 영화였음  
20180126,10,"어제 시사회 봄. 이 영화는 단순히 오락 거리로 보는 영화가 아니라는 생각이 들어요.웃픈 코미디같은 우리 사회 현실, 부조리, 부와 권력의 이기심에 맞서 싸우며 살아가는 우리들의 모습과그들에 대한 시원한 한방이 있는 좋은 ,반전,감동적인 영화ㅜㅜ 추천  "
20180126,1,염력이 아니라 염병 좃노잼  
20180126,1,cg 때문에 1점 드리겠습니다. 시사회로 먼저 봤는데 너무 별로였어요 ㅠㅠ  
20180125,10,오호... 서울행에서 호흡을 맞춘 두 사람이 이번엔 실물로 보는구만.. 심은경 화이팅..!  
20180125,10,초능력? 잘만들었음 대박이고 아니면 개쪽박  
20180125,10,유미언니 악역!! 기대됩니당!!  
20180125,10,좀비에 이어 초능력!?!! 기자들이 신과함꼐를 잇는 판타지 물이라 극찬이 자자하던데~~ 과연~??!  
20180125,10,빨리 보고시퍼여ㅎㅎ 연상호 감독님 작품 ㅎㅎ  
20180125,10,은근 잼나다는 소문이..  
20180125,10,최근 나온 한국 영화 중에 가장 신박했다  
20180125,10,꾸르르르잼!! 정유미 악역 은근 잘어울림ㅋㅋㅋ 하지만 유미짱은 사랑스러운게 젤이뽀 ㅋㅋㅋ  
20180125,10,기대되는 류승룡 심은경 박정민 정유미 조합!!!  
20180125,10,솔직히 재밋긴함ㅋㅋㅋ  
20180125,10,갓승룡기모찌가즈아~  
20180125,1,믿고 거르는 류승룡 영화  
20180125,10,부산행 잼있게봤는데..  염력도 잼있을꺼라 예상됨  
20180125,1,류승룡 나오면 무조건 안 본다  
20180124,5,관객의 눈높이 수준이 마블영화나 x맨 시리즈때문에 cg에대한 수준이 저 높이에 있는데... 영화 괴물처럼 정말 cg스러운 cg가 사용된것 같아서 걱정된다..  
20180124,10,101분 밖에 안하네? 신파만 없으면 무조건 본다  
20180124,10,부산행과 또다른 느낌~~  
20180124,10,처음에는 뭔 영화여~ 하고 봤는데 진심 재밌어서 놀람ㅋㅋㅋ 류승룡은 걍 보기만해도 웃기고 정유미 악역에 놀람ㅋㅋㅋ 심은경도 연기 워낙 잘해서 뭐~~ 박정민은 그만세랑 또 다른 느낌! 굿뜨  
20180124,10,기자들 평 보니까 기대되네여  
20180124,3,날라다니는 스틸컷 보는데 배우란놈이 왜 저 모양이야??  와이어메고 날라다는는 티 너무난다. 물론 실제 날수 없어. 와이어 메는건 당연해.. 하지만 와이어 맨 티 안나게 날라다닐수 없나?  외국배우들 날라다니는 연기 안본거야??  
20180124,10,재밌는건 둘째치고 색다른 컨셉을 주제로 현실 공감가는 스토리에  훈훈함까지 더했다. 가족영화로도 손색이 없을듯  
20180124,10,잼났어요~~ 다들 웃더라구요 ㅎ  
20180124,10,믿고보는 배우들ㅠㅠ 역시 심은경 류승룡 정유미 박정민!! 다들연기 쩔고 내용도 완전 신박하고 재미짐ㅋㅋ 대박날듯!!  
20180124,10,윰블리!!+_+ 기대하고이떠여!!  
20180124,10,배우들 연기전부다 좋았어요!!오랜만에 재밋는 영화였던듯^^  
20180124,10,류승룡 진짜 하드캐리햌ㅋㅋㅋㅋ  
20180124,10,어제 시사회 갔다 왔는데 진짜 빵빵 터졌어여 ㅎㅎ 완전 웃김ㅎㅎ  
20180124,10,봐야지 빨리 개봉해라ㅠㅠ 너무 오래 기다렸음ㅠㅠ기대기대  
20180124,10,시사회로 봤습니다. 부산행과는 전혀 다른 색다른 매력의 작품이더군요. 단 두번의 실사영화로 자신의 역량을 발휘한 연상호 감독에 감탄했고 조연들까지 결이 살아있는 캐릭터들의 향연이 돋보였습니다.  
20180124,10,한국영화에서 나올수 없는 소재에 도전하는 연상호 감독님을 응원합니다. 너무 너무 기대되요~!!!  
20180124,10,오 초능력 완전 기대됩니다!!!!  
20180124,10,언론 시사 평 다들 좋네. 역시 기대된다.  
20180124,10,"철거민에 대한 무거운 소재를 정말 재미있고 유쾌하게 풀어내신감독님의 기획과 연출에 박수를 보냅니다.""염력""대박을 기원 합니다.  "
20180124,10,돼지의왕때부터 연상호 감독을 굉장히 주목했고 분명히 뜰 감독이라고 생각했는데 부산행으로 대박나고 이번작품도 분명 흥할거라고 봅니다  
20180124,10,소재가 유치할수도 있는데  어떻게 풀었을지 너무 기대되용~~  
20180124,10,진짜 재밌을 듯~~~ 연상호 감독 이번에도 기대해봅니다.  
20180124,1,한국영화에서 이런주제다루면 별로임 거기다 배우들도 다 맘에 안듬 연기가 예상됨  
20180124,10,잼있을거같아요 ㅋㅋㅋㅋ  
20180123,9,"누군가 에겐 재밌을지도, 누군가에겐 재미 없을지도.  "
20180123,10,헨콕 같기도 하고 아닌거 같기도 하고 잘모르게쒀여  
20180123,10,보자.보자.보자.보자.  
20180123,10,"연상호 감독, 역시!!!  "
20180123,10,기대만땅! ㅎ 염력 화이팅!  
20180123,10,비현실실적 설정?? 이라고 악플 씨부리는 놈도 있닼ㅋㅋ .. 마블영화나 헐리웃환타지물은 현실적이냐??? 개짖는소리하고 앉아있네..  
20180123,10,연상호 감독 영화라는 것과 출연 배우들 기대됨..ㅎ  
20180122,1,예고편만 봐도... 어마어마하네. 발리우드보다도 못한 CG에  7번방같은 부성애자극? 한국식코미디 소스... 유치뽕짝 ~ 하  
20180122,1,예고편보니깐 약간 초능력자 삘나는데 ;;; 유치할듯  
20180119,7,예고편 마지막 장면에 발로 도약하는장면발이 땅에서 떨어질때 너무 어설퍼요 그래픽이... 이장면땜에 제 기대 평점은 6.5점정도..  
20180119,10,정유미심은경믿고보는연기파배우들  
20180119,10,국산 히어로물? psychokinesis 류 영화 기대 됩니다. 개봉이 기다려지네요. 파이팅!!!  
20180119,1,이거 아키라잖아. 30년 그것도 30년 늦은.  
20180119,1,그럼 이런 영화가 당연히 비현실적이지 현실적이겠나 ㅡㅡ 생각하는 꼬라지봐라 ㅡㅡ  
20180119,1,별로 기대안되는 내용이네요... 비현실실적 설정  
20180119,8,이거 실화에요????  
20180118,10,연상호 감독님!! 기대합니다^^  
20180118,10,박정민 많이 나오네 ㅎ 흥해라 ㅎ  
20180118,10,웃길거같아요 ㅋㅋ 류승룡 표정 ㅋㅋ  
20180118,10,류승룡 심은경 정유미 박정민.. 출연진 실화냐  
20180118,10,연상호감독  오진다  정유미나오면   않볼수  없지  
20180118,10,이거 완전 존잼삘이다..  
20180118,10,연상호감독님이면 믿고 볼 수 있을듯요ㅋㅋㅋ  
20180118,10,배우들만 봐도 기대되는데 스토리랑 소재까지 참신하다ㄷㄷ  
20180118,10,부산행도 별기대 안했는데 존잼ㅋ이번것도 왠지 그럴거 같다 ㅋ  
20180118,10,심은경 너무 좋아>.<  
20180118,10,한국에서도 다양한 장르를시도하는게 보기좋아요~ㅎ  
20180118,10,색다른 소재와 설정으로 기대되는 영화ㅎㅎㅎ  
20180118,10,초능력이라ㅎㅎ신통방통하네요 ㅎㅎ  
20180118,10,"감독, 배우 이름만 믿고 봐도 평타이상일듯?  "
20180118,10,연상호감독님영화는 항상 독특하네요~ 이번에도 기대하고있겠습니다~~  
20180118,10,예고편 보고 기대중 ㅎ!  
20180118,10,뭔가 초능력은 이제 히어로의 전유물이 되어버려서 이런 소재로 거기다 코미디장르로 나오다니. 색다른 영화가 될 것 같아 기대중  
20180118,10,이번엔 초능력이다!!새로운 소재의 영화 기대합니다  
20180118,10,연상호 감독X류승룡X정유미라면 해외 출연진 안부럽다 이건 완전 흥행 보증수표네  
20180118,10,연기구멍없는 배우들과 다양한 장르를 시도하는 감독답게 초능력이라는 신선한 스토리가 기대되는 영화!  
20180118,10,예고편 코드가 나랑 맞음 ㅋㅋㅋㅋ 보다가 터짐!!기대하고 있어영~~  
20180118,10,나는 저 포스터에 엉덩이부터 벌써 웃겨 ㅋㅋ=ㅋㅋㅋ이 영화 설에 기대된다 ㅜㅜㅜ 넘 재밌을거같아  
20180118,10,존잼예상 ㅎㅎㅎ 류승룡 표정 왜캐 웃기짘ㅋㅋㅋㅋ  
20180118,10,"믿고보는 연상호, 류승룡, 정유미  "
20180118,4,하필 류승룡이야..ㅡㅡ;;; 요새는 친구들하고 연락은 좀 하나?  
20180118,1,예고편은 유치뽕이다.  
20180118,1,믿고거르는 부산행감독 ^^ 내 만원돌려내 ㅎㅎ  
20180118,5,보고나서 판단해도 안늦을듯  
20180118,10,먼데 이거 허경영 어릴적 스토리를 다룬거??  
20180118,10,정유미는 모르겠고 심은경이 진짜 확실히 작품보는 눈이 있지 믿고봐야지 ㅎㅎ  
20180118,6,어차피 CG신과함께 급일듯  
20180118,1,음이건 음 이야 우아앙 후후  
20180118,10,심은경 나오는건 다 잼있엄  
20180118,10,정유미 나온다!게다가 악역!  
20180117,10,장르가 왜 코미디로 되어있지 ? 코미디 영화인건가 ??  
20180117,1,그냥 TV에서 방영하여야할 드라마...?  
20180117,7,그냥킬링타임용으로볼만할듯  
20180116,10,믿고 보는 류승룡 배우와 연상호 감독의 조화~! 기대가 됩니다~!!!  
20180116,10,도대체 인성이랑 영화랑 뭔 상관인지..  
20180116,1,주인공 류씨 비호감...  
20180116,1,>>>> 재미없겠다  <<<<  
20180116,10,정말 기대됩니다~ 시사회 좀  
20180116,1,류승룡 연기 짜증 인성가관  
20180115,5,"내가 요즘 촉이 좋은데, 이건 잘 안될거같다.  "
20180115,2,류승룡 글쎄?  감독은 맘에드는데..  
20180114,1,인성 안좋기로 소문난 류승룡씨 나와서 안볼래요  
20180114,8,나도 감독때문에라도 볼라고 함... 무엇보다 포스터는 정말 잘 뽑은듯  
20180114,10,영화가 이렇게 황당무개해야 재밌지  
20180114,1,영화팬이라면 믿고거르는 류승룡 아시죠?그 x같은 인터뷰 이후로 걍 ㅃㅇ 원래 믿거갑이였지만 확믿거갑  
20180114,1,류승룡씨 예전 방송에 나온 이미지 때문에 별로 안땡기네요...  
20180113,10,연상호 감독님 작품이면 당연히 봅니다 게다가 류승룡 정유미라면.. 안 볼 이유가 없음  
20180113,10,염력이라는 영화가 빨리 개봉을 했으면 좋겠다  
20180113,10,믿고 보는 연상호 감독. . .  
20180113,5,"영화는 아직 안봤지만, <크로니클> 과 얼마나 차이가 있을지 궁금하다.  "
20180113,1,할리우드의 어설픈 답습  
20180112,10,아주 기대합니다^^ 류승룡 화이팅!  
20180112,4,예고편만 봐도 삼류 CG...중국 영화 손오공 급보다 떨어지는듯  
20180111,10,유미언니때문에라도 봅니다  
20180110,10,재밌을거같다 기대됩니다  
20180110,10,일단 보긴 봐야지 신선하긴 하니까  
20180110,10,재밌게 봤던 연상호 감독님의 영화이고 탄탄한 연기력을 갖춘 배우들이 출연한다니까 기대되네요. 기대에 부흥하는 영화이길 바랍니다~  
20180110,10,이런 도전 좋다.. 류승룡 기모찌가 실현되는것인가  
20180110,8,한국판 히어로물의 OO점이 된다면 거기서 의미가 있겠으나  주인공을 1톱으로 놓는게 아닌 크로니클 처럼 3인or4인 으로 두어서 대립구도를 만들어 나가는게 좋았을거 같다  
20180110,1,류승룡만 아니었음 기대할텐데.. 류승룡은 그냥 이제 7번방밖에 안떠올라서 싫다..  
20180109,10,"연상호감독작품에다가 류승룡,심은경 이라니 거기다 정유미까지^^이 영화 꼭 봐야지ㅎㅎ  "
20180109,1,뭔가 안땡김 염력이라 반반임 흥행아님 바닥  
20180109,10,기대 기대 - 연상호감독님 !!!배우들!!! 좋아요!!! 박정민 김민재!!!  
20180109,10,그래 이거지 남들이 안 가는 색다른 장르도 누군가가 개척을 해 줘야지 뭐든 처음으로 시작하는 게 신선해서 히트 친다--연상호감독님 응원합니다.  
20180109,8,예능에서 웃자고 얘기한걸 죽자고 덤비는 사람들은 뭐냐 진짜 그사람 인성을 아냐?다른 사람 말듣고 생각하는 니들 인성부터 생각해라  
20180109,4,유치해서 흥행하진 못할거 같다  
20180109,10,"한국 영화는 믿고 거릅니다,... (곡성,신세계,살인의추억,올드보이 제외)  "
20180109,1,신과함께를 이을 B급영화가 또 나오나보다  
20180109,1,류승룡 인성 때문에 안본다ㅡㅡ캐스팅 실패  
20180109,6,"연상호 작품이라 기대는 한다만, 캐스팅이 미스.. 류승룡 충분히 훌륭한 배우라는것 알고는 있다만, 과연 주인공으로 적합한 인물인가의 답은 의문. 하지만 신과함께에 이은 다음 판타지물에 기대에 한표를 던져본다.  "
20180109,1,"연기 잘하고 인성 좋은 배우 많을텐데,, 왜 하필 인성 바닥 류승룡을;;  "
20180109,10,크로니클보다 재밌을려나??  
20180109,1,내가 윤겔~~!ㄹ 윤겔란데 내 앞에서 염력 함부로 쓰지마라.  
20180109,1,남자주인공이 아~~~라스에서 주변 인성을 보고는 흠~패스해야지  
20180109,1,부산행은 노잼이었는데 이건 기대해봅니다  
20180109,1,알바들 할 말 없으니 정유미타령만 하네ㅋㅋ  
20180109,6,예고편만봐도 졸작인지 알 수 있다  
20180109,10,2014년 4월16일  정말영화속에 나오는 염력을 갖은 자가 있었다면 더 많은 아이들을 구할 수 있었을텐데.. 라는 아쉬움이 남네요. 평범한 일상속 지극히 평범한 스토리 전개.. 참 기대되는 영화입니다.  
20180109,10,류승룡씨 기다렸는데ㅎㅎ 기대되네요~~^^  
20180109,10,"헐리웃빠가 많구나...;; 한국영화는 매번 똑같다고 욕할떄는 언제고,  막상 다른 장르 도전하면, 깍아내리고 비교하기 바쁘구나...에휴  그저 틀에박힌 똑같은것만! 안전한것만 추구하는 다람쥐같은 것들..  "
20180109,8,"류승룡 기모찌!  .,.,.  "
20180109,1,"한국에서 뭔 초능력,SF영화람.. 맨날 가난한,불행한이야기가 대다수더니 근데 ㅋㅋㅋㅋ서양이면몰라도 한국에선 SF 진짜안어울리긴한다  "
20180109,2,CG가 많이 어설퍼보이는데..  
20180109,6,그냥 염력쓸땐 그냥 그랬는데..  날라다니는거보니 불안하내  
20180108,5,아...감독은 좋은데...배우가....아.  
20180108,10,소재며 감독이며 배우며 딸리는게 하나도 없네요. 기대됩니다.  
20180108,10,전  연상호 감독을  믿습니다.^^절대  평범하지  않는  대범함 ^^  
20180108,6,미국영화 핸콕 따라한거 같은 느낌이 들지  
20180108,10,시사회이벤트는 언제쯤 뜰까요?  
20180108,7,1월에 가봉한다면서 개봉일은언제나오나요 개인적으로 이거말고는 기대작이없는데  
20180108,6,내용은 괜찮은데.. 제 2의 영화 초능력자 될까봐 걱정된다  
20180108,10,만화같은 연출 연상호 감독이라면 재미있게 볼 수 있을 것 같은 염력 10점 줄 겁니다!!  
20180108,1,배우의 인성... 둘째치고 류승룡 7번방 이후 몇년동안 다 말아먹었고 심은경 수상하그녀이후 국밥집 차렸고. 예고만 봐도 폭망각이네요  
20180107,10,심은경 팬인데 잘거렸다 ^^  2연타석 홈런을 칠것인가??  
20180107,10,오오..연상호 하면 믿고 봅니다  
20180107,10,감독이 영화마다 역사를 쓰고 있다 보기싫어도 보고 싶다..  
20180107,10,감독이 염력이 있는듯.. 불붙었다 영화 계쏙 만들어 주세요  
20180107,10,20OOO에 첫 블록버스터 :) 초대박예약  
20180107,10,묻고 따지지 않고 개봉일 예매각  
20180107,10,와우 생각지도 않았는데 부산행 감독 ㅎㄷㄷ  
20180107,10,나도 초능력갖고 싶은데.. 이거 잼나것다  
20180107,10,또한번의 새로운 장르로 1000만 갑시다 감독님  
20180107,10,포스터도 글고 예고편도 먼가 삘이온다 ㅎ 기대기대  
20180106,10,심은경 배우님이 저번 부산행도 나온걸로 아는데 이번에도 염력에도 나오다니 빨리 보고 싶다  
20180105,10,재밋겠는데 웃기고 개꿀  
20180104,7,15년전 아라한장풍대작전이 있었지요. 재미있었는데 ..  
20180104,1,빼박 엉성한 cg로 망함  
20180104,1,서울역 감독은 믿고거름  
20180103,10,평소에 히어로 무비 좋아하면서 한국 히어로 무비 꿈꿔왔습니다. 어떻게 될지 궁금하네요. 얼른 개봉해라!!  
20180103,10,와 정유미 악역이라니 무조건 보러간다 ㅋㅋ  
20180103,10,연상호 안 나오면 무조건 본다  
20180102,10,소재가 일단 신선하잖아 ㅎㅎ안볼수가없다 감독도 부산행 감독이라고 하니 더 기대가 됩니다  
20180102,9,크로니클 생각나는건 나뿐임?  
20180102,10,박정민 배우 파수꾼에서 인상깊게 봤는데 작품소식 뜸했었는데 나오시네요! 꼭 극장가서 볼게요  
20180101,10,사실 저도 염력 정도는 할 수 있는데요으어어어~~~ 아...!!! 이건 염병이구나... 지송함돠  
20180101,9,옛날 화산고그리고 대장풍대작전인가  생각나네  비슷비슷한디 ?그래도 재밌긴 하겄네  
20180101,10,서민층에 서서 시원시원하게 염력으로 사이다 능력과 부녀간에 깊은 사랑을 표현하고 싶은건가?  어떤 스토리로 갈지 모르지만 7번방의 류승룡님의 코미디 장르라고하니 뚜껑은 열어봐야 겠네요. 개인적으로 부산행 팬으로써 기대 중~^^  
20171231,10,류승룡 기모찌!!!!  
20171231,10,연상호 감독 두 번째 장편영화  기대된다..  
20171231,1,류승룡 심윤경 비호감이라 ;;;;  
20171230,10,배우들의 조합도 기대되고 감독도 연상호씨니까 재밌을듯  
20171230,10,배우 캐스팅이 최고네요 ^^! 연감독님 신작이라면 당근 봐야쥬  
20171230,10,매그니토임?....  
20171227,10,왜 심은경이 주연이고 정유미가 조연이냐 쨋든 정유미 나오니가 봐야지  
20171226,7,"초능력 액션물인것같은데 장르가 코미디라니.. 이런 영화는 어정쩡해질 가능성이 높음. 염려가 되는게 아예 초능력 장르면 액션으로 가지, 코미디로 가버리면 둘다 욕심내다 둘다 어정쩡해져버리는 영화가 될거란거. 하지만 부산행을 감독한 연상호라니 일단 모름.  "
20171226,10,올만에 걍 편히 웃는영화보고싶어요~~기대합니당....ㅎ  
20171225,10,연상호 감독 님~~~ 안녕하세요 부산행 잼나게 봤음~~★ 또 히트작 만드실려고요?  
20171225,6,류승룡씨 때문에 꼭 보긴 할겁니다만... 감독님 제목 잘못지으신거 아니예요? 염력 말고 턱력 아님? ㅋㅋ 온갖 주걱턱배우들 다 모모아놓은듯ㅋㅋ  
20171224,10,짜릿해 늘 새로워 연상호 감독이 최고야  
20171224,9,초능력영화 그전에다른영화본기억이나는데!!히히히히  
20171224,10,"정유미 덕에 본다. 왜냐 섹시하니깐, 그리고 내가볼땐 정유미가 다했다  "
20171223,8,류승룡기모찌!!!!  
20171223,10,맨날 검사형사범죄정치남북 정말 지겨워 죽겠어요 저에겐 연상호감독남밖에 없어요!!  
20171220,10,대박 꿀잼각!!!^^*  
20171220,10,새로운 시도 기대 됩니다!  
20171220,10,내 아내의 모든것 때부터 너무 팬인데!!진짜 너무 기대됩니다. 연초를 행복하게 보낼 수 있을듯 싶네요 ^^  
20171220,10,대박 대박!!! 최고의 영화가 오셨다  
20171220,10,기대된다! 정유미 너무 이쁠듯ㅎㅎㅎ정유미 짱~~~  
20171219,1,류승룡 때문에 1점주고 인터넷으로 봐야겠다!  
20171219,9,설마 초능력 부리다가 예승이 부르는거 아니야?  
20171219,3,ㅋㅋㅋ 류승룡  이불킥 출연작이 한편 더 늘어날듯  
20171219,1,방학이라 인심쓴다. 50만 본다.초능력..  이런거 안통한다.뭐 남주인공이 강동원급이면 200백만은 가것지만.경쟁작들이 너무 쎄다.  
20171219,6,영화 핸콬인줄알앗네 ㅋㅋㅋ  
20171219,1,나를 위한 영화....??  
20171218,10,류승용 나오면 디지지 꼭 봐야된다 무조건!!!!  
20171218,1,캐스팅 잘못된듯... 염력 주인공은 정성룡인데..  
20171218,10,심은경 류승룡 케미기대합니다!  
20171218,2,이런 영화 예전에도 있지않았나?  아리한장풍대작전인가.. 류승범나오는 영화.  걍 비슷한 B급 코믹액션같은데 왠 오바들이 이렇게 심하지.. 부산행 감독이라 그런가  
20171217,8,장르가 코미디인데 먼 크로니클타령이야..  
20171217,10,포스터만 봐도 웃기넼ㅋㅋㅋㅋ  
20171217,10,기대되요!!!! 왕왕재밋을거같아용  
20171217,10,심은경 나오면 믿고 봅니다ㅎㅎ  
20171217,10,G    O   D   승룡 ~~~!!!  ♡_♡ 초능력 기대 해볼만한 영화^^  
20171217,10,초능력이라..~~ 쉽지 않을텐데`~~ 기대는 해볼라요 ㅋ  
20171217,9,예고편 900만..실화냐?  
20171217,10,기대된다 ㄷㄱㄷㄱ 얼른 개봉해라  
20171217,10,초능력!! 상상했던 상황이 현실로?ㅎㅎ 기대기대  
20171217,1,"한국에서 초능력 cg영화라니. 할리우드 기술을 따라갈순없으니 그거 흉낸 안냈을거고, 가슴따듯한 가벼운 영화겠네. 그 뭐지  7번방의 선물처럼 가벼울거같아. 감옥에 애들여놓고... 꿈같은 얘기.   초능력이란 소재가 그렇게 소비되는건 난 별로  "
20171217,10,믿고 기다립니다^^ 좋아하는 배우들 많이 나오네요^^  
20171217,8,부디 신파가 아닌 크로니클같은 영화하나 나오길 기대합니당~~  
20171217,10,드디어 개봉하나 보네요  
20171217,1,정말 재미있네요 10점~  
20171217,10,오오 기대기대~^^ㅎㅎ  
20171217,10,맏고 보는 배우들 총출동  
20171217,10,감독님 부산행2는 언제 나오나요?ㅠㅠ 기다리고 있어요ㅠㅠ.. 염력도 재밌겠죠??  
20171217,10,솔직히 심은경보단 윰블리때문에 넘넘 보고싶음>.<언니 넘 조하여♥  
20171217,10,언제부턴가 믿고 보는 NEW..  
20171217,8,상상력이 권력을 쟁취한다.. 염력 가즈아!!  
20171217,7,몇세인가요??(궁금)  
20171217,1,댓글보소 ㅋㅋ  무슨  나는알바다 하는거냐.. 창의력이없는거냐 ㅋㅋ  소오름  
20171217,10,너무 재미있습니다 기대이상!!  
20171217,10,기대중!!!ㅋㅋ 류승룡이라니이이  
20171217,10,연상호 감독님 또 천만 ㄱㄱ?  
20171217,10,예고편보니까 기대기대  
20171217,10,궁금하네요 기대하는중입니다~  
20171217,10,완전 기대됨!!!빨리 보구싶어어어어  
20171217,1,이게그류승룡기모찌냐?  
20171217,10,개기대중이다 빨리개벙해라  
20171217,10,"클로니클급 영화, 미묘한 인물감정신 등 기대가 크다  "
20171217,10,"연상호감독이라서 +5, 정유미라서 +5. 티저보고나니 더 보고싶습니다. 연상호감독 애니메이션 특징이 현실의 어두운 면을 잘 녹여내서 현실감을 높이고 공감도를 올리는 능력이 발군이라 생각했는데, 판타지에서도 통할지 영화로 보겠습니다.  "
20171217,10,기대하고 기다리던 영화입니다  
20171217,5,초능력자란 영화가 있었지. 개망했지.  
20171217,10,정유미 영화너무 기대중 ㅋ  
20171217,1,류승룡 주연은 반드시 걸러야됨  
20171217,10,오 재밌을 것 같은데..  
20171217,10,크로니클같은건가 기대됨  
20171217,10,완전 기대되네요..빨리 보고싶어요!  
20171217,10,염력 완전 기대중입니다  
20171217,9,염력으로 류승룡 기모찌  
20171217,10,점퍼생각나네 ㅋㅋ 점퍼반만가도 대박이지  
20171217,1,좀 임팩트있는 배우좀쓰지 유승룡 나쁘진않은데 에휴 여주도 심은경이네 일단 배우만 봐선 노답 B급영화 예상되네  
20171217,2,믿고 거르는 연상호.. 영화에 뿜어나오는 그 싼티는 지울 수가 없다.  
20171217,1,영화보고 취향에 안 맞으면 수준 낮아지는거 아냐?  
20171217,9,어릴때 아라한장풍대작전 잼나게봤는데 .. 그런류 영화였음히ㅡ네요  
20171217,3,이거 다음웹툰에 강풀작가님 무빙이랑 브릿지랑 비슷한가이닌가요..? 첨에 포스터보고 원작이 무빙 웹툰인줄.. 표절인가요..?  
20171217,4,미스터고의 전철을 밟을듯..  
20171217,10,연상호감독님...기대된다.  
20171217,10,류승룡님 영화 대박 기원!  
20171217,5,새로운 도전은 좋은데 예고편만 봐도 그냥 딱 한국스럽다...  
20171217,10,ㅎㅎ 이런 소재 너무 좋아요~~ 다른 어떤 영화보다 기대 됩니다 ㅎㅎ  
20171217,10,그래 맨날 형사 깡패 검사 영화좀 그만 만들고 이런 장르 영화좀 만들어라~  
20171217,8,정유미가 조연이네 ..  
20171217,1,류승룡 인성논란되고 뭍히더니 올만에나오네  
20171217,9,초능력물 너무 좋아함 ㅋ  한국도 잘 만들어서 시리즈물로 나오면 좋을텐데  
20171217,5,미스캐스팅  류승룡씨 이미지에 맞는 작품이 아님 ㅡㅡ;  
20171216,10,축하드립니다 천만관객이옵니다  
20171216,10,CG가 얼마나 자연스럽냐가 영화 흥행의 여부겠꾼....신과함께도 그렇고  
20171216,9,"류승룡 오랜만에 나오네,,이번엔 흥행 해야지,,광해이후 계속 실패작이엇는데,,진짜 오랜만이다,,  "
20171216,5,글쎄 부산행도 결론은 진부함을 버리지 못했는데 ktx에 좀비라는 거 빼고는 모든게 진부한 영화였지 지금 예고편만으로는 애매하긴 하지만 음악도 왠지 들어본듯한 느낌에 중국풍cg느낌은 구리다 칠백만 이상은 찍겠지 감독배우배급사빨  
20171216,10,허경영 : CG? (피씩)  
20171215,6,오래간만에 코미디 영화로 돌아오는 심은경의 연기가 기대되요.예고편속의 장면도 흥미롭고 줄거리도 나쁘지않은것 같아요.  
20171215,10,뭔가  재개발을 막무가내로 하는 정부를 비판하는  차가운 메세지를 섞은 블랙코미디 영화인 삘인데 재밌겠네용  
20171215,10,장르가 코미디..그래도 믿고 간다..  
20171215,1,자기 나온 영화 안본 관객들 수준이 어쩌니 하는 배우는 믿고 거름  
20171215,1,류승룡 라스보고 진짜 비호감..  
20171215,1,아 이감독 영화못만들기로 유명한데 ㅡㅡ 좋은소재다 망치겠네  부산행 서울역 좀비물을 액션 신파 짬뽕 발암물로 쳐만들더만 좋은소재가지고 또 쓰레기영화한편 만들겠네  
20171215,10,박정민 정유미..게다가 연상호감독 무조건 기대됩니다^^  
20171215,10,많이많이 기대되네요~!  
20171215,1,류승룡 더 떠서 부모한테도 나 전화 안받는데 이래라 ㅋㅋ  
20171215,10,이거 몇세 관람이에요?  
20171215,6,크로니클 따라만든거 같다는 생각을 지울수 없는 예고편.. 과연..  
20171214,5,제발 억지 신파감동이나 어거지로 넣지마라  
20171214,10,류승룡 기모찌 ~~~~  
20171214,10,대박! 부산행 감독님에 류승룡이라니!! 완전 기대됩니다!  
20171214,10,한국판 히어로 어떻게 나올지 기대된다ㅋ정유미의 악역이라니  
20171214,10,연상호 감독은 소재가 늘 파격적이넼ㅋㅋㅋ  
20171214,10,이번에도 역대급일듯 ㅋㅋㅋㅋ  
20171214,1,포스터와 예고편만 봐도 망삘이네요...  
20171214,10,우리나라에도 제대로된 초능력 영화가 나오나? 진짜 싼티나는 장면 널빠에 다편집하고 고퀄리티랑 코믹요소하고 진지한 내용만 넣으시길. 덕지덕지 이것저것 다쑤셔넣으면 개아류작 되버립니다 감독님  
20171213,10,연상호 감독님이 차기작으로 또 다시새로운 타입의 한국영화계 장르+ 아무래도 철거와 관련된사회고발+미친 캐스팅+어차피 천만관객!!!스러운 영화를갖고 오셨다는거죠  
20171212,10,연상호 감독님 부산행 잘봤습니다. 이번에도 재미었으면 좋겠어요^^  
20171212,10,심은경 나오면 무조건 봐야해♡ 이번엔 좋은 작품 만낫길 바래 은경아~^^♡  
20171212,10,메이플 키네시스 실사판이다!!  
20171211,10,심은경 너무 좋아~ 약간 요런 특이한거 많이 나와서 더 좋아~  
20171211,10,와 오랜만에류승룡나온다  
20171211,9,소재보고 할리우드 초능력영화 클리셰 짜집기 덩어리일것 같았는데 장르가 코미디라니 매우기대된다.  
20171209,8,연상호 감독이 만든거라면 당연히 봐야징염력이라는 단어가 훅 끌려서 클릭해보니연상호 감독 작 키햐아아~~  
20171208,10,이런 창의성 있는 감독들에게 응원좀 많이 해줬으면..  
20171208,7,아 다좋은데 남주가 너무 아쉽다 류승용이 모냐 ㅠ  
20171206,10,그는 지난 시즌 첫 번째 미니앨범 타이틀곡 못된 송아지  
20171204,1,이런거 좀 만들지 마라 휴...  
20171204,10,이거 강풀 웹툰 배낀 티가 나는데요?  
20171203,10,한국 영화의 새로운 지평을 열어주세요  
20171128,7,장르가 코미디라....애매해 보인다...  
20171123,10,심은경 좋아요!! 수상한 그녀때 연기잘하서 기대중!  
20171119,7,부산행처럼 잘 될까나?  
20171115,8,근데 왜 염력이라는 주제로 코미디이지??..  
20171113,10,류승룡 배우님과 연상호 감독님의 만남만으로도 대박 예감 입니다 !!  
20171110,10,박정민 화이팅!! 꼭 보러가겠습니다!  
20171110,10,이건 영화관가서 꼭 본다.  
20171108,10,류승룡 배우님 심은경 배우님 영화 대박!!  애정합니다^^  
20171108,10,기범이 화이팅!!!! 대박난다♡♡  
20171107,10,기다렸습니다 류승룡씨. 연상호 감독과 함께 진부한 충무로에 큰 거 한 방 먹여주세요  
20171102,10,류승룡 기모찌~~~!!  
20171019,10,류승룡 류승룡 류승룡 대박나길  
20171015,10,한국 초능력 영화 크로니클처럼만 되도 대박이다. 근데 장르가 코미디? 불안한데.... 억지감동만 나오지 말아라 제발  
20171011,9,명대사란을 왠 급식충들이 흐려놓냐  
20170920,10,제2의 부산행이 탄생 되기를....  
20170912,9,장르가 코미디라 걱정된다.  
20170903,10,무엇인가 기대됩니다.  
20170818,10,류승룡 화이팅!! 이번 영화 재미있겠다!  
20170816,9,"막연히 정유미 출연작이라서 보기보단 탄탄한 연기력을 갖은 배우들과 '부산행, 돼지의 왕, 창'의 연상호 감독때문에 더욱 보고싶다  "
20170802,9,그냥 보고싶다 재밌을듯  
20170802,10,심은경 나온거는 극장에서 다 봣습니다. 귀여운 심은경 대배우~!  
20170731,10,코미디하니까....모브사이코 생각나네...  
20170730,10,악역으로 나와도 귀여울거 같다 정유미  
20170704,9,심은경 출연영화는 닥치고 봅니다.  
20170702,5,뭔가 노잼일거 같은데 연상호감독작품  
20170617,1,"'부산행' 제작사, 감독. 이번엔 또 얼마나 말이 안 되는 걸 만들려고~  "
20170613,10,"정유미 사랑해 ,!!! >.<ㅎㅎ  "
20170602,10,"부산행,서울역영화에서 나온사람 여기 다 나오네  "
20170523,10,유미누나 나오는것도 그렇지만 승룡이 형님때문에 본다겐지 잘썼습니다  
20170515,10,박정민 배우님 너무 너무 좋아요!! 기대 할께요 화이팅!!  
20170414,10,연상호 감독님! 이미지 변신 제대로네요!! 코미디영화라니...ㅋㅋㅋ  
20170413,10,심은경님 하고 류승룡형님 나오니까 믿고 봐야겠다 ㅋㅋ  
20170406,10,부산행처럼 흥행하길바랍니다!!  
20170327,10,정유미 나오면 무조건 본다  
20170317,10,부산행 감독이시니 믿고봅시다!!  
20170316,10,이거 기대되네 기다리고 있겠습니다~  
20170307,10,심은경배우 팬이라서 기대되는 영화입니다!  
20170301,10,심은경 나오는건 다 본다! 넘 좋아하는 배우  
20170228,10,연상호 감독님이라니 완전 기대됩니다 ㅎㅎ  
20170225,10,배우들의 연기가 기대됩니다  
20170224,10,유미누나 나온다면 필수관람..나온다면 악역일거라는데 기대합니다.  
20170224,10,영화인가요? 애니메이션 인가요? 뭐 어느 쪽이든 기대할꺼 지만요  
20170224,10,실제 어디 동네를 모티브로 제작되는 영화라고 하던데 주인공의 초능력 영화라 기대되네요!!  
20160912,10,"연상호다 이름만으로도 가슴이 벅차오른다. 염력, 초능력은 그저 거들 뿐 항상 메세지가 있는 영화를 남긴다 그는, 중요한 것은 그가 말하고자 하는 것이다.  "
20160827,10,류승룡님 이번 영화 대박나길 바랍니다~~ 류승룡 화이팅  
20160827,10,서울역은 진심 부산행 프리퀄로 아니었어요.. 부산행은 재밌게 봤습니다 감독님감독님께서는 우리나라의 다양한 영화종류를 개척하는 계기가 될것 같습니다 응원합니다.  
20160827,10,초능력영화라면 한국형  크로니클 급처럼 만드면 초대박친다  
20160827,10,드디어 우리나라도 이런 장르에 도전을 하는군요!꼭 잘 되어서 우리 한국 영화계에 새로운 길을 열어주시길 바랍니다! 응원합니다~~  
20160826,8,이름부터가 루미 ... 오글거리지않길..  
20160826,10,이거 먼영화냐?...  
20160826,10,연타석 홈런을 칠것인가  
20160826,10,진작에 이 배우들로 더빙아닌 실사로 찍길바랬는데  차기작에서 보는구만  
20160826,1,서울역꼴난다 그만해라.. 흥행하면 내가 손에 장을지진다  
20160818,10,부산행처럼만 만들어주세요  
