0,1,2
20170404,10,진짜 김윤진은 이런영화는 최고다.. 한눈팔면 안되요 ㅎ  
20170404,10,3년만에 복귀작을 스릴러~ 완죤 기대해요 누나  
20170404,10,김윤진의 갓스릴러는 역시나.. 보는데 표정하나하나 섬짓  
20170404,10,오랜만에 기대작이 나왔네요. 그냥 더 안보고 내일 바로 보러갈랍니다.  
20170404,10,캐스팅 지리네 ㅋㅋ 은근히 조재윤도 진짜 연기 잘하고  
20170404,3,시사회보고왔는데 .... 글쎄요 좀 ㅠㅠ  연기가 어색했어요..ㅠㅠ  
20170404,7,출연진은 나쁘지 않네.. 조금 기대됨  
20170404,10,내일 개봉이네요.믿고보는 김윤진씨 영화라서 빨리보고 싶네요좋아하는 장르라서 더욱 기대됩니다.  
20170404,2,네 제스타일은 아니에요 ㅠㅠ죄송해여 배우만 좋아요 택연은...아니구여  
20170404,10,'김윤진' 그녀의 오랫만에 보는 멋진 연기...'옥택연' 아이돌의 연기도 이정도 한다라고보여주는..  
20170404,10,오랫만에 볼 만한 영화가 나왔구나~~~  
20170404,1,김윤진 때문에 그나마 1점..택연 연기 목소리 톤 존나 오그라들더라 하 택연아 제발 춤만춰라  
20170404,10,한정적 공간에서 벌어지는 스릴러의 표본같은 영화!  
20170404,10,기대기대왕기대 대박기대  
20170404,10,빨리 개봉했으면 좋겠어요  
20170404,10,김윤진씨 연기 너무 기대돼요! 이런 한국 스릴러 간만이라  기대가 큽니다 :)  
20170404,10,보는내내 깜짝 깜짝 놀랐어요김윤진님 연기는 역시 쵝오!!김윤진님 연기보며 놀라고 옥택연씨 보면서 마음의 평화를 ㅎㅎ  
20170404,7,제목그대로. 연기들은 대박! 의도하지않은 코믹함까지  
20170404,10,반전의 반전이있는 영화!!!  처음부터 끝까지 어느 한장면 놓칠수없는!!  감동까지 갖춘!!!  최근본영화중에 우와 잘봤다 잘만들었다를 연신 말하게 만들었던 그런영화!! 이런영화를 볼수있었던것에 매우 만족의만족!!! 를 준 그런영화~♡  
20170404,2,제취향은아니네요... 공포를 원해서 봤지만 그냥 그냥 뻔한....  
20170404,10,시사회다녀왔는데~ 초반 캭캭 소리지르면서 심장 쫄깃하게  보았어요~역시나 윤진님의 연기력은 최고최고~그밖에 배우들의 연기도 감탄했어요~이스토리가 어떻게 마무리 되려나 의문을 갖게되는 찰나에 하나씩 이해와 감동에 감동이 전해오면서 눈물이핑~ 엄마생각이…  
20170404,10,김윤진과 요즘 핫하게 치고 오는 조재윤까지 ..  
20170404,10,미스터리 추리극 올~ 궁금하다! 예고편 보니까 더 궁금함! >_<  
20170404,10,"공포는 싫어하는데 .. 검은사제들 보고 이런 영화는 괜찮겠다 싶었는데, 시간위의 집도 괜찮을듯!  "
20170404,9,이런 소름끼치게 스릴있는 영화가 더 무섭더라  
20170404,10,막 무서울것 같진 않은데 은근히 소름 쫙 끼치게 만들 영화느낌  
20170404,2,왠지 끝이 허무할것 같은느낌..영화프로에서 봤지만 긴장감도 별로..  
20170403,3,"정처없이 부유하던 것은 비단 그 ""집""만은 아니었다네.  "
20170403,9,올해 처음으로 봤던 스릴러물 더큐어 보다는 훨씬 재미있었다.잠깐씩 보이는 공포스러운 분위기도 있었지만 그다지 무섭지 않았고 제목에서 느껴지는 분위기를 연상하면서 영화를 본다면 이야기를 어떻게 풀어나갈지 궁금증이 더 할 것이다.  
20170403,10,감독님의 전작에서 봤던 과감하구 살벌한표현을 이번작품에서도 느꼈으면해여  
20170403,10,김윤진의 표정변화들은 소름을 불러 일으킴 ㄷㄷ  
20170403,10,우리나라 공포도 이제 꾀 볼만해 진다는걸 느낄수 있음  
20170403,10,영화보는 내내 퍼즐 맞추듯 정신없이 보게되네요  
20170403,10,100분이 지루하지 않게 오싹하니 몰입감 좋아요  
20170403,10,김윤진 연기 미쳤네요 ㅠ.. 이번 복귀작 닥추  
20170403,10,오랜만에 몰입하며 본 영화네요~  
20170403,5,공포. 미스테리+ 신파극. 깜짝 반전에 다같이빵터짐 ㅋㅋㅋ감독님의 머리속이 더 궁금해졌다..  
20170403,10,반전이 매력적인 영화였어요! 배우들의 연기력도 좋았습니다!  
20170403,8,김윤진의 연기가 돋보였네요. 중후반부부터는 집중해서 보지 않으면 이해 안되는 부분이 생길 것 같아요. 한장면도 놓치지 말고 보시길  
20170403,7,무섭고 재밌네요.^^;  
20170403,1,뭐라고 해야 할지 모르지만 허무  
20170403,10,김윤진 배우의 멋진연기를 볼수 있는 영화.믹판 반전이 있음. ㅋㅋㅋ  
20170403,8,과하지 않은 서스펜스가 좋았다.  
20170403,10,공포 스릴러물.추천합니다  
20170403,9,와~~~스릴러라고 들었는데~~공포에. .웃음?재미와 감동도 있네요~~  
20170403,9,후기가 기대되는 영화! 시간 가는 줄 모르겠어요!  
20170403,10,재미있내요반전입니다  
20170403,9,모성애와 귀신의집.시간가는줄 모르고 보았네요  
20170403,7,여전사에서 엄마로 돌아 온 김윤진...^^  
20170403,7,좋아요. 연기자들 최고연기.짱  
20170403,8,김윤진씨 영화 오랜만인데 연기 봐서 좋았어요  긴장감 있네요 !  
20170403,8,시간을 초월한 자식사랑 감동이네요  
20170403,8,시간을  초월산 자식의 사랑  
20170403,7,볼만합니다.김윤진씨 연기  
20170403,8,섬뜩한 구성 스릴러물 괜찮아요  
20170403,4,스릴보다는 공포영화에 가까운 영화이다  
20170403,8,김윤진님 역시 연기 너무 잘 하세요!!!  
20170403,10,김윤진씨 연기 최고 ! 가족과 보면 더 좋을영화같아요  
20170403,10,여러 감정으로 볼만함 추천해요  
20170403,8,"김윤진, 옥택연 연기 짱입니다.  "
20170403,7,스릴 그리고 반전^^조금의 황당함  
20170403,7,재미는 있었는데 중간에 실소가 나오네요;;  
20170403,9,옥택연은 어색하지만 김윤진의 연기에 소름  
20170403,10,김윤진  연기 오랜만에 잘 봤어요  
20170403,10,재미있네요ㅡ많이보세오  
20170403,10,재밌어요즐거워요♡♡  
20170403,10,흥미롭게 잘보았어요 ㅋㅋ  
20170403,7,이렇게 웃기고 재밌는 스릴러는 처음!  
20170403,9,김윤진배우의연기가매우돋보이는영화네요  
20170403,10,짱이예요!스릴넘쳐용ㅠㅜ  
20170403,10,재밌네요 오싹하네요 무서워요  
20170403,7,무섭고 감동적이네요~  
20170403,9,웃기고 슬프고 무서웠던 영화입니다  
20170403,8,엄청난 반전이 있어요...  
20170403,9,정말로 대박입니다 공포체험 하고 싶으시다면 한번 보세요  
20170403,7,누구나 꿈꿔봤을 시간 속 자신과의 재회  
20170403,10,시간위의집 굿굿입니다  
20170403,9,시간위의집 잘봤습니다  
20170403,8,긴장스릴있으나 마무리아쉽다  
20170403,8,월드스타 김윤진 출연의로 기대감 UP 영화에 대한 실망감은 DOWN 스크린으로 직접 확인 강추!!!  
20170403,10,소름돋았다.. 무서웠다..  
20170403,9,하우스미스터리 스릴러..좋아하는 장르입니다.월드스타 김윤진배우님..너무 기대합니다^^  
20170403,3,뻔한게 아닌가싶고... 난 이 3점은 온전히 김윤진 ; 그거말곤 뭐없을삘이다~  
20170403,8,후반 약간의 아쉬움 그럼에도 몰입도 최고  
20170403,1,이런거 좀 만들지 마라 휴...  
20170402,7,스토리도 탄탄하고 긴장을 놓치지 않고 끝까지 볼수 있어 좋았으며 반전까지 있어서 좋은 영화였음  
20170402,8,"무서운거 잘 못봐서 초반엔 눈가리고 심장졸이며 봤는데,나중엔 왠지모르게 눈물이ㅠ  "
20170402,10,연기력이 정말 ㅎㄷㄷ 하네요 역시 허리우드 여배우  
20170402,9,김윤진이라 몰입하고 100분이 알차게 지나간거 같아서 좋은 시긴보내고왔네요!  
20170402,10,주위에서도 엄청기대하고 있는 스릴 빨리개봉하면 보고파  
20170402,10,역시 믿고 보는 갓윤진 최고였어요!!  
20170402,10,김윤진의 연기의 깊이는 소름그자체..ㅠ  
20170402,10,씨지브이 이벤트 보고 옴 반전짱 좋구요 신선한충격 감동도 있어서 추천함..욕먹을 영화는 아닌듯함  
20170402,1,오늘 시지브이 OO고로 영화 봄. 무섭지는 않고 깜짝깜짝 놀라는 장면들이 많음 연출 별로에 개연성 밥말아먹음. 의아한 장면들이 많았는데 스포라서 말안하겠음. 옥택연연기못함...제 돈 주고 봤으면 욕할뻔.  
20170401,10,시사보고 오는길에도 손에 땀이 날정도로 김윤진씨 정말 연기 잘하네요..  
20170401,10,엄마의 사랑은 다시 죽을 지언정 자식을 살린다 눈물나요  
20170401,9,공포심 유발에 부모의 마음까지 느끼며 모성애가 눈물 짖게 만드는 ㅠㅠ  
20170401,10,주인공의 심리적이 요소에 같이 몰입해서 보면 재미 두배보장입니다  
20170401,10,김윤진의 명 연기로 시간 가는 줄 모르고 봤네요.  
20170401,9,그냥 시시한 공포가 아니라서 보고싶다능~  
20170401,3,스토리가 보자마자 예측이되네요  
20170401,10,"긴장감 최고, 엔딩에서 터지는 포텐!!  "
20170401,3,아...놔.... 스포하고 싶네...개봉하면 진실은 밝혀진다... 평점 9점대?? 하하...감독의 전작들을 보면 짐작 됩니다...  
20170331,8, 완전 호러물은 아니고 모성에 대한 영화?? 호러물매니아들한테는 좀 약할듯ㅠ마지막엔 눈물도 흘리고ㅠㅠ  김윤진연기가 아주 훌륭했고걱정했던 택연이 연기 자연스러웠고  큰아들눈물 연기도 좋았고요근데 편집이 조금아쉬운듯 해요.쫄보들에겐 괜찮은 영화인듯!!  
20170331,10,시사회다녀왔어요 박진감. 스릴. 긴장감 모두 만족했습니다.간만에 웰메이드영화 나왔네요  
20170331,10,시사회 본 사람들이 재밌다고 해서 완전 기대 중  
20170331,10,어제 시사회에서 봤습니다. 소리지르다 웃다가 울다가 난리도 아니였습니다. 간만에 영화다운 영화 봤습니다.  
20170331,10,옥택연이 아들 일것 같은 느낌이드네  
20170331,9,김윤진 의 그르렁거리며  공포 에 질린 모습 이 인상적 이고  시간의 교차로 색다른 스토리 구현 좋아요  
20170331,1,예..?? 웨..웰메이드요?ㅋ... 왜메이드 영화임  
20170331,5,모두 배우분들 연기 최고예요 ~~^^  
20170331,8,"시사회 다녀왔는데,, 김윤진 연기가 정말 볼만했습니다! 생각보다 택연의 분량이 엄청 적더라구요 연기도 좀 어색한감이 있었고,, 깜짝깜짝 놀라다가  마무리는 휴먼스토리로... 그래도 볼만해요~  "
20170331,5,"소재는 나쁘지 않았으나 촌스러운 연출, 과한 연기, 클리세 남발등 2017년에 보기엔 너무 90년대 틱한 작품.  "
20170331,2,"VIP 시사회 다녀왔습니다. 일단 초기에 공포, 스릴러적인 스토리를 풀어나가는 느낌은 일본의 환생 느낌이 물씬납니다. 그런데 마지막에 안드로메다로 가버린 결말과 전형적인 '한국식' 모성애 그리고 옥택연씨의 손발이 오그라드는 멘트로 모든걸 끝낸영화  "
20170330,10,믿고 보는 김윤진 꼭 보고싶음  
20170330,10,심장 좀 놀라고 싶다 하시면 강추입니다ㅋ박준면아줌마가 제일 인상깊음ㅋ  
20170330,10,진짜 재밌게봤어요!! 매순간순강 흥미진진 했어요!! 곡성저리가라의 스토리!!  
20170330,9,반전도 있네요. 시간위의 집 제목 그대로 네요.재미납니다.  
20170330,8, 반전있네요....모성애가 있는 영화  
20170330,10,<검은 사제들 >의 장재현 감독과 할리웃 스타 김윤진의만남이 스릴러의 극치를 이룬다! 흥분된다!  
20170330,1,스토리는 좋은 것 같은데.. 연기에 발전이 없는 김윤진..김윤진의 연기는 항상 똑같다. ㅠㅠ멋진 명연기자가 되시길 진심으로 바란다. *^^*  
20170330,10,믿고 보는 김윤진. 임대웅 감독님 화이팅!!  잤잤!!!  
20170330,4,시사회에서 댓글 잘 달아달라고 선물도 주던데.. 솔직히 스토리가 너무 엉성합니다.. 긴장감은 있으나 내용 전개는 아주 부실함..  
20170330,1,김윤진씨 스릴러에 대한 몰입도는 아주 괜찮은데택연씨..가늠이 안되네 몰입도 깰거같기도 하고 왜 택연이어야 했는지 지켜봐야겠군  
20170330,10,끝나는 순간까지 긴장감을 놓지 못하고 봤네요!배우분들 연기력은 정말 최고였던 듯  
20170330,10,언론배급 시사회때 봤는데 긴장감이 후반까지 쭈욱 이어집니다. 최근에 맨 인더 하우스와 비슷한 느낌으로요.몰입감도 꽤 있습니다. 깜짝 깜짝 놀라는 놀라는 부분도 이부분인줄 알면서도 놀랄정도로 사운드와 같이 컷 연출이 좋은 것 같습니다. 보셔도 후회안해요  
20170330,10,빨리 보고싶어ㅜㅜ 1010  
20170330,5,예고편 택연 대사 한마디만했는데 바로 연기 구린거 느껴진다 진심 택연 써야했냐?..  
20170329,1,윤진누나  고생하셨어요ㅠㅠ  
20170329,1,알바천국이네 평점 4.5점 기대  
20170329,9,기대했던 만큼 훌륭. 유령이라는 존재를 재해석한 것은정말 특별함  
20170329,1,희대의 졸작대학생이 시나리오 쓴 줄...그냥 딱 전형적입니다  
20170329,6,음 시사회로봤는데 그냥 그래요  김윤진연기가 좋습니다  
20170329,7,김윤진씨의 연기 좋았어요^^  
20170329,10,배우분들의 연기와 분위기에 압도되어 집중하고 봤습니다. 끝까지 결말을 알 수 없어서 더욱 궁금증을 품고 관람했어요.결말을 보니 퍼즐이 맞춰지네요.  
20170329,6,음..시간속에갇힌-엄마의사랑은!??  
20170329,8,김윤진 연기 대박 모성애가 뭔지 보여준다  
20170329,10,슨역시  김윤진 입니다~~~~^  
20170329,9,예상을 뛰어넘는 반전이네요. 오랫만에 재미있게 잘 봤습니다. 스포금지라 더 이상은 어렵겠네요.  
20170329,7,김윤진의 연기가 돋보여요 그 연기만 그 연기만이예요  
20170329,10,단순 스릴러가 아님 공포물인줄만 알았는데 감동~~  
20170329,9,독특한 장르로 한국영화의 새로운시도임 배우의 연기력이 너무 뛰어남  
20170329,8,첨엔 보통... 볼 수록 특이한....  
20170329,10,한국영화로는 신선한 오컬트타임슬립!  
20170329,3,결말이 너무 허무해서...스릴러라 재밌게봤어요~  
20170329,10,김윤진 씨 연기 너무 좋으시네요.. 소름..스릴있고 재밌네요.  
20170329,8,재미재미있었어요ㅎㅎ  
20170329,10,시간위의집 너무 재밌고 턴탄한각본 잘봤어요  
20170329,10,끝까지 예측할 수 없는 결말! 정말 감동적인 반전!  
20170329,5,재미 있는 소재 조금 아쉬운 연출  
20170329,10,신선하고 재미있었어요  
20170329,9,처음에 너무 공포분위기랑 긴장감을 조성해서 심하다 싶었는데 이거 눌려서 영화 안보면 내용 이해못해요 ㅋㅋ스포하지말란 이유 알겠네 ㅋㅋ 재밌어요 이거  
20170329,8,김윤진님 연기가 좋습니다ㆍ  
20170329,10,콩포 코믹 감동 쓰리박자 다 있는 영화 굿  
20170329,8,모성애를 느낄수있는 명품 미스테리스릴러  
20170329,9,가슴따듯한 영화 훈훈하다.  
20170329,9,100분의 시간동안 시간 지나는줄 모르고 봤네요. 역시 믿고 보는 김윤진이네요.  
20170329,10,무섭지만 가스아픈 영화네요~  
20170329,10,결말예상했지만 와 골때렸다 여운남음  
20170329,9,갓윤진의 귀환^^ 독특한 소재를 잘 풀어냈어요  
20170329,5,"시사회 관람했습니다. 참신하고 감동적인 스토리와 김윤진님의 연기는 좋았지만, 제 생각에도 영화로 만들기 힘들었을 스토리고, 옥택연님 및 아역들의 연기가 아쉽네요. 소설이었다면 정말 재밌게 읽었을 것 같아요. 또 사운드에 신경 많이 쓴 티가 납니다.  "
20170329,8,음... 연기는 좋네요~^^~  
20170329,10,굿굿굿 꼭봐야해 반전과스릴 만땅  
20170329,10,시간 가는줄 모르게 몰입해서 봤어요.재밌어요.  
20170329,8,김윤진 연기력좋아요 근데 내용이해가 좀 안되서 ㅜㅜ  
20170329,8,시간위의 집 보고가요  
20170329,9,영화  재밌네요 특히나  김윤진 배우님 연기가 인상 깊었습니다  
20170329,8,연기굿ㅋㅋ재미잇어요  
20170329,8,"한국영화에서 좀처럼 보지 못한 신선한 이야기, 그리고 김윤진의 연기!  "
20170329,8,색다른소재로 잼있게봤어요^^  
20170329,9,반전...너무슬픔 ㅠㅠ  
20170329,10,반전 스토리 좋아요 재밌어요  
20170329,8,스릴러 장르의 히로인 김윤진의 표정과 발성만으로도 긴장하게 만드는 타임믹스 드라마!  
20170329,10,지금까지 본  한국영화중 단연 최고의 점수를 드리고 싶네요감독님의 센스와 배우들의 연기가 빛을 바랜 영화라고 생각합니다  
20170329,10,모성애의 힘은 위대하다  
20170329,10,역시 김윤진님의 연기는 탁월하네요. 개봉후 한번 더봐야겠어요옥택연님 연기도 볼만했어요^^  
20170329,10,공포영화에 타임슬립을 적용  
20170329,10,시간스랩의 치밀홈과 반전이 뛰어난 수작  
20170329,7,새로운 타입의 타임슬립 공포 하우스 영화  
20170329,10,긴장감과 재미 추천합니다  
20170329,10,믿고보는 김윤진의 연기가 단연 돋보이는 스릴러네요! 특히 마지막 반전이 대박인것같아요!  
20170329,1,감독 필모가 화려하군요..네티즌 평점:6.80 평론가 평점:3.80이글은 성지가 됩니다.  
20170329,10,김윤진 연기 정말 좋네요 재미있게 봤습니다  
20170329,10,긴장감 스토리 연기 빠질게없네요 역시 원작소설이 있는 작품답게 탄탄합니다 몰입되서 재밌게 잘봤어요~ 추천  
20170329,1,이런류의 스릴러 영화는 안봐도 망필이다  
20170329,9,스포절대금지!최고에요!!!  
20170329,10,김윤진 역시 믿고보는 배우네요 ㅎㅎㅎ 좋아요  
20170329,10,시간위의집 스릴러의 장인 김윤진  역시  
20170329,10,김윤씨의 복귀작이고  택연이 신부님 역이라기대하고 부풀어서  봤어요꼭 보세요  
20170329,10,긴장감의 연속으로 봤네요 역시 연기력은 타의 추종을 불허하네요!  
20170329,10,김윤진 배우의 세대를 뛰어넘는 연기력과 한국판 주온이라 할 수 있는 공포감을 기대해도 좋은 영화  
20170329,10,김윤진 배우 탄탄한 연기  잘보고갑니다 감사삽니다  
20170329,9,김윤진의 멋진 연기가 돋보이는 미스테리 스릴러네요.강추합니다.  
20170329,10,아슬아슬 스릴감 제대로 느꼈네요.배우들의 연기도 휼륭한...최고!  
20170329,8,정말 오랜만에 보는 스릴만점의 긴장있는 영화 너무 좋네요!!  
20170329,10,김윤진의 농익은 연기와 긴장감 넘치는 스릴러의 월메이드 영화  
20170329,9,하우스 미스터리 스릴러라니 내용이 궁금하네요. 오래간만에 스크린에서 보게된 김윤진님의 연기도 기대됩니다.  
20170329,9,김윤진씨의 연기는  무조건 봐도 언제나 좋네요  
20170329,10,김윤진을 증명한 최고의 스릴러  
20170329,10,무섭지만 무섭지 않은 스릴러 영화로 그런대로 재미있었어요.  
20170329,9,옥택연만 아니면 믿고볼텐데..  
20170328,10,"출연진도 기대되고, 스토리도 기대됩니다.  "
20170328,10,군대가기 전 마지막 작품일 거 같은데 좋은 연기 봤으면 좋겠습니다. 기대되네요!  
20170328,8,일단 포스터 섬찟하게 잘 만드셨네.  
20170328,10,와 정말 기대되네요!! 꼭 봐야겟네요  
20170327,10,월드스타 김윤진 배우의 국내작! 반갑고 넘 기대되네요~  
20170327,10,연기는 말할것도 없고 내가 넘나 좋아하는 미스터리 스릴러 장르~  기대만땅입니다  
20170327,10,오우~ 김윤진이라는 이름으로  기대해 봄 ㅎㅎ  
20170327,10,오랫만에 이런 장르의 영화가 개봉하네요!! 완전 기대 됩니다~  
20170327,1,임대웅감독이 공포물의 거장이라고? 포장도 정도껏 하시고 알바질도 정도껏 하세요 . 특유의 미쟝센? 미쟝센이 어떤 뜻인지는 알고 쓰시는건지.  당장 임대웅 감독 필모그래피만 확인해봐도 얼마나 색깔없이 흉내내기에 급급한 감독인줄 알텐데  
20170327,9,잘은 모르겠지만 뭔가 우리가 상상하기 힘든 이야기로 풀릴 듯. 올만에 재미있는 스릴러 기대됨~  
20170327,8,사라진 아들이 옥택연 신부.  
20170327,10,김윤진이 나온다는 것 만으로도 기대된다  
20170326,10,나 진짜 이런 스릴러 영화를 원했다고!!!!  
20170326,5,김윤진 때문에 보고싶긴한데..택연..?  
20170326,10,요즘 한국영화 다 거기서 거기인 소재던데... 오랜만에 쫄깃한 영화 나오네 ㅎㅎ 거기다가 김윤진이라니!!!! 4월에 오랜만에 극장 가볼까 ㅋㅋ  
20170326,1,"외국영화 따라한 어설픈 설정, 검은사제들 감독이구만  "
20170326,1,"뭐지 이 말도 안되는 평점은.. 뭔가 낯익은 설정이라 혹시나 했더니 하우스 오브 디 엔드 타임스 리메이크 작이구만 그런건 전혀 언급도 안되어 있고  예고편만 봐도 딱,, 차라리 원작들을 봐라 알바들아  "
20170326,10,김윤진 오랜만인듯 간만에 기대됨  
20170326,10,와 방금 tv에서 소개 봤는데  완전 궁금~~ 이런거 좋아요~~  
20170326,6,컨저링이랑 거의 똑같던데  
20170326,1,the house at the end of time 라는 외국영화랑 너무 비슷한데;;; 리메이크영화인가여???  
20170326,4,다른배우들 다좋은데 왜이렇게 아이돌만 쳐쓰냐?? 연기 훨씬잘하고 뛰어난 배우들 많은데;; 아이돌좀 그만써라 연기력 후짐;;  
20170326,10,포스터하나는 진짜 간담서늘이다...  
20170325,5,예고편보면서 몰입잘하다가 옥택연나오니까 확 분위기 깨더라ㅜㅜ  
20170325,10,맨날 형사물 범죄 코믹 액션만 만들어내는 발전없는 뻔한 설정만 만들어내는 우리나라 노답 감독에 비해 이러한 발전을 가져다 주는 감독의 작품은 할리우드 영화만 보는 나에게는 반갑지  
20170325,10,접속 무빙월드 미리보기 시사회 보고 감동했어요.  
20170325,10,와우 일단 갓윤진이라 포스터부터 살기넘치네  
20170325,7,포스터 개무섭네...  
20170324,10,ㅡㅡ심장을 들었다놨다 할거같은 분위기던데…  
20170324,9,알면서도 놀라운 갓윤진의 연기력에 빠져보고 싶다  
20170324,10,그냥 잔인해서 무서운거보다 연기력 쩌는 김윤진이 하는 공포스릴 영화는 모두를 만족시킬수 있을듯  
20170324,10,외국에서 인정하는 배우가 선택한 작품이다. 보자  
20170324,9,연기력 운운하는 관객들 수준높아졌는데 뒤탈없을 연기력보여줄것  
20170324,9,저랑 친구들 다 기대하고 있어요~~ 클라스를 보여주세요  
20170324,9,이거 머여.. ㅋ 진짱 무섭겠다  
20170324,8,예고편만으로도 소름주위보 >.<  
20170324,10,집에서 일어나는 소름끼치는 스토리가 자극적이다  
20170324,9,김윤진에 옥택연의 눈빛까지 믿음이 갈정도로 흥미롭겠는걸~  
20170324,10,우리나라 스릴러를 이끌어가는 대표 여배우 닥추  
20170324,9,김윤진 인생스릴러임?? ㄷㄷㄷ  
20170324,10,김윤진이 선택한 작품들은 모두 쩐다.. 이번영화도 기대중  
20170324,8,미스터리 스릴러물 너무 좋아해서 첫빵으로 가서 볼게요~  
20170324,9,내용도 엄청 흥미로울거같아서 기대많이 해봅니다  
20170324,9,내 스타일이다 ㅋㅋ 꼭 봐야겠당  
20170324,9,젊은시절부터 나이가 든 모습까지 김윤진의 폭넓은 연기력은 언제나 볼매  
20170324,10,올해 스릴러 장르에서 가장기대되는 작품입니다^^  
20170324,10,남친 필수지참하세요 :) 갓스릴  
20170324,9,예고편에서 분위기랑 목소리로 압도하는데??  
20170324,8,소름 연기 기대해봅니다. 보기전 김윤진 영화 다보고 갈랍니다  
20170324,9,스릴러는 죄다 보기 시작했는데 이번껀 머리털 다 빠지겠네ㅋㅋ  
20170324,10,스릴덕후다ㅋㅋ 느낌 최고다 반전뿐이아니고 치밀한 무언가가 더 숨어있다  
20170324,8,와우..숨막힌다 >.< 무서울수록 포텐터지는 연기력 클라스  
20170324,10,집 컨셉좋다..ㅎ 기대할게요 윤진언니  
20170324,9,반전은 기본 김윤진 표정이 압권.. 목소리 ㅎㄷㄷ  
20170324,10,김윤진이 가지고 있는 아우라는 대체불가  
20170324,10,무서운 공포에..김윤진연기에 2시간동안 빠져볼수 있겠네요~  
20170324,10,헐리우드클라스는 다르지 갓윤진의 미스터리 스릴러  
20170324,9,예고편에서 보여주는 장면들이 힌트지만 반전이 색다를거 같은 느낌  
20170324,10,국내복귀작 김윤진님 오랜만에 돌아오셨네요!! 대박기원  
20170324,10,"회상,추리 관객과 소통하는 감독의 센스 잘 볼게요  "
20170324,9,오싹하고 상상을 자극하는 스릴러ㅋㅋ 김윤진 짱입니다  
20170324,9,참 심적으로 무서워도 보고싶은게 사람심리  ㅎ  
20170324,10,소재 지리구요~ 연기력이 보장되는 김윤진의 3년만의 복귀작!  
20170323,10,"너무 기대되는 영화입니다 첨 제작한다는 이야기 들었을때 부터 기다렸던 영화네요... 주연배우,감독 모두 좋아라 하는 분들이네요  "
20170323,10,옥택연의 연기도 김윤진의 연기도 임대웅 감독의 연출도 정말 기대 되네요..  
20170323,10,OOO기력이 예상된다.. ㅎㄷㄷ 갓스릴러가 될듯  
20170323,9,예전부터 기대하던거라 얼른 스크린에서 보고싶어요  
20170323,9,"시나리오,배우,감독 어느하나빠지는게없네 이건 딱 흥행각  "
20170323,10,흥행배우 김윤진씨와 스크린첫활약 택연 요새뜨는 조재윤씨까지 흐흐흐 맘에듭니다!!  
20170323,9,뭐지? 나도 알수없게 이영화의 매력에 끌리네ㅎㅎ  
20170323,10,"스토리굿이고 배우들도 굿이고 제작진,감독 모두 인정받았으니 더욱 영화가 궁금해질수밖에^^  "
20170323,9,ㅋㅋ또한번 열연하는 모습을 볼수있게군요 김윤진씨 이번에도 제대로 지리고싶네여ㅋ  
20170323,10,"하우스미스터리, 3년만의컴백 김윤진주연 기대를 안할래야 안할수가없네~  "
20170323,10,김윤진외모는 물이 더올랐네요^^ 연기내공도 미인이심  
20170323,10,시간위의 집이란 제목이 뭔가 시공간이 초월한느낌인거같지???  
20170323,9,일상속에서 일어나는 사건이지만 그안의 진실을 알고싶다  
20170323,10,얼른보구싶네요 4월개봉은 확정이지만 아직 시사회는 결정안난거죠?ㅜㅜ젤먼저보구싶어용  
20170323,9,사건 후 25년이 지난 김윤진씨의 할머니역할도 잘 소화하실거같아요  
20170323,10,매력쩌는 배우들모였네! 어떤 캐릭터의 모습으로 나올지 궁금  
20170323,9,왜 집안에서 끔찍한일이 일어날까 그들은 누굴까 과연  
20170323,8,혼자는못보러가겠음 혼자서 감당하기힘들듯  
20170323,9,김윤진씨가 나오다니.. 공포는 걱정하지 말아라  
20170323,8,예고편만보면 궁금해서 미칠듯ㅋㅋ  
20170323,9,25년전이나 지금이나 엄마라는건 진짜 위대하다.. 아들을찾기위한..엄마의사투  
20170323,10,섬뜻한 줄거리가 흥미진진하다!  
20170323,8,레알보구싶네 요 근래 개봉하려는 영화중에 젤 재밌어보임  
20170323,10,뭔가 실체를 알수없는 존재가 집에 있다는게 섬뜩하다  
20170323,9,생각해보니 김윤진씨 전작들을 보면 재미없던게 없었던거같음… 그래서 더더 이영화가 기대됨!!!  
20170323,9,이거 장난아니네.. 짜릿하고 스릴넘쳐보임  
20170323,10,이웃사람도 집에서일어나는 사건인데.. 거기서도 김윤진씨출연했었죠.. 이번 시간위의집도 기대되요  
20170323,9,갠적으로 김대웅감독의 연출이 맘에들어서 신작 기다리고있었어요 ♥  
20170323,9,공포장르를 봐도 잘 놀라진않는데.. 집에서 일어나는사건이라 흥미롭네 과연 날 자극시킬수 있을지ㅋ  
20170323,8,올만에 긴장감터지는 스릴러물이 나왔네 ㅋㅋㅋ  
20170323,10,이런장르가 난 무서워서 잘안보지만 이건 내심기대가된다ㅋㅋ  
20170323,10,보는이를 압도시키는 스산한분위기와 배우들캐스팅이 한몫하는거같다  
20170323,9,와우? 포스터 제대론데? 음침하고 음산한분위기가 폴폴~  
20170323,9,스토리와 연출이 신선해서 관심을가지게된다  
20170323,8,예고편에서 문 삐그덕 살짝열릴때 소름이 돋은 1인  
20170323,10,김윤진씨의 세븐데이즈의 눈빛연기 잊지않았음 이번에도 스릴러연기 제대로 보여주시길~~~  
20170323,9,25년전에 일어난 사건에 대해 아직도 진실을찾다니.. 그 존재와 마주해야한다는 공포감이.. 덜덜하게만드네  
20170323,9,이미 하우스 미스터리라는 설정자체가 심리적 공포감을 주고있다...  
20170323,10,예고편을보니 이상하게 확~ 끌리네요 기대기대중  
20170323,10,김윤진씨 연기가 분위기 다 잡아먹는듯 그냥 쩐당ㅋㅋㅋ  
20170323,8,그날의진실이뭔지 정말궁금터지게하네  
20170323,9,내 나름의 기대작.. 숨겨진반전과 충격적인 진실이 기다리고있을거같다  
20170323,10,임대웅감독에다 김윤진배운데 뭘 따지긴따져ㅋㅋ 닥추  
20170323,9,무조건 보러갈거예요~~ 영화 흥해랏!  
20170323,9,예고편에서 집안에서 그들이란 존재를 찾기위해 살필때 이미 난 긴장하고있었다ㅡㅡㅋ  
20170323,10,한국 대표적인 미스터리스릴러 영화로 한번보고 또 보고싶을만큼의 작품이였으면 좋겠다  
20170323,8,스토리 자체가 새롭고 신선함~~  
20170323,9,무섭고 경악스럽고 소름끼치는 영화같음ㅋㅋㅋ 묘한 끌림이있음  
20170323,10,실체없는 무언가에 대한 두려움이라 더 무섭다고 느껴지는거같다  
20170323,9,나의 사적인공간인 집에서.. 일어나는사건이 현실적이라 더욱 공포스럽다  
20170323,10,치밀한 스릴러물로 생각됨.. 흥미롭고 궁금하네  
20170323,8,임대웅감독님이라 더욱 신뢰가 가는중…  
20170323,9,이런 긴장감유발 오싹한분위기 좋다 ㅋㅋ  
20170323,8,줄거리나 예고편모두 진심 소름돋는다.. 하  
20170323,10,기억에 남을만한 작품이였으면 좋겠어요^^  
20170323,10,이런스타일의 영화가 항상 흥행했던거같다 ㅋㅋ 게다가 김윤진씨 올만에 출연이라 다들 기대할듯><  
20170323,9,이런건 무서워도 반전들 때문에 더 몰입해서 봐야함  
20170323,9,왜 남편을죽이고 아들을 데려갔어??? 악 궁금해  
20170323,8,하우스 미스터리 설정이좋다!! 긴장감이 배가됨  
20170323,9,상상하면서 추리해보는 이런장르 내 딱 취향저격이네  
20170323,10,4월개봉날까지 기다리는중 택연씨 김윤진씨 조재윤씨 다보구파유~~~~  
20170323,9,역시 이런영화는 사운드와 큰화면에서 더 긴장감을 느끼겠지…  
20170323,9,간만에 제대로 공포 스릴을 느낄거같음ㅋㅋ  
20170323,10,친구들한테 꿀잼각이라고 보러가자고 다 홍보해놔어요 ㅋㅋㅋ  
20170323,9,명작분위기 스멜스멜??  
20170323,9,집안에서 알수없는 희안한일들이라니ㅠ 아들꼭찾아서 해피엔딩 가자  
20170323,10,김윤진씨 할머니분장도 소름~~ 연기는 더 소름?  
20170323,9,어떤반전일지 결말을어떨지 은근히 계속 기대중  
20170323,9,상상을자극하고 관객도 같이 추리하게하는 요런장르가 보고싶었는데 마침 곧개봉이라 더 기다려진다ㅎㅎㅎ  
20170323,10,꺅!!!>< 김윤진씨 팬이라 믿고보겠습니다!!  
20170323,9,조재윤씨 코믹연기에서 벗어난 진중한모습이네여 은근기대중 ㅎ  
20170323,10,보고프잖아 ㅜ.ㅜ 개봉때까지 얼마남지않았다…  
20170323,8,오싹하고 심장이 쫄깃해보임ㅋ 줄거리탄탄하구 배우들도 명품이고!  
20170323,10,헐리우드급 명작의 스멜이 풍긴다 ㅋㅋㅋ 김윤진씨가 있어서 그런감  
20170323,9,예고편보니 엄청 긴장되는 압도적인 분위기가 있는거같음..ㅡㅡ  
20170323,9,넘보구싶당ㅋㅋ 내가 좋아하는 배우 다모였네  
20170323,10,거짓1도 없이 딱 완죤 내스타일!  
20170323,9,장면하나하나 음침해보인당 분위기나 음향같은것도  
20170323,9,평화로운 집안에서 아들이실종 남편살해 너무 되돌리기 싫은 기억일거같음  
20170323,10,3년만에 돌아온 월드스타 김윤진씨가 선택한작품이라 눈길이감  
20170323,8,예고편보구나니까 더더 결말이 궁금하다  
20170323,9,하우스 미스터리라는 독특한 소재로인해 더욱끌리는거같아요^^ 기대됩니다  
20170323,9,김윤진씨 연기 대박무서워요 ㅠ.ㅠ 역시 지존급  
20170323,8,음침한 집같아요… 벌써부터 집에 무서운존재가 있다고 느껴짐  
20170323,9,뻔한 스토리가 아니라서 흥미가느껴짐요 이건 극장에서 봐야지 제맛일듯ㅋㅋㅋ  
20170323,10,예고편에서도 느껴지는 숨조여오는 섬뜩함이라니!!! 꼭 본편보러가서 제대로 느껴야지!!!  
20170323,10,집에서 일어나는사건이라 더욱 섬뜩… 숨바꼭질 영화생각난다…ㅜ.ㅜ  
20170323,10,상상을 자극하고 궁금증을 유발하게하네…뭘  
20170323,9,미스터리 스릴러 시간위의집ㅋ 올만에 짜릿한느낌을 즐겨보겟군  
20170323,9,친구랑 손잡구 봐야할 영화 ㅋㅋ ㅎㄷㄷ하네여  
20170323,8,미희가 정말 남편과 아들을 살해했을까… 어떤 뭔가에 홀린것 같다  
20170323,9,제목이 수상해보여 어딘가에 단서가숨어져있겠지 그건 영화를봐야만 알겠지  
20170323,9,이런 꿀잼소재라니 개봉하믄 바로 고고  
20170323,10,오오 김윤진씨 너무 반가운얼굴이네요 이번 국내로 복귀하는 영화 대박궁금합니다+0+!  
20170323,9,영화내에서 느껴지는 분위기가 맘에드넹 스토리도좋고 궁금함  
20170323,9,흥행배우 김윤진씨가 돌아왔네요 꼭 보러가겠음ㅋㅋ  
20170323,8,줄거리가 너무 흥미로워서 보구싶은 영화네용 기다리구있겠습니당~  
20170323,10,ㄷㅐ박 완죤 재밌어보임ㅋㅋㅋㅋ 미스터리 스릴러물이라 더욱 짜릿할듯ㅋㅋ  
20170323,9,그 집에 누가 있었던걸까 ..ㄷㄷ 설정무습다  
20170323,10,시사회 없이 바로 개봉하나요?? 넘 궁금한데 ㅠㅠ  
20170323,8,스릴러 팬으로써 이런 스릴러 영화 많이 나왔으면 좋겠다 ㅠ_-  
20170323,9,4월 공포영화는 너로 정했다!  
20170323,9,개봉예정 영화 찾아보다가 포스터 보고 바로 흥분함! 윤진언니 이번에도 좋은연기 부탁해요!  
20170323,10,뭐 윤진님이 나오는 스릴러라면 안봐도 이미 인정.  
20170323,10,무서워도 꼭 보러 갈랍니다! 검은사제들 정도면 왠지 보고싶음!  
20170323,10,집에서 무슨일이 있었길래 -ㅂ- ...  
20170323,10,각본이 검은사제들 쓰신 분이구나 각본감독도 좋고 캐스팅도 대박이고 꼭 봐야됨  
20170323,10,허얼.. 오랜만에 김윤진씨 영화네요!! 스릴러라니 더 좋음!ㅋㅋㅋ  
20170323,10,"김윤진목소리와 연기, 눈빛, 그리고 음향에서 사람 들었다놨다 할것 같다.  "
20170323,9,기대많이 안하고 봐야 더 무섭다는거~  
20170323,10,얼른 개봉해라 바로 달려간다 -0-  
20170323,9,"하우스 미스터리물, 한국에서 보기 힘든 장르라 더 기대됩니다  "
20170323,9,예고편이 다가 아닐듯 공포영화 잘만드는 감독에 믿고보는 배우 김윤진이라  
20170323,9,음산한 기운이 여기까지-ㅅ-... 예고편 이어폰 꼽고 봤는데 진짜 등골이 오싹합니다.  
20170323,8,"왠지 섬뜩할듯, 예고편만 봐도 오싹했다  "
20170323,9,남편은 살해되고 아들은 실종되고 감옥에서 20여년간 있다가 다시 나왔는데 집에서 또...  
20170323,10,요즘 심심했는데 괜찮은 영화 나왔네~ 심야로 봐야 재밌을듯  
20170323,10,요즘 한국에서 스릴러 영화 잘 만드는편이라 이번 영화도 기대됩니다.  
20170323,10,쫌 신선하네? 간만에 공포스릴러라 기대중  
20170323,9,친구랑 얼마나 무서울지 기대중 ㅋㅋ 먼저 놀라는 사람이 이기는걸로  
20170323,9,왠지 기대감이 상승하게 되는 영화. 개봉하고 심야로 봐야지~  
20170323,10,컨저링이 생각나긴 하네 여기서도 얼마나 무서운 장면이 탄생할지  
20170323,8,옥택연 저러고 나오니까 검은사제들도 살짝 생각난다 으으 스릴 쩔듯  
20170323,8,집 자체가 넘 무서움 !! 완전 뭐 안일어나면 안될 집인듯  
20170323,9,오 이번에는 분장까지? 왠일이래.. 열연하신듯하다  
20170323,10,김윤진의 스릴러라.. 안볼이유가 있나  
20170323,10,시사회 안하나? 윤진언니보고싶어요!  
20170323,10,오랜만에 오싹해져 볼까 ㅋㅋㅋ  
20170323,10,공포물 잘 안보는데 예고편 보니까 왠지 보고싶어졌다...  
20170323,8,아 우리집 주택인데 .... 왠지 쫄리네 ...  
20170323,9,김윤진이 선택한 국내복귀작이라니 뭔가가 있겠지  
20170323,9,아직 그들도 집에 있고 실종된 아들도 집에 있고? 무슨일인거지???  
20170323,10,"일단 배우보고 믿고 볼만한거 같고, 예고편 보니 더 보고싶어졌다  "
20170323,10,캬 오랜만에 나와도 여전히 멋지네 역시 김윤진이다  
20170323,9,마지막에 김윤진이 뭘 봤길래 저렇게 무서워하지? 뭐지?  
20170323,10,예고편 짧은데도 몰입감 장난아니다  
20170323,8,집안에서 일어나는 미스테리.. 이런거 보면 집들어갈때 무섭다고 ㅠㅠ  
20170323,9,세븐데이즈 이후 최고의 연기를 보여줄 듯 그때도 모성애 연기 쩔었는데  
20170323,8,이런 공포가 더 무섭던데 ㅠㅠ 무서워도 꼭 보고싶다  
20170323,9,the house at the end of time 이랑 비슷한데 리메이크 작인가??  
20170322,9,컨저링같네 ㄷㄷ 애기가 휙 낚아올려질때 깜놀  
20170322,8,예고편 미쳤네 ㅋㅋ 왤케 소름돋음 ㅋㅋㅋ  
20170322,9,대박 스릴러.. 내용도 궁금하고 거기다가 반전까지 있을듯! 아 궁금해!  
20170322,9,엄청 무서운 장면보다 관객들 다 소름끼치게 할듯한 분위기  
20170322,10,감독이랑 각본가가 공포물만 했네 ㅋㅋ 이번영화도 기대해도 될듯  
20170322,9,시간위의 집 제목 자체부터 미스터리! 시간이 멈춘 집인가? 그래서 계속 있나?  
20170322,8,목소리만 들었는데 왜 소름끼치죠?  
20170322,9,3년만에 복귀작을 스릴러로 택한 이유가 있겠죠? 일단 눈빛부터 장난아니구요  
20170322,10,택연오빠 첫 스크린?! 김윤진이랑 조재윤이랑 셋이 어떻게 호흡을 맞췄을지  
20170322,10,오랜만에 기대작이 나왔네요. 그냥 더 안보고 개봉하면 바로 보러갈랍니다.  
20170322,10,캐스팅 지리네 ㅋㅋ 은근히 조재윤도 진짜 연기 잘하고  
20170322,10,김윤진과 요즘 핫하게 치고 오는 조재윤까지 ..  
20170322,8,미스터리 추리극 올~ 궁금하다! 예고편 보니까 더 궁금함! >_<  
20170322,10,"공포는 싫어하는데 .. 검은사제들 보고 이런 영화는 괜찮겠다 싶었는데, 시간위의 집도 괜찮을듯! 쫄보들 겁먹지말자!  "
20170322,9,귀신 팍팍 나오는 것보다 이런 소름끼치게 스릴있는 영화가 더 무섭더라  
20170322,10,막 무서울것 같진 않은데 은근히 소름 쫙 끼치게 만들 영화느낌  
20170322,9,윤진누님 믿고 보겠습니다 기대하고 가도 되겠죠?  
20170322,8,헐 김윤진 나옴??? 얼마만이야 ㅋㅋㅋㅋ  
20170322,9,무서움보다는 궁금증이 더 유발되는 영화네  
20170322,8,예고편 다 봤다 ㅋㅋ 볼때마다 소름 ㅋㅋ 무서운 장면 없는데도 소름끼침  
20170322,10,봄탈때는 스릴러 영화 한방이면 끝  
20170322,10,택연도 나오네? 연기 잘하긴 하던데 스릴러에서는 어떻게 나올지  
20170322,9,한국에서 접하기 힘든 하우스 스릴러라 기대됨  
20170322,9,검은사제들 장재현 감독이 각본이라 .. 거기에 김윤진 연기면 진짜 볼만하겠다  
20170322,8,기대는 안하는데 그냥 갓윤진때문에 보고싶다. 믿고보는 갓윤진!  
20170322,10,보고싶은데 혼자는 못보겠고 ... 누구 한명 데리고 가서 봐야지  
20170322,9,개봉 얼마 안남았네!!! 개봉하자마자 보러갑니다!  
20170322,9,살짝 긴장타고 보면 재밌을거 같다 ㅋㅋ 이거보고 집에 갈 수는 있는거죠?  
20170322,10,재밌을듯 ㅋㅋ 이런 스릴러 좋아하는데 ㅋㅋ 얼른 보고싶네요  
20170322,8,그래서 그 집에 누가 있는겁니까! 궁금  
20170322,9,한국 호러 스릴러도 무섭다는걸 보여줍시다 ㅋㅋ  
20170322,10,오호 예고편 솔직히 무섭진 않은데 김윤진 목소리 듣고 소름 쫙  
20170322,9,하모니 보고 펑펑 운게 엊그제 같은데 .. 이젠 모성애에 호러까지 장착하고 오셨군요  
20170322,9,오랜만에 복귀작인데 호러스릴러라뇨 ㅠㅠ 그래도 보러갈랍니다  
20170322,9,헐 눈빛 완전 무섭 .. 집에 계속 누가 있길래 -.-; 무섭다  
20170322,10,김윤진 모성애 연기 끝판왕인데 스릴러가 더해졌다니..  
20170322,10,윤진언니는 늙은모습을 해도 어찌 저리 포스가 있을까  
20170322,9,국내판 컨저링인가? 미스터리 스릴러라..?!  
20170322,10,스케일은 크지 않을거 같은데 왠지 오싹할 듯 .. 김윤진 연기로 다 잡아먹을 분위기네  
20170322,10,무서운거 못보는데 이건 볼래요 ㅋㅋ 친구랑 같이 가서 봐야겠다  
20170322,8,오.. 예고편 보니 눈빛이며 목소리며 .. 완전 소름 .. 영화는 얼마나 더 소름끼칠지  
20170322,9,3년만에 복귀작이 스릴러라니 더 궁금해짐  
20170322,8,아 궁금하다 ㅋㅋ 한국영화 잘 안보는데 ㅋㅋ 이건 좀 땡기네  
20170322,9,왠지 으스스한 반전도 있을 삘인데  
20170322,10,갓윤진의 연기도 기대되지만 오랜만에 호러스릴러같아서 기대된다  
20170322,10,윤진언니가 고른 영화라면 일단 믿고 봅니다. 언니가 영화 다 살리겠지뭐 ㅋㅋ  
20170322,10,안볼수가 없다 그냥 일단 봐야겠네 ㅋㅋ 쫄보지만 꼭 보겠음 ㅋㅋ  
20170322,9,캐스팅 좋네요! 연기신 갓윤진! 거기다가 스릴러라니  
20170322,10,요즘 한국 공포영화가 열일 하는듯 ㅋㅋ 시간위의 집도 기대됨 궁금하기도하고  
20170322,10,친구들 벚꽃구경갈때 저는 윤진누님 보러 가렵니다.  
20170322,10,그냥 그런 영화도 김윤진 나오면 대박이던데 이번 영화도 꼭 보렵니다.  
20170322,8,무서운거 싫은데 이건 왠지 봐야할 각  
20170322,10,세븐데이즈에서도 진짜 연기력 지렸는데 .. 이번에는 공포에 늙었을때 모습도 나오고 .. 기대된다  
20170322,9,오랜만에 김윤진 주연작이네요! 거기다가 스릴러 ..ㄷㄷ  
20170322,8,귀신나오는 공포물인가? 궁금하네요! 오싹할듯..  
20170322,10,기대되는 스릴러영화네요. 엄지척  
20170322,9,목소리 하나만으로도 소름끼치게 하다니 .. 이건 꼭 봐야겠다.  
20170322,9,와 예고편에서도 느껴지는 갓윤진의 포스..  
20170322,9,우연히 예고편 보고 기대중인 영화ㅎㅎ  
20170322,10,이런 장르는 김윤진이 타고낫다 최고의 스릴러로 나오는 걸로  
20170322,9,공포스러운 분위기의 미스터리 스릴러. 시간위의 집 기대해봅니다.  
20170322,10,레알 존잼일듯ㅜㅜㅜ 이건 진짜 극장에서 봐야할듯  
20170322,9,장르 좋고 소재 좋고 배우들도 좋다  
20170322,9,오랜만에 김윤진다운 명품연기를 볼 수 있겠군  
20170322,8,이런 영화는 영화관에서 봐야 제 맛ㅋㅋㅋ  
20170322,8,올해 첫 한국 스릴러물 아닌감?  
20170322,10,김윤진은 진짜 믿고 보는 배우지 국내외에서도 극찬 받는 배우. 자랑스럽다^^  
20170322,9,ㅋㅋ이거 시나리오 좋다는 소리 들었는데 빨리 보고싶당  
20170322,9,모성애가 담긴 스릴러 영화.. 왠지 슬프거 같기도 하고 재미도 확실히 있을거 같아요  
20170322,8,예고편 분위기부터가 장난 아니네  
20170322,10,새로운 배우들의 조합과 신선한 스릴러 너무 기대됩니다  
20170322,9,스릴러영화 좋아하는 나로썬 정말 기대되는 작품  
20170322,9,방금 예고편 보고 왔는데 예고편만 봤는데도 소름 돋았음;;  
20170322,10,정말 기대가 큰 영화입니다 개봉일만 기다리고 있어요  
20170322,10,검은사제들 감독님의 시나리오라고 들었는데 주인공은 세븐데이즈의 김윤진.. 이거 그냥 닥치고 극장사수!  
20170322,9,"제목부터 포스터, 예고편까지 스릴러의 포스가 어마어마하네요  "
20170322,9,제대로된 한국 스릴러물이 나올거 같은 느낌.. 기대지수 100퍼  
20170322,10,오랜만에 기대되고 기다려지는 한국영화  
20170322,10,김윤진님 국내영화 얼마만인가요ㅜㅜㅜ  
20170322,10,공포물의 거장 임대웅감독님의 작품이네요 좋은 작품 기대해보겠습니다  
20170322,9,김윤진이 진짜 월드스타지ㅋㅋ 믿고 보는 배우  
20170322,10,헐 존잼일듯… 영상 봤는데 내 스타일..  
20170322,9,세븐데이즈에서 김윤진은 어마어마했지 김윤진의 스릴러물 기대해본다  
20170322,10,미스터리 스릴러 장르 짱 좋아하는데 빨리 보고싶음  
20170322,10,주인공들부터 조연들까지 믿고 보는 배우들이라 더 기대되는거 같아요  
20170322,9,오 간만에 재밌을거 같은ㅋㅋㅋ  
20170322,8,포스터부터 영상까지 분위기 장난 아니네…  
20170322,10,배우들만 봐도 믿고 볼 수 있을거 같습니다  
20170322,10,와 딱 내가 원하던 장르.. 거기다가 김윤진이라니ㄷㄷ  
20170322,10,와 이거머냐.. ㅡㅡㅋ 역대급 나오나  
20170322,10,김윤진씨는 늙지도 않나봐요 ㅋ 간만에 스크린복귀 꼭 극장에서 볼게요~  
20170322,9,여배우가 주연인 영화는 정말 오랬만 기대합니다  
20170322,9,진심 믿고보는 김윤진 연기에 미스터리 스릴러라니 개봉전에 후덜덜 하네요  
20170322,9,옥택연 미모 너무하네 ㅠ.. 이영화 갖고 싶다ㅋㅋㅋ  
20170322,9,컴백 갓스릴러퀸 김윤진 연기변신 기대할게요  
20170322,8,예고편 분위기 어...쩔??  무섭겠다  
20170322,9,택연이는 김윤진 언니랑 있으니 더 귀여워짐 ㅋㅋ 영화에서는 틀리겠지만용~  
20170322,10,오.. 최근 완젼 기대작  bb  
20170322,9,포스터가 시선강탈해가네 ㄷㄷ  
20170322,10,최신부님 영화관에서 볼게요 -0-  
20170322,9,대체불가!! 존재감 쩌는 김윤진 갓영화  
20170322,10,겉보다는 속내용이 알차고 잼있었으면 좋겠어요 화이팅  
20170322,10,우리의 명품조연 조재윤 국보급 여배우하고의 조합도 궁금해요~  
20170322,9,"반전, 스릴, 감동까지 모두 기대합니다!!  "
20170322,10,스릴러 퀸의 완벽한 귀환을 염원합니다  
20170322,10,주위에서도 다 존잼있겠다고 함 :)  
20170322,10,요즘 핫 배우 조재윤 ㅋㅋ 대박나세요  
20170322,9,주연 세명의 신선한 조합 완전 기대하면서도 궁금하네요  
20170322,10,임대웅 감독은 새로운 장르를 계속 개척하는거 같아 기대 쩔어요~  
20170322,9,하우스 미스터리라고 집에서 보고 덜덜떨지말고ㅋㅋ 극장 ㄱㄱ  
20170322,8,으메.. 머가 집에있음? 이런 설정 너무 섬짓해  
20170322,9,스토리가 긴장감이 있네.. 잼날듯 보여요  
20170322,8,김윤진누님은 이런 스릴러 장르와 참 잘어울려..  
20170322,10,엄청 무섭고 스릴있게 해주세요 김윤진짱!  
20170322,10,세븐데이즈에서의 김윤진을 다시 한번 보고잡다  
20170322,10,올블랙에 사제복을 입고도 빛나는 택연 비주얼어디안가요  
20170322,10,월드스타 김윤진의 복귀작 !! 기대영화중 1순위  
20170322,10,미스터리 스릴퀸 김윤진 ㅡㅡb 이쪽 장르는 원탑  
20170322,10,집이라는 공간의 색다른 미스터리물 정말 잼날듯요~  
20170322,9,김윤진이 나와서 완성도 있는 영화가 될거 같아요!  
20170322,10,캬악~ 택연오빠는 멀 입든 멋져요~ 영화 기대하고 있습니다  
20170322,10,스릴러는 잠깐이라도 눈을 뗄수 없는 매력에 계속 보게되네  
20170322,10,김윤진은 믿어 의심없지만 택연도 눈빛좋고 연기 캐미가 볼만할듯~  
20170322,8,조재윤의 연기와 캐릭터 변신을 볼수 있는건가.. 개인적으로 이분 매력적이심  
20170322,10,옛날이나 집에서 봤지만 최근 스릴러는 극장에서 봐야 꿀잼  
20170322,9,숨바꼭질 같은 영화도 휴유증..ㅋ 그래도 또 보고싶은  
20170322,10,한 가족의 일어나는 사건이라 슬프지만 몰입해서 스릴러답게 볼수 있을거 같습니다~  
20170321,10,얼른보고싶어요!! 옥택연 최고최고~~^^  
20170321,10,아 이런영화는 내 썸녀랑 같이 보고싶당 ㅎㅎ ♡  예고편봤는데 진짜 무섭고 기대가 많이되네요 연기파배우 김윤진누나의 연기와 옥택연씨의 연기  글구 영화의 줄거리와 반전 정말 기대됩니다  
20170321,1,외국영화 어떤거지 암튼 그거랑 내용이랑 연출이 비슷하던데리메이크 한건가요?  
20170321,8,택연때문에 믿고거르려 했더니 김윤진때문에 봐야할듯  
20170320,10,영화 포스터만 봐도 긴장감이 물씬!!! 두 배우의 호흡이 무척 기대됩니다.  
20170320,8,디 아더스 영화랑 느낌이 비슷한거같아 기대됩니다^^  
20170319,10,스릴러퀸의 음산하고 공포 연기 그대로 전해주세요 무서워서 기억에 남도록  
20170319,9,기발한 스토리에 주옥같은 미스테리 스릴러물 기대해요!!  
20170319,10,진심 무섭겠네요 -_- 옥택연도 눈빛이 틀려졌다..  
20170319,9,예고만 보고 기대잔뜩하고 갑니다.. ㅎ  
20170319,10,으앙~~ 잼있겠네요 꼭 보고싶어요  
20170319,10,이런거 연기는 김윤진을 대처할자가 없음  
20170319,10,원망의 표정과 눈빛 봐라 겁~나 분위기 최고다 진짜  
20170319,10,예고편만 봐도 완죤 무셔ㅠ 대박예감  
20170319,9,스토리 설정 좋구나.. ㅎㄷㄷ 믿고 기대합니다  
20170319,9,김윤진의 3년만의 연기력은 눈빛에서 보인다 :)  
20170319,10,재밌을거 같아요~ 기대하고있을게요  
20170319,10,갓윤진이 스릴러찍으면 무조건 보는거 아닙니까?  
20170319,8,침이 마를정도로 오싹하구 긴장탈거 같은데 나올거면 무섭게 나오믄 좋겠어  
20170319,10,스토리에 압도적인 스릴이 느낄수있는 영화인듯  
20170319,9,예고편에서 살금살금 집에 알수없는 존재를 찾을때 긴장감 폭발임!!ㅜ.ㅜ  
20170319,9,왠지 뻔하지 않은 스토리일 거 같아서 궁금하고 몰아칠거 같음^^  
20170319,10,김윤가 나오는 영화라 더욱 기대감상승!!! 무조건 재밌을거라 생각해여 ㅋ  
20170319,10,진실을 파헤치고 추리하는 스릴러는 언제나 잼나고 반전이 숨어있지  
20170319,10,25년전과 같이 집 안에 누군가있다니.. 설정 무섭당..ㅠ  
20170319,9,이건뭐징 ㅋㅋ 귀신나오는 영환 아닌거같은데 뭔가 모르게 알수없는 소름이…  
20170319,10,"섬뜩하구 무서움ㅠ,ㅠ  칭구랑 꼭 같이보러가야겠음  "
20170319,10,3년만의 복귀작인 김윤진씨의 소름돋는 또 한번의 스릴연기 기대해봄^_^  
20170319,9,정말 집안에 누군가 있다는게 너무 오싹하다.. 보고나오면 너무 무섭겠는걸  
20170319,9,외국에서 볼듯한 스토리에 주연이 지대로라 기대해봅니다  
20170319,9,이런 미스터리스릴러 장르 취향저격ㅋㅋㅋ  
20170319,10,"아들을 찾을 수 있을까,,, 역대급 스릴러로 나오길 바랍니다  "
20170319,8,예고에서 보여주는게 다가 아닐거라는 생각이든다~ㅎㅎ 얼른보구싶다  
20170319,10,김윤진씨의 오랜만의 스릴러로 여왕의 귀환  
20170319,10,방송출연해서 스토리가 회오리처럼 몰아친다고 하니 ㅎㅎ 기대해도 좋을듯  
20170319,10,할머니가 된 김윤진의 비밀이 궁금함.. 분장이 디테일한게 무섭네여 ㅠ  
20170319,10,집에 다시돌아와 사건의 진실을 파헤치는모습이 눈을뗄 수 없는 몰입감을 주는듯  
20170319,9,예고편에서 긴장감~ 큰 화면에 음산한 음악에 들으면 졸도각  
20170319,8,왜 아들은 사라졌는지..슬프지만 궁금  
20170319,9,김윤진 조재윤 택연 모두 좋아하는배우라 더맘에드는영화!! 흥해랏  
20170319,10,상상력을 자극시키네요 보고싶어요 ㄱㄱ  
20170319,10,소름… 독특한 소재로 연기가 더 심오했을듯  
20170319,8,내용상 먼가 쉽지않은게 숨겨져 있는데 반전쩔듯한 이느낌?  
20170319,9,스토리 완전 꿀잼각! 올만에 보고싶어짐  
20170319,10,영화 끝까지 섬뜩하면서도 분위기에 압도당할거같음ㅋㅋㅋ 굿굿  
20170319,9,하우스미스터리 스릴러 작품이라 독특  
20170319,9,스승의 은혜 김대웅감독이 연출.. 미스테리 공포다공포 ㄷㄷ  
20170319,10,눈빛부터가  공포스릴넘치는 영화라고 느껴짐ㅎ  
20170319,10,"감독, 제작진,배우 보니 볼만할듯  "
20170319,9,이런스탈영화 좋음ㅋㅋ 개봉날까지 기다려지네…  
20170319,9,ㄷㄷㄷ 예고편 무서워잉 다른곳도아니고 집에서…  
20170319,10,예고편봤는데 순간 몰입;; 본편은 완죤 쫄릴듯  
20170319,9,장난아냐 미쳤당 영화 완전 무서워보임.. 후덜덜  
20170319,9,그들의 존재?.. 예고편봐선 귀신짓처럼 이상하던데..?  
20170319,10,3년만의 국내작품으로 선택한 영화니 믿고볼만하겠지?  
20170319,10,예고편짱무섭.. 개쫄았음ㅋㅋㅋ 본편은 더 심각할듯  
20170319,8,스토리와 구성이 단순하지만은 안을거 같은 미묘스러운 공포  
20170319,10,집에 누군가있다는 설정… ㅎㄷㄷ 지린다  
20170319,8,25년만에 다시찾아온 집에도 여전히 알 수없는 존재가 있는게 더 소름끼쳐!!!!  
20170319,9,월드스타 김윤진씨와 택연씨가 나오네욤ㅋㅋ 배우들이 좋아서 더 보고싶은영화!  
20170319,9,영화제목도 특이함 시간위의집이라니… 먼가 끌린다  
20170319,8,개봉하면 보러가야지~ 도대체 무슨일?? 그냥 정신이상 살인아닌가  
20170319,8,외국영화 컨저링과 비슷한느낌 집안에서 일어나는 괴기한 일들??  
20170319,10,믿고보는 김윤진표 스릴러물이 나왔네여~  :)  
20170319,9,극장에서 심장벌렁거리는 극한 긴장감에 빠져보고 싶어요  
20170319,9,연기의 여신 ㅋㅋ 믿고보는 스릴러가 되겟군  
20170319,9,"여배우중에 2시간짜리-단독주연이 가능한 몇안되는 여배우 김윤진,,특히 스릴러 연기는 타의 추종을 불허한다,,세븐데이즈..에서 충격적인 심리 스릴러연기...  "
20170319,10,김윤진언니 최고예요!! 대박나시고 영화잘 나왔음 좋겠당~  
20170319,9,감독님의 전작에서 봤던 과감하구 살벌한표현을 이번작품에서도 느꼈으면해여  
20170319,8,"집안에서 사건이 일어난다는 설정이 어떻게보면 현실적이나 너무 끔찍함 ㅠ,ㅠ 영화는어떨지….  "
20170319,9,예고편만봐도 극도의 긴장감과 스릴을 느끼게 하는 한국형 스릴러물  
20170319,10,김윤진씨 오랜만에 스릴러물로 국내작품하셨네요 ㅇㅇb 돌아오길 기다렸어요  
20170319,10,시사회하면 당장보구싶당~.~ 내공이있을만한 스릴러  
20170319,9,25년전에도 지금도 나는 엄마야.. 기대기대  
20170319,10,앗 내가좋아하는 갓윤진씨나옴!!ㅜ 4월엔 이거먼저 봐야징~~~  
20170319,10,오랬만에 극장에서 김윤진님 고급진 연기 보러갈게요 -0-  
20170319,10,내가사는 집에서 이런일들이 생긴다면? 생각만해도 개소름이네 ㅎㄷㄷ  
20170319,10,그날 무슨일이 있었는지.. 영화를봐야만 알 수 있겠죠~ 시사회먼저보구싶네여~  
20170319,9,기대를 많이 하면 안되겠지만 믿고 볼게요~~!!!!  
20170319,10,과연 얼마나 멋진연출과 스토리가 나올지 궁금하고 기다려집니다^^  
20170319,10,드뎌 공포영화같은 스릴러물이 나왔구나… 김윤진 나와서 더욱 기대~~~  
20170319,10,"김윤진,,, 또한번 열연하는게 기대가됨  "
20170319,10,영화 완전재밌어보여요~~ 먼가 반전도있을거같은 그런 숨겨진느낌???  
20170319,10,하우스 미스테리물.. 기대하고 갑니다  
20170319,9,스릴러는 극장이지 ㄱㄱ 아주 겁나게 만들어주시길~  
20170319,10,검은사제들 생각이나는 포스터네 ㅋㅋ 알고보니 이영화 각본을 쓰셨군ㅋ  
20170319,10,사건에 진실이 찾아 추리하는 이런 장르 좋아요~ 영화기대해볼게요^^  
20170319,10,날이 풀리니 이런 공포스릴장르가 슬슬나오네… 이런건 영화관에서 제대로 느껴야지  
20170319,10,오 반가운 김윤진씨와 스크린에 첨보는 택연씨 그리구 요즘뜨는 조재윤씨 캐스팅조합 신선하네여  
20170319,9,세븐데이즈에서도 엄마를 연기했는데 이번 시간위의집은 비슷하면서도 다른느낌으로 연기할거같아~~  
20170319,10,굉장히 음산한 분위기인 하우스라는 배경으로 영화가 설정되어서 더 독특한게 끌리네  
20170319,10,연기짱 윤진언니 너무 이뻐요 >.< 좋은 연기 부탁해요  
20170319,10,예고편에서 다나온거아님? 그날 먼일이 있는겨??  
20170319,10,미스터리영화는 보고나서 집갈때까지 긴장하게되더라..  
20170319,10,무서운데.. 너무 궁금하다… 먼가 진실파헤치는게 보고싶다..  
20170319,10,집에서 느껴지는 음산한기운.. 문 삐거거걱 열리는거도 무서워 ㅜㅜ  
20170319,9,영화관에서 무조건봐야함ㅋㅋ 사운드도그렇고 큰화면으로 제대로 스릴물을!!!  
20170319,10,겁나 꿀잼각일듯??? 개봉 얼마안 남았네…너무 기다려진다 ㅠㅜ  
20170319,10,오 제가좋아하는 윤진님 나오심 ㅋㅋ 꼭 보러가겠습니당  
20170319,10,25년전 그날사건과 그 이후 맞딱뜨리게되는 그들이라는 존재.. 궁금해서 보러가겠음ㅋㅋㅋ  
20170319,10,뭐지… 예고편만봤는데 섬뜩한거같아요 친구랑같이 보러가보고싶네요  
20170319,9,살해된 남편과 실종된아들을 찾는 여주인공의 모성애가느껴집니다ㅜ  
20170319,10,이런장르…너무끌림ㅋㅋ 완전공포영화가 아닌 섬뜩한 미스터리 스릴러  
20170319,10,믿고보는 갓윤진씨 나오셨네요!!!! 세븐데이즈 넘재밌게봐서 이영화도 기대해봅니다  
20170319,10,스릴러 너무 좋은데 김윤진님은 점점 좋아짐 ㅎ  
20170319,10,실종된 아들을 찾는 악에받친 열연과 눈빛 몸짓 신들린 연기 보여주세요  
20170319,10,하우스 미스테리라는데 김윤진의 선택은 과연!  
20170319,10,옥택연씨가 완벽한 영화라고 했어요 ㅋㅋㅋㅋ 기대는 안하고 편하게 보겠습니다  
20170319,9,내가 쉬고 잠자는집에서 누군가가 같이있다고 생각하니 완전소름…  
20170318,10,역시 미스터리 스릴러는 영화상 분위기랑 ost 분장 등 한몫을하네… 집이 께름칙하다  
20170318,10,김윤진배우 오랜만에 국내영화에서 뵈니 너무 반갑네요~ 항상응원할게요~  
20170318,10,요새 본 예고편 중에 젤 보고싶은 영화닷  
20170318,10,상상하면서 추리하는 스릴러물~~ 완죤기대  
20170318,9,줄거리만봐두 너무궁금해… 무섭지만 기대기대  
20170318,10,아 예고편만봤는데 겁나재밌을듯 추리하는 이런장르 딱좋음ㅋ 보러가야겠다  
20170318,10,긴장감과 스릴을 즐길수있는 영화인듯 예고편만봐두 심장이 두근두근거림..  
20170318,10,올만에 보고싶은 스릴러물이 나왔네 보러가야겟다 ㅋㅋ  
20170318,10,예고편쩐당ㅋㅋ 김윤진씨 완전 돋보이네요  
20170318,10,내가 딱 찾는 장르다 분위기가 심상치 않다ㅋ  
20170318,10,스토리 완전대박신선하네ㅋㅋ 올만에 등골서늘해지는 영화를 보겟군  
20170318,9,아들을 찾아야되고 그들이랑 맞서기위해 엄청난 분노로 돌변하는 그 여주 모습이 인상적이네요  
20170318,10,집중할 수밖에 없는 압도적인 스릴이 있는거같다 글서 더 보고싶음  
20170318,10,예고편이랑 포스터만봐두 음산하고 소름끼친다…ㅠ  
20170318,10,항상 응원해요~ 언니 완죤 멋짐터짐~~  
20170318,10,OOO기력.. ㅎㄷㄷ 꼭 봐야징  
20170318,8,폭넓은 나이차 연기를 혼자한다는것도 대단  
20170318,10,김윤진의 국내 컴백 4월엔 이거 무조건 봐야것다  
20170318,10,김윤진배우 또한번 스릴러퀸으로 인정..눈빛보소  
20170318,10,헐.. 대박 김윤진씨 올만이네요 국내복귀작이라니 기대기대중!!ㅎㅎ  
20170318,10,관객도속고 당할거같은 반전??  
20170318,9,빨리보고싶어요~ 무서운 분위기니 친구랑 보는걸로  
20170318,10,하우스 미스터리라는 독특한 소재라 왠지 모르게 끌리네여  
20170318,10,월드스타 김윤진의 쏠로 연기 폭발 ㄱㄱ  
20170318,10,한국판컨저링이라는뎅 이영화는 어떻게 그려질지 궁금  
20170318,10,검은사제들이 살짝생각나네요 흥미진진하고 스릴만끽이라 이것두 기대해볼만  
20170318,8,캬~~ 이정도는 되야지?? 보고싶고 응원합니다  
20170318,10,스토리랑 집이라는 분위기가 장난없다.. 사운드 보소 ㅠ  
20170318,10,김윤진이 선택한 3년만의 작품!! 믿고 봐도 된다  
20170318,10,집에 무언가 미스터리한 그들.. 무엇인지 왜그러는건지 상상을 자극하고 궁금증이 끊이질 않네요 ㅎ  
20170318,10,스릴러안에서 모성애가 운명을 바꿀수 있을지~  
20170318,9,25년이나 수감생활을하고 집으로와서 또?? 분노극대  
20170318,10,갓윤진 스릴러의 월드클래스를 함 보여주세요  
20170318,10,눈빛자체가 집중하게 만드는듯 특수분장도 4시간가까이 ㅎㄷㄷ  
20170318,10,먼가 빨려들어가는 느낌ㅋㅋ  
20170318,10,제대로 몰입하며 볼 수 있을 영화라구 믿어봄  
20170318,8,역시 배우들 캐스팅이 느낌좋음.. 화이팅  
20170318,10,역대급 배역이다.. 이번에는 지대로 몰입영화 볼거같은데  
20170318,9,정말 무섭나요? 조금만 힌트좀 ^^ ㅋ  
20170318,10,예고편만 계속 보구있다규~ 볼때마다 기대감상승!!  
20170318,10,임대웅감독님과 김윤진배우의 시너지효과 기대기대~~~!!  
20170318,10,아들까지 실종된 엄마의 마음.. 꼭 보고싶어요  
20170318,9,긴장감넘치고 심장이 쪼이는듯한 후덜덜한 미스터리 스릴러물일듯  
20170318,9,추리물인데 김윤진한테 압도당할거 같다  
20170318,9,뭔가 집안에서 일어나는일은 남일같지가 않아 ㅠ 무셔  
20170318,8,감독 제작진 나쁘지않고 택연도 이번에 작정한듯한 연기  
20170318,9,세븐데이즈랑 국제시장 영화에 이어서 시간위의집도 흥행할 것 같다능?!  
20170318,10,김윤진씨의 3년만의 국내복귀작으로 선택한영화라 더욱 기대^^  
20170318,9,연출이 독특하구 섬뜻해서 보고싶긴 합니다  
20170318,8,또다른 자아가 있는거 아님? 머지머지  
20170318,8,집안에서 일어나는 무서운상상 추리라니… 아파트사는게 다행  
20170318,10,김윤진 나오는거라 믿고보는예매ㅎㅎ  
20170318,10,미스터리 스릴러라 엄청난 비밀과 꽁꽁숨겨진 진실이 무엇인지 설정이 나쁘지 않음  
20170318,10,김윤진씨의 열연이 또한번 기대가된다는~  
20170318,10,추리하고 진실을 파헤치면서 알아가는 그런스토리라 뭔가 반전도있을거같음 기대중입니다  
20170318,9,국내에선 생소한 하우스 미스터리라구해서 더욱 궁금증을 자아내는 영화네요  
20170318,9,포스터만봐도 굉장히 음산하고 소름끼치지않나요?  
20170318,9,김윤진씨 25년 후의 할머니얼굴 분장 너무섬뜩해여ㅜ.ㅜ 사운드도 긴장감백배ㅠ  
20170318,10,이거는 잘못봐도 쫄보되겠다..ㅋㅋ  
20170318,9,김윤진의 갓스릴러 다시 한번 심취하고 싶습니다!  
20170318,9,스토리도 신선하구 연기파배우라서 더욱 기대되고 보고싶어요  
20170318,8,단순히 예고에서 말하는게 다가 아닐거다 먼가 있는게 느껴짐 ㅎ  
20170318,9,미스터리 스릴 공포 이런 장르 너무 좋아함ㅋㅋ 뻔하지않은 소재라 기대해 봅니다  
20170318,10,시사회나오면 먼저보러가구싶어유ㅠㅠ  
20170318,10,김윤진씨 연기라면 믿고볼만하다고 생각해요 예고편만봐두 몰입감이 장난아님  
20170318,9,영화 줄거리만봐도 상상하면서 기대가되고 흥미로워요..  
20170318,10,세븐데이즈 이후의 최고의 스릴러로 돌아온걸 환영합니돠~  
20170318,10,긴장감넘치는 스토리와 섬세한연출이 느껴짐 스토리도 역동적으로 전개될듯  
20170318,10,귀신이 나오지 않는 이런 공포가 오히려 더 보기 힘듬 ㅜ  
20170318,9,노인 연기도 전혀 어색없는 급이 다른 여배우  
20170318,8,예고편만 봐도 연기 미쳤다 ..ㄷㄷ 어우..진심 무섭겠다  
20170318,9,살해된남편과 실종된아들… 25년이지나도 아들을찾는 엄마.. 슬프고 무섭다..  
20170318,8,제목과 내용이 벌써부터 소름..  
20170318,10,팬심도 있지만 스릴러이기 때문에 닥추하고 봅니다!  
20170318,10,"배우들의 캐스팅과 시놉시스, 감독님 검색해보니 이건 꼭 극장에서 봐야할 듯 싶음  "
20170318,10,오랜만에 정말 기대되는 역대급스릴러 작품이 될 거 같아요  
20170318,9,장면마다 공포스러울거 같아서 꼭 보러갈거예요  
20170318,10,극악의 상황에서의 김윤진의 연기력은 백문이 불여일견  
20170318,9,집에서 일어나는 사건이라 더욱 소름끼치네요  
20170318,10,기대를 져버리지 않는 김윤진의 복귀작!! -0-  
20170318,10,의문의 살인사건… 보이는 단서가 다가 아닐거 같은 반전이 숨쉬는듯  
20170318,8,오..택연은 첨스크린나오는거아닌감?ㅎㅎ  
20170318,9,긴장감에 탄탄한 스토리까지 옥택연의 눈빛이 왼지 무르익은듯한모습이..  
20170318,10,압도하는 눈빛연기.. 김윤진의 스릴러는 진리  
20170318,10,관객이 생각하는걸 모두 반전시켜줄듯한 분위기  
20170318,9,어제 라이브로 보니 완죤 언니 광채 ~ 캬악 기대되요  
20170317,10,스릴러 좋아하니 무조건보러가야지 믿고보는 김윤진표 스릴러  
20170317,10,우리언니 단단히 준비하고 나오셨다 각오들 하시길 ㅋ  
20170317,10,하우스미스터리라 독특한소재라 맘에들어요 명작의 탄생을 조심스레 예감해봅니당~  
20170317,10,스릴러는 우리나라가 짱임.. 심장쫄게 만드는 감독들 대단  
20170317,10,예고편에서 살떨리는 무서움이.. ㄷㄷ  
20170317,10,킹갓윤진!!! 믿고 봅니다 화이팅  
20170317,10,완죤 기대작!  영화관에서봐야 꿀잼  
20170317,10,외국에서 유일하게 인정하는 여배우다 인간적으로 안보고 까진 말자..  
20170317,10,주말인데 간만에 김윤진 나오는것만 몰아서 볼까  
20170317,8,오오 예고편만봐도 소름.. 반전도있을거같은데요?  
20170317,9,집에서 일어나는 소름끼치는 일이 뭘까.. 강력한 궁금증 발동~~  
20170317,10,"김윤진씨는 말할것두업구 택연, 피고인에나오는 조재윤씨까지 어떤연기로 관객을 사로잡게할지 궁금하네요  "
20170317,9,여주인공이 남편과 아들을 살해한것같진않은데…  
20170317,10,캬~ 이런거 딱좋아.. 김윤진 인생스릴러??  
20170317,9,김윤진배우님이 선택한 작품들은 모두 성공하지않았나용?ㅎㅎ 이번영화도 기대중  
20170317,10,미스터리 스릴러물 너무 좋아해서 이번에 개봉하는 시간위의집도 얼른 스크린으로 만나보고싶어요  
20170317,10,1차 2차 메인예고편까지 모두봤어요! 내용도 엄청 흥미로울거같아요  
20170317,9,국민배우 납셨다 ㅎ_ㅎ 스릴러 여신으로 등극하길~  
20170317,9,후덜덜한 공포와 미스터리 추리극 딱 내스탈이네용 개봉하면 꼭 보고싶어요  
20170317,10,젊은시절부터 나이가 든 모습까지 김윤진씨의 폭넓은 연기를 볼 수 있을것 같아 좋네요ㅎㅎ  
20170317,10,강렬한 궁금증과 호기심을 자극하는 시간위의집! 기대되는 작품입니다^^  
20170317,10,남친 대리고 가서 봐야하는 남친필참 영화 ㅋㅋ  
20170317,9,대충 줄거리상 깜짝놀래키는 공포보다는 분위기랑 사운드로 가슴졸이면서 보게될것!  
20170317,9,집안의 무언가와 싸우고 아들을 찾아내려는 김윤진씨 연기가 진심 쫄릴듯..  
20170317,8,이런장르가 또.... 스릴러는 죄다 보기 시작했는데 머리털 다 빠지겠네  
20170317,10,공포영화덕후입니당ㅋㅋ 23아이덴티티 같은느낌이 드는데요? 개봉일까지 너무기다려집니당  
20170317,9,오~~~우 흥미진진.. 무서울수록 매력있는 스릴러 굿  
20170317,10,25년전 그날 무슨일이있었는지 컨셉좋다..ㅎ 사운드 빵빵하게 극장 ㄱㄱ  
20170317,9,예고편을보니 결말이 너무궁금해지네요.. 무슨 귀신소행인지 반전이 있는건지..  
20170317,9,나이먹어가는 과정인데도 풍기는 대배우의 포스.. ㄷㄷ  
20170317,10,오랜만에 김윤진연기에 2시간동안 빠져볼수 있겠네요~  
20170317,9,헐리우드출신의 김윤진은 결코 배신하지 않는다  
20170317,8,예고편에서 대사들이 궁금증을 유발시키네ㅋㅋㅋㅋ하  
20170317,10,김윤진씨 국내복귀작 오랜만에 돌아오셨네요!! 영화개봉때까지 기다릴게요!!  
20170317,10,회상의 스릴러가 얼마나 무서운지 아나!?  
20170317,10,소재가 참 심적으로 무서울만한게 평타이상예상  
20170317,9,오싹하고 상상을 자극하는 스릴러ㅋㅋ 공간보소  
20170317,10,스릴러 빠들 모여라.. 이번에 믿고 봐도 된다  
20170317,10,신선한소재라 기대가되구요 연기력이 보장되는 김윤진씨의 3년만의 복귀작이라 더욱 기대가되여^0^  
20170317,9,와 검은사제들 장재현 감독 각본!!  
20170317,8,공포 스릴러가 요즘 하도 허접해서 기대하고 있었다  
20170317,10,와.. 뭔가 섬뜩? 모성애도 자극하면서 오싹한분위기라.. 재밌을거같음  
20170317,9,미쳤다..ㄷㄷ 진심 무섭겠는걸?  
20170317,9,손에 땀을쥐는 영화일듯! 스크린 큰 영화관에서 제대로 보다면 확실히 더욱 재밌을거라 생각해요  
20170317,9,이런 미스터리 공포장르 너무 좋아 ><  택연오빠도 나옴? ㅋ  
20170317,10,아 보고싶은데 혼자는 보기 싫다 ㅋㅋㅋㅋ  
20170317,9,김윤진씨의 표정하고 목소리가 ㅎㄷㄷ  
20170317,10,최근 어설픈 스릴러 많이 봤다.. 이번엔 한번 지대로 가보자  
20170317,10,메인예고편에서도 느껴지는 사운드와 공포분위기… 심장이쫄깃+소름  
20170317,10,믿고 보는 스릴러 여왕 김윤진  
20170317,9,사람사는 집에서 자꾸 이상한일이 일어난다면 진짜미쳐버릴듯… 기대기대  
20170317,10,장담하건데 완~~죤 무서울듯 ㅡㅡ..  
20170317,9,그들이라는 존재가 뭘까 하는 궁금증이 자꾸생기네요 빨리보구싶어요 ㅎㅎ  
20170317,10,이런연기는 김윤진이 최고다.. 눈빛 무셔  
20170317,10,예고편에서도 꿀잼스멜이 풍기네ㅎㅎ 25년뒤 김윤진모습도 무섭다는….  
20170317,10,김윤진이다 스릴러 원탑여배우 ㅡㅡb  
20170317,9,임대웅감독이 연출을 !!.. 이전영화들로 인해 더욱 멋진작품일거라 예상해봄  
20170317,9,엄청 긴장하고 봐야될거같아요!! 예고편에서 느껴지는 무서운분위기..  
20170317,8,연기파 배우들이라 몰입감이 상당할거같구 흥미로운 스토리일듯?  
20170317,9,이런건 끝나고 나도 계쏙 무서워.. 미챠 보고는 싶은디  
20170317,10,얼른4월개봉일이 다가왔음좋겠네요 믿고보는 갓윤진씨ㅎㅎㅎ  
20170317,9,이게 바로 김윤진이다 ㅋㅋ 다들 닭 되고 싶으심?  
20170317,10,하우스 미스터리라… 아 뭔가 심장이쪼그라드는듯한 분위기가 느껴집니다요  
20170317,8,갓윤진 복귀작~ 옆에 하나식 끼고 봐야할듯  
20170317,10,분위기 장난아니네..ㅡㅡㅋ 김윤진이 주연이다 ㅎㄷㄷ  
20170317,9,우왕.. 뭥미..ㅠㅠ 너무 무서울거 같아~~  
20170317,10,오랜만에 돌아온 김윤진ㅠㅠ  이번작품도 기대해봅니다!!  
20170317,10,공포스러운영화 별로안좋아하지만.. 김윤진씨 팬이라 꼭 봄 흑..  
20170317,10,집안에서 뭔 일이 일어나는거.. 누군가있다는 이런내용 개소름  
20170317,9,한국판 컨저링이라더만.. ㅜㅜ 완전무서울거같아용  
20170317,8,영화관객 수 200만이 넘으면 퍼포먼스로광화문 광장에서 택연씨가  사제복을 입고 백허그뒤사제복을 찢는 신을 선보인다했는데 꼭 사제복을 찢어야 이슈가 될까요~~ㅠㅠ  
20170317,10,뭔가 압도적인 스릴을 그리는듯한.. 스토리일거같네요 너무 기대됩니다  
20170317,9,남친이랑 꼭 손잡고볼거예요>< 스릴영화는좋아하지만 혼자는 보기힘듬  
20170317,10,예고편에서도 긴장감이 느껴지네요 매우 비밀스럽고 궁금하게 만드네요  
20170317,10,3년만의 국내복귀작이라는 김윤진배우님>< 이번에도 카리스마넘치는 연기기대해요  
20170317,10,반전도있을거같구..몰입감도 장난아닐거같아서 찜  
20170317,10,와 시사회하면 먼저보러갈래여~~ 추리하는 스토리 제 스탈임요 ㅋㅋ  
20170317,10,우오오오.. 무섭겠다 ㅠㅠ 언니 대박나세요  
20170317,10,김윤진이 선택한 스릴러는 의심할 여지가 없지않나?  
20170317,10,요즘 한국 스릴러가 스토리가 기가막히지.. 김윤진까지 캐스팅이라면 닥추  
20170317,10,이런영화 너무 좋아요~ 반전이 꽤 많을듯  
20170317,10,심장 쫄깃하면서 보고싶네요 ㅋㅋㅋ 김윤진의 갓스릴러  
20170316,1,옥의티는 옥택연이다.  
20170316,10,ㄱ보기드문 장르인데 기대되네요  
20170316,10,독특한 형식의 미스터리 스릴러 장르라는데 언능 보고 싶어요.	  
20170316,10,김윤진의 연기력은 말할 필요가 없는듯. 빨리 개봉 되길 기다려요^^	  
20170316,10,믿고보는 갓윤진이다 !! 간만에 극장각	  
20170316,9,예고편 봤는데… 음.. 음침하니.. 먼가 흥미로운 일들이 생길것 같은 예상이 팍팍!!!!	  
20170316,10,탄탄한 스토리와 굉장한 비주얼로 볼거리가 가득할것 같은 스릴러 기대작!!!	  
20170316,10,택연오빠 군대가기 전 마지막 영화인가요? 흐잉~ 언능 보고 싶어요…	  
20170316,10,"내가 좋아하는 스릴러물~~ 긴장감, 박진감 터지는 이런 스릴러 많이 나왔으면,,	  "
20170316,10,김윤진의 모성애 역할은 정말 소름끼치게 어울림 ㅋㅋ	  
20170316,9,며칠전 김윤진 나오는 하모니 보고 펑펑 울었는데… ㅎㅎㅎ 이번에는 스릴러네요. 완전 기대됩니다.	  
20170316,10,완죤 보고싶어요~. 등급이 제발 15세이길~ 김윤진 보고잡아요	  
20170316,10,광기어린 김윤진님의 연기 ㄷㄷ  
20170316,10,김윤진인거 알고 예고보는데 벌써 소름~~  
20170316,9,레알 보고 싶음. 김윤진이 이런영화는 장임 ㅎㅎ  
20170316,10,캐스팅 좋아서 망치지 않을거라 기대기대!  
20170316,10,"보고싶다 영화소재도 좋고, 얼마나 스릴있을지 궁금하다!  "
20170316,10,오우! 갓윤진이다 OOO기력  
20170316,9,스릴러는 정신적으로 힘들어도 마음이 강해지는 묘한 매력이 ㅋㅋㅋㅋ  
20170316,10,"어줍잖은 외국 스릴러판이였는데, 몰입을 일으키는 연기력 다시한번 부탁해요  "
20170316,10,실감나는 연기하면 김윤진인데 자식이 껴있으니 역대급 연기나오나  
20170316,10,이번 영화도 반전기대하고 보고나서도 머리속에 멤도는 수작이 되길~  
20170316,10,"이웃사람, 세븐데이즈는 연습게임.. 고고싱  "
20170316,10,오랬만에 김윤진의 쩌는 연기를 볼수 있는 좋은 기회!  
20170316,10,스릴러는 역시 새벽타임 ㅋㅋ 개봉기대중  
20170316,10,한국을 빛낸 위대한 배우 김윤진 닥추  
20170316,10,항상 기대없이 우연찮게 본 김윤진 영화는 다 쏠쏠한 재미가 있었는데~ 미스터리 스릴러라고 하니 또한번 딱 어울리네요  
20170316,10,정말 보고싶어요 ㅡ.ㅜ 쫄보들 데리고 극장대려가는 재미 ㅋㅋ  
20170316,10,예고편이 긴장감있게 구성되어서 세븐데이즈를 넘어설것인가?!  
20170316,10,이번에도 김윤진이 주연으로 나온다하니 기대 잔뜩 해보네요 ㅋ  
20170316,10,스릴러는 다좋아~  극장에서 보는 쫄깃함 ㅎㄷㄷ  
20170316,10,이언니는 부모로서의 스릴러연기는 정말 소름이다  
20170316,10,이번년도 한국스릴러 대한 스타트~! 김윤진 선공이다  
20170316,10,믿고 보는 갓윤진! 스릴러 대체불가 배우 등극  
20170315,10,좋아하는 배우들이 나와서 기대중~~^^  
20170315,10,"김윤진 ,믿고 보는 배우죠. 기대가 크네요.  "
20170314,4,감독 필모그라피가 워낙 구려서 별로 기대는...안된다...원래 잘하는 사람이 잘하는 법이다.  
20170314,1,과대평가된 여배우 김윤진의 이런 영화를 돈주고 가서 볼사람이 몇이나 된다고?  
20170314,10,기대되내요~김윤진연기^^하트뿅  
20170314,2,영화는 감독의 연출력이 90프로임. 이 영화는 똥일 것이 뻔함. 나중에 본 사람들 동의하면 추천해주삼.  
20170314,10,시나리오가 좋다니 기대해 볼만 하겠네요..  
20170314,1,빙구빙구빙구 빙구빙구  
20170314,6,솔직히 예고편만 봐서는 좀 엉성하다... ㅜ  유치하고 뻔한 스릴러 느낌에 티나는 분장까지. 보고싶기는 한데 흥할수는 있을지..  
20170313,10,음 예고편 분위기 좋음 내 스탈이야 ㅋㅋ  
20170312,10,새로운 조합... 새로운 스릴러...기대 업!!  
20170311,10,너무 기대되는 영화~!!  
20170311,10,와우.믿고보는 김윤진 배우님과 검은사제들 감독님의 시나리오...정말 기대가 많아요.4월이 빨리오길 기대할께요.예고편만봐도 소름이네요...  
20170228,6,검은사제들 감독님이 각본을 쓰셨습니다  
20170227,10,예고편과 포스터에서 웰메이드 스릴러의  포스가 ..  
20170227,10,오랜만에 보고싶은 스릴러. 난 이런 두뇌플레이가 좋더라.  
20170224,1,개노잼 삘이다 역시 예고편만보고 이거 보러가자고 설치는 애들 많은데 나올때 아노잼이야...하고 똥씹은표정이다 백타  
20170221,10,꺅!!!배우!감독! 다 기대되요>.<  
20170206,10,오! 정말 기대되네여!  
20170110,10,김윤진님 국내에서 작품 더 많이 찍어주세요!! 응원합니다  
20161010,10,택연이 군대전 마지막작품일꺼같은데 촬영잘하고 이번역할도 많이기대할께♡♡  
20160922,10,"일단 국내외로 연기력 확실히 검증된 믿고보는 월드스타 김윤진씨의 스크린 복귀작이라 기대가 되고, 공포물의 거장 임대웅 감독 특유의 미쟝센과 만나면 충분한 시너지 효과를 낼 것으로 기대합니다. 김윤진씨 국내 활동좀 많이 해주세요! 항상 응원합니다!!  "
