0,1,2
20171213,10,잘됐으면 좋겠다~우성군 팬으로...근데 언제쯤 북한공작원 사실묘사 할려나..키작고 못생겨야되지않나?  
20171213,1,개노잼ㅋㅋㅋ 시사회가서 보다 나옴  
20171213,1,한국영화는 솔직히 배우들 보고 보는게 전부임.. 가끔 아저씨나 신세계처럼 터져주면 고마운거고. 나는 그냥 정우성 잘생겨서 보러 갈거고 곽도원 연기 좋아서 볼거고 그게 전부  
20171213,10,시사회 보고옴 : 기대이상+꼭보자.  
20171213,8,조우진님 존재감쩜~긴시간인데 정말 금방지나간 느낌 이네요강추!!  
20171213,8,러닝타임 긴데 잘 모르고 볼 정도로 긴장감을 잘 유지하네요. 재밌게 봤어요. 영화 잘 될 것 같네요.  
20171213,1,정우성은 비트이후 연기에 발전이 없다. 믿고거르는 정우성- 정치적성향으로 이목끌기만 바쁜 3류  
20171213,10,시사회 갔다왔는데 진짜 재미있네요 별기대 안하고  봤지만 개인적으로 배우들 연기도 너무 좋았고  나름 감동도 있고 재미도 있어서 영화 시간에 비해서 시간이 금방 갔던거 같아요!! 저는 강추합니다!!ㅎㅎ  
20171213,10,"시사회로 보고 왔습니다! 뻔한 스토리일 수도 있겠지만..제겐 많은 생각을 할 수 있게 해 준 영화였습니다. 국제사회에서 작용하는 국가 간의 힘, 그 속에서 우리나라가 나아가야 할 방향 등 생각하게 되네요..!! 배우들 연기,액션도 훌륭합니다!강추!!  "
20171213,8,시사회로 봤는데요 솔직히 이런 소재의 영화가 많아서 기대 안했는데 생각보다 재밌습니다. 스토리도 뻔하지않고.. 재밌어요! 연기도 좋고  
20171213,10,배우들연기모두 훌륭 !! 너무재밋었어요!!  
20171213,1,지루의 끝판왕 최악이다.. 영화가 끝나길 바란건 올해 처음  
20171213,10,"보고 이야기합니다,철우2분의 대화 진심 재미남  "
20171213,1,진짜 노잼이닼ㅋㅋㅋ뻔해 너무ㅋㅋㅋ  
20171213,10,정우성이 영화에서는 흥행하지못한다를깨줄 영화예요재미나고 감동적이고 짱입니다  
20171213,5,아니 이거 배우들 좋은데 내용이 이게 뭐야 허.... 배우봐서라도 5점 줍니다  
20171213,9,시사회로 방금 보고왔는데 21세기 한국 영화중 가장 최고라고 말하고 싶다! 스토리 전개 연기 상황 반전 모두 최고다! 현 시국을 가장 잘 설명한 영화  
20171213,10,시사회 보고 왔구요 보는 내내 진지한 영화에 관객들 엄청웃었는데 진짜 재미있게봤는데 평점이 왜그래요? 보지도 않고 비추천 엄청눌려있고 북한 어쩌고저쩌고 하면서 평점0점에..개봉하기도 전에 평점 테러 너무하지 않아요?;;  
20171213,1,"배우 연기꽝, 남북설정 복사붙여넣기 상업 영화. 믿고 거른다  "
20171213,10,인생영화 입니다 각본 연기자 스토리 지금까지 한국영화중 초고입니다 다들 꼭 보세요 넘 재밌네요  
20171213,1,"전형적인 좌빨영화핵위협은 실제 상황입니다.실제 북한에서 쿠데타가 일어나, 김정은이 물러나게한다면 쿠데타세력은 항복을 하겠죠.민족통일,전쟁위협 등으로 자극하여 표팔이하지마세요.저 상황에서 선공격할까 고민할곳은 우리가 아닌 북한입니다.  "
20171213,10,영화 개봉도 안햇는데 악플들은 참 정신병자도 아니고  
20171213,10,요즘 나온 북한과 관련된 영화들과는 다른 내용으로 접근하는 영화여서 더 재미있다.  
20171213,1,또 정치영화냐...어휴. 언제까지 극성향적 영화만 만들꺼냐? 이러니 나라가 미개하다고하지 제발좀 정상적인 영화좀 만들자  
20171213,10,기대되요 변호인 감독님 꺼라 더더욱이요  
20171213,1,"개봉전에 벌써 망스멜이,구남도때보다도.냄새가 더 가열차게 진동하네,곽도원씨가 아깝다,댓글보니 정씨발연기 알만한 사람은 다 아는구만.그옛날 신인 3대발연기장인. 장동건. 송승헌. 정우성에서. 장.송씨는 완벽히 변신했는데, 이배우는 한결같은거 실화냐?  "
20171213,1,어처구니없는 스토리 전개  
20171213,1,오늘은 햄버거나 하나 먹어야겠다  
20171213,1,걍 아수라 2편 이젠 정우성영화는 기대하지도 않는다.  
20171213,1,아수라의. 느낌이난다  
20171213,10,영등포라이브톡으로 봤는데 정말 재밌게 잘봤네요 스토리가 유치하지 않고 탄탄해서 우선 정말 마음에 들었구요 휴머니즘이 돋보이는 간첩물영화 정우성 곽도원 감정연기가 참 좋았어요 역시 똑똑한 양우석 감독이라 생각드네요  
20171213,1,한국영화는 소재가 어째 다 똑같냐 ㅋㅋ 또 북한에서 요원내려왔네 지금 북한이랑 사이 그렇게 안좋은데 이 시점에 이런영화를 내야겠냐 그리고 맨날 북한인은 잘생기녀 ㅋㅋ  
20171213,8,시사회로 봤음. 결말이 비현실적이긴 한데 재미있음. 정우성 특유의 껄렁한 말투가 북사투리에 묻혀서 괜찮았음. 곽도원씨도 위트있게 연기 잘하시고.  
20171213,4,백퍼 이거 노잼같음..  
20171213,10,연애인경현이보고싶다  
20171213,10,현실적으로  재미와 경각심까지 일깨워준 영화.  
20171213,1,"영화 봤는데요, 군대를 안갔다온 정우성씨가 나라 구하는 역  하는거 자체부터 이중성 쩔었어요.미국은 왜 항상 나쁘게 나오죠?  "
20171213,6,소재부터 너무 식상하지않나곽도원은 진짜 연기 잘하지만 검사 국회의원 이런역할 말고 다른곳에서 좀 보고싶음  
20171213,10,소재가 흥미를 자극하네요  
20171213,7,vinci야 그럼 vip에서 국정원 장동건은 현실적인 외모냐?  
20171213,8,왜 이렇게 부정적이신지??  
20171213,6,배우들도 좋고 감독이 역사의식을 제대로 짚고 넘어간 건 좋은데 연출과 스토리 연결이 아쉽다...아직 JSA를 넘기엔 약하다 약해.. 웹툰으로만 남았어야...공조보단 약간무거운..그리고 영화상의 북한말은 항상 알아듣기 어려움..  
20171213,1,"북한군, 남한군을 현실적으로 바꾸기를.. 북한 미화는 그만 하길 바랍니다..  "
20171213,1,코미디인가? 장르가 도대체....  
20171213,5,기자 평점 어딨냐 10자  
20171213,1,엉성한 연출... 차라리 웹툰이 낫다  
20171213,10,시사회에서 봤는데 완전 핵잼 영화임... 소름돋는 리얼리즘... 한국영화 첩보액션 영화의 한 획을 긋는 수작! 역시~ 천만 영화감독 양우석!  
20171213,1,보진 않았지만 정우성나오는건 거르기로해서 1점드립니다 아수라꼴 예상해봅니다  
20171213,8,정우성 배우님 이번 영화 연기력 너무 좋음! 열일 하시는 외모 때문에 과소 평가되는게 아쉬워요~ 하반기에 개봉한 한국 영화중 가장 재미 있었어요!드라마 도깨비에 나오셨던 비서님  표정 연기 압도! 곽배우님 팬은 아니지만 능청스런 연기 칭찬합니다~~~  
20171213,1,정말 북한 소재 그만찍자.. 흥미없다.. 현실도 별로 반영도 안되고..  
20171213,10,시사회통해 봤는데 기대했던것보다 기대이상으로 재밌었고 강추할만합니다!  
20171213,10,존잼 ㅋㅋㅋ 웹툰과는 또 다른 재미  
20171213,10,기대했던 영환데 기대이상! 개봉하면 한번 더 볼 생각임!  
20171213,10,멋진 배우들과 멋진 감독님이 만들어낸 멋진 영화  
20171213,5,"보러가야지..,..  "
20171213,10,좋은 기회로 미리 보고 왔는데 너무 재밌네요ㅋㅋ 개봉하면 반응 핫할것 같습니다  
20171213,10,조우진 배우님 입덕 영화 탄생. 멋진 거 혼자 다 하는 클라스~ㄷㄷㄷ 최고!! 무튼 영화도 꿀잼~굳  
20171213,9,오랜만에 기대되는 영화ㅎ 시사회 평도 좋아서 더 기대된다 ㅎㅎ  
20171213,10,진짜 보고 싶던 영환데 시사회 갔다 온 사람들 부럽다  
20171213,10,"북한 우호하는 내용아닙니다 영화적 비현실성은 있겠지만과하지않고,  있을법한 체계적인 픽션에 한국 사람이라면 의문을 가질만한 내용에 대해서 영화적으로 풀어주고 있어요 누구도 우리를 지켜주지않죠 우리 자신외에는  "
20171213,1,아니  정우성형님  조인성라인인데  혼자 나오서 강철비 찍으면 어떻해요  배성우씨가 울잖아요  
20171213,10,처음부터 재밌게 보다가 후반부터 울컥… 생각보다 잘나온듯  
20171213,10,우성이형  이번에 대박납시다.!  
20171213,10,지루하지 않게 계속 보게 된다는ㅋㅋㅋㅋ 그럼 재밌다는 소리지ㅋㅋ  
20171213,7,주인공이ㅜ넘잘생겻음.주인공을 바꿔야함.김경진으로.  
20171213,10,와 드디어 강철비 개봉이네ㄷㄷ  
20171213,10,VIP 시사회로 보고 왔는데 기대했던거 보다 더 재밌더라구요 배우들 연기도 좋았고 액션신들도 정말 볼만했어요  
20171213,1,ㅋㅋㅋ 개머리판 조절과  사격자세도 구분못하는 북한 특수군이라니 망상도 이런망사어이 풉  
20171213,6,CGV무비핫딜로 보고옴 요즘같은 민감한 시기에 중국의 엑스밴더 레이더를 사용해 핵을 쏜다는 상당히 시대착오적인 영화  
20171213,1,햐... 미화할걸 미화해라ㅋㅋㅋ이거는 정도가 심했다 ㅋㅋㅋ  
20171213,10,솔직히 북한을 소재로한 영화라 걱정했었는데 괜한 걱정을 한 듯ㅋㅋㅋ  
20171213,10,다큐영화 아니니 감안해서 본다면 깔게 없다.최고다^^  
20171213,10,생각보다 탄탄한 스토리와 탄탄한 연기력으로 빠져 들 수 밖에 없는 영화  
20171213,10,꼭 봐야할 영화! 2017년 마지막을 장식하는 영화!  
20171213,10,강철비 시사회 갔다 오신분들 넘 부럽당ㅠㅠㅠ  
20171213,10,웃음도 있고 감동도 있고! 개봉하면 꼭 보시길!  
20171213,10,이 정도면 수작이다 애들아 보지도 않고 무작정 까지마라~~  
20171213,10,시사회로 봤는데 최근영화중 젤 괜찮은거 같아요 ㅎㅎ재밌게 봤구요 정우성도 연기도 괜찮게 했어요  
20171213,10,진짜 별 다섯개가 아깝지 않네요 개봉하면 또 보러 가야겠어요  
20171212,10,시사회로 봤는데 졸잼이에요 하나도 안지루해요  
20171212,10,오늘시사회갔다왔음 정우성실물보고놀래고영화 생각보다 훨씬잼나서놀래고 정우성 북한군연기자연스러움에 한번더놀랬음 보세요후회안함  
20171212,10,오랜만에 탄탄한 배우들의 연기와 탄탄한 스토리의 영화를 봐서 좋았다  
20171212,7,방금 보고 왔는데 러닝타임이 너무 길다 특히 차안에서 곽도원의 아재개그는 대포동급의 노잼이었다 허나 감독이 지루한 플랫을 잘 이용했으나 스타워즈 신과함께 등 12월의 많은 대작들과 겨루기에 대박 흥행은 힘들것으로 보인다  
20171212,10,그 동안 나온 북한 소재의 영화들 중 가장 잘만든 영화라고 생각합니다 개봉하고 나면 사람들 반응이 궁금하네요  
20171212,10,조우진 진심 리스펙트..  
20171212,10,우리나라에서만 나올 수 있는 소재의 영화가 아닌가  
20171212,7,어마무시한 상황이 며칠만에 종결되야 하다보니 캐릭터간 개연성은 엄청 떨어지고.. cg도 어설프고.. 그 외교적 씁쓸함이란 게 참.. 웃기다 울리려는 의도도 안타깝지만그래도 140분이 길게 느껴지지 않는건 재미는 있단 얘기겠지요  
20171212,9,시사회를 통해 보고 왔는데 기회된다면 다시 한번 보고 싶네요ㅎㅎ  
20171212,10,"양우석 감독님의 두번째 천만 영화, 기대해봅니다  "
20171212,1,북한소재는 그냥 . .뭔가 새로운게 없어요  
20171212,10,한국영화는 돈주고 잘 안보게 되던데 강철비는 개봉 하자마자 보러 갈 생각입니다  
20171212,10,이건 두번 세번 봐도 재밌을거 같음!!!  
20171212,10,와...진짜 역작이다. 이건 꼭봐야함! 처음부터 끝까지 완전 숨막히게 재밌었음  
20171212,8,방금보고 왔는데 감독이 전하고픈 메시지가 잘 전달된것 같아요. 분단의 원인에는 외세의 책임도 분명히 있다는..  
20171212,10,이런걸 명작이라도 부르죠  
20171212,1,공감되지 않는 별로인영화 감동을  억지로 자아내게 하는 설정이 많고 뭐랄까 전체적으로 영화가 둥둥 떠다니는 느낌  
20171212,10,올 해 범죄도시가 젤 재밌는 한국영화인지 알았더니 강철비였네ㄷㄷ  
20171212,9,시사회로 봤는데 잼있었엉 ㅇㅇ정우성도 잘생겼더라  
20171212,10,요근래본 영화중에 최고  
20171212,10,강철비.. 스틸레인.. 고딩때보다 웹툰이였는데 이렇게 영화화까지 되다니 진짜 무슨 일이 있어도 꼭 볼거야  
20171212,10,시사회 갔다 온 친구가 재밌다고 난리던데ㅋㅋㅋ 빨리 보고싶다 나도  
20171212,10,출연진들부터 감독까지 믿고 볼 수 밖에 없는 영화ㅋ  
20171212,10,"오늘 메가박스 시사회로 보고왔는데, 현재 우리나라 상황에 일어날법한 이야기라 흥미로우면서도 이런 상황을 우리들이 겪고 있는게 슬프고 답답했습니다. 개봉하면 꼭 보시길 추천합니다. 특히 분단상황을 자신들의 정치적 목적으로 사용하는 자들이 반드시 보길.  "
20171212,10,양우석 감독님 기대합니다.  
20171212,5,요즘 좌빨영화 엄청나오네ㅡㅡ  
20171212,10,선개봉 보고왔네요.대작 느낌임 다섯번 보세요  잼나요ㅋㅋ  
20171212,1,한국영화는 도무지 새로움이라고는 눈곱만큼도 찾아볼 수 없네요  
20171212,10,관객몰이가   장대비가  되길바랍니다  
20171212,1,드라마 영화 속 북한 군인이나 사람은 김수현 현빈 정우성 이종석 ㅋㅋㅋㅋ 현실성 제로.  
20171212,1,일베가 난리치니까 더보고싶네  
20171212,4,일베와 엮여서 망한케이스.우성이가 명박이 총쏘는 흉내낸걸로 일베에 존나까이고 있음.일베가 까던빨던 일베이미지 덮입혀 지면 걍 망하는걸로 알면 된다.아수라도 근혜까서 망하더니...또한번 일베입에 오르내리기시작하고 있으니 망한거와 동급.  
20171212,10,너무기대됩니다 !!! 보러갈거에요!~~  
20171212,2,현빈 다음은 정우성이냐?아예 환타지 영화가 목표인 모양이구만...수고해라  
20171212,10,오랜만에 아주 괜찮은 한국 영화를 보고 왔습니다 12월 마무리 영화는 강철비가 될 것 같아요^^  
20171212,10,탄탄한 캐릭터와 탄탄한 스토리를 간만에 접하게 해준 영화  
20171212,10,진짜 잘만들었네요 원작 웹툰도 찾아서 볼라구요  
20171212,8,강철비 어제 봤다...2시간 내내 정우성의 액션씬을 보고나니 곽도원의 말개그와 지드래곤 노래가 남더라  
20171212,10,시사회로 봤는데..배우들 연기도 훌륭하고 너무 재미있게 잘 봤어요~~  
20171212,10,현실에서 일어날수 있는 법한 영화  
20171212,10,"어제 시사회로 보고 왔어요 세계 유일 분단국에서 살고 있기에 전쟁이 언제든지 일어날 수 있다는 건 알고 있어도, 실제로 정말 일어난다면? 또 애초에 왜 분단국이 되어서 이런 고통을 겪고 있는 건지 생각이 많아지는 영화.. 양우석 감독님 최고입니다  "
20171212,1,"아우, 저 함경도 사투리 누가 쓰냐. 북한어투 좀 바꿔라.  "
20171212,1,영화개봉이틀전이데 전문가평점이 안올라오네?또 조작질이니?  
20171212,9,웃음도 있고 감동도 있었다. (눈물 찔끔) 잠시도 집중이 흐트러지지않았다 그만큼 재밌었다고 할수있다 ~ 감독의 메세지도 명확하구요 볼만하네용 이 영화 보기까진 북한이 물리적으로 그렇게 가까운덴지 몰랐어요  
20171212,10,생각보다 더욱 매우 탄탄한 스토리와 구성과 배우분들의 연기 정말 좋았습니다 . 킬링파트는 조우진 !!! 조우진짱 !!! 꼭보세욥  
20171212,7,"어제 보고왔는데 웹툰을 안봤지만 본것 같은느낌! 웹툰을 고대로 옮기느라 약간 어색한 부분이나 급전개 같은 느낌이 있긴 하지만, 정우성이랑 곽도원 보면서 킬링 타임용으로 스토리와 개그요소 즐기고 오기 딱! ㅋㅋㅋ 보고나서 돈아깝다는 생각은 안들정도임  "
20171212,10,흥해라! 믿고보겠습니다  
20171212,10,짧다는 느낌이 들면 재미난거~ 후반부 뭉클했어요~정우성 곽도원 케미짱~!!  
20171212,5,김의성씨 때문에 안볼래요.. 정우성 명치 맞는거 보기 싫어요  
20171212,1,대통령이 그모양이라그런가 별 영화가 다 나오네요  
20171212,8,"VIP시사회에 다녀왔습니다~ 기대했던 것보다 재밌게 봤습니다. 배우들의 호연도 좋았고, 액션감도 나쁘지 않았어요. 다만, 정권교체와 남북평화란 두 개의 이야기가 하나의 메시지로 승화되기에 후반부로 갈수록 재미보단 의미에 초점을 둔 거 같네요~  "
20171212,10,지루하지 않게 계속 보게 됐다 그럼 재밌는거지  
20171212,9,어제 VIP시사회 보고 왔습니다. 뻔한 스토리 같지만 재미있어요 시간가는줄 모르고 봤네요 정우성과 곽도원의 케미와 중간중간 깨알웃음포인트 ㅋ 꼭 보세요 북한공작원이 너무 잘생겼어 ㅜㅜ  
20171212,9,시사회 소감...한마디로 천만각...  
20171212,1,빨갱이 미화즘 작작하자 진짜  
20171212,1,맨날천날 비슷한 소재ㅋ  
20171212,1,북괴미화 영화는 닥치고 민주화야!!!  
20171212,10,앞으로 양우석감독의 영화들은 믿고 보는걸로  
20171212,10,멋진 연기자들! 멋진 영화 감사해요!  
20171212,10,마지막 엔딩 장면은 쉽게 잊혀지지 않을것 같습니다..  
20171212,10,재미도 재미지만 영화가 주는 여운이 엄청나다  
20171212,10,시사회로 봤지만 개봉하면 또 보러 갈 생각입니다~~  
20171212,10,"시사회 다녀왔습니다.정말 웰메이드영화면서 무거운소재를 펑단과 관객 모두 만족할만한 영화를 만들다니... 양우석감독! 대박!정우성, 곽도원 연기도 정말 대박 캐미였음... 올겨울 핵꿀잼! 핵 추천합니다!  "
20171212,10,VIP시사회다녀왔습니다. 변호인 감독님답게 구성 탄탄하구요. 곽도원님 연기 진짜 열일합니다.. 정우성씨 연기도 나쁘지 않았네요^^140분내내 몰입해서봤네요. 뒷부분20분정도를 빼고는 나름 위트도 있고 현시점에 적절한 소재였다는 생각이 듭니다.  
20171212,10,"시사회후기, 생각보다 웰메이드 영화네요. 민감할것 같은 소재를 가볍게 잘 풀어내, 부담없이 즐긴것 같아요. 스타워즈, 1987,신과함께와 붙겠지만 화이팅 하세요~  "
20171212,10,조우진 연기 대박이다.  
20171212,2,지루한감이 있네요 중간중간 코미디요소는 볼만했습니다  
20171212,1,좋은 소재를 이렇게 못살리나...  
20171212,10,시사회봤는데 기대이상으로 연출 연기 작품성 모두 좋았습니다 양우석감독님 다시한번 천만기록 갱신에 성공할것 같네요^^  
20171212,10,시사회 다녀왔습니다.진짜 기대 이상!!솔직히 보기 전엔 정우성 배우님 연기랑 CG 걱정했는데 웬걸..정말 괜찮았어요.역시 양우석 감독님ㅠ크으..돈 하나도 안아까운 영화입니다.요즘 상황에 꼭 봐야하는 영화같아요. 넘겨짚지 말고 영화 보고 말씀하시길!  
20171211,10,"""강철비""시사회 감상평.또 하나의 천만영화(혹은 양우석 감독의 연속 천만영화)예감.변호인의 실력이 요행이 아니라는 것을 증명한 영화.러닝타임이 두시간 반인데도 불구하고 전혀 지루하지 않았음.(저,개봉하면 또 보러갈겁니다.)  "
20171211,9,북한을 선제공격해야 된다는 영화를 만들었으니 문죄인의 적폐목록에 오를듯  
20171211,10,스토리 라인 최고임. 명품연기에 화끈한 액션.강대국에낀 팩트폭격이 있어 좀 열받지만 연말 최고의 영화.잘 만든 영화  
20171211,10,시사회로 봤어요..시나리오 짱짱하고 볼거리 많아서 시간 훅가네요..다만 좋아하는 배우들이 다 북한군였다는거 ㅋ  
20171211,9,보는 내내 어떻게 될지 점점 궁금해져서 집중할 수 밖에 없었네요~ 정우성 연기도 좋았고 김비서 조우진도. 멋지네요~ 곽도원 아제 개그에 빵 터짐~♡  
20171211,10,와 정우성 인생 연기 곽도원 장난 없음 궁시렁 궁시렁 !!!!  
20171211,10,다 보고 나면 뭔가를 생각하게 하는.. 오랜만에 시간 가는줄 모르고 영화 한편 봤네요  
20171211,10,"믿고보는 배우 정우성. 뻔한 주제에 늘 뜨뜨미지근하게 끝냈던 기존 영화에 종지부를 찍는 역대급 영화네요. 스케일,내용은 물론,배우들의 열연과 정우성.곽도원 케미에 눈물났어요. 잘봤습니다. 다시봐도 재밌을것 같아요.  "
20171211,10,원작 웹툰도 양우석감독이 만든건대 자기의 웹툰을 영화화까지 했으면 말 다했지ㅋㅋ 이건 무조건 보러간다  
20171211,10,이런게 바로 웰메이드 무비인가요?  
20171211,10,실제로 일어날수도 있을 이야기라 그런가 더 몰입해서 보게 된 것 같음..  
20171211,10,역시 양우석감독이였다.. 변호인부터 강철비까지 의미있는 영화 잘 보고 왔다  
20171211,10,웹툰도 재밌게 봤는데 영화도 너무 재밌게 봤어요ㅜㅜ  
20171211,10,기대했던 영환데 기대 이상으로 재밌게 봤습니다 시사회로 봤지만 제 돈 주고 봐도 아깝지 않을 그런 영화였어요. 오랜만에 인상 깊게 본 한국영화입니다.  
20171211,10,"연출, 스토리, 배우들의 열연 뭐 하나 빠지는게 없다  "
20171211,10,적절한 긴장감은 물론이고 스토리를 풀어가는게 되게 흥미롭더라구요 시사회로 봤지만 개봉하면 한번 더 볼 생각이에요~  
20171211,10,감독님이 누군가 했더니 변호인 연출하셨던분이였네.. 크 믿고봅니다  
20171211,10,생각했던거 보다 너무 잘만든 영화.. 영화 보지도 않고 무작정 까는 사람들은 영화나 보고 말해라 제발  
20171211,10,양우석감독님의 작품들은 앞으로도 믿고 볼 것  
20171211,10,"연기, 시나리오 모두 최고ㅋㅋ  "
20171211,10,좋은 기회를 통해 개봉전 미리 보고 왔는데 정말 끝내주는 영화였습니다ㅋㅋ 개봉하면 꼭 보세요ㅋㅋ  
20171211,10,"스토리가 진짜 흥미진진함 그래서 쉴 틈 없이 보게 되,,  "
20171211,9,흥미로운 스토리 탄탄한 구성.. 거기다가 배우들 라인업까지 이건 꼭 봐야됨  
20171211,10,강철비 웹툰부터 영화까지 진짜 볼만하네요 개봉일이 기대되요ㅎㅎ  
20171211,10,식상할줄 알았던 북한소재를 식상하지 않게 재밌게 잘 풀어낸 양우석감독에게 큰 박수를 보내고 싶습니다  
20171211,10,"스토리.연출,연기 삼박자 모두 갖춘 영화  "
20171211,10,이건 진짜 수작ㄷㄷ 군더더기 없이 재밌다  
20171211,10,웹툰도 재밌게 봤는데 영화로는 어떨지ㅎㅎㅎ  
20171211,10,최고의 캐스팅과 최고의 연기력.. 믿고 볼 수 있는 강철비  
20171211,10,걱정반 기대반을 봤는데 걱정은 괜히 했네요 탄탄한 시나리오에 반했습니다  
20171211,10,그냥 한마디로 잘만든 영화  
20171211,2,시사회 봄.. 뭔가 이 영화는 정의로운 정우성을 반대하는 사람만 별점을 낮게 줘야 할거 같은데... 영화가 그냥 별로임... 무료로 봤으니 그래도 2점은 주겠음..  
20171211,1,1점도 아깝다 ㅉㅉ 그리고 영화에 뭐하러 범죄자대마드래곤 노래를 넣었냐?? ㅉㅉ  
20171211,10,만화의 50%만 구현해내도 대박!  
20171211,10,너무재밌어요 기대작임  
20171211,2,액션은 빵점 긴장감 제로 현실성 결여의 삼박자 이게 영화냐?  
20171211,9,"시사회 관람했음.감독믿고 어느정도 기대는하고 있었지만,그 이상으로 아주 잘 만드셨음(앞으로 믿고보는 양우석표 영화)한마디 추가하자면, 비트 이후,정우성 인생영화 탄생.  "
20171211,1,언제까지 북한애들을 멋지게 표현하고 한국애들은  곽도원이나 유해진같은애들 쓸꺼냐? 솔직히 반대아니냐 ㅋㅋ  
20171211,10,강철비영화 재미있어요?  반드시 잡는다 영화 보다 재미있어요?  
20171211,10,언배 평 좋아서 기대중임ㅋㅋㅋ  
20171211,10,솔직히 예고편만 봐도 존잼각 아니냐ㅋㅋㅋㅋ  
20171211,10,정우성 곽도원 둘다 너무 좋아하는 배우인데 한 영화에서 보게 된다니 너무 설레네요!  
20171211,10,변호인의 감독이자 스틸레인 원작자이신 양우석감독님의 작품이니 완성도와 작품성은 확실히 있을듯  
20171211,10,예고편만 봐도 재밌어 보이던데 이건 진짜 대박일듯  
20171211,10,감독님의 전작만 봐도 기대를 안할수가 없지  
20171211,9,"최고의 배우들 정우성,곽도원,김갑수…  "
20171211,10,정우성 이번엔 천만가자!!!  
20171211,10,"스틸레인, 양우석 이것만으로도 충분히 기대된다는!  "
20171211,10,스틸레인을 영화화한거면 꼭 봐야됨  
20171211,10,양우석 감독님 영화라 더 보고싶으네요  
20171211,10,정우성 곽도원 두분 케미 궁금  
20171211,10,오늘시사회갑니다^^ㅎ 빨리보고싶어요  
20171211,10,드뎌 이번주 ㄷ ㄷ기대된다  
20171211,10,웹툰도 잼나게 봤는데 꼭 봐야겠네요  
20171211,10,시사회 다녀옴. 정말 잘 만듬  
20171211,1,ㅋㅋ 북한요원또내려옴?  
20171211,10,개봉전 평점이 왜이리 낮은가 했더니 변호인만든 감독이구낭  
20171211,10,정우성>.<아 넘나기대됨!  
20171211,10,양우석감독의 두번째 천만 영화 기대해봅니다  
20171211,9,그냥 개봉전 평가를 없에라 영화랑 관계없는 잡소리만 득실거리고 수준이하 댓글러들이 너무많아 부끄럽다  
20171211,10,나도 시사회 이런거 가보고 싶다ㅠㅠ 강철비 존잼이래여  
20171211,10,원작과는 또 다른 재미!  
20171211,10,개잼 꿀잼 핵잼일거 같은디ㅋㅋㅋ 넘 기대됨ㅋㅋ  
20171211,10,양우석 감독님 믿고 보겠습니다  
20171211,6,"정우성 ""더킹""에서 정치 엔지니어링...어쩌고 대사칠때  실소가 터졌다... 허우대는 멀쩡한데 어째 연기는 안습....ㅠㅠ 감시자들처럼 대사 별로없으면 좋은데....대사많은 영화는 폭망....이번엔 어떨까?  "
20171211,10,배우들도 그렇고 감독도 그렇고 기대를 안할수가 없음!  
20171211,9,어떤 영화일지 궁금하네요  
20171211,10,변호인에 이어 한번더 흥행을 ㅎ  
20171211,10,그 동안은 보지 못한 신선한 소재로 기대를 안할수가 없는듯  
20171211,10,현 시대의 이슈가 되고 있는 북핵 문제를 다룬 영화 더 기대되는 영화  
20171211,10,스틸레인 원작이라니 상상만해도 소름 돋는다;  
20171211,10,아니근데 주인공둘이 동갑이라는게 아직도믿기지가않네  
20171211,1,믿고 거르는 정우성 현빈 장동건 전지현 김태희 연기파 배우 곽도원이 아깝네  
20171211,5,정우성 현빈 장동건 전지현김태희는 연기가 맨날 그연기고 맨날 개폼만잡다  끝남.ㅉㅉ  
20171211,10,정우성 발연기를 또 볼수있다니 왠지 설레이는걸  
20171211,7,아수라 꼴 나지 않을까... 연기는 두말하면 입아프겠지만 스토리가 영...  
20171211,10,너무 재밌어요!! 꼭 보세여 추천합니다!  
20171211,5,요즘 북한 특수부대들 한국 자주오는데 ㅋ 다들 왤케 잘생겼냐?ㅋㅋㅋ 같이 다니는 남한 사람은 못생긴 사람이고??  
20171211,10,영화가 재미만 있으면 장땡  
20171210,5,정우성 하 영화는 정우성나옴 망필인데  
20171210,1,"김수현, 현빈, 정우성.... 북한요원은 외모로 뽑습니다.  "
20171210,10,스타워즈보단 강철비가 더 기대된다  
20171210,10,양우석감독님이랑 곽도원배우님이 또 다시 호흡을 맞췄네요~ 변호인에서도 인상적이였는데 강철비도 기대해 보겠습니다~!  
20171210,10,두 브로 케미대박일듯?ㅎㅎ  
20171210,10,예고편 지렸다 페북에 뜬거보고 예고편 정주행했더니 더 기대된다  
20171210,10,곽도원 배우님! 항상 응원하고 있어요  
20171210,10,북한소재는 식상한데..그래도 감독이름 믿고 기다리는중  
20171210,1,영화 아파트처럼 웹툰 망치겠네  
20171210,10,포스터 배우들 눈빛 사라있네  
20171210,5,정우성 좀 그만 나오라몇년을 햇는데 연기가 아직도 오버스럽고 어색하니.. 요즘시대에 이름값만 보고 배우쓰는 김독들도 한심하다고 생각한다  
20171210,10,아 대박ㅠㅠ 갓우성ㅠㅠ 이 조합 완벽한거 같다  
20171210,10,빨리 보고 싶긴 하네요 ㅋㅋ  
20171210,10,양우석 감독님 변호인 진짜 재밌게 봐서 이번에도 기대중  
20171210,10,완전 기대중!! 캐스팅 최고네용ㅋㅋ  
20171210,10,일단은 보긴 한건데…ㅎㅎ  
20171210,10,어우야~ 캐스팅만 봐도 장난 아닌데?ㅋ  
20171210,9,시나리오는 완벽할 것 같음  
20171210,10,스토리 진짜 흥미진진하다.. 북한 나오는 영화들이랑 쫌 레벨이 다른듯  
20171210,10,무슨말이 필요하지? 주인공들만 봐도 돈이 안아까울듯 한데?  
20171210,10,배우들 스펙 보면 이미 답나옴  
20171210,10,훌륭한 배우님들에다가 양우석 감독님이라니까 너무 기대되네요. 꼭 보러갈게요  
20171210,10,정우성 나오면 무조건 3차까지 봄  
20171210,10,진심으로 기대중입니당! 올해동안 기다린 보람이 있길용!!  
20171210,10,개봉일 땡겨저서 넘 좋음 ㅜㅜ  
20171210,10,정우성인데 무조건 봐야하는교!!  
20171210,10,많이 기대하고 있습니다!!  
20171210,10,미쳤다..예고편 보고 이렇게 흥미진진하긴 오랜만이네  
20171210,10,재미있긴 할 거 같음ㅎㅎ  
20171210,10,다시한번 양우석 감독님 파워를 기대해봅니다  
20171210,10,정우성 진짜 존잘이다ㅠㅠ 올 연말 당신의 얼굴로 마무리지어야겠군요  
20171210,10,일단 최소 500만 예약아님?  
20171210,10,곽도원 나오면 흥행 보장이긴함  
20171210,10,최고의 영화이길 기대해봅니다  
20171210,10,빨리 개봉하면 좋곘습니당~~  
20171210,10,연기잘하는 배우들 다 출동인가요 ㅋㅋ  
20171210,9,예고편 보고 기다리는 중이에요  
20171210,10,좋아하는 배우님들 많이 나와서 너무 기대되네요 ㅎ  
20171210,10,"주연, 조연 다 완벽하네  "
20171210,10,꼭 보고시픈 영화중 하나에여!!  
20171210,10,북을 소재로 한 영화라 많이 예민할듯.. 잘나왔길 기대해봄..  
20171210,10,정우성x곽도원 조합 기대됩니당  
20171210,1,정우성 연기 안봐도 뻔하다  
20171210,5,"양우석 감독이 메가폰을 잡는다고 다 되는건 아니지, 어느 순간부터 시나리오 안가리고 다 출연하는 정우성 배우와 웹툰 보고 영화화 했다가 흥행한 케이스가 손에 꼽을 정도니....  "
20171210,1,북한을 왤캐 좋아하는거지?  
20171210,1,북한 관련 영화 지겹다. 배속에 기생충 범벅이 현실인 나라를 뭘 그리 미화하냐. 영화판은 주사파가 장악했는지...  
20171210,10,현재상황과 미래 상상을 해볼수있는 궁금한 기대작입니당  
20171210,1,다된밥에 정우성 뿌리기..  
20171210,1,같은 돈이면 외국영화 봅시다 그냥. 한국영화계는 스크린쿼터 언능 폐지하시고요  
20171210,1,쿠데타나 전쟁시에도 남헌이 북한 김일성 일가를 지켜야 그놈의 평화를 지킨다는 메세지인가?ㅋㅋ 문재인과 김정은과 일맥상통하는 듯??  아니 영화 만들 소재가 없어서 별걸 미화하네  
20171210,1,이게 뭔소리야? 아주 북으로 가서 살아라  
20171210,1,한국영화는 소재가 다똑같냐  
20171210,10,볼만할듯하네요 . 개봉되면 보러감  
20171210,1,줄거리만 봐도 노잼각임  
20171210,1,믿고 거르는 배우 정우성 다음달 DVD 출시 기대합니다  
20171210,1,빨갱이 미화좀 적당히해라  
20171210,1,지금 이때 이게 맞는 영화니....정신좀 차려라..감독이나 배우도..차라리 귀순병 영화 만들ㅇㅗ랴지  이게 뭐냐...  
20171210,1,이제부터 영웅 인민군 영화들 쏟아지겠군..  
20171210,6,공조3격이네하지만재미지겠구만!!  
20171210,1,억지로 짜맞춘듯한 영화  
20171210,1,1호를 제거해도 쉬원찮을판에 말이야 방구야  
20171210,1,만약당신이 이 영화를 보게 된다면 압도적 몰입감과 생동감을 받을 것이다.   물론 당신과 나의 인생낭비 라는 제목의 부제로 말이지.  
20171210,10,영화 대박인듯. 이동진씨가 일년만에 GV할정도면 잘나온거  
20171209,1,미화도 적당히 합시다. 아무리 영화라지만 ㅡㅡ 북한은 지금 군인 죄다 못 살아서 하루 하루 겨우 벌어먹고 살고 배 속에.기생충들이 득실대는데 먼...  
20171209,1,현실적으로 북한요원들 뱃속에 기충을을 좀....  
20171209,1,정우성 연기 진심 못해서 정치팔이 쇼  
20171209,7,7점정도만 기대합니다. 아수라 같지 않길 ㅠㅠ  
20171209,1,정우성은 이젠 거르는게 답  곽도원씨 똥 밟은 셈치고 다음작품 기대합니다  
20171209,2,그놈의 연기력이 또...  
20171209,10,요즘 국제 정세와 딱 맞는 영화인듯. 대박예감~~^^  
20171209,1,아수라의 충격으로 정우성은 CF만 찍었으면 좋겠다는 생각을 한다  
20171209,10,올해 마무리로 볼만한 영화.정우성은 나이가 들어도 멋짐.  
20171209,1,죄인이가좋아합니다.대화하던지말던지  
20171209,10,왜 보지도 않고 평ㅇ점 막 주냐  
20171209,7,아수라2가될것인가 의외의 작품이될것인가...  
20171209,1,식상한연기 ㅎㅎ 곽도원 뻔하고 정우성 뻔하고 뻔한소재 뻔한느낌같아 아니면 좋겠지만  
20171209,1,ㅋㅋㅋ 살판났네.살판났어  
20171209,1,북한 미화영화좀 그만하자.북한군이 뭔 모델이냐  
20171209,6,시사회 평이 좋다길래 기대중입니다 믿고 거르는 정우성이지만 한번 더 믿어볼랍니다  
20171209,10,"벌레들의 평점테러 영화는 무조건 보고있습니다. 변호인 양감독님영화 믿고 보겠습니다.정우성형님의 더킹은 진짜 천만이 넘어야되는 영화인데, 저도 벌레들한테 속아서 올레티비로 봤는데...안보신분 추천합니다  "
20171209,10,대체 영화도 안본 사람들이 왜 평점 창에다가 떵을 싸놓고 가는거야?  
20171209,1,평점 1점도 아깝다. 케이블에 그냥 틀어놔도 안 볼거 같다. 예고편에 비디오여행만 봐도 인상 찌푸려지는 영상미와 연기력 ㅉㅉㅉㅉ  
20171209,1,중졸 미필 근데 군인역..이거뭐죠??  
20171209,10,안티들 많은거 보니 장대양봉일듯  
20171209,1,감독 누군가 보고 안봄.  
20171209,10,벌레들이 테러 시작하는게 재미는 보장이구나  
20171209,1,지겨운 종북영화 ㅉㅉㅉ  
20171209,1,종북.. 친북..좌파 진보라면 꼭 봐야할 영화... 문죄인 추종자라면.. 문꼴오소리..달빛OO단이라면 꼭 봐야할 영화...  
20171209,1,믿고 거르는 정우성과 양우석 영화^^  
20171209,1,평가할 가치가 없다...  
20171209,1,이런영화보면 북한군은 착하고 남쪽 국정원은 OOO로 표현하더라? 왜 그렇게 자국민들 바보로 만들어요?  
20171208,1,노무현 영화 찍는 감독 눈에는 북한군이 정우성처럼 잘생겨보이냐;  
20171208,10,웹툰에선 여간첩이름이 최순실이였는데ㅋ 영화에서 그대로갈지 궁금하닼ㅋ  
20171208,1,때와 장소를 구별하는 매너  
20171208,1,출연한 배우들이 아깝네...요즘 북한이랑 분위기도 최악인데 하필 이런 소재로 영화를 만드냐....;;; 예고편 보니까 볼꺼리도 내용도 별거 없는거 같던데...  
20171208,10,정우성 곽도원 둘의 케미 오질듯!! 곽도원 매력쩌르  
20171208,10,이번에는 정우성닳은 북한군귀순추가  
20171208,9,정우성 실제로 봤는데 진짜 잘생겼더라. 정우성 보러간다  
20171208,10,양우석 감독님!! 기대되여!ㅎㅎ  
20171208,1,영화 나오지도 않았는데 알바 ㅈ나 푸네 더럽게  
20171208,10,정우성 행님은 어떤 모습이든 멋지십니다b  
20171208,10,북한 내란사건. 원작이 아주 재미있어요! 영화도 좋을듯.  
20171208,10,정우성과 곽블리라니!!!! 이 조합은 대박임  
20171208,10,강철비ㅠㅠㅠ 빨리 보고싶어요!!  
20171208,10,웹툰도 잼났는데!!! 재밌을거같애요!!!  
20171208,10,양우석감독님 영화라 완전 기대됨~~~  
20171208,10,스토리도 기대되고  정우성 곽도원 조합도 궁금  
20171208,10,변호인 양우석 감독 신작.. 이거슨 2017년의 띵작각이고요  
20171208,10,정우성x곽도원 그리고 양우석 감독이라니!!완전 필수 관람각이자너!!  
20171208,10,이 영화는 재미도 있을 것 같고 뭔가 묵직한 주제도 있을 것 같음! 기대된다!  
20171208,10,"정우성, 곽도원 두 배우 너무 좋음!!! 영화도 재밌을각  "
20171208,10,2017년 한국영화 최대어..당신을 기다립니다.  
20171208,2,북한요원과 한국요원이 힘을 함쳐 미국 정부의 음모에 맞선다는 내용만 아니면 된다.  
20171208,1,ㅋ 또 북한에서 공비내려오는영화야?  어후 좌빨들  
20171207,10,재밌을거 같아요예고편에서 우리동네 국수집도 나와서 대박 친근ㅋㅋ지역과 국수집상호는 시크릿하겠음ㅎ  
20171207,6,내가 볼때 이건 200만명이 한계다. 예고편에서 허접한 연출력과 영상이 그대로 보인다.  
20171207,1,딱봐도 삼류허접액션 노답영화  
20171207,1,간첩영화 안볼래!!!  
20171207,8,https://blog.naver.com/fsfk118821/221156424940  
20171207,1,어엉엉 한국은 배우들만  먹고사는 나라 답다 !영화표 아깝다  
20171207,1,영화 자체는 나쁘지 않는디.한국영화 내부자들부터 시작해서 범죄 영화 배우들 짬봉시켜서 만든영화 같은 느낌 배우들 연기가 전 작품 영화랑 비슷비슷한 느낌이 많아  
20171207,1,정우성씨 좋아했는데 요새 깨시민코스프레 정말 실망이에요  
20171207,10,정우성 오빠의 연기 기대됩니다~~  
20171206,10,아직 당연히 안봤지만  화요일에 시사회 갑니다 맞아요 정우성 얼굴 볼거라고 자랑하는 거 맞습니다 예 세상에 내가 영화에 들어와서 이렇게 짧은 글이라도 쓰게 될줄이야 이렇게나 설레네요  자꾸 현실성 타령하는데 정우성님이 남한사람이었어도 비현실적일겁니다.  
20171206,10,또경영 또우진 이번에도 또경영씨는 비리사장이고 또우진은 비리검사인가???  
20171206,9,시나리오가 잘 되었다기에 기대가 큼  
20171206,10,올년말 제일 기대되는 영화이긴 분명한데~~^^  
20171206,1,공조 짝퉁아니냐ㄹㅇㄹ  
20171206,9,요즘 시국에 딱 들어맞네  
20171206,1,감독부터가 종복좌파 인데 내용이야 뻔하지 연말에 믿고 거를 영화 하나 추가 됬네 변호인 택시운전사 같은 영화로 선동 당하지 말고 연평해전 같은 거나 한 번 봐봐라 무식한 사람들아..  
20171206,1,■ 노총각 정우성을 유부남으로 나오게 하다니...슬프다 ■  
20171206,1,감독 믿고 거르는 영화 내용이야 뻔하지  
20171205,10,일베충 넘들 좌표찍고 또 평점 테러하러 몰려왔나보네.  
20171205,1,믿고 거르는 정우성 영화  
20171205,10,배우들만 봐도 엄청난 흥행을 일으킬 것 같네..진짜 재미있는 영화였으면 좋겠다.요즘 최고의 배우들로 배역을 편성하고도 망하는 영화가 좀 나와서 아쉬웠는데...  
20171205,10,한 나라의 수장이란 사람이 총 쏘는 법 모를 수 있어 그래. 그런데 그걸 파악 못하고 홍보용이랍시고 찍는 놈들이나 가만 있던 놈들은 뭐냐? 끼리끼리 모이는 법이라 그것도 몰랐던거냐?  
20171205,1,중졸에 군미필 주제에 전직 대통령 총 가늠쇠 조준하는 걸 보고 비웃은 애가 여기 있다면서요?  
20171205,3,미필이 군인역ㅎㅎ 그것도 북한ㅋ  
20171205,7,양우석의 2연타 성공 보장영화. 운명을 가장한 우연이 걸리적 거리겠지만 전반적으로 보면 만족 그 이상이다. 한반도의 현실과 주변 강대국과의 관계 그리고 냉정한 이데올로기의 대결까지. 정우성과 곽도원에 딱 맞는 옷이다. (6.4점 드리겠습니다)  
20171205,3,영화에 정치꾼들이 득실거리네 와... 감독 정신 못차림  
20171204,1,정우성의 정치쇼는 거르는게 답 . 네 영화는 이제 다운도 받아볼 가치도 없다 니미  
20171204,10,정우성이 보고 있다.조심해라  
20171204,10,"정우성, 곽도원, 김갑수, 김의성 등등 이 배우들이 선택한 이유가있겠조  "
20171204,10,한반도 전쟁위기. 먼일 같지 않다  
20171204,10,독특한 영화가 될 것 같아 기대하고 있습니다  
20171204,10,스토리 흥미로운데요? 기대중입니다  
20171204,10,넘넘 기대되는 영화에용!! 정우성!!  
20171204,10,며칠전에 원작 보고 정주행함.. 스토리 굿  
20171204,10,대충 예상은 가지만 양우석 감독이니까  
20171204,9,아..ㅠ 진짜 핵전쟁은 일어나면 안된다  
20171204,10,뭔가 지금 우리나라의 상황과도 비슷한 것 같아요. 궁금하네요 어떻게 연출해넀을지  
20171204,10,아수라에 이어 두 분의 호흡 기대해봅니다  
20171204,9,12월을 기다리게 한 영화!!  
20171204,10,난 정우성이 멋스럽다고 생각한다.  
20171204,1,으 정우성 연기 개극혐 한국영화따윈 다운로드로  
20171204,1,사실을 얘기했는데 평점 삭제한다고 메일이 왔네요. 무서워서 평점도 못남기겠네요  
20171204,1,개인적으로 정우성 이라는  배우를  좋아하지 않습니다. 몇OO의  경력동안 이렇다할 작품있나요?  
20171204,1,어휴 정우성 곽도원 주연..ㅋㅋ 아수라 시즌 2네 ㅋㅋㅋ  
20171204,10,ㅋㅋ 그냥 이름 스틸레인으로 하시지 그래도 기대 많이 됩니다!!  
20171204,10,14일 개봉만을 기다립니다~ 재밌을꺼같아요  
20171204,8,개인적으로 가장 기대되는 영화입니다.  
20171204,10,배우들 꿀캐미 기대중이여!!  
20171204,10,국내 영화 풍년이네 연말에 ㅎ  
20171204,10,개봉일 앞당겨져서 넘나 됴음 ㅋㅋ  
20171204,10,정말 대단하신 양감독님… 이번에도 기대하고 있어요  
20171204,10,양우석 감독님 4년만의 작품 :) 기다렸습니다  
20171204,10,1100만명 독자가 읽은 스틸레인!!  
20171204,9,웹툰과 영화가 함께 제작되었다니..대단쓰  
20171204,10,안 볼 수가 없는 영화네요 ㅎ  
20171204,10,예민한 소재이니만큼 제대로 그려냈곘쬬?  
20171204,10,개봉하자마자 달려갈겁니다 ㅋㅋㅋ  
20171204,9,예고편에 나오는 대사들도 하나하나 다 인상깊던데..  
20171204,10,연기배틀 기대중입니다 ㅋㅋㅋ  
20171204,1,드럽게 재미없어 보이네  
20171203,1,"좀 글타... 이제는 북한쿠데타 발생으로 북괴 김정은이가 제거 될수도 있는걸 한국이 도와줘서 김정은이를 지킨다는 내용이냐,? 어휴 변호인 만든 그 감독이네.  "
20171203,1,지루하고 똑같다. ㅜ으  
20171203,1,믿고  거르는  배우가 되어버린 정우성 이번엔 과연  
20171203,1,ㅋㅋㅋㅋ 제발 현실고증 제대로해라 무슨 정우성이 북한군이야 ㅋㅋ어휴 빨갱이 미화영화  
20171203,10,액션+스토리 모두 기대해본다  
20171203,10,정우성 곽도원 동갑 실화냐?  
20171203,10,쟁쟁한 배우들!! 기대할만한 요소가 충분!  
20171203,9,정우성 스틸컷 보고 심쿵ㅋㅋㅋ  
20171203,10,사회적 이슈를 다룬 영화라 더 관심이 가네요  
20171203,10,핵전쟁이라는 소재가 쉽진 않았을텐데..  
20171203,10,모든 사람들이 기대하고 있는 영화네요  
20171203,10,핵꿀잼 토크콘서트 간사람들 캐부럼ㅠㅠ 진짜 핵꿀잼이었나본데..  
20171203,10,777만 관객 돌파해서 꼭 공약 성사되길여 ㅋㅋ  
20171203,10,예고편만 봐도 강력해 보인다  
20171203,10,지금 우리나라의 현 상황을 그대로 반영한 것 같아요ㅕ  
20171203,10,영화 속 정우성과 곽도원의 연기가 궁금하다  
20171203,5,소재:시국반영 별3개/배우라인:연기파배우진 별2개/예고편 기대치:좋은편집 흥미유발 별2개/주연프리미엄 4개/배우라인이 젊은층이 부족 '전쟁을 결정하는건 늙은이(상징적)지만 죽는건 젊은이들'이라는 말을 그대로 반영한듯-1개..그리고 초호화 씨지..-5개  
20171203,3,재밌는거를 떠나서 솔직히 공조와 너무 겹침..공조 짭이라고 느껴짐  
20171203,9,변호인의 양우석 감독님!! 호우 ㅋㅋ  
20171203,10,스토리 흥미진진하네요~ 북소재 영화중에 가장 흥미로운 것 같습니다  
20171203,10,어떻게 만들어졌을지 궁금하다  
20171203,10,웹툰 아는 사람들은 기대할것 같ㄷ가  
20171203,10,개봉날을 손꼽아 기다리는중  
20171203,10,한반도 핵전쟁 위기라.. 지금 상황도 비슷해서 더 보고싶다  
20171203,10,오오오 재미날거같아용!!! ㅎㅎ  
20171203,9,"남북문제, 정치적인 내용을 담은 영화라 조심스러웠을텐데 배우들의 선택이 헛되지 않길 바랍니다  "
20171203,10,스틸레인 3번 봤는데.. 열라 기대되네  
20171203,10,양우석 감독의 연출을 좋아하는 사람으로써 기다리고 있는 영화입니다  
20171203,10,정우성 실물로 봤는데 진심 존잘..  
20171203,10,개봉 얼마 안남았네 기대된다  
20171203,10,토크콘서트 갔다왔는데 기대가 큽니다 ㅎ 빨리 보고싶네요  
20171203,6,공조보다  훨씬  망작인 듯  
20171203,1,중졸에 못배운 놈이 대통령 욕할 자격은 되나?ㅋㅋ  
20171203,1,믿고 거르는 배우 정우성  
20171202,1,정우성의 겉멋을 보니 딱봐도 재미없음이 느껴진다..  
20171202,1,정우성의 정치적발언 불편하다 지는 미필이면서 ㅋㅋ  
20171202,4,억지설정의 파라다이스  
20171202,10,올 하반기 최고의 기대작!  
20171202,10,변호인 4번뵜는데..이것도 n차 각일듯  
20171202,10,영화 개봉도 안했는데 까대는인간들 뭐냐  
20171202,9,헐..배우만 봐도 보고싶을텐데 변호인 감독이라니까 더 기대된다  
20171202,10,양우석감독님 차기작 기다렸습니다  
20171202,10,정우성x곽도원 안볼이유가없다  
20171202,10,기대보다 더 재밋길~~ㅎㅎ  
20171202,10,극장에서 꼭볼거에요 우성느님은 대형스크린으로 봐야 제맛이죠  
20171202,10,제목부터 강렬하네..뽐뿌온다  
20171202,10,우리 부모님도 기대하는 영화  
20171202,10,변호인 그 이상의 감동기대합니다  
20171202,10,양우석 감독님이라는데 기대할 수 밖에  
20171202,10,웹툰진짜 재밋게 봤는데 말이죠..  
20171202,10,무조건 개봉일 사수예정 *.*  
20171202,10,정우성 보러 갑니다 ㅋㅋㅋ 예매뜨면 바로할거에요  
20171202,10,최고의 배우와최고의 감독! 우리가 꼭봐야할 영화  
20171202,10,뜻깊은 영화가 될것같아요  
20171202,10,볼만한 이유가 충분한 영화  
20171202,10,북에 저러케 잘생긴 사람 잇나 ㅋ ㅋ ㅋ  
20171202,10,캐스팅 환상적이다.. 젤 기대됨  
20171202,10,남친이랑 가장 기대하는영화에여  
20171202,10,예고만봐도 긴장감 대박이던데  
20171202,10,소재가 소재이니만큼 잘살렸길  
20171202,10,오우.. 드뎌 개봉인건가?  
20171202,8,주. 조연 모두 완벽할 것 같다  
20171202,10,정우성의 연기변신이 기대된다  
20171202,10,기다리고 기다리던 강철비! 기대하고있습니다  
20171202,10,예고편보니까 진짜 흥미진진해보이던데  
20171202,10,연말흥행기대해봅니다 ^^  
20171202,10,정우성 외모가 열일하넹ㅎㅎㅎ  
20171202,10,곽도원 나오는 영화마다 다 잼났는디 ㅋ ㅋ ㅋ  
20171202,10,정우성 곽도원 기대된다  
20171202,10,감독님.. 기대해도되겠죠?  
20171202,9,여태나왔던 북한 소재 영화랑은 좀 다른것같네요  
20171202,10,오랜만에 보고싶은 영화가 생겼다  
20171202,10,스틸레인 아는 사람이라면 이거 기대 안할수가 없음  
20171202,10,오 간만에 천만영화 나오나용?!  
20171202,10,예고편부터 지리던데 영화 궁금하다  
20171202,10,올해 마무리 영화는 강철비ㅋㅋㅋ 강철비가 다 장악할듯  
20171202,10,드디어 개봉하는 강철비ㅠㅠ 오래 기다린 만큼 훌륭한 작품 기대할게요!  
20171202,10,흥미진진한 스토리에 믿고 보는 배우들이라면 볼 이유 100%  
20171202,9,더도 말고 딱 원작 정도만 해주기를  
20171202,10,강철비 볼라고 웹툰도 찾아서 다 봤습니다 영화 기대합니다  
20171202,10,스틸레인도 꿀잼이였는데 스틸레인을 생생하게 볼 수 있다니.. 꼭 봐야지  
20171202,8,변호인 감독님 작품이라 완전 기대중!!  
20171202,10,주위에서 강철비 기대 많이 하고 있던데ㅎㅎ  
20171202,1,이영화는 정우성때문에 폭망 개봉 일주일만에 vod 뜰꺼같음  
20171202,10,개봉일만 기다리구 있는 영화ㅋㅋㅋ  
20171202,10,나 진짜  변호인 짱 많이 봤는데 양우석감독님의 신작이라니 기대를 안할수가 없다 ㅜㅜ 꼭 본다 강철비  
20171202,10,간만에 작품성있는 영화가 탄생할것 같은 예감이다  
20171202,10,천만가자 강철비♥ 대박나자 강철비♥  
20171202,10,이거 원작 작가가 양우석감독이던데 자기가 자기 웹툰을 영화화 한다는게 기대를 안할수가 없는 부분이지  
20171202,10,강철비 무조건 극장각ㅋㅋㅋ 빨리 보고싶다  
20171202,10,다음 웹툰 스틸레인 진짜 재밌게 잘 봤는데 영화화 됬다니 좋네요ㅎㅎ  
20171202,10,헐 감독이 변호인 감독님이였어?  
20171202,9,스케일부터 장난 아닐거 같음ㄷㄷ 웹툰처럼 대규모의 국지전을 어떻게 살렸을지 궁금하다  
20171202,10,김정남 피살 사건 후라 뭔가 더 리얼하게 다가 올 듯한 영화다  
20171202,10,감독 배우 스텝들 모두 믿고 볼 수 있을거 같아요  
20171202,10,출연진들도 좋고 빨리 보고싶어여ㅎㅎㅎ  
20171202,10,원작이 워낙 좋아서 영화도 기대됨ㅋ  
20171202,10,올해 또 하나의 천만 영화! 기대해도 되겠죠!?  
20171202,9,양우석감독의 작품이라면 믿고 볼 수 있지요~  
20171202,10,웹툰도 재밌게 봤는데 영화도 너무 기다려집니다  
20171202,10,와 이건 진짜 꼭 봐야 될 거 같음ㅜㅜㅜ 정우성 사랑행  
20171202,10,우연히 예고편 보고 재밌을거 같아서 기대중이에요^^  
20171202,10,양우석 감독에다가 정우성 곽도원… 존잼각..  
20171202,10,감독부터 배우들까지 기대를 안할수가 없네요 개봉일이 기대됩니다  
20171202,10,오랜만에 기대되는 영화!!  
20171202,10,정우성 곽도원이라면 믿고 볼만할듯?  
20171202,10,곡성이상의 충격이라는 곽도원 배우님의 말을 기대해보겠습니다  
20171202,8,"신과함께, 강철비 둘다 봐야지  "
20171202,10,제발 재밌길 기도하는 중입니다 ㅋㅋ  
20171202,10,정우성 열라 잘생깄네 진짜  
20171202,10,드디어 3주 남은건가??ㅋㅋ  
20171202,10,올 연말 최고의 영화가 되지 않을까  
20171202,10,다 내가 좋아하는 배우들..  
20171202,9,웹툰 잼나게 봐서 어떨지 기대중이에여  
20171202,10,후미ㅋㅋㅋ기대할 수 밖에 없는 조합이넹  
20171202,10,변호인 감독이니까 믿고 보겠음 ㅎㅎ  
20171202,10,곽도원X정우성 브로맨스 기대중!!  
20171202,10,북한 소재의 영화들이 많이 나오긴 했다만 양우석이니까 기대된다  
20171202,10,예고편만 봐도 엄청 긴박하던데  
20171202,10,와 양우석 감독님.. 이번에도 천만 가나요 ㅋㅋ  
20171202,10,북내 쿠데타라니ㄷㄷ 흥미진진하다  
20171202,1,하다하다 북괴하고 쿵짝이 되는 영화가 나오네  
20171202,10,곽도원나와서 기대중!  
20171202,10,"양우석 감독과 곽도원, 정우성의 만남이라니 기대중입니다  "
20171202,10,정우성>< 우성오빠 기다리는중입니당!  
20171202,10,으어.. 보고 싶당 빨리..ㅋㅋㅋ  
20171202,1,도대체북한군대를미화하는영화들은보고싶은생각이안듬  
20171202,10,정우성..내가 영화보면 나랑 사귀..ㄹ... ♡♡♡  
20171202,10,재밌을거같아서 기대중!!  
20171202,10,정우성 이번에도 대박 기대중~ㅎㅎ  
20171202,10,연기잘하는 분들이 모여서 스크린 꽉꽉 채워줄 기대작이예요  
20171202,10,웹툰도 명작인데 영화도 잘 빠질듯! 양우석 감독 작품인데ㅎ  
20171202,10,정우성 곽도원 배우님 믿고봅니다.  
20171202,8,개봉전에 영화 정보만으로 평점 테러를 하네 인성이 덜 된 사람들인가? 차라리 개봉전 평점 폐지해라 무슨 개봉도 안되었는데 사람들의 주관적인 편견에 의해 영화가 평가 받아야 하냐?죄다 종북 좌빨 타령이야. 한국이 공산주의 국가냐?  
20171202,10,12월  무조건 봐야할 영화~!!! 강철비 응원합니다~! 정우성 곽도원 인생연기 기대되요~!!!!  
20171202,1,이런영화는 망해야죠 정치색으로 어떻게 해보려는..  
20171202,1,정우성 나오네 믿고 거릅니다  
20171202,1,정우성씨 영화는 항상 눈부릅뜨고 고함지르는거 밖에없음 공인이라는분이 특히 미필이시면서 이명박 박근혜까는거 보고 참가벼운사람이라 느낌 다신 당신영화안볼래요  
20171202,1,이제 맨날 탓하던 국정원도 해체되었는데 이런영화 왜 찍음?  
20171202,1,일단 미필주연에 재미없어서 0점주고싶은데1점이 최저네 ㅎㅎㅎ  
20171202,1,정우성씨 좋아했었는데요...  
20171202,1,사격자세 쑈로 3천만 보수들을 바보로 만들고 영화 흥행 할 수 있을거 같냐? 끝났어 내려와  
20171202,1,진짜 영화계는 오래전 부터 빨간물이 넘쳐나게 들어있는듯 언제까지 남한국민 100만을 학살한 북한 정권과 북한 군인 간첩을 미화할래? 한민족? 몇년전까지 우리 군인들 죽이던게 북한군이다... 니네 부모 앞에 총구 겨누고 있어도 한민족 타령이나 해라  
20171202,2,"정우성 영화보면 대사가 하나도안들림ㅠ 아수라 황정민때문에 본건데 정우성 이리저리왔다갔다 --ㅆ어!!, -ㅆ어! 이런 대화만 들리다가 영화뭔내용인지도모른채 시간 다감ㅠㅠ 이번영화도 곽도원 아 좋아하는배운데,,,  "
20171202,10,일베에서 mb조롱했다고 불매운동한다던데^^ 한샘사건에대해 1도모르면서 페미들이 불매할때 아무정보도없이 일베영웅 윤서인 따라서 구매운동하더니 (성재기 장례식에 500원내고 육개장먹던놈들이 퍽이나 ㅋ) 여성여러분 우리 다같이 강철비 반드시 관람합시다  
20171202,1,우성이형 좋아 하는데 이건 좀 아니지 않나 쉬퍼요 왜 한국영화에서 나오는 북한군은 다 잘생기게 묘사 하는거임????  
20171202,1,"쉬리, 의형제, 은밀하게위대하게, 베를린, 용의자, 공조.. 이제 지겹지 않냐? 북한간첩 중에 저리 생긴 사람도 없고, 제발 고만 좀 해라.  "
20171202,1,정우성 연기수준은 킹만봐도 수준나옴  
20171202,1,북한 미화 시키고  뻔한내용이겠지^^ 몸속안이 회충으로 드글드글 한놈들을 미화잼 ㅌㅋ  
20171202,1,군미필 배우 영화는 안 봅니다.  
20171202,1,정우성 나오는 영화는 믿고 거른다..한심한 레밍들은 보겠지만  
20171201,1,변호인 찍은 감독 ㅋㅋ 초울트라 공상과학 영화인듯 ㅋㅋ  
20171201,1,크으.. 배역에 몰입해버린 우성이행님  
20171201,10,2주 남았네! 극장에서 필관예정!  
20171201,1,주인공 배역이 거꾸로 된것 같아서  
20171201,1,별로다 이걸 돈주고 볼생각은 안듬  
20171201,1,분단 국가의 인민들이 분단이라는 상황을 이용하는 자들에 의해 더 고통 받는다는 개소리를 작렬하는 주사파식 논리 영화.  
20171201,10,기대합니다 명배우들의연기  
20171201,1,정우성의 연기력은 대학로 무명배우들의 발끝도 못따라간다.첫 데뷔작 구미호보고 너무 웃겨서 방에서 뒹굴었다  
20171201,10,이게 어딜봐서 북한군 미화영회냐 ㅋㅋㅋㅋ하여튼 답이없네;  
20171201,1,정우성 시사회 나올때 마다 정치 성향 표출 하는거 보기 안좋습니다 중립 지키시길  
20171201,1,요즘 문재인 정권이라 그런가? 북한군을 미화하네 참나 세상이 말세다 말세야  
20171201,10,이건 무조건 n차예약이다..  
20171201,10,스틸레인 굉장히 인상깊게 봤는데..  
20171201,10,신선한 소재라 볼만할듯?ㅋ ㅋ  
20171201,10,곽도원정우성 두 투톱 기대합니다.  
20171201,10,올하반기 최고의 기대작 !!  
20171201,10,예고편 보니까 잼날거같네요  
20171201,10,정우성 최근 작품들 보면 좀 별론데..이번엔 잘골랏길..  
20171201,10,감독만봐도 믿고 볼 수 있다  
20171201,10,븨아피보단 나을것같은데?ㅋ ㅋ ㅋ ㅋ  
20171201,9,기존 북한소재 영화들과는 다를 것같아요  
20171201,10,제발ㅠㅠ 이번에 제대로된 영화이길  
20171201,10,정우성 얼굴만봐도10점  
20171201,10,어떻게나왔을지 궁금하다ㅎㅎ  
20171201,10,올해 가장 기대되는 영화였는데 드디어 개봉이군요  
20171201,10,곽도원 배우님 나오는 영화는 다 괜찮더라구요  
20171201,10,정우성ㅠㅠㅜ요즘 열일해시됴음  
20171201,10,시사회 당첨되써여!! 빨리보고싶네용ㅠ  
20171201,10,기대되네요. 색다른 영화네요~  
20171201,10,목빠지게 기다리는중ㅋ  
20171201,10,웹툰 재밌게 봤는데 제가 좋아하는 배우들도 많이 나오네요  
20171201,1,전혀 기대안됨.누군가가 출연하는 영화는 늘 그랫듯 조용히 사라질듯하다  
20171201,10,기내된다 빨리고고싶네요  
20171201,1,또 이런 말도 안되는 쓰잘데기 없는 영화...  
20171201,9,"솔직히 기대될 수 밖에 없는 조합 아닌가? 강우석 감독에 정우성, 곽도원, 김갑수, 김의성, 이경영.. 완벽한 캐스팅이다.  "
20171201,10,정우성X곽도원 조합 열라기대됭ㅋㅋㅋㅋ  
20171201,10,올해 최고의 영화일 것 같습니다  
20171201,1,글쎄요.. 딱봐도 킬링타임 이상 이하도 아닐거같은..  
20171201,1,1점도 아깝네요 0점 없나요 돈이 썩어나면 봐도 되요 ^^  
20171201,10,예고편 봤는데 너무 재밌을거 같아요! 기대됩니다^^  
20171201,10,기대할수 밖에 없는영화 ㅎ  
20171201,10,베충이들이 까는거 보니 이 영화 성공하겠네  
20171201,10,배충이 시키들 테러하러 오는 꼬라지 봐라  
20171201,9,"강철이 내린다니 딱 꿈에나 나올법한 애서 외면하고 싶은 순간들.. 머리, 가슴까지 전해질듯. 정 자세로 봐봅시당  "
20171201,2,중졸 연예인이 군미필되고 정치병 오지네. 안본다 이제부터 니 영화는  
20171201,1,정치병 걸린 허접배우의 몸부림  
20171201,1,믿고 거르는 정치인 정우성  
20171201,1,정우성은 나이 들어도 연기는 하나도 안늘었어 항상 어색해ㅋ  
20171201,5,"원작 웹툰 스틸레인만 봐도 시나리오가 탄탄할것은 믿어의심치않고 곽도원의 연기력 역시 기대하게 만들지만, 정작 주연인 정우성은 기대가 안된다. 외모는 국내1위라고 보는데 항상 연기.표정.발성이 똑같음. 이정재는 연기발전된게 좀 보이는데 너무 비교된다.  "
20171201,1,이제 하다하다 김정은을 다 빠는구나쿠테타가 일어나면 핵포기를 하겠지  
20171201,1,정우성응안봐~ ----  
20171201,1,자유 민주주의국가에서 개인적으로 누구를 지지하는건 당연 관여 안하지만 영화홍보자리에서 그러시면 보수지지자는 영화보지 말란거네요 네 안보겠습니다  
20171201,1,응 좌파영화 좌파배우는 무조건 걸러~~~ 정치성향드러내는 배우는 우파사이트에 퍼날라 알리겠습니다.  
20171201,7,"아직 정식으로 영화는 개봉하지 않았지만, 많은 대사클립 영상들이 영화에 대한 기대감을 많이 깨드려 놓았다. 그로인해 내 기대평은 5점이지만, 양우석 감독의 작품이니 약간의 가산점을 더 붙여 7점을 주겠다.  "
20171201,6,정우성 등장에 4점 깎고 시작  
20171201,10,이번 영화 대박나길 바라겠습니다ㅎㅎ  
20171130,1,ㅋㅋㅋ대놓고 빨갱이 새기들만  출연 ㅋㅋㅋ  
20171130,10,정우성은 그냥 진리. 너무잘생겨서 무슨역할을해서 비현실적인게 흠이지만 연기기대됩니다  
20171130,10,"강철비 정말 기대된다 ,,,,  "
20171130,1,세월이흘러도변하지않는정우성연기력...그냥 대사를 주지말았으면...  
20171130,1,개봉전 홍보 오지게하는 영화는 믿고거른다  
20171130,10,변호인 감독이니깐 무조건본다. 일베들이 와서 평점테러하네...ㅋㅋ 일베 니들은 보지마라...이런 영화 볼 자격은 상식있는 사람에게만 있는거다.  
20171130,10,심혁수 의원님 나오시네 꼭 봐야지 뭐  
20171130,10,잘되야해요. 주식을 샀거든요 ..  
20171130,9,북한요원은 다  저렇게 생겼구나...  
20171130,1,이제 살다 대한민국 정통성을 부정하고 좌파가 옳다라는 영화가 득실거리네.예전에 누구말대로 영화계는 좌파천국이네.  
20171130,4,"정우성은 톰크루즈같이 잘 생겼지만 톰크루즈같은 유연함, 능청스러움, 자연스러움이 없음  "
20171130,4,정우성은 연기가 원래 어색한데 이건 왜 이리 어색하냐;; 곽도원은 뭔가 느낌 있는 것 같지만 뭔가 채워지는 느낌은 부족하다. 주제도 주제인지라 호불호 심할 영화지만 연말이고 이런 영화에 달려들고 볼 사람들 있으므로 400만은 갈 것 같다.  
20171130,1,우리나라 영화제작진은 믿을수가있어야지 보지도않고 10점 알바구해서 평점 뙇때리는 놈들보면  
20171130,10,빨갱이새끼들은 죽여도되 ㅋ  
20171130,1,또 북한에서 또 요원내려오네 ㅎㅎ.  
20171130,5,영화가 현실이 될 수도 ...  
20171130,10,"양우석감독님 작품에다 작품성,  배우들까즤.. 하 넘나 기대됩니다  ㅎㅎ  "
20171130,10,웹툰부터 이어지는 탄탄한 스토리! 정말 기대됩니다  
20171130,10,2017년 최고 기대작. 블록버스터급 스케일과 정우성 곽도원의 연기 케미스트리 기대하겠습니다 ㅎㅎ  
20171130,10,12월의 기대작 강철비!! 웹툰 정말 재밌게봤었는데  벌써부터 기대됩니다ㅠㅠㅠ  
20171130,10,와 ㅠㅠ 정우성 곽도원 케미 터짐...게다가 변호인 감독이라니 ㄷㄷㄷㄷ  
20171130,10,"정우성, 곽도원 만남, 100% 흥행 예감  "
20171130,10,웹툰도 재밌었는데 변호인 양우석 감독 작품ㄷㄷㄷ 제대로 기대된다!  
20171130,10,예고편만 봐도 핵꿀잼 왠지 12월엔 이 영화가 흥행 터질 듯  
20171130,10,사실 이영화의 제일 믿을 구석은 양우석감독이다..  
20171130,3,"배우의 캐스팅, 사상과 이념을 떠나서 얼마나 스토리를 수정했을지 걱정된다 내가 만화로 처음 접한 스틸레인은 흥미로웠지만 마지막으로 갈수록 잔변감만이 남은 그런 이야기였다  "
20171130,10,스틸레인도 잘봤습니다. 정말 기대됩니다.  
20171129,10,"짱 기대됨  ㅎㅋㅎㅋ .,  "
20171129,10,영화 너무 재미있게봤습니다 저도 모르게 감동의 눈물이 최고의 영화입니다  
20171129,10,이거 원래 20일 아니였어요?  
20171128,10,"오늘 건대에서 핵꿀잼 팬미팅 있어 참석했는데 정우성, 곽도원 실물 짱이더군요! 김의성님 공약은 777만 도달시 '명존세'입니다!  "
20171128,9,정우성~ 배우라면 연기 공부 좀 해라. 팬으로서 진심으로 바란다  
20171128,10,간만에 기대되는 한국영화  
20171127,6,곽도원 역할을 박해일이 했으면 더 잘 어울렸을거 같은데..그래도 재밌을거 같네요  
20171127,10,웹툰처럼만 스토리되면 천만은 찍겠다만.. 곽도원은 좀 미스캐스팅. 비열한 엘리트 역으로는 좀 호리호리한 사람이 어울려보였는데 아쉽네요. 박해일이나 신하균이 맡았으면 2017 한해 대표할 대작하나 나왔을듯...  
20171127,10,완전 보고싶은 기대작!내가 좋아하는 곽도원배우가 나오는건 무조건 봐야함!강철비 화이팅!  
20171126,9,우성이형... 이번에는 성공하자 ㅠㅠ  
20171126,1,너무 뻔하디뻔한 소재에 배우들 이미지 보나마나한 그저그런 한국영화.  아수라만큼 쓰레기는 아니겠지만  
20171125,10,강철비   곽도원 행님이랑 정우성행님  나오면  볼만 하겠네요    정우성 형님은  연기  굿 이에요   화이팅입니다 ^^  
20171124,1,"정우성은 머리만 심지말고, 목소리도 수술을 하던지, 발성이 안되면 연기를 그만둬라.  "
20171123,10,올해 드뎌 좋은작품 하나 나오나요~~ 2017 그냥 끝나는줄~ 12월20일 젤먼저 찜!  
20171122,10,스틸레인 굉장히 인상깊게 봤는데..  
20171122,10,존잼일듯? 북한과 쿠데타라 ㅋㅋㅋ흥미진진한데?  
20171122,10,어마어마하네…; 걱정했던 정우성 연기도 괜찮았음. 개봉하면 충격적일듯  
20171122,10,보고싶어요!! 제가 좋아하는 배우분들 다 나오네요!  
20171122,9,"솔직히 곽도원, 정우성 아수라 땜에 별 기대 안했는데 역시 양우석 감독. 영화는 감독의 연출에 달렸다  "
20171122,9,웹툰으로 봤을땐 진짜 잼났는데~~ 신과함께도 그렇고 둘다 기대됨  
20171122,10,뉴에서 만든건 대부분 잼남  
20171122,10,제발 이번엔 실망시키지말길ㅠㅠ..  
20171122,10,이건 무조건 봐야한다. ㅎㅎ  
20171122,9,정우성 영화 자주나와서 좋다  
20171122,10,스틸레인 아는 사람이라면 기대할 수 밖에 없을듯  
20171122,10,간만에 천만 영화나오나유?  
20171122,10,완전 기대 됩니다. 우성님~~  
20171122,1,정우성 주연은 머다? ㅋㅋㅋㅋ  
20171122,7,내용은 괜찮을꺼같은데 정우성연기 지켜봐야될듯  
20171121,1,그놈의 한민족  아직도 북한이 한민족이냐 ? 포격을 처맞고도 정신못차리는 개돼지들..  
20171121,10,너무잼있을거같다 정우성씨는 아수라때부터 연기물올랐어 장난아님 기대됩니다!  
20171121,3,희대의 폭망작이라 들었습니다  
20171121,1,"현시국에 남북에 관한 영화, 변호인 만든 영화에 다음에서 연재되었던 웹툰을 기반으로 한 영화,예고만 봐도 알거같다. 다투다가 결국 북한이 주장하는 우리민족끼리(한민족)을 강조 할 것이고 반미적인 정서를 영화로 역사 배우는 국민들에게 박을께 뻔하다.  "
20171121,1,빨갱이 영화 ... 만약 적화통일 되지 않는다면 이 영화계도 다  정화가 될 것이다.  
20171120,10,개봉하면 꼭 흥행도 하고예매율이 1위였으면 좋겠다  
20171119,1,응 벼노인 감독~~ 안봐도 뻔함  
20171119,8,정우성이 나오니까 믿고 본다  
20171118,10,"왜 통일이 어렵고 휴전국도 위험한지 깨닫게 해줍니다답답할 때도 있고 왜 저러나 싶은 캐릭터도, 사람 사는 세상이니까 그럴만한 요소들로 잘 구성했더라구요. 영화가 긴장과 기대가 대비된 상황을 얼마나 잘 표현할지 궁금하네요.원작이 좋아서 기대해봅니다.  "
20171118,10,난 일단 이 영화가 나오기만 하면 좋겠다  
20171118,10,재밌을거 같다.. ㄷㄷ...  
20171118,1,감독이 변호인 안봐도 알수있는 영화  
20171118,10,엑스트라 이성진의 연기가 돋보이는 작품걷는 장면에서의 몰입감은 그야말로 최고다  
20171118,1,바끄눼에에 앞우루 나우우와아아아아  
20171117,10,신선한 소재 좋아요 굿굿  
20171116,10,정우성배우님과 곽도원배우님이 잘해주실라 믿고꼭보겠습니다^^  
20171116,1,픽션도 정도껏. 넘어온 북한군 하사  수술하는데 구더기가 득실거린단다. 그 정도로 미개하고 못사는게 북한이다. 정우성이 북한군?  
20171116,10,아 이제야 포스터가 괜찮아 졌네  
20171116,10,진짜 정우성은 연기가 장난아닌데 얼굴이 너무 잘생겨서 다 묻혀버려서 진짜 안타깝다 했던 영화들도 진짜 명작들인데 이번영화는  제발 좀 대박났으면 좋겠다 천하의 정우성이 천만영화를 못해봤다는게 말이 되나  
20171116,10,개봉도 안했는데 점수가 왜이러냐?  
20171116,10,우성오빠 이번엔 꼭 흥행하길!!  
20171116,10,요즘 문제가 되고있는 북핵문제를 다룬 영화라 조심스럽게 기대가 되네요^^  
20171115,10,전라도 정치인들 절대 안볼 영화네  
20171115,10,예고편 진짜 지리던데ㅋㅋㅋ궁금하다 ㅋㅋ  
20171115,10,양우석 감독님 두번째 천만 가나요  
20171115,10,연기파 배우들 총출동ㄷㄷ 볼 수밖에 없곘네  
20171115,10,12월 말은 강철비가 다 장악할듯..  
20171115,10,"양우석 감독이 만든 북한 소재의 영화라 더욱 기대가 큽니다, 변호인도 꽤나 재밌게 봤는데 이번엔 더 기대가 되네요  "
20171115,10,와!! 양우석 감독님 영화 드디어 개봉하네요!!!  
20171115,10,정우성은 여전히 멋있네..ㅋㅋㅋ  
20171115,8,"근데 왜 항상 북한군 역할 맡은 배우는 다 잘생긴 사람임?ㅋㅋ 공유, 현빈, 강동원 이제는 정우성까지?  "
20171115,10,양우석 감독이라니 믿고 기다립니다><ㅎ  
20171115,10,곽도원 변호인에서 진짜 인상적이었는데 이번에도 기대됨  
20171115,10,실제로 이런 일이 일어난다면?..  
20171115,10,잘만들었다 브이아이피보다 훨 낫네 ㅋㅋ  
20171115,10,기대하고 있는 영화인데 드디어 개봉이군요  
20171115,10,흥미 진진한 소재.. 러닝 타임 내내 긴장되는 스토리. 역시 양우석감독  
20171115,10,올 연말 최고의 기대작! 정우성 사랑해여ㅠㅠ  
20171115,10,굿.. 오랜만에 천만 나올각?  
20171115,1,정우성 나이가 사십중반인데 유아인보다 표정연기 못하고 발음도 어눌하고...이번엔 또 북한사투리가 얼마나 어색할지 기대되네...얼굴은 존잘인데 연기는 평생 발연기..  
20171115,8,웹툰이 원작인가보네요. 일단 배우는 훌륭하군요.  
20171115,10,우성 동무 날래날래 보고잡소!  
20171115,10,아 정우성 진짜 너무 멋진데ㅜㅜ 실제로 일어날까봐 너무 걱정된다  
20171115,10,정우성 형님 화이팅요!  
20171115,10,양우성 감독님 정우성 주연인데 무슨 말이 필요한가  
20171115,10,양우석 감독이라니..ㅠㅠ 감독님 기다렸습니다!  
20171115,10,예고만 봐도 기대가 됩니다  
20171115,10,올해 마지막 기대작입니다  
20171115,10,넘나 기대하고 있습니다!!! 얼른 개봉했으면 좋겠어요  
20171115,10,역시 양우석 감독님은 시대를 통찰하는게 다른 감독이랑 다르네... 진짜 현실과 너무 닮아 있어서 소름 ㄷㄷ  
20171115,1,아수라 말아먹은 정우성과 곽도원 출연  
20171115,2,별로 노잼  스토리 구림   성C연기 어설픈  
20171115,5,포스터 만든 사람 이렇게 만들고 돈받아갔어요??  
20171115,4,북한이 전세계를 상대로 선전포고라니 너무 현실성 없다  
20171115,10,강철비는  쇠로만든 폭탄 수천발 떨어지는것을 말하는듯...북한이 포탄 한번에 수천발 이상 쏠 수 있음..  
20171115,2,예고편보고 다시왔는데 안보려구요.  
20171115,1,변호인 감독이면 보나마나 신파 싸구려네  
20171115,10,"좌익, 빨갱이 애들 개봉도 안했는데 평점 테러하는거 ㅈㄴ 웃기네 ㅋㅋㅋㅋ  "
20171115,5,정우성 비주얼이 북한군으로 어울린다고 생각하냐..현실성이 없다.  
20171115,1,정우성 발성이나 연기 별로라 기대안됨  
20171115,10,우성형님  카구팔에  소음기..ㄷㄷ 8배율까지이건 봐야된다  
20171115,9,김태우가 부릅니다. 강철비  
20171115,2,포스터만 보면 북한영화인줄 알겠다.. 좀 적당히 하자 요즘 왜이래  
20171115,1,북한소재좀 그만해라 식상하다  
20171115,4,정우성 연기땜에 1도 기대가안됨  
20171115,5,정우성이라 거른다.. 얼굴 잘생긴건 인정하는데 더킹 아수라 두개보고 진짜 연기 못한다는 확신이 생겼다..  
20171115,10,기대 된다.  웹툰은 글씨가 작았는데. 영화는 음성이 좀 컸으면 한다.  
20171115,10,재미있을거 같은데~ 믿고보는 정우성  
20171115,10,"긴장감, 연기력 오지다 오져~ 완전 기대됩니다  "
20171115,10,웹툰 재밌게 봐서 기대됌^^ 정우성 파이팅!!  
20171115,1,와... 정치색 없는 사람 입장으로서 정말 처음엔 처음엔 몰랐지만 볼수록 가관이구나... 우나 좌나 별반 다를게 없네. 정권바뀌니까 북한 관련 미디어물들이 쏟아져나오는구나... 근데 그걸 당연시하는... 국민 전반 경향의 안목이 이정도구나.  
20171114,10,★ 기대되는 영화 ★ 입소문 퍼져서 다시 한번 천만 영화 나오길 바랍니다  
20171113,1,원작 스틸레인의 내용이 이렇지 않았는데 감독이 빨간약 팔아먹고 돈이 되니까 빨간물 많이 들었나보네  
20171112,1,유튜브에 명대사 짜찝기한거 봤는데   이영화는  망할 것 입니다.  
20171111,8,부디  웹툰같은 발고증으로 무슨 북한 전투기가 미국 전투기를 따라가는둥 한국이 전쟁하면 북한한테 진다는둥 이상한 얘기만 안꺼냈으면 좋겠네요  
20171109,10,영화니까 자유롭고 다채로운 주제를 표현하는건데 종북이니 좌파니 정치같은 갸소리좀 안했으면 좋겠다 세상 보는 눈이 얼마나 삐뚤어졌으면 아직 개봉도 안한 영화에 그런 같잖은 평이라니....  
20171109,10,웹툰 정독 여러번 할정도로 재밌게 봤습니다. 부디 원작망치는 반미영화만 안되길 바람니다.  
20171107,9,이거 다음웹툰 스틸레인 원작 그건가요?ㅎㅎ  
20171107,1,변호인 때도 좌파영화만들더니 이제아주대놓고 빨갱이영화찍네  
20171105,5,개봉 전에도 역시 알바로 예상되는 댓글들이 많네요 ㅎㅎ; 정우성이 아수라부터 시작해서 워낙 연기를 못해서 몰입이 안됬었는데 이 영화는 조금이라도 연기력이 괜찮으면 하는 바램이 큽니다; 얼굴로 배우하는 것도 아니고 정우성도 자기 작품 댓글 좀 볼텐데..  
20171105,1,예고편에 외교안보수석이 강연하는 장면에서 눈쌀이 찌푸려졌습니다. 남한이 이데올로기적으로 반일이 이용되서일본을 따라잡았다고? 이거 일본우익들이 주장하는건데 감독미친겁니까? 대놓고 대한민국 국민을 개돼지 취급하는건데 개봉때는 삭제하길 바랍니다  
20171102,1,변호인 만들때부터 알아봤다~  
20171031,10,오 양우석 감독님에 정우성이라니.. 기대된다  
20171031,1,정우성은 좋은데 북한 관련 영화 일제시대 관련 소재들 너무 지겨워요ㅠ  
20171031,10,캬 정우성 ㅠ ㅠ 빨리 보고파요  
20171031,10,이 영화는 꼭봐야지 ㅎㅎㅎ  
20171031,10,날래날래 개봉하라우~  
20171031,10,웹툰 잼 있게 봤는데... 감독 배우 다 괜찮네. 기대해봅니다.  
20171031,10,예고편보니 지금까지 다뤄지지 않은 소재라 더욱 기대가 된다. 무난히 뽑아냈으면 대박칠 것 같다.  
20171031,10,완전 기대됩니다 !!!  
20171030,10,변호인 감독이 작품이라 완전 기대중임! 웹툰 스틸레인도 꿀잼  
20171029,10,와우 기대되는 영화네요! 정우성 영화 언제가는 한번 뜨겠지..!  
20171027,1,정말 나는 보수도 싫지만 문정권 되자마자 나라 전체에서 공산주의 냄새 진동하는게 정말로 느껴진다.  
20171026,1,대놓고 반미친북영화를 만들다니.... 정말 막장이네요.  
20171026,1,뭐냐 또 빨갱이 미화 영화는 아니겠지..  
20171023,5,예고편 누가 이렇게 만들어놨냐... 기대많이했것만 보기싫게만드네  
20171023,10,정우성 배우 기대합니다  
20171023,10,이거 웹툰이 개지리는데  
20171020,10,대박  잼겠네요 !천만영화  
20171018,10,아니 영화 볼 줄도 모르는 것들이 영화랑 현실이랑 구분못하냐?? 영화는 영화로만 봐 제발;; 현실하고 다르다고 빼애액 거리네 진짜 미개하다 진짜;; 우리나라 영화 발전 못하는데는미개한 너네들이 한 몫 한다  
20171018,1,반미주의 친북 대표영화돨가능성농후  
20171017,1, 와 핵을 저렇게정당화하네 ㅋㅋㅋ 거기다 설정엔 남한이 먼저침범했다네 ㅋㅋ 가지가지한다  
20171017,1,"이 영화를 단 두 문장으로 요약한다. - 우리민족끼리, 반미주의  "
20171016,1,정우성 배우 역할이 조금 어색 한것 같아요.  
20171015,2,배우때문에 2점 준다 후..  
20171015,10,클립영상만 봐도 기대됩니다.양우석 감독님 믿습니다.  
20171014,1,딱봐도 쓰레기같은 영화  
20171014,10,아 ㅈㄴ보고싶은데.. 12월5일에 입대때문에 못보네  
20171013,5,예고편만 봐도 느껴지는 정우성의 어색한연기 때문에 걱정된다  
20171012,10,영화 잘되길 기원합니다  
20171011,1,"하아...영화는 영화로 보자가 내 ism인데,,,이건 이제 무슨 하아.... 정권 홍보 영상으로만 요샌 영화들을 만드나...지들이 무슨김일성이여 김정일이여?  "
20171011,3,내년 설에 IPTV로 볼 수 있을듯?  
20171010,10,18일 개봉 기대할께요 ㅎㅎ  
20171010,1,북괴 김정은 독재정권은 사라져야 한다  
20171009,10,변호인 몇 번이나 다시 봤는데 감독님 영화 정말 기대되네요.  
20171009,10,이나라의 진보주의자라고 자처하는 사람들이 상당히 불편해하겠네요~  
20171009,3,우성이형 이번에 연기 잘좀했어? 아수라 보고 놀랬자너~  
20171009,1,"북한이  굶어죽으면서 진행한게 핵이고 남한을 인질로 미군을 철수 공산화가 유일한 목표데 공산화되었을때 학살과 공포정치 니네가 상상이나 해봤냐? 남한을 넘어오면 다음은 일본이고 그 다음은 태평양넘어 미국이니 이런 이해관계가 뭉쳐서 한,미,일 연합을  "
20171009,10,전쟁에서 벗어난 민주주의는 너무나 당연했던 자유 때문에 전쟁의 무서움을 잊고 있다.너무나 당연했던 자유를 너무나 무책임하게 누리고 있다.  
20171008,10,알고 만드는 사람들을 알아보고 찾는 관객!  
20171007,5,예고편 보니까 정우성님 연기가 상당히 어색하더군요.. 차라리 다른무난한배우썼으면 웹툰 원작도 상당히재밌고 감독님도 변호인감독님이라 매우 기대하고봤을텐데 아쉽네요  
20171007,10,진짜 전쟁나면 100만 돌파  
20171006,10,믿고보는  양우석!!!! 기대됩니다.^^  
20171005,10,믿고보는 양우석 + 정우성 + 곽도원 + 김갑수  
20171005,10,정우성 죽기전에 천만가자!!!  
20171002,9,물론 스토리좋고 탄탄할거라믿지만....왜항상좋아하는배우들한테 북한군옷을간지나게 입히냔말이지..(너무해..)같은민족이니 이런감정 죄송하지만 너무싫네요....공조봤을때도 그렇고 화려멋짐액션은 전부 북한쪽 비...비쥬얼도....(유해진배우님은팬입니다!ㅠ)  
20171001,10,감독님 참 북한 좋아하시네^^  
20171001,1,양우석 이새끼 시대에.뒤쳐지는 감독인가?요즘 시대가.언젠데 곽도원이 정우성보다 이름이 뒤에 나오냐... 정우성 외모믿고 연기도 못하는 놈이 곽도원보다 이름이 앞에.나오는게 말이 되냐곽도원이 연기를.얼마나.잘하는데ㅉ  
20170930,10,"우리시대 최고의 얼굴깡패 정우성, 이제는 비트때 분위기 목소리 더 버리고, 스크린에 녹아들수 있는 분위기와 목소리른 부탁 드립니다. 신의한수,아수라에서 약간의 변신을 보앗지만, 아직은 자연스럽지않아요. 하정우 곽도원 김윤식 최민식 생각해보세요  "
20170928,10,배우들의 연기력 작품성 일단 믿고 봅니다  
20170926,10,믿고보는 곽도원~주연이네요^^기대됩니다  
20170926,10,올해는 강철비/ 내년은 인랑만 기다리고 있는 나 ㅠㅠ 빨리 보고싶다  
20170922,10,"원작, 감독, 배우들 믿고 가는 영화!  "
20170917,9,갑수신 우성신 이거 그냥 끝났는데ㅋㅋㅋㅋ  
20170916,8,"근데 왜 북 요원은 다 잘생긴거지, 현실성 있게 좀 만들어봐라, 솔직히 유해진씨가 맡는게 제일 어울리지 않나?? 작품은 기대된다..  "
20170827,10,배다리에서 촬영 중이네요^^ 산책하다 우연히 봤는데 영화 꼭 흥행했으면 좋겠네요^^  
20170825,1,리얼 브이아이피에 이은 망작  
20170805,1,조우진이라는 역겨운 배우떄문에 1점ㅡㅡ 컄퉤  
20170731,10,"망하지 말자, 리얼처럼  "
20170727,6,출연배우만으로도 클리셰의 향연 이 예상된다..  
20170726,10,정우성님 천만갑시다 ! 이영화 잘될 예감 !  
20170630,7,난 은근히 바라는데...장동건 정우성 등등은...그냥...드라마나 CF만 나와주고...영화나와서 설치지 않았으면 하는 바램이 있다.  
20170625,10,이건 꼭 봐야되는 영화^^  
20170614,10,이 영화 원작 웹툰 작가가 양우석 감독님임...자기가 자기 웹툰을 영화화 한다는데 기대를 안할수가 없는 부분  
20170611,5,정우성 연기못해서 찜찜한데...  조연급들은 좋은데 주연급 배우가 없네...  솔직시 곽도원도 조연에 있을때 진짜 빛나는 배우라...  
20170610,10,기대됩니다...!!  
20170606,1,캐스팅이 좀 에러인듯...  
20170522,10,이유없음 무조건 봄 응응 하하 응응  
20170518,10,"내가 가장좋아하는 연예인은 정우성이다. 그때가 중학교때였나 ""아스팔트사나이""존재만으로 멋있는 사람. 그러나 그의 연기는 아직도 한참부족하다. 40대들어서 많이 좋아지고 있어 다행이다. 송강호,최민식,이병헌급 연기못해도 괜찮은사람.멋. 그자체 정우성.  "
20170511,10,원진아배우 드디어 주인공 되는구나 이번 영화로 대성하길 바란다.^^  
20170511,10,다음웹툰 스틸레인 11년에 군입대하기전에 잘봤는데 ㅋㅋㅋㅋ 막상 12월에 군에 있을때 진짜 김정일이가 죽어가지고 개깝놀했는데 ㅋㅋㅋㅋ 김정일 죽기전에 만든  김정일 사후 한반도 를 다룬 웹툰 ㅋ  
20170507,10,원진아씨 너무 예뻐요??  
20170506,10,정우성 곽도원 조우진말고도 이번에 여주로발탁된 원진아가 제일기대된다!! 광고보고 첫눈에반했어요ㅜㅜ 이쁜얼굴에 걸맞는 좋은연기기대할께욤ㅎㅎ 원진아 흥해라~~~~  
20170504,10,넘나 청순한 원진아님 화이팅 !  
20170504,10,믿고 잘생긴 정우성♡♡  
20170408,9,변호인 감독님이네~^^ 우성이형도 이제 천만찍었으면  
20170406,8,정우성이 혼자 영화 이끌어갈 연기력은 아닌듯함.곽도원이 고생좀 하자  
20170403,1,정치영화 노잼  이러니까 국산영화가 재미없지  
20170331,10,양우석 감독에 정우성 주연!! 기대가 되네요  
20170329,2,김의성 좀 안나올 수 없냐  
20170325,9,스케일이 어떻게 될지 궁금하다  웹툰 스틸레인처럼 대규모 국지전을 생생하게 잘 살릴수 있을지 걱정반 기대반...  
20170316,10,대한민국 비쥬얼 원탑 정우성 사람 감시자들이나 신의한수 같은 모습으로 볼수있길!  
20170313,10,기대기대 김정남 피살사건후 뭔사 더 리얼하게 다가오는 스토리!!!! 감독-배우-스텝님들 모두 모두 기대 됩니다!!  
20170312,10,조우진 배우님  연기짱!맘씨도 짱!항상 좋은 연기 최선을  다하는멋진 배우가 되어주세요~~~대구 아짐^^  
20170302,9,대한민국 역사상 지금 최대위기는  최순실 관련인물때문에   바로 지금이다  ㅡ_ㅡ  
20170227,10,꼭 봐야하는 영화  ㅎㅎㅎㅎ  
20170225,10,빨리 개봉하길 바라며 원진아 신인 배우 응원합니다.  
20170221,10,지금 노동당사 촬영중이에요  
20170220,1,다들 알겠지만.. 정우성 나오는 영화는 재미없다 ... 내가 이때까지 다보고 느낀거다 절대 보지마라 후회한다.  
20170217,10,김의성 이경영 장현성 조우진 까지 대한민국 최고의 조연진 다모였네ㅋ  
20170217,10,변호인 감독의 양우석 감독님!!정우성님 엄청 열일하시네요♥기대되요~!  
20170216,10,정우성형님 요즘 영화 열심히 하셔서 스크린서 많이 뵐 수 있어서 진짜 좋습니다. 다치지 않게 몸 관리두 잘 하시구요 .좋아하시는 분얼른 만나셔서 알콩달콩 재미있게 사셨으면 좋겠습니다. 항상 응원합니다.♡  
20170208,10,정우성 배우님 때문에 보러갑니다! 기대하구있어요! 화이팅!!  
20170208,10,"빨리 보고 싶네요,,출연진도 좋고,,,  "
20170207,10,줄거리도 재미있을것 같고 많이 기대됩니다. 정우성님~~ 언제나 응원할께요~~ 화이팅!!!  
20170129,10,주조연 캐스팅 라인 최고인데 정우성 곽도원 도깨비 김비서  
20170125,10,킹우성은 믿고본다!  잘되길~  
20170124,10,정우성님의 작품 천만가자  
20170123,10,정우성 배우님 열일해줘서 너무 고마워요!! 잘생긴얼굴 과소비좀 많이해주세요~ 이번영화도 기대할께요~ㅎㅎ  
20170112,10,감독님은 무조건입니다!! ^^ 감독님을 믿어요~^^  
20170110,10,대박 기대되는 작품입ㄴ니다.  
20161229,10,또 하나의 천만영화를 기대해봅니다!  
20161222,1,음... 별로 같음....  
20161127,10,양우석 감독님을 믿습니다  
20161121,10,웹툰도 재밌게 봤었는데 기대되네요  
20170129,10,주조연 캐스팅 라인 최고인데 정우성 곽도원 도깨비 김비서  
20170125,10,킹우성은 믿고본다!  잘되길~  
20170124,10,정우성님의 작품 천만가자  
20170123,10,정우성 배우님 열일해줘서 너무 고마워요!! 잘생긴얼굴 과소비좀 많이해주세요~ 이번영화도 기대할께요~ㅎㅎ  
20170112,10,감독님은 무조건입니다!! ^^ 감독님을 믿어요~^^  
20170110,10,대박 기대되는 작품입ㄴ니다.  
20161229,10,또 하나의 천만영화를 기대해봅니다!  
20161222,1,음... 별로 같음....  
20161127,10,양우석 감독님을 믿습니다  
20161121,10,웹툰도 재밌게 봤었는데 기대되네요  
