0,1,2
20170829,8,롯데 시사회  다녀왔습니다.. 소소한재미가 있는 영화네요.. 중간에 두번 눈물도 찔끔.. ㅎㅎ 조미료처럼.. 유머 두큰술.. 해학 한큰술.. 감동도 반큰술.. 다양한 감정을 느낄수 있는 영화네요.. 다만 초반 전개가 조금 루즈해용.. 참고^^  
20170829,10,시사회 당첨되서 오늘 봤어요..  원래 관심이 없었는데 생각보다 재밌었습니다.  코믹도 액션도 감동도 있고 속도 확~ 풀리네요...  
20170829,8,기대안하고 시사회 다녀왔는데 위에 알바글들이 눈에 거슬리긴하지만  기대안해서 그런지 몰라도 의외로 잼있음  
20170829,10,스트레스 없는 한주가 될거 같아요~ 감사합니다~  
20170829,7,임창정 스러운 영화에 공형진과 정상훈 케미 좋아요특히 나이트 55번  뜨길바래요~~~~^^  
20170829,10,우와~~진짜~~코미디영화라면서요?이렇게 감동적일수가...기대안했는데 넘 재미있었어요임창정씨영화첨봤는데 연기잘하네요  
20170829,1,"시사회 보고 금방 나왔는데, 남친 입 삐죽 튀어나옴... 중간에 나오자 했는데 안 나오고 끝까지 다 보고 나왔거든요. 임창정 공형진 정성훈 배우님들 너무 좋아하는데, 쪼끔 아쉽네요. 스토리 문제인 듯  "
20170829,10,스트레스여  가라!!!  
20170829,1,1점조차 주기 아깝고 시사회 간답시고 퇴근 후 합정에서 삼성까지 간 시간이 아깝다. 난생 처음으로 상영관 비상대피로를 통해 중간에 퇴장하는 귀한 경험을 했다.  
20170829,10,섭외 오졋다 창정이향 보러간다  
20170829,10,"임창정, 공형진, 정산훈 이름만으로 벌써 웃겨요~ ㅋㅋㅋ  "
20170829,10,우울하신분 완전추천 합니다. 기분 좋아 지는 영화 였습니다.  
20170829,10,ㅋㅋㅋㅋ 55번 개불쌍 완전 터져버렸어요~~  
20170829,10,코믹의 대가 18대 1로 모든걸 평정하신 그분 만점 드립니다.  
20170829,10,웃다 지쳐 울었네요~ ㅎㅎㅎ 아직도 계속 입가에는 미소가…  
20170829,10,추석에 개봉했으면 큰 사고 쳤을텐데… 10점 입니다~ ㅎㅎ  
20170829,10,간만에 주연 맡으셨네요 오빠~ 정말 재미졌어요~ *^^*  
20170829,10,창정이형은 역시 코믹이 어울려~ 꿀잼 입니다  
20170829,1,진짜 영화 는 거짓말같이 망함..시나리오 보는 눈이 아쉽다 맨날 삼류 코미디 영화뿐...진짜 노래로는 못까지만 영화로는 3박4일을 깔 수 있다  
20170829,10,믿고보니 배꼽터지네요~!!!  
20170829,1,출연진이랑 포스터만 봐도 영화 다 본듯.. 한국코미디 영화로 사골육수 우려낸 뻔한 전개 뻔한 결말 눈에 선함. 제일 짜증나는건 1957의 명작 이름 고대로 쓴거. 이제 한국 포털에 로마의 휴일 검색하면 이게 먼저 뜰거 아냐? 존나 싫음  
20170829,10,시사회다녀옴...스포하나 하겠슴..임창정은 코믹연기를 하지 않는다..  근데 재미있다...  
20170829,1,"시사회로 보고왔는데 상상할 수 없을 정도로 노잼입니다. 이건 배우들의 문제가 아니고, 감독 취향이 조금 올드한건지... 여튼 연출의 문제인것 같아요..ㅎㅎ 핵노잼에 억지감동 B급영화도 안돼여..ㅎㅎ  VOD다시보기 돈도 아깝습니다. 엔딩 역겨움  "
20170829,6,시사회 보고왓는데 돈주고 보기는 아까움  
20170829,1,cj이가 밀어주고 만드는거는 먹지도 보지도 않음  
20170829,1,'바르게 살자' 라는 영화랑 너무 똑같은 내용...영화은 저작권 없나?? 진짜 내용 너무 똑같아서ㅋㅋㅋ 배우들 연기는 좋았으나 감독이 문제인듯  
20170829,10,코믹영화 진짜 오랜만에 나오는듯? 흥행할것같아  
20170829,10,정상훈 배우 처음 주연이라니 기대하겠어용!!  
20170829,10,공형진팬이기에 스크린으로 오랜만에 사수해야지  
20170829,10,임창정 실물 개잘생겻음 게다가 그냥 인품이 살아있음..  
20170829,10,코미디에 임창정이면 말다한거아님? ㅎㅎㅎ  
20170829,10,안그래도 코믹영화 찾고있었는데 딱이다 힛  
20170829,10,창정이형 노래도 연기도 표정도 모두 다 내스타일임  
20170829,9,생각없이 볼 수 있는 스타일이라 좋네요  
20170829,10,"잼날것 같음 ㅋㅋ임창정에 공형진, 정상훈이라~ㅋㅋ  "
20170829,1,9월초에 vod 서비스 되겠군  
20170829,2,이런게.  먹힐꺼란.  생각하는.  제작사도.  웃긴다  
20170829,1,포스터만 봐도 노잼일듯  
20170829,1,에효 ..별로 일듯 싶은디  
20170829,10,8월 마무리를 웃음으로 짓자는건가 너무 기대되네 ㅎㅎ  
20170829,10,골때리는 출연진이네ㅋㅋㅋㅋ꼭봐야지  
20170829,10,장난아닐듯한 저 케미.. 빨보고싶어  
20170829,10,임창정 리더역할 맡는다던데 젤 웃길삘  
20170829,10,스틸것 봣는데 사랑스러운 이유좀 ㅋㅋㅋㅋ벌써 웃겨  
20170829,9,갓창정님 알라뷰합니다 ♡♡♡  
20170829,10,진짜 꼭 보고싶은영화입니다 기대가 치솟네요  
20170829,10,왠지 엄청 재밌을삘임 대박나길 ㅋㅋ  
20170829,10,쓰리콤비의 완벽한 케미 ㅋㅋㅋ 빨리 보고잡네영  
20170829,10,서로 다른 개성과 연기력으로 믿고보는 세배우 기대됩니다 ㅎㅎ  
20170829,6,"임창정은 도대체 이런 장르에서 언제 벗어나나, 그 훤칠한 외모와 좋은 연기력으로..  "
20170829,10,시사회 보고왔는데 넘 재밌었어용!! 로마의휴일 대박나세요~  
20170829,1,와~진짜너무~~~~  
20170829,10,포스터가 유치해서 크게 기대를 안했는데 재미있네요....시간때우기 좋고 임창정씨 연기 너무 잘하시고  볼 만했습니다.  
20170829,8,시사회 갔다왔는데 낮은 개연성으로 감동까지 추구한건 좀 무리였다 싶다. 좀 아쉬운 점도 많지만 그냥 아무 생각없이 즐기다 올 수 있고 주연들 케미는 말할 필요도 없고 조연들이 상당히 돋보인다  
20170829,4,예고보니까 비급영화같던데....  
20170829,3,어제 시사회 보고왔습니다  흠.. 코믹영화치고는 웃긴 포인트가 많이 없었던거 같아여 ㅠㅠ  생각보다 기대에 못미쳤어유 ㅠㅠ  
20170829,1,이런거좀 만들지 마라 휴...  
20170829,1,시사회 보고 왔는데!! 핵꿀잼!!!! 꼭 보세요 ㅎㅎ  
20170829,1,어제 시사회다녀왔습니다.... 홍보팀 열일하네요.... 같이보러온사람한테 미안했습니다.... 와 정말 이런 망작을 ㅠ  
20170829,10,시사회 보고 왔는데 너무 웃겨욬ㅋㅋㅋ 진짜 이번 영화 대박 날 것 같아요  
20170829,4,그래도 영화에 몰입해서 웃을수 있었던 이유는 배우들의 연기력  
20170829,1,쓰레기 감독의 쓰레기 영화....  
20170829,10,시사회를 보고왔느데 정말 재미있었어요!! 영화내내 웃고 왔던것같아요 ㅎㅎ  
20170828,10,재미만 있는게 아닐것같다 보고싶다 얼른 !!  
20170828,10,소소한 재미 킬링타임으로는 굿  
20170828,10,시사회 방금보고 왔는데 ..잼있어요..ㅋㅋ 보면서 빵빵터짐..핵꿀잼..흥해라!!  
20170828,10,웃기지만 전달해주는 메시지가 있어보이네요  
20170828,10,얼른 보고싶습니다.. 갓창정을 보기위해 달려갈게요  
20170828,10,정말 간만에 웃음곷 만발하면서 보고왔어요 ㅎㅎ 꿀잼  
20170828,10,개봉예정중 젤 보고싶은 영화  
20170828,10,빨리 보고싶은 마음뿐 ㅠㅠㅠ 간만에 웃어보자  
20170828,10,임창정이면 부족함이없다 개봉날 바로 보러간다~  
20170828,9,여자친구랑 이거 바로 보러갑니다 하하 너무 재밌을것같아요  
20170828,10,시사회에서 미리 봤는데 임창정 방가움에 기대 이상이였음  
20170828,10,공형진 진짜 오랜만 ㅋㅋ 다들 웃긴조합이였어요!!-0-  
20170828,2,개폭망의 냄새가 진하게 난다  
20170828,1,알바들 멘트는 너무 발전이 없다 ~ 반성좀 해라  
20170828,1,임창정나온순간부터 이영환 망했다 전형적 한국영화의 코미디공식을 그대로 따라가는 발전없는 영화  
20170828,1,알바 존나 많네 돈을 창의적으로 쓰고싶다면 여기에 써 봐라  
20170828,10,오랜만에 정통코믹 나오는거냐 기대기대!!  
20170828,10,내용도 참신할것같고 예고편보니 완전 웃길듯 ㅋㅋㅋ  
20170828,10,친구들이랑 바로 보러가기러함 빵빵터질 준비중  
20170828,10,와.. 배우봐라 ㅋㅋ진정한 코미디 영화 나오셨다  
20170828,10,교훈도 있는거같고 나름 스토리가 탄탄할삘  
20170828,9,믿고보는 창정님 아니겠습니까~~ 빨리 보도록합시다  
20170828,10,줄거리랑 이야기보니까 되게 신선한데? ㅋㅋㅋ 짱잼일듯  
20170828,10,믿고보는 배우들이네 ㅋㅋ특히 임창정 너무 좋죠~  
20170828,10,나름 스릴도 있을거같고 액션도 있고 코믹까지 내스타일이다 ㅎㅎ  
20170828,9,택시운전사 다음으로 재밌는 영화가 아니지싶다  
20170828,9,"임창정, 공형진, 정상훈!!! 말이 필요 없을듯!  "
20170828,1,미리 본사람들이 공짜로줘도 안본답니다  
20170828,1,개봉후 10일안에 DVD 나온다에 내 손목아지 건다.  
20170828,10,무조건 볼래요!! 로마의 휴일화잇팅!!  
20170828,8,임창정은 갠적으로 별로 안좋아하지만.. 영화는 재밌어 보여서 간만에 한번 봐야것네...  
20170828,8,코미디 상업영화에 평점 매기는 평론가 나부랭이들도 참 불쌍타 ㅋㅋ  
20170828,10,아 진짜 기대된다 이영화 영상들만봐도 웃교  
20170828,10,코믹액션 모두 한방에 이끄는 영화인듯 잼겟당  
20170828,10,30초 예고편에 라면 쏟아지는것부터 왜케 웃기냐 ㅋㅋ  
20170828,10,스릴도있고 코믹도 넘칠듯 ㅋㅋㅋ개봉빨리와라  
20170828,10,예고편도 웃긴데 본편은 얼마나 웃길까 기대만발  
20170828,10,다들 표정부터 개그감 솟구치노 ㅋㅋㅋ  
20170828,10,요새 코미디가 너무 보고싶었는데 마침 딱이다이거ㅠㅠ  
20170828,10,보고왔는데 한컷마다 다양한 웃음포인트가 살아있네요  
20170828,10,코믹스러운건 당연할테고 전달해주는 메시지도 눈에 보인다  
20170827,1,딱봐도 초중반 재미도없는 개그나 치다가 후반에 신파극으로 전환 이런 ㅆㄹㄱ 영화가 아직도 있다는게 신기하다  
20170827,1,왜보냐 이런거....알바엄청많네  
20170827,10,믿고보는 임창정...잊고 잊혀지고 지우고~~~~^^;;;  
20170827,10,현대사회 비판하는 느낌이있다던데 코믹까지 더해지니 재밌겠다  
20170827,10,오 이거 나름 스토리 꽤 있는데? 빨리 보고싶다  
20170827,10,믿고보는 세배우다 정상훈은 어떤 매력을 보여줄지 더 궁금  
20170827,10,임창정은 6년만에 코미디로 돌아온다고한다.. 기대안할수가없음 ㅎ  
20170827,10,포스터만봐도 비주얼 강탈이네 진짜 넘나 기대중 ㅋㅋㅋ  
20170827,10,정상훈은 주연으로 처음이라던데 오..젤 기대되는 인물임  
20170827,10,갓창정 나오신다 와..어떤 웃음을 선사할지 기대됩니다  
20170827,10,어 개봉 진짜 얼마안남았다.. 너무 보고싶었던 영화중 1순위..  
20170827,10,창정형이 나오는데 안볼수가없지 인성도 코믹도 갑인 갓창정 캬캬  
20170827,10,시사회본사람인데 진짜 웃음만발할 준비 하세요 ㅎㅎ  
20170827,10,예고편만 봐도 알겠지만 진짜 표정이 진리임 대사안봐도 웃기다  
20170827,10,시사회보고왔는데 솔직히 청년경찰보단 훨~ 재밌음 ㅋㅋ  
20170827,10,생각보다 웃기고 찡하네요  
20170827,8,제목하고 내용하고 그닥 조화가 안되는걸 보니 개망냄새가.. 정상훈도 참 다작도 많이하고 많은 연기 봤으면 하는데  
20170826,2,억지스러운 개그에 억지로 볼 수는 없지...  
20170826,10,진짜 진짜 너무너무너무 재밌어용 완전 강추??시사회로 보러가게 됬었는데 영화 병맛이다라고 보면서계속 병맛인데 계속 웃게되는 영화!! 진짜 완전강추ㅋㅋㅋㅋ  
20170826,10,새로운 웃음이 나옵니다  
20170826,10,그냥 창정형은. 믿고보면되지머...실망시킨적이없었네..  
20170826,8,시사회 다녀옴...임창정 보러 갔다가  55번만 강렬히 머릿속에 남아서 돌아옴~ㅋㅋㅋ  
20170826,10,임창정배우화이팅~!!  
20170825,7,딱봐도 망삘인데여...그래도 개봉전이니 초치기 싫어서 7점 드립니다^^  
20170825,1,제목이 왜이러냐 줄거리 보니 연관성도 OO 없는데 로마의휴일 원작 이름으로 좀 더 관객 모으려고 제목 저따위네  
20170825,10,믿고보는 배우 아닙니까 임창정  
20170825,2,아무 생각없이 막 찍은 영화  
20170825,1,T T 이것 돈주고 보기 너무 아까운 영화  
20170825,10,안그래도 코믹영화 찾고있었는데 딱이다 힛  
20170825,10,메인 포스터만 봐도 코믹알러지 분출이당  
20170825,10,요새 대세인 정상훈씨? 코믹연기 정말 기대됩니다  
20170825,10,6년만에 코미디 영화로 돌아왓다는게 사실??  
20170825,10,임창정님 나오는데 누가 마다할까 너무좋당  
20170825,10,스릴에 코믹에 진짜 원했던건데 드디어 나와줫다 ..  
20170825,10,세사람의 연기조합 정말 기대하고있어여 ~~  
20170825,10,아 너무좋아 갓창정쓰 바로 보러 뛰어갑니다 ㅎㅎ  
20170825,10,창정오빠가 나오신다 코미디의 끝판왕 영화일듯  
20170825,10,다 웃긴애들만 모아놧네 ㅋㅋㅋㅋ 배꼽잡을 각  
20170825,10,임창정 주연이라.. 퀄리티는 살아있겠다  
20170825,2,삼류 코미디 영화에 고전 명작 제목 좀 갔다 붙이지 마세요  
20170825,1,알바가 활동을 어떻게 하는지 알겠네진짜 제작비가 1억이라도 아깝네임창정도 어설프게 무게나 잡고딱 90년대 초 망작 코미디 영화진짜 어떻게 투자를 받은걸까 이 시나리오로몸으로 웃기다가 신파로 흐르고 휴머니스트 식상한 형사..  
20170825,3,"코믹의 신 임창정, 윈도우무비메이커 정도의 편집기술, 술먹고 들어온 우리 아버지의 술주정같은 개연성없는 스토리  "
20170825,3,"시사반응은 김수현영화 리얼과 맞먹을만큼 그지같던데,알바들 용쓴다ㅋㅋㅋ돈이 남아돌아도 제발 이딴영화는 그만 만들어라!  "
20170825,10,임창정은 역시 코미디영화~~!!  
20170825,10,진심 재밌을듯 굿굿굿굿  
20170825,10,얼마나 이건 또 배꼽빠지게 만들련지 ~ 기대해본다  
20170825,10,정상훈 주연? 눈여겨봣던 배운데 재밌겠다앙  
20170825,10,오 스릴잇고 재밌을듯 ㅋㅋ 내스타일 간만에 나와주시네  
20170825,10,에고편도 웃긴데 얼마나 재밌을까 꽤 대박날듯  
20170825,10,웃느라 지루할틈이없을듯 제일 기대중  
20170825,10,되게 스토리가 특이할거같은데 반전도 있으면 좋겠다  
20170825,9,믿고보는 임창정님 영화 기대할게요 ㅎㅎ  
20170825,10,배우들부터 남다르다 연기는 보증됫네  
20170825,10,지금 제일 기다려지는 기대작중 하나..  
20170825,10,공형진 개좋아 ㅋㅋㅋ 젤귀여워 보고싶다빨리  
20170825,10,정상훈의 주연역할이 너무 기대된당  
20170825,10,간만에 웃음터지는 영화보겠다 기다려짐  
20170825,10,노래로도 승부 코믹으로도 승부하는 창정형 ! 보러갈게요  
20170825,10,"적절한 감동 요소와 우리나라의 현실을 보여주고 역시 임창정의 코미디 연기가 한 몫 하는 영화, 다른 배우들도 연기 굿  "
20170824,1,안봐도 비디오다 줄거리 하고는...  
20170824,5,알.바.풀.었.냐?  
20170824,8,어제 시사회보구 왔는데  요즘 업무로인한 스트레스를한번에 날릴수있게 보는내내 웃으며 봤습니다..대박나세요^^~  
20170824,7,어제 시사회보고 왔습니다. 임창정 정상훈 배우들이 너무 좋아서 시놉은 별로지만 기대는 좀 했는데... 개인적으론 좀 별로네요.. 코믹영화에서 임창정이 무게잡는건 정말 안어울리네요  
20170824,10,넘나웃길것같아용 ㅋㅋㅋ 표정들이 예술 ~  
20170824,10,내용보다는 서로의 조합이 얼마나 어울릴지가 더궁금하다  
20170824,10,너무 재밌을것같은 이느낌 남친이랑 바로 달려가야지~  
20170824,10,예고편보는데 나도모르게 아빠미소가 ㅋㅋ  
20170824,8,재미잇게보다왓네요^^비오는날가볍게클리어  
20170824,9,정상훈 요새 웃기든데 ㅋㅋㅋ 이건 뭐 코믹으로 승부할 영화다  
20170824,7,임창정 연기 잘하는 듯..앞으로도 영화 많이 많이 찍어주시길!  
20170824,10,시사회 보고 왔어요 잠깐잠깐의 스토리 비약은 있지만 그래도 정말 오랜만에 기분좋은 영화 보고 왔어요 임창정씨 등 주연 배우는 물론이고 조연의 연기가 엄청 좋더라구요 특히 55번 아저씨와 알박기 아저씨 오~~ 짱!  
20170824,5,시사회 당첨되어서 보러 갔는데 평론 보고 엄청 재밌겠지 하고 기대했는데 뭥미?!!!! 아쉽네요.. 임창정님 믿고봤는데 이제 안되겠어요  
20170824,6,"어제 시사회 봣는데...웃음코드는 잇었지만..조금은 아쉬운 영화,,,조금만 더  노력햇음  ""청년경찰"" 같이 빵빵 터트릴텐데..조금은 아쉽네요ㅜㅜ  "
20170824,1,"하아...쓰레기, 평점 게시판에 알바를 많이 풀었나봐요  "
20170824,7,"어제 시사회를 통해 봤는데, 솔직히 현실에서는 일어나기 힘든 인질극이라 큰 기대는 하지 않었다. 하지만, 웃기면서도 감동적인 영화라 재밌게 봤다.  "
20170824,6,"시사회 보고 왔는데, 중반부분까지는 재미나게 보았습니다. 뻔한 스토리의 결말이라 뒷심부족인거 같네요.  "
20170824,1,왜 오드리 햅번 주연의 로마의 휴일 제목을 도용하는가? 한국 감독들은 정말 한심하다. 김지운 그놈도 그렇고...  
20170824,8,시사회로 봤는데 막 웃다가 울다가 했습니다. 기대를 안해서 그런지 즐겁게 보았네요^^ 눈물이 쏟아지는 장면도 잇어서 찡햇던~~ 배우들 연기는 갑!!♡  
20170824,1,임창정 영화를 믿고본단 얘긴 난생처음듣네 알바풀었나?  
20170824,10,추억이 새록새록ㅋㅋㅋ친구따라 시사회 가서 본건데 재밌드라구요ㅋㅋ배꼽빠지는줄ㅋㅋ  
20170824,10,가끔은 이런 영화가 그리워질때가 있지 ㅋ  
20170824,10,촌스러우면서도 웃김. 가볍게 보기 좋은 코미디 영화  
20170824,9,짱웃겨여ㅠㅠ시사회가서 계속 웃다가 나왔네여ㅋㅋㅋ코미디 좋아하면 꼭보세여 ㅋㅋ  
20170824,10,헐.. 미쳣네 출연진보소ㅋㅋㅋ 제대로 웃기겠는데?  
20170824,10,임창정 영화에서 보는거 오랜만이라 기대댐  
20170824,10,누구나 다 즐길 수 있는 영화입니다  
20170824,10,재밌었어요. 그냥 생각없이 웃으면서 보기에 좋은?  
20170824,9,이거 미쳤네ㅋㅋㅋ 출연진들만 봐도 웃김 ㅋㅋ  
20170824,10,갓창정ㅠㅠㅠ영화에서 오랜만이네!!  
20170824,10,"머리비우기엔 이만한 영화가 없다는 생각, 생각보다 재밌었다  "
20170823,5,장르가 애매하다... 한 부분에 집중했으면!  
20170823,8,시사회로 봤는데 기대를 안해서 그런지 생각보다 재밌었어요! 킬링타임용으로 좋을듯해요  
20170823,1,응 노재앰~ 전형적인 영화 개그 밑밥 뿌리고 감동 얹기 이 레파토리도 이제 지겹다  
20170823,6,시사회 관람 후 유쾌하게 본것은 맞으나 감동과 유쾌 둘중 무엇에 중점이 큰가 하면 감동 쪽이었던 것 같다. 하지만 개인적으로는 유쾌한 쪽에 더 강점을 살렸다면 더 즐거운 영화가 되었을 것 같다. 그래도 볼만한 영화  
20170823,10,배우들의 연기가 좋습니다.영화도 재미나고^^감동이 있습니다.  
20170823,10,오늘 시사회로 봤어요. B급 영화인데. 웃기고 연기도 좋고 주연배우외에 새로운배우들을 봐서 신선하고 좋았습니다.청년경찰보다 훨씬 나았음. 진지한 영화만 보다가 오랜만에 머리안아프고 잘 웃었습니다. 굿!  
20170823,10,시사회 보고 왔습니다. 포스터나 예고편보고 단순 코미디 영화라고 생각했는데 재미도 감동도 있고 교훈도 준 영화였어요!추천합니다!  
20170823,5,시사회보고왔는데 개인적으로 재미 없었어요~~! 코믹인데 딱히 안웃기고.. 내용도 ...부실하다는 생각이 들었는데 여기 평점보니까 호평이 굉장히 많네요 ㅋㅋ  
20170823,8,우울할때꼭보세요ㅜㅋㅋ55번인질캐리했고 빠따맞을때터져써욬ㅋㅋ  
20170823,10,어제 시사회 다녀왔는데 빵빵터졌음 ㅋㅋㅋ믿고보는 임창정  
20170823,10,드디어 개봉하네요. 빨리 보고싶습니다  
20170823,9,임창정표 코미디는 뭐~ 두말하면 입아프지 ㅋㅋ  
20170823,10,요런 영화는 오랜만인데 꽤나 기대되는걸요?  
20170823,3,[시사회]  싸구려 영화 좋아하시면 적극 추천 합니다 그냥 연 극 수준  
20170823,10,무비월드에서 보고 분명히 10년전 영화라고 생각했는데.. . 다음주 영화개봉 영화라니 충격~  
20170823,7,사실 기대를 안하고 봤는데 생각보다 여러곳에서 빵빵터지는 재미가 있었어요 전체적으로 스토리나 개연성이 좀 떨어지긴했지만 그냥 아무생각없이 웃고 싶을때 보면 좋을듯 합니다 ^^  
20170823,10,역시 코미디는 갓창정!!!  
20170823,10,55번..나와ㅋ55번 일어서..55번앉아ㅋ  
20170823,7,"8/22(화) 품평회에서 로마의 휴일을 관람관람평 :  청년경찰 보다 100배 재미있다.               군함도 보다 1000배 재미있다.               기대 안하고 봤는데, 꽤 재미있다.  "
20170823,10,개봉하면 꼭 보려구요~^^ 임창정씨 영화 오랜만이라 반가워요  
20170823,10,오랜만에 가볍게 즐길 수 있는 영화인 것 같네요  
20170823,10,다들 웃음 폭탄 주의하세요♥  
20170823,10,역시 임창정!! 웃겨 죽는줄 알았당ㅋㅋㅋ  
20170823,10,안봐도..창정이형나오면 10점 아니냐..  
20170823,10,기대됩니다 재밌게 보겠습니다  
20170823,9,어제 시사했넹 ㅠㅠ 개봉 왜 30일이야 ㅠㅠㅠ빨리보고싶은데 기다릴게용..  
20170823,10,이거보고 스트레스 날라가네요 ㅋㅋㅋ 시사회 감사  
20170823,10,믿고보는 창정오빠다 실제로봤는데 존멋 !  
20170823,10,코믹영화 진짜 오랜만에 나오는듯? 흥행할것같아  
20170823,10,줄거리랑 예고편만봐도 웃겨 표정이 개그임 ㅋㅋㅋ  
20170823,10,임창정 나오는데 안볼수가있나 진짜 꿀잼  
20170823,10,정상훈의 첫주연 역할 기대해봅니다 ㅎㅎ  
20170823,9,시사회로 보고왔는데 세 배우의 연기도 좋았고 지루하지 않고 재미있었어요  
20170823,4,한달전 블라이드 시사회로보고.. 어젠 배우들봤는데  정상훈 실물 짱잘새김 ㅋㅋㅋ 그냥 두사부일체랑 비슷함.   한국영화의 특성.. 욕하고 때리고 억지쓰고 마지막에 감동으로 마무리.. 쩝.. 그냥 볼만은해요..  
20170823,9,"어제 시사회로 보고 왔습니다.생각보다는 재밌었어요..다만 뭔가 시간에 쫒기듯 만들어진 것 같은 기분이 있었고,뭔가 큰 한방이 없어서 아쉬웠네요..그래도 킬링타임은 보낼 수 있는 영화 같아요~  "
20170823,6,그저 그런 전형적인 킬링타임용 한국 코미디 영화!  
20170823,7,시사회 보고 왔습니다! 1에서 10까지 평점이 너무 극과 극인것 같은데 그냥 가벼운 마음으로 보면 내용도 연기도 다 괜찮았어요! 일단 보는 내내 재밌었어요 하루를 좀 웃으면서 마무리하고 싶으면 보시면 될것같네요!  
20170823,7,전형적인 90~00초의 한국식 범죄코미디가 예상됨.. 그게 지금에도 통할까?  
20170823,10,아우껴ㅋ3명 케미가 그냥ㅋ정감가네요-ㅋ 역시 임창정^^조연분들 활약도 신선해요~특히 나이트씬 55번~진짜 사장 데려다놓은줄 알고ㅋ검색해보니 가수 미스터팡. 시사회때 싸인해주심^^배우들 다 연기 잘하구 간만에 한국 코믹영화 넘조아요. 감동있음^^  
20170823,1,오늘 보고왔습니다. 좋아하는 배우 세분이 나오셔서 보고왔는데이건 뭐.. 다세포소녀 성냥팔 소녀의 재림이랑 어깨를 견주어도 절대 부족하지 않을 작품이더라구요.창정이형 팬한지 벌써 10년됐는데 오늘부로 안티하기로 했습니다..  
20170823,10,시사회 가서 봤는데 넘~~~나  재밌어요~~  
20170822,9,이거뭐지  줄거리보고 오래된코믹물의 재발견이라 생각하고기대없었어요 전체적분위기는옛날영화맞는데요 묘하게 빠져들네요 제작비거대한영화도 다봤는데 제가 40대라그런지 재미있게 봤어요 창정님 연기 좋구요  중간중간 왜 눈물이나는지 응원해요  
20170822,10,영화! 기대이상으로 재밌습니다!! 손익분기점 넘기기를~ 배우들 연기 굿!! 코믹 감동 다 있어요~~!!!  
20170822,6,"시사회 보고후기아줌마들이 좋아할 영화2000년 초반 한국 코믹물 느낌. 무난히 보긴 하지만 큰 기대는 안하는게 좋음반장이 너무 오버해서 뮤지컬 보는줄내년 추석에 특선으로 나올영화, 가족끼린 보기 무난 경찰하고 이거면 경찰보는걸 추천  "
20170822,6,생애첫 평점중 창정이형 무게 넘 잡음 ㅋ 형진이형 좀 웃김상훈이형 고생했어요좀더 코믹에 집중했으면 낫지 않았을까?  
20170822,10,정말재밌어요 역시 갓창정  
20170822,9,오늘 이벤트로 보고왔어요!!잔잔한 감동도 있고 재미도 있어요!!극장에서 관객들 빵빵터지는 소리가 많이 들리더라구요~ 입소문 날 영화네요!!  
20170822,1,1도 주기 아까움 분명 시사회 보려갔는데 당일날 시사회 취소 됬다고하고 통보함...무슨일이있으면이해가가고 넘어가는데 아무말도없이 안한다고하니 원 어이가없어서 도착해서 들없음 말만 홍보 일처리도 제대로 못하는 영화 보기싫음  
20170822,10,"임창정, 공형진, 정상훈 세배우 조합짱!!웃음폭탄!! 올만에 힐링할꺼같아욤^^  "
20170822,1,한국 코믹? 믿고 거른다  
20170822,10,세배우의 조합이 너무나 기대됩니다 ^^ 대박웃음 대박재미 기대되요 ^^  
20170822,1,"코미디 영화도 정성 들여 만들어야 재밌다.. 시실리 2km, 시체가 돌아왔다, 등등 짜임새 있고 신박하면서도 배꼽 빠지는 연기 좋은 영화들이 그립다..  "
20170821,7,기다렸다 임창정 특유의 개그 보고싶었다  
20170821,10,완전기대중입니다~~~  
20170821,9,영화 이야기도 재미있을 것 같고 출연하는 배우들의 코믹 연기도 너무나도 기대가 됩니다. 영화 로마의 휴일을 보면서 많이 웃어보고 싶네요♡♡  
20170821,10,느낌이 오네..이거 대박날듯 ㅋ  
20170821,1,평점 조절 위원회...;;  
20170821,5,제목부터 로마의휴일이뭐냐ㅡㅡ유치하겠지 안봐도 뻔하다  
20170820,1,한국영화를 또 후퇴시킬 영화가 나오네  
20170820,1,솔직히.. 아무리영화라지만.. 차라리 쥬라기공원이 더 말이될듯..  
20170820,1,솔직히 어제 영화가좋다? 여기서 봤는데 유치하고 재미도 없어보이는게 치외법권 만큼의 쌍팔년도 코미디 느낌  
20170819,10,믿고 보는 임창정이니까 이번에도 본다  
20170819,10,임창정하고 공형진이면 극장에서 망해서 VOD에선 탑 먹는다.ㅎㅎㅎ  
20170819,1,방금 영화소개프로에 나와서 봤는데 노잼예상... 꼭90년대 코미디영화같고 개그코드도 요즘개콘보는 것처럼 억지웃음유발임  
20170819,2,제목을 베껴도 하필 로마의 휴일이냐  
20170819,1,메인예고 정말 재미없더라. 전국관객수 2만이하 예상한다. 요즘 관객들 눈이 많이 높아졌어. 김수현도 망하는 판에 임창정이 뭐라고 ㅋㅋ 가서 소주에 리니지나하세요. 창렬스럽다  
20170819,5,20년전에 개봉했음 좋았겠다  
20170819,1,임창정 영화 계속 말아먹고 있는데 뭘 믿고 본다는 거야  
20170818,10,솔직히 한번 기대해 본다~!!  
20170818,1,코미디장르가 필요하지만 이런식은 아니다. 코미디가 올마나 어려운 장르인데 만만해보이냐  
20170818,1,음... 이 영화 제작에 참여한 사람들+알바들이 평점을 많이 올려준 듯. 일부 팬심으로 10점을 준 평도 가끔보이긴하지만...  
20170817,10,정상훈배우님  나오신다니 !!!  꼭 볼거에요 !!!  ㅎㅎㅎ  
20170816,1,알바들 그득그득한거 봐라 ㅎㄷㄷㄷ임창정 팬심으로 보기에는 소재랑 내용이 너무 저질이다  
20170816,10,갓창정형 영화는 믿고 봅시다 ㅋ  
20170815,10,요즘정상훈씨연기짱!! 잼있는데 유쾌한3분이모여 영화한다니잼있든없든무조건 봅니다~~~왜냐.주연들이너무좋으니깐  
20170814,10,이번에 대박나서 꼭 방송에좀 많이 나왔으면~~  
20170814,10,예고편 완젼 웃겨요 ㅋㅋ 이거 꽤 볼만할듯  
20170814,10,공현진도 오랬만에 나오고 재미지것네요~  
20170814,10,연기파 코미디의 진수 우리 창정이형 화팅  
20170814,10,웃긴영화 진짜 보고싶었는데 빨리 개봉해주세영  
20170814,10,임창정 광팬입니다 무조건 보러갑니다  
20170814,9,드디어 코미디영화 ㅠㅠ배우들도 다 맘에든다  
20170814,10,예고편만봐도 재밌네 꿀잼각이다  
20170814,10,아 이런영화 내스타일ㅋㅋㅋ쓰리배우들 기대된다  
20170814,9,정상훈배우 여기서 제대로 보게되네 기대한표겁니다~  
20170814,10,아 예고편에 배우들 표정만봐도 웃겨  
20170814,10,창정이형 나오면 말다햇지 코믹의 극치를 달릴삘이다ㅋㅋ  
20170814,6,시사회로 본 사람입니다. 평내리신 분중 어떤 사람 말대로 덩케르크랑 같은 값을 내고 이 영화를 본다는 게 말이 안됨. 그리고 연출 진짜 별로임. 연기는 다들 코믹하고 좋았는데 연출은 진짜 서프라이즈만도 못 한 듯했습니다.  
20170813,2,"연기자들과 포스터, 시놉만으로도 영화관에 가지 않을 이유는 충분하다. 이런 영화와 최근 사례를 들어 덩케르크 같은 영화와 같은 티켓값을 지불하고 영화를 본다는 자체가 말이 안된다.  "
20170813,10,잼나겠다 ㅋㅋㅋ 믿고본다 빨리 개봉좀  
20170813,10,기대해볼게요^^ 시사라도 빨리 보고 싶다능  
20170813,10,오랬만에 임창정표 나왔다 -0-  
20170813,10,몰입력 좋은 이야기 거리 코미디영화 원탑형님 화이팅  
20170813,10,우리형나오네 무조건 극장각  
20170813,10,예고보고 빵터짐 ㅋㅋ 이런장르 좋아요  
20170813,10,ㅋㅋㅋ포스터만 봐도 벌써부터 재밌어  
20170813,10,코미디 영화 별로 안좋아하는데 이건 뭔가가 기대되네요~ 재밌을거 같습니다^^  
20170813,10,"헐 한국 코미디 영화 완전 오랜만,,,  "
20170813,10,창정이형 영화는 꼭 무조건 믿고 본다  
20170812,1,임창정옜날에는 먼가 연기가다양해서좋았는데 요즘은 그냥 뻔함 그리고 나오면 백프로 망함  
20170812,1,헐...감독이 창수감독이야?쪽박난영화에감독과배우가다시만났네..임창정은노래만해 연기하지말라고 작품고르는재주가없어  
20170811,1,포스터 부터 B급 냄새 풀풀..  
20170811,5,"혹시 ""바르게 살자"" 2탄??  "
20170811,10,포....스터가....ㅠㅠㅠㅠ지구는지켜라 김씨표류기처럼 포스터만 망한 수작이길 ㅜㅜㅜㅜ  
20170811,10,"헐 한국 코미디 영화 완전 오랜만,,,  "
20170811,10,한국판 세얼간이 기대해봅니다  
20170811,10,와 저 3명의 주인공의 케미가 어떨지 기대된다  
20170811,9,왠지 재밌을거 같은데요?!  
20170811,10,예고편도 개웃김ㅋㅋ 임창정 개좋아  
20170811,10,솔직히 임창정 나오는 작품들은 다 재밌던데ㅋ 이것도 기대중  
20170811,10,페북에서 예고편 봤는데 재밌을거 재밌을거 같음  
20170811,10,임창정이랑 정상훈 공형진.. 케미부터 장난 아닐거 아닐듯  
20170811,10,임창정표 코미디영화라니ㅋㅋㅋ 존잼각  
20170811,10,창정형의 인질극이라.. 엄마랑 같이 보기 좋겠네요 ㅎㅎㅎ  
20170811,10,오랬만에 갓창정 나온거는 봐야지~  
20170810,10,가끔 이런 거 보면 재밌음ㅋㅋ  
20170810,10,네이버 메인 포스터 임창정이 아니고 이시언인줄 ㅋㅋㅋㅋ  
20170810,1,오두리햅번 로마의 휴일검색하면 이런 괴랄한 영화 이거뜰꺼아니야 ㅡㅡ  
20170810,1,임췡졍이 살찐것 봐라...으유...  
20170810,10,기대됨 ㅋㅋㅋ 확실히 웃길듯  
20170810,10,임창정+공형진+정상훈 이라니!!1년치 웃음 예상합니다 !!  
20170810,10,3명 조합이면 말 다한듯 큭큭  
20170810,9,세 배우 케미만 봐도 딱 예상되지 않나요? 배꼽 빠질 것 예상~  
20170810,10,갓창정 믿고 본다 ㅋㅋㅋㅋ  
20170810,10,오랜만에 추억 샘솟아서 좋은데 ㅋㅋㅋㅋ  실실 되면서 보 거 같음  
20170809,1,개봉1주일후 토렌토 올라올듯.  
20170809,1,이런 영화는 왜 만드는 거야?  
20170809,1,임창정 왕팬인데... 감독보니 무조건 걸러야될 영화구나...  
20170809,1,캐스팅부터 시놉이며 감독까지 총체적으로 무쓸모  
20170808,10,...임창정이 김선아랑 나오는 영화보다 배꼽빠졌다...  
20170807,10,임창정 나온 코미디 영화는 다 재미있어요~ 기대중입니다!  
20170803,10,창정이형나오는데 봐야하는거아님?  
20170802,1,옛날 영화를 볼 것 같아..  
20170731,4,개봉하면 재미있게 볼께요  
20170731,10,보고싶어요~임창정나오니까 기대되요~재밋을거같아요  
20170731,10,재밌을것같네요~ 보고싶어요~  
20170728,10,리얼에 대적할만한 영화가 바로 이 영환가요?  
20170728,10,시사회 하지도 않았는데 봤다고? 무슨 소리냐ㅋ  
20170723,1,생각보다 별로일듯...  
20170723,9,잼있을것같아요.대박나세요  
20170723,10,임창정나오는영화는재밌음.거기다공형진까지ㅋㅋ  
20170721,5,조합이 안좋아 조합이...100만 넘기기힘들것다...임창정 보고 5점준다  
20170719,10,요즘 정상훈 재밌던데 ㅋㅋ 기대됩니다  
20170716,10,잼있을꺼같아요~기대기대~  
20170715,10,개봉하면 보러가야지 재미있을듯  
20170715,10,오랜만에 임창정 ... 기대됨  
20170714,10,임창정이라면.. 완전 재미있을 듯!  
20170714,10,보고싶다! 더운 여름 유쾌 상쾌 통쾌  
20170714,10,기대되요~~연기 잘하는 배우들이 나와 믿고 볼 수 있겠네요.유쾌할 거 같아요~^^대박나세요~~  
20170714,9,오랜만에 나오는 코미디 영화...너무 기대 됩니다.  
20170714,10,믿고보는 배우. 임창정공형진정상훈  
20170714,10,임창정의 또하나의 코미디 작품 흥미진진!!!  
20170714,10,꼭 보고싶은 영화입니다 기대감 팍~팍~드네요!!  
20170714,9,바쁘신 창정이 형.. 영화 기대됩니다!  
20170714,10,기대만발갓창정님+.+  
20170714,10,임창정과 정상훈 케미가 기대되네여!  
20170714,10,임창정 코믹영화면 믿고 볼만하죠  기대가 커여 언능 봐야쥐  
20170714,10,"대박사건, 임창정이 나오는데 재미없을리가 없다능.. 기대된다 기대된다!!!  "
20170714,10,믿고보는  임창정덕에 완전 기대기대!!!  
20170714,10,임창정이라니 기대된다!!  
20170714,10,"임창정,공형진,정상훈 완전 믿고보는 배우들이네요! 기대됩니다 :)  "
20170714,10,짱짱 기대기대! 이건 꼭 봐야돼  
20170714,9,정상훈이 주연이라니.. 살짝 기대가 되는?  
20170714,10,임창정!! 공형진!!  정상훈!! 코믹은 개런티된거 아닌가요!! 기대기대  
20170714,10,임창정 주연이면 어느정도의 퀄리티는 이미 보장이죠 ㅎㅎ  
20170714,9,임창정 영화는 믿고본당 !  
20170714,9,임창정 공형진 정상훈이면 웃음은 보장하겠네요!!  
20170714,10,오랜만의 임창정 주연의 영화라니!! 기대되요!!  
20170714,10,재미있을거 같아요~^^  
20170714,9,오랜만이네 창정이형 코미디  
20170714,10,창정이형 이번 영화도 대박기원  
20170714,10,나이트클럽에서 인질극이라니 ^^ 예고편처럼 아주 유쾌한 한바탕 놀이가 펼쳐질 듯 하네요 기대됩니다.  
20170714,10,믿고 보고 듣는 임창정 노래도 연기도 다 내 스탈임  
20170714,10,쓰리콤비 조합이 그냥 웃김 ㅋㅋㅋㅋ  
20170714,10,간만에 보는 임창정코미디! 기대되네!!  
20170712,10,인간미 넘치는 영화! 많이 웃고 즐겁게 봤다!  
20170712,10,우와 티져에 임창정 두 장면 나오는데 벌써 이렇게 웃기다니!! ㅋㅋ  
20170712,10,믿고보는 임창정!! 기대합니다~  
20170712,8,임창정이 나오는 영화니. 코미디는 먹고 들어가나?  
20170712,1,예고편만 보도 재미없어 망할듯 창정아 영화 좀 제대로 골라라  
20170708,10,오랜만에 코미디영화 보겠네ㅋㅋㅋㅋ  
20170707,1,...진짜.. 출연진보고 믿었는데 대실망..  
20170706,10,솔직히 소재도 특히하고 유토피아같은 삶을 지내다 나도 모르게 동화되버린...그속의 사람들과 섞였고 즐거웠다.지루할새 없이^^  
20170614,10,믿고보는 갓창정 ㅎㅎㅎ  
20170611,10,우울한 날에는 창정이 성님의 예전 영화만 봐도 다시 웃을수있다  
20170515,10,출연진만으로도 기대되는 영화네요  
20170514,10,갓창정... 믿고볼수 있는 영화  
20170511,10,5월에 개봉한다 했눈데 왜 안하는 거죠??? 언능 보고싶은데ㅠㅠㅠ 기다리겠습니다.  
20170401,10,창정오라버니~^^ 파이팅!!^^ 기다리고  또 기대합니다!! 대박 기원!! 개봉 빨리 했으면 좋겠당~^^!! 아자 아자!!^^ 영원한 팬입니당ㅋ!  
20170124,10,지금도 촬영중이라는데 왜 2016년 개봉이라고되있죠?  
20170123,10,한소영 누나 너무 예뻐요 완전 기대중!!  
20170121,7,"창수 감독과 다시 재회하셨네. 감독님, 이번엔 작품성에 신경쓰시길바랍니다.  "
20170112,10,전국민의    스트레스를  한방에  날릴신나는   코믹영화~기대할게요!!!  
20161221,10,  창정이형 영화는 꼭본다  
20161212,10,갓창정 이니까 사랑해여 ~~  
20161201,10,시놉시스에 임창정만 대입시켰는데 보기도전에 10점이나온다  
20161117,6,감독이 창수 감독이다.. 이번에는 제발..임창정 연기력만 사는 영화가 아니었으면.  
20161116,10,기대됩니다 얼른개봉해주세요~~  
20161028,10,재밌을듯 창정이형 코믹연기는 우리나라 탑이다  
