0,1,2
20170607,10,1편같은 작품 보고 싶었습니다.  
20170607,10,우와! 심야식당2 너무 기대됩니다!  
20170607,10,드라마로 재미나게 봤는데 완전 기대됩니다~  
20170607,10,넘넘재밋어요 안보면바보~~!~!  
20170607,10,심야식당2  기대됩니다.  
20170607,10,재미있을꺼 같아요ㅋㅋ  
20170607,10,보고싶어요ㅋㅋ 기대 되요  
20170607,9,1편에 이어 2편도 완전 기대됩니다~~!! ^^  
20170607,10,따뜻한 사연이 깃든 심야식당 너무나 기대되요  
20170607,6,전편보다 더 멋진작품으로 기대해봅니다  
20170607,10,1편에 이어서 힐링할 수 있는 영화가 되었음 좋겠어요!  
20170607,10,기대됩니다. 3번 볼게요.  
20170607,10,너무너무 기대돼요^^  
20170607,10,"드라마, 영화1편 모두 너무나 재밌게 봤던 영화너무 기대 됩니다^^  "
20170607,10,식당1편보고 정말 재밌었는데 2편은 더 기대되네요  
20170607,9,지금 보러왔는데 기대됩니디ㅡㅇ  
20170607,10,마음을 따뜻하게 해줄거라 기대합니다: )  
20170607,10,1편도 정말 재미있게 봤는데 기대가 큽니다!  
20170607,10,항상 즐겨보던 드라마와 영화!이번에도 따뜻한 이야기 기대됩니다  
20170607,10,원작도 좋고!!! 영화도 좋고  
20170607,10,쉡 이번에도 맛있는거 부탁해  
20170607,10,기대합니다~ 심야식당2!  
20170607,10,완전기대됩니다~!!!  
20170607,10,1편도 재밌게 봤는데 기대기대!  
20170607,9,꼭보고싶어요 심야식당1에이어서 2도 기대돼요  
20170607,10,기대하던 영화가 2탄으로 돌아왔다니 감성적인 맛있는 냄새나는 영화 기대합니다  
20170607,10,전편에 이어서 이번엔 어떤 맛있는 메뉴와 사연을 들려줄지 기대할게요!  
20170607,10,힐링영화라고 들어서 정말 재밌을거같아요 얼릉 보고싶네용??  
20170607,10,최고의 힐링 영화입니다! 강추!  
20170607,10,"역시는 역시!본격 푸드 힐링 드라마 심야식당2, 너무 기대되요??드라마와 극장편 모두 섭렵한 팬으로서 꼭 봐야겠어요 ㅎㅎ  "
20170607,10,기대되요 재밌을 것 같아요  
20170607,10,1탄보고 바로 2탄도 보러왔어요! 마스터 나도 카레라이스 줘요!  
20170607,10,너무기대되요♥재밌을거같아요!  
20170607,10,엄청 기대되요~ 보고 싶어요~  
20170607,10,기대됩니다. 보고싶어요-!  
20170607,10,시사회 재미있기 보고갑니다 ㅎㅎ  
20170607,10,지금 봅니다!!  기대가 큽니다  
20170607,10,심야식당 기대되네요!!!  
20170607,7,기대됩니다요~^^#심야식당2  
20170607,10,기대돼용 따듯한 밥과 이야기  
20170607,10,잼나겠어요~~~얼른 보고 싶다는 생각이 드네요 !!  
20170607,10,가슴이 따뜻해지는 이야기 기대됩니다.힐링이 필요할때 딱!#심야식당2  
20170607,8,잔잔한 영화 심야식당 너무 기대되요~!!  
20170607,10,심야식당2가 드뎌-!!!!심야식당1도 너무 재미있게봤어요기대되네요^^  
20170607,10,너무보고싶어요 기대만땅  
20170607,10,추천해요. 기대한만큼 재밌네요.  
20170607,9,1편도 넘 재밌게 봐서 2편도 넘 기대됩니다!!!  
20170607,10,드라마도 영화도 늘 대 만족  
20170607,10,전편도 너무 좋게본 작품 기대만땅입니다!!!  
20170607,10,1편도 봤었는데 2편도 꼭 보러 가야겠네요!!  
20170607,10,무조건 본다. 드라마도 시즌 2보고 3도 꼭 보고싶음. 이건 인생작임. 나도 이런 가게있음 가고싶다.  
20170604,10,안봐도 이미 10점. 내가 일본을 좋아하는 이유  
20170603,10,"잔인, 폭력, 호러, 선정성, SF효과등에 지나치게 쩔어있는 인간들은 닭치고 그냥 처봐라. 인간의 삶은 헐리우드식 영화가 아니다.  "
20170603,1,여기 댓글 알바들 가관이다..좀 미련한건지 어떻게 5월30일7시전후로 평점 10점이 100개 가까이 한꺼번에 올리지..?좀 티안나게 날짜 시간을 나눠서 올리던가..점수도 중간에 8점9점도 넣고다양하게해서.내가 사장이면 평점올린 직원들 다 짤랐음..ㅋㅋ  
20170601,8,토렌트에 떳음. 극장가서 볼필요 없음.  
20170530,8,정말 기대되네요~~~~!!!!시즌1도 재밋겄은데 잘볼게요ㅎㅎㅎ  
20170530,10,마스터의 요리는 언제나 감동이지요. 기대됩니다  
20170530,9,전편도 재미있게 봤는데 기대되네요  
20170530,10,심야식당 1을 재미있게 봤어요! 시즌2도 무척기대되요  
20170530,10,기대만큼 사람들의 마음을 달래주는 영화였어요  
20170530,10,심야식당2 기대됩니다 :)  
20170530,10,맛난음식같은 심야식당2로 치유받고 싶어요~  
20170530,10,메롱메롱 배고프다 !!  
20170530,10,너무 너무 기대됩니다!!  
20170530,10,심야식당2 기대됩니다~  
20170530,10,잔잔히 파고드는 최고의 힐링무비 ㅎ 위로받고 싶어요  
20170530,10,마스터 이번에도 기대되네요  
20170530,9,심야식당1잼있게 봐서 완전 기대됩니다  
20170530,10,완전 기대하던 영화!! 무조건 봐야죠~^^  
20170530,10,"따뜻한 스토리와 먹방, 지대로입니다!  "
20170530,10,드라마로 봤는데 영화도 기대되네요  
20170530,10,식당아저씨 볼매..빨리 보고파요  
20170530,10,기대됩니다. 전편도 재미있게봐서요  
20170530,10,기대 많이 됩니다. 잘 볼께요~^^  
20170530,8,심야식당 2 완전 기대되네요!! 뭔가 음식을 먹고 봐야할듯!!  
20170530,10,심야식당에 가고프네요 호호호~ 일본여행 고고~  
20170530,10,1편 재밌게 봤는데 2편도 기대되요!  
20170530,10,재밋어요 꼭보시길바랍니다  
20170530,8,드라마를 잘봐서 보려합니다  
20170530,8,음식영화는 독보적이죠~  
20170530,10,드라마를 너무 재미있게 봐서 기대 됩니다 ㅎㅎ  
20170530,10,영화가 기대됩니다!!!!  
20170530,8,엄처ㅓㅓㅓㅇ 기대됩니다.  
20170530,10,일편재미있게봤는데 이편도 재미있겠죠  
20170530,10,기대가 커요! ♥ 꼭 볼래요  
20170530,10,심야식당2편 기대되요!  
20170530,8,너무너무 기대됩니다~  
20170530,10,심야식당 팬이에요 기대됩니다!  
20170530,10,너무 재밌을거 같아요 화이팅!  
20170530,10,드라마도 봤었는데 재미있을것 같아요 기대됩니다 !  
20170530,10,보기 직전입니다. 기대됩니다  
20170530,10,심야식당 1편 잼있게봐서 2편도 기대되요!  
20170530,10,심야식당 도 잼나게 봤는데 심야식당2는더 기대됩니다~  
20170530,10,보고싶어요정말심야식당2  
20170530,10,심야식당 드라마때부터 잘봣는데 영화도 너무 기대되여  
20170530,10,믿고 보는 힐링무비의 대명사! 기대중입니다.  
20170530,10,재밌을거같아요!(*´?`*)  
20170530,10,너무 기대되는 영화 최고  
20170530,10,드라마로보던것을영화로보니완전기대되요  
20170530,10,드라마보고 영화도 봤는데 역시 짱짱!  
20170530,10,마스타! 따뜻한 영화 부탁해요!  
20170530,10,기대되고 1편도 봤는데 너무 잘 보았어요  
20170530,10,심야식당2 기대 됩니다  
20170530,10,정말 좋은영화였어요.  
20170530,10,1에 이어 기대됩니다~  
20170530,10,너무기대되는만큼 재밌습니당~  
20170530,10,1편도 너무 재밌게 봐서 기대됩니다 ㅎㅁㅎ  
20170530,10,마스터 보려고 보는 영화  
20170530,10,심야식당 드라마부터 다보고있습니다 너무 기대되요  
20170530,8,너무 보고싶어요 재미있을거같아요  
20170530,7,드라마 영화 모두 너무 잘봤어요!!  
20170530,10,기대가 커요~심야식당 화이팅  
20170530,10,대박 넘나 기대인것 히히  
20170530,10,역시 심야식당 ! 꼭 보세요 좋아용 ㅎㅎ  
20170530,9,영화에서 나오는 음식들이 기대되서 2편도 궁금하고 보고싶네요..  
20170530,10,시즌1도 재밌었는데 시즌2도 완전 기대되요!!  
20170530,10,1편도 재밌게 봐서 2편도 기대됩니다 ^^  
20170530,10,넘넘기대됩니당 ㅎㅎ재미있을듯..  
20170530,10,재밌을꺼같아요! 기대됩니다  
20170530,10,심야식당2  기대되요:)  
20170530,10,마스터죠아용 기대기대  
20170530,10,너무따듯한 이웃과 요리 이야기 최고입닏ㆍ  
20170530,10,재밌을것같아요! 기대돼요  
20170530,8,1편도 봤어요.  2편 너무 기대됩니다.  
20170530,8,심야식당 많이 기대됩니다  
20170530,10,1편도 너무재밌었어요~ 2편기대됩니다  
20170530,10,기대한 만큼 재밌었어요~~~  
20170530,10,볼래요 재미있을것 같아요  
20170530,10,기대되는 영화에여 꼭 볼래요!  
20170530,9,다양한 스토리의 훈훈함이 너무 좋아요  
20170530,10,심야식당 보고싶어요!!!  
20170530,10,심야식당2. 기대하고 왔어요. 기대 이상 재미있는 영화예요.  
20170530,10,스토리가 탄탄하고  너무나 좋습니다  
20170530,10,눈과 마음이 다 맛있는 영화 올 여름 심야식당2와 함께하세요^^  
20170530,10,너무기대되용♡♡♡♡  
20170530,10,심야식당1 도 좋았는데 2도 괜찮을까 기대됩니당ㅎㅎ  
20170530,10,심야식당1도 잘봣는데 어무 보고싶어용  
20170530,10,심야식당1도 재밌겜봤는데2도 넘기대됩니다  
20170530,10,심야식당2 개봉 너무 기대됩니다!  
20170530,10,진짜 일본도 너무 좋아하는데 이런 멋진영화 너무너무 좋아요!!!! 보고싶어요???? 기대됩니다!!  
20170530,9,심야식당1 영화 재밌게 잘 봤는데 이번 2편도 기대됩니다~^^  
20170530,10,1편 재밌게 봤어요!!  
20170530,9,1편은 괜찮은데 2편도 괜찮을거라 믿고보러갑니다..  
20170530,10,볼 때마다 가슴 따뜻해지는 심야식당!! 너무 기대되네요ㅎㅎㅎㅎ  
20170530,10,재밌어요! 배고픈 심야식당!  
20170530,8,심야식당2  맛있는 음식보면서 즐겁게 볼수있어서 좋아요!기대되요  
20170530,9,전편에이어 어떤 연출력으로 관객들에게 재미와 감동을 줄지 기대됩니다  
20170530,9,"심야식당 만화책을 넘나도 재밌게본지라, 영화도 너무 기대되요~~ 오다기리죠라니 무조건봐야죵!  "
20170530,10,1탄에 이은 2탄도 엄청 기대합니다.^^  
20170530,10,심야식당 팬으로서 이번편도 기대되요  
20170530,10,기대되는 영화입니다 :)따뜻한 그런 영화  
20170530,10,재밌을 것 같아요! 기대됩니당 ~  
20170530,6,마스타!!!뜨끈하고 감동적인 맛 부탁해요;-)  
20170530,10,"드라마도, 이전 극장판도 재밌게 봐서 기대중입니다 :-)  "
20170530,10,늘 실망시키지 않는 작품.. 침색 자극 영화 기대됨!  
20170530,10,맛있는 소리도 좋았고 재밌었어요~~^^*  
20170530,10,재밌을것같아요!!  1편보다 기대중  
20170530,10,보면 힐링되는 영화 심야식당2 추천드립니다^^  
20170517,10,마스터 이번 영화도 따뜻하게 부탁해 ㅎㅎ  
20170515,10,심야식당2 보고 맛난거 먹고... 편안한 하루 보내고 싶네요~개봉이 기다려집니다!  
20170506,1,"진지하게 묻는건데 이딴걸 시간,돈 쓰면서 진짜봄?  "
20170428,6,고독한 미식가는 영화 안만드나...-0-  
20170428,10,1편도 너무 잼있게 봤는데.. 2편 예고편 보니 꼭 보고싶네요!!  
20170427,10,오픈하면 바로 달려갑니다~~~! 어서 개봉해주세요 ㅎ  
20170427,10,오오오!!! 마스터ㅠㅠ  
