0,1,2
20170719,10,더빙 말고 일본판 개봉 안하나요?  
20170719,10,이거 상영극장 표 보니깐 메박 밖에 안돼는거 같아요 영화 보실분은 메가박스 에서 예매 하시고 보는걸 추천드려요~  
20170719,10,25주년축하요!너무기대되요  
20170719,10,예매하려고하는데청주지웰시티cgv랑청주터미널cgv가짱구상영시간표가아직않나온거같내요빨리짱구상영시간표가청주지웰시티cgv랑청주터미널cgv에상영시간표가나왔으면합니다상당히많이기대합니다엄청엄청많이기대합니다  
20170719,10,요번 극장판도 보러갑니다짱구벌써 30살이네요 티비에선5살이지만  
20170718,10,너무 기대돼요!!!!  
20170718,10,25주년 짱구 엄빠의 어린이 모습 너무 귀여워요.  
20170717,10,짱구는 사랑입니다. 목요일에 극장가서 볼 예정입니다.  
20170717,10,기대기대!! 꼭 볼꺼에요  
20170717,10,진짜 만화에서만 간혹 언급되던 언덩이 외계인 ..25주년기념해서 극장판으로 나오는데 꼭봐양  
20170716,10,그저 짱구라는 이유 하나만으로 최고였어요.그동안 등장했던 극장판 캐릭터들 이스터에그로 등장하는것도너무너무 반가워서 좋았구요!  
20170716,9,"시사회 보고 왔네요ㅎㅎ짱구 극장판답게 초반부터 탄탄한 스토리와 전개, 말미에는 가슴 따듯해지는 마무리까지ㅜ.ㅜ 초등학생때부터 성인이 된 지금까지 너무나 큰 재미를 주는 짱구야.25주년,더 오래보자구!!  "
20170716,9,"좋습니다! 스토리는 뻔하지만 전체적인 유머코드나 연출등에서 만족했습니다. 오덕남 스릴러는 진짜 소름이었고, 짱구 아빠의 가족사랑은 감동적이었습니다! 좋은 애니메이션을 만들어주셔서 감사합니다.  "
20170716,10,넘넘보고싶어요 일년을기다려온 극장판♡♡♡♡저번시즌도 넘재밌었어요ㅋㅋㅋ  
20170716,10,오늘 봤는데 정말좋아요  짱임  
20170716,10,너무재밌어요  추천합니다  
20170716,10,25주년 짱구는 못말려 짱 재밌어요 극장판 기대해도좋아요^^~~  
20170716,10,정말재미있게봤어요~~^-^  
20170716,10,아이가젛아하고너무재밌어요  
20170716,10,신나게 아들과봤네요  잼나요^^  
20170716,10,짱구와 덩덩이의 우정과 짱구가족의 가족을 느낄수 있었습니다. 너무너무 재밌게 잘보고 가요ㅎㅎㅎ  
20170716,10,짱구는 못말려 역시 짱 너무너무 재밌겠다  
20170716,10,역시 짱구는 실망시키지 않음~^^  
20170716,10,유쾌한 짱구~~~^^ 재밌어요~~~  
20170716,10,역시 짱구네요 ~ 너무 재밌게 봤습니다  
20170716,8,"우리,,,아덜들이~,,좋아하네여,,,!  "
20170715,10,믿고보는 짱구 20대가 되어도 여전히 보고싶은 애니 *^^*  
20170715,10,나는 21살이 됬는데도 영화관에서 혼자 짱구를 본다..  
20170715,10,우리아이들 짱구광팬~ 여름개봉 우리에겐 희소식.근덕 개봉관이 없네요ㅠ광주광역시 개봉예매가 안뜹니다이런경우는.. 처음너무합니다.극장들이 돈이 안된다고 극장성수기라.극장관 안내주는듯. 절망ㅠ  
20170714,10,기대되내요 ㅎㅎ짱구 25주년  축하드려요^-^  
20170714,10,제목 너무 귀여워요.. 덩덩이... 엄마아빠가 아이로 변한다니 엄청 재밌을거 같네요... ^^  
20170714,10,애니로 된 영화는 잘 안보는데 짱구는 꼭 챙겨봄...  
20170713,10,짱구는 언제나 다섯살이다...!  
20170711,10,완전 기대됩니다 꼭보러갈께요  
20170711,9,외계인 엉덩이인줄...ㅋㅋㅋ  
20170711,1,애들영화도 알바들 푸나 평점이 무슨 완전 장난이넹...  
20170711,10,짱구영화는  볼때마다  감동을 받게 되요신형만과 신짱구 봉미선 신짱아의 가족애 가 모여 이런 멋진영화를 만들어 내는 것 같아요 이번 짱구 영화도 완전 기대되내요  
20170711,10,짱구는못말려20OOO에개봉할줄알았는데 빨리개봉해서좋구요25주년축하해요おめでとう！^^  
20170710,10,25주년!!정말 기대 되네요!  
20170710,10,이때까지 짱구는 못말려 극장판 다 봤어요 너무 기대되네요 짱구는 못말려 진짜 너무 재미있어요 많이 보러오시길바래요 짱구는 못말려 짱이에영  
20170709,8,짱구는 항상 재밌었어 선인장 습격 사건도 그렇고  이번에도 기대중 ♡  
20170709,10,짱구ㅠㅠ오래오래 함께했으면!!!  
20170708,10,소재가 기대됨! 보러 가겠습니다!  
20170708,10,우왕 25주년 추카추카~~~~  
20170707,10,성인이지만 더빙이 기대됩니다. 박영남 선생님 이번에도 참여하시는거 맞죠 ! 사랑합니다 팬이에요 ㅠㅠㅠ  
20170706,10,멋진 짱구 극장판 그리고 멋진 나  
20170706,8,짱구 중박은 하는데 애들은 데려 오지 말아라 이거 엄연히 애덜 볼만한 건 아니다.. 일어 원본 보면  그닥  
20170705,10,짱구 극장판은 매일 볼때마다 명언이 있는데 이번에도 좋은 명언이 있길 바라고 항상 즐겨보는 짱구 계속해서 흥했으면 좋겠으면 합니다 앞으로도 응원할께요  
20170705,10,일본에서 봤었음. 진짜핵꿀잼ㅠㅠ빨리한국더빙도 보거싶  
20170704,10,꺅 넘기대했는데 빨리 보고싶어용!!!!짱구짱 구짱구!!!!  
20170703,10,짱구다무조건10점인듯  
20170702,10,덩덩이와의 캐미 감동적이겠네  
20170701,10,ㅠㅠㅠ짱구 극장판  너무 기대돼요!!  
20170629,10,극장판에선 9기 이후 어린 아빠모습 처음보는것 같다  
20170629,10,어헝ㅠㅠㅠ얼른 보고싶다!!ㅠㅠ  
20170629,10,믿고보는 신노스케!!!  
20170628,10,벌써부터 기대되네요 지금까지 나온 짱구 극장판 모두 하나도 빠짐없이 엄청재미있게 봣는데 ㅎㅎ 이번것도 예고편만봐도 재미없을리가 없겟네요 ㅎㅎ  
20170627,10,짱구 홧팅!!!! 언제나응원하고 즐겨봐요^.^  
20170627,10,"투니버스 짱구는 안 보지만, 극장판은 무조건 본다.  "
20170627,10,짱구 극장판 총집편 DVD 발매하실 생각 없나요? 소장하고픈데  
20170627,10,믿고보는 짱구 데 말이 필요있나요 ㅠㅠ 25주년 축하 드립니다  
20170626,10,꼭보러갈게요 엄청재밌을거 같아요  
20170626,10,좋아~ 특전도가져오고 한국 자기 딸아들 방치해놓는사람 없었으면좋겠다. 그런사람들이 개념있는 부모님 욕먹이는거니까 그러지맙시다.  
20170625,10,"짱구 25년 축하드리구요 항상 감동,재미 다 잡았던 극장판 이번에도 기대합니다♡  "
20170625,10,"안녕하세요! 저는 어릴 때 부터 빵 짱구를 좋아했는데요, 짱구를 만들어주시고 지금까지 연재해 주시는 작가 감독님께 정말 감사합니다. 오래오래 연재해주세요 짱구 사랑해요♥ 이번 극장판도 정말 기대가 됩니다!!  "
20170624,10,아주 재미있을 것 같습니다.  
20170623,10,정확한개봉날짜가 언제인지?ㅜㅜ  
20170623,10,짱구는 어린아이들이 보는 만화지만 어른이된 지금도 저에겐 향수같은 작품입니다. 항상 성인이 되서도 재미있게 챙겨보고있어요 화이팅입니다.  
20170623,10,오시리ㅡ 시리리  엉덩이 ㅡ덩덩이 인가 ㅋㅋ  
20170623,10,정말기대되네요.짱구는정말너무재미있어요  
20170622,10,빨리 보고싶어용! 기대중♡  
20170622,10,함께 커온 짱구가 벌써 25주년이고 내 시간도 꽤 많이 흘렀구나 내 자식 키울 때도 함께 했으면 좋겠다 다 큰 어른이지만 이번에도 극장가서 봐야지 !  
20170622,10,외계인이랑 짱구 엉덩이 닮음 ㅋㅋㅋ아기된 엄마아빠도 귀여워요 ㅎㅎ 어떤 깨발랄한 모습을 보여줄지 기대됩니다~  
20170622,5,팬심으로 보는 킬링타임용 극장판일듯.  
20170621,10,짱구야 사랑해 요놈시키 사랑해  
20170620,10,넘 기대됩니다  25주년  축하합니다!!!^^  
20170620,9,짱구가 나이가 안먹는 이유가 저 외계인 덕분이였다는 반전이 있는 영화일지도?!  
20170618,10,포스터 공개를 투니버스 블로그에서 첫 공개했다고 들었는데... CJ가 대원한테 산건가...?  
20170616,10,와우 여름방학에 개봉하네요! 우리애랑 보러가야겠어요!  
20170616,10,살아갈 이유가 하나 더 생겼다 짱구야 사랑해 ㅠㅠ  
20170616,10,25주년이라 굉장히 빨리 개봉하네요. 앞으로도 서둘러주세요. 늦을수록 관객수 안나옵니다ㅜㅜ  
20170615,10,빨리 개봉해라~♡ 보고싶다!  
20170614,10,이렇게 빨리가서 개봉하니 정말 감동입니다꼭 보러 가겠습니다  
20170506,10,빨리 보구싶다!! 짱구25주년 파팅!  
20170406,6,요즘 짱구 극장판은 유아틱해진 감이 있음. 단순하고 동화적인 내용임. 개인적으로 짱구 극장판은 2006년 이후로는 보통임.  
20170319,10,짱구는시리즈별로하나도빠짐없이다봤는데...정말다재미있네요!재미있기도하면마지막에는..큰감동을주는!너무기대되네요!  
20170317,10,"짱구 25주년 축하드립니다! 항상 재미,감동,우정,사랑 그리고 명언등을 남겨주는 짱구극장판 ! 이번엔 어떤요소로 다가올지 참 궁금합니다! 그리고 우스이 작가님 벌써 25주년이 되었습니다. 그쪽에서도 흐뭇하게 응원해주시길바랍니다. 짱구파이팅~  "
20170316,10,"언제 한국에서 개봉하는지,.,,빨리보고사프다  "
20170316,10,짱구25주년 축하합니다^^  재밋겟어요 빨리나옴 좋겟어요  
20170228,10,폭풍수면을 본게 엊그제 같은데 벌써 25기가 나온다니 >__< 엄청 기대되네요ㅎㅎ  
20170227,9,기대함당 짱구너무좋아베베베  
20170226,10,믿고 보는 짱구....!  
20170225,10,일본에서 먼저빨리하고 그다음엔  한국에도 빨리하면좋겠네여ㅎ  
20170206,10,완전 재밌었어요!!! 오랜만에 영화관가서 보니까 동심으로 돌아간느낌?? 완전 추천해요!!! 애들도 너무 귀엽게 나와서 흐뭇하게 봤네요^^  
20170125,10,믿고보는짱구인데 설명이뭐가더필요한가...  
20170114,10,짱구는 못말려 극장판은 1년에 1편씩 나오는듯  
20170114,10,짱구 극장판 한번도 안빠지고 다봣다 !! ㅋㅋㅋ 이번에도 꿀잼 예상 근데 엄청난게 짱구 극장판 1993년부터 지금까지 일년에 한번씩 나왓네 ㄷㄷ 진짜 대단하다고 생각 ㄷㄷ 1년에 한번씩 극장판 근데 소재도 다꿀잼 ㄷㄷ  
20170110,10,정말 짱구는 나를 하루하루 ㅐ행복하게만들고 즐거움을 주는 애니이다 솔직히 영원히 했으면 좋겠덩~^^이번편도 기대하갰습니당!!  
20170108,10,보고싶습다!!!! 기대  
20170106,10,시리리 무슨 케로로에 나올법한 이름이네요ㅋㅋ 기대되네요 25주년 기념작 빨리보고싶네요..♡  
20170106,10,저는 짱구 영화라면 전부 다 10점이에요!  
20170101,10,짱구 엄마아빠가 아이로 변한다니 소재 엄청 끌리네요ㅋㅋㅋ 언제나 짱구 극장판 응원합니다!!  
20161222,10,짱구극장판은 항상 레전드!!기대할게요 25주년 축하해요  
20161220,10,빨리 보고싶네요♥_♥  
20161219,10,짱구 극장판 25주년! 축하합니다!!  
20161211,10,오옹!! 기대하께요!♡  
20161206,10,25주년 극장판이라네요 기대됩니다ㅎㅎ  
