0,1,2
20171011,10,진짜 감독의 미장센과 영상미는 정믈 훌륭하다. 이렇게 반전을 스포해놓고 감동이... 원래 맬로 영화 뻔해서 안보는디 이건 진짜 울컥이는 감동의 수준이 장난 아니다. 이건 마지막 10여분을 위해서 있다고 해도 과언이 아니다  
20171011,10,역시 일본로맨스.. 캬아 소우타 고마츠나나 둘다 개인적으로 엄청나게 좋아하는 일본배우들이기때문에 꼭봅니다.  
20171011,10,"나는 내일, 어제의 너와 만난다  넘 재미있어요!  "
20171011,10,만화로 봤는데 내용 좋음  
20171011,10,이렇게 기쁘고 슬프고 아련한 연애 아니여도 좋으니까 정말 평범한 연애라도 해봤으면 좋겠다 죽기전까지 가능할지 모르겠네 20살 먹고 모솔이란 자괴감에 빠지기 싫어ㅠㅍ  
20171011,10,저에게 정말 인생영화네요.  
20171011,9,남주 주연과 조연이 바꼈어야해  
20171011,10,저번에 썼던 리뷰 삭제하고 다시 올립니다.(이전 리뷰도 별점10)오늘 영화 개봉 1일전이라서 생각나가지고 다시 영화를 봤는데 첫 장면보고 울었습니다. 그리고 마지막 장면으로 땡겨서봤다가 진짜 펑펑 울었습니다. 그 정돕니다. 꼭 보세요.  
20171010,1,지겹다... 시간드립영화들... 고만좀해라.  
20171010,10,올해본영화중 최고예요 아름답고 슬프고 예쁘고 여운이남네요 너의이름은 볼때처럼의 감동이있어요  
20171010,10,역시 죽이네.. 억지 감동 유발도 아닌..ㅠㅠ  
20171010,7,9월에 시사회에서 봤는데 두 사람의 시간축이 이해가 안돼서 물음표만 한가득이었다. 나중에 엔딩곡을 들으면서 곱씹어 보니 조금씩 슬퍼진다. 아직 세부적인 내용은 이해가 잘 안 되지만 개봉하면 다시 보고 싶다. 엔딩곡이 좋으니 꼭 다 보고 나오시길....  
20171009,10,"9점, 10점중 너무 고민하다가 10점!! 일본 특유의 감성이 엄청 잘 나온 것 같고 처음엔 에미가 왜 울지?? 하는 장면이 후반부로 갈수록 나의 가슴을 후벼팠다....ㅜㅜ 너무 좋았다  "
20171009,10,평점을 절대 안 하는 편인데 이 영화는 꼭 평점을 매기겠다  
20171009,1,"1990년 대 후반 개봉하면 볼텐데....제목부터, 답답하다  "
20171009,10,익숙해져 버린 사랑이라는 감정의 소중함을  일깨워 주는 영화풋풋하면서 설레이고 아련하면서 애달픔을 느끼게 해주는 영화시작과 끝은 이어진 영화 그래서 끝나지 않았으면 하는 영화  
20171009,10,31살 지금  만나러 갑니다 이후 최고였다 펑펑 울었다 정말  
20171009,10,영화를 보면서 끝나지 마라 끝나지마라라는 생각을 한 영화는 이 영화가 처음입니다.마지막 여주의 시각으로 보면 긴 여운이 남는 영화입니다.  
20171009,10,"찔끔나던 눈물이 마지막 여자 주인공의 이야기를 풀어놓으면서 숨막고 결말까지 울기만 했다..어떻게 이런 스토리를 생각해 냈을까 정말 대단하다라는 말밖에 할 수가 없었던 영화다. 배우 캐스팅부터 대본, 연출 그냥 모든것이 완벽하지 않았나 싶다.  "
20171008,9,일본스러운 초자연적인 러브스토리. 벤자민 버튼의 시간을 거꾸러간다와 지금 만나러 갑니다를 교묘하게 섞여 놓은 듯 하지만 느낌은 또 다른듯... 행프다? 제목을 보고는 여주 입장에서 이해할려고 하는데 역시 거꾸러 생각하긴 싶지 않아  
20171008,10,어떻게 이런 설정을 생각해냈을까 감탄을 금할 수가 없다. 너무나도 애절하고 운명적인 러브스토리다.  
20171008,10,와...하루가 갈수록 서로 멀어진다니...ㅠㅠ진짜 그의 첫날에 그녀는 얼마나 슬펐을까...  
20171008,10,첫사랑과 끝사랑이 공존하는 아름답고도 슬픈 영화  
20171007,10,이거 보지마세여.. 보면 여운이 너무 깊네남음.. 영화 3번째봄..ㅠㅠ  
20171007,10,소름돋는건 남주의30일과 여주의30일은 감정선 자체가 다르다는거ㅇㅇ 남주는 순수한 연애를 하다가 비밀을 알게 돼서 슬퍼하며 앞으로 어색해할 여주를 배려해주는 스토리였다면 여주는 1일때부터 이미 본인이 남주에게 그러한 배려를 받고 있음을 알고 있는 상황  
20171007,10,이해할 수 없지만 감동적이고 슬픔  
20171007,10,아.. 평점에 후유증쩐다고 보지말라고할때 보지말았어야했다.. 진짜 솔직하게중반까지 여주미친거아냐?라고 생각했는데 중반이후부터 그냥 펑펑울었다 내가그냥미안해서..남주에너무몰입이되었나 고마츠 나나 정말 예쁘더라 마치 남주가된것마냥 빠질것같았다 에미한테  
20171006,9,"두 사람의 관계를 달의 모습에 빗대어 묘사하는 방식은 애잔함을 더해주며, 각 인물의 감정의 기승전결을 완벽하게 풀어내었다.마지막 여주의 입장에서 시작하는 1일에서는 펑펑 울어버렸다.관객을 롤러코스터 태우는 몇 안되는 명작.  "
20171006,10,한 마디로 이영화 미쳤습니다.  
20171005,9,아... 간만에 영화보고 눈물흘렸네요... 좋은영화네...  
20171005,10,진짜 별에 별 멜로영화 다봤지만.. top 5에 꼽을수 있는영화.. 초반엔 진부하다 생각했지만 마지막으로 갈수록 소름이 돋고 가슴이 먹먹해진다.. 여운이 너무 길어서 평점까지 쓰게 만드는 영화.. 최고였다 진짜 ㄷㄷ  
20171004,10,엌 이거 보고싶었던건데.. 꼭 봐야징  
20171004,10,고마츠 나나 미모 실화입니까?진짜 여신으로 나오네. 감정표현이 좋네요.  
20171004,10,어제 밤에 보고싶어서 봤는데요.연애감정이 사라졌었는데 갑자기 막 순수한 연애(?) 같은걸 하고싶어지고 대사..쓰고싶은데 스포할까봐 안 쓰는데진짜 마음에 엄청 와닿네요.이해를 하고 갈수록 눈물만 나네요...그래도 엔딩 좋은거같아요 10점!!  
20171004,10,너무나 가슴 저리게 아픔이 밀려오는 영화ㅡ특히나 여성의 기다림이 설레임으로 가득차면서도 다가오는 시간과 지나가는 시간에 얼마나 마음 아파하며 눈물을 참고 흘렸는지가 이해되며 남성인 나 조차도 마음이 아려오며 많이 슬펐던... 내 인생 최고의 일본영화  
20171003,10,이런 느낌의 영화 얼마만인지.  
20171003,10,미쳣다 진짜 영와 개 재밌네... 고마츠 나나 나오는 영화는 다 재밌네  
20171002,9,솔직히 어느정도 전개가 예상이 됐는데 여자입장에서 보면 볼수록 슬프고 감동적이다... 겁나울었다 ㅠ  
20171002,9,정말 비현실적인 스토리로 사랑을 표현하는것도.. 그안에 감동을 주는것도 다 너무 좋았다.. 정말 많이 울었던 영화 아직도 생각하면 가슴이 먹먹해지는 영화..  
20171002,10,고마츠나나 팬이어서 봤다가 폭풍눈물 ㅠㅠ 진짜 여운이 진하게 남는 영화였음 ㅠㅠ  
20170930,10,남주 안경이 잘생긴얼굴 가리는 거같아...  
20170930,10,처음 전철씬이..가장 슬픈씬이 될 줄이야.. 눈물이 안 날 수가 없는 영화네요  
20170929,10,진짜 일본 특유의 감정선은 보는 내내  나를 울린다..  
20170929,10,초반 에는 핸드폰 보면서 따분하게 보다가 중반에는 머리를 쌔게맞은것 같았고 후반에는 울면서 봤습니다.  
20170928,10,역시... 일본영화네요. 부국영에 안 나온게 아쉽군요. 꼭 영화관으로 보러가겠숩니다.  
20170927,10,아름다운 영화.. 나이 서른에 울어버렸네  
20170926,9,아름다운 영화입니다  연인들은 꾝보세요 니는 솔로라도 졸아서요  
20170926,10,내가 본 눈물연기한 전세계 여자배우중 가장 슬프다  
20170926,8,과거의 추억과 미래의 기대보다 오늘 이 순간이 가장 소중한 것임을...  
20170924,9,"달달하게 보다가 중반에 뭔 ""이런개같은 경우가 다 있어?""하면서 쭉보다가 마지막에 펑펑 울게됨. 개같은 설정에 이렇게 질질짠건 처음임...왜 주인공들이 슬퍼야하냐 이못된 작가야!!!작가가 나빠!! 고마츠 나나 울리지마ㅠ  "
20170924,10,슬플거 같애요 기대><!!  
20170922,10,방금 두번봤는데 다른분들도 두번보는 거추천함.마지막 여주입장에서 보는걸 처음부터 바로 영화 중간중간에캐치할수있어서 그거 찾아보는것도 감동임.  
20170922,10,최근 본 영화중 가장 좋다 이런 여운...이런 감동...더할나위없이 좋다  
20170921,10,내 인생 최고의 로맨스영화 같다.독특한 영화 내용에 자연스러운 배우의 연기.모든 사람들이 보기에 후회없는 영화가 될것같다.  
20170921,10,감사합니다. 이런 아름다운 영화를 만들어 주셔서.  
20170919,10,감히 자신있게 말할 수 있습니다최고의 영화 중 하나 입니다  
20170919,10,진짜 여운이 장난 아님...ㅠㅠ 설정부터 너무 좋앗음  
20170918,10,진짜 무조건 두번이상은 보게되는 영화다 아니 어쩔수없이 두번 보게된다 정말  
20170917,10,"고마츠 나나 때문에 본 영화지만, 정말 좋았다. 중반부 부터 슬펐던 감정이 계속 여운이 남는다...  "
20170916,10,예전에 중국에 있을때 우연히 보게 된 영화였는데 그것도 2번이나 한국에선 아직 개봉안한줄 몰랐는데 정말 슬프고 짠하고 감동있었다 나도 저런 상황이면 저렇게 사랑할수 있을까 몇번을봐도 안질릴것 같다  
20170916,10,"""내일 봐""라는 말이 이렇게 가슴을 아리게 할 수 있을까 잠겨죽어도 좋으니 너는 물처럼 내게 밀려오라는 말이 생각난다..한달의 시간 이지만 어느 누구도 무시할 수 없는 깊이의 한달인거다 사랑은 시간과 비례하지는 않나보다  "
20170915,10,영화중후반부터 눈물나기 시작하면서 끝나고 나서도 계속 눈물이 나온다/개인적으론 후유증이 매우 심하다/그렇게 슬픈 영화가 아닌 것 같은데 왜 이렇게 눈물이 멈추질 않을까/아직도 훌쩍거리며 리뷰쓰는중이다...  
20170915,10,보다가 영화제목의 뜻을 알게되면서  아련해지면서  본영화  간만에 이런 설레는 감정을 느끼게 해줘서 보길 잘했다  
20170914,10,진짜 내인생 최고의 명작 울면서 영화본건 처음이다....너무 슬퍼  
20170912,6,자기가 영화이해력이 조금안좋다 싶으면 안보기를 권장합니다..  
20170912,10,하.. 진짜 이거 일본에서 봤는데 생각할 수록 엄청 슬픈 영화임ㅜ_ㅜ  
20170910,10,이별은 새로운 만남이라는 틀을 깨버리는 영화그리워도 볼 수 없다는게 가장 슬프다  
20170910,10,진짜 과장일수도있는데 인생살면서 영화보는데 이렇게 많이울어본적은 처음이다.. 진짜어떻게이런 이야기를 짜냈을까  
20170910,10,소재를 알고 영화를 봤는데 어느순간 눈물이 흘렀다.. 잔잔하면서도 슬픈 영화. 여주인공 시점을 보여주는데 확 와닿았다  
20170909,10,"남자라서 왠만한 영화에 잘안우는데 어느새 정신차려보니 또르륵ㅠ..후반갈수록 이해가되면서 더욱 몰입남주시각에서 울다가, 여주시점에서 또울게됨  "
20170909,10,"마지막 (여주,고마츠나나) 여주 시점으로 바껴서 나올때 진짜 울었다 맨처음 고마츠 나나 연기가 잘한다생각못햇는데 여주시점 으로 바뀌고 끝나보니깐 잘한다고 생각됫다시간이 역순행적 구성으로 흘러가는데 연기 진짜 인상적이었다 감독 연출부터해서 재밋었다  "
20170909,1,나는 진짜 빡대가리다.. 중간부터 이해가안된다.. 일시정지를누르고 생각해봐도 빡대가리라 너무 이해가안된다.. 30일이후 못만나게된건 슬픈데 빡대가리라 남들이 느끼던 슬픔을 난 반의 반도 못느낀거같다 하 이 빡대가리색히 다음생엔 똑똑한놈으로 태어나길..  
20170907,10,영화 후반부 부터 진짜 이래도 되나 싶을 정도로 오열했다... 그리고 다시 한 번 더 봤다. (한 번 봤으면 한 번 더 보고싶을 것이다.) 그리고 두 번째에는 영화 시작부터 내내 오열했다...ㅠㅠ 췌장도 그렇고 이 영화도 그렇고 요즘 일본 영화ㅠㅠ  
20170906,10,"후쿠시 소우타, 고마츠 나나, 히가시데 마사히로  닥본 ㅜㅜ!!  "
20170906,10,"뒤로 갈수록 앞에 내용을 한번 더 생각하게되는 영화....점덤 더 몰입감과 가슴에 미어짐이,,, 끝나고 후유증이 생깁니다....  "
20170906,9,"""내일 봐""라는 말이  이토록  슬프다니...  "
20170905,10,"이해를 하게 되는순간 눈물이 나올수 밖에 없는 영화,,  "
20170904,10,지금 만나러 갑니다 이후 간만에 설렘과 슬픔이 올라오는 영화네요!  
20170904,10,하.. 별 기대없이 봤다가 휴지한통 다씀... 여운이 너무 많이 남는 영화입니다. 여주 너무 사랑스러워요.. 연애하고 싶다....ㅠㅠ  
20170903,9,예전 다만 널 사랑하고있어같은 느낌 받았네요. . .  되게 묘하면서도 슬픈. . 간만에 좋은 영화봤음 가슴이 아직도 먹먹하네요. . .  
20170901,10,점점 슬퍼지는 영화...  
20170901,10,"남자와 여자, 시간이 반대로 흐르는 상황속에서 깊이 생각하면 꽉 막혀버리는 소재였지만 가볍게 보기 좋은 영화였다. 여운이 남는 영화  "
20170831,10,언능 한국 개봉해라~~  
20170830,9,목막혀서 죽을거 같습니다  
20170828,10,세상에서 제일 슬프고 찌통임  
20170827,10,슬프고도  달달하다  ...  
20170827,10,실은 우리의 사랑도 그렇다. 비현실적인 구성 안의 지극히 현실적인 스토리라고 생각한다. 내일 볼 수 있는 사람이 있다면 최선을 다해 서로를 사랑하자. 그 시간은 다시 돌아오지 않으니까  
20170827,10,진짜 너무 설레고 슬퍼요 ㅠㅜㅠ 여주 남주도 잘생쁨이라 더더더 재밋어요!!!  
20170827,9,여자의 감정을 이해하고 다시 여자의 장면이 나오는 순간 그 감정선이 너무도 슬펐다.서로 만나는 게 너무 힘들고 괴롭지만 운명의 사랑이기에 서로를 열심히 사랑하려는 그 모습이 나는 현재의 사랑에 최선을 다하는 지 반성하게 만든다.  
20170826,10,정말 멋진 일본 영화.  이런 감성은 도데체 어디서 나오는 건지  
20170826,7,어서 개봉합시다. 올 가을에 꼭..  
20170825,10,진짜 여러분 거짓말 단 하나도 안보태고 너무 재밌어서 눈물나요.. 배우들도 너무 다들 잘어울리고 연기도잘하고 스토리도 와..보는 내내 계속 입벌리고 감탄하면서 봤어요..우연히 발견한 작품인데 이렇게 대단한거였을줄이야.. 대박이다 진짜 너무 재밌어ㅜㅜㅜ  
20170825,10,2번봐도 2번 다 눈물이 날 수 밖에 없었던..그녀가 웃을 때 난 너무 슬펐다..  
20170825,10,이해하면 더 슬픈영화 !  
20170824,10,"전혀 지루하지않고, 개인적으로 지금만나러갑니다 이후 최고의 일본영화라고 생각한다.  "
20170824,10,내생에 다신없을 최고의영화  
20170824,10,고마츠나나때문에봤는데 인생영화가되버렸다..  
20170824,10,내가 너에게 고백했을때 너에겐 이별하는 마지막날이었다.  
20170822,10,정말 소중한 역대최고의 명작이다. 두번 보니까 모든게 완벽하게 이해된다. 대박대박대박~ 15일 보름달 피크점에 왜 여자가 눈물을 흘렸는지 모든게 이해됐다. 15일을 기점으로 여자입장에서의 내일들은 모두 남자를 배려하는 것들로 채워진다.  
20170822,10,지금  만나러  갑니다.  이후  최고의  판타지  일본 영 화  
20170821,10,진짜 개명작인데 왜 별로 안떴지 근데 막상 뜨면 슬플것같다 진짜 슬픈 영화 봐도 그냥 그런데 이건 진짜 쥐어짜내는 슬픔이 아니고 너무 잔잔하게 천천히 다가오는 슬픔이라 더 아팠다 진짜 내 인생영화다 영상미도 너무 봄봄 가을가을 예쁘고 그냥 최고임  
20170819,10,일본감성에 적응이 잘 안되서 초반에 좀 힘들었는데 제목 이해가 들어가니깐 가슴이 먹먹하고 안타까웠다. 결국 무한의 인피니티 뫼비우스의 띠인가..ㅠㅠ  
20170819,9,보고나서 여운이 큰영화...진짜 가슴에 타격을 당한거처럼 여운이 남는다..중반부까지 그냥 몰입을해서 봤다면후반부에서 여배우의 감정선을 그대로 타고내려눈물을 쏟는 영화..꼭보세요 !!  
20170819,10,러브레터급임 진짜로 강추  
20170819,10,기대안하고봤는데 펑펑펑펑울었어요 일본 이런 시간소재영화 진짜 잘만드는듯.. 넘슬프네요.. 국내개봉 빨리됐음 좋겠어요  
20170818,10,마음 속 깊이 아련한 감정이 올라와 잠을 설치게 만든 영화  
20170818,10,이거 한국 개봉하면 꼭봐야한다. 마음이 진짜 따뜻하다.  
20170816,10,주변사람들에게 나의 인생영화야추천해도 후회하지 않을 그런영화어느누군가 ..울고싶은 날이라면 이영화를본다면울기는 하겠지만 마음은 슬프지않게울수있는 그런..이야기  
20170815,10,왜 안녕이란 인사 보다 내일 또 봐요가 애틋한지 알 수 있는 영화  
20170812,5,시간 흐름이 닥터 후에서 닥터 하고 닥터송에게 적용 되는 시간 흐름 하고 같네요...향상 닥터후 보면서 나에겐 마지막이 상대에겐 처음일때 어떤 기분 일까 싶었는데...  
20170810,10,그의 처음이 그녀의 마지막  
20170809,10,명작영화..보다보면 이해가 가는 스토리  
20170808,10,"영화가 거의 40분 지났을 시점에서 딱 여주가 설명을 해주는데, 그 이유를 듣고 갑자기 첫 장면 여자의 행동이 이해가 되기 시작하면서 , 눈물이 바로 나더라 난.. 서른먹고 영화보다 중반에 이해하고 눈물 쏟은적 처음이네;;  "
20170807,10,서로의 처음이 서로의 마지막이라는게 너무 아리고 슬펐던 내 인생영화  
20170806,10,영화 보시고 책도 꼭 읽으세요 ㅠㅠ 진짜 완전 슬프고 안타까운 사랑이네요 ㅠㅠ  
20170806,10,이거 마지막에 여자시간순으로 다시 보여주는데. 슬펐음.  
20170805,9,꼭 보십쇼이해하면 이해할수록 영화에 더 빠져들게 됩니다.마지막 정말 인상깊네요  
20170803,10,너무 슬프다.. 남잔데 오열했음.. 일년치 눈물 다 흘린듯  
20170801,10,'처음'에 대한 전혀 다른 접근.모든 것을 깨달은 뒤의 남주의 대사는 심금을 울림. 일단 보세요!  
20170731,10,"과거의 너를 만나는줄만 알았는데 그것이 미래의 나와 만난다는 내용일 줄이야...그래서 조금은 슬픈 영화...감동이 있었다..과거에 넌 날 알고 있었고, 미래에 넌 날 알지 못했다...  "
20170730,10,전혀 기대안하고 봤는데 한국영화 클래식에 비해도 될정도로 짜임새가 좋다. 특히 여자입장에서 보여줄 때 그렇다. 난 영화 다보고 다시 한번 바로 더봤는데 보실분들은 보고 또보는거 추천!!  
20170730,10,와....와....  
20170729,7,설정상의 의문은 있지만 엇갈리는 시간속에 두 남녀의 심리묘사가 인상적이었고 풋풋한감성과 영상미가 좋았다. 고마츠나나 귀엽다  
20170728,9,내가 누군가를 알아가는데 그 사람은 점점 나를 몰라본다. 영화가 훌륭한 이유는 서로에 대한 입장과 기억이 단 하루라도 같지 않는 상황속에서 서로에게 좋은 기억을 주기 위해 기꺼히 배려한다는것이다. 난 이미 너를 안다는 이유로 서로에게 강요하지 않는다.  
20170727,10,수입사에서 홍보만 똑바로 하면 참사는 안 벌어지리라 확신합니다. 최근에 본 영화 중에 가장 재미있습니다!  
20170727,7,남주의 발연기만 아니었다면 더 괜찮았을텐데....  
20170726,10,인생영화... 10점!!  
20170725,9,좀 과한설정이 아닌가 싶긴해도  덕분에 식상하진 않은듯 무엇보다 여운이 남네 ㅎㅎ  
20170725,10,ㅅㅂ 며칠째 이거 검색하고 있네 나 미쳤네.. 후유증 심해요 보지마요  
20170725,7,눈물이 많은 그녀의 사연을 알게 된 순간 약간 소름. 여배우의 연기가 인상깊음. 그건그렇고 배우 조정석씨 일본영화계 진출한 줄 알았음. 어찌하여 역활도 건축학개론이랑 딱 맞아떨어짐  
20170723,10,영화 꼭 보세요. 한 장면 한 장면 중요하더라고요  놓치지 마세요~~ㅠ 슬프기도 하고  
20170723,10,여운이 길게 남는 영화이다...영화가 끝이나고 더 울컥하게 만든다..엔딩 크레딧이 나올때 o.s.t가 너무좋아 끝까지 듣게 된다  
20170723,10,행복한 슬픔. 슬픈 행복. 반대되는 감정을 한번에 느낄 수 있는 영화.  
20170722,10,이건 진짜 명작입니다. 살면서 본 영화중 손가락에 꼽을 수 있는 영화 꼭 봐야됨 진짜.  
20170722,10,"최고의 영화였다. 어벤져스 보면서도 소재설정의현실성을 따지려나..애초에 만화가 원작임을 잊지말자. 최고의 연출, 각본, 대사, 캐스팅, 연기로 단언컨데 인생작 리스트에 충분히 들어갈 근래들어 손에 꼽을 대단한 명작.  "
20170721,10,이건정말 인생영화 수준이다잘 만들었고 연기도 너무너무 눈물나게 잘 했다박수박수  
20170721,10,진짜  웬만해서 영화 보고 우는 일이 없는데 이건 보고  정말 많이 울었습니다..초반에는 계속 이게 무슨 내용인지하고 생각했는데 후반부로 갈수록 이해가 되더군요 정말 인생영화입니다  
20170721,10,"어려운 영화이다. 보는 내내 많은 생각을 했다. 시작과 끝이 서로라고 말할 수 있는, 그런 운명적인 사랑이 있다고 믿고 싶다.  "
20170720,10,"초반의 달달했던 장면을 보며 미소가 지어졌는데, 후반부로 갈수록 달달했던 장면들이 슬퍼지게 만든다. 그만큼 강력한 여운이 남는 영화다.  "
20170718,10,때로는 이런 비현실적이지만 삭막해진 맘을 울려주는 영화도 너무나도 필요한 듯 하다. 다만 후유증이 좀 클 뿐..  
20170717,10,ㅜㅠㅜㅠ감동ㅜㅠㅜ적이야  
20170717,10,여자가 남자를 사랑하게 된 동기를 나타낸 부분이 많이 허술해서 아쉬웠지만 스토리 하나로는 명작인 영화. 여운이 가시질 않음  
20170717,7,우리는 스쳐지나가는 거 아냐 끝과끝이 이어진 원이야.  
20170716,10,최고~ 애닯은 ㅅㅏ랑~잔잔한 ㅇㅕ운  
20170716,8,고마츠나나의 팬이 될수 밖에 없는 영화. 영화자체도 꽤나 잘만들어서 몰입감 좋은편  
20170716,8,첨엔 그냥 그런 영화인 줄 알았는데..  가슴을 아프게 하는 요소를 제대로 아는 감독 인듯. 남자는 절정에서 헤어지고 여자는 시작하면서 헤어지는 거. 그리고 둘다 시작을 남기고 떠나고..  찡하다.  
20170716,10,끝으로 가면 갈수록 여주인공이 어떤 심정이였는지 전해지면서 너무 마음 한구석이 아파지네요... 국내 개봉하면 한 번 더 보러 가고싶습니다  
20170715,10,다시 만날 수 있을까? 응 내일봐.  
20170715,10,너무재밌다 꼭보시길...  
20170715,10,여운 미친다... 일본 멜로 영화는 감정선 정말 잘 그려내는것 같다. 닥 10점  
20170715,10,평점 처음 써보는데 기회가 되신다면 꼭 보셨으면 좋겠어요 인생영화입니다 진짜  
20170715,10,일본 특유의 분위기가 보이는 영화. 순수한 사랑과 어찌할 수 없는 필연적인 안타까움이 섞여 눈물이 날 수 밖에 없다.  
20170714,10,서로의 첫만남이 누군가에게는 이별..너무너무 슬프고 여운이 남는 명작.  
20170713,6,뭔가 아쉬운 영화 sf라서 내용이 좀 어지러웠다  
20170712,10,"내가 너를 모를 때 넌 날 알고 있었고, 내가 너를 알고 있을 때 넌 날 알지 못했다  "
20170711,8,굿 ㄱ셔ㅓㄱ석석5ㅓ5  
20170711,10,물리학과라서 양화 초중반까진 반대로 흐르는 시공간에 대해 어떻게든 이해해보려고 했는데 그냥 그런거 내려놓고 남주 여주의 마음을 알아가게 되네요  
20170711,10,남주가 처음에 열차에서 만날때 또 만날 수 있을까? 여주 : 내일봐에서 한줄기 눈물이 흘렀다.  
20170710,10,남자가 평생 울어야 할 3번을 이 영화를 보며 그만 다 울어버렸다.  
20170710,10,이걸 국내개봉을 안한다고?...  
20170710,10,영화보면서처음울어봣다 ㅠ  
20170709,10,가슴이 찡한 인생영화 ... 정말 명작입니다최고네요  
20170709,10,공대생으로서 남자의 시간과 여자의 시간을 이해하기 힘들었지만 마음은 이해했나보다.  
20170709,10,눈물을 흘리고야 말았습니다....  
20170708,9,"순간을 영원처럼 사랑하자. 흘러간 사랑은 되돌아오지 않고,내게 찾아올 혹은 내가 하고 있는 이 사랑은 다신 할 수 없다.인생에 단 한번, 만나게 된 이 사랑을 놓치지 말자. 처음이 마지막인 것처럼, 마지막도 처음인 것처럼  "
20170708,10,이해하면 이해할수록 울수밖에 없는 첫 사랑영화 보고난 후에도 후유증이 가득하다.. 지금만나러 갑니다 이후로 슬펐음  
20170708,10,진짜 너무 슬프고 애뜻하다 두번바라 세번바라 ...  
20170708,10,진짜 김치국에서는 찾아볼수 없는 감정과 시선이다... 와... 이거는.. 정말 지금껏 느껴보지 못한 감정이고 감성이고 생각이다... 어떻게 이런 발상을 할수 있는지 진짜 너무 존경스럽다... 진짜 진짜 인생명장중에 하나인것같다  
20170707,10,일본 멜로는 가끔 한번씩 포텐이 터진다. 이 영화처럼... 별기대없이 본 영화 였는데 끝까지 몰입해서 봤다. 두 인물의 초반부가 참 좋았는데 결국 그 초반부로 인해 마지막으로 갈수록 가슴을 울리는 감동과 여운이 커진다.  
20170707,10,사랑이라는 감정에 많이 무뎌졌었는데 영화를 보고나니 가슴이 먹먹해지네요.. 연인과 보면 사랑하는 사람과 같은 시공간에 살수 있다는게 얼마나 큰 기쁨인지를 느낄 수 있을 것같아요  
20170707,10,단순한 로맨스 영화인가 하고 봤다가 여주 입장을 이해하는 순간부터 끝까지 울면서 봤습니다.. 영화가 끝나고도 여운이 가시질 않는 가슴먹먹함...  
20170707,10,판타지물 이지만 영화 보는 내내 가슴이 찡하고 감동적이였음.  인생영화 입니다 .  
20170707,10,일단 평점을 쓰는 시점에서 이 영화는  보는  걸  추천합니다.이 영화는  시간차로 감동을 주기 때문에 (시덥잖은 반전따위가 아닙니다.)  끝까지 보시고 그 여운을 즐기시기 바랍니다.  
20170706,10,"진짜 한국멜로 영화보고 울어본적도 가슴이 적적해지는걸 느껴본적도 없엇다, 영화 초중반까지는 영화이해가 안됫는데 후반까지 다보고 엔딩노래가 들릴때  진짜 멜로영화는 이런거구나 싶더라.. 후기같은것 절대 안쓰는데 꼭보세요  후회 안할거에요..  "
20170705,10,말도 안되는 이야기인데 재밌음  
20170705,10,진짜 말도 안되는 얘기가 말도 안되게 슬프다  
20170704,10,초봄에 또 볼거에요... 명작이네요ㅜㅜ  
20170704,10,중간에 억지로 이해하려하지 않아도 된다...마지막  여자의 첫번째 날부터 시작되는  시점부터 모든게 이해가 되고...그리고 눈물이 난다...최근 일본 영화중 최고라고 감히 말하고 싶다.  
20170703,10,영화의 여운이 가시지 않는다.. 고마츠 나나도 정말 이쁘다..  
20170703,6,설정의 뒤틀림이 이해가 안가서 집중을 못했다...  무슨말인지는 알겠는데 조금 더 납득을 시켜주고 감정선을 풀아냈다면.  
20170703,10,현재의 이 시간이 얼마나 소중한지를 깨닭게 해주는 영화...잔잔하게 다가오는 애절함은 맑고 투명하기까지  
20170703,10,다른 영화는 잠시 운다면 이 영화는 이해한 순간부터 보는내내 웁니다 .. 최고..  
20170702,10,헤어진여자친구와 보기로 했었는데 결국 혼자 보고 울었네요 함께 봤으면 같이 있을 수 있다는 것이 얼마나 행복한 것인지 알았을 텐데 잘해주지도 못하고 떠나보내서 괜히 밤에 혼자 우울하네요 정말 보고 싶어 했는데 혼자서라도 찾아봤으면 좋겠다  
20170702,9,라노벨이 영화로 그리고 예술이 되었다  
20170702,10,지금 만나러 갑니다와는 또다른 느낌의 시간물인데... 왜 눈물이 멈추질 않는지 모르겠네요... 크게만 한 5번울었습니다. 울고 웃고 반복하니까 조울증걸릴거같네요... 감독이 대단  
20170702,10,만나고있지만 이별이준비된만남 간만에 눈물 흘렸네요  
20170702,9,처음에 유치하다 이거 계속 봐야하나 생각하다 보면 볼수록 빠져들게 되네요  시간이 엇갈린다는게 처음엔 도저히 이해가 안가서 내가 바본가? 이해를 못하겠네 싶다가도 보면 볼수록 아! 하고 이해가 되면서 점점 감동과 슬픔과 여운이 남네요 좋았어요 ㅎㅎ  
20170702,10,진짜 엔딩크레딧까지 웰메이드!  
20170702,10,벤자민 버튼의 시간은 거꾸로간다 + 말할수 없는 비밀 + 지금 만나러 갑니다 = 나는 내일 어제의 너와 만난다...근데 놀라운건 이 명화들을 짬뽕시킨게 아니라 이 영화가 이 명화들을 만들어낸거 같다...  
20170702,10,일본 영화가 한번씩 사람 가슴 저리가 한다. 이것도 꽤나 오랫동안 기억에 남겠다..  
20170702,10,흔하고 유치한일본학원물일꺼라 예상하고 봤는데   간만에 명작발견 근래본 일본영화중 단연최고다   고마츠나나인생영화다  
20170701,10,진짜 일본 영화는 너무 달달하고 연기 너무잘함  연애가하고싶어진다  
20170701,10,"후반으로 갈수록 점점 더 몰입되는 영화, 마지막 날이 가까워 질수록 느끼는 두 주인공의 심정은 어떨까...  "
20170701,10,이런영화만보고싶다~~~  
20170701,10,제목보고 안볼라했는데 별 기대없이 보기시작해서 겁나 울고  다시 돌려봤네요...  
20170701,9,일본 멜로는 언제나 비슷하네요 그래도 일본멜로를 몇번 안본분들은 깊이 마음에 박힐 수도 있을듯.  
20170630,10,"가만히 생각해보면 말이 안되는 부분도 있지만, 연애를 시작하는 설렘이 있으면서 헤어지는 아픔이 있는 영화인 듯달과 해처럼 사랑할 수 있을까  "
20170630,10,내일봐라는 말이 이렇게 슬픈말이 될지 몰랐다...고마츠 나나 연기 진짜 잘한다.  
20170630,10,진짜 여주의 시간은 가슴찢어진다...사랑하는사람이 점점 날 몰라가는것.... 사랑하는 사람을위해 엄청노력하는 모습 가슴 아푸네...간만에 영화를 봤다.  
20170630,9,이 영화 진심... 좋았음 ㅋ  
20170629,8,스토리의 허술함을 채워주는 감성이 이쁜 영화 처음엔 이 이야기를 어떻게 끌고가려고 이러나 싶은데 뒤로갈수록 두 주인공의 마음을 이해하다보니 결국엔 감동으로 다가온다 그리고 고마츠 나나는 이쁘다 사랑스럽다  
20170629,10,"좋은 시나리오와 좋은 배우, 좋은 연기... 자연스러운 판타지, 최고의 멜로였다. 이 부분은 일본이 정말 앞서 있는듯!  "
20170629,10,이영화는 사람을 미치게 함....꼭 끝까지 보십셔  
20170629,10,남자의 입장에선 가슴아프게 괴로운데 여자의 입장에선 가슴찢어지게 슬프다 눈물이 펑펑 쏟아지는 영화..  
20170629,10,110분중에60분을울게하는영화는이영화가처음이였습니다. 사랑에무감각해져있는사람이나해어진지얼마안된분이보시면정말로좋을거같은영화입니다.인생영화!!!!  
20170628,7,"처음부터 예상 가능한 뻔한 전개에 거부감이 들었지만,  배우들의 자연스러운 연기때문에 그나마 괜찮게 봤다  "
20170628,10,일본영화같지않았음 울컥한장면은근있었음  
20170628,10,진심 명작영화다 이거 첨에 보면 무슨 소리야 하는데 중간쯤에 가서 이해하게 되니까 엄청 슬픈영화이기도 하고 행복한 영화이기도 하고 진짜 막 여러감정이 겹친다. 자신의 겪었던 과거에 상대방은 기억못하는 미래의 일이라는 소재로 영화라니 대박이다.  
20170628,10,영화는 돈으로 만드는게 아니라는걸 다시한번 느끼게 되는 영화 강추입니다.임팩트있는 장면 하나 없이 지루하지 않고 영화가 진행됨에따라 감정이입이 될수록 소름이 돋을정도로 슬픈영화네요.간만에 처음부터 끝까지 딴생각없이 봤어요.  
20170628,9,결말이 해피엔딩이면10점인데 ㅠㅠ  
20170628,10,아무렇지 않게 봤다가 남여 주인공들의 심정에 공감되어  슬그머니  눈물이 나는 그런 영화입니다. 영화가 끝나고 나서도 그  두사람에 대한 생각으로 쉽게 잠이 들기 어렵네요!  
20170628,10,보고나서 후유증이온 영화. 이런 감성을 만들수있다는게 그저 놀라울 따름이다... 꼭 보는걸 추천한다.꼭!!!  
20170628,10,후반부로 갈수록 이해가 되니 이보다 더 슬픈 영화는 없을정도로 펑펑 울고 여운이 정말 진하게 남음. 특히 마지막 여주의 시각으로 풀어 쓴 부분이 정말 여운이 남는 영화.  
20170628,6,내가 널 알아갈수록 넌 날 몰라간다라... 만날수록 어색해져가는 사이로 되는건 정말 괴로운 일이것다...  
20170628,10,"태어나 서 처음으로 영화를 보고 눈물이 났다. 이 아련한 이야기는 끝으로 갈수록, 더욱더 가슴을 아프게 한다.  "
20170627,10,이해하면 펑펑 울 수 밖에 없는 아련한 영화.  
20170627,10,5살 남자아이의 생명을 구해 준 35살의 여성을 잊지 못하고 15년 후에 고백해 연애하는 영화  
20170627,9,"말도 안되는 스토리인데, 존나 슬픈 영화...  "
20170627,5,남자의 시간과 여자의 시간을 이해 못 하는 난 바본가??  
20170627,10,말이 필요없다 개재밌음 고마츠 너무 이뿌네  
20170626,9,졸라 재밌네단지 소주가 없어서 아쉽네  
20170626,10,말이필요없다 꼭 보는걸 추천  
20170626,7,영화 많이본사람들은 여러감독과 스토리가 뭔가 짬뽕되었다고 느낄것. 아쉬운 마음 들지만 그렇게 지루하진 않을것. 내용은 생각해보면 의외로 신선할 수 있다  
20170626,10,개인적으로 정말 감명 깊게 본 수작. 영상이 정말 아름답고 구성도 정말 좋았음 계속 되뇌어보게 되는 작품  
20170626,9,영화가 시작된지 50분이 되어서야 비로소 본론이 시작되고 충분히 감정이 잡혀 눈물이 흐를 때 쯤에 나타나는 보충 설명 때문에 깨는 면이 있어도 너무 사랑스러운 고마츠 나나와 여운있는 엔딩이 가치있는 영화.  
20170625,9,일본은 어떻게 이렇게 자연스럽게 사랑영화를 잘찍지... 한국은 왜 더 유치해지는거지  
20170625,7,결말이 너무나도 아쉽다. 똥싸다 만 느낌.  
20170625,7,소설은 울면서 봤는데 영화는 조금 지루한 면이 있네요  
20170625,1,멍청한 제목만큼이나 부끄러운 내용  
20170624,10,고마츠 나나...나나의 그 분위기가 너무 잘어울렸던 영화.천사가있다면 나나같이 생기지 않았을까..  
20170622,9,슬프지만 의미 있는 영화. 지금 내게 주어진 행복을 헛되이 보내지 말라는 영화  
20170619,8,타임슬립이랜다..ㅅㅍ 어떤 새기가 즐거리를 적었는지...  
20170422,8,소재도 좋고. 내용도 좋습니다. 다만 마지막 부분에 약간 허겁 지겁 끝난다는 느낌이 드네요..  
20170402,8,오늘 대만에서 봤네요. 보면서 소재는 '팀버튼의 시간은 거꾸로간다' 가 생각났지만 내용은 일본스러운 진행이었습니다. 초중반은 좀 지루했지만 모든 상황이 정리된 후반부엔 감정이입이되며 나름 재미있게 봤습니다.  
20170315,10,와 이거 아직 만화도 번역본 덜 나왔는데 영화가 나오네  
20170208,10,인생영화...팜플렛사고 삽입곡 구매하고 교토 촬영지도 가보고.. 후유증이 상당합니다.  
20170111,8,보면서 [지금 만나러 갑니다] 가 생각났음  
20170107,10,진짜 인생영화영화보면서 슬픈거 잘 못느꼈는데보면서 전혀 지루하지도않고 상당히 후유증 심함진짜 슬픈거 보고싶을 때 이 영화보면 딱일듯  
20161211,10,이야~ 고마츠 나나랑 마사히로  매니악 히어로에서 같이 나오더니 또 같이 나오넹 빨리 보고싶다.  
20161209,10,"후쿠시 소우타, 고마츠 나나, 히가시데 마사히로 이거 무조건 10점이다  "
20170622,9,슬프지만 의미 있는 영화. 지금 내게 주어진 행복을 헛되이 보내지 말라는 영화  
20170619,8,타임슬립이랜다..ㅅㅍ 어떤 새기가 즐거리를 적었는지...  
20170422,8,소재도 좋고. 내용도 좋습니다. 다만 마지막 부분에 약간 허겁 지겁 끝난다는 느낌이 드네요..  
20170402,8,오늘 대만에서 봤네요. 보면서 소재는 '팀버튼의 시간은 거꾸로간다' 가 생각났지만 내용은 일본스러운 진행이었습니다. 초중반은 좀 지루했지만 모든 상황이 정리된 후반부엔 감정이입이되며 나름 재미있게 봤습니다.  
20170315,10,와 이거 아직 만화도 번역본 덜 나왔는데 영화가 나오네  
20170208,10,인생영화...팜플렛사고 삽입곡 구매하고 교토 촬영지도 가보고.. 후유증이 상당합니다.  
20170111,8,보면서 [지금 만나러 갑니다] 가 생각났음  
20170107,10,진짜 인생영화영화보면서 슬픈거 잘 못느꼈는데보면서 전혀 지루하지도않고 상당히 후유증 심함진짜 슬픈거 보고싶을 때 이 영화보면 딱일듯  
20161211,10,이야~ 고마츠 나나랑 마사히로  매니악 히어로에서 같이 나오더니 또 같이 나오넹 빨리 보고싶다.  
20161209,10,"후쿠시 소우타, 고마츠 나나, 히가시데 마사히로 이거 무조건 10점이다  "
