0,1,2
20180213,10,예상치 못하게 감동 한스푼  
20180213,10,설 연휴 최고 힐링 영화!  귀호강 눈호강 제대로 bb  
20180213,9,제가 영화예고편 가장 빠르게 볼수 있는 앱을 만들었습니다. 영화를 너무 좋아해서 만들게되었어요 ^^ 앱스토어:https://itunes.apple.com/kr/app/id1342065899  
20180213,10,재밌겠다 싶다가도 알파들이 댓글 달아놓은거 보면 보고싶은 맘이 싹 사라지네 ㅡㅡ  
20180213,10,참치형 무대인사 오는 시간으로 예매했는데 기대되는군  
20180212,10,오래 기달린 만큼 재밌기를...  
20180212,10,강동원이면 무조건 N차관람  
20180212,10,보고싶은 영화입니다! 연휴에 부모님과 보러갈겁니다  
20180212,10,재밌어요 강동원화이팅  
20180212,9,장첸나올때 캐반갑ㅋㅋㅋ  
20180212,10,시사회다녀온 친구가 괜찮다던데 ㅎ  
20180212,10,잼나보여요~기대중입니다  
20180212,10,강동원이 잘생기긴 겁나 잘생겼네ㅋㅋ  
20180212,10,"긴장감, 재미 굿뜨. 볼만함  "
20180212,10,꺅 강동원>.< 14일 오후8시 40분 메가박스 코엑스 예매했어여!  
20180212,6,시사회 보고 왓는데...강동원 혼자 열일한다는 느낌..ㅜㅜㅜ 이 소재가지고 이렇게 밖에 쓸수없엇나 싶은...너무너무 아쉬운 영화였어요..ㅜㅜ  
20180212,9,근데 이거 내용이 갑자기 성실하게살아오던 사람이 누명을씌게되 한 순간에 범죄자가됬다. 이거 '조작된 도시'라고 이 영화의 전계랑 비슷한데요?  
20180211,10,기대할만한 영화지~ 시사회 갔다 온 친구가 잘나왔다고 하던데 나도 빨리 보고싶음ㅋㅋ  
20180211,9,"진짜 좋은 작품,, 친한 친구랑 보고 싶다,,  "
20180211,10,스릴러물이지만 감동까지!  
20180211,10,책과 일본 영화 둘다 재밌게 본 기억이 있는데 한국판은 어떨지ㅎㅎ  
20180211,10,기대하고 있는 영환데 너무 기대됩니다  
20180211,10,일본판 만큼이나 재밌는 영화가 나왔기를^^  
20180211,1,ㅁㄱㄴ 외손자 ? 알고들은 있는가??  
20180210,10,강동원 배우님 항상 가득찬 삶을 사시는 모습이 멋있습니다  
20180210,9,진짜 너무 좋아하는 작품인데 너무 기대되요  
20180210,10,골든슬럼버 일본판 보다 훨씬 재밌게 봤음  
20180210,10,원작이 탄탄해서 그런가 간만에 스토리 좋은 영화를 보고 왔네요  
20180210,10,아직도 귓가에 맴도는 힘을 내…  
20180210,10,스릴 재미 감동까지 모두 느낄 수 있는 영화임  
20180210,10,강동원 넘 좋아ㅠㅠㅠ 골든슬럼버 한국 리메이크 버전도 잘되길ㅠ  
20180210,10,일본 영화로 재밌게 봤었는데ㅋㅋ 한국판도 기대된당  
20180210,10,스케일도 크고 볼거리도 많았고 스릴러라는 장르를 잘 살려 만든 드라마  
20180210,10,소설의 묘미를 잘 살려낸 영화라고 생각합니다  
20180210,10,우정이란 신뢰란.. 골든슬럼버 good  
20180210,10,언론 시사회 갔다 왔는데 정말 감동 받고 왔습니다 멋진 대사들도 많고 여운도 남습니다  
20180210,10,기대했던 영환데 시사회로 봐서 더 좋음 ㅋㅋㅋ  
20180210,10,영화가 주는 메시지가 대박…  
20180210,8,이건 친한 친구와 함께 보고 싶다ㅎㅎ  
20180210,9,원작의 포인트를 잘 살린 듯  
20180210,10,오랜만에 멋진 영화를 보고 왔습니다  
20180210,9,일본 골든슬럼버를 너무 인상 깊게 봐서 너무 기대됨  
20180210,10,긴장감 넘치는 스릴에 감동까지ㅋㅋㅋ 골든슬럼버 흥해라 !!  
20180210,8,기대되는 영화~~ 책이 그렇게 재밌다는데 한번 읽어 볼까낭  
20180210,10,소설도 일본 영화도 너무 재밌게 봤었는데 한국에서 리메이크한 것도 나쁘지 않은듯  
20180210,10,잔잔한 감동 그리고 깊은 여운  
20180210,9,친구들과 함께 보기 좋은 영화^^  
20180210,10,"기억에 남는 장면들도 많고 기억에 남는 대사들도 많고, 좋은 영화임이 분명하다  "
20180210,10,재미는 물론이고 진한 여운까지! 언론 시사회 갔다 왔는데 아직도 여운이 깊게 남아 있네요ㅎㅎ  
20180210,10,스릴러라는 장르 속에 많은걸 담고 있는 좋은 영화  
20180210,10,주연뿐 아니라 조연들의 활약도 대단..  
20180210,10,일본 소설과 영화 다 재밌게 봤었는데 한국 리메이크 버전도 나쁘지 않네요 기대하셔도 좋을것 같습니다  
20180210,9,"강동원, 한효주 덕분에 눈호강 제대로ㅋㅋ  "
20180210,10,쫓고 쫓기는 범죄 스릴러라는 장르 속에서 우정과 사랑을 제대로 느낄 수 있었던 영화  
20180210,10,2월 14일이 기다려지는 이유ㅎㅎ  
20180210,10,강동원 이번에 1인 2역이라는데.. 믿고 보는 동원참치..  
20180210,10,이번 설 영화는 골든슬럼버당  
20180210,10,기대했던 영환데 좋은 기회로 언론 시사로 보고 왔네여~ 영화 정말 나왔습니다~!  
20180210,10,거의 강동원 혼자 다 이끌어 나가는데도 무리 없었고 강동원의 연기력에 감탄하면서 보고 나왔어요  
20180210,10,강동원 개좋아ㅠㅠㅠ 골든슬럼버 꼭 극장사수♡  
20180210,9,원작이 워낙 훌륭해서 기대를 안할수가 없지ㅋㅋ  
20180210,10,일본판이랑은 또 다른 재미와 매력이ㅎㅎㅎ  
20180210,10,진짜 오랜만에 기대되는 한국 영화… 빨리 보고싶다  
20180210,1,이거 빠순이 빼고 평 엄청 안좋다 보지마라 진심이다.  
20180210,5,반짝인다고 모두 금은 아니다. 씨네21 | 이동진 (위대한 개츠비)반짝인다고 다 금은 아니지 씨네21 박평식 (골든슬럼버) 와~~ 심지어 별점도 같은 5점ㅋ  
20180210,7,"시사회 응모 당첨되서 용산cgv에서 먼저 봤음.  스토리, 캐스팅이 아무리 좋아도 연출이 약해서 재미있을뻔 하다가 만 영화같음.  "
20180209,10,믿고보는  강동원! 김의성! 김성균! 유대명!  
20180208,10,노동석 감독의 차기작 기대됩니다  
20180208,1,1급 매국노의 후손과 1급 살인마의 누나 이둘의 환상적인 콜라보 기대합니다  
20180208,5,글쎄 내가 볼땐 3백만이 맥시멈이다 망할 삘이 딱 온다  
20180207,10,동원오빠 얼릉 나와유ㅜㅠㅜㅜ기대하고 있어요오오오  
20180207,10,빨리보고싶어요 믿고보는배우강동원  
20180206,10,?개봉전에 평점이 너무 높은 것도 이상하지만 이건 너무 낮네 ㅋㅋ 뭐지  
20180206,10,주연 강동원 은? 10점 이다  
20180206,2,"영화는 달라도 배우는 늘 돌려막기... 요즘 유독 심하네. 대한민국에 배우는 많지만, 내 영화에는 출연시킬 수 없다...뭐 이런건가..?  "
20180204,8,오랫만에 기대되는 한국영화  
20180202,8,윤계상씨 연기가 기대됩니다 *_*b  
20180202,7,일본영화로 이거 봤는데 잼남 ㅎㅎㅎㅎ  
20180131,10,빨리개봉했으면!!! 기대하고 있어요:)  
20180131,1,8년 전 영화를 굳이 따라서 만들어야 할 이유가  
20180130,10,죽기전에 꼭 봐야할 영화  
20180129,10,개인적으로 원작 소설을 떠나 일본영화판 과 는 다른 결말이였음 좋겠네여 ㅎ  
20180128,10,일본판 미리 본 사람으로서 너무 기대됨 ㅎㅎ  
20180126,10,진짜 많이 기다렸어요ㅜㅜㅜ 영화 개봉하면 진짜 열번은 봐야겠다 진짜 응원해요 강참치님  
20180126,10,예고편 보고 너무 기대하고 있습니다  
20180126,1,모략을 의도로 한 영화. 감독은 또 다른 모략을 꿈꾸고 있는 듯하다.  
20180125,10,ㅠㅠ완전 기대됩니다 골슬 흥해라  
20180125,10,기대하고있습니다!!  
20180124,10,2월 14일 빨리와라♡  
20180124,10,원작을 망치지만 않았으면 좋겠다.  
20180124,1,군대가 생각나네 .. 안바도 비디오..  
20180124,2,영화랑 미드로 나온 더블타겟 내용이랑 똑같네 완전 표절  
20180124,1,>>>>김유정 극비 캐스팅<<<< 오프숄더 입고나옴  
20180124,10,빨리 보고 싶어요!!!  
20180124,1,영화를 보지 않아도 보이는 이유는 뭘까.. 예고편과 포스터에서만 봐도 초현실주의를 유지하던 원작을 싸그리 무시하고 지극히 익숙한 스토리로 가려는 모습이 보인다.. 거기에 배우는 절대로 평범해 보이지 않는 사람 배우 잘못은 아니다만 현실성이 너무..  
20180124,10,일본 영화는 재미있게 봤다. 사카이마사토와 유쿄의 연기를 강동원과 한효주가 한다라... 예고편 보니 나쁘지 않을 듯.  
20180124,1,부라더 꼴 나게 생겼다 ㅋ  
20180123,8,"쫓고 쫓기는 액션 스릴러 속에 우정, 사랑 등을 얼마나 자연스럽게 녹여낼지가 관건. 너무 과하면 원작 영화처럼 욕먹고, 너무 덜하면 원작 소설 팬들에게 욕먹는다.  "
20180122,5,강동원 팬으로써 한효주는 노답이다. 흥행 별로겠군.  
20180120,10,강동원♥한효주~!! ^^  
20180119,4,"근데요, 왜 대선후보 암살하는걸로 나오죠? 원작은 총리암살이고 한국에선 대통령암살로 하면 되는데? 현정권이 불편해 할까봐 그런건가요? 후보보단 대통령암살이 더 임팩트 있는데 좀 아쉬워서요. 어쨌든 일본영화는 실망했는데 이건 기대해볼께요.  "
20180118,9,골든 슬럼버 ~ 엄청 기대됩니다 ~  
20180118,10,강동원 한효주ㅜㅜㅜ캐스팅 그냥 눈호강 지대로다ㅜㅜ  
20180117,10,계속 작품 활동하시는 모습 참 보기 좋네요... 배우인데도 작품 활동 없이 광고만 찍어 연명하시는 분들이 많은 시대에 ^^  
20180117,9,개봉전이니까 9점.동원오빠 미모로 열일 하시네용♡얼른 개봉햇으면!!! 극장으로 고고~~  
20180117,10,강동원 앞으로가 더 기대되는 배우..응원합니다.개봉일까지 기다리겠습니다. 강동원만큼 기대되는 영화  
20180117,1,누구땜에 안 봐야겠다 정의를 논하면서 정의랑 관련없는 배우가...  
20180117,10,빨리보거싶어요오옹 동원오빠아아??  
20180117,10,흥행되기를기대해봅니다~  
20180117,10,강동원 한효주 모두다 기대되는 배우들입니다! 개봉날 꼭챙겨봐야 되겠습니다  
20180117,10,가장 좋아하는 작가인 이사카코타로의 소설을 우리나라에서도 영화로 만든다니 기분이 좋네요! 저는 소설이랑 일본영화로도 봤지만 한국에서 개봉하는 영화도 꼭 볼예정입니다 !  
20180117,1,왠지 윤계상이 배신자일 것 같다ㅋㅋ처음엔 도와주다가 나중에 통수ㅇㅇ  
20180117,10,골든슬럼버 노래도 참 좋아하는데 영화도 기대됩니다  
20180117,10,진짜 열일해주셔서 완전 좋아요  
20180117,10,"안잘생겨 보일려고 노력한 흔적이있지만, 그래도 벌써 내눈은 하트♡♡  "
20180116,10,강배우님 기대할게요 ㅎㅎㅎ  
20180116,10,원작 너무 재밌게 읽었는데 영화 기대됩니당 건우 머리 너무 귀엽고 갓동원  
20180116,10,"선영아, 오고 있니? 전선영 리포터님 응원해요! 한효주 화이팅!  "
20180116,10,설에는 이 영화로 정했다 기대되요~  
20180115,10,ㅠㅠㅠ 이잉 강동원 사랑해요 지짜루  
20180114,10,완전기대 빨리보고싶어요ㅎㅎ  
20180114,5,이거 원작이 일본영화아님? 군대에서 본거같은데  
20180114,10,강동원 배우 응원합니다!  
20180114,10,참치오빠와 한효주님이 주연이라 무조건 봐야겠네요 참치오빠 요즘 짱 열일중ㅜㅜㅜ 할리우드 재난영화 쓰나미LA에 주연으로 할리우드 첫작이 나온다하니 그 영화도 기대바람미다ㅏ  
20180112,10,영화로 보고나서 재밌어서 책까지 찾아봤던 작품인데 리메이크된다니 기대되네요 ㅎㅎ  
20180112,1,언플계속하더라 아직 몇달이나남았는데  
20180112,1,이런거 좀 만들지 마라 휴...  
20180112,10,감독이 불안하지만... 아니길  
20180111,10,상상을 뛰어넘는 기대가 됩니다  
20180111,10,예고편 보니까  생각보다  강동원씨  잘 어울리네요.  
20180111,10,출연진 좋아 기대 중입니다!  
20180111,1,"친일파손자도 민주열사 한바탕 연기하면 구원 받는 친일파들의 나라...니들이 그러고 살면서,일본극우한테 무슨 지적질을 해?그놈들끼리 속으로 우스워서 디지겠을껄?  "
20180111,10,재밌을 것 같아요 기대되네요 캐스팅도 굿  
20180110,10,효주누나 얼릉보고싶네요♡♡ 기대됩니다!!  
20180110,7,강동원은 이번 작품도 뜰거나?  
20180110,10,OSt 무슨 팝송인줄 알았는데 강승윤이네 대박이다  
20180109,10,진짜 효언니 나오는 영화이기도 하고 강동원X한효주 개인적으로 잘어울린다는 생각 때문에 1번보고 100번 더봐도 지겹지 않을듯한 조합...♡  
20180109,10,기다리고 있습니다~~ 1분짜리 영상인데도 임팩트쩌네요  
20180109,10,다 내가 됴아하는배우들ㅠㅠㅜ  
20180109,10,와웅ㅎㅎ 참치오빠 또 볼수잇나여?ㅎㅎ  
20180109,10,예고편 보니까 재밌어보입니다만  
20180109,10,와 오지게 열일하네 ㅜ 근데 항상 나오는 영화마다 대박치는듯 이번에도 5백만은 깔고 들어간다 예상해봅니다!  
20180109,10,우리 동워니 누가 건드렸늬? 건드리지말라  
20180109,10,예고편 보고 흠뻑 빠졌네요 정말 기대됩니다!  
20180109,10,한효주 강동원!!  기대~~  
20180109,10,"강동원,한효주당연히 봐야죠~기대기대  "
20180109,10,얼른 보고싶어요 ㅜㅜ 기대중입니다  
20180109,10,힘내요! 강동원!!!  
20180109,10,이사카 월드를 알고보면 더 좋은 영화  
20180109,10,개봉하면 당연히 보러가지만 그전에 강승윤목소리 예고편도 영화관에서 보고싶다. 언제부터 광고하나요?  
20180109,10,동원오빠 한효주 케미에 꼭 봅니다~!!  
20180109,10,강동원 멋져요!! 꼭봐야지  
20180109,10,둑흔 진짜 대박 날듯ㅎㅎㅎ  
20180109,1,이니 암살 영화 빨리 보고 싶어요~  
20180109,10,의성이형 또 악역 나오겠군 ㅋ  
20180109,1,한효주 나와넹 안봐..  
20180108,10,2009년에 정말 재밌게 봤던 책인데 일본영화는 조금 아쉬웠었어요.. 강동원이 잘 어울리는 거 같아요~원작의 소소한 부분들까지 들어가있음 좋겠네요 기대됩니당  
20180108,10,재밌겠다....김의성배우님 이번에는 명존쎄 공약 안하셨음 합니다  
20180108,10,드디어 강동원 주연인가요?? 응원합니다!! 네이버 예고편에서 얼굴 단독으로 나오니 제가 기분이 좋네요 ^^  
20180108,10,과연 성형후 인물은 누구일까.. 벌써부터 악플에 시달릴거생각하니 안쓰럽네..  
20180108,10,광화문에서 대통령암살ㅎㅎ 굿굿  
20180108,10,한효주다아아앙!!!~  
20180108,1,언제적 골든슬럼버냐 사골처럼 우려먹네  
20180108,10,믿고보는 효주님 열일해주셔서 감사합니다♡  
20180108,10,기대 된다.. 음악도 좋고  
20180108,10,강동원 짱이요~! ㅋㅋ  
20180108,10,극장각인디?.. 스케일 쩔듯  
20180108,10,출연진덜덜하네 ㅋㅋ 재밌어보임ㅋㅋ  
20180108,10,한효주에 강동원이라니 이 무슨 설레는조합이  
20180108,10,작년부터기다렸어요ㅎㅎ 드디어 예고편이ㅎㅎ  
20180108,10,윤계상도 나온다는 말에 더 기대됨!  
20180108,10,강동원ㅠㅠ기럭지 심쿵ㅋㅋㅋ  
20180108,10,와..재밌을것같아용 예고편보면서 긴장됬네용;;  
20180108,10,원작 소설을 너무 재밌게 읽었어서 그런지 기대를 안할수가 없음… 강동원과 한효주라니 이건 무슨 일이 있어도 꼭 봐야함  
20180108,10,일본에서 영화로 나온것도 재밌게 봤는데 한국 리메이크 버전은 더 재미있을거라 믿습니다^^  
20180108,10,이 작품 책으로 앉은 자리에서 다 읽었었던 기억이ㅎㅎㅎ  
20180108,10,강동원 진짜 열일하신다 ㅠㅠㅠ 이번영화도 꼭 볼거구요 ㅎ 이번에도 개봉하면 무대인사 뛰겠습니당!  
20180108,10,와 드디어 개봉하나 보네요ㄷㄷ  
20180108,10,소설도 재밌게 봤었는데 영화로까지 나온다니!  
20180108,10,원작 책을 너무 재밌게 읽어서 더 기대되는거 같아여ㅋㅋ 거기다가 강동원이라니 눈호강도 제대로 하겠는데요?  
20180108,10,원래 작품 자체가 재밌어서 영화로는 어떻게 만들어졌을지 예고편보니 너무 기대되요!!  
20180108,10,존잼각ㅋㅋㅋ 개봉하면 무조건 극장사수  
20180108,10,드디어 한국에서도 리메이크 됬네요 개봉하면 꼭 보겠습니다  
20180108,10,왠지.. 진짜 잘만들어진 영화일것 같다..  
20180108,10,강동원과 한효주의 조합 왠지 기대가 크네여ㅋ  
20180108,10,소설도 재밌게 읽었고 일본 영화로도 재밌게 봤는데 과연 한국에선 어떤식으로 풀어 나갔을지 너무 기대됩니다  
20180108,10,예고보니 얼추보이는 출연진들만 봐도 믿고 보는 배우들 총출동ㅋㅋㅋ  
20180108,10,시놉시스만 봐도 흥미진진해 보임ㅜㅜㅜ 존잼일거 같아ㅜㅜ  
20180108,10,믿고 보는 강동원 믿고 보는 한효주  
20180108,10,예고편보니 잼나겠다~  이게 한국에서도 영화화 될 줄은 몰랐는데;; 이건 개봉하면 꼭 봐야겠음  
20180108,10,이거 원작 장난 아닌데 원작만한 영화가 나오길 기대해 본다!  
20180108,10,강동원이랑 한효주 뭔가 묘하게 잘어울림.. 골든 슬럼버 기대된다..  
20180108,10,강동원 진짜 열일하네ㅋㅋㅋ 이것도 강동원 믿고 봐야지ㅋㅋ  
20180108,10,배우들도 그렇고 줄거리도 그렇고.. 이건 진짜 기대를 안할수가 없는듯  
20180108,10,골든 슬럼버 시놉만 봐도 기대되는거 같아요ㅎㅎ  
20180108,10,캐스팅 쥑인다.. 눈이즐거울듯  
20180108,10,1987에서 참치오빠 너무 조금나와서 아쉬웠는데 이번엔 풀감상인가요?*-_-*  
20180108,10,드디어 개봉하나보네요 ㅎㅎㅎ 예고편보니 잘나왔을듯  
20180108,10,기대할 수 밖에 없는 조합.. 하 빨리 보고잡다  
20180108,10,배우들 다 괜찮은것같네요  
20180108,10,김의성배우님죠음 ㅋ ㅋ 근데 요즘 안나오는곳이없네ㅋㅋ 제2의 이경영?ㅋㅋㅋ  
20180108,10,예고편보니까 잘 나온것같네요  
20180108,10,효주언니 청순열매ㅠㅡㅠ존예보소!  
20180108,10,아 참치오빵..??기다릴게여  
20180108,10,윤계상도 나온다던데 ㅋ 장첸>.<  
20180108,10,골든슬럼버 책 진짜 재밌었는데~  
20180108,10,잼날것같네요 일본영화 리메이크인가?  
20180108,10,한효주+강동원 심쿵심쿵  
20180108,10,와..예고편 봤는데 개쩔 강동원 미모 실회냐 ㅌㅌㅌ  
20180108,10,강동원 팬으로서 필람 영화네요!! 기대됩니다!!!  
20180108,10,요새 재밌는 영화 많은데 골든슬럼버도 꼭 보고싶어요!  
20180108,10,이거 일본 원작이 대단하던데. 어떻게 풀어나갈지 매우 기대됩니당 ㅎㅎㅎ 강동원 연기도 기대되요 개봉하면 볼 예정  
20180108,10,제목만 보고 외국 영화인줄 알았는데 한국 영화였네요..!! 강동원 보러 가야지 ♡  
20180108,10,뭔진몰라도 예고편 몰입도 쩐다 이게무야도대체  
20180108,10,얼른보고싶네요 한효주★  
20180108,10,이런 영화가 더 많아졌음 좋겠네요ㅎ 아주많이 기대됩니다!!!  
20180108,10,강동원 얼굴도 열일하고ㅋ 연기도 잘하고 굿굿 이번캐릭터도 짱잘어울리네ㅋ  
20180108,10,"강동원 너무 좋아하는 배우인데, 요즘 열일하네요 ㅋㅋ 재밌을것 같아요너무 기대가 큽니당  "
20180108,10,원작 소설 너무 재미있게 봤습니다. 배우 라인업보고 더 기대하고 있어요~~ㅋㅋ 일본 영화보다 훨씬 재미있기를!! 빨리 개봉해라~~~  
20180108,10,잼겟따리~~~ 넘나 기대된다요 빨리 개봉해라ㅏㅏㅏ 제목만 보고는 외국영화인줄 알았는데 무려 강동원이라니요 갑자기 n차 찍고싶어짐...믿고보는 강동원 한효주ㅠㅠ  
20180108,10,예고편 봤는데 핵소름ㅠㅠ 진심재밋을듯ㅋㅋㅋ 빨리보고싶당  
20180108,10,영화 궁금하네요. 빨리 보고싶어요.  
20180108,10,하... 정말 올해 가장 기대하는 영화입니다..! 빨리 개봉해라!!  
20180108,10,얼른 보고싶어용..ㅠㅠ  
20180108,10,골든슬럼버 기대된다 빨리보고싶음  
20180108,10,원작의 느낌을 어케 살렸을지 궁금하고.. 참치군 영화도 반갑고~ ㅎㅎㅎ  
20180108,10,가장 기대하고 있는 영화입니다!!!  
20180108,10,강동원에 골든슬럼버라니 너무 기대됩니다 ㅠㅠ  
20180108,10,캐스팅부터 기대중인영화 빨리보고싶네용  
20180108,10,재밌어 보이는데!!! ㅋㅋ 참치오빠 기대할게요  
20180108,10,우리 갓참치님 영화는 다 졸잼이야!!ㅠㅠㅠ  
20180108,10,기다리고 있습니다아~  
20180108,10,강동원 ㅠㅠㅠㅠ 소재도 그렇고 너무 기대되는 영화!  
20180108,10,올해 젤 기대되는 한국영화!!  
20180108,10,내가 좋아하는 배우들밖에 안나오네ㅎㅎ완전 기대기대!!!  
20180108,10,원작도 좋아하는데! 얼른나왔으면 좋겟네요 ㅠㅠ현기증쓰  
20180108,10,빨리~ 예고편을 보여주세요!! 현기증난단말이에요~~  
20180108,10,1987 강동원 급  존재감 완전 기대합니다!  
20180108,10,이게 의외로 기대가 많이 됨  
20180108,10,예고편만 목이 빠져라 기다리고있어요...언제풀려...  
20180103,1,....감독전작 영화관에서보고 참 너무한다싶었었음  
20171230,9,장첸! 체니 특별출연...! 계상오빠 보러간다!  
20171225,1,비호감끼리 뭉쳤네 응안봐  
20171224,1,한효주 동생 사건 제대로 파헤쳐라  
20171221,1,누구때문에 기대가 안 됩니다.  
20171220,10,언능 개봉해라~ 기다림이 너무 오래다~  
20171220,1,어느한분이 나와서 안볼랍니다  
20171215,10,줄거리 보면 평범한 남자라고 되있는데 강동원이 평범한 남자냐 OO럼드랑!! 잘생기신 갓동원으로 바꾸도록  
20171206,10,참치오빠 영화는 꼭봐야행 캬캬  
20171130,10,개봉하면 바로 볼거에요 효주언니있으면 바로보는데 거기에 강동원오빠가 나온다니 ㄷㄷ  
20171126,9,한효주씨.영화 올해 볼수 있나요. 항상 좋은 연기 기대 합니다..  
20171125,10,2017년은  다가는데  왜ㅠㅠ  아직도 안나오는건가요ㅠㅠ 계속 기다리고 잇었는데ㅠ  
20171120,1,좀 그렇네 주연들둘다  음  ~~  
20171118,1,한효주 동생때문에 1점줌 ^^  
20171118,10,강동원 까지마ㅋㅋ독립유공자 후손인건 무시하고 계속 친일파후손 들먹이는데 니네는 그냥 강동원이 까고 싶은 거잖아ㅋㅋㅋ강동원이 친일파후손인거 맞는데 강동원 잘못이뭐냐?ㅋㅋ태어난게 죄니??니네 논리 다쳐맞다고 합리화하면서 남까지 마라ㅋㅋㅈㄴ한심하다ㅋㅋㅋㅋ  
20171111,10,엄청 기대중입니다~~  
20171025,10,한효주씨 때문에 꼭보고싶어요  
20171023,10,일본영화 골든슬럼버 보고 되게 감동받았는데.. 일본적 감성을 한국영화에서 어떻게 표현될지 되게 기대되네요  
20171013,10,두분다 연기 잘하는 분들...!!!그리규 인랑도 그렇고 골든 슬럼버까지 같이 하시니까 케미 좋을거같아여 보러갑시다!!!  
20171012,10,"맥무에실린 1급,위안부,채굴권등은 친일빼고는 다 날조된거라고 친일등재하는곳 민족연구소에서 직접 밝혀준지가 언젠데 아직도 1급이라고 나불대는 멍충이가 있다니ㅋㅋ머리도 딸리는게 꼴에 깨시민인척 날뛰는 뭐도있는데 독립 유공자후손이기도한 강동원은 당당해도된다  "
20171011,1,한효주는 양심도 없나.. 동생 관련 기사나 댓글 그와 관련된 평점테러 기사까지 싹 다 지웠네 높은 군인 아빠와 공군 아들의 일병 죽이기.. 한효주는 양심도 없나보다.  
20171007,1,비호감들만 모아놨구만 ...  
20171006,10,기대를 하게만드는 조합  
20171006,8,3년전에 봤는데 국내에서 만들면 재밌겠네요  
20171005,7,강공익이 흠이긴한데..  괜찮을듯  
20171005,5,아직 까보지않아서 모르겠지만 솔직히 강동원은 미스캐스팅인거같다.. 억울하게 범인으로 몰리는 소시민을 연기해야하는데 강동원은 아무리 연기를 잘해도 그렇게 안보이잖아.. 사카이 마사토같은 무난한 스타일의 외모를 가진 배우를 캐스팅했어야지..  
20171003,10,영화 쌉노잼이래도 보러가야지... 얼굴이재밌는데.. 빨리 개봉해주세요 현기증나닌깐  
20171003,10,강동원 빨리보고싶다!  
20170926,10,오직 한효주 그대만 바라봅니다.  
20170921,10,"강동원이라 기대됩니다.  정직하고 올곧은 모습, 늘 응원합니다.!!!  "
20170920,10,동원오빠 빨리 보고 시퍼용♡♡♡♡  
20170918,1,한효주?  왜 하필 한효주..  
20170918,10,효주님 스릴러라니ㅜㅜㅜㅜ 스릴러 못 보는데ㅜㅜㅜㅜ 효주님 응원합니다  
20170918,1,동생분 잘지내시나요?  
20170917,10,....기대됩니다@  
20170914,1,1도 아깝다..너무 비인간적인 누구때문에 보기싫다  
20170913,10,한효주 화이팅 그리고 기대가되요  
20170909,1,범죄자 파티?? 인가 벌써부터 거북하다.  
20170908,10,"노동석 감독님 '우리에게 내일은 없다'라는 영화  이후  연출작이 없으셔서 아쉬웠는데, 반갑네요. 기대됩니다~  "
20170905,10,한효주씨 응원합니다.  올해안에 볼수 있으면 좋겠어요.  
20170825,1,나중에 명절에 볼거 없을 때 티비에서 틀어주면 그 때나 볼까 그닥..  
20170823,1,영원히 한효주는 못잊을 것 같아요.  
20170816,1,강동원과 한효주라....하아....  
20170816,10,빨리보고싶네요 ㅠㅠ 존잘  참치오빠 ㅠㅠ  
20170815,10,뭐임? 인랑이랑 겹침?  
20170815,1,친일파 ..자살 ..나는 경멸한다  
20170811,1,>>>김유정 극비 캐스팅<<  
20170808,1,"한효주는 묻지도따지지도말고 1점이죠ㅋㅋ왠지궁금한 분은 한효주 고라니, 한효주동생 검색해보시길  "
20170808,9,원작을 너무 재미있게 봐서 기대됨 참치형 캐스팅도 굳!!  
20170807,10,너무기대됩니다~빨리개봉하길!!!!  
20170807,10,"강동원님, 한효주님 두번이나 같이 찍으시네요 두영화 다 기대됩니다 다 캐스팅 빵빵 한것 같던데. 강동원님 나오면 무조건 봐야지  "
20170805,7,"원작대로 간다면 한국에서 가망없을거 같은데, 나홍진 감독 추격자 같은 서스펜스/스릴러 스타일로 잘뽑았으먄 좋겠네요  "
20170730,6,원작도 재미는 없었는데.. 정서가 안 맞아  한국이랑  
20170725,10,사랑해요 효주언니 영화 대박나라!!!!  
20170718,10,완전 기대 됨. 원작도 스릴 넘치더라  
20170716,10,강배우님 흔들리지 말고 언제나 건강하고 행복하세요~두 배우분들의 연기를 스크린에서 빨리 보고싶어요!!  
20170711,1,누구 나오는거는 절대안본다  
20170709,1,누구 나오는거는 절대안본다  
20170609,1,한효주 동생분은 잘 사시나보데요^^  
20170607,10,"정작 친일파들은 국회의원,대통령까지 하게 뽑아주면서 왜 죄없는후손들을 역적으로 몰아가며 상처주는지 이해가안가네.또 살인자한테는 솜방망이 처벌하면서 죄없는 남매를 왜 비난함?그거야말로 친일인거다바보들아죄없는친일후손까는게애국,본친일파뽑아주는게애국?참나  "
20170606,10,기대합니다 원작은 봣지만 ㅎㅎ  
20170604,10,너무 재밌을거 같아요 동원오빠 언제나 화이팅 !!!! ^♥^  
20170604,10,동원 배우님 빨리 극장에서 만나고 싶어요 !  
20170601,10,한국식으로 어떻게 각색됐을지 궁금해요 ㅋㅋ빨리 개봉했으면 좋겠네요  
20170531,10,얼른 보고 싶어요 영화 재미있게 볼게요 ^^  
20170531,1,일본 원작도 별로 재미없던데 이걸 왜 다시 만드는지 이해 불가  
20170530,1,하.. 효주..하..  
20170528,10,강동원 한효주에 김대명까지... 정말 기대되는 영화. 빨리 개봉했으면.  
20170525,10,이거 100% 1000만 예상해봅니다.  
20170523,10,이거 원작 소설 팬인데요ㅜㅜ 진짜 앉은자리에서 다 읽었던 기억이 나용! 일본 영화도 재밌게봤눈데.. 이 리메이크버전도 재밌을 것 같아요!! 기대하고 있숩니다!!  
20170523,10,일본영화의 아쉬웠던 점을 보완했으면. 소재는 좋은데  
20170511,10,아 ㅠㅠㅠㅠ 진짜 기대중 ㅜㅜㅜㅜ 강동원에 한효주 배우때문이라도 봐야겠음  
20170508,10,책읽고엄청기대중입니다  
20170420,10,참치오빠 빨리 영화에서 만나보고 싶어요~!신이내린 본인의 자산을 영화작품으로 남겨주세요~^^  
20170417,10,믿고보는 배우 강동원! 영화 기대됩니다.  
20170413,10,강동원님 기대됩니다..사랑합니다..빨리 보고싶어요♡  
20170412,10,얼른얼른 보고싶습니당  
20170410,10,강동원 한효주 두분 모두 굉장히 좋아하는 배우라 케미 너무 기대되네요!! 항상 좋은 연기와 열일 해주셔서 감사합니다!!  
20170410,10,아이거 일본소설도보고 영화도봤는데 한국화된다니ㄷㄷ매우궁금하네요  
20170408,10,"김대명 짱  김대명님 승승장구 하세요 수유축산에서 응원합니다 ^.~""  "
20170405,10,조상이 노비면 노비의 후손이라고 불러야되나 미개하고 악습이라고 법으로까지 금지시킨 연좌제에 친일운운하며 까질하는 넌 니조상은 뭘했는지 알기는아냐ㅉ악플러들이 강동원이 독립유공자 후손인거는 외면하고 친일파 후손이라고만 강조해서 깐다더니 진짠가보네 한심하다  
20170405,1,네 친일파 후손의 유니클로 광고 잘 보고 있습니다^^  
20170404,10,한효주 동생사건이 뭐죠???  
20170401,10,효주양이 보고싶네요 해어화때 정말 사랑했는데♡  
20170330,10,소재도 좋아하는 소재구 동원오빠까지 볼수있다니..♥♥  
20170330,10,"강동원,한효주님 응원합니다.그리고 매국노,살인마들은 절대 미화될수없고 따끔하게 벌해야하지만 그의 가족,후손까지 공격하는건연좌제입니다.연예계에서 강동원,한효주만큼 착하고 열심히하는 분들없습니다.그런사람을 누군가의 후손,누나라는이유로 죽이려드는것은아닙니다  "
20170330,10,한효주가 데뷔 때부터 쭉 내 이상형이라 효주 누나 나오는영화는 꼭 챙겨본다.  
20170330,10,강동원너무 좋어용~♡♡  
20170330,10,강동원 배우님 열심히 촬영 하셔서 건강한 모습으로 개봉후 관객과 만나요 골든슬럼버 대박나길 바래요 홧팅!!!  
20170329,10,♡저희 삼촌이 나온다는 소식을 듣고 더 기대가 되네요그래서 영화가 빨리 나왔으면 좋겠어요♡  
20170329,10,너무 기대되고 동원오빠 보고싶어요!!!  
20170326,10,강동원과 한효주의 케미! 개인적으로 좋아하는 두 배우인데 정말 기대되네요  
20170324,10,책으로 먼저 봤는데 마지막까지 긴장감있는 스토리와 완벽한 캐스팅에 좋은 영화로 뽑히길 기대중입니다.  마지막 편집까지 제작진들 화이팅입니다.  
20170322,10,강동원배우님 기대하고있어요!!  
20170321,10,새로운 영화일 것 같아 기대됩니다.  
20170321,10,어제 성신여대에서 이영화 찍는거 봄. 강동원 완전 잘생기고 귀여워서 눈호강했다ㅋㅋ 영화  빨리 보고싶다.  
20170321,10,배우님 기대하고 있습니다화이팅~~  
20170321,10,요즘 책 열심히 읽고 있어요 ~~ 스크린에서는 어떻게 그려질지 무척 기대됩니다 ~~ 화이팅!!!  
20170321,10,얼굴도 좋지만 강동원 연기가 좋아서 본다!!!  
20170321,9,평점 테러 하는 사람들은 뭐하고 사는 사람들일까.. 무사히 질 찍고 빨리 컴백해주세요~  
20170321,10,소설 재밌게 봤는데 기대된다  
20170321,10,믿고 보는 소동원! 이 작품도 기대되네요  
20170321,10,손가락 막 놀리시는분들 많네요? 막 놀리시는 손가락에 사람 목숨이 달려있습니다 꼬투리잡고늘어지지마세요 효주씨가 직접적으로 잘못한게 있는것도 아니고 왜 가족사를 물고늘어지시나요 강동원씨는 사과문 전문 정독하셨으면 더 얘기 나올것도 없을거고  
20170321,10,기대된다!! 개봉날까지 기다려서 꼭 볼거임  
20170320,10,원작을 재밌게 봐서 벌써부터 기대됩니다!!대박나길  
20170320,10,한효주 기대된다 강동원도 기대된다!!!!  
20170319,10,1급친일에 위안부 창설이라고 기사낸 맥스무비 그 기사는 잘못된거라고 판명이났고 맥무측도 사과하고 지들이 기사내렸고 여기 댓글들 보니깐 거의다가 1급에 위안부 강조하면서 악질이라고 많이깠던데 이제는 뭐라고할까 그래도 뭐 친일은 맞잖아 하고 말바꿔서까기?  
20170317,10,대통령표창받은 독립운동가집안후손 강동원!! 믿고보는배우 독립유공자의후손 강동원의 골든슬럼버기대  원작은주인공을 남신급의왕자님으로 섹시하고잘생긴인물묘사라 더기대됌 조각미남비율 남신강동원이랑 싱크로율100%라더기대! 독립유공자후손믿고보는배우강동원 화이팅!  
20170317,1,진짜 이거 소오름이네.친일파 강동원이랑 살인자 누나 한효주의 조합..  
20170315,10,강동원이 대처를 느리게했지만 그가 친일파 손자인게  그 잘못인가? 태어나 보니 위치기 그런걸... 한효주도 자신이 그런게아니라 동생일 그랬는데 어쩌라는건지...쨌든 강동원과 한효주의 조합 기대가 큽니다.  
20170315,10,한효주 동생 하나 잘못 둬서 죽을때까지 욕먹겠네 불쌍해서 어쩌냐 말이 뇌를 안 거치고 나가는  뇌가 우동사리로 만들어진 새끼들아 잘 들어라 니들이 아무  생각 없이 놀리는 손가락  하나하나가 누군가에겐 치명적인 살인 흉기가 될 수 있다는걸 잊지 말아라  
20170308,10,강배우님 힘내세요 /*^^*/  
20170306,10,"강배우님~ 힘내서 남은 촬영  마무리 잘 하시고, 개봉일에 뵐게요. 기다리고 있겠습니다.  "
20170306,10,일본 원작에 강동원에 한효주에 김의성까지  캐스팅죽이네  
20170306,10,응 너네같은 자기 인생 걱정안하고 연예인 물고 자빠지는 시간 낭비하는 놈들 안봐도 무조건 흥행이고 제발 보지마라  
20170306,1,친일파 후손에 살인마 가족 잘 어울리는 한쌍이시네.   근데 흥행기대는 하지 말길...  알고 있겠지만  
20170305,1,강동원은 그렇다쳐도 한효주 집안이 참...  
20170305,1,기대했던 영화인데...  
20170305,2,라인업이 망스멜이네요. 감독 조연분들 불쌍  
20170305,1,조합이 참.. 음...  
20170305,1,일본소설 거기다 주연들보소ㅋㅋ  키야 ~~/일뽕에 취한다  
20170304,1,응 친일파네 돈주고 보래도 안볼꺼임  
20170304,1,누가 이 영화를 본다는거냐!  
20170304,1,강동원에 한효주 ㅋ 이미지 망인 두배우네요심지어 줄거리가 일본 작가 이사카 코타로의 동명 소설이 원작인 작품 ㅋㅋㅋㅋ  
20170304,1,여론을 봐서 이 영화는 개봉전부터 망했네.  
20170304,1,강동원 어쩐지 일본애니 영화 많이 본다 했다 ㅋㅋㅋ 친일파 후손이라 그랬구나? 강동원 나오는 영화 다 망하고 연예계 은퇴해서 그 얍삽한 면상 더이상 안봤으면 좋겠다~  
20170304,10,원작소설도 재밌게 읽었던터라 기대되네요^^  
20170304,1,역시 친일파새끼라 그런지.. 일본원작 영화에 나오네..ㅋㅋㅋㅋ  
20170304,1,보지말자 제발  친구들아~~~  
20170304,1,둘다 특징 가족 ㅋ근데 숨기기 바쁜게 특징중의 특징  
20170304,1,우와 캐스팅 개지린다 ㅋㅋㅋㅋ  
20170304,10,완전기대된다 책너무재밋게읽어서 더욱기대  
20170304,10,평점테러하로 왔네 나쁜사람들 난 꼭 보로간다!!  
20170304,10,'Golden Slumber' fighting !!!  
20170304,1,강동원 한효주 김의성 이 세명으로 영화 설명 끝~!  
20170304,1,실망입니다 영화는 찍으세요 보진않겠습니다  
20170304,1,강동원과 한효주 ㄷㄷㄷ  
20170304,1,강동원 친일파 후손이라는 기사 떴네요 판단은 알아서들 하시길  
20170304,1,친일파후손과 병영부조리누나가 마오는 영화는 잘못된거아니냐  
20170304,1,한효주동생 강동원친일파의조합 ㅎㄷㄷㄷ  
20170304,1,영화가 기대가 안되네요. 다들 이유는 아시겠죠.  
20170304,1,차라리 안봐. 강동원+한효주 = 꽥  
20170304,1,"친일척결도 안하는 나라에서 친일인명사전에 오르는 건 굉장히 어려운 일, 위안부탄생에 기여한 보스급 친일파 조상을(친일인명사전은 2005년에 제작시작해서 알텐데)자랑스워하고 명예훼손으로 '직접'신고하는 꼴이란.고통받았을 분들 생각에 역겨워서 못보겠어요.  "
20170304,1,친일파 연기 보러왔어요  
20170303,1,문제적 주인공들이 뭉친 망작  
20170303,1,예술이다 예술이다 예술이다  
20170303,5,친일후손+가혹행위병사 누나 조합  
20170303,1,남주 여주가 완벽한 한 쌍이네. 개긴도긴. 유유상종.  
20170303,2,... 위안대(위안부) 친일 지원한 외조부의 잘못을 연좌제 적용해서 강동원에게 물을순 없지... 하지만 그런 외조부를 예술이네 뭐네 존경한다고 당당히 인터뷰에 밝혀놓고....이 댓글도 삭제요청하겠지 쩝.... 거기다 한효주 동생 사건 언플 생각하면..  
20170303,1,친일파를 자랑스럽게 생각하는 배우는 안봅니다.  
20170303,1,응 안 안봐. 친일파 후손은 잘되면 안된다.  
20170303,1,어디서 친일 냄새 안나냐?? 킁킁  
20170303,1,강동원 한효주 둘다 논란갑  
20170303,1,피드백 먼저 받고 싶네요  
20170303,1,강동윈 증조할아버지와 관련되어 친일파라고 하는 여러 게시글이 있는 논란 상태인데요... 왜 친일파 인명사전에 등록됬다는데 강배우에 대해 연기보다 다른 면이 신경쓰일수밖에 없네요  
20170303,1,티켓파워가 중요하긴하지만... 껄끄러운 배우들을 왜 자꾸 쓰려고하나요? 우리나라에 배우가 그렇게 없나요?  
20170303,1,친일파 영화 절대안본다 실망이다진짜  
20170303,1,사카이 마사토가 연기 잘해서 비교될거 같은데 ㅋㅋㅋ  
20170303,1,아... 일본이 그렇게 좋드냐  동원아  
20170303,1,강동원이 출연한 영화라서 절대 안본다.  
20170303,1,강동원과 한효주라....  
20170303,1,친일파 조상을 예술이라고 떠받드는 남자와 군대에서 사람 죽인 남동생을 쉬쉬 숨기느라 바쁜 여자의 영화라 이거 참 재밌는 만남이군요  
20170302,1,강동원 친일파 손자새끼때문에 안본다 ㅋㅋ 거기다 한효주는 덤이요 ㅋㅋ 이영화는 개봉도 전에 망했어요 ㅠ ㅋㅋ  
20170302,1,둘다 논란이 많은 배우들이네요영화는 재밌을지 몰라도.. 보고싶지 않네요  
20170228,10,강동원배우 정말 열일한다 아무튼 군말없이 강배우보러 가야지^^  
20170227,10,배우 뿐만 아니라 원래 작품 자체가 개재미짐...일본쪽에서도 영화로 잘 살렸고.. 한국은 어떨지..  
20170227,10,강동원 !! 정말 자랑스럽습니다~! 너무 좋아요 열심히 일하는 그대 너무 사랑스럽습니다.  
20170226,10,아아아! 기대됩니다  대단한 라인업이에요!!!  
20170217,10,한효주 영화는 꼭본다 두번본다  
20170213,5,소설 리메이크 작인가? 일본에서 이미 만든 영화를 재리메이크했나보네. 원작에 충실하게 만드기를.  
20170212,1,한효주 배우 이전에 인간이 되랑! 김일병 사건은 글케 눋혀져 묻혀지기를 바라나 보지만 이세상 사람들이 바보만 있지는 않다는걸 잊지말기를  
20170207,10,믿고보는 강동원....  
20170201,10,강동원과 한효주의 조합은 꼭 봐야한다  
20170201,10,갓효주님 영화 무조건 믿고 보러가요^~^  
20170131,10,강동원+한효주+김의성+김대명은 멀티캐스팅의 선을넘었다  
20170130,10,이번엔 실물영접 하고싶어요 참치옵빵ㅜㅜ 너무 많이하시는거같은데 몸관리잘하면서 영화찍으세요♡♡  
20170130,10,잘 만들어졌음 넘나 좋겠다ㅠ  
20170129,10,강동원 한효주에 스릴러라니.. 이건 백번 보고 또봐야한다 흥해라  
20170129,10,기대하고있습니다 :) 무려 강동원 한효주라니 ㅠㅠ  
20170129,10,믿고보는 강동원과 한효주!! 기대합니다  
20170128,10,소설 재미있게 읽어서 영화도 기대되네요  
20170126,10,가봐야 알지 재미있는지  재미었는지 누갓아러?  재미있다면 사람들이 극장에서봐쓴면 5백만명이  재미있다 인정하지 그러데 언제 개봉이야  
20170125,10,한효주 정말 기대됩니다~  
20170122,10,한효주 배역의 크기에 상관없이 작품과 다양한 캐릭터로 승부보는 배우라 좋아한다. 응원하는 사람들 많으니 촬영 잘해서 흥하길.  
20170120,10,과연 김대명과 김성균중 누가 강동원의 친구일지 궁금함 물론 둘 중 한명은 의문의 1패 ㅋㅋ  
20170119,10,스토리 흥미진진하네요!역시 강배우님 열일하시고 ㅠㅠ 그리고 한효주 배우와 강동원 배우의 조합이라니 기대되네요 화이팅!  
20170118,10,강동원 정말 기대됩니다 역대급영화가 또 나오네요^^  
20170118,10,갓효주bbb기대할께요~~♡  
20170118,10,기대돼요. 개봉하면 꼭 볼게요:)  
20170118,10,믿고보는 연기! 믿고보는 재미! 강동원님의 열일을 응원합니다  
20170117,10,우리 참치 오빠 너무 예쁘다 열일 하는 거도 건강 챙기면서 쉬엄쉬엄 했음 좋겠구...ㅠㅠ 열심히 하구요  
20170114,10,동원오빠 빨리보고싶어요!!  
20170113,10,언제나 다양한 배역을 소화해서 기대되는 배우 강동원!! 한효주까지 볼만하겠네요  
20170112,10,얼른 이 둘의 조합을 보고싶다. 한효주도 개인적으로 좋아하는 배우이고 강동원은 말이 필요없으니.. 기대된다!  
20170108,10,우리 참치 늘 응원합니다♡♡♡♡  
20170106,1,제발.. 이딴 짓 좀 안 했으면 좋겠다.  
20170106,10,믿고보는 강동원♡ 믿고보는 한효주♡  
20170104,10,강동원 열일 하네요 ㅠㅠ! 기대할게여!  
20170104,10,럭키의 일본원작 주인공 사카이마사토 주연 영화가 또 리메이크 되나보네 ...사카이 연기는 강동원 같이 미남보다는 조승우나 박해일이 어울리지 않을까 하는데.. 뭐 한국식으로 풀어나가는거니 기대해봅니다  
20170104,10,보고싶네여여ㅠㅠㅠㅠ  
20170104,10,동원오빠 소야? 진짜 열심히 산다.. 너무 존경해 !  이래서 더 사랑받는 이유인거 같아  
20170103,10,평범한 남자라기엔 평범하지않은 비주얼아닌가요..?♡♡  
20170103,10,"강동원이즈 뭔들,... 두번볼게요 세번볼게요..  "
20170103,10,골든슬럼버 ㄷㄷㄷ 다케우치 유코 작품중에서도 엄청 좋아하는건데 리메이크 하다니 ...!!! 배우진도 엄청 나고 ㄷㄷ 엄청 기대된다  
20170103,10,얼른보고싶네요 참치오빠♡  
20170102,10,배우 캐스팅에서 끝났네ㄷㄷ강동원 사랑해♥  
20170102,10,동원 오빠ㅠㅠㅠ 요즘 열일한다 진짜 멋있다 이번엔 5번 넘게 볼게요ㅠㅠ아 사랑해요????  
20170101,10,강동원님♡♡♡내 평생 이상형  
20170101,1,아 인성그지같은한효주나옴 ㅅㅂ  
20170101,10,강동원배우님 촬영하시면서 몸 조심하시고 올해 얼른 다시 또 뵐 수 있길 기다릴게요! 골든슬럼버에서의 연기 기대합니다!  
20161230,10,강동원 열일 골든슬럼버 책으로 재밌게읽었는데..영화 기대할게욤!  
20161230,10,강동원 사랑해료  강동원 짱  
20161229,10,대미친 내년에 꼭 봐야지ㅠㅠㅠ  
20161229,10,강동원 마스터 넘잘봤어요 열일 감사♡♡♡♡  
20161228,10,참치오빠...효주언니 케미기대할께요 내용도 제스타일이고 두분다 좋아하는 배우라서 꼭 보러가겠습니다♡  
20161228,10,참치오빠 열일해주셔서 감사합니다~~  
20161228,10,캐스팅 너무 좋네요~ 기대할게요~  
20161228,10,한효주 강동원 대박 났음 좋겠네요  
20161228,10,강동원ㅜㅜ열일해서 넘 좋다. 드라마는 안 찍엇으면. 영화가 좋음  
20161227,10,효주언니ㅠㅠㅠㅠ화이팅!!! 응원한다!!!  
20161227,10,"내가 제일 좋아하는배우 강동원, 하정우, 황정민, 송강호, 김윤석 특히 강동원형이 나오신 영화들은 안본게없습니다 언제나 화이팅입니다~!!^^  "
20161227,10,한효주는  최고의 여배우  
20161226,10,와 골든슬럼버 진짜 영화로 재밌게 봤었는데 이게 한국에서도 개방한다니ㅠㅠㅠ 게다가 출연진이 강동원 한효주..하 동원이형님 열일해주셔서 감사합니다 꼭 보겠습니다  
20161225,10,강동원 한효주요? 기어서 보러 갑니다...  
20161225,10,강동원에 한효주까지!! 대박 골든 슬럼버 일본영화로 봤었는데 사실 보면서 한국에서도 리메이크로 하지 않을까 생각했었는데 실제로 한국에서도 영화로 나올줄은 상상을 못했네  
20161225,10,둘다 기럭지 길쭉길쭉해서 은근 구도상 잘어울릴듯  
20161224,10,끄 효주언니 빨리보고싶어효>< 이제부터 영화비를 모아야하는건가ㅎㅎㅎㅎ  
20161224,8,강동원은 믿고보지만 한효주의 연기는 아직 어색하다 과연 흥할지.  
20161224,10,넘넘기대되요 ㅠㅠㅠ강동원에한효주라니 특급케미ㅠㅠㅠㅠ일본판으로한번보고 꼭영화관가서봐야지♥♥♥다연기잘하고좋아하는배우라서더기대됨  
20161224,10,헐...완전 동원오빠 열일중이야 ㅠㅜ 오빠 너무 열일하지말구 쉬엄쉬엄 하면서 하세용 ㅠㅜ♥♥♥ 직업에 열중하는 모습 멋져요!!  
20161224,10,강동원 열일해서 좋다~~~~ 강동원 나오니까 봐야지 ㅎㅎ  
20161224,10,가장 좋아하는 배우 둘이서 작품한다니 정말 좋아요~ 기대하며 기다리고 있겠습니다  
20161224,10,"한효주, 파이팅!!! ^^  "
20161224,10,내용도 좋고 배우들도 좋고~기대됩니다  
20161223,10,한효주 강동원 두배우 한스크린에서  볼수있다니 너무 기대됩니다. 화이팅!  
20161223,7,좋은 배우들이긴 하지만... 원작 골든 슬럼버가 제 인생 영화라 몇 번을 보고 또 책도 읽었는데 우리나라에서 만든다는 얘기를 들었을 때 기대보단 걱정이 앞서는 게 사실이네요ㅠ 그래도 멋진 작품으로 만들어주시길 응원합니다  
20161223,10,강동원 한효주의 만남이라니 넘나 사랑됩니다 조합 체고 ㅠㅠ 흥해라 황금빛 낮잠!!!  
20161223,10,두 배우 모두 열심히 영화 찍어서 보기 좋습니다.  원작도 재미있는만큼 기대가 많이 됩니다!!!!  
20161223,10,강동원한효주조합 기대됩니다. 영화가 잘만들어지길 바래봅니다.  
20161223,10,한효주 강동원 가장좋아하는 남여 배우를 볼수있다는것에 감사합니다.  
20161223,10,강동원 한효주 조합 기대됩니다골든 슬럼버 촬영 빨리 사작했으면..  
20161223,10,강동원도 좋은 배우고 한효주도 영화계에서 한가닥하는 배우니까 좋은 영화가 탄생하기를 기원핳께요  
20161223,10,진짜 벌써 기대되네요 강동원 완전 열일  
20161223,10,"오직그대만, 반창꼬, 광해, 감시자들, 쎄시봉, 뷰티인사이드 , 해어화 등 매번 새로운 연기 보여줬던 충무로의 여신 한효주의 차기작도 매우 응원하는 바입니다.  "
20161223,10,두분모두 응원해요!! 괜한 악플들때문에 상처받지마세요ㅠㅠ 저처럼 믿고 응원하는 사람들도 많아요!!  
20161223,10,강참치 ♡ ♡ ♡ ♡ 이번에도 좋은 영화  찍어주시네요 감사해요ㅎㅎㅎ영화기대합니다 .한효주님과의 케미를 볼수있기를 ^^  
20161223,10,열일하는 강동원!!! 너무 기대됩니다♥  
20161223,10,으허.. 참치님 영화를 또 찍어주신다니 열일해주셔서 항상 감사할 따름입니다ㅠ 건강 잘 챙기세요.. 걱정되요 골든슬럼버 ! 영화 기대하고 있을게요^0^  
20161223,10,동원님ㅠㅠㅠㅠ사랑해요ㅠㅠ열일 넘나 감사..근데 드라마는 언제 찍어주시나요?  
20161223,9,강동원 ㄹㅇ 열일한다... ㅠㅠㅠ이뻐  
20161222,10,믿고 보는 참치오빠 (?ºωº?)  
20161222,10,강동원 완전열일하네 크.. 드라마에도 오랜만에 보고싶다  
