0,1,2
20180117,8,배우들 연기는 말할것도 없이 최고. 최고의 명장면은 이병헌의 댄스타임  
20180117,6,최고급 원단으로 만든 철지난 단추 3개짜리 정장 같은 느낌일 것 같다.  
20180117,10,웃다가 울다가 정신없어요:)  
20180117,6,진짜 보고 왔는데...박정민이 진짜로 피아노를 쳤다면 8점까지는 줬을거다...너무 흔한 스토리...피아노라도 제대로 치고 싶지는 않았는가..  
20180116,10,개꿀잼임신과함께보다훨남  
20180116,10,시사회보고옴 정말 뻥안치고 재미있음 이병헌이 이렇게 연기를 맛깔나게 잘하는지 몰랏음 ㅋㅋ리얼생거지라이프를 보는듯한 실감나는 연기였음ㅋㅋ신과함께를 보고 울었던 기억이있는데 이것도 그거 만큼 슬픔 ㅜㅜ 그리고 가장 중요한거 욕이 많이 나옴ㅋ그래서더잼 추천  
20180116,8,방금 시사회 보고 왔습니다. 연기는 모두 좋았습니다. 주관적으로는 이런 영화를 좋아해 재미있었지만 객관적으로 봤을때 무한감동도 배꼽잡는 코믹함도 없었습니다. 그래도 피아노 연주에 박수칠뻔..^^ 좋은 연기를 보고 음악을 들으실분들께 추천!!!  
20180116,10,시사회로 봤어요. 이병헌은 이런 역도 잘 연기하네요. 역시라는 말밖에. 박정민은 정말 말이 필요 없어요. 피아노에 귀 호강하고 감동과 함께 집에 가고 있습니다  
20180116,6,시사회 보고 왔습니다.  이병헌의 연기때문에 보았음~~!! 신파극이자 너무 영화틱함  
20180116,10,시사회 보고왔어요^^이병헌 윤여정 배우야 당연히 잘한다 생각했지만 박정민 배우 한지민 배우 연기에 또 한번 놀랐네요 피아노를 얼마나 연습한건지 피알못인 내가 봐도 엄청난 연습량이 보이는 연기였어요 내용은 뻔했지만 그걸 배우들 연기만으로 충분해요  
20180116,10,질문 타임 때 묻고 싶었습니다진태가 차고 있던 목걸이가조하의 군번줄이 아녔는지..!  
20180116,5,나이먹으니 눈물이 많아진다. 시사회 오늘보고왔는데 겨울엔 이런 신파도 좋더라. 이병헌의 이런 연기 너무좋다  
20180116,8,유쾌하게 잘봤어요 박정민씨 연기완전 잘하심...  
20180116,3,총체적난국. 아무리 좋은 연기라도 노딥은 노답이다.  
20180116,10,"추운 겨울, 따뜻한 웃음과 감동을 주네요.. 송민규역에서 확 빠져나온 박정민, 믿고보는 이병헌 조합의 케미는 예술입니다ㅠㅠ  "
20180116,10,시사회 보고왔어요. 이병헌 배우는 원래 연기를 잘 하시고 박정민의 연기는 감동입니다. 6개월만에 어떻게 그렇게 피아노를 칠 수 있죠? 대단!~~~  
20180116,10,지금 용산 아이파크에서 보고 왔습니다. 한국판 원더 감동 스토리 연기 음악까지 최근 한국영화중 최고입니다. 사랑합니다. 그것만이 내세상~  
20180116,10,일단 결론만 말하면 꼭 보세요!! 이병헌 나온다길래 본건데 와 이병헌 연기는 뭐 이미 다들 알테고 박정민 윤여정 한지민 연기 오집니다. 스토리 너무 감동적이면 지루함 전혀없이 깨알같은 웃음까지 다 느낄수 있는 영화입니다!! 평점 10이 아깝지않네요  
20180116,10,"시사회에서 봤어요.역쉬 훌륭한 배우는 영화를 명작으로 만든다는말이 실감나네요.이병헌,윤여정,박정민,김성령,한지민등 모든배우들의 연기가 진짜 실감나네요.정말 요즘 영화들중에서 최고의 명작입니다. 제생각입니다.  "
20180116,10,기대됩니다!  믿고보는 이병헌! 연기의신이다 !  
20180116,8,베리굿.박정민 연기 쩐다.군더더기 없는 웰메이드 무비  
20180116,10,흠..쟁쟁한 영화때문에 대박은 힘들겠고..그렇다고 바로 망작은 안될거고..  
20180116,8,티비에서 예고편보고 너무재밌을거같아서 예매했네요열살짜리 아들과 함께보려고요이병헌 생각보다 웃깁니다 ㅎㅎ 내용이 아이들과함께봐도 좋을거같아요..  
20180116,10,골때리는웃음기대합니다  
20180116,1,이병헌 out 징그럽다  
20180116,10,연기가 대박임.. 엄청웃고 엄청 울다 왔습니다!! 개봉하면 또 볼 의향 있음  
20180116,1,이병헌이라  거른다  다른배우들에겐 죄송  
20180116,10,이병헌 나오는건 무조건 접수  
20180116,10,병헌신 나오는데 천만각이지.  
20180116,1,사람은 인성이 먼저죠..  
20180116,10,재밌을듯정민씨연기진짜잘함  
20180116,1,어제 시사회 다녀왔는데 이딴 영화가 20OOO에 걸리는게 참 기가 차네요  시간아까운 영화  
20180116,10,"시사회 다녀왔는데 생각보다 재밌고 뻔할 것 같은데도 뻔하지 않았어요. 나도 모르게 피식, 크크 하다가 눈물 또르르르네요.  "
20180116,10,사랑스러운 진태에 흠뻑 빠지고 왔습니다ㅠㅠ  
20180116,10,작품에서 피아노곡들이 감동으로 끝내줍니다.  
20180115,10,이병헌의 연기와 박정민의 코믹연기 너무 진짜같아서 영화가 지루하지 않았습니다. 윤여정선생님의 연기도 감탄했습니다. 지루하지 않은 영화 너무 즐겁게 잘봤습니다.만원 ㅋㅋㅋ  
20180115,10,시나리오 배우들의 일품연기 굿굿굿사람사는 냄새가 나는  좋은 영화..바로 일어서질 못하게 하는 군..시사회 봄  
20180115,6,이거신파인가요???  
20180115,1,나는 이런 류의 신파가 가장 싫다.  
20180115,10,박정민 배우님 연기에  박수를... 영화 감동적이고 슬펐어요~  
20180115,10,연기력과 스토리 감동모두 만족하는 오랜만에 제대로 만든 영화탄생.  
20180115,1,시사회로 보고 왔는데 진짜 말도 안 되는 억지설정에 너무 촌스러워 소름이 돋을 정도.. 연기 잘 하는 것도 모르겠고 정말 별로였어요  
20180115,7,박정민의 연기 좋았어요~~뭔가  어색하게 휙휙 넘어가는 스토리였지만  
20180115,1,이딴 영화는 망해야된다 지금이 90년대냐 ㅉㅉ  
20180115,10,왠지 예전 라디오스타처럼 잔잔하고도 웃프고 감동적이지만 과하지않은 그런 영화가 나올것 같아서 기대중. 연기자로서의 이병헌은 절대 욕할 수가 없지.. 제발 재밌어라 ㅠㅠ 부탁이다  
20180114,7,연기는 다 좋습니다아쉬운건 연출인데 ..그것 외엔 좋습니다  
20180114,10,"어떻게  같은날 개봉이네.. 노래로 유명한 2곡제목이 영화로 나오네--,,돌아와요  부산항에   /  그것만이 내세상,,,,  "
20180114,1,더러운 불륜남이미지 세탁하려고  별 영화를 다 찍는구나ㅠ  
20180114,10,꼭 보러갈게여!!!!  
20180114,10,갓병헌 연기는 두말하면 잔소리지~항상 응원하고 믿고 복니다^^  
20180114,10,"시사회갔다왔는데 역시 연기가 대박.. 윤여정님 엄마연기는 명불허전, 이병헌님은 헝그리복서 그자체그리고 박정민님.원래 연기를 잘하시는지 알고있었지만 또한번놀랬습니다 장애우 연기가 너무자연스럽고 피아노연주또한 입이떡벌어짐.간만에 가슴따뜻해지는영화  "
20180114,5,"시사회로 보고왔어요. 이병헌씨 나오는 영화,드라마 다 봤습니다.연기는 최고라 생각하거든요. 근데 솔직하게 쓸게요. 배우들 연기는 하나도 흠 잡을곳이 없어요. 문제는, 억지 눈물 빼는 연출입니다 휴..제 뒷사람 계속 코곯아서 주의줬어요 시끄럽다고.휴.  "
20180114,5,배우님들 연기는 훌륭하지만 영화는 그닥...캐릭터의 독특함으로 영화가 독특하게 느껴지는 거품을 지닌 영화. 곳곳에 웃음포인트가 많은 것은 인정.  
20180113,10,갓병헌님 필모에 길이 남는 작품이 될듯.. 너무너무 기대됩니딘  
20180113,1,"어디서 많이 본듯한 영화들 짜집기예요..이병헌 연기잘한다고? 글세올씨다..이정도 연기는 남자배우들 더 잘합니다,돈주고볼 정도의 영화는 전혀 아니예요.이병헌 팬들을 위한 영화  "
20180113,8,시사회 울산 롯데시네마 당첨돼서 보고 왔는데 역시 믿고보는 꿀잼이였습니다 좋은 기회주셔서 감사합니다.  
20180113,1,김치영화 또 막판에 억지감동 꾸겨넣겠지 1000프로다 어휴 식상해 맨날 똑같은 패턴 개돼지들은 또 눈물콧물 질질 짜겠지 ㅉㅉㅉ  
20180113,1,내 보기엔 씹망한다 ㅇㅈ?  
20180113,10,시사회 봤는데 진짜 재밌다...배우들 연기 말도 안나온다.. 그냥 최고다 걍 보소. 잔잔바리 감동과 빅재미 굿  
20180113,8,다 좋은데 상주 완장 위치가 거슬렸네요직계가족은 왼쪽인데 오른쪽에 차고 있더라구요  
20180112,10,연기의신  이병헌  연기석사 박정민  믿고봐도 좋은영화기대됩니다. 천만관객 갑시다    고고~~  
20180112,10,"재미, 감동, 슬픔 삼박자를 모두 갖춘 영화  "
20180112,6,방금 시사회 보고 왔습니다. 내용은 딱 예측가능한 수준이고 선재미 후감동을 답습하는 전형적인 한국 영화입니다. 마지막엔 모두 쳐울고있는데 공감은 전혀 안되고 실소만 나오더군요.  
20180112,10,시사회로 봤는데 감동적이고 피아노 소리까지 너무 좋았네용♡♡  
20180112,10,이병헌 박정민 윤여정 한지민 ....믿고봅니다  
20180112,8,어디서 본듯한 상투적인 부분이 있지만 영화가 던지는 메시지는 감동적인 펀  
20180112,8,연기와 노래가 좋은 감동적인 영화~  
20180112,10,이병헌의 연기 다시보게끔 되었고 박정민 서번트연기  잘 했네요.  
20180112,10,병헌이형 나온다~~ 개봉하자마자 보러가야즹  
20180112,10,믿고보는거지. 이.병.헌  
20180112,10,영화개봉일만 죽어라 기대되네요~이병헌도 훌륭하지만 배우 박정민씨 흙속의 진주네요~~  
20180112,8,시사회를 다녀왔는데 박정민 배우님의 피아노실력은 정말 소름이 돋았습니다?? 작품을 함께하는 감독마다 성실하다는 극찬이 쏟아지는 이유를 알겠어요ㅜㅠ 장애인역할도 섬세하게 참 잘했습니다ㅠㅠ  
20180112,8,네이버 시사회로 보고 왔습니다. 오랜만에 이러한 장르의 영화를 보는 것 같아 일단 좋았고 워낙 연기력이 출중해 몰입할 수 있었습니다.얼핏 어디선가 본듯하고 뻔한 내용이긴 하지만.. 소소한 재미 소소한 감동이 오래 지속되는 듯 하네요. 추천합니다  
20180112,10,아직못봤지만 이병헌이란배우덕에 엄청기대중ㅎ cf로만 돈버는 것들보다 그래도 이병헌이 연기파배우다  
20180112,10,정치색이 배제된 영화. 머리 아프게 생각할 필요가 없는 영화. 웃음과 감동을 함께 느낄 수 있는 영화. 20OOO 첫 영화로 정했습니다.  
20180112,10,가정폭력 때문에 삶이 망가진 주인공과 엄마의 재회와 소통과정을 마냥 훈훈하게 그려내지 않아서 좋았고 서번트 증후군 장애를 지닌 이부동생과의 교류를 통해서 조금씩 성장도 하는 주인공의 모습을 담담하면서도 담백하게 그려내서 좋았다. 동생배우의 연기 최고.  
20180112,6,한지민은 예쁘다. 이병헌과 박정민 윤여정은 연기를 잘한다...그런데 내용의 구성은 그렇게 탄탄하지가않아...그냥 많은기대를 하지않고 본다면 볼만한 영화  
20180112,10,이병헌? 끄덕끄덕. 믿고 보는 배우  
20180112,10,믿고보는 영화네요.이병헌 윤여정 배우만으로도 연기가 기대되요.  
20180112,1,아마 1987를 능가할 역대급  한국영화가 될듯하다 세계적인대배우 이병헌이 그중심에 있기때문이다  
20180112,10,이병헌의 코믹과 깊은 눈물 속 감동을 함께 본 그것만이 내 세상 네이버 시사회로 보게 되었습니다. 많은 사람들이 함께 할 수 있는 영화 추천합니다.  
20180112,10,정말 재밌고 감동적이고 슬픈 영화에요...오열했어요 ㅠ_ㅜ최고였어요!!!! 박정민배우님 연기가 정말 장난아닙니다 ㅠ_ㅜ  
20180112,10,시사회보고왔는데 댓글알바아니고요 진짜로..영화 내내 울다웃다 미친사람처럼 이영화에 집중하게됬어요...평점도 잘안남기는 스타일인데 진짜 이건 꼭보세요.. 아무래도 이병헌님 작품선택하는 눈이 보통이 아닌듯요 전 한번더볼랍니다..ㅠ 진짜 박정민배우 연기의신  
20180112,10,시사회보고 왔는데 여러분 이거 절대로 코미디로 생각하고 보면 안되요. 첨부분은 코미디가 있는데 진짜 감동적인 영화임    코미디 +한국판 말할 수 없는 비밀+감동+눈물 임  연기 다 엄청 잘하고 피아노 엄청 잘침. 한지민이쁨 꼭 보세요!  
20180111,9,"방금 시사회로 보고오는 중입니다!조하의 세상인 그것이 무엇이었을지 생각해보게하는 영화였어요. 뻔한 슬픈 내용이 눈에 보이지만 표현하는 방법이 다른 영화와 달라서 참신했습니다. 모든 배우님들의 연기가, 그리고 들려오는 피아노소리가  "
20180111,9,방금전 시사회로 봤어요 완전웃기고 완전감동 왹시 갓병헌 연기굿 박정민씨도좋았어요 또 보러갈거에요^^♡♡♡  
20180111,1,산타아저씨...ㅋㅋ 성공적... 안봐~! 제작자랑 이산타가 이기는지 관람객이 이기는지 보자구...ㅋㅋㅋ 제2의 남한산성 폭망 예상됨... 소속사 알바단 돌려도 결과물이 정답일테니 보자규....ㅋㅋㅋ  
20180111,10,시사회 보고 왔는데 너무 재밌고 감동적이고 잘 봤습니다! 깜짝 무대인사도 감사해요~ 흥행했으면 좋겠습니다  
20180111,10,시사회 보고 오는길~ 재밌었다가 짠 하다가 그러네용 연기도 잘하고 이병헌씨가 좀 사생활은 그래도 연기는 잘하긴 하네요 박정민씨 진짜 연기 대박 까음짝 놀람  
20180111,10,"방금 시사회 보고왔습니다.그리 기대되진않았었는데 너무 재밌네요. 한지민님 나오시는지 모르고 봤는데 완전 깜놀 아름다우십니다!! 거기다 깜짝 무대인사!! 저희랑 같이 영화를 보신 이병헌님, 연기 너무 잘하신 박정민님, 엄지척 윤여정배우님!! 최고에요!!  "
20180111,10,무조건 보세요. 시사회 보고오는 길입니다.정말 좋네요. 후회 안하실업니다. 새해 따뜻한 영화 그것만이 내세상과 함께하세요.  
20180111,10,"영롱한 선율에 담아 전해지는 감동적이고, 애달픈 복고의 따스함. 피아노 치며 허공으로 해사하게 퍼지는 진태의 미소는 행복이라는 언어의 공기로 가득차 있었다. 한꺼번에 못한 말을 다하려 하기보다그저 보여주는 애틋함에 숙연해졌다. 영화 감사히잘보았습니다.  "
20180111,10,시사회로 봤는데 정말 감동적인 영화였어요 배우분들 연기는 두말하면 입 아플 정도구요 꼭 보세요!  
20180111,7,이병헌 사생활 때문에 욕 많이 먹지만 연기는 잘한다  
20180111,10,두 배우의  현실형제 같은 연기  기대해봅니다 ㅎ예고편으로 꿀잼으로 기대중이에요  
20180111,10,재미있었습니다. 복선으로 결말이 예상은 되지만 소소하고 웃긴 장면들과 연출이 억지스럽지도 않고 적당하게 재미있습니다.  
20180111,10,그것만이 내세상 이병헌주연 형제를소재로한 꿀잼 영화 대박 재밌어요.또 보고 싶어요..  
20180111,8,래인맨 오브라더스랑 완전 같은 맥락인데. 형제 중 하나 모자란 애랑 신파 스토리가 장르가 있는 건가  
20180111,10,시사회 보고왔습니다 그냥 정말 믿고 보세요 발연기 하나 없는 제대로된 영화  
20180111,10,와 ~ 기대 이상으로 좋았어요. 이병헌의 억제된 감정 연기도 좋았고 박정민의 피아노 연주도 정말 훌륭했어요. 배역을 맡고 배운 피아노 실력이라니 믿기지 않을 정도로 대단했습니다. 마지막에윤여정 님의 짧은 씬임에도 불구하고 삭발 투혼은 정말 아름다웠어요  
20180111,9,역린 쓴 작가의 입봉작이 그것만이 내세상이라 한지민이 특별출연 한건지 같은 소속사 이병헌이 밀정때특별출연 했으니 한지민도 한건지 모르겠지만 피아노 연주도 대역없이 한지민이 다하고 cf처럼 아름답게 나와서 귀호강 눈호강하는 영화였어 재미와 감동도 있구  
20180111,10,아무말없이 그냥 믿고 본다  
20180111,7,"평소에 참 좋아하던 노래, 이렇게 슬펐던가 라고 생각했다그만큼 항상 잘해드려도 아쉬움이 남는 어머니에 대한 마음이겠지영화자체는 뻔한 감동 레파토리~그나저나 한지민 보는 내내 눈호강...겁나이뻐...  "
20180111,9,"시사회 보고 왔는데 소소하게 잘 봤다.자극적이지 않고 신파적이지 않고 소소한 감동이었다.이병헌이야 말할 것도 없지만, 박정민의 피아노와 표정연기가 아주 좋았음.  "
20180111,10,이병헌 박정민 윤여정...조합 기대됩니다!! 특히 박정민 흥해요!  
20180111,8,"오로지 이병헌의 연기를 보고싶어 영화를 보게됐는데  최고였고, 박정민,윤여정의 연기도 정말...너무좋았습니다.  연초 따뜻하고 재밌는 영화를 봐서  좋았음!  "
20180111,9,스토리는 뻔하지만 배우들의 연기는 뻔하지 않았다. 단순히 코믹으로만 알고 영화에 대한 사전지식없이 봤는데 그게 전부가 아니었다. 박정민님 피아노 연습을 많이 하셨다고 인터뷰에서 봤었는데 정말 대단합니다. 추운겨울 마음을 따뜻하게 해줄 영화입니다.  
20180111,10,박정민 피아노 배웠는지 엄청 잘하네요!박정민 피아노랑 극 중 진태 연기 정말 잘하네요~  윤여정쌤 나와서 좋았습니다.특별출연으로 한지민 나왔는데 분량도많아서 좋았아요~ 말아톤 조승우 연기보면서 연습하셨다던데 그 진태 역할에 맞게 정말 잘했어요!  
20180111,9,"가족의, 가족에 의한 , 가족을 위한 영화  "
20180111,9,뻔한 신파극 그러나 사랑 이별 눈물 그리고 코믹 필살기 갓병헌 ^^ ㅅㅅ  
20180111,9,마음이 따듯해지는 영화네요~배우 연기가 돋보이는훌륭한 영화~추천하고 싶습니다~♡  
20180111,9,시사회 보고 왔습니다. 유쾌하면서도 감동을 주는 영화입니다. 후회하지 않으실 겁니다^^배우님들의 열연에 2시간이 금방 지나갔어요~  
20180111,10,시사회다녀왔습니다.연기면 연기 스토리면 스토리 대박작품입니다영화내내 계속 울고 웃고반복했네요ㅠㅠ넘나슬픈것  
20180111,8,박정민 도대체 어디까지 할 수있는 배우인걸까 놀랍다  
20180111,10,평점같은거 잘 쓰고 그러지  않는데 아무런 생각없이 보다가 웃다가 울다가  최근 본 영화중엔 단언컨데 최고입니다~ ^^ 안정민 돼지~!!  
20180111,10,시사회다녀왔어요~ 웃다 울다  난리가 났었어요~ 개봉하면  한번더 볼꺼에요~ 정말 잼있었어요~^^  
20180111,7,"오늘 전국 시사회다녀와서 관람했습니다. 이병헌연기는 광해때처럼 재미있었고 연기로는 깔수가없습니다. 또한,윤여정어머니연기는 엄마생각날정도로 슬펐고 박정민연기는 최고!같이 간 엄마께서도 칭찬일색이셨습니다. 코믹과 가족간의 사랑을 느낄수있는영화였습니다.강추  "
20180110,7,오랜만에 한국코미디 영화보고 정말 많이 웃었습니다.연기 진짜 잘하네요 모든 배우들!!  
20180110,9,시사회 봤는데 역시 이병헌은 연기 깡패다!박해진도 배역 소화 잘했고 한지민은 역시나 이쁨.엄마역을 고 김영애씨가 했으면 어땠을까 하는 생각이.극장가서 봐도 본전 생각 안날 듯.  
20180110,2,"배우빨로 밀어붙힌 마동석 (부라더) 재밌게 본 사람이면 추천.이병헌 영화중,최악이네요.연기빼고 모두 망!  "
20180110,9,"오늘 시사회로 보고왔는데, 연기 만점이고 웃음, 슬픔 다 최고였어요.캐스팅을 잘 한거같네요.  "
20180110,7,귀가 즐거웠고 따뜻한 영화네요~  
20180110,10,"시사회 보고 왔는데~ 우와 박정민 연기 대박!!윤여정,이병헌 연기는 더할나위없고~ 웃음 감동 굿!굿!굿!  "
20180110,10,"배우들의 비주얼과 연기력, 자연스러운 연출력~감동은 덤!!  "
20180110,10,"뭉클해지고 가족이 떠오르는, 사랑을 나눠주는 따뜻한영화  "
20180110,8,누구나예상하고뻔한스토리라고 생각할수잇다그럼에도불구에고 이렇게항상뻔한게나온다는건 한국인감성과 잘맞아서아닐까싶다. 특별히 여운이남거나 생각이많아지는 영화는아니다 배우연기가 다살렸다 좋은영화긴하다. 확실한건 나 이번주에 피아노학원등록하러갈거다  
20180110,10,"좋은 기회를 얻어 시사회로 봤는데, 이런 신파에 지지 않겠다면서 안 울려고 참았는데, 눈물이 저절로 주르륵 흐름. 이병헌 영화는 무조건 본다  "
20180110,7,시사회로 운좋게 일주일 먼저보게 되었네요!엔딩음악에 왈칵했어요 집에가면 쇼팽을 틀고 짜파게티를 끓여 먹어야겠어요  
20180110,10,박정민 배우님 연기가 정말 압권입니다~! 남우주연상 감이에요~!!  발달장애인 연기도 섬세하게 진짜 리얼하게 잘 하시는데 게다가 피아노도 대역없이 치다니~!!  2가지 연기를 동시에 잘 해서 놀랬습니다. 감동!! 스토리는 예상되지만 연기력이 최고에요  
20180110,6, 역시나...설마... 바보캐릭터는 이제그만.. 그나마 병헌이 형이 질질끌고 가고 윤여정이 밀어준영화... 이병헌 간만에 드라마 망작 탄생  
20180110,10,솔직히 매우 촘촘한 영화는 아님 하지만 그 2% 모자란 부분을 배우분들이 꽉꽉 채워주시는 느낌이었습니다. 특히 음악을 좋아하시는 분들은 꼭 보시면 좋을 것 같아요. 스포라 자세히 설명은 못하지만 뒷부분 연주회때 전 정말 넋을 놓고 울면서 봤네요...  
20180110,10,방금 시사회 보고 나오는길 입니다.정말 재밋는 영화 입니다.손수건 꼭 챙기세요.  
20180110,9,흐름이 예측되는 신파.그러나 알면서도 웃고 울게되는 가족영화! 윤여정님 사투리가 조금 아쉬운거 빼고는 한지민.이병헌.특히 박정민 연기가 진짜 최고엿다!! 장애를 가진 가족에 대해 생각해볼수 잇엇다. 피아노 선율도 좋고 전체적으로 추천할만한 영화!!  
20180110,10,웃다가 경이로웠다가 감동했다가 감탄과 슬픔까지~ 재미와 감동을 고루 갖춘 영화.. 너무 재미있게봤어요~ 휴지 챙겨가세요~~ 빵터지게 웃기기도한만큼 가슴이어지게 슬프기도해요ㅎ  
20180110,10,시사회로 봤습니다!! 재미있습니다~  
20180110,10,☆박정민☆ 동주에서 인상적으로 봤던 배우인데 그 이후 팬이 되었습니다. 이번 캐릭터도 대단히 기대되네요. 박배우님  보러갑니다.  
20180110,10,평생소장감 영화탄생 이번엔 이병헌으로 살아볼까낭~  
20180110,1,유명배우만 소개되고 조연은 배우도 아님?조연도 소개내용 있었으연 좋겠네요. 개런티로 쌔려박지말고 참신한 내용으로 어필하는 영화계가 되길...  
20180109,10,빨리 보고싶네요예고편 보고 너무 기대가돼요^^아이들과 함께  볼 수 있는 작품이라 좋네요한지민씨도 나온다니 ~~^^  
20180109,9,"이병헌 나오는 영화 다봄 ,,,연기 정말잘하는배우  "
20180109,10,이병헌 나오는건 다 재밌어서 기대되요 ㅎㅎ  
20180109,9,연기 잘~~하시는 주연 분들 때문에 꼭~~보고싶네요ㅎㅎ  
20180109,1,또 울라고 만든 영화 초반 개그 후반 신파극 찍다가 해피엔딩 지겨운 한국 코미디 영화  
20180108,10,이 영화는 재미없을수가 없을듯ㅋㅋㅋ  
20180108,1,윤제균 표 영화 좀 그만 보게 해주세요 ㅠㅜ  
20180108,10,환상조합. 가볍게 웃기고 뜨겁게 울리는 그런 영화이길  
20180108,6,제목부터 넘 구린데..  
20180108,10,영화가 주는 여운으로 끝난 뒤에도 한동안 극장을 나올 수 없었음 ㅜㅜ  따뜻한 위로룰 주는 영화! 모두 꼭 보시길!!  
20180108,10,억지스러운 신파랑은 차원이 다른 감동. 오랜만에 영화 보고 힐링하고 왔다  
20180108,10,"가벼운 마음으로 시사회 보고 왔는데, 벅차오르는 감동과 여운에 위로 받았어요 ㅠ 개인적으로 춥고 힘든 겨울 보내고 있는데 저와 같은 분들께 추천추천!  "
20180108,10,믿고 보는 배우이기에!!  
20180107,7,한국판 레인맨이군요ㅋ  
20180107,10,간만의 병헌이형의 코미들  제대로 볼수 있겠군 ㅋㅋㅋ  
20180107,7,정민이 연기 잘하지 병허니도 연기 잘하고 늙었네  
20180107,8,재밌을것 같긴 한데 초반에 코미디로 가다가 감동으로 갈것 같은데 그러면 쫌 그러내  
20180107,10,박정민이제 새해에는 이영화로 진짜한번 떠보자가즈아~~~~!!!!  
20180107,10,진심 기대되네 ㅋㅋㅋ이병헌 왠지 역할 잘어울릴듯 박정민이야 감초 역활 제대로고 ㅋ  
20180107,10,이병헌? 일단 무조건 걍 봐야하는겁니다  
20180106,1,이병헌 싱글라이더 남한산성에 이어 이번에 3연패 도전  
20180106,10,기대합니다! 꼭 보러갈게요  
20180106,10,연초에 잘 어울릴것같다  
20180106,10,병헌이형 연기로는 절대 못깐다 믿고본다 꾸르잼  
20180106,10,기대됩니다이병헌쩌는연기  
20180106,6,진짜 이병헌만 안나오면... 꼭 보고싶은 영화인데..  
20180106,10,작품 속 인물이 되어 인간의 희노애락을 각기 다른 빛깔로 표현해 내는 배우 이병헌님. 또 그런 배우가 폭풍 칭찬하는 배우 박정민님.  두 분의 케미는 어떠실지? 1월 17일 기다립니다.  
20180105,7,로맨틱.. 신파.. 성공적..  
20180105,1,로맨틱...성공적!!  
20180105,10,제발 신파좀 넣지마라 한국코메디영화....죄다  
20180105,10,배우들만 봐도 분명 감동일거야  
20180104,5,느낌이 신파가 정말 강하다.  
20180104,10,"이병헌, 박정민 아닌 조하, 진태는 상상불가!!  "
20180104,10,박정민 연기 디테일이 소름돋는다!  
20180104,10,ㅋㅋㅋㅋ 박정민 이 연기 실화냐??  진심 연기 잘함  
20180104,10,우삳가 두시간 순삭! 역대급 꿀잼을 만났다고 한다...♥  
20180104,10,어둡고 잔인한 영화는 싫다! 새해엔 맘껏 웃자! ㅋㅋㅋ  
20180104,10,배우들의 연기가 진짜 리얼함ㅋㅋㅋ  
20180104,10,"""역시 이병헌!"" 인정할 수 밖에 없는 연기력갑! 거기에 박정민도 레알 하드캐리 ㄷㄷㄷ함  "
20180104,10,정신없이 웃다보면 코끝이 찡해진다  
20180104,10,코믹 연기도 이병헌! 그가 보여준 코미디의 신세계  
20180104,10,이병헌의 한물간복서연기기대됩니다^^  
20180104,10,어제 시사회로 먼저 봤어요 그저 그런 뻔한 스토리겠거니 했는데 정말 주위 사람에게 다 추천해주고 싶은 영화가 됐어요. 박정민 정말 연기 최고에요! 피아노 장면은 나도 모르게 박수가 나왔다는.. ^^ 박정민 배우 정말 보석 같아요~  
20180104,10,"시사회 갔다왔는데 진짜 인생영화에요ㅠㅠ 이런장르 별로안좋아하는데 진짜 재밌게 봤어요 진짜웃기고 마지막에 펑펑울었어요ㅠㅠㅠ이병헌님이랑 박정민님 팬됐어요!!연기 진짜 잘함,, 둘이케미쩔  "
20180104,5,하나만 물어볼께 신파야 아니야??  
20180104,10,어제 시사회 보고 왔는데요...와 진짜 너무 재밌고 감동적이고 ㅠㅠ 진짜 무조건 보세요 ㅠㅠ 어제 박정민님 피아노치시고 병헌님 노래 불러주시고 정말 꿈인줄 ㅠㅠ 엄마고마워 ㅠㅠ  
20180104,10,개인의 취향이 있어서 방해가 될까봐 이런글 한번도 안썼는데...어제 시사회보고 왔는데 아직도 감동적.이병헌 박정민 정말 대단한 배우들이네요.전 완전 만족.웃음.감동.모든게 억지스럽지 않고 유치하지 안아요.꼭보시면 좋겠네요.실망하지 않을거예요!!  
20180104,10,이병헌과 박정민인데 윤여정선생님까지 연기력은 두말할 필요가 없겠다  
20180104,10,진짜 음악에 사랑이 녹아들어 영혼에 감동이 울려퍼진다. 이병헌 배우님 말씀대로 영화가 뭐든지 다 적정선이 잘지켜져있다.과하게 무겁지도 과하게 가볍지도 과하게 슬프지도않게잘 버무려져있는 영화. 화려하진않지만 잔잔하게 그리고 재밋게 보기 좋다.  
20180104,10,연기는 말할것도 없고 따뜻하고 아름다운영화였다.  재미와 감동이 잘어우러진다.ㅎㅎ  
20180103,9,오늘 시사회가서 보고 옴. 암튼 웃기고 슬프고 볼만함  
20180103,10,"나도 병헌이가 좋아서 영화 꼭 챙겨보는데 댓글볼때마다진짜 좋아서그런건지, 아니면 알바들 푼건지 구별이 안되니다  "
20180103,10,친구랑 최초 시사회 왔는데 친구 울어요. 나도 눈물 나네요. 너무 너무 감동적이에요. 새해부터 재미와 감동 두마리 토끼 한꺼번에 잡았네요. 많은걸 느꼈어요~♥  
20180103,10,박정민 배우 진짜 많이 성장했네 이병헌이랑 영화찍고ㅋㅋ 이런류의 김치영화는 죄다 뻔한스토리 전형적인 김치 삼류영화들인데 이병헌이 택한거니까 뭔가는 다르겠ㅈ 해서 믿고보련다  
20180103,10,너무 웃기고 재밋어요 ㅋㅋㅋ 코믹+ 감동!!  
20180103,10,이런영화 있는지도 몰랐네.. 올~잼있겠는데...  
20180103,10,1987 묻어버리자~!!  
20180103,10,연기로는 까면 안되지 ㅎㅎ 보러갑니다 !!  
20180103,10,방금 시사회 보고 나왔는데 정말 감동적이네요~이병헌 윤여정님은 믿고보는 배우지만 박정민의 발견이네요~ 강추합니다~  
20180102,10,감동이 있는 영화일듯요  
20180102,10,출연진 단촐한거 보소 몰입감 죽이것다.  
20180101,10,예고편부터 웃겨요ㅋㅋㅋㅋ꼭 봐야겠다  
20180101,10,이병헌 연기 기대된다~~  
20171231,10,이병헌 나오면 무조건 본다..  
20171231,1,왜하필. 이병헌...  
20171229,10,왠지 중후반부에 갑자기 이병헌이 불치병에 걸려서 죽을꺼같다  
20171229,10,한국판 레인맨이될것인가  
20171229,1,광고 좀 작작넣어요 40번정도 본것 같은데 멈추질 않네요 10번정도는 음..볼까.이랬는데 너무 심하잖아요 지금은 더 이상 광고가 어디가 앞이고 끝인지 모르겠네요그만 광고 보고 싶네요  
20171229,10,이병헌표 능청스러운 코믹연기 해피투게더이후 처음인가?? 완전 기대된다  
20171228,10,기대기대기대기대기대~~  
20171228,1,내 장담하는데 도경수랑 조정석 나온 형이라는 영화랑 비슷한 느낌일거다 여기 알바 진짜 오지게 많네 대충 한국 감성 눈물쥐어짜주기 스킬 들어간 영화임 백퍼  
20171227,10,와...진짜 레알 몇 년만에 보고 싶은 영화 드뎌 생겼네요....  
20171227,10,예고편만 보고 반했습니다 진짜 재미있을것같아요 1월17일날 극장에서 꼭 챙겨보겠습니다 암튼 너무너무 기대괴네욯  
20171226,10,이병헌 영화는 믿고본다 정말 기대된다~~~~  
20171226,10,이병헌이 나오면 그냥 믿고 보는거다  
20171226,10,채널돌리다가영화예고잠깐봤는데너무 기대되네요~!!!개봉하면 바로보러가야겠네요^^  
20171226,10,이병헌이대사 욕하면 좋은영화더라  
20171225,7,제작비가 이병헌 게런티인건가?ㅋㅋ  
20171222,9,신과함께 보러갔다가 예고편만 봤는데 이미 재밌음ㅋㅋ  
20171221,10,ㅋㅋㅋ 아 이거 웃길듯 ㅋㅋ 이병헌 역시 ㅋㅋ 연기는 잘해  
20171220,10,메이즈러너와 동시 개봉인대. 둘다 봐야지.  
20171220,3,안봐도 예고편만 봐도 뻔함.. 청년경찰이나 해운대같은 인위적이고 억지스런 영화겠지  
20171220,5,캐릭터 빨로도 때울 수 없는 진부함.  
20171219,1,새해감성팔이 + JK필름 + 배우 티켓파워로 레인맨스토리 우려먹으려는티나는데 이거 기분탓인가?  
20171219,10,혹시 포스터 첨 봤을 때 김병만인 줄 안 거 나 뿐임? ㅋㅋㅋ  
20171219,10,예고편만 봐도 ㅈㄴ웃기네ㅋㅋㅋㅋ 무조건 봅니다 ㄹㅇ개재밌을듯  
20171219,10,진지한 목소리로 코미디 찍으니깐 더 웃기네 ㅋㅋㅋ대사로 욕하는것봐 ㅋㅋ  
20171218,10,잼있겠네...십자십자  
20171218,10,난 이병헌의 코믹물 너무 기대됨 ㅋㅋㅋ 맨날 한없이 쌘역할만 하더니  
20171218,10,이병헌 코미디라니 기대된다  
20171218,10,갓병헌 그는 대체...  
20171218,6,이병헌이... 맞나요?  
20171217,10,병헌이형 나온다 꼭봐야지 ㅋㅋㅋ  
20171216,10,보고싶다. 이병헌..  
20171216,10,아 개봉날빨리왔으면 좋겠다  
20171216,9,볼래요볼래요볼래요~  
20171216,10,예고편보고 기대되서 들어옴  
20171216,10,오랜만에 완전 재밌는 영화 될 듯~  
20171215,10,피아노 연주장면이 너무 기대됩니다!  
20171215,10,영화가 예고편 부터 너무 재미 있어요! 특히 박정민 배우님께서 연기를 너무잘 하신거 같아요!! 너무 기대도 되고 최고일 것 같아요:)  
20171215,10,예고편만 봐도 기대만발! 이병헌 박정민 최강 연기파 배우들 조으다  
20171215,10,상업영화 스타 이병헌과 독립영화 스타 박정민의 만남이라니  
20171215,10,믿고보는 이병헌.  과연 멋있는 캐릭터가 아닌데도 얼마나 잘 살릴지 벌써부터 기대된다  
20171214,10,ㅋㅋ 어케 이병헌씨 표정만 봐도 웃기냐 ㅋㅋㅋ  
20171214,10,이산타는 이런역이 잘 어울린다 중저음의 목소리가 대박이다  
20171214,10,이병헌 이름만으로 이영화본다  
20171214,10,잘나온것같아요. 역시 이병헌 ~~ 자연스럼이 물씬물씬 머리스타일도 맘에들어요. 2차 예고편도 기대됩니다.  
20171213,10,페북 보고 검색 해봤다 ... OO 10글자 머냐  
20171213,10,병헌이 형의 변신...서원아 잘해보자..빡세게  
20171213,10,이 캐스팅으로 재미없으면 감독 망신  
20171213,10,역시 이병헌은 연기로는 못깐다...다양한 장르에 맞게 연기를 너무잘한다  악역이면 악역.. 생활연기도 겁나 잘한다ㄷㄷ  
20171212,10,하지만 후횐 없어 찾아헤멘 모든 꿈 그것만이 내 세상  
20171212,10,예고편만 봐선 설정이 좀 진부한데... 어떻게 풀어낼지 궁금하네. 웃기긴 하다만..  
20171212,10,믿고보는 이병헌 새로운 연기스타일 기대해 봅니다~  
20171212,10,박정민ㅠㅠ앓다죽을 박정민ㅠㅠㅠ대슈스천만길만 걷자!!  
20171212,10,이병헌 진짜 다작한다 ㅋㅋㅋㅋ 유머가 좀 썰렁하긴 한데 두 배우다 호감이라서  십점ㅋㅋ  
20171212,10,박정민 배우님 연기 너무 기대됩니다!! 얼른 보고싶어요~~~ 뎡보싶!!ㅠㅠㅜㅜ한지민 배우님도 너무 좋아요ㅠㅜㅜㅜ 지민언니ㅠㅠ 사랑해요ㅠㅠㅜㅜ ‘그것만이 내 세상’ 대박나라!!!  
20171212,10,박정민 기대되요!!!  
20171212,10,박정민 배우  알만하신 분들은 다 아시죠.. 꼭봅시다 두법봅시다.  
20171212,10,배우 박정민 있으면 말 다했음!  
20171212,10,이병헌 이잖오~~~원래 이병헌의 연기 색깔은 코미디가 짙음^^/  
20171212,1,어떻게 기대가 하나도 안되는걸까....  
20171212,10,라인업 미쵸따리 미쵸따 ~! 예고편 지리고요 오지고요  꿀잼각 핵잼각 대유잼각이고요  인정?어 인정~ 고등?어조림~ 동휘?어보검~  
20171212,10,믿고 보느 배우분들! 믿고 기다립니다  
20171212,10,이병헌 박정민  믿고볼만하다진짜재미있을거같아서 꼭 봐야겠넹~  
20171212,10,우와 캐스팅 오짐 재밌겠다  
20171212,10,조합좋고 연기좋다! 예고편 보는데 빵터짐 ㅋㅋ  
20171212,10,이병헌 갓병헌 연기신 믿고 무조건 본다  
20171211,10,개 웃기다  뿜었다 ㅋㅋㅋㅋ  
20171211,9,오랜만에~ 이병헌 다운 캐릭터를 맏는구나!? ㅎ 윤여정 할머니는 왜 나옴?;;  
20171211,9,이병헌 이란 이유로 꼭 봐야할 영화!!  
20171211,10,여러 감성을! 느끼게 해주는! 배우 이병헌! 믿고 보겠습니다  
20171211,10,꼭 본다..이병헌의 연기 스펙트럼..기대됨..  
20171203,10,가장 기대되는 한국 영화 1순위. 이병헌이 복서라니.. 복서라니....!!! 무조건 봄 ㅇㅇ  
20171126,10,이병헌 나오는 건 항상 믿고 본다 ㄹㅇ  
20171114,10,연기자 조합봐라 소오오오름 완젼 기대  
20171112,10,믿고보는 이병헌꼭 봐야지  
20171104,5,이병헌은 악마같은 잔인한 캐릭터가 어울림.. 차가운 캐릭터가 개간지남  
20171031,10,12월 개봉이라네요 휴먼가족드라마 기대됩니다  
20171027,1,윤제균표 억지코미디 후반부 감성팔이 +cj 답나오네  
20171027,9,기대하고 있어요.병헌배우님 나오는 영화 믿고봅니다.  
20171022,1,응 안 봐요 한지민은 왜 산타랑 영화를 찍지로맥틱 성공적~ 응 아니야  
20171019,10,들국화 그것만이 내세상  
20171016,10,이영화는진짜 안볼수없는 영화~명품배우분들의연기 기대합니다~  
20171014,10,박정민 배우님이 나온다는 것 하나만으로도 기대가 되는 작품입니다.  
20171012,10,믿고보는 이병헌~ 너무 기대되요  
20171010,10,박정민 배우가 나온다니 기대할게요!!♥  
20171006,10,하~지만 후회 없어 울며 웃던 모든 꿈 그것 만이 내 세상  
20171005,10,"박정민 배우의 상업영화 기준 두번째 주연작인데, 워낙 믿보배라 개봉날 바로 보러갑니다!! 박정민 배우의 투박하고 센스있는 연기력이 어떻게 빛을 발할지 벌써 두근두근합니다~!  "
20171003,10,한지민너무너무노아용 ㅠ  
20171003,7,ㅋ 졸리지만 않으면 됨 ㅋㅋ  
20170902,5,이 제목은 재수가 옴 붙었다.이제목 그대로 개봉하면 백퍼망한다.  
20170831,10,이병헌이면 무조건봐이제  
20170829,10,갓병헌이자나 무조건 10점  
20170824,10,검증되신분들이야 말할것도없이 좋지요전 조관우님이 조선명탐정에서 보여준 연기보고 계속 기다렸는데 기대됩니다!  
20170805,10,하지만 후횐 없지~~  울며웃던 모든꿈~  
20170728,10,배우 이병헌은 우리나라에서 top3 안에 든다고 본다  
20170725,10,배우 황석정님이 조연으로 나오신다니 정말 기대되는 좋은 영화입니다. 신스틸러 황석정님이 나오는 영화는 독립영화라도 정말 핵 꿀잼이란 것을 알게 됐어요 어떤 배우보다 연기가 탁월 하신 황석정님을 응원하며 영화에 관심을 가집니다.  
20170720,1,이병헌이라니감독이 미친거지영화 폭망하세요  
20170707,10,이병헌의 연기는 진짜 잘해요!연기의신!  
20170705,10,박정민..조관우....그리고 이병헌.그런데 역린 각본쓴 감독이라..걱정됨.  
20170701,10,캐스팅 미쳤다 꼭 봐야지  
20170625,10,"느낌왔는데, 감동의느낌  "
20170624,10,이병헌연기는...굿  
20170622,10,전인권:그것만이 내 세 상!!!!  
20170619,7,감독이 역린 시나리오 쓴 사람이네. 과연 연출에 재능이 있을지...  
20170619,1,동네에서 촬영하는데 어떻게 초등학생에게 꺼지라고 할 수가  
20170618,10," 줄거리가 내 인생에서 웃음을 찾아줬던 2004년을 떠올리게한다. 제작자,감독(신인이던데 용기가 대단.)들 아주~ 칭찬합니다. 그내세...2017년에 다시 태어날 ""클레멘타인""을 기대합니다!!!  "
20170609,10,박정민배우님 앞으로도 계속 작품에서 보고싶어요!!화이팅!!  
20170607,10,믿고보는 이병헌 영화 기대됩니다  
20170607,10,최고의 피아니스트 가율역이라니 정말 기대.. 지민배우 화이팅~?  
20170605,10,6월 중순에 크랭크인 한다고 들었어요 김성령씨가 본인 인스타그램에 이병헌씨 한지민씨 윤여정씨 박정민씨등과 사진 찍은것도 올려서 기사도 나왔죠 연기 잘하는 분들이 모였으니 연출만 잘해주시면 될듯합니다 대박나세요  
20170518,10,언제개봉하나요?? 기대됩니다.  
20170315,10,이병헌 한지민 박정민 윤여정 좋다  
20170228,10,작품마다 각기 다른 감동을 주는 이병헌 또 어떤 모습으로 ... 기대만땅~**  
20170222,10,이병헌 박정민 윤여정 한지민이라니....ㄹㅇ믿고 두 번 봅니다  
20170205,10,배우 이병헌의 또 다른 변신을 기대합니다^^  
20170203,10,박정민 배우의 연기가 기대되네요!!  
20170201,10,이병헌 팬이지만 이병헌 나오는 영화 개봉하면 극장가서 본다  
20170201,10,박정민 배우님 응원합니다ㅠㅠㅠ팬이에요!!♡♡♡>>  
20170201,1,알바는 저리가거라 알바는 저리가거라 알바는 저리가거라  
20170201,10,와 이거 죽이네..ㄷㄷㄷ  
20170201,10,<박정민>배우님이 출연확정이라니 정말 기대됩니다!!!  
