0,1,2
20170120,10,5세 8세 남매들 너무 재미있게 잘 보았습니다.옥토넛시리즈 몇편은 이어보기한듯 !!영화보기전 콰지랑 바나클대장이랑 사진도 찍고 좋은 추억 만들었어용 !!  
20170120,10,넘 재미있게 봤어요.개봉하면 또 보러  올께요.  
20170110,10,우리딸내미 데리고 극장 가야겠네요. 늪지탐험선도 너무 좋아했는데 이번에는 또 얼마나 좋아할지 궁금하네요 ㅎㅎ  
20161226,10,저번에도 기대많이 했는대요이번에는 아예 원작인 영어판으로도 못본건대요 ~^^이번포스터 보니 더욱 더더더더 기대되요~^^ 빨리 개봉했으면 좋갰어요 ~^^  
