0,1,2
20170704,5,반의재미라 반점줍니다.뻔한 소재 뻔한 시나리오 그나마 연기는 봐줄만하네요여자혼자 여행다니면 안된다는걸 ... 모두 기억해요  
20170703,6,테레사팔머의 슴가가 없었다면 점수는 더 처참했을 것이다  
20170703,1,노잼...열글자땡ㄴ  
20170703,4,소스가 참 좋은데 왜 이렇게 풀었을까  한마디로 비추합니다 보지마세요  
20170703,7,초반에 살짝 지루한것 빼면..볼만함..장면 하나 하나 에 의미가 있는것 같은데. 누가 해석좀...해주면 좋겠음.  
20170701,4,열심히 만들긴 했으나 스토리와개연성 다소 부족 예술적으로 감금당한 여자와 감금해둔 남자의 모습이 많이 뒤엉켰다 한마디로 FUCK OFF 이딴짓할시간에 부모님의말씀 한글자라도 공부해라라는 말이 더어울린다  
20170629,6,상당히 진부...기대를 하나도 안하고 보면 볼만할 수도  
20170629,1,별점 주기도 아깝고 시간 아까운 영화기분 나쁘고 늘어지고 반전도 없고보는 내내 속 터지는 영화보지 마세요  
20170629,10, 기존 스릴러영화 생각하고 보면 안될듯~ 주인공들 심리에 집중하면 꽤 재미있네요! 팔머 눈빛이.. 소름! 스톡홀름 신드롬?을 섬세하게 보여준 듯 합니다. 근데 여행은 혼자 못가겠네요ㅠㅠ  
20170629,7,영화 내내 팔머의 매력적인 외모가 돋보입니다. 결말은 허술하고 통쾌함이 없어서 아쉽네요  
20170629,6,Berlin Syndrome  
20170629,3,그냥그럭저럭 ...시사회 초대장이있어서 봤는데.. 처음 가본 시사회라 스릴러있고 청불영화라 뭔가 기대한 잘못인가 아님 독일영화여서 그런건지... 이건 영아닌거같음.. 스토리도스토린데.. 지루하고..하암..  
20170628,9,잔잔하면서도  긴장을 놓칠수없게 진행되다가  막판에 최고조를 이룹니다  요즘 영화중에 볼것을  고른다면 이것을 고를것같아요  추천!  
20170628,10,무서워요 여행 조심해야겠어요  
20170628,5,사이코 주인공...ㅠ 스릴러적인 요소가 더 있었으먼 좋았을듯  
20170628,9,여주인공의 연기가 인상적이었고 긴장감 조성하는 연출이 뛰어났습니다. 몰입해서 봤어요  
20170628,10,고요속의 외침과 스릴 탈출  
20170628,10,심장이 쫄깃해졋어요 ㅠㅠ 무서유ㅓㅆ어요  
20170628,10,묘하게 깊숙히 빠져든다!  
20170628,10,매우처잋인멌고 스릴있엏어요  
20170628,8,꼭 볼만한 영화~!! 긴박감 쩔어요!!>.<  
20170628,9,소~~~~름여자 연기 대박 잘함여행 혼자 다니면 안됨  
20170628,8,결말이 시원하진 않지만 영화내내 긴장감과 스릴감 넘쳐서 무서웠다  
20170628,8,무서웠지만 재밌었어요  
20170628,7,베를린이 나쁜 기억으로 남을지 모르겠군요  
20170628,8,"매력적,묘한,신드롱,빠져든다  "
20170628,5,보느 내내 마음 졸였습니다  
20170628,8,무서웠다....소름  
20170628,9,신선한충격 기대이상 영화  
20170628,8,정치적인 내용을 알면 볼만한영화~  
20170628,9,여주가 이쁘네요 나름잼  
20170628,8,그냥....ㅎ...공짜르보세요  
20170628,10,연기 잘 봤그요 영화내내 쫄깃했어요  
20170628,9,오늘보고왔는데 재밌네요  
20170628,10,무서웠어용 ㅠㅠㅠ 꼭 보세용  
20170628,8,기대이상이에요 재밋어요  
20170628,9,긴장감있엇다 그래서 안졸았당  
20170628,10,생각보다 스릴넘치고 잼네요!  
20170628,10,진짜 있을것 같아 소름돋는 내용에 긴장감 넘치는 연출과 배경음악이 인상적이었다. 여주 이쁘다.  
20170628,10,멀이 안나오는 용화 끝까지 긴장감을 놓칠 수 없네요..  
20170628,5,스토리가 뭔지... 뭘 이야기 하고 싶은지 모르겠네 ㅠㅜ 그나마 테레사팔머만 보인다 ^^  
20170628,8,무서웠어요  결말 잘 모르겠어요  
20170628,8,소름끼치는영화...  
20170628,8,특이한 영화엿어요  한번 보세요  
20170628,6,고구마 여주인공 근데 풍경이 좋아서 여행가고 싶어졌다  
20170628,5,그럭저럭.. 개인적으로 지루함  
20170628,5,무서웠다 결론 처음보는남자따라가지말자  
20170628,9,소름돋고 재밌었어요^^&  
20170628,10,스릴 대박! 긴장감 100%! 쩐다 쩔어!  
20170628,9,보는내내 긴장감에 공포 아찔하네요  
20170628,8,기본은 하는 스릴러 작품  
20170628,7,긴장간 있고 넘 집중해서 봤어요. 재밌어요  
20170628,10,시사회로 봣는데 넘 재밋어용  
20170628,8,그럭저럭..!! 볼만하네요  
20170628,8,룸의 베를린 버젼이랄까? 가해자 피해자 관점에서 잘 만든 스릴러인듯하다  
20170628,1,와 진짜 별로.... ㅠㅠㅠㅠ  
20170628,10,잔잔하면서 무섭네여 잘봤습니다  
20170628,7,영상미는 좋지만 스토리가 아쉬움  
20170628,7,무섭지만 재밌네요 항상 남자 조심  
20170628,10,역시 믿고보는 팔머누님 아니겠는가? 넘치는 스릴로 시원한 여름밤!  
20170628,8,긴장감 최고. 최고네요 강추  
20170628,8,로맨스와 스릴러의 강렬한 조합  
20170628,7,생각보다 그저 그랬어요  
20170628,7,볼만해요한번보세용꼭  
20170628,8,재미있게 봤습니다 스릴있어요  
20170628,7,무서워요. 생각치 못한 결말이네요  
20170628,7,잘 보고갑니다  
20170628,8,한남자의 광기어린 집착이 자멸이 되네요  
20170628,8,스릴 만점 영화 였어요 ㅎㅎ  
20170628,10,최근본영화중 제일집중해서 본영화 ㅎㅎ  
20170628,8,오스트레일리아산 스릴러참신하다!  
20170628,5,이런영화조금은아닌듯~^^  
20170628,7,포스터의포스값은합니다.여행지에서의작정한로망이여...ㅜ.ㅠ  
20170628,9,간만에 숨죽이고 본 영화  
20170628,8,가두고 가두고 가두다 보면  
20170628,10,스릴 넘치는 영화네요. 테레사 팔머 매력 뿜뿜!  
20170628,10,베를린 신드롬 시사회 왔어요  
20170628,10,테레사 팔머의 긴장감 넘치는 스릴러 무척 기대됩니다^^  
20170628,9,"그렇게불만이면 니들이 영화만드세요.영화만드는사람들은얼마나힘들겠냐,생각좀하고댓글쓰던지.대가리는왜 들고다니는지.참.웃기다.ㅋ 개봉시기아직인데 쯧쯧  "
20170627,10,꼭 보고 싶은 영화인듯~~  
20170627,1,영화를 발로 만든듯 완전 재미없음  
20170627,2,또 갇혀? 팔머 좀 그만 가둬라  
20170627,1,평점 조정이 필요하다.팔머 젖 핑두말고 볼게없음  
20170626,1,뭔말이 하고  싶은거야 ... 이감독은.. 그냥 테라사 노출로 시간때우기  
20170625,1,이딴 줄거리에 내용 전개면 그냥 단편영화 10분짜리로도 가능했을것을 110분이나되게 민드냐. 감독머가리수준하고는..  
20170623,10,웜바디스의 테레사 팔머. 기대되요.  
20170623,6,"이런소재, 심지어 실화를 바탕으로 까지 한 엇비슷한 영화들이 참 많다. 그들에 비해 다소 아쉽다.  "
20170623,5,테레사때문에 5점줌. 마지막 뭐냐 그냥 경찰서 직행하면 되지 뭐하러 한명은 싱크대안에 숨고 한명은 구석에 짱박혀있냐  
20170622,7,결말도 부족하고 도망칠려면 얼마든 도망칠수 있었을듯  
20170622,6,"실제로 일어날 법도 할만한 사건인데, 스토리가 긴장감이 없다. 충분히 무서운 소재인데 익숙해지는 건 금방이고 관객의 긴장감과 공포를 유발해야 할 소재임에도 불구하고 너무 늘어진다. 뻔하디뻔한 이야기라 극장용은 아님을 미리 알린다.  "
20170621,6,여타 다른 감금 영화와 비슷한 맥락.. 큰 기대 없이 보면 볼만  
20170621,6,소재는 신선한데 ... 진짜 집에 혼자있을동안 왜저리 가만히있는지.. ㅠㅜ 마지막 허무하고 복수도 제대로 안한거같은느낌 휴  
20170621,7,스릴은 있는데 마지막 결말이 아쉽네요.. 여주인공만 이뻤어요  
20170620,9,방금 보고 평점 올립니다 평점 1점 올리신 분도 이해가 됩니다  
20170619,10,"만약에 그 앨범을 보지 못했더라면, 여주는 도망치지 않았을지도..  "
20170619,10,요즘 딱보고싶은 스타일 영화 예고편 흥미진진  
20170619,10,보고싶어요~~~^^  
20170619,10,보고 싶어요 기대됩니다  
20170619,10,스리럴영화 완전 원츄하는데  예고편보니 너무 보고싶네요!!! 딱 예매각!!  
20170619,10,무더운 여름 식혀줄 영화.  기대됩니다~  
20170619,7,인간의 본 모습을 있는 그대로 까발리는(?) 적나라하게 드러내는(?) 그런 표현력은 잘 와닿았던 영화.. 그치만 빈틈이 너무 많다... 그 긴시간 동안 탈출 시도가 고작 창문깨기랑 손찌르기라니... 나였으면 문에다가 불질럿다...  
20170618,1,"재미도 없고, 반전도 없고, 스토리도 없다. 시간이 아깝다. 2017년에도 이런 영화가 나온다는데 신기하다.  "
20170617,1,여자 겁나 답답하네 그깟거 탈출 못하냐 남자 학교 가 있을때 탈출하면 되잖아 굳이 걸리려고 발악하냐  
20170617,10,예고편이 흥미진진~~개봉하면 꼭 볼래요^^  
20170617,10,완전 좋아하는 스타일~~기대돼요<^^*  
20170617,10,테레사 팔머 완전 기대됩니다~~  
20170617,10,벌써 흥미~~ 넘 보고 싶네요  
20170616,1,평점낚이지 마세요.반전도없고 재미없습니다.  
20170616,10,정말 기대되는 영화심장을 조여오는 스릴러러 한여름에 보기 딱 일듯  
20170614,4,이걸  영화라고  만든게  진실임?에휴  
20170614,4,스릴러의 기본은 하는데 후반에 성의없는 각본은 3류로 분류하게 만드는..  
20170613,10,재미있게 다 기대된다 ㅋㄴ  
20170613,1,정말시간낭비.반전도없고 스릴러도아니고 정말비추!!!  
20170613,10,분위기부터 긴장하기 충분했다  
20170612,1,1점도 아까운 영화다... 시간이 상당히 아까운 정도다...  
20170612,10,소재 특성상 호불호가 갈릴 듯 하나 저는 기대하고있습니다^^  
20170612,10,초반부터 흥미로움에 눈을 떼지 못할 것  
20170611,10,와 테레사 팔머...드디어나왔네!!  
20170611,5,스릴러 장르로 보기엔 많이 약한스토리  
20170611,1,?장르 불문하고 영화감상을 정말 좋아하는 나.영화가 주는 메세지를 이해하려고 노력했지만.35년 인생에서 제일 어려운 영화였다...와이프한테 욕 바가지로 먹음  
20170611,10,재밌는 영화다!!! 끝판 왕 무서운  것  !! 바로 추천한다!! 꼭 혼자 보지 말거라!!!  
20170610,10,"엄청난 반전의 영화!!!!지루한 초, 중반을 넘어서 마지막 결말로 치닫는 부분에서 엄청난 반전이 있을것으로 기대했지만 아무런 반전이 없는... 내 기대를 철저히 무너트린 반전의 영화!반전을 기대하고 보면 기대가 반전되는 엄청난 영화~  "
20170610,1,암걸려서 죽는줄.. 시간이 아깝다  
20170610,1,잘 봤습니다.. ㅎㅎㅎㅎ  
20170610,10,여름은 스릴러지 진짜 보고 싶었던 영화ㅋㅋㅋㅋ굳굳  
20170609,5,감금 전문 배우 ㅎ 10자압박  
20170609,6,30분이후 간만에 10초씩 앞으로 돌려봤습니다.  
20170609,3,기대. 스릴ㆍ지루ㆍ또 기대ㆍ지루ㆍ지루스릴ㆍ허무  
20170608,10,어떤 스타일의 영화일지 기대되요!! ㅎㅎ  
20170608,9,제목부터 예사롭지 않은데요?ㅎ  
20170608,10,고립에 의한 완벽한 긴장감을 느낄 수 있을겁니다.  
20170608,10,독특한 설정의 스릴러 영화  
20170608,10,개봉 시점 딱좋은데? 초더위를 공포영화로 ㅋㅋ  
20170608,7,스페인영화 히든페이스랑 비슷한데 결말도 예측 가능하고 쓸데없이 군더더기가 많아서 지루하기만 함  
20170607,1,기대된다고 누가 자꾸 평점 10점으로 띄우고있는데... 돈주고봤으면 스릴하나 없이 팝콘 껴안고 잠들 영화...  
20170607,10,오 이영화 드디어 국내 개봉인가요?! 극장에서 보고 싶어서 아껴뒀는데ㅠㅠ 감동!! 개봉하면 당장 극장 달려갑니다 ㅋ  
20170607,5,적잖이 지루한 싸이코 상황극  
20170607,1,심하게노잼.. 이게 먼 스릴러여..  
20170607,9,여친이랑 극장가서 봐야겟군 ㅎㅎ  
20170607,10,재밌을 것 같다. 소재도 흥미롭네 ㅋ  
20170607,10,긴장감 넘치는 스릴러 일듯! 기대기대~  
20170607,10,테팔이 영화는 다 봤는데 이 영화 첨 남주만났을때 늑대가면 쓰고 헤벌레할때 알아봤다 남자는 늑대인줄 알고 떠났어야지 왜 책방에서 또 들이댄겨 ㅠ 아고 테팔이 고생했다 ㅠ 이 영화 주제는 희망을 가지자 !!  
20170607,1,대체 어느부분에서 스릴있는지 하나도 모르겠다 부탁하건데 절대 돈주고볼영화아니니 참고하길 야한장면만 계속나오고  
20170607,1,선의의 피해자를 만들지 않기 위해 이 영화의 평점은 좀 내려갈 필요가 있다  
20170607,6,테레사 팔머가 이런 분위기의 영화에 잘 맞는 마스크네. 앞으로 이런 영화 캐스팅 제의가 많이 들어올듯  
20170606,6,결말도 이상하고 생각했던 거보다 평범하고 반전은 없는 영화  
20170606,8,주인공 남여의 심리 변화에 주목하면서 보시길  
20170606,10,아직 개봉도안했는데.. ㅋ 재밌을것 같아요 ㅋ  
20170606,1,1점도 아까운 쓰레기영화지루하고 뭘 말하고싶은건지도 모르겠고 스릴러인데 긴장감 전혀 없고  
20170606,2,스톡홀름 신드롬이 부러웠나? 굳이 신드롬 붙일거까진 아닌데...  
20170606,1,아진짜.짜증나게노잼  
20170606,1,여주 남주 감정선이 아주 중구난방이라 보다가 정신 미칠거같음 물론 드럽게 재미도 없음  
20170606,10,공포영화는 극장에서 봐야 제맛. 테레사 팔머 연기도 기대되고~~  
20170605,10,뭔가 뻔한 공포영화들과는 다를 것 같아서 기대되요  
20170605,6,"이 영화는 그냥 스릴러가 아니에요.. 영상미도 있고 철학적인 내용도 담아내려 한 영화..  반전과 긴장감을 원하는 분들은 그냥 안보시는게,,,  "
20170605,3,여자가 한 집에 감금되는 이야기를 그린 스릴러. 시놉 자체도 뻔한데 스토리 전개는 정말 답답해서 죽을 지경으로 그려진다. 아직도 이런 억지 스토리가 먹힐거라고 생각하는건가? 등장인물이 아무리 뇌가 없어도 이정도로 답답한 전개는 진짜 간만에 본 영화..  
20170605,10,설정이 취저! 쫄깃함이 예고편에 고스란히 녹아나옴  
20170605,9,겁나 무서울것 같다ㅎㅎ  
20170605,10,스토리도 흥미진진해보이고 테레사팔머 캐스팅도 맘에 드네요^^  
20170605,10,심장 쫄깃해지는 영화! 테레사 팔머의 물오른 연기도 기대됨  
20170605,10,뭔가 있어 보인다...  
20170605,10,이런 영화 오래간만에 보고 싶어요. 역시 여름에는 스릴러지!  
20170605,10,예고편이 눈을 뗄 수 없게 만드네... 겟아웃 이후 긴장터지는 영화 또 나오나  
20170605,10,여름에 이런 긴장감 넘치는 스릴러 봐줘야지 스토리 좋고 테레사 팔머면 더 바랄게 없음  
20170605,10,기대된다ㅠㅠㅠ올 여름 가장 기대되는 공포영화♥  
20170605,10,"마냥무섭기만한 스릴러 영화가 아니라 다양한 의미가 들어있는 영화였다. 베를린를 배경으로 한 것도 흥미로웠고 인간의 욕망, 죽음, 자유, 사랑 등의 감정을 표현한 부분도 좋았다.  "
20170605,10,여름엔 스릴러지.. 분위기 지린다..ㄷㄷ  
20170605,1,테레사팔머 때문에 봤는데 시간만 낭비했음 킬링타임용도 안되는 OOO기같은 영화임 진심 욕나온다.  
20170605,10,시도 떄도없이 벌렁 벌렁 거리며 방황하는 여자들에게 경종을 울리는 역작  
20170605,10,여주 몸대 역시 좋네요  볼만해요  
20170605,10,예고편이 로맨스인줄 -> 스릴러무서운거 싫은데 끌리네요!  
20170605,10,기대하고 있는 작품이다  
20170605,10,긴장감이 느껴져 개인적으로 매우 좋았던 영화!  
20170605,10,여름엔 스릴러지-_-b  
20170605,10,여름에는 공포 아니면 스릴러가 제격인듯  
20170605,10,"베를린이 배경이라 흥미있고,  케이트 쇼트랜드 감독 신작이라 더 기대됨  "
20170605,6,세상은 넓고 나쁜놈들은 정말 많다  
20170604,3,많이 본 듯한 장면의 다운그레이드 버전  
20170604,8,테레사 팔머 몸매 지린다  
20170604,3,예고편과 여배우 몸매가 전부  
20170604,7,와..누구신지 예고편은 정말 잘만든듯  
20170604,10,이런 장르 별로 안 좋아하는데. 테레사 팔머 얼마전 알게 되서 관심있어서 봤당.. 예상보다 긴장감 있고 좋았는뎅 근데.. 온통 다 안 좋은 평들 뿐이네 아직 개봉전인데 마치 개봉 한 영화인듯 ㅋㅋㅋ  
20170604,4,너무 질질 끌다 끝이 허무.  
20170604,6,여배우 섹시함6점 스토리4점 결말3점  
20170604,1,몸만 바라 그거말고는 볼거 없다  
20170604,3,뒤죽박죽 갈팡질팡 밍기적밍기적.  
20170604,7,구성이나 전개면에서 다소 어색한면도 있지만 테레사팔머 팬이라면 한번쯤은 볼만한 영화인듯해요. 몰입감도 군데군데 있긴하구요 ㅎ  
20170604,3,기대하시고 보시면 큰일 나는 영화  
20170604,1,만들다 만 반쪽짜리  스릴러.  
20170603,4,흥행에 실패할 홈 스릴러가 또 한편 탄생하였다. 긴장감이 전혀 없다.심장을 조이는 맛은 당연히 없고 그도 아니면 핏빛 정육점의 고어적 요소도 없다. 러브스토리로착각할 정도로 잔잔하고 사랑이 넘친다. 스릴러라고 하기에는 다소 무리가 있어보인다.  
20170603,1,처음에 베드신에 흥분 중간에 지루함에 격분 결말에 허무함에 분노  
20170603,5,제아무리 테레사 팔머가 불쌍한 연기로 발악을 해도 스톡홀름 신드롬을 따라가기엔 역부족  
20170603,2,와.. 이런소재 가지고 이따구로 스릴감 하나도 없게 만들다니 대단하다 ㅎㅎ 스토리상 억지도 굉장히많고.. 싸이코가 저렇게 오래 집을 비우는데 어떻게 대책이란게 처음 칼찌는거 빼고 하나도 없냐.. 지루의 향연  
20170603,6,깨어있으면 이루어진다.  
20170603,1,아..시간아깝다. ㄹㅇ노잼  
20170602,1,영화보는 내내 지루하고 또 지루해서 반전없으면 진짜 짜증날거같아했는데 있는 그대로 짜증나네ㅋㅋㅋ  
20170602,1,쓰레기 결말 뭐임 사이코패스를 다룬 영화라서 영화마저 싸이코스럽게 재미없음  
20170602,5,"이거 스릴러 아니고, 페미 영환데. 아이엠 넘버4에 나왔던 테레사 팔머~ 상당히 예쁘고 섹시하고, 매력적인 여배우인데. 헐리우드에서 은근히 안뜸;;  "
20170602,6,벌써 p2p에떳다 볼사람 벌써 다 봣음 6점정도  
20170602,1,영화는 그닥인데 여배우 몸매를 정말 끝내준다  
20170601,10,너무 보고싶어요~! 역시 여름엔 스릴러죠!!ㅋㅋ  
20170601,10,죤득죤득한 인간 감정선에 착 달라붙는 영화군  
20170531,10,한여름에 스릴러라니!! 너무너무 기대돼요!! 빨리 국내에서 개봉됐으면 좋겠네용ㅎㅎ  
20170531,9,오~~기대됩니다~~~>.<b  
20170531,9,헐랭... 완전 내스타일이양 ㅠㅠ 본편보고 10점만점 고고생해야지!! 완전 기대됩니다 덜덜덜  
20170530,10,테레사팔머 너무 이뻐요!!! 스릴러라니... 궁금해요!!  
20170530,10,설정이 흥미진진하다. 스릴러 영화의 최적화 !  
20170530,10,오 이거 내 취향!!! 봐야겠다  
20170529,10,핵소고지 보고 테레사 팔머 너무 예뻐서 반했는데... 새로운 영화 어떨지 궁금하네요!  
20170529,10,이야기가 어떻게 전개될지..너무 궁금하네요..보고싶어요  
20170529,10,억압된 무엇으로부터의 탈출이라는 이야기와 배우가 표현해주는 긴박감 등 예고편만 봐도 재미가 느껴지네요  
20170529,10,스릴영화 개조아하는데 꼭 볼꺼야  ㅋㅋㅋ  
20170529,10,스릴러 장르를 좋아해서인지 예고편보고 나니 엄청 기대되네요~이른더위를 날려줄꺼라 기대해봅니다~~^^  
20170529,10,테레사 팔머는 이런 무거운 영화에서 매력이 더 빛을 발하는듯 ! 어떤 영화일지 궁금함ㅋㅋㅋㅋ  
20170528,10,밀실?폐쇄공포 스릴러에 웜바디스에서 너무 매력적이였던 여주까지 나온다니 기대됩니다 ㅎㄷㄷ  
20170528,6,"지루할 수 있지만 나름 긴장감있는 흐름은 괜찮다. 끝부분에서 문을 어떻게 열고 키를 손에 넣었는지, 학생이 사진만 보고 아파트까지 전력으로 갔는지도 이해가...그냥 변태라고 생각할 수도 있는건데, 경찰에 신고하지 않고 왜 위험을 감수했을까?  "
20170422,9,예고편보고왔는데 넘나기대됨...개인적으로 이런 스릴러스타일을 좋아하는지라..결말이 어떻게 될지넘궁금한1인..테레사팔머는 여전히 짱이쁨!!!♡  
