0,1,2
20170207,10,진심 졸잼일듯 친구랑 2월11일날 보라가기로 했는데 진심 기대된다 코난은 만화도 그렇지만 극장판도 존잼  
20170207,10,너무나도 재미있는 시간이었어요항상 기대되는 코난을 언제나 기다릴게요~~  
20170207,6,영화보면서 본격적인 시작은 언제이려나...기대하며 기다리고 있었는데.. 영화관 불이 켜지고 엔딩을 하더라고요ㅎㅋㅋ(정말 예고편 그대로의 내용입니다ㅎ)난 정말 코난에 대해 1도 모른다 라는 분만 보시는거 추천합니다.^^^^  
20170207,1,영화개봉은 너무 비양심적입니다돈 아까워요시사회라고 완전 낚였네요  
20170207,10,재밌음최곻ㅎㅏ파하카하아파하  
20170207,10,최고! 지금까지 극장판중 제일 귀중했어요  
20170207,8,짱짱짱!! 시간여행한 기분~~~  
20170207,10,진짜 재미있었고  계속 눈을띨수가 없엇을 정도로 스릴만점 ^^강추 여러분 무조건 보세요  
20170207,10,코난이니까자막이라 더좋구ㅎㅎ  
20170207,10,코난 1화를 극장에서 볼 수 있다니 넘 설레고 즐거웠어요  
20170207,10,코난 처음보는데 정말 재밌게 봤어요 떡밥 회수도 잘하고 애니메이션이라고 살짝 기대 안했는데 시간 가는줄 모르고 봤던 것 같아요!!! 나중에 다른거 나와도 꼭 볼게요><  
20170207,10,너무재밌어요~~또보고싶어요!  
20170207,10,역시 코난은 실망시키지 않네요!!  
20170207,10,아악 오늘 용산서 시사 봤는데 엔딩에 2017년 여름에 개봉한다는 멘트 뜨네요!   뭐 개봉하려는지   ?두둥 ?  
20170207,10,재밌게 잘 봤어요~~!  
20170207,8,정말 재밌었어요 내일개봉하면 또보러와야겠네요ㅎ  
20170207,10,정말 핵꿀짐입니다강추드려요  
20170207,10,코난 정말 재미있어요!!  
20170207,9,오랜만에 신이치도 볼수있고 ! 일본성우분들 목소리도 잘 들을수있었어요 !  이번 여름에 오는 명탐정코난 극장판도 기대할게요 ! ^^  
20170207,8,"추리쇼 보다, 검은조직 관련 스토리 좋아하시는 분들이 보시기에 함축적으로 잘 만들어졌으며, 본편에서 안나온부분들이 더 디테일하게 나와서 볼만했고, 다음 에피소드2 때 진정 검은조직 스토리가 나올꺼같아 기대중입니다!  "
20170207,10,너무 재미있었고 신이치 잘생기고 설렜던 영화인것같습니당 다음에 또 보고 싶네영!!  
20170207,8,나는요 코난이 좋은걸~~~어떡해  
20170207,10,시사회로 봤는데 정말재미있네요 다시 보러 오고싶네요.강추!!!  
20170207,10,인샛 최대 애니!!!?강추합니다~!!!  
20170207,9,퀄리티의 진화가 확연히 눈에 보여서 좋았습니다 90분은 많은 내용을 담기엔 짧아서 약간 아쉬웠내요  
20170207,10,기대했던것만큼은 아니였지만 재밌었어요 ㅎㅎ  
20170207,10,워낙 코난을 좋아해서 이번에도 기대하고봤는데 너무 재밌었어요!!!n차뛰러갑니다~!~!!  
20170207,10,시사회갔다왔어요 너무재밌고귀여워여ㅠ  
20170207,10,좋아요 재미있어요~|  
20170207,10,재밌어요~~~!!!  
20170207,10,어렸을때 일이라 기억이 잘 안았는데 이걸보니 다시 나는것 같아요 1기를 못보신 분들은 정말 좋아할것 같습니다.  
20170207,10,최고였어요. 코난 포레버!  
20170207,10,재미있어요!!!!..  
20170207,10,너무 재밌네요 시간이 빨리 가더라구요 ^^..  
20170207,10,코난 1화 리메이크 정말 재미있게 잘 봤습니다!!  
20170207,10,역시 명탐정 코난!! 명불허전이네요~~  
20170207,9,코난영화가생각보다 새롭다는 생이들지는않앟지만재미있었다.  
20170207,10,코난이 너무 귀여워서 봅니다 다시봐도 귀여운 녀석...  
20170207,9,마지막에 엔딩 크레딧 보는데 작화가 ㅋㅋㅋㅋ 갑자기 1화가 너무나도 보고싶어져서 보러갑니다! 잘봤어요~  
20170207,10,완전 재밌어요ㅠㅠㅜㅜ 진짜 보시는 거 추천드려요ㅠㅜㅜㅜ  
20170207,10,시사회로 즐겼어요! 내용 알차고 무척 재밌네요. 개봉날 극장가서 놓치지 말고 꼭 보세요!! 에피소드원 흥행해라 :)  
20170207,10,다음편이 기대됩니다 화이팅  
20170207,10,그동안 나왔던 사건들에 대한 설명들이 나와서 매우 좋았습니다!  
20170207,10,진짜재미있어요! 추천!  
20170207,9,그림체 이뻐져서 너무좋았고 재밌었다  
20170207,10,역시 코난! 추억돋는구나!  
20170207,8,앞에 다시 돌려보고싶게 만드는 영화! 앞에 내용이 정리가되요~ 재밌습니다!!  
20170207,10,너무 재미니오 흥미진진하네요  
20170207,8,2년여만에 개봉하는 극장판!!!본격적인 사건추리는2편에세!1기대됩니다 ㅎㅎ  
20170207,10,정밀 재미있었고 또 보고싶네요!!!!  
20170207,10,재미있게 봤습니다! 신이치가 코난으로 변할때의 에피소드라 기대하고 봤던 것 같네요 추천합니다!  
20170207,10,명탐정코난 재미있어요^-^ 시사회덕분에 재밌게 봤습니다  
20170207,10,지난 코난장면들이 다 생각나면서 새로운그림체로 코난의시작을 보니 훨씬재밌고 감동적이네요ㅇㅡㅇ!! 자막임에 더욱 좋았고 너무 잘봤습니다!! 강츄!  
20170207,10,사람들의 평은 댓글로 보면 그닥 좋지 않은 듯했다. 여러가지 장면들이 짧게 나와서 조금 아쉬운면이 없지 않아 있지만 신이치와 란의 이야기는 개인적으로 정말 좋았던것 같다 여름에도 나온다는데 그때의 작품도 기대해 본다.  
20170207,10,97년으로 돌아간 기분입니다! 재밌었어요 ㅠㅠㅠ 새로운 그림체로 나와서 옛날에 봤던 아는 내용들이 너무 반갑네요 ㅠㅠㅠㅠ♡♡♡  
20170207,9,예전의 내용을 다시 알려주는 좋은영화인거 같다.  
20170207,10,"시사회 관람했습니다! 오랜만에 옛날 에피소드를 보니까 설레기도하도 재미잇었어요! ,추천~  "
20170207,10,너무 재밌습니다!! 추천드려요♥  
20170207,10,코난의 비하인드스토리를 모두보여주는잼잇는작품  
20170207,10,남도일이많이등장해서좋았고재미있었어요!!!  
20170207,10,시사회갔다왔는데 너무재밌어요ㅜㅜㅜ1화전후로 스토리가 잘나왔고 인과관계를 잘보여줍니다 다만 마지막에 아쉬운감이 너무 커요! 추천  
20170207,10,짱이에요!넘넘 재밋고 흥미진진하네여!  
20170207,10,재미있어요 ! 7월달도 기대할게요 ♡  
20170207,10,매우좋은 영화였습니다! 다음에도 보고싶네요!  
20170207,10,에피소원 최고였습니다.  
20170207,10,짧지만 중간중간 재미요소도 있고 깔끔한 그림체로 보니 더 재미있는거 같습니다!! 코난 팬분들 시간날때 한번 보셔도 괜찮습니다!!  
20170207,10,예전스토리를 최근그림체로 볼수있어서 좋았고 재밌었습니다!  
20170207,10,역시 영화관에 봐서 더 대박입니다ㅠㅜ♡♡  
20170207,9,저는 만화에서 봤던 떡밥들을 다시 정리해서 보여줘서 오히려 더 좋았던 것 같습니다 :) 만화에선 짤막짤막하게 보던걸 한번에 이야기 형식으로 보니까 재밌었어요!  
20170207,9,제목에서 대충 스토리를 예상했지만.. 그래도 역시 코난이였다 라는 말이 나올만큼 재미있었습니다!  
20170207,10,정말 재밌게 보고왔습니다 시사회로봤는데 너무 스토리도 잘짜여진것같아요 ㅠㅠ!  
20170207,10,코난 너무 귀엽고 재밌어요. 명불허전  
20170207,10,일단 도일이 너무 잘생겼구료?? 존잼 강추!!!  
20170207,10,재밌었어요 신이치랑 란 좋았습니다!  
20170207,10,정말 재밌구요 강력추천!! 다음 극장판도 기대되네요!  
20170207,9,그동안 코난본사람들은 알겠지만 거의 다 아는내용임..ㅎ  
20170207,10,명탐정코난 정말재밌게잘봤습니다  
20170207,10,진짜 재밌어요!! 1기를 요즘그림체로 볼수있어서 엄청 좋아요!!  
20170207,10,시사회 당첨되서 재밌게 봤습니다 ㅎㅎ  
20170207,10,"오늘 용산 cgv에서 에피소드원 시사회 갔다왔습니다~~보통 때와는 달리 자막상영이었는데다가, 본 내용이지만 작화가 어어엄청 쩔어줬다는!!!조직의 옛날이야기도 나오구요!내일 개봉이니 꼭 보시길 바라요!!!  "
20170207,10,재밌었어요 다시 보고 싶어요  
20170207,10,완전 재밌었습니당ㅇㅇ  
20170207,10,완전재미있어요!진짜 꼭 봐야 되여!  
20170207,10,재밌어요 짱! 재밌어요  
20170207,10,코난 완전 기대한 만큼 나왔어요!!  너무나도 재밌었다능!!동생이랑 보고 친구랑 또 보러 갈 거예요!!!  
20170207,10,다시 보러올정도로 재밌었어요!!  
20170207,10,역시 코난!너무재밌어요  
20170207,10,너무 재밌었어요!!!~~ 개봉하면 또 볼거에요 ㅋㅋ  
20170207,10,기대했던만큼 정말 재밌었어요  
20170207,10,재미있었어요~  다시 보고싶어지네요  
20170207,9,역시 코난은 대박임 ㅋㅋ 개봉하면 예매해서 봐야겠다는 생각임 듬ㅋㅋ  
20170207,10,정말 재밌게 봤어요!!  
20170207,10,"신이치와 란의 데이트, 검은 조직이 놀이공원에 온 이유등 새로운것을 알게되서 너무 좋았어요! 개봉 한 후에도 또 보고싶은 영화에요~  "
20170207,10,재밌어요♡!!꼭 보세요!  
20170207,10,좋아요!! 재밌음ㅎㅎㅎ  
20170207,10,명탐정코난 작아진 명탐정 진짜 재미있어요 무엇보다 트리피컬랜드에 가게된 신이치와 란의 데이트현장에서 있었던 일을 자세하게 알게되어서 정말 행복하고 좋았어요 ! 앞으로도 명탐정코난 아자아자 화이팅 !  
20170207,9,어릴 때 보던 추억이 새록새록....  
20170207,10,완전 재밌어요 짱짱 오후 대박 역시 코난  
20170207,10,완전 재미있엇어요~~  
20170207,10,정말 재밌게 봤어요 강추강추  
20170207,10,너무 재밌아요! 잘 봤습니다 !  
20170207,10,코난은 사랑입니다♡ 다양한 캐릭터가 나와서 좋았어요  
20170207,10,재미있었어요!또보고 싶습니다.  
20170207,10,진짜 옛 작화룰 잘 살려내서 너무 좋았다구성도 탄탄하고 마치 옛날로 돌아간 듯한 기분이였다꼭 봐야한다!! 진짜 추천할만한 영화이고 코난 팬으로서 만족스러웠다!!!!  
20170207,10,명탐정 코난의 중요한 에피소드들을 좋은작화로 보게되서 정말 기뻤고요 특전도 정말 기대되요!!♡  
20170207,10,코난은 눈 깜빡이는 시간도 아까움 그냥 여태 본 화들 나와서 추억돋고 좋았다!그랬다!  
20170207,10,너무너무 재미있었고 다음 영화도 기대되네요!!!코난은 최고입니다!  
20170207,10,진짜 괴도키드 나올때 너무 소름돋고 다 너무 잘생겼고 1화에 안나온부분나와서좋았다ㅜㅠ  
20170207,10,친구가 시사회 당첨되서 보고왔는데 역시 재미있다ㅠㅜㅠ  코난 보기시작한지는 얼마안됬지만 앞으로도 챙겨봐야지  
20170207,10,재밌었어요 코난 내용을 재대로 몰랐는데 알게 되서 좋았어요  
20170207,10,오늘 코난 시사회를 갔었는데 너무너무 재밌고 란이와 신이가 놀이동산에가서 왜 그렇게 당했는지 어떻게 가게 되는지 궁금증이 많이 풀렸어요.너무너무 재밌었어요 이 영화를 강력하게 추천합니다!!  
20170207,10,아이랑 정말 재밌게 봤어요~^^  
20170207,7,결말이 아쉬웠다 약간 허무하다  
20170207,10,다시 보러와도 좋을것 같아요  
20170207,10,재미있었어요!! 시사회 당첨되섳즐겁게 보고 갑니다 언제봐도 재밌는 코난 제 인샹만화에용^^  
20170207,10,코난정말재밌어요ㅎㅎ  
20170207,10,짱 재밌어요><우와아아아아앙♡♡♡♡요즘 그림체로 보니 또 새롭군요!!!  
20170207,10,bb좋았어요 특별판이지만  
20170207,10,재밌었어요  다시보고  싶네요  
20170207,10,신이치와 란의 두근두근한 썸을 볼수 있었고 에피소드들을 총 집합 해놓았던것 같아서 정말 재미있게봤습니다!  
20170207,10,신이치가 너무너무 예쁘고 사랑스러웠습니다ㅠㅠ 연출과 음악 둘다 너무 매력적이었습니다.  
20170207,10,정말 재밌어요!! 코난 짱  
20170207,10,믿고보는 코난! 재밌어요~  
20170207,10,너무잼있어♡꼭 보세요  
20170207,10,"너무 너무 재미있어요!!!1기1화 리메이크라 그런지 더 생생하고,또 보고 싶네요!!!!볼까말까 하시는 분은 꼭 보세요!!!2시간이 지나면 너무 후딱 지나갔네요!!!너무 재미있어요!!!~~^^♡♡♡♡  "
20170207,10,리메이크재미있었어요.  
20170207,10,역시기대를지지않는코난♥♥  
20170207,10,최고에용 정말 재밋어요  
20170207,10,개봉 전부터 기대하거 있었는데 막상 시사회에서 보니 기대보다 더 재미있네요.. 검조 최애인지라 검조 잔뜩봐소 행복했구.. 꼭 보세요 2번 3번보세요..  
20170207,10,코난 애청자도 보고 드문드문 본사람이 봐도 괜잖음  
20170207,10,평소에 굉장히 좋아하는데 재밌어요  
20170207,10,핵존잼보스임 꼭보세요  
20170207,10,재밌엇서요 신찌 사랑ㅇ해  
20170207,10,재미었어요다시보고싶어요  
20170207,10,오렛민에본 코난영화라좋았다 만족스러웠다  
20170207,10,재미있었어요넘넘넘넘  
20170207,10,재밋앗어요!!!짱이에여  
20170207,10,정말 재밌어요!!꼭 봐용!!  
20170207,10,시사회에서 봤는데 만약 란팬이나 검은조직팬인사람은 볼때 정말 좋을것 같아요!! 서비스신이 많아요!! 자세히 알수 있고 다시 되집어주는 부분도 많아 처음보는 사람은 보기 쉬워요!!  
20170207,10,리메이크 되서 더 재밌어요!  
20170207,10,정말 재미있었습니다. 감독님이 바뀌어서 그런지 스토리도 좋았습니다.  
20170207,10,정리잘해줘서 재밌었음  
20170207,10,핱ㅋ졸잼ㅋㄱ걍보세여 그와중에 진고화질 넘나사랑스러운것♥♥  
20170207,10,코난 재미 있었네요^^  
20170207,10,명탐정코난 최초의 이야기를 담은 프리퀄 작품으로 극장판에서 보기힘든 남도일을 볼 수 있기 때문에 재밌게 볼 수 있었고 시사회로 더 일찍 만나볼 수 있어서 좋은 시간이었다.  
20170207,10,방금 시사회로 봤는데 괜찮네요♡♡♡!!  
20170207,10,오랜만에 다시보는 여러스토리로 다시한번 세세하게 볼 수있어서 좋았다  
20170207,10,처음 봤을때의 설렘을 다시 한번  
20170207,10,진짜...와... 시사회오길 잘했다 ㅠㅠㅠ 너무 좋다 ㅠㅠ 사진찍도 먼저보고 내용은 뭐 말할것도 없이 꽁냥꽁냥 너무 좋고 코난 팬이라면 정말 추천!!코른 관람차 귀엽...  
20170207,9,처음부터 작았던건 아니다!!! 멋진 신이치를 실컷 만나볼 기회!!! 놓칠수없는 진짜 시작의 이야기!!! 추리오타쿠 코난의 탄생을 다시보게되어 너무 반가운 에피소드.  
20170207,10,언제나 늘 믿고 보는 우리 코난 이번 영화도 역시 너무 즐거웠어요~ 이번 영화도 대박나고 많이 사랑받을 수 있음을 확신합니다  
20170207,10,기대폭발!! 코난실종사건 처럼 망작만 아니어라!!  
20170207,9,이영화 코난같이보러갈분9해요 여자도환영톡디:HHBM124로톡주세용!!  
20170207,10,믿고보는 코난느님 !!  
20170207,10,드디어 내일개봉이네요!!!조조영화로 보러갈꺼예요!!!기대되용!!!  
20170207,10,와우~정말흥미진진해서 너무재밌어요~일본판그대로 코난원조목소리~  
20170207,10,명탐정코난 에피소드원 강력추천합니다!!!  
20170207,10,역시 코난은 너무 재미있네요ㅎ남도일과 코난의 목소리를 극장판에서 일본어로 듣는 건 오랜만이라 새로운 느낌도 들기도 하네요^^ 더빙으로도 나왔으면 좋았을텐데 자막으로만 나와서 아쉬운 점도 있었지만 재미있게 봤습니다  
20170207,10,기대했던 만큼 너무 재미있어요!!!! 기회가 되면 한번 더 보고싶들정도예요!! 공식으로 신란 커플 나오니깐 너무 좋네요!! 21기 극장판도 기대하겠습니다!!!  
20170207,9,초기에피부터 보게되서 새로웠어요!!!  
20170207,9,정말 어렸을때 보던 명탐정코난 1화를 멋지게 새로운 그림체와 새로운 이야기를 알수있는 계기가 될듯하네요~코난팬으로서는 1화 리메이크작이라서 아쉽지만 코난을 즐기는 많은분들에게 새롭게 느껴질듯한 느낌이 드는 스페셜 극장판이다!!!  
20170207,8,올드팬이라면 놓쳐서는 안될 에피소드 원에 새로운 이야기!! 기대를 넘어서는 감동♡  
20170207,10,코난의 시작이 개봉되는 만큼 너무너무 기대됩니당!!!! 이번 시사회도 가는데 재미있게 보겠습니다! 감사합니다!  
20170207,10,딩초 친구들 오지 않았으면  
20170207,10,명탐정 코난 반갑구나...ㅎㅎ  
20170207,10,좋긴한데 씨제이야 제발 스페셜을 극장판으로 개봉하지마라ㅜㅠㅜ 그치만이거재밌어요여러분... 코난은 더이상 어린이들만 보는 만화가 아닙니다!!  
20170206,8,자막으로 이미봐서 더빙이면 좋겠네요 근데 아무로는 요번에 안나왔던것 같은데 그리고 저런 장면이 없었던것 같은데 뭐지  
20170206,10,진짜기대된다 꼭보러가야지  
20170206,9,12세 이하는 그냥 집에서 봐  
20170206,8,인터넷에서 파일을 못 찾아 극장으로 보러 갑니다ㅋㅋ 돈 내고도 못 찾겠... 코난 1권을 정기적으로 읽는 팬으로서 에피소드 원 반갑네요^^ 그날의 일을 좀더 자세하게-  
20170206,3,코난을 즐겨보시는분이라면 이번편은 쉬셔도 좋습니다.  
20170206,7,도일이 일상 보러가는거임 그냥 1기에 있는 내용이라서 7점주는 이유는 왜 극장상영하는지 의문이라서  
20170206,10,더빙안하면 걍 영화관에서 볼필요도 없음 ㅇㅇ  
20170206,10,너무너무 재미있는 영화였어요 평소에도 코난  정말 좋아하는 애니였는데 극장판으로 봐도 너무너무 좋네요 완전 추천합니다!! 여러분 모두 보세요!!!!  애들 너무 멋있어요  
20170206,9,난 코난에대한 극장판이 나오면 시간을 내서 보러간다이번에도 보러갈것이고 예전내용이 섞여있는거 같긴 하지만재미있을것 같다 예고편을 보면 가끔 내가 처음보는 장면이 나온다.다양한 내용으로 구성된 이번 극장판이 기대되고 수요일이 기다려진다 보러가야지~♡  
20170206,10,꼭보거싶넵자막은 못보는편이라 기다리고 있으여  
20170205,10,"1화부터 나온내용 정리 아닙니다. 다 새로운 장면이고, 중복되는 내용없어요. 안심하세요.  "
20170205,10,보러가야겠네....어쩔 수 없이... 일본에선 ty방영 했다던데..  
20170205,8,"1화를 지금 작화로 깔끔하고 예쁘게 볼 수 있습니다. 진이랑 워커가 1화에 나오는 애들이 아니에요. 역시 애니는 작화임ㅇㅇ 아주 짧게나마 버본, 키안티, 코른이 나오고요.  라지만 돈을 주고 보느냐 안 보느냐는 사람들 나름이겠죠  "
20170205,1,진짜 별 내용도 없고 아무것도 아닌 내용입니다. 이걸 극장에서 돈받아 먹겠다니..마치 스폰지밥 1화 극장에서 보는거랑 똑같은거예요.. 베이코리언즈에 있으니 거기서보세요 하마터면 3일뒤에 돈내고 볼뻔했네요  
20170205,10,극장에서 애들좀 조용히 시켜요;;12세 이상인데 꼬맹이들 들어와서 소리 꽥꽥 지르고 무섭다하고..;  
20170204,9,여기서 목이 잘리는 사건이있긴한대 솔직히 12세는아니라고 봅니다. 목잘리는부분이 좀 잔인한대 어린애들이보기엔 않좋다고 생각합니다. 등급을 바꿔주던지하세요  
20170204,10,뭐..그래도 코난을 무척이나 좋아하는 사람으로서는 꼭 보러갑니다.아 그리고 영화보다 걱정되는게 영화관에서 개념없는 어린아이들..후..저번에 순흑의 악몽 때 애가 울어서 미치는줄.보호자랑 같이 와도 보호자는 뭐하는지..적어도 예의는 지킵시다.  
20170204,9,아직 개봉전이지만 일본특별판으로 이미 이 걸 봤는데 그냥 정리한 스토리이고 짬짬이 신이치랑 란의 러브스토리랑 쉐리의 연구실 스토리만 더해질뿐 딱히 재밌다고 느끼진 못했다 어걸 일본에선 공짜로 보여줬는데 우리 나라에선 왜 돈주고 보는지 모르겠다.  
20170204,1,돈 쳐받으려고 OO하지 마라 CGV 년 놈들아  
20170204,8,만악의 근원(10자)  
20170204,3,"비추. TV에서 방영된 본편에서 데이트 신, 하이바라 나오는 신 조금 더 추가했을 뿐입니다. 저도 코난 팬이라서 영활 관람했지만, 솔직히 돈 내고 보긴 아까운 영상이에요.  "
20170204,5,TV용.. 내용이 별로였어요 롤러코스터 사건 다 아는거 글케 자세하게 보여주지 않아도 되는데;; 다른 내용 넣을게 그렇게 없음?근데왜 ..개봉했지  
20170203,6,이거 자막인가요 ??  더빙인가요 ??  
20170203,1,이걸 왜 극장에서 돈받고 보여주는지 이해가 안간다  
20170203,10,별 10개를 주지만 일본에선 티비로 했다니  그래도 영화는 봐야지.ㅋ  
20170203,5,"그냥 원래 내용 복붙에다 추가 내용 붙여서 만든 리메이크 정도라 보면 됩니다... 팬분들만 보세요 아니면 코난을 본적 없는 분들만,..,...  "
20170202,9,"코난 팬으로써 보려고는 하지만,,....  "
20170202,10,응 이거 이미 고화질로 다봤어~ 님들 이거 보면 실망합 나도 코난 진짜 좋아하는데 이거는 그냥 다 아는내용을 보여준거임  
20170202,10,코난이라서 보고 코난이라서 10점이지만 이걸 왜 다시 극장에서 개봉하는지 이해가 안 가네요.. tv에서 방영을 안 하고 하는 것도 아니고 이미 본 사람들이 넘쳐나는데 왜 이걸 다시 돈 내고 보십쇼 하는지... 물론 전 볼거지만.. 이건 아닌 것 같네요  
20170202,2,ㅋㅋㅋㅋ남친이랑 개봉하자마자 보러가려고 했는데 리뷰 보길 잘했네요. 돈 버릴뻔했네 퉤퉤  
20170202,10,코난 이라서 10점 주지만 이걸 왜 영화화 하는거죠..? ㅋㅋㅋ  
20170201,10,스페셜로 일본에서 방영했을때 봤는데 솔직히 보면 우리나라에서 개봉할려면 15세로 해야하는거 아닌가? 아님 또 잘라내고 12세로 개봉하는건지;;  
20170201,8,재미는 있었는데 있었던일 재탕한건듯...암튼 신란 많이나와서좋음  
20170201,10,와우 재미있겠네요너무 기대되네요  
20170201,1,스페셜도 자막으로 나오는데 진홍의 연가도 일본물이 너무  많으면 자막버전으로 개봉하는걸 추천ㅇㅇ참고로 작아진 명탐정은 안볼거임 집에서 명탐정코난 1화 다시보고말지 이걸 극장에서  왜봐?ㅋㅋ 이 영화 보러 밖에 안나가  이불 박근 위험혜  
20170201,1,코난이 커서  김전일 된줄  
20170201,1,이걸 왜 극장에서 하는지 이해 못가네요 애니에서 안나왔던 부분도 있다고 쳐도 3분의1은 애니에서 나왔던 걸로 되어있을 텐데 그리고 극장에 제발 어린애들 조용히 해줬으면 좋겠어  
20170201,1,"이걸 누가 보냐 그동안에 있던 내용을 되풀이 하는 영화아닌가,,차라리 원작 내용을 보는게 훨씬좋다  "
20170201,1,아 TV스페셜이 개봉하는 거였어??? 코난실종사건도 돈 내고 봤다가 엄청 후회했는데. 투니버스에서 해줄 때 아니면 절대 안봐야겠다.  
20170131,10,아 코난은 진리죠 ㅋㅋㅋ  
20170131,10,코분이 안만들어 안심은 되지만... 기대는 해봄!!그리고 기념품도 꼭 챙기시길!  
20170131,10,"코난이 왜 어려졌는지 몰랐다면 꼭 봐야하고, 알아도 꼭 봐야함 ㅋㅋㅋ 꿀잼!  "
20170131,10,신이치군 ㅋㅋ 반갑다.  내가 보러간다  
20170131,10,믿고 보는 코난! 빨리 보고 싶다!  
20170131,10,믿고보는 코난찡. 보고싶어요  
20170131,10,코난은 무조건 극장에서 봐야지!  극장 많이 열어줬으면 좋겠다  
20170131,10,코난은.. 이래저래 해도 결국 극장가서 봐야만 한다.. 주문에 걸린듯이..  
20170131,10,"다 나온 내용만 나온다고 하셔서 드리는 말씀인데요, 물론 아는 내용도 있지만 안 나온 내용도 많아요. 그냥 아는 내용만 나오면 2시간이 채워질 수가 없겠죠. 그리고 이 내용 외에도 다른 코난 명장면들도 몇개 나오니까 나쁘진 않으실 것 같아요!!!  "
20170131,10,명탐정코난 무시하냐 코난덕후들이 얼마나 많은데  
20170131,2,제가 원래 이런글 남기는 사람이 아닌데정말 극장 가서 보실 분들이 넘 안타까워서...저도 솔직히 예고만 보고 극장서 보려 했던 1인였지만..코난을 한 두편 본 분들에겐 괜찮을 듯 하지만 챙겨보는 분들이라면 그냥 한가할 때 다운 받아 보세요!  
20170131,10,도일이 비중이 많아보인다ㅜㅜ 감동 19년동안 도일이 짝사랑해온 보람을 느낀다...아  
20170130,10,재미있을지는 잘 모르겠는데..그래도 보고싶다ㅠㅠ  
20170130,10,역시 새로나오는영화는 나오자마자 봐야 되지~~!!  
20170130,2,늘 그랬듯이 예고편으로 중요한거 있다고 훼이크 치고 별 거 없겠지 순흑의 악몽때도 아오야마 고쇼 감독이 기대하라고 했으면서 별 거 없었잖아? ㅋ  
20170130,10,난 지금까지 검은조직이 왜 놀이동산에 있었는지가 가장 궁금했음 근데 나온다니까 기대된다!!  
20170129,10,코난 팬이라.. 10점은 줘요.. 허나 코난 팬이 아니라면 그냥 애니일 수 있는 흥미없는 에피소드.. 그래도 전 보러갑니다 (뭐지  
20170129,9,원작과 맞지 않는 부분이 많음..^^ 그거때문에 1점 깎음 근데 추억팔이 할려고 보는거면 볼만할듯 ㅎ 그나저나 진홍의 연가 딱봐도 일본 문화관련된것같은데 그러면 다음 극장판은 전율의 악보가 나올려나  
20170129,10,와 이거봤는데 10년전에 본 이야기 다시 보는 기분 + 사건이라 완전 개재밌고 진짜 저번에 오드아이편보다 훨잼씀 ㅡㅡ 와 진홍의연가빨리보고싶다 존나잼씀 저방금 이거보고옴 ㅓㅇ ㅡㅡ  
20170129,1,덕후들이나 가서 쳐봐라  
20170128,9,이거 시제이에서 꽁짜 막은거라던데... 그래도 꼭 한번 보고 싶네요  
20170128,1,에휴 돈이 그리도 좋냐 ㅉㅉ  
20170128,10,전 개봉할 때마다 다 봤습니다 이번에도 꼭 보겠습니다  
20170128,10,ZARD 누님 목소리 나올때 나도 모르게 울어버렸음 ㅠㅜㅜㅜ  
20170127,1,차라리 김전일이 탐정물 같다 코난은 무슨 바보들의 왕국이다 이게 왜 계속나오는지 이해가 안되네요  
20170127,8,제발오후에개봉해라!!졸업식끝나고 봐야되니깐  
20170127,1,Cj 놈들 돈에 눈이 멀었나ㅋㅋㅋ 티비용으로 만든거 극장으로 개봉하면 멍청한 코난 덕후들이 보러가니깐 이런걸 개봉시키지...하... 내용도 그냥 1편이랑 다를 거 없음ㅋㅋ 절대 기대하지 마시길  
20170127,1,코난 덕인데 진짜 이거 극장판으로 낸 투니버스? 얼척x그냥 dvd 되있는곳에서 보세요 저 왠만하면 코난 극장판 일어 보고 극장판 극장가서 또 보는데 이거는 ㄹㅇ 돈아까워요 1화부터 나온거 붙여논거로 정리하는거 밖에 안나옴  
20170127,1,보고 난 뒤 아무것도 안 남은 극장판은 처음이다. 뭐지 이건.. 내가 90분 동안 뭘 봤나..? 하는 생각뿐.  
20170126,5,제가 코덕이라 주는5점입니다만 돈주고 보기에 진짜 아깝습니다. 그동안 안풀렸던내용 여기에 나오는것도아니고 ..그냥 티비돌리다 투니버스에서 할것같은 스토리예욯ㅎ그래도 남도일얼굴 열일하는건 잘봤어요♥  
20170126,10,박평식 옹 말씀 빌려서 말한다. 코난은 늙지도 않아.  
20170125,9,일단 코덕이라 9점.리뷰 읽어보면 보지 말라고 하는 사람들 많으신데 무시하지말라고 보라고 하는 사람도 있어서 진심 헷갈림... 공감되는 분들 있으신가요... 안보면 돈 굳고 좋은데 이거 궁금해서 참을 수 있나...  
20170125,10,매우재미있어보이는군요.  
20170125,10,이거 1월 28일날 투니버스에서 방송한다는데..  
20170124,10,에피소드 원 관크 없게해주세요 제발 옆자리 앞자리 뒷자리 초딩 아니게 해주세요 그다음내용 스포 안하게 해주세요 벨소리 안울리게 해주세요  
20170124,10,이거 cgv 에서만  개봉한다고 하네요 시사회도 20명만 받는거 보니 굉장히 소규모로 개봉할려는 모양인둣  
20170124,1,음 제가 봤을때는 극장가서 보기에는 너무 아깝습니다. 그냥 지금까지 내용을 그냥 살짝바꿔 그린것뿐이라서요. 재미도 없고.. 일본에서 극장 개봉을 하라고 했지만 우리도 그냥 중국 처럼 걍 보여주면 될텐데. 뭐 혹시 보고싶은 분은 제가 링크를 드리겠습니다  
20170124,5,초딩때 본 기억이 새록새록 떠올라서 좋았다만은 이걸 영화관에서 보면 돈 아까울 듯  
20170124,8,이건 아마 시청자들에게 스토리상으로 틀을 단단히하고 이해를 돕는 편같은데 예고편댓글들보니까 기대하시는 분들이 많긴 하지만 여러말이 나온 영화네요 물론 전 기대만땅이고요^^숨겨진이야기 꼭 보고싶어요!! 다른 분들도 재밌게보시면 좋겠네요..  
20170124,6,일본에선 TV로 방영한걸 우리나라에선 8000원가량 주고 보라 하네요. 1기 1화보다 퀄리티가 좋을 뿐이지 내용은 같습니다. 유튜브 같은데에도 에피소드 원 많이 올라오던데 그냥 1기 나 유튜브같은데서 보시는거 추천드립니다. 진홍의 연가나 개봉하지..  
20170124,8,2월6일 입대인데 미쳣네  
20170123,10,광고만 봐도 재밌을것 같음ㅎㅎ 물론 처음얘기 다 아는거 나오는 거지만 광고를 보니 생각보다 기대된닼ㅋㅋㅋ 개봉하자마자 무조건 본다  
20170123,10,음.. 완전 기대되 ~~ (명탐정코난:에피소드 원 - 작아진 명탐정 ) 절대루 안놓지거야  
20170123,10,"잘가라, 명탐정~  당연히 검은 조직을 응원해야합니다~^^  "
20170123,10,코난은 무조건 극장으로!! 초기대중!!  
20170123,10,"코덕이라 10점 준다만. 이거 그냥 코난 1기 1화, 2화 다시그리고 시호, 키드, 어린이탐정단 잠깐 끼워넣은 건데 도대체 왜 극장판이라는 거지? 신란 추종하는거 아님 돈아까우니까 절대 보지마세요.  "
20170123,10,에피소드원 스페샬 버전인가? 기대됩니다~  
20170123,10,코난은 꼭 극장에서 봐야져!  
20170122,8,"초기 스토리 설정 부분을 최신작화로 리메이크 하여 조금이나마 더 자세하게 볼 수 있는 게 사실 다입니다만..가장 중요한 건 하이바라가 조직네임 쉐리로 있었을 때, 즉 성인모습이었을 때를 잠깐이나마 볼 수 있었다는 게 가장 좋았네요.  "
20170122,10,이거는 그냥 새로운 장면들이 추가된 1화 리메이크작이고 개봉일도 2월 8일 학생들 개학 하는 시기에다가 cgv에서만 개봉하는거 봐서는 흥행보다는 올드팬들한테 초점을 맞춘듯 하네요  
20170122,9,코난 1기부터 정주행 하는 거 너무 재밌어요.  
20170122,10,재밌긴한데.. 코난 내용 다 알고 계신 분은 굳이 돈 내고 보지 않으셔도 될 거 같네요 그냥 알고 있는 내용 반복입니다. 딱히 특별한 내용이 없어요. 굳이 왜 영화화한 건지 모르겠는 정도?  
20170122,4,와 진심 짝나 솔까 에피소드원?  원!?끝나라 쫌  
20170122,1,이게 왜 극장판임?? 봤던거 다시 짜집기로 나오는거구만  
20170122,9,재미있을것 같은데요 이거 더빙으로 나오나요?  
20170122,5,? 더빙 안되서 나옴? 더빙이 더 친숙한데  
20170121,5,"이거 아무래도 수위 조절 필요할듯 봐서 아는데 목이 잘리는부분도있고 쉐리의 분량도 짧고,,,그리고 예고편에서 괴도키드와 쉐리누나의 죽음등..등 모두 메인이 아니고,...그냥 스토리에서 잠깐나오는 거여서 많이 기대는 하지마세요  "
20170121,1,이거 28일 투니버스에서 보여줘요. 자국민을 호구로 보는회사는 불매 해야합니다.  
20170121,1,보지마셈.일본판으로 여러번 봤는데 돈내고 볼만한건 아님.이거 볼바엔 치킨 사먹으셈  
20170121,8,이거 재밌는지 모르겠네  
20170121,1,이거 명탐정코난1화에요 완~전 진짜 명탐정코난1화 돈내고 영화관가서 보는거죠..유트브나 구글 네이버 다나와있는 1화를 돈내고 화면큰데서 보는거라니..난 안봐><안보길 강추!강추!드려용:D  
20170121,10,재미있겠다 ㅎㅎ 뭔가 흥미롭겠다.  
20170121,10,제가 정말 x10000좋아하는 코난 ㅠㅠㅠ 매번 바쁘고 깜박해서 한번도 극장판을 극장에서 못보고 매번 집에서번 봤는데 이번엔!!! 놓치지않을꺼에요  
20170120,10,코난시리즈마다다봤는데이번시리즈도기대가되네요  
20170120,6,신이치와 란이 트로피컬 랜드 가서 신이치 약 먹고 코난 된게 끝이네요ㅜㅜ장미 어린애 되는 장면이 궁금했는데  
20170120,5,더빙이 되있으면 좋을듯하네요 ㅠㅠ  
20170120,1,정말 아래 써진 평 그대로예요 새로 나온 내용 1도 없어요 그냥 명탐정코난 1화를 90분으로 늘려놓은 거... 극장에서 돈 내고 보기엔 정말 돈이 아까울 듯...  
20170120,1,코난 영화나오면 항상 극장가서 봤는데 이번껀 솔직히 돈 내고보기 아까움 1화를 늘려놓은 것뿐 이미 본 장면이 더많은듯  
20170119,1,코난 어째서 나이가 안먹는거야????  
20170119,1,진짜 이거 극장 개봉용은 아니다... 양심이 있는거야 없는거야... 명절 특집으로 해서 한 번 정리해서 쉬어가는 느낌의 스페셜  
20170119,10,코난은 항상 좋지요ㅎㅎ  
20170119,1,이 방송 이미 본 사람인데 예고편 낚시도 너무 과하게 하고 등급분류도 이상하게 하네요.제트코스터 살인사건이 나오는 부분에서 사람 목잘리는 장면이 12세 어린이들이 볼만할 정도의 수위는 아니라고 생각합니다.  
20170119,10,이거 유튜브에 있던데ㅋ  
20170119,5,근데 이거 만화에서 안나온 장면은 거의 없음다 만화에서 나오는거 이기 때문에 보나 안 보나 똑같은것 아닌가 싶은데  
20170119,8,어린이들만 없으면 집중적으로 보는거 가능할듯  
20170118,8,"쿠도 신이치(남도일)이 코난으로 작아지기전 스토리, 내용들을 포함해서 만드는것은 좋았으나 왜 굳이 영화로 개봉한지는 의문...  "
20170118,10,일본에서 스페셜편으로 티비로 방영된걸 한국에서는 실종사건 이어서 아예 극장개봉이네..그래도 코난이라서 재미는 있더라안보신분들은 추천함  
20170118,10,으하아.. 빨리 보고 싶군요> <  
20170118,10, 명탐정코난을 단순히 일본애니메이션이라고 생각한 부모님들이 데려온 꼬꼬마들이 극장을 콘서트장으로 바꿔버리는 불상사를 막기위해 15세 걸고갑시다1화에서는 목이 날아가는 장면도 있기때문에 12세도 안됌  
20170118,9,이영화 꿀잼이요.예고편봐서 대충 이해 감.그 코난으로 작아지기 과정을 보여주고 도일이와미란이의 러브신그리고 검은양복 입은 얘들 많이 는아니고일단 나올예정.영화관에서 보면 꿀잼 일듯 ㅋ  
20170118,5,이거 네이버 블로그에서 자막 있는걸로 봤는데  돈주고 극장가서 보기는 좀 아까운것 같습니다. 그리고 코난 작붕있고 떡밥에다가 원작을 조금 변형해서 나와서 보기에는 좀 비추 드립니다.  
20170118,1,1화 20분짜리를 1시간 반으로 늘려놓으니 내용이 없을 수밖에  
20170118,10,어떻게 하다가 이미 보게 됬는게 여운남아..얼른 진홍의 연가도 보고싶당  
20170117,4,이걸 극장으로 개봉한다는거 이해 불가능 이거 백퍼 극장으로나오면 평점 6점대 일꺼같네요 코난 1화리메이크에다가 그동안에있던일을 몇분안으로 간추려서 만들었는데 그동안 코난 안보신분들은 절때 이해할수 없는내용이 담겨져있네요  
20170117,10,"코난이야 늘 옳지만 극장퀄리티도 아닌 티비판을 극장에서 개봉하는 CJ의 돈독에 박수를 보낸다. 코난 실종사건은 그나마 스토리라도 극장판처럼 있었지, 이건 뭐 팬북, 1화 확장판 같은 내용인데 CJ 양심리스네.  "
20170117,7,이미 본 사람으로써 꼭 볼 필요 없을 듯...  
20170117,10,이건 꼭 봐야지!!! 리메이크이니까 더 기대 됨  
20170117,1,코난 정말좋아하는데 이건그냥노잼이에요 코난이 왜 코난이되었는지가 핵심인데 별로에요  
20170117,10,엄청 재미있을 것 같네요 아빠한테 꼭  보여달라고 해야 할 것 같네용!  
20170117,10,어려지기전인데 곧 사물인터넷을 사용하겠군요  
20170117,10,올해 12세된 코난 메니야  꼭 봐야지  
20170117,1,장난 똥빠나 이게뭔 극장판이야 걍 1권내용이자나  
20170116,10,2월8일 개봉 기대만점 빨리보고싶다  
20170116,10,완전 재밌을것같아요 코난은 언제나 진리입니다  
20170116,5,별내용 없다 그냥티비판1에 미란이남도일 추억장면안봐도 되는  
20170116,8,코난덕후라면 다 아는내용이구요 조금 더 디테일하게 나오긴하지만 극장까지가서 볼 내용은 아닌거 같아요 ocn이나 tvn에서 방송했으면 시청률은 좋았을거 같은데.. 신이치랑 란 꽁냥대는게 이뻐서 8점 드리고 갑니다  
20170116,1,왜 자꾸 tv 스페셜을 개봉하냐??  
20170115,9,명탐정 코난 좋아하는 빠순이인데요!!진짜 영화 돈주고 보지 마세요 .. 에피소드라서 봤던내용 많이 나옵니다..무료뜰때까지 기다리세요~  
20170115,4,달라진 점 하나 없는 코난 리부트  
20170115,10,"2월 8일 수요일 개봉이네요. 근데 TV예고편 광고를  자막판으로 보여주던데, 어떤식으로 개봉될지 정보 아시는분 계신가요??  "
20170115,10,이걸 봐야할 이유는 단 하나 코난이가 때문이다  
20170115,8,"약간 프리퀄 + 1화 ~ 검은조직, 그리고  쉐리가 아포톡신 4869의 부작용이 알았고, 쉐리가   몸이  작아져서 조직을  탈출하기  전까지의 이야기네  "
20170115,8,이거 일본에서 수출할때 극장개봉으로 내달라는 조건으로 수출한거예요 우리나라 뿐만이 아니라 중국 대만에서도 극장개봉입니다 근데.. 코난을 엄청 좋아하는 팬 아니면 굳이 가서 안봐도 될듯한.. 아~주 나중에 풀릴때쯤 봐도 될것같네여..  
20170115,7,진짜 스페셜 일본어 자막으로 보고있었는데 어느순간에 다 막히더라...이거 만드려고그러는거지...극장판나올 각이였는데..;; 일본에서는 스페셜편으로 해주는걸 여기서는 극장판이라니...  
20170115,10,드디어 때가왔군 2월8일 극장접수하러 갑니다  
20170115,8,예고편이 자막으로 나왔는데 더빙 돼서 나오는 거 맞죠?  
20170114,1,1기내용이네요.  재미가 너무 없다.  
20170114,1,진심으로 말하는데 코난의 엄청난 팬이 아니고 그냥 나오면 보고 그렇게 좋아하지도 싫지도 않은 사람은 보지 말것!!일본판으로 봤는데 내가 팬이라 망정이지 이건 극장판 내놓다니 그냥 cj가 돈 때문에 이러는 거  
20170114,5,결국 신란인가요....  
20170114,10,와 이건 봐야겠네요!!  
20170114,10,계봉날 꼭 보러갈거요!! 코난 짱!!  
20170114,10,일본판으로 이미 두 번이나 본 것이지만 한국판으로 극장에서 본다면 그것보다 좋은 건 없을 거에요!  
20170114,10,이건 꼭봐야됩니다 숨겨진이야기가 나오다닛!!!!><  
20170114,10,완전 기대된다~~^^  
20170114,10,코난을 좋아해서 10점을 선택하지만 에피소드원 별 내용없음 그냥 1화 그대로 그리고 원래 아 는 사실을 그냥 그림으로 그렸을 뿐..이 더빙판을 돈 주고 봐야할 지는 잘 모르겠음.그냥 CJ가 돈 독 올라서 영화로 만드는 것 뿐..  
20170113,1,그동안 나온 에피소드 편집판인데 그걸 굳이 돈받고 상영하는 취지가 ;; 역시 헬조선 ^^  
20170113,1,우와.. 일본에선 그냥 티비로 해준걸 극장에서 돈받고 보여준다고? 진짜 양심없다..  
20170113,10,꼭 보겠습니다!! (영화내용과 회사의 잘못을 연관시켜서 영화 자체에 피해를 주는 댓글이 꽤 있는데 보기 안좋습니다 조금만 마음에 안들면 1점 이런식은 좀 아니죠)  
20170113,7,"더빙 패스하는 거랑 왜 TV스페셜을 굳이 극장에서 틀어주는지 이해불가후자는 돈 때문이라고 쳐도, 코난 더빙판 인지도도 높고 매번 더빙해주니까 당연히 이번에도 해주겠지.. 예고편만 자막인가보다 했는데 아예 안해줄줄은ㅋㅋㅋ  "
20170113,9,작아진지 10년은 된것 같은데 언제 커지니ㅋㅋ  
20170113,1,남도일 사건은 시간에따라  움직이는데  코난은 왜 항상  초등학생임? 그것도 같은학년  
20170113,5,이걸 왜 극장판으로 내놓는건지 진짜 이해가 안되는데...  
20170113,4,지금 이걸 극장판으로 내놓고..이거 솔직히 내 생각엔 돈낭비거든일본판으로 미리 봤는데 신란보려고 본 거지 하이바라나 그런애들 분량 없음 ㄹㅇ..  
20170113,10,이번에도 검은조직나오는군 검은조직 나오면 무조건 봐야지  
20170113,1,코난왜보는지 노답이다  
20170113,10,이건  무조건  본다안보면 후회한다..  
20170113,10,덕후는 그저 닥예매합니다....  
20170113,1,웃으면서 보던 게 어제 같은데 뭔 재탕 삼탕 탕탕탕 계속 우려먹네. 추리랍시고 하는 건 '원래 이거 코난은 아는데 니들은 안 보여줬던 거임 ㅇㅇ' 하면서 뒤통수만 쳐대고; 맨날 억지 부리는 거 이제 지긋지긋하다; 꼴 보기 싫을 지경;  
20170113,10,예고편에 저 BGM만 들어도 지리네...  
20170113,10,무슨 말이 필요한가. 코난이 나오면 무조건 봐야지. 명탐정코난 시리즈는 모든게 재밌으니까  
20170113,10,와 개봉하는 날에 보고싶네요2월 까지 어떻게 기다리죠????!!!!  
20170112,10,평점은 모르겠구 그녕 3월이나 4월달에 인터넷 건들면 다나옵니당 전 극장판 그런식으로 다봄 ㅋㅋ 실종사건이였나  그것도 카카오톡에 들어가서 찾아보니까 다 나오더라구요 더빙한걸루 전 그때 볼랍니다  
20170112,10,응? 코난?닥치고바야지  
20170112,10,코난을꾸준히 보는 사람으로서 이거 예고편 나온뒤로  잠을못자요  
20170112,5,망할 CJㅋㅋ 자막 다 막고 극장개봉이라니ㅋㅋ 이걸왜ㅋㅋ  
20170111,10,개봉하면 바로달려가소 봐야돼지 코난!! 파이팅  
20170111,10,영화 마지막에 진홍의 연가 예고편 할듯?....  
20170111,10,기대되고 빨리 개봉했으면 좋겠습니다  
20170111,10,이거 개봉하면 빨리 보러 가고싶다....  
20170111,10,무조건 보러가야죠. 재밌겠다  
20170111,10,코덕이면 이거 안 보고는못 배김!! 2얼만 기다리는 중!!!!  
20170111,10,아 이게 해피엔딩으로 끝났음 좋겠다  
20170111,10,코난 시리즈는 매회마다 레전드지!!이번 시리즈도 그냥 기대됨~무조건 볼꺼임ㅋㅋ  
20170111,10,헐 코난 에피소드 원이라뇨 이걸 한국에서 개봉하다니 꼭 봐야겠어요 기대된다ㅎ_ㅎ  
20170111,2,"아직 안 봤지만 거의 신란 스페셜이라고 봐도 무방할 듯 합니다. 명탐정 코난 팬분들은 별로 볼 게 없을 듯. 전 그냥 포스터나 몇 장 가져오렵니다 하하하핳 이웃분들은 돈 아깝다던데. 아케미 자매가 나와도 분량이 적고, 엉망이라네요...ㅠ  "
20170110,10,영화가cgv에서만하면안되그러면 난코난을못보는데 여태다보고살았는데으허헝  
20170110,10,이건  무조건 봐야해! 진짜진짜 재미있겠당~~~♡♡  
20170110,10,내용만 가지고 하자면 10점입니다!근데 밝혀지는거 없이 정리만 하는거라보스나 그런건 기대안하시는게 좋아요!!실망합니다.  
20170110,10,빨리 개봉날이 나왔으면..!  
20170110,10,"tv판 2시간 스페셜을 우리나라로 수입하여 극장에 개봉하다니.(2시간 스페셜이지만 광고시간 포함해서 2시간, 원래는 95분 자리)코난 초반부 에피소드 리메이크한거같네.  "
20170110,10,공개돼자마자보러가야지거의1년정도기다린것같다ㅜㅜ순흑의악몽다음이니더얼마나재밌게나올지매우매우기대가됀다  
20170109,10,목나가는 장면을 어떻게 처리할까 궁금하네요!  
20170109,5,이걸 왜개봉까지하는거지..ㅡㅡ  
20170109,10,보스 공개각? 글고 빨리나왔으면좋겟다  
20170109,10,코난 하나도 놓치지 않을거에요~!!  
20170109,10,"명탐정 코난!  무엇이 되었든 영화 개봉 한다니, 좋아요!  "
20170109,10,기대하고 있습니다. 기대를 저버리지 않는 코난!! 엄지 척!!넘나 좋은 것!! ㅎ  
20170109,10,코난 엄청 기대되네요~!!!!  
20170109,10,믿고 보는 코난 너무 기대 되요!!!  
20170109,10,기대됩니다!!ㅋㅋㅋ캬캬  
20170109,10,완전 기대되요!!~~^^  
20170109,10,코난이라 10점은 주다만 이건 떡밥요소까지있는걸 스페셜로 안하고 돈내고 봐야한다니 웃긴다.ㅋㅋㅋㅋ 심지어 일본에선 티비로 한걸 여기선 극장에서 개봉하면 어쩌자는거지...  
20170109,10,뭘까요?? 뭔가 모르던 것들이 공개될거같아요~!! 기대해요!!  
20170109,10,20년째 꽁냥꽁냥 도일 미란..ㅋ 고녀석들 귀여워서 자꾸 보게 되는..ㅋㅋ  
20170109,10,1편 내용 가물가물 했는데 이번거 보고 1편 복습 다시해도 좋을듯..ㅋ 프리퀄이 이렇게 조쿠나~ㅎㅎ  
20170109,10,진실은 언제나 하나!도일&미란  기대하고 있음!!  
20170109,10,제발 12세 이하는 오지말자  
20170108,1,속지마셈 그동안안나온내용 하나도없음 다 아는내용임 이거 그냥 다 아는내용 최신작화로 리메이크한거다.... 돈 아까움 보지마세요  
20170108,1,"조센 호갱들이 마냥 좋다고 쳐보니까 일본에선 TV로 보여준걸 극장에서 개봉하지, 부끄러운줄 알아라  "
20170107,10,"코난이니까 일단 10점 주는데 일본에서 TV 스페셜로 방송한 걸 극장으로 개봉할 줄 몰랐네요. 자막 그렇게 잡길래 14기랑 같이 TV방송 해 주는줄 알았더니 극장개봉ㅋㅋ,, 에피원이 극장에서 할 내용은 아닐텐데?  "
20170107,10,이 영화 빨리보고 싶습니다 지금도 빨리보고 싶다!  
20170106,1,이걸 개봉하냐 CJ야? 실종사건은 봐줄만한데 이건 아닌것 같다. 걍 판만 벌려놓고 팬서비스 한 느낌드는 스페셜이였는데  
20170106,10,재미있겠다~ 빨리 개봉했으면~!  
20170105,10,코덕입니다^0^ 묻지도 따지지도않고 보러가야지  
20170104,10,예전것도 다시 하지만 좀더 자세하게 나오겠고 화질도 좋고 코난이라 너무 궁금합니당 기대되용!! 꼭 보러가겠습니다!!  
20170104,10,이것 때문에 14기 오프닝이 예전껀가?  
20170104,10,2시간 스페셜짜리 못봐서 낙담하고 있었는데 극장 개봉이라니 .. 개봉하자마자 꼭 보러가야겠네요 !! 1기 1화의 장면들을 요즘 그림체로 볼 수 있다니 .. 기대됩니다 ♡  
20170104,9,역시 개봉을 하는군요.. 진홍의 연가도 이번에 개봉될지 걱정입니다. 그냥 극장까지 보러가기엔 좀 아쉬움이 많지만 신이치와 란의 꽁냥꽁냥을 보고싶다면 추천드립니다.  
20170103,10,와 기다리고 기다리던 코난 영화 핰핰 계속 계속 기대하고 있다~^ 기대를 저버리진 않겠지?  
20170102,1,일본에서 방영했을때 코난팬으로서 많은 기대를 했다. 하지만 극장가서 돈주고  보기에는 돈이 아까운 극장판이다  애니로 보여준 부분이 반이상을 차지하는 극장판이다. 이런걸 극장에서 상영할려는 cj가 이해가 되지않는다.  
20170102,1,2시간 스페셜방영한걸 극장판이라고 쳐파네  
20170102,10," 그래 일단 코난이니까 10점은 주는데, 아니 이사람들이 돈에환장했나 아니면 진홍의 연가 대신 임시방편으로 사용하려는거야뭐야;이건 일본에서는 무료인데 왜 우린 돈주고 사야하냐고..배포하는 블로그 글 다 막을때부터 알아봤다.이러지맙시다 네?  "
20170102,10,일본에서는 티비 방송으로 하던데 한국은 영화로 개봉하네요...ㅠㅠ저도 엄청 기대하고 알람맞춰놓고 봤었는데 조금씩 바꼇더라고요 ㅎ핸드폰이 나오기도하고 ㅋㅋ 그때는 없었는데 아무튼 여러분 즐겁게 보길 바랄께요 ㅎㅎ  
20170102,4,이미 본 사람으로서 솔직히 돈주고 보기엔 좀 아깝다고 생각해요 그냥 전에 있던 내용들을 현재 그림체로 리메이크 한 작품인데 극장판으로 내보내는건 좀 아닌듯...내용이 그닥 특별한건 없고 눈정화만 되는 느낌이랄까..돈벌려고 너무 작정한듯...  
20170102,5, 일본에서는 공짜로 방영했는데 우리나라만 돈내고 보는거다.이거주홍색  러브레터방영 안하니깐 하는것 같은데. 게다가 이거 원래는 2시간 짜린데 95분이뭐야.. 뭐가짤리는지 모르니깐.. 내 애들보려고 보는건데.. 아 버본..라이..아케미.. 시호..  
20170101,10,에피소드 원 보고싶었는데 잘됬다!  
20170101,5,이건 일본에서 2시간 스패셜로 tv에서 방송한건데 2번째 2시간 스패셜 개봉이네요. 근데 이게 워낙 짧고 뒤에는 그냥 그동안나온거 정리하는거라 극장개봉보단 tv에서 방송해야하는데 tv보다 극장이 수익이 더 좋아서 인가 봅니다.  
20170101,10,제가 워낙 코난을좋아해서 12/17에 공개되자마자 영상과 자막 모두 구해서 소장중인데 정말 역대급이라 할만큼 정말 눈호강했어요!신이치(남도일)하고 란(미란) 데이트장면이라던지...! 그래서 전 자막판은 요즘 매일 보고있지만 더빙판도 나오면 보러갈거에요  
20161231,10,벌써 빨리 보고 싶습니다.  
20161231,10,잼있을것같은데 95분 밖에안하네;;  
20161230,4,개인적으로 개봉 안하는 걸 추천하네요 이걸 극장판으로 개봉하기엔 애매한 내용인 것 같고 그냥 전율의 악보나 개봉해주는게 좋을거 같네요  
20161230,10,이거 꼭!! 보러간다 와 진짜 감격스럽다 화염의 해바라기 5번 보고 이차원의 저격수 7번 보고 지켜웠던 중이 였는데  
20161230,7,이미 일본판으로 보았습니다..일단내용은 좋은데 극장에서 개봉하기에는 무리가 있는 작품..그리고 망한다에 한 표 합니다..좋은작품이지만..결국 시종사건이랑 비슷하에여..  
20161230,5,"자막으로 봤는데, 다시 만든거라 화질도 좋고 약깐 더 현실적이기도 한데 내용은 똑같고 하니깐.. 별로..  "
20161230,10,와 코난 1기1화 리메이크... 진심 개봉일에 보러간다  
20161230,10,"이미 봤긴했지만, 일본판으로 개봉된다면, 봐야지..근데, 이거 개봉되도, 주홍색도 따로 개봉되겠지?  "
20161230,10,진홍의 연가는 아쉽지만 (ㅠ) 이 스페셜 내용은 디게 재밌었으니... 극장가서 꼭 봐야겠어요!!!><(코덕)ㅋ  
20161230,10,와 일본어판인가? 그럼 보러 가야지  
20161230,10,기대는 되는데 망한다에 한표입니다..  
20161229,10,이건 봐야 겠군!!!!  
20161229,10,와 이게 개봉하네 무조건 봐야지  
