0,1,2
20170222,10,역시 소드아트온라인은 꿀잼입니다^^  
20170222,10,9점 유지하자 내가 볼건데 평점 9점정돈 되야지  
20170222,8,"금빛 모자이크, 러브라이브 까진 몰라도 이건 좀...오글거린달까..  "
20170222,10,뭐 더이상 말이 필요 합니까?  
20170222,10,23일 바로갑니다!!  
20170222,6,소아온.. 재미는 있지만 명작은 아니지...;  
20170222,10,많은 애니를 접해보는데 정말 재밌다는 애니를 몇개 떠올려보자면 소아온을 빠뜨릴 수가 없다. 극장판도 많이 기대된다  
20170222,10,재밋겠네 가나다라마바사  
20170222,6,네덕들 전용 애니 소아온 ㅇㅂ  
20170222,10,하아... 정말 너무 기대되서 잠이 안오네 소아온 명작애니 극장판!! 빨리 보고싶다 ㅠㅠㅠㅠ  
20170222,1,네다음 양판 아트 온라인  
20170221,10,내가 장말 인상깊게 보았던 애니가 극장판으로!!  
20170221,10,메갈퇘지들 아갈다물자 ㄹㅇ메갈 생각없는 혼모노 새끼혼모노 뜻알고 쓰자 (혼모노=진짜)  
20170221,10,시사회가서 열심히 응원하겠습니다  
20170221,10,키본좌 오신다..꼭 봐야 한다..  
20170221,10,너도 찐따 인정각 ㅋㅋㅋㅋ  
20170221,9,"내가 덕후가 되었던 계기가 ""소아온""이였지.한국에서 애니극장판을 보는것도 이제3번이구나한국에서 상영되어 내가봤던 top이였던 애니극장판1개를 말해보지.Top2015년 러브라이브 극장판 스쿨 아이돌 무비!:이건 레전드였지. 지금도 잊을 수 없다..  "
20170221,10,아아 드디어 개봉한다!!! 내 인생작인 만큼 기대하겠습니다.  
20170221,10,진짜..와..소아온 영화나온단 사실을 처음에 접했을때는..루머인줄 알았는데 진짜로 나오네요..우와..제 입덕작  꼭보러갑니다..  
20170221,10,정말 재밌게 봣었죠 애니...기대됩니다  
20170221,10,"원피스 제외하고 인생살면서 처음으로 울고 2주일동안  링크스타트휴유증걸린애니인데 극장판까지 일본시사회다녀오신분들이 이거 정말 재밌다고합니다, 개봉하자마자 무조건 달려갑니다. 눈물나네 하...ㅠㅠㅠㅠ!  "
20170220,10,메가박스말고 전국 영화관에 햇으면 좋겟다 ㅠㅠ  
20170220,10,예매 완료!!! 이제 보러가는 일만 남았닷!!! 링크 스타트!!!  
20170220,10,소드아트온라인 - 오디널스케일 이 아니라 그냥 오지는스케일인듯.. 일본시사회 다녀왔는데 너무 재밌었어요.. 여러분 꼭 보세요  
20170219,4,"어그마가 뭐임;; 어감이 ""어 느금마"" 같음  "
20170219,10,스타..버스토...스트리ㅁ무!!!!  
20170219,10,어째서 상영예정시간표가 서울내 3개의 메가박스밖에 없는거죠? 나중에 추가되겟죠? 안그래도 집근처에 메가박스없어서 차타고 30분가야되는데  
20170219,10,키본좌님 오신다!!!  
20170219,7,개인적으로 애니를 안보는 사람인데 소아온은 재미있게봤었다. 그래서 영화는 볼건데 또 너의 이름은같은 반응나오면 가차없이 1점이다. 보아라 결국 1점이다.  
20170219,1,무슨 덕후만화가 평점이 이리높아  
20170219,10,볼 수 있으면 볼렵니다 나의 입덕애니 소아온링크 스타트!!  
20170219,10,너무 기대됨 데스웅~~~=  
20170219,9,유튜브에서 보니까 키리토가 아스나 덮치는부분있다;  
20170218,10,"일본 신주큐 토호시네마에서 보고 왔습니다.재미 500% 입니다.등장인물의 총집합. 극장판의 고퀄액션신. 부드럽게 이어지는 스토리.마지막으로, 키리토와 아스나의 애니판에서 볼 수 없었던 그 씬(?!).소아온 팬이시면 꼭 보세요.  "
20170218,10,소아온2기까지 다봤는데 진짜 명작이네요. 요즘 증강현실을 다루는 포켓몬고가 유행이기도하고 20년후에 너브기어도 나올것같음.가상과 현실의차이는 정보의 총량 차이라고 가상세계에서도 촉감과 후각을 구현할수있다면 가상과 현실의 경계가 모호해지겠죠.  
20170218,9,오디널 스케일에서도 키리토는 1등.그리고 SAO will return  
20170218,10,소아온 팬이기 때문에 이번에도 기대해봅니다  
20170218,10,뱜바파퍄뱌바바바바밤  
20170218,7,"난 어찌어찌 예매했지만, 나머지 사람들은 큰일이다. 통수 개봉에, 서울 개봉관은 코엑스가 유일. 나처럼 새벽잠 없는 사람이면 예매, 아니면 뭐 그냥 손가락 쭉쭉 빨아야지. 충격이다 증말...  "
20170217,10,머 마지막에 3기 떡밥없나??유지오가 나무팬다거나  카야바가 오션터틀에서 pa 실행한다거나  
20170217,10,아 내 인생애니 또 얼마나 재밌을까ㅠ꼭 보러갑니다 꼭  
20170217,10,소아온 2기까지 잘 만들었는데 이제 극장판까지 대박나기를!  
20170217,10,완전 기대됨^^ 23일 영화관으로 달려간다ㅏㅏㅏㅏ  
20170217,10,이도류 나왔으면 ㅋㅋㅋ  
20170217,10,누가 10점 아래로 주냐  
20170216,10,완전 기대됩니다23일 아침에 일어나서 바로메가박스로 갈겁니다 내가먼저 애매 함 ㅋㅋㅅㄱ  
20170216,10,보고픈데 하는곳이 별로없네.. 러브라이브 선샤극장판도 못봤는데 하는곳이 많이 없어서..  ㅠㅜ 금빛모자이크 극장판이나 보러가야지.  
20170216,10,소아온 팬인데 정말 재밌을것 같아요!  
20170215,10,정말기대되요^^ㅎㅎㅎ  
20170215,10,얼마 안남았다...개봉하자마자 보러가야징  
20170215,10,봄방학중이니까 가야겠다.  
20170215,10,이건 반드시  봐야  합니다  
20170215,10,이건 꼭 봐야돼.!!!!  
20170215,10,내가 처음으로 본 애니이자 내가 덕후가 된 계기가 된 명작! 소드 아트 온라인!  Ost들도 너무나 좋고 스토리도 넘나 좋고 그런 소아온이 극장판 이라니 너무 너무 너무 기대가  되네요~  
20170215,10,벌써부터 두근 거리내요 제 입덕애니 소아온 ㅜㅜ 링크 스타또-!/  
20170215,10,앞에 12분잠깐 상영한거 봤는데 진짜 재밌을 것 같네요!  
20170215,10,남주(키리토)도 잘생겼고 여주(아스나)도 예쁘고 완전 인생애니!!!!  소드아트온라인 극장판 개봉하자마자 학교 학원 빼서라도 보러간다!!!  
20170215,9,소드아트온라인이 와우같은 세계가 기반이면 전멸일텐데  국내나일본 게임기반으로 단순 보스잡이레벨업  스토리 진행이라 다행이라고 생각함 영화흥행은 너의이름은 의   절반정도만 해도 대박일것임  
20170215,10,소아온 극장판 빨리보고싶네요  
20170215,10,라노벨 판을 바꿔 버린 휼륭한 작품  
20170215,10,제발 롯데시네마에서도상영해쥬세요ㅠ안해주면 자살각  
20170214,10,"""오타쿠라고 뭐라 하는 분들.그렇게 남 인생에 간섭이나 하는 짓 부터 고치시길. ㅉㅉ"" 라고 해서 베스트 올라간 사람입니다. 혼모노라고 오해하실까봐 삭제하고 작성합니다.  "
20170214,10,2월 23일날 개봉하는거면 한국 개봉은 늦어지나요?? 제발 동시개봉 안되나ㅠㅠㅠㅠ  
20170214,10,기대합니다..!! (이번에 극장판 시사회 한다면.. 초판 괜찮은거줄려나..?ㅎ)  
20170214,5,그냥 반반인듯 딱히ㅋ ㅋ  
20170214,1,네뜨억들의 영원한 우상 걸레닦이  
20170213,10,저번에는 극장판이라고 나왔던 게 실망적이었는데 이번에는 광고영상을 보니 잘 만든 것 같네요. 작화가 ㄷㄷ 작화팀 손이 남아나질않을 듯... 기대되네요  
20170213,10,드디어 영화로!! 오오 기대만빵 ㅜ  
20170213,9,덕이든 아니든 영화관 예절 지켜주시길  
20170213,10,싫어요 충새끼하고 맨아래쯤댓글들은 두뇌우동사리 새끼들많네..분명이글도 싫어요달릴테지 안 그래 싫어요충들아? 싫어요누르면 찔리는거다ㅋ  
20170212,10,ㄹㅇ 존재 자체로 빛이 나네  
20170212,10,소드아트온라인 진짜로 재밌는 애니인데 극장판으로 나오니깐 기대가 엄청 크네요 ㅋㅋㅋㅋ일단 이 애니를 무척이나  좋아하기 때문에 재미없어도 평점 10점을 주고 싶네요^^  
20170212,10,소아온 3기까지 가자!!  
20170212,10,전 10번정도보러갈예정  
20170212,1,취향은 존중한다만 제발 영화관에서 노래 따라부르진 말자 리얼 호.... 《혼모노》다.. 초딩도 안하는 짓을 하네  
20170212,10,오랜만에 키본좌님 무쌍액숀 볼수있겠군녀  
20170212,1,코이츠와 『혼모노』다....  
20170212,10,소아온 명작 ㅠㅠㅠ 극장판이라니 꼭봐야지 ㅠㅠ  
20170212,1,대부보다도 평점 높아서 1점 드립니다  
20170211,10,하렘 진짜 싫어하지만 소아온은 괜찮아 SAO클리어하고나서부터는 조금 노잼이긴함 SAO가 워낙에 재밌어서 그래도 이번극장판이랑 3기는 겁나 꿀잼일꺼라니까 믿고 봐야지뭐  
20170210,10,400만 가자!!!!  
20170210,10,특별상형 예매성공했다... 25일이 빨리 왔으면!!!  
20170210,1,취향은 존중하는데 혼모노새끼들 씹극혐  
20170210,10,혼모노들때문에 무섭다... 너의이름은도 그정도였는데;  소아온은  원나블급은 아니어도  그래도 좀 대중적이니까  혼모노 비율이 그렇게 많지는 않겠지...?  
20170210,10,23일에 메가박스로 달려야겠네  
20170210,10,드디어간다 링크스타트!!  
20170209,10,하앍 시논짜응 어머 저건꼭 봐야해  
20170209,10,인생애니가 극장판으로 돌아왔다  
20170209,10,뭐 시간이 난다면 보러갈까나Ost 되게 좋네요  
20170209,10,키본좌 영접하러 갑니다 그리고 언더월드 스토리 기대하고 있겠습니다  
20170209,10,소드아트온라인  애정합니다 ♡  
20170208,10,소드 아트 온라인 극장판이 한국에서 상영할 줄 몰랐는데 상영한다니 너무 기쁩니다! 개봉하자마자 달려가야겠습니다^0^  
20170208,10,아진짜기대많이된다 빨리개봉날왔으면 재미있어서 애니재탕만 몇십번한애니..내입덕 내최초올초판라노벨구입까지한 소아온 ㅜ3기도나와서 빨리 앨리스움직이는거보고싶네  
20170208,10,"다 필요없습니다.링크, 스타트!  "
20170207,10,봐야해봐야해봐야해봐야해봐야해봐야해무조건봐야해봐야해봐야해죽어도봐야해봐야해  
20170207,10,상영하면 꼭 보러가야지  
20170207,10,1기 1쿨의 감동을 느껴보고 싶다  
20170207,9,무조건 보러간닷!! 초판한정 아이템이 있길...  
20170207,1,"링크 스타트가 아닌,  뮤즈, 뮤직 스타트!!!  "
20170207,1,과연 국내에서 관객수는 몇만명을 동원할까?일본에선 인기가 굉장하다는 아이마스가 3만명을 못넘긴 2만9천이다.씹덕애니가 5만명만 넘으면 흥행한다 봐야한다.분명 10만 못넘긴다. 하이큐도 10만 못넘겼으니..(러브라이브 13만 관객은 절대 못넘음)  
20170207,10,"3기가 나온다니...갠적으로 아인크라드편은 도입부, 팬텀과 페어리댄스편은 엘리시제이션편의 발판이라 생각하기 때문에 진짜 기대됨ㅠㅠ 영화개봉하면 바로 보러가야지ㅠㅠㅠ  "
20170207,10,전설이.. 다시 시작되려 하는가..!  
20170207,10,너의 이름은 때문에 개봉한다는 느그이름충들 진짜 답없네..  
20170207,10,꺄아아!완전기대돼!!!!  
20170207,10,너의이름은 때문에 밀어준다고 생각하시는메갈년.키보드워리어가 있나본데시x 니들이 고스트 메신저 제작비 준적은있니?그 김치워리어보다 작화.성우 좋고 하는데진짜 그 제작비보다 못해 김치워리어가진짜 우리나라 망신이네 ;;  
20170207,1,뭐야? 또 폭동이야? 으휴 오타쿠들. ㅉㅉ  
20170207,1,느그 이름은 떄문에 오덕 영화가 점점 판을 치네;;  
20170207,10,드디어 소아온 극장판 개봉!!  
20170207,10,소아온 모욕하는 놈들 대가리에 우동사리꼈냐?  
20170207,10,진짜 소아온  개봉하자마자 보러갈겁니다  
20170207,1,ㅅ1ㅂ 혼모노 새끼들 냄새가 여기까지 난다  
20170207,1,헤헿 등수내려버리기 굳  
20170207,10,드디어 소아온 극장판이...!  
20170206,10,평소 소아온 빨듯이 제대로 빨아재끼고 온다  
20170206,10,꼭 보러 갈 거다. 내가 많은 애니를 봤지만 이렇게오래된 애니가 퀄리티 가 아주 높았다  
20170206,10,오디널 스케일  링크 스타트!!!! (키리토 제발 이도류....)  
20170206,10,소드 아트 온라인 소설 원작과 TV애니메이션을 보다가 극장판으로 이번에 보게되네요^^ 많은 추억을 쌓고 그 기분을 간직하고 싶습니다.^^  
20170206,10,으어어 입덕작이다앗 극장판 개봉일에 보러가야지  
20170206,10,소드아트온라인 그냥 좋아 말이필요없다.  
20170206,1,춥다 티비르자아라들아  
20170206,10,3기 언제 나오냐.10자  
20170206,10,링크스타트 ~이거보러갑니다  
20170205,10,소아온 보고잇는데 극장판!!!매우 기대됩니다.극장판 흥해서 3기도 얼른 나왓으면 좋겟어요!!  
20170205,10,소아온 소설 다음편 기다리고 있습니다 ㅎㅎ3기 기다리시는분들 유지오 죽습니다 ㅋㅋㅋ  
20170205,10,솔직히 이건 꼭 봐야된다  
20170205,10,이건  10점을 줘도 모자라는 만화  
20170205,10,최고의 명작 애니 소드 아트 온라인 꼭 보러간다 스타버스트 스트림!!!  
20170204,10,당신... 나태하군요?  
20170204,10,소아온은 진심 사랑이예요!! 크으.. 키리토랑 아스나 짱짱!! 꼭 볼꺼예요.. 완전 기대남발  
20170204,10,키리토 무쌍이나 봐야지  
20170204,10,소아온은 입덕게기 애니지.  
20170204,10,맞층 ㅠㅠ맞층 꼭 보러갈게요ㅠㅠ  
20170203,10,이 애니 처음 보지만 10점주고가요 제가 볼거니까요.  
20170203,10,믿고  보는  소아온!! 꼭 봐야죠  
20170203,10,꼭 보고싶습니다...  
20170203,10,어머 이건 꼭 봐야해!!!  
20170203,10,극장판작화로 무쌍을 보는게 기대됨  
20170202,10,하핫 메가박스에서의 정모가 기대가 되네요  
20170202,10,링크 스타트!!!!빰빰빰  
20170202,10,믿고 보는 키본좌...  
20170202,10,와   소아온 대벅3기까지  와  굿  
20170202,10,제가 정말 좋아하는 작품이자 제 입덕작입니다!! 정말 기대됩니다!!  
20170202,10,소설 다봤습니다 정말 기대합니다  
20170202,10,상영시간 2시간 액셀월드 인피니트버스트 같은게 아니길 바라며 개봉한주 토요일에 보러 갑니다.저도 링크 스타트!  
20170202,10,정말 기대되는 작품 중 하나.  
20170202,10,꼭 보러간다...무슨일이 있어도 보러간다...  
20170202,10,키리토는 역시 먼치킨인데 과연 이번에는 먼치킨일까???너무 기대되네여 제발....  
20170202,10,"어서오세요, 라스에 SAO will return.  "
20170202,10,"소설(라노벨)이랑 애니도 다봤는데 드디어! 여러분, 19권 발매 및, 3기 제작 확정이랍니다.. 극장판도 보고 기다려야겠어요!!  "
20170201,10,r기대된다..2시간 8분인걸 보면 스케일이 엄청난 것같은데...  
20170201,10,소아온...내입덕작 개봉하자마자 보러간다;  
20170201,9,내가아는 아스나의 얼굴이아니야 저건그래도 기대는 된다;;;  
20170201,10,나왔다! 소드아트온라인 극장판 오디널 스케일  
20170201,10,빨리보고싶당 언제나올깡  
20170201,10,인생애니 보러갑니다.  
20170201,10,기대합니다링크스타트!!  
20170201,10,소아온 극장판 두근두근 재밌겠당 에헤헤헿ㅎ  
20170201,10,SAO will return  
20170201,10,"빨리 보고 싶어요! 1,2기 둘 다 재미있게 봐서 ㅎㅎ  "
20170131,10,키리토 현실 먼치킨 가능하냐  반응속도 말고 신체능력 어쩔거  
20170131,10,기대하고있습니다  SAO will return 이라는 문구와함께 3기도 거의 확정이 됬고 이젠 기다리는 일밖에 남지않았네요  모두 소도 아또 온라인 링크 스타토!  
20170131,10,오옹오 2월23일 국내개봉이 확정된것인가!! 어디서 상영하든 꼭보러가야겠다  
20170131,10,국내 개봉 빨리 했으면 좋겠군요  
20170131,10,소드아트온라인 첫 극장판 기대합니다!  
20170131,10,소드아트온라인-오디널스케일 언제개봉될지 궁금했는데 얼마 안남아서 기대된다. 얼른 개봉하면 좋겠다.(저금중.)티켓:5000~7000팝콘&콜라:8000최소예산:1300중간:1400최대예산:15000  
20170131,10,이거 전국에서 상영하나요 ? 극장에서 보고싶은데  
20170131,10,일본 시사회에서 영화 마지막에 3기 확정 멘트 나왔답니다. 영화 끝나고 내년쯤에 3기도 나옵니다. 이거 보면서 감격해서 우는 사람들도 있었다니까 기대해도 좋겠죠... 링크 스타트!  
20170130,10,키리토 무쌍이 다시 돌아온다  
20170128,10,"1기, 2기 모두 잘 봤습니다. 극장판으로 나올 줄은 몰랐는데 정말 기대되네요.  "
20170127,10,제발상영많이해주길 ㅠㅠ..극장판기대하고잇어요  
20170126,10,"소아온 프로그레시브 1,2권만 읽어본다고 샀는데 다음 내용이 너무 궁금해서 3,4권도 질렀습니다. 극장판 기대합니다.  "
