0,1,2
20170612,1,아이들이랑 봣는데 다같이 자느라 시간가는줄 몰랏네요~~  
20170612,1,딸아이와 함께 봤습니다.가족영화로 추천합니다.  
20170612,1,우리아이들이 좋아해요^^  
20170608,10,개인적으로 기대되는 영화  
20170604,10,아이들이 좋아하는 동물들이 많이 나와서 재미있게 봤어요  
20170601,10,꼬마돼지 베이브~~캐릭터가 너무 귀여워요!!기대만빵!  
20170601,10,기대됩니다아이들이 좋아할거같아요  
20170601,10,너무 기대되요~최고일듯해요  
20170601,10,원작보다 더 재미있을것 같아요^^  
20170601,10,아이가 무척좋아하는 동물 캐릭이라 무척 기대됩니댱다  
20170601,10,아이와 함께 보기 좋아요^^  
20170601,10,아직 보기 진인데요 너무너무 기대가 돼네요  
20170601,10,아이들과 좋은 경험이 될것같아요  
20170601,10,아이들이  재밌겠다며~~~  기다리네요~~~  
20170601,10,즐감하겠습니다. 너무 기대됩니다^^  
20170601,10,아이들이 좋아할거같아요~^^  
20170601,10,아이와 함께 보러왔어요~ 기대만빵^^♡  
20170601,10,돼지 나오니 애들이 꺅꺅ㅎ! 기대기대하고.봅니다! 두근두근  
20170601,10,귀여운  꼬마돼지 베이브의  대모험 너무  기대됩니다생일 케이크를  지키기 위한  모험아이와  어른  모두 재미나고 신나는 모험 떠나보아요  
20170601,10,애들이랑 보기에 재미있어요  
20170601,10,잘볼께요 ㅎㅎㅎ잼나요 ㄹㅎ  
20170601,10,아이들응 동심의 세계로 아니 제가 더 기대되는 영화네요^^*  
20170601,10,아이가 많이 기대했어요.귀여운 동물 캐릭터가 많이 나와서 기대만빵입니다.  
20170601,10,너무 귀여운 베이브~강추  
20170601,10,완젼완젼기대~~^^아이들이 좋아할 캐릭터예요~~^^  
20170601,10,베이브와 친구들의 신나는 모험 기대되네요~동물들이 많이 나와 아이들이 많이 좋아할것 같아요~  
20170601,10,아이들이 좋아하는 꼬마돼지 베이브의 대모험 정말 기대되네요!! ^^  
20170601,10,귀엽고 알록달록한 그림~ 재밌을 것 같아요^^  
20170601,10,베이브 너무 귀여워요!!?너무 기대되요  
20170510,10,오~ 재미있어 보이네요 ㅎㅎ 조카들 좋아하겠어요~ ㅎㅎㅎ  
20170306,10,헐~? 귀여워 ㅋㅋㅋㅋ  
