0,1,2
20180103,5,겉은 쎄보이지만 속은 여리다는 애니메이션 중에서 가장 식상한 주제... 얘들 상대로 그만좀 우려먹어라  
20180102,1,개봉을 얼마나 기다렸는데 왜 더빙뿐이죠???  더빙 말고 한글자막으로 보고싶다고!!!!  
20180102,7,"그림체가 마음에 든다,  "
20180101,10,리오 페르디난드 오랜만이고  
20171231,10,W!!W!!E~~~~ 췜피언~~! 조오오오온 쉬! 나~~~~빰빠밤빰~빰빠밤빰  
20171228,1,요런거는....재미없음  
20171228,8,시사회 에서요~~~.  
20171228,9,아직 개봉전인데 어떻게 본거죠?  
20171227,10,해외에서 봤습니다^^ 원작 동화를 보고 가면 더 재미있게 볼 수 있어요. 너무 좋았어요.  
20171225,9,딸이랑 시사회로 봤는데 재미있어요  
20171223,9,너무 사랑스러운 페르디난드~~♡♡  
20171223,8,갈수록 재밌어지는 전개랑 뚯하지 않게 댄스가 많이 나와서 신났어요... 재밌었어요.  
20171223,10,너무 감동적이고 재미있어요! 페르디난드  
20171223,10,쌍둥이 아들들 데려가서 봤는데 완전 신나게 봤어요!  
20171223,10,짱짱 ㅎ 재미있어여 추천  
20171223,6,재밌어요..잘봤습니다~^^  
20171223,8,4살짜리꼬마둘이 끝까지 앉아서 본영화  영상이 넘 이쁘나 엄마언제 끝나요 2번물어보더라구요. 감동중심 스토리..  
20171223,10,매우 유익해서 애들한테 좋아요  
20171223,9,가족들과 즐겁게 봤어요~덩치만큼이나 순수한 페르디난드 잼나게 봤어요~  
20171223,10,춤추는  소블리~~너무 재밌네요~역쉬  기대한만큼  재밌었어요  
20171223,10,최고입니다!!  감동적이고 재밌어요!!  
20171223,10,최고!!!ㄹ!!!재밌어요  
20171223,9,재미있어요~아이랑 처음 같이본 영화네요^^ 오래  기억될듯 싶어요^^  
20171223,10,페르디난도  너무재미있어요. 아이오봤는데 좋네요  
20171223,10,완전 완전 완전 감동이요  
20171223,9,너무 재미있고 페르디난드 어릴때 너무 귀여워요.  
20171223,10,감동적이고  재미있어요  
20171223,10,ㄴㅓ무감동적온가족ㅇ콜  
20171223,9,소블리의 러블리한 모습 짱^^  
20171223,10,애들한테좋네요 최오 최고  
20171223,10,꽃을 사랑한 소 보고파요  
20171223,10,아이들과 보기 좋네요~~  
20171223,10, 짱짱이에용강추합니다  
20171223,10,너무 신나게 웃으며 봤어요  
20171223,10,페르디난드 완전 감동적인 애니메이션이예요^^~♡강추~  
20171223,9,기다렸던   영화   너무 재밌게봤습니다다들  즐겁게  보세요  
20171223,10,좋아요너무 좋아요  좋아요  
20171223,10,재밋어요 아주아주아즌  
20171223,10,초등학생들과 너무 잼나게 봤네요~~  
20171223,10,와~아이들과 보기 넘 좋네요~감동적이고 재밌어서 정말 재밌게봤어요^^  
20171223,10,너무 재밌었어요~최고예요^^  
20171223,10,감동이 있는 페르디난드  
20171223,10,재미있어요 잘봤어요 네  
20171223,10,너무 좋아해요~~^^  
20171223,10,눈물과 감동이 함께하네여 가족영화로 대만족입니다  
20171223,10,너무즐거운 가족의 시간 된 가슴따뜻한영화  
20171223,10,재밌게 잘봤어요. 추천해요!^^  
20171223,10,완전 재미나요 즐겁게 보고왔어요  
20171223,10,재미나요정말요재미나요  
20171223,10,애들이 재미있게 봤어요  
20171223,10,너무너무 재미있어요~~♡♡♡^^  
20171223,10,너무 잼나고 즐거웠어요~대박 나세요^^  
20171223,9,너무 잼있어요. 최고예요  
20171223,10,너무 재미있게봤어요. 최 고  
20171223,10,재미있어요 추천합니다  
20171223,10,너무 재미있어요ㆍ팡팡  
20171223,10,정말재밌어요  짱입니다  
20171223,10,재밌었어요 재밌었어요  
20171223,10,너무 재미있어요! 계속 웃다 나오네요  
20171223,10,재미있었습니다 화이팅  
20171223,10,최고예요 페르디난드~!!!  
20171223,10,짱 잼나요.계속 웃으며 봫어요  
20171223,10,중간중간.재미요소가많아요  
20171223,9,아이들이 보기 아주 좋은 영화였어요.꽃을 사랑한 페르디난드 재미납니다.  
20171223,10,좋아요 잘봣어요좋네요  
20171223,10,재미잇었어요. 또 보고 싶어요  
20171223,10,정말 재밌어요 조아여 ㅎ  
20171223,10,잘봤어요 내용이 너무 굿  
20171223,10,시사회봤는데 넘 재밌고 감동입니다  
20171223,10,펠르디난드정말 재밌었엉?ㄷ  
20171223,10,정말 유쾌하고재미있어요.  
20171223,10,너무 재미있고 감동이에요^^  
20171223,10,넘재밌어요 강추~~~  
20171223,10,자녀와 보기 좋은 영화예요~ 감동있어요~^^  
20171223,9,정말 재밌게 잘 봤어요 ㅎㅎ  
20171223,10,아이가 넘 좋아하네요꽃을 좋아하는 소라니 페르디난드 또볼래요ㅎ  
20171223,10,진짜 재미있었어요~~  
20171223,9,아이가너무좋아해요페르디난드 넘나매력적이고용~~^^  
20171223,9,페르디난드 넘 멋진황소 !!!와 친구들 스페인을 배경으로 한 영화사랑을 알게해주는 영화 재미나게 봤어요.  
20171223,10,아이들과 보기 너무 재밌는 영화네요흥미진진 최고였어요크리스마스에 꼭 보세요  
20171223,10,아이랑 보기에 재밌네요~~  
20171223,9,좋아요 감성적인 페르디난도  
20171223,10,재미와감동까지 추천해요  
20171223,10,너무 감동적이고 재미있었어요^^  즐겁게 웃고갑니다  
20171223,10,정말 잼나는 영화입니다  
20171223,10,아이가 너무너무 좋아해요!!!  
20171223,10,아이들과 함께 보기에 너무 감동적이고 재밌네요  
20171223,10,아이들이 넘 즐가워하네요  
20171223,10,가족영화로좋네요잼있어요  
20171223,10,가족적인 영화 너무 좋았어요  
20171223,10,너무 재밌고 감동적인 이야기네요~^^  
20171223,10,너무 재미있게 잘 봤어요  
20171223,10,넘 잼나요~★ 꽃을 사랑한 소~♥  
20171223,10,감동과 또감동행복한 애니메이션  
20171223,10,페르디난드가 행복해져서 너무 좋아요  
20171223,10,감동적이고 재밌어요^^  
20171223,9,잼있게 봤어요 감동적이기도하고요  
20171223,10,페르디난드 사랑스럽고 재밌어요  
20171223,10,소블리 너무 사랑스러워요  
20171223,10,재미있었어요 내용도 영상도 좋았습니다  
20171223,10,재밌고  감동적이예요^^  
20171223,10,너무 재미있어요. 좋은 크리스마스 선물이 되었네요.  
20171223,10,최고의 가족영화로 추천합니다^^  
20171223,10,페르디난드 정말 재미있게 보았어요.!!!  
20171223,10,감동적이고 재미나요~~가족들과 겨울방학때 꼭 봐야할 영화로 추천 꾹  
20171223,10,가슴뭉클한 부분도  있어고 아이들과 배꼽잡고 신나게 웃었네요~^^♥  
20171223,10,최고의 영화!!!! 보고 있어도  또 보고싶은 영화  
20171223,10,아이들이 너무 재미있게 푹 빠져 봐요^^ 어른이 봐도 재미납니다^^  
20171223,10,온가족 잼나게 본 영화 강추. 착하고 용감한 소♥  
20171223,10,러블리 소!! 페르디난드의 매력에 퐁당 빠졌네요~~아이들이 정말 좋아했습니다~~  
20171223,10,유쾌함과 감동이 함께 하는 가족영화! 강추!  
20171223,10,정말 재밌어요 꼭 보세요  
20171223,9,아주 재미있는 애니메이션 아이와 즐겁게 볼 수 있습니다  
20171223,9,나를 한낱 싸움소라 생각하지 마라. 너무나 사랑스러운 소 한마리 만나보세요^^  
20171223,10,황소들의 비보이춤을 감상하세요.멋졌어요.  
20171223,10,지루할틈도 없이 끝까지 재미난 영화네요~~강추해요  
20171223,9,빵빵터지는 페르드난드..애들과 재미있게 보고 나왔네요  
20171223,10,너무 재밌게 봤어요ㅎㅎ덩치는 크지만 소녀감성가득한 여린 페르디난드♡친구들도 도와주고 사랑스럽네요^^아이들도 하하하 웃으면서 재미있게 봤답니다~  
20171223,10,완전 재미있어요..아이들과보기 딱 좋은..소를 무서워하는우리아들도 너무좋아하고 정신없이 집중..추천  
20171223,10,감동과 즐거운 애니메이션~♡진짜 강추예요  
20171223,10,아이의 관점에 맞춰 감성적인 영화울 아이들에게 기쁨과 감동을 줄수 있는영화예요가족영화로 꼭 봐야하는 영화강추합니다  
20171223,10,광고 보고 너무 보고 싶어해요페르디난드 귀여워요  
20171223,10,재미있어요.아이들이랑 또보고싶네요  
20171223,10,5세 딸과 아주 재밌게 봤어요~~  
20171223,10,영화 재미있어서 아이들이 너무 좋아하네요^^  
20171223,10,강추합니다. 아이들이랑보기너무좋네요  
20171223,10,매력덩어리!!! 페르디난드!! 겨울방학 강추 애니메이션이네요~~~♡  
20171223,10,이렇게 사랑스럽고 러블리 한 소!페르디난드 재밌고 사랑스럽다  
20171223,10,페르디난드 기대했는데 기대만큼 재밌었어요^^겨울방학영화로 추천 짱짱!!  
20171223,10,흥겨운 페르디난드!!! 새해에 겨울방학 맞이한 아이들과 즐거운 시간 보낼 수 있는 영화네요^^  
20171223,10,캐릭터들 귀엽고 이야기도 재미나네요 아이들이 좋아하더라고요  
20171223,10,재밋게 잘 봤어요~ 좋아요~  
20171223,10,와 좋아요. 정말 재미있어요.  
20171221,4,"페르디난드가 아니라 ""퍼디난드""가 정확한 발음 입니다.  외래어표기법도 제대로 안지키는 영화는 정말 기대도 안합니다.  "
20171218,10,페르디난드 우리막내딸이 페르디난드 꼭봐야한데요 자기가 소띠여서 이쁜소띠끼리 뭉쳐야한다고 꼭 보고싶네요 사랑스런 페르디난드~♡  
20171213,10,너무 재밌을것 같아요 ㅋㅋ특히 고슴도치 하늘색이 너무 귀여워요  
20171211,10,아무리 연령대가 아니라도 존시나 목소리 듣기위해 자막판본다  
20171210,10,예전 단편애니메이션으로 봤던거 기억나네 거의 30년전이었던거 같은데 이번엔 장편으로 만들었구나.추억돋네  
20171130,10,조오오온시나 !!! 빰빰빰빰!!  
20171123,10,완전 러블리하당ㅎㅎ 덩치만큼 깜찍하넹  
20171123,10,너무 귀엽소 ㅋㅋㅋ 더빙도 왤케 웃기냐  
20171123,10,아... 페르디난드 완전 귀엽 ㅎㅎㅎ  
20171123,10,캐릭터들 졸귀쓰ㅠ하나두리세찌네찌ㅠㅠㅠ  
20171123,10,존시나랑 페르디난드 싱크로율ㅋㅋㅋ 쩌네  
20171123,10,포스터 심쿵 ㅋㅋ 귀엽당 ㅠㅠ  왠지 약간 감동적일것 같은 ㅠㅠ  
20171123,10,ㅋㅋ 애기때 왜저리 귀여운거야 설레네...  
20171123,10,스페인 원작 동화 너무 좋던데 영화도 기대해요~  
20170927,1,그냥그래요 존시나는 레슬링만  
20170404,10,존 시나가 성우 ! !!!  
20170401,10,일단 10점먹고 들어갑니다!!  
20171123,10,너무 귀엽소 ㅋㅋㅋ 더빙도 왤케 웃기냐  
20171123,10,아... 페르디난드 완전 귀엽 ㅎㅎㅎ  
20171123,10,캐릭터들 졸귀쓰ㅠ하나두리세찌네찌ㅠㅠㅠ  
20171123,10,존시나랑 페르디난드 싱크로율ㅋㅋㅋ 쩌네  
20171123,10,포스터 심쿵 ㅋㅋ 귀엽당 ㅠㅠ  왠지 약간 감동적일것 같은 ㅠㅠ  
20171123,10,ㅋㅋ 애기때 왜저리 귀여운거야 설레네...  
20171123,10,스페인 원작 동화 너무 좋던데 영화도 기대해요~  
20170927,1,그냥그래요 존시나는 레슬링만  
20170404,10,존 시나가 성우 ! !!!  
20170401,10,일단 10점먹고 들어갑니다!!  
