0,1,2
20171101,10,마블리~ 완전 기대할께요~~!!!  
20171101,1,마동석 온대서 시사회 갔는데두시간 잘 자다옴. 요즘은 이해하기 힘든 선비 전통이 바탕이라 일단 지루함.중간엔 괴기스럽다가 막판엔 억지 가족 감동으로 눈물이나 쏟아라식. 한마디씩 던지는 마동석 놀리는 농담도 한두번 웃을거지 반복되니 원.  
20171101,10,별로 재미없을거 같지만..마동석때문에 본다.  
20171101,10,쪼꼬미 마블리!!!안동미남 이동휘!!!  
20171101,10,이거 cgv vip시사회로 보고 왔는데요ㅋㅋㅋ 완전 재밌음 시간되면 또 볼 예정이에요  
20171101,10,마블리 대박 웃김!!!  
20171101,2,"8점대 이상,아이디 클릭해보면 이영화만 평점줬음(알바)-시사반응,구세주2와 리얼급이라고 함  "
20171101,10,웃다가 울다가  엉덩이에 털날뻔 ㅋㅋ너무 좋은내용이었습니다. 이런 영화가 많이 나왔으면 좋겠어요.부모님 모시고 가족이 함께 보시는거 추천!!  
20171101,1,하~ 인간적으로 너무한거 아니냐웃음도 감동도 가부장제에 대한 비판도 어느것 하나 제대로 전달안됨.  
20171101,8,기대하고 보면 실망하고 별 생각없이 보면 볼만한 영화잔잔한 감동영화임 나쁘진 않음  
20171101,5,요즘 마요미가 핫한 것 같다만 이번 걸로 말아먹을 것 같은 불길한 예감이..ㅠ  
20171101,10,꿀잼ㅋㅋㅋ마동석 너무 기여움 ㅠㅠ  
20171101,7,아이고 망했네?ㅠㅠ;;  
20171101,10,코미디로 잽을 날리고 감동으로 펀치를 날리는영화. 양념으로 반전 스토리와 보너스 지창욱까지! 여러가지로 즐길만한 요소가 충분한 작품입니다! 가족들과 보면 더 좋을 듯!!  
20171101,8,재미. 감동. 반전. 코믹 영화에 볼수없는 요소 잘 표현했음  
20171031,1,사람마다 다를수도 있는데 기대하고 보면 안될작품인듯하다 코믹이라 해서 간만에 웃을수있나 싶어 봤는데 공감대가 없어서 그런지 한번도 웃을수가 없었다 돈주고보기엔 아까울듯하다웃고싶다면 차라리 코믹보는게 나은듯..  
20171031,7,제발 좀 웃겨봐라 나도 요즘 웃고 싶다  
20171031,1,예고편봤음..솔직히 진심내용없음 극장가서돈주고보면화날것100%이영화가만일흥행한다면내용보단그냥마동석꽁깍지임  
20171031,10,"마블리 마동석 씨,  동룡이 이동휘 씨 조합 좋아요~ 영화관에서 뵈용~  "
20171031,9,시사회로 봤습니다 웃기기도웃기고 마지막 반전이 살짝 서글픈것도있구 추천합니다!  
20171031,1,강한벌레 / 예림맘 / 람람 같은 알바들의 특징평점 1개 밖에 없음 (이 영화)  
20171031,10,영화를 보니 뮤지컬을 못본게 아쉬워지네요! 시사회 때 육성으로 웃으면서도 마음 한켠 말랑말랑한 그 기분이 참 좋았어요. 이동휘+마동석 부라더스 조합 넘넘 좋네요  
20171030,10,가족이 즐겁게 보기 좋은 영화!!코믹과 공포 가족 사랑까지...완전 강추!!  
20171030,3,글쎄요ㅜㅜ간만에 재미없는 영화를 봐써요 ㅜㅜ  
20171030,1,로마의휴일각인데... 메가박스니 상영관은 많이 확보하겠고 범죄시티 마동석 나오니 마블리 하면서 알바 존니 할듯 ㅋ  
20171030,9,시사회로 봤는데 재밌었어요~!!올만에 코믹영화봐서 좋았어요^^감동도있고 종가집 얘기도 나와서어리친구들이 봐도 좋을것 같아요ㅎㅎ  
20171030,8,웃음은역시나생각했던대로빵빵터지고~반전과감동도있어요~저는울었네요훌쩍이는소리많이나더라구요~그냥보러갔었는데기대이상이었어요~^^부모님과보러가도좋을거같음^^  
20171030,9,이제 윤계상 다음 이하늬 오우 커플 흥행 화이팅.  
20171030,10,"부산 무대인사와서 보러갔었고, 스토리는 보다보면 뻔히 예측되는 스토리(영화 헬로 고스트가 생각나는..)인데 이야기를 잘 풀어냈음. 웃다 가 울다가 시간가는줄 몰랐음. 가족끼리 보는 것 추천드려요 ^^  "
20171030,10,너무너무 재밌어서 또보고 싶어요! 이동휘 마동석 송상은 배우 화이팅!  
20171029,10,영화내내 웃겨요!!!...  
20171029,1,믿고 거르는 삼류 영화 덤으로 이동휘까지 믿거 입니다  
20171028,10,개봉전 무대인사 보고 왔어요..온가족이 다같이 봐도 될 듯한 웃기면서도 뭉클한 감동이 있네요..빵빵 터져서 웃다가 울다가 나왔어요...재밌었어요~^^♡  
20171028,8,"부모님 모시고 영화보러 가세요 그리고 꼭 말하세요 ""감사합니다"" 라고 그러면 이 영화는 평점 10점입니다.  "
20171028,10,시사회에서 봤는데 소소하게 감동도 재미도있어요! 특히 우정출현 깜짝출연을 기대하세용! 여성분은 좋아하실듯 너무 멋지게나옴  
20171028,10,와 오늘 동성로에서 무대인사로 봤는데 진짜 재밌었습니다 ㅌㅋㅋㅋ댓글알바아니구요 진심입니다꼭 보세요 일단 마동섣 이동휘는 재밌을수밖에없는 조합이구요 캐미 오집니다ㅋㅋㅋ 스토리도 전개가 탄탄한데 ㅠㅠ 진짜 남잔데 웃다가 결말쯤에선 울뻔했습니다  
20171028,10,오로라니가 내남친 때렸니?그래서 개값은 언제 갚을래?  
20171028,8,웃기도재밋어욤~~~~  
20171028,10,시사회땜에 보러갔는데 진짜 재밌고 후반부는 너무 슬퍼서 울었음 ㅠㅠ 송상은님 첫영화시라던데 진짜 욕찰지게하시고 비흡연자세용♥♥  
20171028,10,올만에 울고 웃네여 대박 마동석행님짱  
20171028,1,"잘되길 바라지만, 겸손하라는 의미에서 평점을 낮춰드립니다. 그리고 재미있으면 볼테고 재미없으면 안보겠죠? 결과에 순응합시다.^^  "
20171028,9,시사회로 봤어요정말 넘 재밌고 감동적이었어요  
20171027,10,마블리 때문에 웃긴 영화 될것같고 뮤지컬도 너무재미있게봐서 기대됩니다  장유정감독 두번째영화 기대됩니다  
20171027,8,"마동석의 애드립같은 대사, 이동휘의 깐죽연기, 이하늬의 웃음이 아주  기대이상입니다. 추천드려요^^  "
20171027,10,너무너무 기대된다. 최고일듯  
20171027,1,음..이런거 좀 만들지 마라 휴...  
20171027,10,완전 웃겨요ㅋㅋㅋ 마블리  신체에 웃음의 가호가  
20171026,10,범죄영화는 질린다 가벼운 영화라고 하던데 기대된다  
20171026,10,헐... 형제는 용감했다 너무 감동이라 2번봤는데 영화로 나왔네요  
20171025,7,안동의 최고 미남은 이동휘가 아니었어!!!애드리브로 깨알 재미주다가 뒷부분에 한국식 눈물짜내는 뻔한 스토리전개가 살짝 아쉬웠지만 가족영화로 괜찮은듯!  
20171025,10,딸이랑 봤는데 감동도있고 재미도있었어요 보길잘했어요  
20171025,9,재밌게 봤어요 화이팅!  
20171025,10,마동석배우님의 눈물 잘보아씁니다.../*♡ 재밌게 봤어요♡  
20171025,10,시사회 봤는데 역시 믿고보는 마동석!! 진짜 너무 재밌게 봤어요~~ 실컷 웃고 싶을 때 꼭 보러가세요ㅋㅋㅋㅋ  
20171025,10,웃음과 눈물까지 완벽한 영화! 친구들과 또 보러 볼게요. 부라더 화이팅!  
20171025,10,정말 감동적이었어요 장유정 감독님 최고~  
20171025,9,넘재밌어요~꼭보세요  
20171025,10,두명의 조합이 신선하고 재밌어요  
20171025,8,엄마랑 보고왔어요 믿고보는 배우들!!  
20171025,10,마동석짱 이건 닥치고 봐야 할 각!!! 꼭 보세요!!!  
20171025,10,온 연령이 즐겁게 볼 수 있는 영화! 마블리 2연타석 홈런입니다!  
20171025,10,웃음과 감동 모두 있는 영화였습니다. 개봉하고 또 볼게요!!  
20171025,10,잼써용~!! 다들 보세용 ㅎ 웃음도 눈물도~  
20171025,10,진짜 웃김 !! 핵잼 꼭보세요!!!강추 강추  
20171025,10,"마블리와 이동휘배우의 조화ㅠ 감동에 재미까지, 불편하지 않은 가족영화 탄생이에요!!! 꺅  "
20171025,8,ㅋㅋㅋ두분조합이 너무 잘어울렸습니다.얼굴만봐도 빵터져요  
20171025,8,너무 재밌게 봤어요 !!강추합니다.  
20171025,10,진짜 2017 최고의 코믹 영화!보고 후회하지 않아요!!!  
20171025,10,"억지웃음, 억지감동이 아닌 마음에서 우러나오는 웃음과 감동!!!!완전완전 추천합니다ㅎㅎ  "
20171025,10,웃기면서 슬픈것을 잘표현해주셨습니다  
20171025,10,메가토크에서 만난 마블리 짱~.  
20171025,10,올해 후회안할영화 입니다^^  
20171025,8,둘 케미 너무좋아요!!  
20171025,10,코믹과 감동의 하모니 적극 추천이예요 믿고보는 배우들 최고??  
20171025,9,결과가 궁금해 지는 영화 끝까지 봐야알수있어여  
20171025,10,그래도 한번 보고싶은 영화  
20171025,9,시사회에서 봤는데 배우분들 실물 ㄷㄷ의외로 케미가 좋아요!! 웃으면서 즐겁게 보고 나왔습니다!  
20171025,10,마동석은 윤계상에이어 이하늬 까지 커플인두명이랑연기햇네 ㅋ  
20171025,9,시사회 다녀왔어요~^^마블리와 도롱뇽의 조화가 아주 굿굿굿입니다재미와 감동이 있는 영화!! 추천합니다!!  
20171025,1,와 포스터만 봐도 노잼인 영화는 첨이다  
20171025,7,소소하고 잔잔하게 웃겼고 갑자기 호러물이 돼고 막판은 눈물 쥐어짜게 만드네요. 뻔한 내용과 결말이었지만 잘 봤어요. 특별출연에 놀라고 갑니다 ㅋㅋㅋㅋ  
20171025,10,시작과 동시에 폭소 한마당ㅎㅎㅎ 그리고 잔잔한 감동과 부모님의 사랑이 느껴지는 첨부터 끝까지 눈을 떨수없이 보게 되는 잼난영화였습니다!^^ 전 강추합니다~♡ 또 형제&가족간의 대화&소통이 원활하지  어떻게 되는지 잘 일깨주는 영화네요~  
20171024,1,예고편만 봐도 답이 없드라. 녹음상태 엉망에다가 도대체 무슨 내용인지도 모르겠고 걍 캐릭터 가지고 애드립으로 웃기려고 하는 영화를 만든거 같은데 감독님 트레일러도 이렇게 밖에 못하시겠어요?  
20171024,10,진짜 웃기고 무섭고 울리고 다해먹는 영화 진짜 2번봐도 재밋을영화!!!  
20171024,8,엄청웃고나왔네요 재미도있꼬 감동도있꼬 가볍게 즐기는 영화 좋아요 아무생각없이 보면서 한참웃고 힐링하시옵소셔  
20171024,10,그냥 코믹이 아닌 재미 감동 스토리 꽉찬영화 너무재밌게봤어요  
20171024,9,8.5점 주고싶어요잔잔하고 억지웃음 아닌 편안한 웃음으로 봤어요계속 코믹하다가 막판에 짠하네요 친구랑 팝콘먹으면서 즐거운 시간 보냈어요 ㅋ  
20171023,1,으아 너무 졸렸어 마블리는 귀여움  
20171023,10,재미어요재미써요~~  
20171023,9,뮤지컬 만큼 영화도 좋아요~~~ ^.^  
20171023,10,재미있었어요 범죄도시와는 다른 모습이지만 여전히 재미있는 마블리와 이동휘배우의 케미도 너무 좋고 웃다 울다 웃다 ㅎㅎ 간만에 유쾌한영화봤네요~~  
20171023,10,너무 재밌어요♥ 두 형제의 캐미 짱!!!  
20171023,10,겁나코믹한영화잘봤습니다^^  
20171023,8,마동석#이동휘 #부러더추천해요부모의 사랑은 끝이 없어라  
20171023,7,이동휘 미남때문에 봅니다 ㅎㅎ  
20171023,10,부라더 꼭 봐야할 영화!!감덩과 재미 구우우욷!!  
20171023,10,넘 웃기고 재밌고 슬프기도합니다  
20171023,9,환상의 형제! 감동과 재미 폭발  
20171023,10,영화 너무 재밋어요 그리고 이동휘 생각보다 키큼  
20171023,10,너무너무 재미있어요!!!  감동적이고 웃음 폭탄!!!  
20171023,10,웃고 울고 감동적인 영화였어요 재밌습니다:)  
20171023,10,완전 재미있게 봤습니다. ㅋㅋㅋ웃음과 감동이 같이 ^^  
20171023,10,재밌네요 ㅋㅋㅋㅋ 유쾌했습니다!!  
20171023,10,마동석이랑 이동휘 캐미 최고고 마지막에 눈호강까지!! 웃웃다 울다 웃다 끝났네요  
20171023,9,재밌어요ㅎ핳ㅎㅎㅎㅎ  
20171023,10,감동 코믹 웃다가 시간가는줄 모름 ㅋㅋ  
20171023,10,완전 재밌어요!!! 유쾌 통쾌♡  
20171023,10,너무너무 유쾌하고 반전이 오졌고요 지렸고요 존잼각입니다!!!보시면 절대후회안하실거예요!!이동휘님 존잘이시구ㅠㅠㅈ마동석님 숨길수없는 카리스마인정각!!  
20171023,10,꼭 봐요 곡 끝까지 봐요!!!  
20171023,10,"웃음, 감동의 적절한 밸런스와 알맞은 캐스팅  "
20171023,10,너무너무 웃고 갑니다. 애매한 날씨에 통쾌한 영화 추천♡  
20171023,10,가족끼리 부담없이 볼 수 있는 영화!가족이랑 보러가기 매우매우 좋아요  
20171023,10,시사회로 보고왔는데 재밌게 잘보고왔습니다 상영내내 웃었네요  
20171023,10,시사회 당첨 되서 다녀왔는데 진짜 재밌었어요. 배우님들 연기는 할 말도 없었고 음악도 찰떡... 중간 중간에 눈물샘 터지긴 했는데 진짜 재밌어요!  
20171023,8,많이 웃고많이 울고많이 생각하다  
20171023,10,재밌어요!! 꼭 보세요!!! 추천 합니다!  
20171023,10,촤고에요!두번 세반 추천합니다  
20171023,10,시사회 당첨되서 봤는데 너무 잘 보고 갑니다 유쾌한 영화입니다 너무 재밋어요  
20171023,10,재밋엇어요 굿  마블리 짱  
20171023,10,계속 웃다가 울다가 반복했다ㅋㅋㅋㅋ꿀잼!!!  
20171023,10,시사회로 봣음!!!! 이동휘가 내바로뒤에서 봄ㅋㅋㅌ 아 개웃기당 재밌음!!!  
20171023,10,코믹과 감동이 터지는 영화! 재밌습니다  
20171023,9,"난생 처음 시사회 당첨으로 지난주 평일 저녁에남편이랑 보고 왔는데, 보는 내내 웃음이 끊이질 않았네요. 개그코드가 많이 등장해요. 코드 맞는 분들은 재밌으실 듯. 후반부에 갑자기 공포물로 흘러가는데 갑작스럽게 등장하니까 소름 돋더라구요. 전체적으로 굿  "
20171022,10,시사회 봤는데 웃기고 감동도 있어요  
20171021,8,"확실히 웃기지도, 감동적이지도, 무섭지도 않은 그냥 좋은 영화  "
20171021,10,시사회가서 웃기만하다 나옵니다  
20171021,5,기대없이 봤는데 솔직히 별로첨엔 이건 뭐지??하는 생각으로 보다가 마지막은 역시 전형적인 감동스토리로 끝나는  
20171021,1,김종욱찾기처럼 ... 노잼에  망삘이 될 듯  
20171021,7,마동석 캐릭터 하나 잘 잡아서 다작하네.. 근데 이러면 단물 쏙 빠진 뒤엔 주연은 커녕 조연 출연도 힘들텐데. 뭐 재미야 있겠고 돈도 단시간에 뽑는다는데 ..그건 자기 맘이지만 오래 기억될 배우로는 아웃이네.  
20171021,10,이게 오리야???? 오리가 이렇게 커??  
20171021,10,마냥코미디인줄알앗는데 감동적이에요 웃긴장면도많고 이쁜한옥을배경으로 해서장면장면이너무 신선하고 예뻣어요부모님이랑같이보면 너무좋을꺼같아요부라더짱  
20171021,10,시사회 다녀왔습니다마동석 이정도로 웃긴줄 몰랐어요 꼭 보세요 꼭 !!  
20171020,8,Cgv 시사회 통해 영화 관람했습니다. 두 주연배우들은 늘 믿고 보는 만큼 즐겁게 봤던 영화였어요 ㅎㅎㅎ 이하늬씨도 너무 예쁘구요~  
20171020,10,진짜 재밌어요 ㅋㅋ마동석 형님이 귀여워 보이다니 그리고 지창욱 얼굴이 빛나네요 반할거 같아요!  
20171020,10,웃고 울다 사이다! 재밌었어요~  
20171020,10,재미와 감동이 함께있는 부모님 마음을 헤아릴수 있는 영화였습니다  
20171020,8,재밌어요 ㅋㅋ 코미디 영화 좋아요 근데 꼭 한국영화만의 눈물짜는 부분을 넣는듯  
20171020,10,"마동석과 이동휘는 역시 최고, 이하늬도 넘나 이뻤음 시간가는줄 모르고 재미있게 본 영화  "
20171020,8,시사회로 봤는데 재미있었어요~세 배우 모두 워낙 매력넘치는 배우들이라♡이동휘 배우님..♡ 더럽♡ 마블리도 역시 마블리!  
20171019,10,"여러분들! 마블리 영화는 그냥 믿고 보는겁니다!! 코미디, 감동, 미스테리, 공포, 반전, 심지어 출생의 비밀까지 담겨 있는 미친 영화를 보고왔어요ㅋㅋㅋㅋ  "
20171019,8,가족하고 가볍게 보기 유괘한 영화입니다.  ^^  
20171019,10,유쾌한 두 명! 가볍고 즐겁지만 짠한 감동이 있는 가족 영화 느낌  
20171019,8,처음부터 끝까지 웃으면서 봤어요..가족애라 찔끔 눈물도...ㅠㅠ저에겐 요즘같이 힘들때 시원한 바람같이 좋은 영화였습니다.  대박나세요..^^  
20171019,10,CGV VVIP 시사회 당첨되서 어제 봤는데요!!! 진짜 웃겨요ㅋㅋㅋㅋ영화 보는 내내 웃은 기억밖에 없어요ㅎㅎ영화가 코믹만 있는게 아니였어서 더 재밌게 본거같네요~~!!완전 추천!!  
20171019,9,시사회로 보고왔는데. 웃겼다가 마지막에 슬프네요 보고나니 가슴이 따뜻해졌어요.  
20171019,10,"코믹, 호러, 감동  모두를 느끼고 싶다면 go go~~~  "
20171019,10,짱짱 연기력이 너무 좋아요  
20171019,9,CGV VIP시사회로 부라더 봤어요. 별 기대 않고 봤는데. 오랜만에 웃고 울고.. ^^;;덕분에 썸남이랑 즐거운 데이트 했답니다~~ 영화 부라더 흥행성공. 대박기원.!! 합니다. ㅎㅎㅎ  
20171019,10,재밌어요~감동도~ㅜㅜ~강추~^^  
20171019,8,우울하고 기분이 안좋은 분들이 이 영화를 보시면 기분이 좋아 질겁니다.한바탕 웃다가 시간 가는줄 몰랐습니다.  
20171019,8,"시사회 관람후기!!역시나 마블리넘넘 사랑스럽다 그리고 동생으로 나오는 이동휘와 투닥투닥 케미까지 이 영화의 볼거리!! 한번한번 툭툭 치는 대사들로 빵터지고, 마지막엔 반전으로 감동과 눈물까지 웃음과 감동을 다 잡은 영화!다들 한번 보러가세요!!!  "
20171019,9,시사회로  봤는데 재밌어요~ 코믹과 감동을 함께 느낄 수 있을거예요  
20171019,10,신선한 조함 기대하고 있습니다~~ㅋㅋㅋ  
20171019,10,"시사회 가서 봤는데 완전 꿀잼이에요!!마동석,이동휘 케미 너무 잘 맞고 보는 내내 빅웃음 잔치였어요~ 마지막엔 반전으로 감동이...부라더 꼭 보세요♥ 두 번 보세요♥  "
20171019,10,마동석 이동휘 케미도 짱이지만 사실 이하늬가 제일 웃긴거같아욬ㅋㅋㅋ 유쾌하고 감동도 있는 영화!  
20171019,10,마동석 이동휘 이하뉘 최강 웃음 ㅎㅎ 완전 웃다가 끝에 귀막힌 반전 기대하시라!!  개봉박두 완전 재밌어요 온가족이 함께 볼수 있어 더욱더 좋아요~~  
20171019,10,마동석 옆으로 누우면 머리 안닿는거 진짜래요 ㅋㅋ어제 시사회 보고 왔는데 이동휘 실제로 보니 잘생김!지창욱 존잘..개 멋있다.엄창 재밌어서 또 보러 갈거에요!  
20171019,2,"진짜 객관적인 평점은 3~5점 수준...솔직히, 좀 지루했음. 시사회 끝나고 네이버 평점 올리면 추첨해서 스타벅스 쿠폰 준다고 하니까 10점으로 도배하는 인간들... 좀 짜증나긴 하다.  "
20171019,10,"아쉬운 부분 하나도 없는 영화였어요~! 코믹,감동,스릴 모두모두 잡은 영화예요!!마블리와 이동휘의 조합은 사랑입니다!!  "
20171019,9,"요즘 자극적인 영화를 많이봤는데 오랜만에 여운있는 영화를 봤네요! 가족간의 오해로 인한 상처, 그것을 해소하게되는 계기, 티격태격하면서도 서로를 사랑하고 있음을 확인할 수 있는 영화예요! 배우님들의 열연과 소소한 웃음포인트도 있어 즐겁게 봤어요:-)  "
20171019,10,추석때 개봉했으면 최고의 가족코미디 영화가 아닐까 싶은데 진짜 가식 웃음이 아니라 현웃하고옴  
20171019,7,"마블리, 이동휘 형제 케미 너무 잘어울리고~ 하늬언니도 너무 무섭고?! 예뻐요ㅎㅎ 조우진씨 커플도 맛깔났답니다ㅎㅎ 코믹도 있고, 감동도 있고^^ 처음에는 약간 억지웃음 소재가 있는것 같아 기대 안하고 봤는데 후반부로 갈 수록 더 재밌어요♡ 가족영화추천  "
20171019,2,"시사회로 봤는데 저는 별로였어요. 배우들 연기는 자연스러운데, 개그자체가 너무 뻔하고 억지스러운 느낌이 들더라구요 ㅠ  "
20171019,6,시사회로 봤는데 기대만큼은 아니었습니다  
20171019,8,"마동석,이동휘 케미는 대박이였어요! 이하늬씨도 틈틈이 웃기고ㅋㅋㅋ재밌기도하고 슬프기도했지만 억지스럽게 웃기달까~?그래도 재미는있답니당  "
20171019,10,"뮤지컬에서의 감동 다시한번 영화에서 느낄수 있어서 좋았습니다.  친구랑 시사회당첨으로 보게되었는데 코믹인줄 알았는데 뒤에는 슬프고  가슴한켠을 울리는 장면과 대사들이 있어서  마음이 짠했습니다.마동석, 이동휘 , 이하늬 그리고 장유정 감독님 굿굿  "
20171019,10,"마블리가 나온다는 것 만으로도 설렘가득이었습니다.이동휘랑 이하늬도 나온다는 말에 기대하고 봤는데ㅎㅎ마동석과 이동휘가 형제라니!형제라는 전개만으로도 빵빵터졌고, 조연 배우님들도 열심히 연기해주셔서 푹 빠졌습니다. 머리가 바닥에 안닿는 장면이 압권!  "
20171019,8,시사회 보고 왔어요. 난생처음 시사회라 기분좋게 봤어요빵빵 터지게 웃기는 대사에 형제 캐미가 좋더라구요엉뚱발랄 이하늬도 웃겼어요중간에 약간 무섭다가 후반엔 감동까지~^^친정엄마도 보시라고 권해드렸어요 ㅎ  
20171019,8,시사화보고 왔는데 초반에는 웃음을 주더니 마지막쯤엔 슬펐다!  
20171019,10,"시사회라는 걸 처음 당첨되어서 본 영화 부라더!!!완전 재미납니다.마동석배우님, 이동휘배우님의 조합에 이하늬배우님까지완전 꿀잼~역시 영화 홍보는 입소문이라고~오늘부터 주변에 입소문 많이 내려구요빵빵터지는 웃음과 감동까지 주는 영화였어요  "
20171019,9,CGV VIP 시사회로 보고 왔어요~ 재미있고 감동도 있고! 마블리는 사랑입니다!  
20171019,10,둘의 케미가 절묘하게 어울러져 웃음과 즐거움을 보는 내내 기대하게 만들더이다~마동석의 마력에 또 빠져버렸다..올해 첨으로 맘편히 즐겁게 웃으면서 본거 같다짱 잼있음~~  
20171019,10,시사회로보고왔는데 너무재미있었어요!!!재미와감동있었습니당!!! 개봉하면 또 보고싶네요  
20171019,10,시사회관람/ 가족끼리봐도좋을것같은코메디에요~ 형제의 케미짱!!  
20171019,10,어제 사사회를 보았답니다 정말 웃기고 감동도있어요  마동석이하뉘 김동휘 세배우의 조합 연기 정말 좋았어요 개봉후 즐거움과 감동을 느껴 보았으면 좋겠습니다  
20171019,10,어제시사회 보고왔는데 역시 마블리는 기대를져버리지않네요 둘의 케미가 팡팡 터짐 ㅋㅋ#부라더#cgv시사회  
20171019,10,"10점~ 초반에는 어색한 웃음 유발하는 전형적인 코미디 영화인 듯 했지만, 중반을 지나 후반으로 갈수록 점점 고급지게 웃기면서 공포영화로 바뀌고 다시 감동 드라마로 전환되네요. 지루할 틈 없이 오랜만에 아주 재미있게 영화 잘 봣습니다. 흥행 할꺼에요.  "
20171019,5,글쎄요..배우마동석 님 출연이라 너무 기대해서일까요..?기대를 너무햇엇나봅니다.ㅋ;그냥 보통...  
20171019,10,단순한 코믹영화라고 생각해서 초반에 실망좀 했는데 이거 단순코믹이 아니네요주연배우들의 다양한 연기뿐아니라 조연배우들의 가슴찢는 연기력까지 꽤 볼만합니다 강추에요 강추!  
20171019,10,감동과 코미디가 공존하는 영화^^ 그냥 보기만 해도 너무 재밌습니다~ 마블리 마동석과 이동휘의 찰떡궁합~ 근래 들어 정말 재밌는 영화입니다~ 대박나세요^^  
20171019,8,편하게 볼 수 있는 코미디네요 ^^ 저는 이동휘씨가 특히 재밌었어요. 약간의 반전과 교훈도 있어서 볼만했습니다. ^^  
20171019,9,"/시사회  부라더/  한영화속에 이렇게 다양한 장르를 담을수 있다니!  웹툰을 보는듯 웃다울다 공포?!  반전폭소, 그러다가 휴머니즘적인 감동이  빠르게 반복하면서 사람의 감정을 들었다놨다 하더군요  연기잘하는 배우들의  재미있는 영화 강추합니다  "
20171019,6,시사회 당첨되서 엄마랑 보고 왔네요. 배우들 연기 잘 하고 웃긴 대사들 있지만 스토리가 부실해요. 영화관서 볼 만큼은 아니네요.  주말의 명화로 보세요.  
20171019,10,고마운 cgv 시사회! 스티커센스까지 완벽하다! 영화는 뭐말할것도 없이 기대이상! 웃고 울고~ 흐흐~ 좋아하는 뮤지컬계의 베테랑 배우님들이 대거출연해서 너무반가웠음! 송영창 송상은 부녀배우님 정현철배우님! 이지하 정순원배우 엄지척! 조우진허성태존재감!  
20171019,9,코믹으로 시작해서 감동으로 마무리 웃음과 눈물이 동시에 느낄수 있는 영화마동석과 이동휘의 코믹 막장 형제 연기 최고...  
20171019,10,엄마와 CGV VIP시사회로 보고 왔습니다. 엄마도 너무 재미있어서영화 끝나는줄 모르고 보셨다고 합니다. 진짜 웃음핵폭탄 너무 재미있어요~ 재미 플러스 감동!!! 11월2일 개봉하면 꼭 보세요~  
20171019,6,웃긴장면이 있긴 있는데 중반 이후로는 역시 전형적인 한국영화다운 반전과 감동이...! 무엇보다 마동석배우에게는 다 때려부수는 범죄도시가 더 어울린다. 이 영화의 최대반전은 마지막에 나오는 카메오가 아닐까 생각한다. #cgv_vip시사회  
20171019,10,"진짜 코믹, 감동, 슬픔까지 전부 함께한 영화! 시사회로 좋은영화 미리 보게되어 참 좋았습니다  "
20171019,10,역시나 마블리아저씨짱 이동휘아저씨도 !!! 진짜 무표정연기로 웃겻어여!!! 이하늬언니는.. 아쉬워요 많이 안나와서 그래도 재미있고 좋은 영화 였어요! 울산에도 시사회 진짜 한번 오셨으면 줗겠어요~  
20171019,9,엄청웃다가 엄청울다온영화... 뻔한내용이였지만 그래도 너무재밌음ㅋㅋㅋ 갸봉하면 또 보러갈거임 둘의 캐미 최고 장난아님 굿굿  
20171019,9,"용산에서 시사회 보고 왔어요..시작하고부터 계속 웃었습니다.. 코믹스런 배우들 연기는 말할 것도 없고, 스토리도 살짝 있어요.막판에 관객을 울리고자 하는 시도는 좀 뜬금없긴했지만, 없어서는 안될 스토리중 하나더군요.시사회 인사도 러블리한 마동석.  "
20171018,7,"오늘 시사회 다녀왔는데 웃겨욬ㅋㅋㅋ개그랑 욕이 찰짐!!배우들이 연기를 잘하고 애드립도 잘해서 영화가 더 살아요ㅎㅎ가장 광건은 #바닥에머리가안닿아 ㅋㅋㅋㅋ 감동, 재미 코드가 적절히 섞여서 누구랑 보든 평타치는 영화인듯요!  "
20171018,9,"마블리 마동석, 보기만해서 유쾌한 이동휘의 케미 굿굿!! 이하늬 언니 너무 예쁘고~근데 뮤지컬을 먼저 봐서 그런지 뮤지컬 넘버가 없는게 뭔가 심심,ㅠ  "
20171018,10,감독님의 뛰어나고 기발한 아이디어가 가득한 연출력과깨알 빅재미 대사로 가득가득한 시나리오까지.. 너무 놀랐습니다!!3대가 같이봐도 모두 공감할 수 있는 영화라 생각됩니다~^^감독님! 유쾌하고 감동적인 영화 만들어주셔서 감사드려요ㅎㅎ  
20171018,9,간만에 정말 울고 웃으며 봣어요 시사회 당첨되서 미리봐서 너무좋으네영 굿  
20171018,10,"안어울릴것 같은 마동석, 이동휘 조합인데 은근 캐미가 굳~~~ 형제는 용감했다를 원작으로 영화화한걸로 아는데 뮤지컬과는 또다른 느낌! 코믹과 감동 두마리의 토끼를 잡았네요! 간만에 좋은 영화 보고갑니다^^  "
20171018,8,CGVVIP시사회 당첨되어 오늘 보고 왔어요~ 웃기면서도 슬프고 감동도 있고 재미있게 보고 왔어요~!  
20171018,10,오늘 완전 다처음이네요ㅎ 시사회도 처음이구 평점적는것두 처음이에요ㅎㅎ 완전 꿀잼이구용ㅎ 마동석과 이동휘 배우들의 케미가 짱이에요ㅎ 보는 내내 계속 웃어서 기분이 좋았어요ㅎㅎ 웃어서  
20171018,6,재미있어요. 쌩뚱맞다 생각한 부분에서 눈물이 터져요~ 모든 배우들이 정말 연기를 잘해요^^  
20171018,7,보는 내내 사실 헬로우고스트가 너무 생각 났다 갑작스런 장르변경에 ... 사실 개연성은 떨어지는데 가볍게 보기엔 좋았다  
20171018,10,시사회로 보고 왔습니다! 그렇고그런 좌충우돌 코미디영화라고 단순하게 생각했는데 예상치 못하게 왈칵 눈물을 쏟게 만드는 장면들과 배우분들의 연기로 지루하지 않게 감동적으로 보았습니다!!전혀 그렇고 그런코미디영화가 아니였네요!!  
20171018,9,별 기대없이 봤다가 웃고 마지막엔 울다나오는 조합! 뽕브라더스 마동석&이동휘 형제 연기 넘 좋았어요♡ 스토리는 비밀로 지켜주세요!  강력추천합니다♡♡♡♡  
20171018,9,시사회로 봤는데 은근 감동적이고 소소하게 재밌어요 가족끼리 가볍게 보기 좋은것같아요 ㅎㅎ  
20171018,10,ㅋ재밌어요 감동적이면서 뽕브라더스 ㅋㅋㅋ범죄도시와 다른 느낌ㅋㅋ 근데 마동석씨는 모든 역할 잘어울려요파란돼지ㅎㅎ  
20171018,8,예상가능한코믹이야기며예측가능한감동스토리영화입니다그점이조금아쉽긴하지만이하늬씨연기좋았구요^^마동석씨화이팅입니다  
20171018,10,‘마블리마블리’하는 이유가 역시 있었네요!!큰 웃음을 주는 코믹함과 살짝 놀래켜주는 반전 스릴러와 눈물샘을 콕콕 찌르는 감동까지!!설마했던 마블리가 또 해냈네요!!그리고 이동휘와 이하늬와의 케미까지!!늦지말고 잊지말고 11월2일을 놓치지 마세요~~!  
20171018,10,시사회를 보러가서 마동석 배우님과 이동휘 배우님 까지 직접 만나다니!!! 맛깔나는 두분의 캐미가 최고였어요~가족들이랑 다같이 보면 더 좋은 영화 <부라더> 추천할게요!  
20171018,10,마동석.이동휘.이하늬정말믿고보는배우들이라서역시선택잘했다는생각을했네요.너무재미있어실컷웃어네요.  
20171018,10,오늘 시사회보고왔는데 진짜 세주연배우와 그외 조연배우분들까지 다들 재밌고 연기력도 좋고 스토리도 기대이상이라 수요일의 피로가 확 풀렸습니다!!!  
20171018,10,믿고 보는 배우 마동석 연기의 아주  칭찬해요코믹함이 살아 있는  부라더 영화 완전 핵재미있어용~^^  
20171018,9,웃음 플러스 여운이 남는 찡한 감동있는 영화입니다.근본있는 코믹의 진수를 보여주는 짜임새 굿!!몰입도 최고입니다  
20171018,10,"시사회로 보고 왔는데 완전 꿀잼이에요 ㅋㅋ 마동석,이동휘 케미가 장난아닙니다 ㅋㅋㅋ 웃다 죽을뻔 했네요 ㅋㅋㅋㅋ  "
20171018,10,역시 마블리.. 이동휘와 케미도 만만치 않네요.  
20171018,9,"정말 재밌었습니다. 이하늬, 마동석, 이동휘 세 배우의 연기에 다시 감탄했고, 코믹연기도 너무 자연스럽고 재밌었습니다. 영화가 재밌기도하고 슬퍼서 계속 웃다가 울기를 반복했어요. 개봉하면 한번 봐도 나쁘지 않을 영화입니다.  "
20171018,9,cgvvip 시사회 보고 왔습니다~ 마동석과 이동휘의 케미가 빛을 발했네요! 어떤 장면에서는 모든 관객들이 빵터져버렸습니다ㅋㅋㅋ 가족들과 함께 관람하고 웃음과 감동을 많이 누리기에 좋은 영화입니다!  
20171018,9,시사회에서 보고 왔습니다. 실물로 배우님들과 감독님도 보고..웃다 울다..가족생각 나게하는 영화입니다..몸 어딘가에 털이 날듯요..ㅋㅋ  
20171018,9,VIP  시사회 당첨으로 보고 왔어요~^^마동석&이동휘 케미가 장난이 아니예요딸이랑 얼마나 웃다가 왔는지~~ㅋ개봉하면 신랑이랑 아들램 같이 보고 오라고할꺼예요~~대박~나세요!!!  
20171018,9,내평점 오늘 cgv vip 시사회를 관람하고 왔습니다~ 계속 세명의 주연배우가 웃겨주시다가 끝엔 감동~~^^넘 잼나게 봤습니다~~ 마동석님의 코믹 연기는 완전 좋아용~^^ 오늘도 마동석님의 또다른 귀요미매력에 반하고 왔습니다~^^(tomato9713)  
20171018,10,cgvvip시사회 당첨되서 오늘 보러 다녀왔습니다!!진심 기대했던것이상 마동석&이동휘&이하늬 님의 케미가 장난아니였어요ㅎㅎ보는내내 웃고 울고 했습니다!!웃을일 필요하신 분들 지체없이 예매하세요!!너무 잼남 ㅠㅜ  
20171018,10,진짜 평점이 안아까운영화다 마동석 이동휘 드립력이 상당하네요 ㅋㅋㅋㅋ 104분짜리영화인데 90분동안 겁나 웃었어요ㅋㅋㅋㅋ  
20171018,10,오늘 CGV VIP 시사회로 보고 왔는데... 코믹과 뭉클함... 사~알짝 오싹함 까지 ~~ 마동석과 이동휘의 케미 그리고 주변 인물들의 모습과 다른  상황에 따른 이미지 변화... 주연뿐 아니라 조연의 케미도 잼나는 영화네요 ^^  
20171018,10,배꼽 쏙! 눈물 쏙! 빼는 즐겁고 유쾌하고 소소한 감동있는 영화였습니다. 마동석님은 코믹도 소화하시는군요. 역시.. 마배우~ 이동휘님도 완전 마동석님과 캐미 쵝오~ 일에지친 직장인분들에게 힐링될거같아여! 강추!  
20171018,8,전체적인 이야기 내용을 많이 담으려해서 약간 머지 ? 싶었던 부분이 있긴 하지만 유쾌하게 무겁지 않은 느낌으로 너무 좋았어요! 마동석과 이동휘의 조합으로 너무 웃겼어요 ㅋㅋㅋㅋ 또... 종부가 되기 싫어하는 그 며느리도 한몫 한것 같아요!  
20171018,6,마블리와 이동휘배우의 에드립이 살린영화  
20171018,10,코믹 감동 스릴러 반전 모두 포함된영화였어요배우들다명품연기!!!넘나 재밌어용ㅋㅋㅋ시사회당첨되서 미리 봤는데 개봉하면한번더보러갈거에욬ㅋㅋㅋ꿀잼핵잼  
20171018,10,오늘 시사회로 봤어요 완전 웃겨요 ㅋㅋ 추천합니다  
20171018,5,아무 생각없이 보기좋은 영화입니다. 어르신들과 함께 본다면 좋을듯 합니다.  
20171018,2,시사회보고왔습니다.재미없어요.  웃는건 한 두번 웃었던거같구요. 슬프려고한 부분은 슬프지 않았어요. (원래 영화보고 잘우는편임)기대안하고 봤는데도 노잼입니다. 1점은 너무한거같아서 2점드립니다.  
20171018,10,수원 cgv에서 봤구요 지식이 부족한 나머지 시사회에는 무조건 배우들이 나오는 줄 알았네요ㅋㅋㅋㅋ정말 재밌고 마블리는 언제봐도 완소ㅋㅋ였고 감동적이고 이동휘랑의 브로맨스 캐미ㅋㅋㅋㅋ멋져용 가족들이랑 보면 좋을 거 같아요 추석특선영화로 제격일듯요ㅎㅎ  
20171018,10,너무나 재밌고 유쾌하고 배우들 연기도 좋앗구요!!다음에 기회되면 한번 더 보려구요  
20171018,9,시사회로 오늘 관람했습니다.별로 웃길일 없는 현실에서 잠깐나와 아무생각없이 웃고볼수있습니다 개인적으로 좋았습니다.  
20171018,10,평점처음 남겨봅니다ㅋㅋ진짜 너무 재밌고 감동도있고 여러모로 잘 짜여진 영화같았어요! 진짜 보는내내 얼마나 웃었는지 몰라요! 적극적극 짱짱 추천입니다ㅋㅋ  
20171018,10,시사회로 오늘 보고 왔는데..정말 재밋고 슬프고 감동적이기꺼지한..휴먼 코믹 가족 영화!!  
20171018,10,(청주지웰cgv시사회리뷰)추석때 개봉했더라면!!!ㅠㅠㅠㅠ그래도 추천합니다!ㅎ역시 ㅋㅋ 기대를 하길 잘했어요 ! 깨알 재미 애드리브 ㅋㅋ계속 웃고 가네요 ㅋㅋ감동도 있고 .. 부모님과 봐도 좋고 형제들과 봐도 좋은 영화네요 훈훈하게 갑니다!  
20171018,9,너무 재밌네요 ~ 역시 마블리 이동휘!!  
20171018,9,그냥 아무 생각없이 맘껏 웃을 수 있는 영화. 마지막 지창욱 등장이 보너스  
20171018,10,정말 말이 필요없는 영화였네요~~재밋게 봣어요 역시 조합이 참 좋아형 ㅎㅎ부라더 짱!!^_^  
20171018,10,cgv  vip시사회로 봤습니당   재밌었습니다  반전도있고  웃다가울다가 그랬네요  추천합니다!  
20171018,7,시사회 방금봣는데 유쾌하긴하나 억지감동파트는 별로였던듯 차라니 쭉 유쾌하게 갓으면 더 재밋었을듯저 둘의 조합보다 담배피는 아가씨가 더 웃겼음  
20171018,10,웃다가 울어버린 최고의 영화  
20171018,10,시사회 관람했는데 주연 배우 두분조합 기대 이상ㅋㅋㅋ애드립인지 대사인지 모르겠는 그 대사하나하나 꿀잼이네요 ㅋㅋㅋㅋ+ 잔잔한 감동포인트도 있고 가볍게 보러왔다 먹먹해져서 가요ㅠㅠ추천입니다!!!  
20171018,8,시사회 보고 오는 길입니다. 정말 재밌게 봤어요. 명절에 개봉했으면 좋았을 것 같네요.  
20171018,8,시사회로 봤는데 너무 웃김. 마블리 매력쩔고 이하늬도 빵빵터져요. 웃음코드도 있고 감동도 있고 재밌었어요  
20171018,6,생각보다 꿀잼은 아니였지만 마동석 이동휘씨의 이외의 조합에 애드리브까지. 이정도면 만족이다 !!  
20171018,6,코믹함과 제미가 공존하긴한데...컨셉이 뒤죽박죽^^♥  
20171018,8,시사회로 미리 보고왔는데요.솔직히 보기전에는 재미없거나 억지감동일줄 알았는데신파도 없고 정말 재밌게 봤습니다!!  부담없이 볼수있는 영화같아요. 재밌습니다~  
20171018,8,웃음과 감동을 동시에..  
20171018,8,브로맨스 조합이 재밌어요 전체적으로 코믹스러운데끝에 감동도있네요~~  
20171018,10,핵잼 꿀잼~~~ 마동석 짱임~ 마지막에 부모님에 사랑에 감동받아서 울 뻔했음 . 잘 보고 감^^  
20171018,10,재미재미재미재미한 영화~*  
20171018,10,시사회로감상했는데 역시 마동석!  
20171018,10,유쾌 상쾌 통쾌하네요!  감동까지! ㅎㅎ  
20171018,10,정말 재미있습니다 꼭보세요  
20171018,10,"오늘 시사회 봤는데 마동석과 이동휘의 케미 ㅋㅋ 처음부터 너무 빵빵 터졌어요ㅋㅋ 코미디에 깜짝,잠깐의 공포에 애잔함까지! 너무 재밌게 봤어요~ 개봉후 또 보고싶어요!  "
20171018,9,첨엔 지루한면이있었지만 후반엔 재밌었어용  
20171018,7,가볍게 보기 좋은 영화예요. 배우들 코믹연기 좋았어요  
20171018,9,온가족이 같이 보기 좋아요~~!!  ^^  
20171018,9,부라더!!시사회봤어요~~마블리나온데서웃긴줄만알았는데...눈물도있고감동도있는영화네요~~인생에서무엇이젤중요한지나름생각하게하는영화!가볍게웃고가자했다가..눈물나고가슴짠~한영화였네요..다들~가벼운맘으로볼만한영화  
20171018,10,진짜 재미있고 감동적이에요  
20171018,9,"엄마가 생각 나는 영화, 엄마가 보고싶어요ㅜㅜ  "
20171018,9,재밋어요ㅎ낮에 그런장면이라니 마동석 역시 믿고봤네요  
20171018,7,시사회다녀왔어요  마요미 이하늬씨 정말 잘봤어요~  
20171018,8,시사회로 잘봤어요~~  
20171018,9,정말잼께봤어요~^^  
20171018,10,코믹과 감동을 겸비한 영화입니다.   강추합니다  
20171018,10,최고의 센스와 코미디 감동!!!  
20171018,10,마동석과 이동휘의 케미 좋네요ㅋㅋㅋ 간만에 신나게 웃으면서 볼 수 있는 영화였어요.반전의 감동까지. 형제는 용감하네요.재밌습니다~ 부라더! 대박!  
20171018,9,재밌어요~^^ 볼만한 영화  
20171018,5,감동적이고 아주좋았어요~  
20171018,10,가문과 가족애를 생각하게 하는 영화..잘봤어요  
20171018,10,재밋엉 억지웃음 좋음 후훟  
20171018,10,재밋어요 마지막 반전 까지 ㅎㅎ  
20171018,10,너무 웃긴데 또 슬퍼요ㅜㅜ  머리가 닿아야 자지. 이부분에서. 빵!  
20171018,6,무난한 영화. 스토리전개는 엉성하나 코믹한점이 마음에 들었음.  
20171018,6,마동석 이동휘 케미 좋고 재밌어요! 까메오 지창욱이 기억에 남네용 ㅋㅋㅋ  
20171018,8,킬링타임용으로 볼만하네요  
20171018,10,적절한 웃음과 감동입니다.  
20171018,10,역시 마요미 ㅋㅋ 킬링타임용  
20171018,10,즐거우면서 감동이네요.  
20171018,10,재미있어요~~~~추천합니다^^  
20171018,10,가족 간에 시랑을 의미하는거같아요 배우들 연기 좋았어요 대박나세요^^  
20171018,9,가볍게 보다가도 가족에 대한 생각을 다시 하는 영화인것 같습니다 재밌게 봤어요  
20171018,10,재밌어요~코믹반전!!  
20171018,8,코믹과 반전이 함께 인 영화~재밌게 잘 봤어요!  
20171018,10,웃응과 감동 두마리 토끼를 잡았네요~  
20171018,8,마블리 이동휘 너무귀엽고 재밌어요  
20171018,9,시사회 봤는데 웃기고 감동도있네요 가족영화로 추천  
20171018,10,넘잼났어용~~다시보고싶내용^^~♡  
20171018,10,시사회보고 나왔는데 재밌네요 기대 이상이였어요  
20171018,10,가슴뭉클함도 있고~~잼나게 잘봤습니다  
20171018,9,감동과 코믹 너무 재밌게봤어요~/  
20171018,9,둘이 생각보다 잘 어울리고 애드립도 너무 웃기고 ㅋㅋ 제사에 대해 다시 생각해보게되는.. ㅋㅋ 감동도 있어서 가족들과 보기 좋은 영화네요  
20171018,10,<시사회>최근 본 영화 중에 제일 스트레스 없이 편안하게 본 영화입니다~!! 관람객들 다 같이 빵빵 터질 만큼 웃겼어요 ㅋㅋㅋ주연 두 분 케미가 장난아니네요 ㅎ약간의 공포와 눈물 찔끔나는 감동까지 대 만족이었습니다~^^남녀노소 적극 추천합니다!  
20171018,9,마동석 연기 너무 찰져요  
20171018,10,시사회  너무  재미있게  봤어요~~연기짱  이하늬씨  너무  이쁘고  믿고보는 마동석씨 역시나  감동  이동휘씨   잘생겼다^^이번  영화두  대박나세요★★★  
20171018,10,잘보고갑니다 잘보고갑니다  
20171018,8,캐릭터들을 잘 살리게 연기들을 잘해서 몰입하며 봤습니다. 충분히 코믹스럽고 개성 살린 영화! 영화 잘봤어요!!!  
20171018,5,시사회왔는데 재미있어용  
20171018,10,믿고보는 마동석 영화!! 완전 재밌어요~~  
20171018,9,감동적이고 재밋어요~!~!~~!!  
20171018,9,세명의 조합 자체에 웃음이 납니다. 코믹 코드보다  감동코드가 길다는 느낌 있지만 유쾌헤요  
20171018,10,진짜ㅋㅋ 강력추천합니다!!! ㅋㅋㅋ 짱재밌었음!!  
20171018,7,진짜 재밌어요~ 많이 웃었어요~  
20171018,10,감동도 있고 넘 재미있게 봤습니다~~꼭 보세요  
20171018,10,오랜만에유쾌한 영화입니다  
20171018,8,원작의 재해석 엉뚱하지만 잼남  
20171018,9,"마동석의 끝판, 재미있게 열심히 재미있게 볼 수 있다  "
20171018,8,정말 신나게 웃을수 있었던 시간이었어요  
20171018,9,재밌는데 눈물이나요~  
20171018,7,쏘쏘. 결말은 좋았음. 빅웃음은없지만 소소한 웃음. 뮤지컬로 보는게 더 재밋을지더  
20171018,7,병맛영화입니다ㅋㅋㅋㅋ  
20171018,9,형제애를불러일으키는영화같아요~ 넘넘 재이있게 보았네요  
20171018,7,자식의 자유로움을 바랬던 부모의 사랑과 그것을 깨달아 가는 과정이 재밌곷유쾌하게 담긴 휴먼코미디  
20171018,8,시사회로 봤는데 마동석이랑 이동휘 케미가 은근 꿀이네요ㅎㅎㅎ 코믹영화추천 굳굳  
20171018,7,시사회 보고 왔습니다.마동석 이동휘 두 배우 조합도 재미있고 틈틈히 코미디 매우 재미있는 영화였습니다단지 한국식 감동마무리가 좀 아쉽네요..  
20171018,10,감동과 재미를 동시에 느낄수있는 일석이조의 의미있는 영화였습다.  
20171018,10,너무 재밌게 웃다나왔어요 초반부터 계속웃기다가 후반부에 반전도 있고 감동도있네요. 오랜만에 코미디영화 웃으면서 제대로 봤네요  
20171018,8,가족 영화로서 좋아요케미가 좋아요  
20171018,10,호러.감동.브로맨스.코믹모두좋네요ㅋ  
20171018,9,마동석과 이동휘 두분이 안 어울릴듯 하지만 알고보면 깊은 사연이 있는 형제라서 웃기고도 감동적이였어요 ~  
20171018,9,웃다가 무섭다가 감동이다가 슬프다가... 반전에 반전이네요ㅎ 재미있게봤어요~~  
20171018,10,재미에 감동까지... 최고.. 영화내내 웃고 울었습니다.  
20171018,10,진짜 재미있음. 추석전에 개봉하지.  
20171018,10,넘 재미있게 잘봤어요!!! 기대 그 이상^^  
20171018,10,캐미 짱잼!!! 마동석이동휘 케미가 재미있네요 ㅎㅎ  
20171018,8,재미와 해학이있어요ㅎㅎ  
20171018,5,형제애를 느끼게해주는 영화?  
20171018,10,형제애+가족애+웃음 정말 유쾌하지만 감동있는 영화  
20171018,6,가족간의 사랑이 이 세상에서 가장 소중하고 아름답다는 것을  일깨워준 가슴 따뜻한 영화였어요 ~^^  
20171018,10,완전 재밌어요!!부라더 화이팅  
20171018,10,마동석과 이동휘 캐미 장난 아니예요 짱잼 졸잼!! 꼭 보세요  
20171018,10,시사회로 봤는데 정말 재미 있습니다동석 형님과 동휘 형님의 시너지가 장난 아니네요  
20171018,7,마종석씨 영화는 자밌습니다!^^  
20171018,8,엄청 웃기다 엄청 슬프다 엄청 잼있었음  
20171018,10,재미있었어요 마블리 짱  
20171018,8,"연기력, 케미 모두 좋아요!! 코믹과 가족애를 볼 수 엿볼 수 있는 영화예요~  "
20171018,10,정말 잼잇어용 강추해용  
20171018,10,코믹&감동 두개 다 있는 영화  
20171018,9,웃음과 감동이 함께 어우러진 재밌는 영화였습니다^^  
20171018,10,감동적이고 재밌어요^^  
20171018,9,돌아온 형제와 가문의 진실. 눈물겹다.  
20171018,5,시사회로 봤습니다 지창욱 잘생겼다  
20171018,7,재미있고. 반전있어. 볼만했어요.~~!!  
20171018,9,마블리연기 너무재밌어요  
20171018,10,배우들의 연기가 넘 좋았어요  
20171018,10,재밌었어요 완전웃겨요  
20171018,9,마블리와 이동휘 이하늬 합이 재밌고 좋아요평소 아는 뮤지컬 배우가 많이 나와서 반갑고 즐거웠어요♥  
20171018,7,시사회봤습니다 재밌게봤어요  
20171018,9,마동석의 새로운 발견 요즘 대세  
20171018,9,꿀잼 추천합니다 웃다울다 정신없음  
20171018,10,마블리가살린영화에요  
20171018,10, 마동석 이하늬 완전 짱입니다 너무너무 웃기고 재밌고도 감동적이네요 천만도 너끈할 듯^^  
20171018,9,마동석 아저씨 넘 웃겨요~^^  
20171018,10,재밋어요 반전잇어요 힝  
20171018,10,후회하지 않을 선택입니다!감동과 코믹을 동시에♥  
20171018,10,두분케미가 굿입니다웃다울다 좋은 시간  
20171018,8,재미있어요 둘이 연기가....  
20171018,9,가족오락영화‥잼낫네요^^  
20171018,10,코믹하기만 할 줄 알았는데 진한 감동까지 전해주고 정말 재미 있어요~~  
20171018,10,재미와 감동의 쓰나미 굿굿  
20171018,10,재밌고 감동적~!반전 ㅋ  
20171018,9,석봉주봉 완전 웃껴욥ㆍㅎㅎㅎ  
20171018,9,범죄도시를 본 이후에 마동석형님때문에 보게되었는데 가볍게 웃을수있고 좋네요~ 이동휘형님도 재밌고ㅋㅋ 하늬언니도 연기잘하세요 정말  
20171018,4, 두사람은코믹했는데 영화는그냥볼만한평범한거같애요웃긴부분도나오기도하고그래요  
20171018,8,"마형님 짱~^^발 치워라, 잉!!!  "
20171018,10,시사회 다녀왔어요기대만큼 재밌고 즐거웠던 시간꿀잼 최고  
20171018,9,정말재밋어요!! 마동석 연기대박이네요 웃다가 갑니다  
20171018,10,마동석 배우님 정말 너무 너무 좋아요  
20171018,8,주연배우들의 캐미가 너무 좋다.^^  
20171018,10,역시 마블리?? 스트레스 풀고가요~~ 강력추천!!  
20171018,10,영화너무 재미있어요~  두번볼래요~~~!!!  
20171018,10,대박대박!!!! 부라더 증말 강추입니다  
20171018,10,#부라더 #마동석 #이동휘 #이하늬 꿀잼 개꿀잼  
20171018,10,대박 꿀조합!!완젼재밌어요!  
20171018,10,이동휘 마블리 꿀조합 기대되네요♡♡♡  
20171018,10,시사회 당첨되어 보러왔는ㄷㅔ 기대한만큼 재미있내요  
20171018,9,시사회에서 관람했었는ㄷㅔ가볍게즐길수있는영화입니다  
20171018,7,맘편히..기냥저냥 볼만합니다  
20171018,10,완전 재밌을것 같습니다!! 완전 기대대구~ 재밌을것 같아요  
20171018,9,마요미 마동석은 역시 코믹이 잘 어울립니다.웃고 즐길 수 있는 편한 영화입니다.  
20171018,10,브라더 부라보! 넘나 잼난영화  
20171018,10,소처럼 일하는 마블리!! 이번 영화도 흥행 보장!!  
20171018,10,ㅋㅋㅋㅋ너무재밌을거같아요ㅎㅂㅎ 기대되요진짜 마블리 마욤 마쟁이짱짱  
20171018,10,넘 웃기면서 슬픈?말그대로 웃픈 영화?^^잘보고 갑니다ㅎㅎㅎ  
20171018,10,오랜만에 보는 걍코미디~~강추합니다  
20171018,10,시사회로 봤는데 꿀잼이였어요~~꼭보세요  
20171018,10,지큼 CGV VIP시사회에 왔는데 기대됩니당!!넘 재밌을것같아용!!ㅎㅎㅎ  
20171018,10,시사회로 봤는데 짱잼ㅋㅋㅋㅋ  
20171018,10,너무너무 기대됩니다!! ??하늬언니예뻐요!!  
20171018,10,모처럼  즐거운 영화 관람 이었어요. 완전대박  
20171018,10,웃을일이 없었는데 많이 신나게 웃다가 갑니다*^^*  
20171018,10,재밋어요  보세요 다들!!!!  
20171018,10,마동석 짱!!! 재밌어요  
20171018,10,완전웃기네요 깔깔ㅋㅋㅋ 뮤지컬도재밋다고하던데 보고픔  
20171018,10,넘재밌고 마동석 연기 너무너무 좋아요강추강추  
20171018,10,맘 편하게 보면서 중간중간 울컥하는 것은 왜일까요.부모님생각났습니다.효도해야지 다짐도.  
20171018,9,마동석 코미디는 살아있네  
20171018,10,유쾌한 웃음 폭탄~ 감동입니다~ ^^~  
20171018,10,"가족영화로 애잔하면서도 코믹해서 재밌게 봤어요!장유정 감독님!  감사합니다!마동석,이동휘,이하늬의 팬이예요!  "
20171018,10,완전재미있어요~~  
20171018,9,마블리 마블리 내가 너무 살앙하는 마블리~~~ 너무 행복했어요.. 하늬님도 동휘님도 모두 모두 굿입니다요~  
20171018,10,부라더 케미 짱!짱! 스크린에서 웃기고 있는중입니다...ㅎㅎㅎ  
20171018,9,감동과웃음의조화~~재밌습니다~~  
20171018,10,정말여 강력추천 합니다 재밌네  가족과 연인과  같이 웃움 볼수 있는 영화입니다.  마동석 형님 화이팅 !   응원합니다..  재미있습니다. ㅋㅋ  
20171018,1,마동석 너는 솔직히 주연깜 아니잖아 범죄도시 그거솔직히 거품이고  
20171018,9,웃다 울다 너무 재미있게 잘 봤어요~~!  
20171018,4,시사회 봤습니다. 시나리오 연출 등은 별로입니다. 주인공 3명이 펼치는 개인기 정도 괜찮았습니다. 약간 억지웃음. 특히 마동석 특유의 웃음포인트 좋아하시는 분은 볼만할 것 같습니다.  
20171018,8,많이 웃었어요. 피곤하고 졸렸는데 좀 나아졌어요  
20171018,10,윤계상이랑 찍고 이하늬랑찍네ㅎㅎㅎ  
20171018,10,시사회서 시원하게 웃고 왔습니다 ㅋㅋ 개봉하면 가족들이랑 다같이 다시 보러가야겠네요  
20171018,8,"보는 내내 잔잔한 감동과 함께 웃음까지 선물 받았습니다.손인데 발치우라며.. ㅎㅎ잊혀지지 않네요, 가족들과 다같이 영화 한편 보실거라면,이영화 강추합니다^^  "
20171018,9,롯데월드타워 시사회 다녀왔습니다 감상평으로는 처음에는 뭐지?중반에는 웃기고 재밌다 후반에는 감동이다 입니다.P.S 마동석이 옆으로 누웠을때 머리가 바닥에 닿을까요?^^ 궁금하면 영화보세요ㅎ  
20171018,10,시사회서 보고옴. 마동석 이동휘는 당연히 웃겼고 특히 조우진마누라 나오시는분이 굉장히 웃겼어요. 보고나서 맘이 따뜻해졌습니다. 가족들이랑 함께보면 좋을듯...  
20171018,10,억지 웃음이  아닌  정말 자연스러운 상황에서 나오는 전개가 너무 재밌는  영화임. 주연 배우분들 연기가 정말 최고가족끼리 본후에도 즐겁게 얘기할 수 있는 영화라 생각합니다.  
20171018,9,"시사회 보고왔어요~장황한 스토리는 아니지만, 반전도 있고 특히 웃긴장면이랑 대사가 많아서 재밌게 봤어요.^^ 가족끼리 보기 좋은 영화예요!  "
20171018,7,개봉전 무료시사회로 봤는데 재밌고 감동도있고 ㅠㅠ 이동휘마동석 케미 좋습니다 ㅋㅋㅋ 이하늬도 이뿌고 !1  
20171018,10,재미도 있고 감동도 있어요!! 굿!  추천합니다.  
20171018,9,빅재미는 아니지만  잔잔한 재미가 지속된다. 거기에 감동까지!!  
20171018,10,롯시 대전둔산점에서 어제 시사회봤는데마동석님 이동휘님 캐미가 너무 재밌게 잘봤습니닿ㅎ 이하늬님도 깨알같은 재미와 중요포인트 연기 대박이에요  
20171018,9,어제 시사회  봤는데요? 재미있고 감동이  있네요~  
20171018,10,어제 시사회로 봤어요~~ 정말 웃다가 팝콘 쏟긴 처음인거 같네요 ㅎㅎㅎㅎ  
20171018,10,진짜 재밌게 봤습니다 ㅎㅎ 마지막 반전도 있고 어느정도감동도 주네요 형 생각도나고 무엇보다 부모님에대해 다시한번생각하게 만드는 영화인거 같아요! 관객분들 입소문타고 흥행 예상해봅니다. ㅎㅎ  
20171018,7,잼있게 잘 봤습니다~역시 명불허전 마블리!!  
20171018,9,첨엔 코믹하다가 끝엔 감동이 ㅜ 또르르 눈물찔끔했네요여자분들은 마지막에 다 훌쩍거렸다는..ㅋ넘재밌었어요  
20171018,10,마블리를 실제로 봐서 놀라고 ~ 영화가 너무 웃겨서 빵터지고재밌었어요~  
20171018,9,마동석씨 이동휘씨 케미좋네요 가볍게보기좋은영화같아요 재밌었습니다!  
20171018,9,오늘 시사회로 다녀왔어요뒤에 내용이 예상가지만 정말 재밌었어요!하지만 제돈을 다주고 보기엔 쪼금 아쉬운 영화네요코미디+가족 같은 영화라서 소소하게 누구와도 볼만해요  
20171018,10,괜히 마블리가 아니였다! 이동휘와 캐미짱!오랜만에 소리내서 영화관에서 웃어본거 같다!  
20171018,10,옆으로 누워도 머리가 땅에 안닿아  
20171018,7,선 코미디 / 후 신파의 진부한 패턴이지만 효를 소재로 한 신파는 역시 효과가 좋다. 사람인지라 찡함. 가족끼리 가볍게 보기에 괜찮은 코미디 영화  
20171018,9,부라보!!! 마동석과 이동휘 부라더말이 필요없을만큼정말 환상의 조합이었습니다게다가 이하늬의 캐릭터까지합쳐져모처럼 크게 웃을 수 있었네요딸의 생일에 함께 한 시사회넘 즐거웠습니다영화 대박나세요^^  
20171018,7,"웃긴요소가 있어요.전반적으로는 약간 애매한 버전?뻥터지는 웃음요소는 많지않았지만 그래도 지루하진않았고 약간의 감동적인면도 있었던영화,..한국의 종손입장의 현실을 콕짚어주는영화였습니다.  "
20171018,9,넘나 잼나는것~!!ㅋ 마블리&이동휘 캐미에 눈물나게 웃다가 중간엔 공포영환가 싶어 좀 무섭기도 하다가 마지막엔 또르륵 눈물도 나고~굉장한 영화네요ㅎㅎ 대박나길^^  
20171018,10,"간만에 소리내어 웃으면서 영화봤어요. 마동석, 이동휘님저를 실망시키지 않았어요.ㅎ  강추합니다.^^  "
20171018,1,와 알바쩐다 이 평점은 진짜 아니다 6점정도가 적당함 전형적 한국영화 코메디에 감동섞은 진부한 느탈  
20171018,8,코믹버전의 가족극일 줄로만 알았는데 생각보다 묵직한 한방이 있었다. 그래도 마블리는 역시 러블리해요~^^  
20171018,10,"오늘 시사회로 보고왔어요!!마동석, 이동휘, 이하뉘 연기가 빵빵터졌어요^^마지막에 나오는 지창욱을 보고는 너무 멋짐에 헉!!했네요진짜 너무 재미있어용~~별점10점이에요! 다음에 또 이런 영화가 나왔으면 좋겠어용  "
20171017,9,요소요소의 코믹 재미있게 잘 봤습니다  
20171017,8,오늘 시사회 가서 보고왔는데요~ 웃음과 감동이 있는 영화네요~ 웃다가 울다가 웃다가 왔습니다!  
20171017,10,오늘 시사회 보고 왔어요..넘 웃겨서 한참 웃었네요..마블리 파란티셔츠 넘나 잘 어울렸음ㅋㅋㅋ  
20171017,10,감동도 있고 너무 재밌게 봣어요 ㅎㅎㅎ 부모님과 지인들에게 늘 잘해야겠다는 생각도 들고 우쾌하게 잘 봤습니다.  
20171017,10,천만요정 마동석 홧팅~폭력일색인 영화 속에서 장유정 감독 특유의 소소하고 잔잔한 감동을 주는 보석같은 이 영화! 부모님과 함께 꼭 다시 보러오겠습니다  
20171017,10,편안하게 웃으며 볼수 있는 영화였어요  
20171017,10,마동석 이동휘  짱! 둘이서 케미 진짜 잘맞아요 이하늬도 연기 너무 잘해ㅋㅋ 웃다가 뒤로 넘어가는줄ㅋㅋㅋ감동적인 요소도 있고 가족을 다시 한번 되돌아 볼 수 있게되는 영화인듯  
20171017,10,영화관에서 소리내서 웃어보긴 진짜 오랫만인거같아요 ! 영화 시작부터 끝날때까지 웃겨요 ㅋㅋㅋㅋ  
20171017,9,끝이따뜻한 영화 잘봤습니다  
20171017,10,오늘 시사회를 보고왔어요. 진짜 재미있다가 감동적이었다가 배우님들 연기에 푹 빠지게되었어요. 정말 재미있어요!!  
20171017,9,금방 시사회로 보고왔는데.. 웃음과 감동이~~ 같이 있네요~~ 잼나요~^^  
20171017,9,오늘 직관했는데 핵꿀잼이네요~~부라더흥행하시고 마블리행님 사랑합니다♡♡  
20171017,9,"방금 시사회 보고 왔습니다. 웃으며, 감동 받으며 너무 재미있게 보고 왔네요.. 중간중간 웃음 코드가 많음.. 추천합니다.  "
20171017,10,코믹에 잔잔한 가족애를 느낄수 있음특히 종부인 아버지에 삶과 가족에 대한 깊은 마음을...  
20171017,10,오늘 시사회로 보고왔는데 마냥 재밌는 영화인줄로만 알고봤는데너무 감동적인 영화였습니다. 눈물 흘리면서 봤네요ㅜㅜ형제 둘의 조합도 안어울리는줄만 알았는데 재밌게봤습니다.가족들이랑 한번 더 보러갈 예정입니다!!  
20171017,9,롯데시네마 시사회에서 당첨되서 부라더 방금 보구오는중입니다~!! 마동석배우님과 이동휘배우님의 조합이면 믿을만하겠지 했는데 혹시나가 역시나~! 덤앤더머?? 톰과제리?? ㅋㅋㅋ이 두조합의 느낌이면 이미 이야기 끝난거 아닌가요?? ㅎㅎㅎ 재밌게보구갑니다~  
20171017,10,마쁜이와  도롱뇽의 케미몸이 뜨거워지는??? 이하늬의 연기웃다가 울다가 나왔어요~^^  
20171017,9,금방 시사회보고옴! 꿀잼! 딱 추석 설날 명절에 가족들끼리 볼만한 코미디영화~지루하지않고 계속웃엇음!ㅎㅎ큰기대하지말고 맘편히 볼만한 영화임~  
20171017,9,잼났어요. 옆으로 누울땐 베게를 놓아주세요.  
20171017,10,마곡 엠벨리 화이팅  박찬홍  
20171017,10,잼있어요  웃느라  배아파요 ㅋ  
20171017,10,시사회 영화재미있게  밧어요  
20171017,10,시사회로 방금 보고 나옴. 정말 재밌어서 계속 웃다가 울다가 감동받다가 웃다가... 상영내내 기분좋은느낌으로 끝까지 좋았습니다  
20171017,10,너무 재밌게봤어요.  실제. 마동석보니. 정말 근육왕. ㅋㅋ둘의케미도. 너무좋고. 계속웃으며보았답ㄴㄱ다  
20171017,10,오늘 시사회 보고 왔습니다. 역시 마동석씨  믿고 보는 배우입니다. 감동과 재미 모두 느꼈네요^^재미있게 잘보고 왔습니다.  
20171017,9,진짜 재밌어요 시작부터 빵빵터지게 웃더니 엔딩 나올때도 웃겨요 이건  코믹이라 연인 친구들이랑 같이봐도 좋지만 부모님과도 꼭 같이 보세요 진짜 재밌고 추천합니다  
20171017,9,재밌어요!! 마블리와 동휘짱의 조합은 역시!!  
20171017,10,억지 웃음이 아닌..자연스럽게 잼있었네요ㅎㅎ군대간 지창욱은 보너스~!쵝오^^  
20171017,10,오늘 시사회 와서 보았습니다 ㅠㅠ 재미와 감동...눈물 한바가지 쏟고 집에 가는중이에요ㅠㅠ엄마랑 시사회 다녀가는중인데 재밌는영화 감사합니다.  
20171017,10,너무 재미있어요!! 계속 웃으면서 봤네요ㅋㅋ 다들 연기도 찰지시고ㅋㅋ 마지막엔 울다웃고ㅠㅠ 꼭 보시길!!!!  
20171017,8,웃음과 감동을 주는 영화. 마동석 이동휘 이 케미도 괜찮네  
20171017,10,뮤지컬도 재미있게 봤는데 시사회를 통해서 본 영화도 재미있네요 역시 마블리~♡  
20171017,10,너무 재밌어요  마요미 덕에 재밌게 잘보고 갑니당~^^  
20171017,10,부모님 모시고 보면 좋은 영화예요모처럼 스트레스  확  날릴  영화...잼잇네요^^  
20171017,10,가볍게 재밌게 볼만해요!! 마동석 요즘 대세네요!ㅋㅋ  
20171017,8,포스터만봐도 웃김요???  
20171017,8,잼나네요 시사회 당첨이라 더더 잼나게 봤습니다  
20171017,8,재미나겠지? 꿀잼.핵잼!마동석.이동휘.이하늬그들이 보여주는 쿨재미를 위하여!  
20171017,10,꿀잼 기대됨     공포영화가아니라서좋다♥♥♥♥  
20171017,10,시사회로 관람했는데 이동휘씨와 마동석씨의 케미에 놀라고갑니다  
20171017,9,대박잼있어요 마블리마요미완전 팬 됐네요  
20171017,9,둘의 캐미가 재미있어요. 부라더 대박  
20171017,10,마동석님때문에 넘 기대되는 영화 ^^  
20171017,9,재밌게 봤습니다.마동석 홧팅!  
20171017,9,마동석 대세 맞네요 코메디에도 딱 맞는 ~~  
20171017,9,마동석 이동휘 조합 신의 한수 입니다. ㅋㅋㅋ 최고예요 ^^  
20171017,10,뿅 부라더스 완전 웃겨요~굿굿~!!  
20171017,10,셋의 조합이 정말 재미있어요♡  
20171017,10,"마동석이 곧 장르!! 마동석, 핵주먹이 아니라 핵웃음이다!  "
20171017,10,"남자 주인공 6 , 여자 주인공 4  "
20171016,5,아직도 평점에 속는 사람들 있으려나...등록시간만 봐도 답이 딱나오는데  
20171016,10,별 5개 쾅쾅!!! 온 가족이 함께 보기 좋은 영화  
20171016,10,웃다가 팝콘 다 쏟아서 난리남  
20171016,10,보는 내내 웃겨서 사레 걸림ㅋㅋㅋㅋ  
20171016,1,임팩트 있는 배우가 없다 개봉전 기대치는 1점이 맞을듯시사회의 기회가 된다면 관람후 평점을 다시 등록하겠음  
20171015,10,시사회 보고왓는데 진짜 재밌고 원작 뮤지컬내용 잘 담았어요~  
20171014,7,유쾌하면서도 잔잔하게 슬픈 영화 이동휘님이 잘생겨 보이는 영화 ㅋ  
20171014,9,마동석 윤계상에 이어 이하늬!!  
20171013,6,"초반은 재밌지만 너무 현실성 없어서 뒤로 가면서 좀 터무니 없었다... 감동, 공포, 코미디 다 담으려다 보니 무리가 있었던 듯??  "
20171013,10,"두분 완전 호감배우인데, 정말 캐스팅 좋네요. 내용만 잘 받쳐주면 흥행할것같네요. 꼭 보러가려구요. 기대만땅!  "
20171013,10,너무나도 즐겁게 봤습니다 코믹 이상의 의미있는 영화였네요  
20171013,10,영화 보는 내내  재밌어서 너무 웃었어요 ㅋㅋㅋ 형제간의 케미도  의외로 잘 어울리고  이하늬배우님의 그네신이 특히 재밌었습니다 작정하고 웃기는 ㅋㅋㅋㅋ 시사회때 봤지만 개봉하면 또 보러가고  싶은 영화였습니다~  
20171013,9,스트레스받고 퇴근해서 아무생각 없이 웃을 수 있는 재밋는 영화 개인적우로 마동석 배우님 연기 넘 맛깔나게 잘 봤습니다  
20171013,10,마블리와 이동휘배우님의 케미가 너무궁금하고 예고편보고 빵 터졌어요 ㅋㅋㅋㅋ 너무기대되요~  
20171013,10,완전 웃겨요ㅋㅋㅋㅋ 중간중간 애드립같던 대사들이 주옥같네요ㅋㅋㅋㅋ  
20171013,10,시사회로 봤습니다. 계속 웃다가 끅끅대는 사람들이 꽤 있습니다.  
20171013,10,"2017.10.12 동대문 메가박스 시사회 보고왔습니다.결론 부터 이야기하면, 재미있었어요!! 엄청 빵터지는게 아니라, 잔재미를 계속해서 주니까 시간가는 줄 모르고 봤어요. 코믹연기도 너무좋고, 연출도 재미있어요. 대박날듯 합니다 ㅋㅋ  "
20171013,10,시사회로 봤는데 참 재밌어요~ 추천합니다~  
20171013,10,시시회를 봤는데요 둘의 조합이 환상적이에요~^-^역시 마동석이에요. 완젼 팬 됐어요.  
20171013,10,지창욱 나온다고해서 보러가야지 . 알고보니 형제는 용감했다 영화버젼이네.암튼 기대만땅중  
20171013,8,"현실 형제의 모습이 재밌고, 잊고 있던 부모님 생각에 마음이 따뜻했던 가족영화  "
20171013,10,"시사회 봤는데 핵꿀잼! 범죄도시는 잔인하면서 재밌고, 부라더는 애잔함도 살짝 있으면서 재밌다. 한참 웃다 나옴.  "
20171013,9,"시사회 보고 왔는데, 너무 웃겼어요 ㅋㅋ 영화보면서 이렇게 웃은 거 처음인 듯 ㅋㅋ 가볍게 보기에 아주아주 좋아요! 추천합니당!  "
20171012,10,시사회 보고 왔습니다. 보는 내내 극장내 웃음이 끊이지 않아요.마동석님이랑 이동휘님 케미도 너무 좋았어요.강추합니다.  
20171012,10,이하늬 때문에 본다  기필코 보러간다  이하늬 사랑합니다  
20171012,10,시사회로 관람! 보는 내내 빵빵 터지고 끝나곤 엉엉 울었다 ㅠ 엄마 보고시퍼  
20171012,10,마동석 배우 열연멋집니다  
20171012,10,방금 시사회 다녀왓어요 너무재밋고 넘 웃김 ㅋㄷ그러다 중간에 감동도잇고 그러고 또 마지막은 웃김 걍 웃다율다웃어서 똥코에 털날거같은 영화  ㅋㅋ엄빠델고 또 보고싶음  
20171012,10,너무나 재미있게 봤네요. 웃음과 감동이 함께한 영화. 두 배우에 조합도 너무 좋았어요.  
20171012,10,최고의 코믹으로 감춰진 감동영화지창욱 얼굴보고 감동먹음지창욱밖에 생각안남  
20171012,10,마동석 너무 귀여워요 부라더 화이팅  
20171012,10,영화내내웃으면서봤어요!!웃긴데감동까지..스토리탄탄합니당  
20171012,10,울고웃고오랜만에 힐링하는것같아요!!추천입니당????  
20171012,10,시사회 보고 왔어요!! 짱 재미있음  
20171012,10,한번보고두번보세요마블리짱영원해라  
20171012,10,마이동풍 천만관객 달성하세여~ 재미있고 슬프고 무섭고 온갖 재미가다모였네요  
20171012,10,시사회로 봤는데 마동석이랑 이동휘 케미 최고ㅠㅜㅜㅜ계속 빵빵터지고 감동까지 있어요!!  
20171012,9,믿고보는 마블리 휘블리! 부라더 흥해라☆☆  
20171012,10,너무 재미있어요~~^^  
20171012,9,재밋는 코믹영화~ 은근캐미좋은 브라더~ㅎㅎ  
20171012,10,꿀잼 가족과 같이 꼭 보세요~  
20171012,10,"믿고보는 마동석, 세젤웃 이동휘  "
20171012,10,재미있어요! 추천합니당  
20171012,10,너무 재밌어요!!!!  
20171012,10,재미있었고영화나오면또보고싶어요  
20171012,10,좀 슬프고 너무 재미있는 영화인것같다  
20171012,10,넘 재밌어요~~다들 보러 오세요  
20171012,10,정말 재밋어오!마동석귀여워  
20171012,10,엄청 엄청 재밌어요!!!  
20171012,10,지루하지않고 보는 내내 빵빵 터졌어요!! 강추!!  
20171012,10,정말재밌어영!! 다시 또 볼게양!!  
20171012,10,짱이에요 ㅎㅎ 잘봤어요  
20171012,8,마블리 영원하라♡♡♡♡  
20171012,10,진짜 웃김!! 꼭 보세요  
20171012,10,가족 친구들과 함께 즐기면 좋은 영화!! 완전 재밌어요!!  
20171012,10,너무자밋어요 앞으로 또볼거에요♡♡♡♡  
20171012,10,완전 재밌음!! 그냥 계속 웃고있어요가족들하고 보세요  
20171012,10,너무재밌었어요재미있는만큼슬프기도하네요  
20171012,10,마동석 너무너무 재밌어욥!!!  
20171012,10,"좋아요,재밌어요 꼭보러오셍?ㄷ  "
20171012,10,너무 재밌었어요 웃겨요 완전 ㅋㅋ  
20171012,10,시사회 참석해서 보고 왔습니다~ 정말 재미있고 가족들과 함께 봐도 너무 좋을 것 같습니다!!! 왕왕 강추예요!!!  
20171012,10,넘  잼있고 감동적입니다  
20171012,10,애드리브 최고!! 넘재밌어요~  
20171012,10,재밌어요 애드립 대박웃김  
20171012,8,다들 연기 짱짱 ㅎㅎㅎ 재밌네용ㅎㅎㅎ 특히 손가락 ㅎㅎㅎ  
20171012,10,너무 너무 재밌어요 화이팅 강추  
20171012,9,마블리 너무 귀여워요 이동휘님 애드립도 끝내줘요 추천추천  
20171012,10,이 영화 진짜 추천합니다! 마동석이랑 이동휘 배우님들 캐미 ㅁ진짴ㅋㅋㅋㅋ  
20171012,10,부라더짱재밌어요!!!!  
20171012,7,킹스맨2  보단 훨씬 재밋었음CG가 너무 어설퍼서 슬펐음 ㅠㅠ  
20171012,10,재밋게 봣어요 대박나세용~~^^  
20171012,10,믿고보는 두배우님의 케미!! 오늘 시사회보며 정말 많이 웃기도하며 감동도 있었어요!!!정말 믿고보는 영화입니다!!강추!!!  
20171012,9,애드립이 환상인 영ㅇ화!! 웃음 포인트가 너무 많아서 재밌어요ㅋㅋㅋ  
20171012,10,정말 웃겨요생각이상으로  
20171012,8,두 배우의 합이 잘 맞는 것 같아요~ 유쾌한 영화였습니다.  
20171012,7,시사회 & 쇼케이스 재밌네이하늬가 젤  잼나다 ^^# 파란돼지   # 식스센스  
20171012,10,정말많이웃고 즐거웠어요~~거기다 감동까지..최고였어요!!!  
20171012,2,아 솔직히...동석이형 몸으로 웃긴 거 아니면1점 줬을거예요.  
20171012,9,시사회로 봤는데 너무 재밌네요. 뮤지컬 형제는 용감했다를 영화화했는데 재밌어요. 다시 볼려구요.  
20171012,9,"시사회를 봤습니다. 큰 기대 없이 봤는데 내용도 재미있고 , 배우분들이 연기를 재밌게 하셔서 시간가는 줄 모르고 봤습니다. 굿!!!  "
20171012,10,재밌네요! 다들 가볍게 한번 보기 좋은것같아야  
20171012,10,즐겁게봤읍니다~^^  
20171012,10,최초시사회 다녀왔어요! 완전 재밌어요! 꼭 한번 보세요!  
20171012,10,최초시사회 다녀왔습니다 친구랑 엄청웃고가요ㅋㅋ  
20171012,8,잼있네요감동적이고고고고  
20171012,9,짱짱 재밌게 봤어요♡♡♡  
20171012,7,나름 반전도 있고 재밌는데 첫부분이 좀 답답했음  
20171012,10,재밌어요 이동휘 존잘!!  
20171012,10,"체고시다,,,, 진짜 너무 웃기고 감동적이에여 진짜 웃다 울다 두번 볼꺼에영  "
20171012,10,재밌게 잘봣습니다~마동석귀여워영  
20171012,10,울다 웃다 너무잼났어요 또보러갈게여 역시 장유정 감독님이에요!!!  
20171012,10,역시마블리예요~넘나재밋음  
20171012,8,마동석 이동휘의 깨알같은 웃음코드 재밌네요. 이하늬씨 넘 이뻐요..극중 반전에 놀랐지만ㅋ  
20171012,9,따뜻하고 가족과 보기 좋은 영화 입니다  
20171012,10,시사회보고왔습니다 재미있어요  
20171012,10,꿀잼 마동석씨 멋져요~~~~  
20171012,10,시사회 보고 왔는데 재미있었습디다. 뒤에서 마동석 배우님이 안녕하세요 해서 깜놀ㅋㅋ  
20171012,10,정말 재밌어요 마동석 쵝ㅎ  
20171012,10,자는데 다리를 올리지 말자!  
20171012,9,감동과 재미가 어울어진 작품임  웃다가 울다가...강추  
20171012,10,진짜 마동석과 이동휘의 조합진짜 좋아요!!  
20171012,10,감동도있고 재미있는요소도 많고 꿀잼입니다  
20171012,7,무척 재미있어요.개봉하면보세요.  
20171012,10,대박입니다.  정말 재미있어요  
20171012,9,뻔한스토리 진행이지만 잔잔히 슬프고 유쾌해서 재미있었다  
20171012,10,뻔한 스토리지만 뻔하지 않은 연출이었음. 생각보다 감동적이었고 재미가득! 추천하는영화입니다  
20171012,10,진짜 너무 웃기고 감동적이였어여 ㅠㅠ  
20171012,9,재밋어요 마동석짱짱ㅋ  
20171012,7,재밌어요 마동석 이동휘 캐미가 좋네요  
20171012,10,"생각외로 재밌네요~! 잔잔한 감동도 있구,추천해요~~!  "
20171012,9,개꿀잼이에요 ㅋㅋ 적극추천  
20171012,7,재밋엇어용~ 마동석 짱  
20171012,10,완전 재미있어요~꿀잼!!  
20171012,9,전반적인 재미와 감동적인이야기  
20171012,10,스토리구성이 재미있었습니다. 코믹한 부분이 있어서 흥미있게 보았습니다  
20171012,10,부담없이 웃고 싶다면 오늘은 부라더와 함께!!!  
20171012,9,부모님과 보기 좋은 영화인것 같습니다  
20171012,10, 가족과 함께 또 볼꺼에요^_^  
20171012,8,역시 마동석과 이동휘네요. 연기 잘하고 케미가 잘 맞네요ㅎㅎㅎ 재밌게  봤습니다.  
20171012,7,코미디영화지만 중간에 슬펐던영화  
20171012,9,시사회로 미리봤는데 오랜만에 정석 코미디가 나왔네요 ㅋㅋㅋ웃다 울다 재밌었어요  
20171012,9,넘 재미나요 또보고 싶어요  
20171012,10,시사회 잘보고갑니다~ 웃다울다웃었네요 ㅋㅋㅋㅋ 여러분 꼭보세요!  
20171012,10,울다 웃다 다했네요 진짜 너무 재밌었는대 또 너무 슬펐어요..ㅜㅠㅠ 개봉하면 부모님과 보러와야겠어요 이 영화 내용은 누구나 한번쯤해본 상상인것같아요 2번보고 3번보세요ㅠㅠ  
20171012,10,완전 재미있어요 교훈주는 영화인거같아요  
20171012,7,둘의 케미가 너무 좋고 영화도 정말 재밌어요  
20171012,10,재밌어요~~~깔깔거리면서 봤어요|~~  
20171012,10,재미와 감동이 공존하네요. 역시 믿고보는 배우님들. 최고였어요  
20171012,10,시사회로 봤는데 너무 재밌어요~ 개봉하면 부모님 모시고 한번 더 보고싶어요~  
20171012,10,재밌어요 역시 마블리ㅎㅎ  
20171012,10,시사회로 봤는데 오랜만에 많이 웃다가 또 눈물도 나다가 유쾌하게 볼 수 있는 영화였어요 형제는 용감했다 뮤지컬도 보고 싶었는데 영화로 재미있게 만들어서 좋은 시간이었습니다 ^^  
20171012,10,제가 기억하는한 봤던 영화중에 최고인거같습니다  
20171012,10,"뮤지컬로 봤었는데 영화로 보니까 색다르고, 이동휘, 마동석 두 배우분들의 케미가 너무 좋네요! 영화보는 내내 웃음이 떠나지 않는 영화에요. 감동은 플러스..! 오랜만에 마음따뜻한 영화 본 것 같아요. 흥했으면 좋겠습니다!  "
20171012,10,울다가 웃다가 합니다ㅋㅋㅋㅋ 일단 두분캐미 쩝니다!!ㅋㅋ  
20171012,10,너무 재밌게봤어용 마동석 이동휘 짱 이하늬 짱  
20171012,10,웃다가 울다가 재미와 감동이 다 담겨진 좋은 영화! 또 보고 싶습니당!!  
20171012,10,"정말 기대하지 못 했는데,엄청난 감동을 느끼고 갑니다!강추!!  "
20171012,10,웃다울다 넘넘 잼나요 파란돼지 사랑할꼬얌~^^♡♡  
20171012,10,재미와 감동이 있습니다~  
20171012,8,생각없이 볼만하네요~  
20171012,10,정말 잼있어요ㅎㅎㅎ호  
20171012,10,즐겁게 잘 봤습니다. 가족과함께 관람하면 좋을것 같아요  
20171012,9,"마동석씨 이하늬씨 이동휘씨 배우들만으로도 기대됐는데, 넘 재밌게 잘 뵜어요 ㅎㅎ  "
20171012,10,정말 재미있었어요 또 보고싶어요!  
20171012,10,웃고 울고 재밌어요!!  
20171012,10,웃기고 슬프고 다함..개봉하면 또 볼거임  
20171012,10,완전 재미있구 감동도 있네요 ㅎㅎ  
20171012,6,온가족이 보기 좋은 코미디영화입니다  
20171012,7,괜찮았어요가족 영화로  
20171012,10,너무재밋네요. 또 보고싶어요  
20171012,10,웃기고 슬프고 무섭고 최고  
20171012,10,ㅋㅋㅋ 완전 재밌어요 !! 재미에 감동까지!  
20171012,10,개꿀잼!!빵빵터짐ㅋㅋㅋ이하늬마동석이동휘최고  
20171012,10,웃다 울다 재미있게 봤어요~~~  
20171012,10,졸잼이이여 추천!!!!  
20171012,10,졸잼 마지막 깜짝등장 기대하3  
20171012,10,부라더 시사회 왔다감! 왤케 웃곀ㅋㅋ 장르를 넘나드네. 어떻게 그 유전자 조합에 마동석이 나오죠?  
20171012,10,마동석 이동휘 캐미도 넘좋았고 깨알 김비서님 ㅋㅋ재미 교훈 감동까지 최고입니다  
20171012,10,정말 재미있게 봣어요~~ 무대인사에서 본 마동석씨가 영화에서도 정말 재미있게 연기하셔서 영화내내 웃으면서 봤네요~  
20171012,10,재밌어요! 추천 꾹! 보는내내 웃겨죽는줄ㅋㅋ  
20171012,10,웃다가 울다가 감동먹다가 다시 웃고 오락가락했네요 굿굿  
20171012,10,재미있습니당!! 다음에 또 보러오고싶어요역시 마블리 너무귀여워요ㅠㅜㅜ..♡  
20171012,10,마동석 완전 멋져요.강추합니다~*  
20171012,10,웃음과 감동 모두 잡은 영화였습니다!최고예요!!!  
20171012,10,마동석 이동휘 케미 장난아니네요재밌어요!  
20171012,10,즐겁게 웃고왔습니다!!  스토리도 탄탄하고 개그도 재밌어요!!  
20171012,10,와 오늘 시사회다녀왔는데 진짜 재밌어요!ㅋㅋㅋㅋ 후회안하실듯ㅋㅋㅋㅋ  
20171012,9,재밌어요~ 또보래요~  
20171012,10,완전웃겨요~~~!!!보세용  
20171012,10,마동석님과 이동휘님 콤비가 환상적이었어요~!중간 반전까지ㅎㅎㅎ11월2일 꼭 보기요!!!!  
20171012,10,ㅎㅎㅎ감동입니다ㅠㅠㅠ중간에 짱이에요  
20171012,10,내내 재밌고 감동적 좋아요^^  
20171012,10,가족이보기에 아주좋을 휴머니티한코미디  
20171012,10,부라더 마이 부라더 ㅠㅠ힐링영화일것같아요 언넝 개봉했으면 좋겠어요마블리 하트?짱맨  
20171012,10,시사회! 재미있었어요 :)  
20171012,10,간간히 처지는 웃음들과 내용들. 킬링 타임용 영화로 추천  
20171012,10,울고 웃고 넘넘 재밌어용ㅎㅎㅎ 강추~!!!  
20171012,10,뮤지컬로 재밌게 봤던 거 영화로 더 완벽하게 표현해냈네요 ㅎㅎ 배우들 연기 굿!! 주변에 추천!  
20171012,10,존잼.. 기대안했는데 진심 재밌어요  
20171012,10,진부하다고 하지말길 코믹의 차원이 다름 !!!  
20171012,10,처음부터 끝까지 계속 웃기네요ㅋㅋㅋㅋ  
20171012,10,재미있어요ㅠㅠ 감동적이고 넘 좋앗어요ㅠㅠ~~  
20171012,10,올해 본 영화중에 제일 재밌네요! 가족끼리 보기 좋은 영화입니다.  
20171012,10,마지막에 폭풍감동  엄청울었어요  
20171012,10,재미있게 잘봣어용!!  
20171012,10,마동석과 이동휘 조합 너무 재미있었고 영화내용도 탄탄했습니다  
20171012,8,마동석 특유의 재치가 묻어나는 영화  
20171012,10,마동석과 이동휘케미 너무좋았고 앞으로도계속보고싶어요!!  
20171012,10,완전강추요꼭보세용!!!!  
20171012,10,"엄청웃었어요, 진짜 재밌게봤어요  "
20171012,10,웃고 울고 한 영화였어요! 뻔한 전개는 아니란 느낌이 들었어요. 또 보고 싶은 영화예요!  
20171012,10,너뮤 재미있게 잘봤습니다.믿고 보는 마동석 배우가 되어버렸어요!!  
20171012,10,부라더 재미있어용!!!!><  
20171012,8,"믿고 보는 마동석, 조금씩 짬뽕된 느낌이 조금 아쉬웠어요  "
20171012,8,넘넘 재밋게 보다가 갑니다|~  
20171012,8,생각 이상으로 재미있네요~~  
20171012,10,정말 재밌어요!!!!  
20171012,10,재미랑 감동까지 볼수있어서 좋았습니다. 대사하나하나 행동들도 너무 재치넘쳐요♡  
20171012,9,웃음과 감동이 적절하게 묻어나는듯부라더 흥해라~~~~!!!  
20171012,10,둘의 호흡  기대되요  꼭  보고 싶네요  
20171012,10,시사회로 먼저 봤는데 정말 재미있네요~범죄도시도 재미있게 봤는데 마블리 올해 영화들 다 대박나겠어요!!  
20171012,10,오늘 무대인사 보고왔는데 코미디 뿐만 아니라 여러 장르 인 것 같아요 ㅋㅋ 마동석씨와 이동휘씨 케미가 장난 아니네요~~ 개봉하면 친구들한테 추천해줄거에요 ㅋㅋ 최고최고  
20171012,8,재미있고  감동적이예요~~  
20171012,10,마동석과  이동휘의케미가 유쾌하고좋아요~~이하늬의신비스러운  연기도좋았고 재밌으면서도  감동적이였습니다^^~~~  
20171012,8,마요미와 응답의 동휘가 어떤 브로케미를 이룰지 기대됩니다.  ㅎ 물론 코믹한 케미가 어떤 모습으로 나올지 도요. 부담 없이 가볍게 그리고 편하게 보겠습니다.^^  
20171012,9,완전 웃김! 감동적이기도 하고.. 재미있었어요!  
20171012,10,넘나 유쾌한 부라더 영화입니다!!  
20171012,9,웃기고 감동적인 영화에요  
20171012,10,진짜재미있어요!!!강추영화입니다 ㅋ  
20171012,9,스토리는 기대하면 안 되지만 마블리와 이동휘 개그에 빵 터짐  
20171012,10,재미있네요 추천합니다  
20171012,9,웃기지만 감동도 있었던 영화  
20171012,10,가볍게 즐길 수 있는 영화라는 생각이 들었는데 묵직한 감동이 있네요.웃다가 울다가 무서움도...ㄷㄷ강추입니다.  
20171012,9,너무 즐겁고 유쾌한내용에 지루할틈없이 봤네여  
20171012,10,너무 재밌었어요!!!또 보고싶어요!ㅎㅎ  
20171012,10,형제  케미  뿜뿜 웃고 울고 재미있었어요~ㅎㅎ  
20171012,10,진짜 울고 웃었습니다ㅠㅠ 너무재밌습니다 부라더 대박나세요??  
20171012,10,마블ㄹㅣ파란츄리닝 잼ㄴㅏ요!  
20171012,10,재밌음! 배우들의 연기가 너무 좋았음 ! 재밌게 웃고 가족이 대해 생각할수 있는 영화임  
20171012,10,진짜 레알 믿고보는 마동석!!!!울다 웃다 가족들이 함께보면 좋을 최고의 감동 코미디 영화입니다 진짜 10점이 아깝지 않네요  
20171012,8,재미와 감동 둘다 최고 ㅠ  
20171012,10,개꿀잼 너무너무너무잼네염  
20171012,9,오랜만에보는 코믹영화네요넘잼있게 잘봤어요!!!  
20171012,10,동석이형 누워만 있어도 웃겨요. 재미도 감동도 있고 가족에대해 생각할수있는 좋은 영화인거같네요  
20171012,10,너무 재밌고 마음 따뜻해지는 감동적인 영화였습니다.  
20171012,10,재미잇고 개봉하고 또 봐도 재밋을거같가요  
20171012,10,진짜 재밌고 감동적인 영화ㅠㅠ 추천입니다  
20171012,5,재미있어요 또보고싶어요  
20171012,10,꿀잼 오랜만에 실컷 웃고갑니다  
20171012,10,앞으로 마블리는 무조건 믿고봄가족의 소중함을 느끼게 해주는무엇보다도 웃겨죽네요  
20171012,10,"마동석, 이동휘, 이하늬 조합이 진짜 최고인것 같아요~~~  "
20171012,5,간간이 터지는 웃음. 그러나 개연성 부족. 스토리의 얼개 부족. 스토리가 이어지지 못하고 끊기는 느낌. 신파적 마무리는 아싑네요. 한국 코미디 영화의 한계 극복은 언제나 될까요?  
20171012,10,코믹과 공포 재미와 감동! 부모님께 잘하고 삽시다  
20171012,9,웃기고 앉아있는 마동석 이동휘 보러오세요재미있어요~~감동도 있어요~~  
20171012,9,시사회로 봤는데 웃기고 마음이 따뜻해지네요ㅎ  
20171012,8,정말 웃기만 하고 앉아있었어요~ㅋㅋㅋ 끝으로 갈 수록 웃기고 정말 재밌게 보고 나왔습니다~  
20171012,8,잼나네요!! 나름 유쾌하게 볼수 있는 영화입니다.  
20171012,9,코미디 영화라고해서 시사회왔는데 울고 가네여 감동  
20171012,8,마동석이랑 이동휘 너무 잘맞고 재밌어요! 역시 마동석 한번더 반하고 갑니다 이동휘 너무 재밌어요  
20171012,9,유쾌하고 재밌어요 ㅎㅎ많이 웃었네요 ㅋ  
20171012,10,진짜 너무 재미있고 슬프고 반전의 반전!마지막 우정출연이 진짜 제일 놀랐습니다!! 꼭 보세요 너무 재미있어요 마동석 이동휘 이하늬 연기 갑 웃음폭탄 눈물폭탄ㅜㅜ  
20171012,9,종부로서의 삶의 어머니와 종손으로서의  삶인 아버지의  삶이 지난하네요  
20171012,10,세상에 뭐 이런 형제가 다 있노? ㅋㅋ 형제는 용감했다.  
20171012,10,생각보다 재미있었습니다.  마냥 즐겁지만 않아서 더 잘 볼수 있었네요. 역시 배우님들의 케미가  
20171012,10,실제로 있을법한 형제이야기 감동도 있고 재미도 있고 두 배우님의 캐미가 짱짱~  
20171012,8,실컷웃을수있는영화나름감동도잇고  눈물찔금역시 마동석  짱!!  
20171012,10,"시사회왔어요. 재밌고, 감동도있고. 굳~!!!  "
20171012,8,재미와 감동까지 있는 영화! 오랜만에 진짜 크게 웃었네요ㅎ  
20171012,10,쇼케이스 에서 영화 너무 잘 봤어요~  
20171012,9,마동석 이동희의 환상 콤비 배꼽 빠지게 너무 잼나요  
20171012,10,감동과 재미를 모두 담은 영화입니다 완전 추천!! 영화대박  
20171012,10,와...재미와 감동 둘다 가진 최고의 영화인듯  
20171012,10,쇼케이스 겸 시사회 봤는데 좋아요  
20171012,10,감동있고 재미있어요!  
20171012,10,배우들의 조합만으로도 꿀잼. 재밌네요!  
20171012,10,시사회로 보고 나왔는데 정말 재밌어요 웃다가 웃다 진이 다 빠졌네요ㅋㅋ 개봉하면 한번 더 보러 갈꺼예요ㅋㅋ  
20171012,10,흥행보증수표 마동석 이동휘 이하늬 !! 영화 빨리 보고싶어요 ㅎ  
20171012,9,코믹한.두 남자배우의 케미가 기대됩니다.이하늬씨 전재감은 어떨지??ㅋ  
20171012,10,그냥대박남ㅋㅋ완전웃겨죽음  
20171012,10,재미보장...!인정합니다  
20171012,10,소름돋는연기력과 재미의 조화★강력추천  
20171012,10,마요미가 나오면 무조건 봐야함!!  
20171012,10,오랜만에 코미디 영화! 기대됩니다>.<  
20171012,10,마동석 배우님과 이동휘 배우님 케미 너무 기대하고있어요ㅋㅋㅋ재밌게보고오겠습니다!!  
20171012,9,역시 마동석! 모든 인물들이 조화롭게 웃긴다!  
20171012,10,올해 최고의 코미디영화!!  
20171012,10,마동석 이동휘 두 분이 형제라니요 게다가 코미디라니 엄청기대되는 꿀조합 ㅋ 개봉 못기달리고 쇼케이스 왔습니다 영화 대박나세요  
20171012,10,안어울릴듯 어울리는 두사람 ㅋ벌써부터 꿀잼ㅋㅋㅋㅌ  
20171012,10,실컷 웃고 갑니다 ~ ㅋㅋ  
20171012,10,마블리 코믹연기 기대되요!!!!  
20171012,10,시사회로 보게됬어요 !!!! 설렘반 기대반 마동석 이동휘.짱  
20171012,10,유쾌한 코미디네요 한바탕 웃고 갑니다 굿굿  
20171012,10,마동석과 이동휘면?? 당연히 봐야 하는거 아닙니까????왕왕기대중!!  
20171012,10,진짜 재밌어요 실컷 웃었네요ㅋㅌㅋ  
20171012,10,너무 재미있어서 배꼽 빠지는줄 알았다니까용꼭 보세요오!! :)  
20171012,10,넘넘재밌게봤어용!!!!짱짱  
20171012,10,범죄도시와 완전 다른 마블리의 개성 기대됩니다.이동휘의 능청스러운 연기도 기대되네요.  
20171012,10,보려고 앉아있는데 벌써부터 기대되옹!!!  
20171012,9,믿고 보는 마요미의 매력에 푹 빠져 보아요.  
20171012,10,요즘..꿀꿀한 일이 많았는데  잘 만든 코미디영화보며 많이 웃고싶네요~ 완전 기대됩니다~~^^  
20171012,8,간만에 한바탕 기분좋게 웃을수 있는 영화  보고갑니다.  
20171012,10,부라더 역시 기대 이상 이였어요!!! 여러분 꼭 보세요!!  
20171012,10,마동석과이동휘의 캐미 기대되네요!  
20171012,8,마블마블마블리~동휘동휘동휘~  
20171012,10,시사회 보고왔는데 너무 재미있어용ㅎㅎㅎ  
20171012,9,역시 마동석 입니다대박 꿀잼  
20171012,9,기대됩니다 동석형님만 믿고 봅니다 ㅎㅎ  
20171012,10,"역시 우리 마블리 배우 마동석과 개그센스만점 배우 이동휘, 여신 이하늬 너무 재밌어요! 엄마와 함께 보러왔는데 너무 좋으네요!! 다시 보고싶은 영화!  "
20171012,10,마동석이 나오면 믿고 보는 것 아닌가요?? 그냥 기대만발에 행복 가득 입니다 !!!  
20171012,10,예고편만 봤는데 너무 웃겨서 기대됩니다ㅋㅋ  
20171012,10,마동석 마블리 나오는 영화는 역시 믿고 보는영화ㅠㅠ 역시 너무 재밌어요...! 그리고 이동휘까지 나와서 배로 좋아요??  
20171012,9,마동석 좋아해요..??  
20171012,10,조합 겁나 신선해보여욬ㅋㅋ  
20171012,10,둘의 조합에 기대 만땅!  웃음 가득할거 같아요!  
20171012,10,배우님들 조합만으로도 너무나 기대되는 영화 부라더 너무나 기대됩니다 ^^ ♥ 대박 웃음 책임져 주세용 ^^  
20171012,9,"대세는 마요미, 무슨 설명이 필요한가 ㅋㅋ  "
20171012,9,마동석 요즘  잘나가네 여러개 찍는거보면ㅋ  
20171011,10,오리축소범이 아닌가요  
20171010,10,마동석이 곧 장르다! 벌써 터짐ㅋㅋㅋㅋ  
20171010,10,이거 오리냐....?  
20171010,10,그냥닥마블리 그냥닥마블리~  
20171010,10,닥치고 웃길것 같다 꼭 보자 ㅋㅋㅋ  
20171009,10,마동석씨의 연타흥행을 기대해봅니다.  
20171007,10,둘다 꿀귀임...♥ 내가 이영환 꼭본다ㅜ  
20171004,10,잘생긴거 필요없고 연기력이 되는 분들이라 기대되네요^^ 앞으로도 이쁜거 잘생긴꺼 빼고 연기력 되는 분들 위주로 주연으로 나오셔으면 하는 바램.  
20171003,3,형님 범죄도시 재밌게 봤습니다.근데 필모를 업그레이드 하셔야지 이런 영화 왜 나온건지?예고편만 봐도 x필이 오네요 ㅜㅜ안타깝네요  
20171002,10,출연진만 봐도 웃기다ㅋㅋㅋㅋ  
20170928,6,별로 재미있을것 같지도않고..또 너무 망작도 아닌것같고..  
20170927,10,코미디 영화마동석 이하늬 팬인데 기대됩니다~^^  
20170927,9,마블리랑 이동휘 이조합  말이필요없죠언능 보고싶어요^^  
20170927,9,어떤 스토리일지 넘 기대되요~~^^  
20170927,10,마블리님 보는 것만으로도 행복할 듯~~ 보고 싶어요^^  
20170927,8,여성들의 워너비이하니마블리오빠 나온다고하니 벌서부터캐미기대됩니다ㅎㅎ꼭보고싶어요  
20170927,10,너무기대되요?마동석아저씨 나오는 영화너무좋아하는데 신나게웃고파요  
20170927,10,범죄도시와는 또다른 재미의 마블리를 만나리란 믿음으로 기대별 쾅쾅!!!  
20170927,9,마블리는 믿고 보는 거죠!!^^  
20170925,10,뮤지컬도 재밌게 봤는데 영화도 기대합니당~^^  
20170922,10,이동휘:야!마동석 아저씨:(화난 표정)니 방금 형한태 야!라고 했냐?니 참교육 받아야갰다!엎드려뻗쳐!이동휘:(무릎꿇고 싹싹빌면서)살려주새요!마동석 아저씨:(가래침을 뱉고)내 사전애 자비라는 단어는 없어!  
20170922,10,마블리ㅋㅋ 둘의 조합 너무 기대되요  
20170922,10,오 간만에 코믹물이다. 요즘 다 사람 죽이는것만 나오드만  
20170921,9,막 웃다가 막판에 먼가 깨달음을 얻고 나올각!!요즘 우울한 얘기만 나오는데 이런 영화 기다리고 있었음재미와감동을 막퍼줄 듯~^^  
20170919,10,ㅋㅋㅋ 사진만 봐도 개꿀잼각이다  
20170805,1,조우진이라는 역겨운 배우떄문에 1점ㅡㅡ 컄퉤  
20170805,10,마동석이 이동휘 찢어 죽일거같은데 ㅋㅋㅋ  
20170601,10,배우들 때문에 보고 싶었는데... <김종욱 찾기> 감독님이네요. 기대됩니다~!!  
20170312,10,이동휘 뭐이리 열심히 찍어ㅋㅋㅋ몆개를 하는거여. .  
20170224,10,이건무조건본다 마동석 이동휘케미 오질듯  
20170222,10,음악도 기대됩니다. ㅎㅎㅎ  
20170220,10,뮤지컬 형제는용감했다도  정말  재밌고 감동적이었는데 영화로 만들어진다니 너무너무 기대가 되요. 빨리 보고싶어요. ^^  
20170220,10,빨리 보고싶다 너무 기대된다  
20170217,10,오 동석형님 굿입니다.  
20170217,10,걍 둘의 조합만 봐도 웃김 ㅋㅋㅋ  
20170217,9,"마동석,이동휘가 형제로... 표정만으로도 벌써 웃기네요~~ 기대됩니당~~^^  "
20170217,10,오오 ㅋㅋ 마블리 ㅋㅋ웃교 ㅋㅋ  
20170217,9,요 조합 완전 웃길 듯! 기대 만빵 중  
20170216,10,"마동석,이동휘가 형제로 나오네, 오랜만에 이런영화 좋습니다.재밌겠다~빨리 보구싶네요.  "
