0,1,2
20170920,10,꼭봐야하는영화 시사회보고왔는데 폭풍눈물... ㅠㅠ 진짜 마음아픈영화 꼭보세여 ㅜㅜㅜ  
20170920,10,나문희 선생님의 연기는 정말... '연기'가 아닌 나옥분 그자체였어요... 나옥분이라는 사람이 정말로 실존하는 것으로 생각되리만큼요... 정말 어려운 연기인데...나문희 선생님께서 너무나도 멋지게 소화해내시는 모습을 보고 존경스러웠습니다.  
20170920,9,꼭 봐야하는 영화!아무생각없이 봤다가 가슴 뭉클해지고 갑니다  
20170920,10,시사회로 보고 왔습니다. 아임 파인 땡큐 앤유? 라는 나문희배우님의 대사가 계속 생각나서 개봉하면 한번 더 관람하러 가야겠습니다.  
20170920,1,진짜이런영화만들지마라국재망신이다  
20170920,10,How are U! I'm fine thankU andU  
20170920,1,위안부 억지로 넣어서 억지감동 만드는 영화..  
20170920,4,시사회 보고왔습니다. 웃기고 재밌고 마지막에 감동도 있지만 너무 찝찝한 부분이 많네요. 쓸데없는 스토리로 너무많은 시간을 잡아먹고 대충 얼버무리려는 연출들이 많이 보여서 아쉬웠습니다  
20170920,7,연기파 배우들만 나오니 연기력 문제는 없겠네  
20170920,1,"광주, 반일, 위안부, 광주, 반일, 위안부, 반재벌, 광주, 반일, 위안부, 광주 반일, 위안부, 조폭.. 무한 반복.. 이건 뭐.. ..  "
20170920,10,원래 시사회에 관심이 없는데 친구가 추천해서 17일에 영화를 보게되었습니다. 꼭보세요 두번보세요 많이보세요!! 재미도 웃음도 잡고 눈물도 엄청!나는 영화입니다! 진솔한 현대인의 삶과 뼈아픈 역사인 위안부의 외침을 담은 코믹감동스토리예요 강력추천합니다!  
20170920,10,어제 시사회를 보며 모처럼 따뜻한 영화를 봤다는 감동이 있었습니다 믿고 볼 수 있는 나문희배우님과 이재훈의 연기도 정말 좋았습니다  
20170920,6,입소문이좋으면 개봉첫주에는 잘나갈것다 하지만 그다음주부터가관건  
20170920,8,"시작은 가벼운 코믹이었지만 끝은 감동적인 이야기였어요. 무겁고 민감한 소재지만 조금은 가볍게 접근할 수있어서, 많은 사람들이 이 영화를 보고 관심을 가지고 생각해보는 계기가 되었으면 좋겠습니다.  "
20170920,10,영화 진짜 좋았어요. 배우 연기는 말할 것도 없고 상업영화적인 측면에서 재미도 충분하고 스토리도 탄탄합니다. 의미 깊은 영화였어요.  
20170920,10,무거운 주제를  가뿐한 연출로 묵직하게 전달한다.  나문희님은 연기의 신이다.  이 영화  세계 동시개봉했으면 좋겠다.  
20170920,10,웃음과 감동의 적절한 균형! 개강추 ㅠㅠ  
20170920,9,"기대이상의 재미, 감동, 의미. 나문희 배우님의 무표정은 무진장 웃기기도, 큰 슬픔도 담고있다. 이제훈 배우의 탄탄한 기본기도 다시금 확인. --알바절대아님--  "
20170920,7,좋은소재 좋은 연기 소소한 재미.클라이막스 시점 왔다갔다한 감정.쓸쓸함과 먹먹함 나문희 선생님 좋은 연기 감사합니다  
20170920,10,시사회로 보고왔습니다감동과 재미 두마리토끼를 다 잡았다라는 표현이 가장 어울리는 영화입니다올 추석연휴에 많은 사람들이 이영화를 보고다시한번 위안부 문제에 관심을 가지게 되어하루빨리 일본정부의 진정성있는 사과를 받길 바랍니다  
20170920,10,나문희 선생님과  이제훈의 조합 ~~~  넘 기대되고  좋아요   이런 좋은 영화가 많이 만들어 졌으면좋겠어요 ~~^^  
20170920,10,시사회 방금 다녀 왔는데 영화 정말 잘 만들었어요!가볍게 웃을 수 있는 재미난 요소들도 중간중간 많았고위안부에 대해 우리가 생각해봐야 할 진중한 내용들도 녹아있어서 참 좋았습니다.  
20170920,10,너무 좋았어요~ 역시 나문희선생님의 연기는 언제나 가슴을 울리네요~ 너무 훌륭하신 연기셨어요^^ 마음 따뜻해지는 너무 감동적인 영화~ 최고♡ 오늘 영화 두개봤는데 탐크루즈 나오는 영화보고 실망터졌다가 아이캔스피크 시사회로 행복한 영화보며 힐링했어요^^  
20170920,10,시사회에 9살아들과 보구왔습니다..중.고등학생 반친구들과 많이들보러왔네요.훈훈하고 유쾌하고 역사적 감동까지 아이들과 추석에 보기 딱 좋은영화입니다...  
20170920,10,꼭 보시기를..나문희님의 연기는 역시 쵝오!!기대를 져버리지 않으십니다~대단하신분이라는 생각!!인물과 잘 어우러지는 이제훈씨 연기도 매우 인상적인 감동을 더해줍니다.주변인물들과의 가족애가 물씬 느껴지는 소중한 영화 한편 잘 감상하고 왔어요.강추~^^  
20170920,10,잘만들었어요- 천만 이상 들었으면 좋겠네요  
20170919,7,[시사회평] 영화시작과 동시에 불쾌했다. 9시 땡 되어서야우루루 출근하는 장면을 보면서 감독이 너무 한심했다. 사전지식이 부족한건지 의도한 비약인지... 진짜 믿는 사람들이 있을까봐 남긴다. 공무원이 아무리 늦는다해도 10분전 출근은 기본이다.  
20170919,10,"다소 무거운소재를 유쾌, 성숙함으로 풀어내감동을 배가 시킨 영화. 우리가 잃어가고 있는상생의 삶을 보여주신 옥분할머니 감사합니다.  "
20170919,10,"오늘 시사회 갔다왔는데요 재미도있고 감동도있고 의미있는영화였어요~~!!! 다들 꼭한번 보셨음 좋겠습니다!!60분은 웃고 나머지 60분은 계속 울었네요ㅠㅠ 나문희,이제훈 배우 연기 진짜 잘합니다♥사랑해요!!♥  "
20170919,10,너무 잘봣어요 마음이 너무 아팠어요좋은 영화 만들어주셔 감사합니다  
20170919,10,시사회보고 나왔는데 재밌었어요! 강추 영화입니다. 개인적으로 택시운전사보다 재밌었던 영화에요. 스토리전개는 투박하지만 내용은 알찼던 영화에요- 위안부힐머니라는 무거운 소재를 잘 풀어낸것 같아요-!  
20170919,10,"""How are you??"" 에서 눈물 터지뮤ㅠㅠㅠㅠ영원히 잊지 말아야 할 위안부 할머님들의 이야기(VIP 시사회 막 보고 왔습니다. 영화가 끝나고 다같이 박수쳐 본 것은 처음입니다~ 30대 메마른 아재 감성을 자극했네요. 천만관객 꼭 가시길)  "
20170919,10,군함도 하나 찍을 돈으로 이런 영화 많이 만들어 주세요ㅠㅠ최고입니다.  
20170919,9,하우알유? 빠인땡큐 앤유?  
20170919,10,시사회 보고 왔습니다 내용소개없이 보고 왔는데 의외의 반전?이 있어서 놀란 영화였습니다 우리나라영화 흔한 애국 마케팅도 없었고 진정성이 있었던 영화였어요 웃음과 감동 사회비판 모두 박자가 잘 맞았습니다  
20170919,10,"뻔하지 않은 스토리, 역사적 문제뿐만 아니라 일상을 통해 보여주는 여러 교훈과 재미까지 갖춘 진정한 휴먼 코미디 영화입니다. 살면서 처음으로 평점남겨봐요ㅠㅠ꼭 한번 보라고 추천하고 싶은 영화!!  "
20170919,10,감동적이고 의미있는 영화  
20170919,10,짜내지않은감동. 추천  
20170919,10,"저는 롯데시네마 vip 시사회로 봤었는데 정말 재밌게 봤어요. 솔직히 뻔한 결말이긴 하지만, 연기잘하시는 분들과 소소하게 웃긴 장면들 감동적인 모습들..^^ 요즘 본 최근 영화 중 제일 재밌게 봤습니다.  "
20170919,10,시사회 보고 왔는데 생각보다 넘 괜찮아요 +_+!!!  
20170919,10,나문희여사님은 믿고 보는 배우입니다  
20170919,10,나문희 선생님 완전팬이예요~~~이번영화도 대박  
20170919,10,의외의 진짜 인생 영화임. 신파가 아님에도 웃음과 눈물과 감동이 있음.  
20170919,9,재미와 감동 모두 좋다.시사회때  사람들 웃고 울고 난리났었다. 1점뺀이유는 위안부 급전개가 좀당황스러워서 ..  
20170919,10,웃다가 울었네요. 개봉하면 꼭보세요..의미있는 영화였네요  
20170919,1,또 신파라면 안볼라구요  
20170919,1,좌파들의 작전을 명백히 드러내는 영화 ㅋㅋㅋ 영어를 배워서 위안부를 전 세계에 알려주는 작전 뻔하다  
20170919,5,추석용 신파극이 아니길 ...  
20170919,10,무대인사로 먼저 봤어요. 영화 정말 재밌어요. 개봉하면 더 보려고 해요. 다들 꼭 보셨으면!!!!  
20170919,9,진주댁 연기가 인상에 남네요.  
20170919,10,너무너무너무너무너무너무너무너무너무너무너무너무기대돼요  
20170919,10,한동안 부산 서면이 어딨는지 겁나 물어댈듯  
20170919,9,시사회 다녀왔습니다. 솔직히 기대안했었는데요. 들어갈때와 나올때의 느낌은 천지차이. 정말 좋은 영화입니다. 배우들 연기도 좋구요. 많은 분들이 보셔서 흥행했으면 좋겠어요. 시사회다녀왔지만 제돈 주고 봤으면 더 값졌을거 같네요..  
20170918,10,시사회가 당첨되서 그저 코믹영화인줄 알고 보러갔는데많은 걸 배우고 깨달았네요. 꼭 보셨으면 좋겠습니다. 연기도 정말 잘하시고 내용도 알찼습니다! 많은 흥행이 될 거 같습니다. 배우분들 파이팅!  
20170918,10,보기 전까지 가볍고 잔잔하게 감동적인 영화일줄알았는데 그게 아니었어요. 킬링타임용이 아니고 의미있고  꼭봐야할 영화니까 많은 분들이 보셨으면 좋겠습니다. 꼭.빵빵 터지는 부분도 많으니까 웃고 그리고 울고 보실수 있으면 좋겠습니다.(욕도하실수있어요)  
20170918,10,시사회로 보고왔어요. 보는 내내 먹먹하고 가슴아팠습니다. 다들 꼭 한번씩 봤으면 하는 영화에요.  
20170918,10,시사회로 보고 왔습니다. 꼭 보세요!  
20170918,10,일본 그룹 롯데에서 이런 영화를...??? ㄷㄷ  
20170918,9,역시 영화는 정보없이 보는게 최고인듯 해요. 파주 북소리 축제 갔다가 중1아들이 보고 싶다해서 본 영화. 그냥 재미만 있는 영화인 줄 알았다가 너무 많이 북받치는 눈물을 흘리느라 눈이 퉁퉁 부었네요. 초4딸도 느낀바가 큰지 또 한번 보고 싶다 하네요  
20170918,10,간만에 웃고울고 아이들과 함께 볼수있는 좋은영화 관람했습니다..  
20170918,10,시사회 봤는데 짱이었음 흥행했으면  
20170918,8,평점 좋네요 나문희선생님이 위안부 피해자로 나오는듯  
20170918,10,오늘 영화를 보았습니다. 많은 사람이 볼 수 있기를 기대합니다. 진한 감동이 가득한 영화입니다~~~  
20170918,10,평점 남길 수 밖에 없는 영화. 관객을 쉴틈없이 웃기고 울리며 후반부엔 화가 나고 원통함이 느껴져 가슴이 너무 먹먹하고 아팠습니다. 위안부 할머니분들의 마음을 헤아리기엔 턱없이 부족하지만 공감할 수 있게 만들어 주셔서 감사합니다 전국민이 봤으면..  
20170917,10,"정말 최고다, 펑펑 울었음.. 꼭 보고 기억해야할 영화~부모님과 같이 보세여~  "
20170917,10,"광주 유스퀘어점 CGV에서 대개봉(?) 전에 오늘 보러갔는데요~ 세상에 이제훈,나문희님과 감독님이 와주셔서 영화 재미있게 보고 소문내달라고 했어요!!^^ 실물 짱짱짱♡♡  "
20170917,10,무대인사 보고왔는데 가슴 따뜻해지는 너무 좋은 영화다 끝까지 반성안하던 일본넘들만 빼면 ㅠㅠㅠ  
20170917,9,평점쓰고 싶은 영화.자연스럽게 웃게되고 마음속에 감동 남는 영화.  
20170917,10,영화 완전 웃고 울면서 잘 봤습니다 완전 대박인 영화  
20170917,10,아이캔스피크 무대인사로  영화보고 왔는데 진짜 재밌고 후회안해요 보면서 펑펑 울었어요 ㅠㅠ  진짜 꼭 보세요 !  
20170917,10,웃음과 울음을 동시에 나타내주는 영화 보기 전에는 재밌겠다라는 생각을 갖고 보게되지만 보고나선 마음 한 편이 짜릿하게 저려오네요. 배우들의 연기는 일품입니다  
20170917,10,시사회 보고왔습니다. 진짜 감명 깊게 봤습니다. 친구들 부모님 조부모님 모두에게 추천드리고싶습니다. 뜻깊은 영화이지만 무겁게만 풀어내진 않았습니다. 좋은 작품 잘봤습니다. 웃고울면서 봤습니다ㅠㅠ  
20170917,10,방금 무대인사로 보고왔는데 짱입니다. 영화덕분에 오랜만에 엄청 웃고 울고 좋았습니다. 이제훈 엄청 잘생겼고 나문희 엄청 이쁩니다(?) ㅋㅋㅋ  
20170917,10,이런 내용인지 몰랐는데 ㅠㅠㅠㅠ 엄청 울었어요 재밌고 감동적이고! 꼭 흥행하기를 바랍니다 화이팅 ????  
20170917,10,"이영화 홍보만 잘되면 남한산성, 킹스맨보다 추석연휴 승자가 될 것임..  웃고 울리고 완전 강추 작품  "
20170917,10,시사회 참석...오랜만에 느껴보는 훈훈함과 감동이네요...깨알같은 재미...가장큰것 감동이었습니다.나문희씨 연기...너무 훌륭해요.이제훈에게 딱 어울리는 역할!  멋집니다!꼭 보세요!  
20170917,9,영화가  재미와감동에 있어서 꼭 보시라고 추천해드리고 싶을 정도로 좋은영화네여아이들과 같이 보러 가면 좋을거 같은 영화네요 위안부할머니들에게 죄송한 마음이 드는 영화예요  
20170917,10,이제훈ㅠㅠㅠ 저 엑스트라할때 봤는데 열심히 하시는거보고 팬됐어요아이캔스피크 대박나라!!!!나문희배우님~예고편만 봐도 감동적이네요 시험끝나고 꼭 볼께요!!  
20170917,10,모든  출연배우님들 연기가 다 좋았습니다. 짝짝짝 시사회에서 봤지만 가족들과 한번더 보고 싶습니다.  
20170916,10,친구따라 갔다가 펑펑 울고 왔어요. 이건 진짜 꼭 봐야합니다! 재미와 감동 두마리 토끼를 다 잡은 영화입니다. 옥분 할머니 생각하면 아직도 눈물이ㅠㅠ 오랜만에 좋은 영화 보고 왔습니다.  
20170916,10,무대인사 다녀왔어요 영화 정말 재미있고 눈물나게 감동적이에요 근래 본 영화중에 손 꼽힐 정도로 좋은 영화에요. 영화 잘됐으면 좋겠어요! 추천합니다  
20170916,10,오늘 무대인사 봤는데 아 이제훈배우 나문희배우님 너무 귀여우세요 나가실때 코앞에서 봤는데 잘생겼어ㅠㅜ 어떡할거야ㅠㅜㅜㅜ영화도 진짜 예고편만 볼때랑 다르게 너무 감동적이고 눈물 막 흐를뻔 했는데 꾹참고 봤어요 개봉후에 또 볼땐 그냥 흘릴거에요ㅠㅜ  
20170916,10,"시사회,무대인사 까지 두번 봤는데  넘   가슴따뜻.의미있는 영화네요. 웃음. 감동.역사까지  추석영화로 추천이요.믿고보는 배우 이제훈.나문희 배우답게   후회없는 영화  "
20170916,10,"개봉 전 시사회로 봤습니다. 재미, 감동, 의미 모두 챙긴 영화라고 생각합니다. 저는 영화 후반부부터는 거의 울면서 봐서 나와선 머리가 아플 정도였어요ㅠㅠ 배우들의 열연도 돋보이는 영화입니다! 많은분들이 보셨으면 좋겠어요.  "
20170916,10,배우분들 연기도 빵빵하고 스토리도 좋고 요근래 본 영화중에 가장 재밌었음  
20170916,10,재미도 있고 감동도 있고 의미도 있어요 재밌게 봤네요 배우들 연기도 넘 좋쿠용ㅎㅎ믿고보는 이제훈♥♥♥  
20170916,10,너무 좋은 영화..웃다가 울었네;; 나문희님 영어 잘하신다  
20170916,10,시사회 관람후기기분좋게 웃으며 울며 감동까지 받을수 있는간만에 좋은 영화봤어요가족영화로 추천  
20170916,10,"얼마전에 시사회로 보고왔는데...올해 본 영화중에 단연 최고라고 말할수 있어요. 재미, 감동 다 잡았구요..ㅠㅠ 보다가 너무 울어서 그 다음날 눈이 퉁퉁 부울정도였어요..진짜 모두들 꼭 한번쯤 봤으면 하는 영화예요..ㅠㅠ이런 영화가 꼭 천만이 되길..  "
20170916,10,제 2의 7번방의 선물이 될것 같아 기대되는 작품입니다.  
20170916,10,예고편만 봤는데 왜 눈물이 나는지....  
20170916,1,설마설마햇는데 위안부야??ㅡㅡ  
20170916,1,한국 영화가 발전하지 못하는이유. 너무 뻔한 역사교육 정치교육  
20170915,1,도데체 페이스북에 무슨짓을 해놧길래 자꾸 광고 뜨는거야? 안봐 절대로!!  
20170915,10,박살모를 비롯한 친일 후손들이 못보게 평점 테러ㅜ할거라더니 진짜네..더런 놈들 그따위ㅜ비열한 짓이 통할것 같냐?  
20170915,1,왜 광고를 그 따위로 하냐. 페북에 강제로 뜨게 하니 좋아?? 절대 안본다  
20170915,1,비슷한 장르 .내용. 나문희선생님만 기대됨  
20170915,1,이 영화는 버스에 나오는 광고가 안티다..추석까지 이걸 출퇴근 할때마다 들어야하는건가?ㅠㅠ  
20170915,10,시사회로 보고왔습니다. 온 몸에 전율이 느껴지는 영화. 꼭 봐야만 하는 영화입니다.  
20170915,1,이제 이런거 지겹지않나? 택시운전사처럼 실존인물을 기반으로 만들던가.. 그냥 위안부에 기댄 신파영화  
20170915,1,믿고 거르는 반일 반미에 좌익영화 빼면 껍질뿜인 한국영화  
20170915,10,나문희 배우가 정말 대단하다는걸 느끼는 영화  소소한 개그에 감동이 있는 영화에요 추천합니다  
20170915,10,위안부얘기라곤 생각 전혀 못했는데.. 영화보고나서는 말로 표현할 수 없는 영화였어요.. 정말 의미있는 영화네요  
20170915,10,어제 시사회 보고 왔습니다. 나문희여사님 연기는 정말 최고~!!  억지 감동 웃음이 아닌 보는 내내 웃다 울다. 정말 꼭보세요 온가족이 부모님함께 보면 더 좋을듯.. 어떻게 이야기를 그렇게 풀어갈수 있었을까 천재인가봅니다^^  
20170915,1,반일사업은 실패하는 법이 없죠.. 좁은 국민성에 기댄 적절한 아이템이죠. 반중 반북 영화는 실패할 확률이 높죠.. 하긴 역사를 영화로 배우는 국민성에 군중심리에 딱맞는.... 인간적으로 이제 그만 속을때도 되지 않았나? 에효..  
20170915,10,"9월14일 시사회 보고 왔습니다. 가벼운 마음으로 보러갔는데 무거운 마음으로 나왔네요, 재미면 재미 감동이면 감동 두마리 토끼를 다 잡은 영화입니다. 하지만 영화를 다 보고난 후에 마음 한 구석이 아려오네요 일본이 하루빨리 제대로된 사과를 했으면...  "
20170915,10,"킬링타임용일거라고 생각했는데, 전혀 아니었어요.연기구멍 하나없이 잔잔한 웃음, 감동 정말 다 좋았습니다. 우리가 잊으면 안되는 소재까지! 택시운전사에 이어 롱런했음 좋겠어요!  "
20170915,9,시사회로 보고왔어요 재미와 감동 두마리의 토끼를 다잡았네요 약간 읭?하는 장면도 있었지만 전체적으로 괜찮은 영화입니다. 아픈 역사와 마주할 수 있는 시간이었어요 꼭 손수건 들고 가세요  
20170914,8,배우 이제훈씨를 보러 왔겠지만 배우 나문희씨만 보일 것이고 일본은 위안부분들께 아직까지도 사과하지 않았고 그들은 이제 더는 용서 받을 수 없다.  
20170914,10,시사회 보고 왔어요~2시간이 지루하지 않았습니다.모두가 봐야할 영화!!재미와 감동 다 잡음! 배우 나문희의 연기는 역시 최고  
20170914,10,한국인이라면 꼭 봐라!  
20170914,8,시사회봤습니다. 꼭 기억해야할 역사를 무겁지않게 잘담아주신 것 같아요. 나문희선생님 연기최고. 휴지나 손수건 꼭챙겨가세요.  
20170914,10,기대되는 작품입니다.  
20170914,10,근래 봤던 영화 중에 단연 최고였어요. 영화의 의미도 남다르고..  배우 연기도 그렇고 재미면에서도 그렇고. 영화 만들어주신 분들께 감사한 마음까지 들었습니다.  
20170914,9,"나문희 할머니가 위안부피해자신 것 같음. 그래서 이런저런 민원을 내는데 아무도 귀기울여주지 않고, 이제훈이 도와줘 배운 영어로 직접 국제재판소서 증언하실 듯  "
20170914,1,명절전에 쓰레기 감성팔이 영화가 나와주는 센스 있는 나라  
20170914,10,통쾌한 사이다 영화는 아니지만 소소한 웃음과 감동이 느껴지는 영화입니다. 나문희씨와 이제훈 두 배우의 연기가 좋았습니다. 시사회 잘 보고 왔습니다.  
20170914,10,시사회때 보고 왓어요! 이제훈 배우님 무대매너 넘 좋으시구 나문희 배우님 대배우님답게 정말 여유롭게 말씀 잘 해주셨어요! 영화는 웃음과 감동도 있고 우리나라 역사를 짧게나마 볼 수 있었습니다! 다시 한번 보러가야겠어요  
20170914,10,여자친구랑 시사회 갔다 왔는데오랜만에 재미있게 잘 봤네요좋은 영화에요 강추합니다  
20170914,9,"행복하면서도 자극적이지 않게 잘 풀어낸 영화, 예상치 못한 개그에 빵 터지면서도 할말 다하는 영화!  "
20170913,10,"영화 정보도 모르고 시사회 보고 왔는데 눈물 펑펑 쏟았어요 ,, 다들 연기도 잘하시고 깨알 재미도 있었습니다 !  "
20170913,9,나문희 배우의 좋은 연기를 볼 수 있는 영화였습니다.캐릭터 소화가 찰떡이라 감정이입이 너무 쉬웠어요.살짝 유머를 톤다운시킨 것도 좋았고 내용이 전개가 자연스럽게 이어진 것도 만족스럽!결정적 순간 스포트라이트를 나옥분역에 집중시킨 것도 굳귣이엇어요  
20170913,10,저이런거 처음써보는데 꼭 써야겠어요 친구 덕분에 시사회로 방금 보고 왔는데 백번봐야할 영화에요 ㅜㅜㅜㅜ 너무 웃고 울고를 반복해ㅛ더니 얼굴이 엉망이네여  
20170913,10,시사회에서 보고왔는데 오랜만에 정말 감동적인 영화를 본 것 같아요 우리가 평소 잊고 있었던 문제들에 대해 다시 생각해볼 수 있는 영화였습니다 개인적으로 많은 사람들이 봤으면 하는 영화입니다  
20170913,10,"시사회로 보고 왔는데 정말 감동적이고, 재미요소도 많고, 재밌습니다!  "
20170913,10,나문희×이제훈의  케미가 찰떡궁합  
20170913,10,제발 보세요. 저는 두 번 볼거에요.  
20170913,10,믿고 볼수있어서 좋네요  
20170913,10,"이영화 엄청나다는 소문듣고 왔습니다. 그렇게 펑펑 울린다고 하던데 , 많이 기대가 되네요.  "
20170913,10,캐궁금 완전 궁금하고 보고싶다  
20170913,10,소문이 좋아서 다음주에 개봉하면 당장 보러갑니다ㅎㅎㅎ  
20170913,10,기대중~^^ 이제훈 영화 많이 찍네요~^^  
20170913,10,넘 보고 싶었던 영화인데 이제 개봉이네요~^^  
20170913,10,힐링제대로 하고왔습니다 ㅎ 쫌슬프기도해요 ㅎ  
20170913,10,"이제훈 연기, 나문희 선생님 연기 다 기대되네요  "
20170913,10,강추.. 꼭 봐야하는 영화. 단순히 재미를 떠나 더 크게 다가오는 감동..  
20170913,10,웃다가 울다가ㅎㅎ내용도 너무 좋아서 많은 분들이 보셨으면 좋겠습니다 :)  
20170913,10,"오랜만에 마음에 드는 영화, 머움이 따뜻해진다..  "
20170913,10,보고싶은 영화에요! 예고편만 봐도 힐링되네요~  
20170913,10,"재미,감동,여운 다 잡은 영화  "
20170913,9,예고편보니영화관 당장 가야할듯 흥해라~!  
20170913,10,이거 꼭봐야하는 영화입니다!  
20170913,10,이런 감동적인 영화 완존 좋아요~~~~이제훈연기도 연기지만 나문희배우님 짱짱!!!  
20170913,10,예고편만 봐도 감동적이네요ㅜㅜ  
20170913,10,완전 기대 하고 있는영화임 !  
20170913,10,"나문희, 이제훈이라니! 믿고보는 배우들ㅋㅋㅋㅋ 기대하겠습니당  "
20170913,10,이제훈과 나문희 두 배우 조합이 은근히 좋네요. 기대되요 ㅎㅎ  
20170913,10,시사회  평 들으니까 더 기대 되네용!!!  
20170913,10,"진심 평점 잘 안남기는데, 시사회 갔다왔어요! 진짜 너무 웃기고 슬프고 화나고 여러가지 감정을 다 느낄 수 있는 영화였던 것 같아요, 전 초반부터 중후반까진 계속 웃었고 마지막엔 울고ㅠㅠ 무튼 진짜 개강추 핵강추!!! 전 정식 개봉하면 또볼꺼임!!!!  "
20170913,10,그렇게 감동적이라던데..ㅠㅠㅠ빨리 보고싶네요  
20170913,10,요즘 볼만한 영화도 없는데 이건 정말 기대되네요~!!  
20170913,10,이제훈 존잘 ㅎㅎ  아이 캔 스피크  소재의 영화는 꼭 흥행 되어야 한다고 생각합니다 .!!!!  
20170913,10,"옥분보고 위안부  연관있는 영화라 생각들었어요! 너무 기대중이요, 꼭 보러갈께요 :)  "
20170913,10,제가 좋아하는 배우가 나와서 더 좋았던 영화!! 여운이 깊게 남네요 ㅠㅠㅠ  추천추천!!  
20170913,10,크 나문희 선생님이 출연에 딱 보이는 순간 믿는 작품이다추천추천!  
20170913,10,시사회평 굉장히 좋던데ㅎㅎ 기대되는 영화입니당  
20170913,10,요즘 같은 때에 의미있는 영화네요! 특히 제훈 배우님 인터뷰 보고 더욱더 보러 가고 싶어졌어요>< 너무 기대됩니다!!  
20170913,10,기대할 수 밖에 없는 영화ㅠㅠ! 빨리 보고싶네요!  
20170913,9,재미도 있지만 정말 감동적이였어요 ㅠㅠ  
20170913,10,시사회로 봤는데 정말 좋았습니다! 개봉하면 가족들이랑 한번 더 볼 예정!  
20170913,10,"완죤완죤 기대되는 영화!!!나문희, 이제훈이라는 색다른 조합이라 더욱 궁금해지고 기대되네요!!!개봉하면 꼭 봐야겠어요!!!  "
20170913,9,가슴 먹먹해지는 예고편과 스틸 컷. 기대한다.  
20170913,10,어제 시사회라서 봤는데요 나문희 배우님 너무연기잘하세요 이제훈 씨랑 케미가 톡톡 터지는게 너무재밌네요 인생 띵작입니다 가족영화로도 좋을것같아요 참고로 저 고3입니다ㅜ 하핳 영화는 제 인생이에여 하하하핳 아이 캔 스피크-♡♡♡♡  
20170913,10,믿고 보는 배우ㅠㅠㅠ이제훈 너무 좋아여  
20170913,10,무니 후니의 케미가 엄청나게 기대된다!  
20170913,10,웃슬픈 영화입니다~~ 엄마 모시고 다시 봐야겠어요 ^^  
20170913,10,의미가 깊은 영화 기대가 된다  
20170913,10,이제훈과 나문희 두분의 케미가 엄청날거 같아여 기대됩니다!! 케미도 케미지만 내용도 위안부라 완전 굿굿  
20170913,10,시사회로 봤는데 묵직한 한방이 있어요!  
20170913,10,내용도 배우도 모두 훈훈한 영화  
20170913,10,감독부터 배우까지 빠지는게 하나 없다  
20170913,10,나문희 선생님 영화는 항상 큰 울림이 있죠- 기대합니다!  
20170913,10,시사보고 오신 주변분 반응이 너무 좋네요. 기대하는 중입니다.  
20170913,10,시사회  반응이 장난아니더라구요. 개봉하면 꼭 극장 사수 하겠습니다!  
20170913,10,올해 본 영화들 중 최고였다  
20170913,10,이 영화 완전 보고 싶어요!!! 배우들의 호흡 너무 기대됩니다!!  
20170913,10,시사회로 봤는데 이건 감동 + 유머 뿜뿜입니다!! 추석영화로 추천!  
20170913,10,겁나게 좋은 영화...ㅜㅜ 할머니 생각 엄마 생각  
20170913,10,감동적이었어요. 오랜만에 마음 따뜻해지는 영화 봅니다.  
20170913,10,시사회로 봤어요~ 재미도있고 감동도있고 너무 좋았습니다 ^^ 두분다 연기도 잘하시고~ 연휴에 가족들이랑 같이봐도 좋을것같아요~  
20170913,10,시사회로 보고왔어요! 하... 진짜 원래 영화보면서 줄거리나 내용을 검색안하고 보는사람이라.. 그냥 유쾌한 코미디 가족영화일줄만알았는데..ㅠㅠ 재미와 감동 둘다있습니다. 막판에 많이 울었어여ㅠㅠ 꼭 보세요!  
20170913,10,영화의전당에서 무대인사봤습니다 감동적입니다.  
20170913,4,이거 혹시 위안부영화인가요? 예고편 보고 함 볼려고 했는데 안 봐야겠네요  
20170913,9,웃음과 눈물과 인간의 감성을 자극하는 휴먼스토리가슴이 찡 함을 오래만에 느낌 온가족이 보면 더 좋은영화  
20170912,10,"신파니 감성팔이니 하는 사람들은 죄다 친일쪽바리 입니까? 잔잔한 웃음, 감동 그리고 일본에 대한 분노가 있었습니다. 고통받으셨을 위안부 할머님들 이 영화로 조금이나마 위로가 됐으면 합니다.  "
20170912,10,영화 잘봣구 보다가 화가 나네요  ㅜㅜ  
20170912,10,오랜만에 영화다운 영화를 본 것 같습니다남여 다 휴지 꼭 챙겨가세요.  
20170912,1,또 감성팔이냐? 어우 존나 지겹다. 한국영화는 믿고 거르지  
20170912,10,어제 시사회로 관람했습니다..저도 영화 정말 자주보는 사람인데 2시간 가까이 울다가 웃다가를 반복하다가 나왔습니다..나문희 선생님 연기에 계속 소름 돋았고 위안부 문제에 관심없던 제가 실망스러웠습니다! 진짜 올해의 영화 무조건이라고 생각합니다  
20170912,10,웃다가 울다가... 정말 감동적이였습니다.  
20170912,10,실수로 글쎄요 눌렀는데 안바꿔진다ㅠㅠ  
20170912,10,나문희 선생님이라면 꼭 봐야지~~~  
20170912,4,흥행을 위해서라면 위안부도 코미디로 만들어라.알바들 많이 풀렸네요.  
20170912,10,영화 재밌어요 ! ^^ 천 만 갑시다 ! ^^  
20170912,10,웃기고 슬프고 오랜만에 감성 돋게 하는 영화였습니다. 꼭 보세요!!!  
20170912,1,어디서 또 추석을 노린 거지같은 신파극 억지감동 전형적인 한국영화를 만들었네 ㅋ 우리나라 영화는 절대 발전할수가 없음^^  
20170912,10,오늘 시사회로 보고왔는데 정말 정말 좋은 영화입니다.영화 내내 웃다가 울다가 ㅠㅠㅜㅜ무겁지 않지만 그렇다고 가볍지 않습니다.근래 본 영화중에 제일 좋아요 ㅋㅋ  
20170912,10,?시사회보구왔는데?너무의미있는영화였어요..역시 믿고보는 배우탄탄한 내용 스토리에~느끼는게 너무많은영화네요부모님 모시고 한번더볼려구요!영화보고 평안남기는데..이건진짜 꼭 같이 공유하고싶은영화네요  
20170912,10,너무너무 재밌어요.울다가 웃다가..많은의미가 담긴영화...개봉하면 다시 한번더 볼꺼에요..강추강추  
20170912,10,부산 시사회에서 보고 왔어요.. 잔잔한 감동과 여운이 길게 가슴속에 머무는 영화 였습니다. 야외 극장이라 날이 좀 쌀쌀 했는데 영화가 너무 따뜻해서 좀 덜 추웠어요. 그리고 감독님의 극중 인물에 대한 애정이 느껴져서 어느 하나 미운사람이 없었습니다.  
20170912,10,시사회 보고 왔어요. 나문희선생님 이제훈 연기 참 좋았고 코믹과 감동의 조화도 좋았습니다. 실화바탕 위안부 소재인만큼 전세계인들이 많이 보길 응원하고요.  실제 점수 8점인데 응원점수+2합니다!!  
20170912,10,시사회에서 보고왔습니다. 뻔한 가족영화인줄 알았는데 약간의 반전이 섞인 의미있는 영화였습니다. 이런 영화가 주목받아야 합니다. 오랜만에 가슴 뭉클한 영화 감사합니다!  
20170911,10,감동적이고 아름답고 재미까지 있다  
20170911,9,시사회 보고 오는길 입니다. 류승완 감독에게 이 영화를 꼭 보여주고 싶네요. 군함도땜에 걸린 암이 이영화를 보고 나았습니다. 무겁기만 한 소재를 가지고 이렇게도 만들수가 있다니.. 오랬동안 기억에 남을것 같은 영화네요.  
20170911,10,롯데시네마 시사회 보고 왔습니다 너무 재밋었고 슬프기도 하고 여러가지 느낀점도 많았어요 강추!  
20170911,10,전국시사회 당첨되서 방금 보고 왔어요! 사전정보 없이 그냥 보러갔는데 실화를 바탕으로 한 위안부 이야기였네요. 나문희님 연기를 너무 잘하셔서 빵빵터지게 많이 웃고 슬프기도 슬퍼서 계속 울먹울먹 참았는데 아 이건 못참겠다 이러면서 결국 울어버렸네요  
20170911,10,시사회로 오늘 보고 왔는데 흐르는 내용도 억지스럽지 않고 눈물이 많이 났지만 중간중간에 웃음 요소도 있어서 시간 가는줄도 모르고 봤어요. 후회없이 볼 수 있는 잘 만들어진 영화같아요!!추천합니다!!  
20170911,10,웃음과 감동을 느끼게 해준... 간만에 지인들에게 추천하고픈 영화.  
20170911,10,속은 가벼운데 겉으로는 결코 가볍지않는 이야기예요!! 개봉하면 또 보러갈겁니당!! 재미와 감동을 둘다 잡은 영화예요!!  
20170911,9,조금전 시사회보고왔습니다. 단순 휴먼코미디로 생각했었는데 그 이상이네요...  시사회라는걸 왜하는지알겟어여 절로 오만곳에 추천하고싶어짐 ㅋㅋ 동서남북으로 우는소리 들으며 보고옴ㅎㅎ  
20170911,10,알까기할때 자막에 오타있었음영화는 ㅈㄴ재밌음  
20170911,10,시사회로 봤어요 생각지 못한 반전에 잼나네요!추석까지 승승장구하여 가족들이 보기에도 좋을것 같습니다  
20170911,10,지루하지 않고 간간히 웃기고스토리전개도 잘되어 있네요재미있게 봤어요  
20170911,10,잔잔하면서 강력한 감동이 있는 영화  
20170911,1,솔직히 개봉전에 이리 평전주는 세력이 멀까?반발로 1점 드림.  
20170911,10,일본이 꼭 봤으면 하는 영화입니다 잘봤어요  
20170911,10,시사회보고 왔습니다. 예고편만 보고 갔다가는 예상밖의 반전에 눈물 콧물 쏙뺍니다... 휴지장전하시고 경건히 관람하시길...  
20170911,10,시사회보고 왔어요정말 좋은영화네요. 울고 웃다나왔습니다.두배우님은 사랑입니다^^  
20170911,10,롯데시네마에서 시사회로 봤습니다유쾌하게웃다가 가슴찡하게 마무리되네요나문희님 이제훈님 호흡도 잘맞네요!한번 더 보러갈겁니다  
20170911,1,또또 재미와 감동이라는 허술한 영화 나오나 보네. 뭐 하나 못할듯  
20170911,10,웃음 감동 배우들의 연기까지 모든것이 완벽하다!!  
20170911,10,시사회다녀왓어용ㅋㅋ위안부문제를 상업영화가 푸는 방법을 제대로 아는 감독이 만들어서인지 재미와 감동 모두있는 영화. 정말 멋집니다! 꼭보세요.  
20170911,10,정말 기대됩니다^^ 화이팅  
20170911,10,감동적이고 재밌었어요 ~! 추석에 꼭 봐야하는 영화  
20170911,1,음..이거 별로임...  
20170911,10,"나문희 배우님, 이제훈배우님 ㅇㅈ영화 꼭 보세요~  후회안해요!  "
20170910,9,전반부는 그냥 일반 영화 처럼 보이지만 우리의 아픈 역사가 있는 위안부 할머니의  아픔역사를 다른 영화로 재미와 감동이 함께 합니다.  
20170910,10,정말 돈 주고 보아도 아깝지 않을 영화입니다~  
20170910,10,진짜 재미있어요!!! 꼭 한번 보셔야 할 영화입니다ㅠㅠ 반전에 반전 ㄹㅇ 진짜 입으로 말하기 힘들어요 그냥 묻지도따지지도말고 보세요ㅕㅇ  
20170910,10,시사회를 통해 미리 보고 온 사람입니다! 기대를 하고 갔지만 기대이상으로 재밌었고 감동도 있었습니다!! 꼭 보세요ㅠㅜ  
20170910,10,이벤트에 당첨되어 시사회에 다녀왔는데 감동과 재미를 느낄 수 있고 꼭 봐야할 영화입니다. 추천합니다. 나문희배우님의 연기가 최고였습니다.  
20170910,10,시사회 에서 봤었습니다. 대한민국 사람 이라면 모두 꼭 봤으면 좋겠어요.영화 보면서 잘 안우는데... 펑펑 울었습니다.  
20170910,9,시사회를 통해서 보았는데재미와 감동 두마리의 토끼를 잡은느낌이네요ㅎㅎ스토리가 예상치 못한 방향으로 흘러가 반전을 주긴하지만 살짝 매끄럽지 못한 느낌도 없지않아 있네요ㅎㅎ그래도 매우 웃기고 ㅎㅎ매우 감동적이여서 울기도했어요ㅠ추천드립니다 :)  
20170910,10,처음으로 시사회 당첨되어 보고되었는데..처음엔 코미니물인줄알고 갔다 신나게 웃고 영화뒤로 갈수록 감동적이라 눈물펑펑오랜만에 너무 영화에 빠져들게하는 영화였다정말 추천  
20170910,10,나문희 샘 너무 좋음 연기력 최고 ㅜㅜ  
20170910,6,오백만 갑니다~!^^  
20170910,10,시사회 당첨돼서 보고 왔어요!크~ 연기는 말 할 것도 없이 좋고!재미와 감동이 잘 이루어졌고 스토리 흐름이 좋아서 엄청 재밌고 감명있게 봤네요! 이제훈씨 얼굴도 작고 나문희 할머님도 귀여우셨고! 엄청 추천드려요!  
20170910,10,시사회 보고왔습니다 진짜 눈물 펑펑 쏟으면서 봤어요 주위사람들에게 꼭 추천하고 싶은 영화입니다!!!  
20170910,10,너무 즐겁고 감동적으로 봤어요.나옥분 할머니에게 푹빠질 수 있도록 해주신 나문희님 연기가 정말 대단합니다. 12살 딸이 나옥분 할머니가 자기와 비슷한 때에 겪으신 일을 가슴아파하며 소리내어 울더라구요. 웃고 울며 행복한 시간 가질 수 있는 영화  
20170909,10,무대인사+시사회 보구왔습니다. 이제훈배우와 나문희배우의 연기력이란...! 줄거리 안 보고 들어갔는데 그 편이 더 나았던 것 같아요! 무거운 주제에 대해 무겁지않게 끌고가줘서 좀더 여운이 남네요. 저는 또 보러가고싶습니다  
20170909,10,오늘무대인사 부산에서봤는데 최고입니다  
20170909,10,시사회로 보고왔습니다. 올해 본 영화중 가장 재미있었어요.  
20170909,10,시사회 봤는데울고웃고 엄청 잼나는꼭 봐야하는 오래 기억될 영화 ~~정말 쵝오!!  
20170909,10,웃음도 있고 진한 감동도 있고 넘 재미 있어요  
20170909,10,센텀에서 시사회보고 왔습니다 나문희 이제훈씨 조합이 너무 잘 어울렸어요 웃음도 있고 감동도 있는 좋은 영화였습니다 위안부문제에 대해 잊고 있었는데 반성하고 다시 한번 생각하는 계기도 되었구요 많은 분들이 보셨으면싶네요  
20170909,10,어제 프리미엄 시사회 다녀왔습니다. 아실 분은 아시겠지만 위안부 문제를 다루고 있습니다. 마지막 40분내내 눈물흘리면서 봤습니다. 여러분 꼭보세요 두번보세요. 저도 개봉하고 한 번더 볼예정입니다.  
20170909,10,"무대인사다녀왔는데 여러분 꼭 보세요!! 두번보세요ㅋㅋ진짜 재미있어요ㅎㅎ 유머도있고, 위안부내용때문에 서글프고 슬퍼요ㅠㅠ 이제훈도 너무멋있고, 나문희할머니 연기력은 진짜 짱이에요ㅋㅋㅋ  무대인사에서 이제훈 존잘ㅋㅋ애교많고 할머니는 소녀소녀해요♡♡  "
20170909,10,시사회 당첨되서 오늘 보고왔는데 진짜 눈물 펑펑 흘리고 왔습니다ㅜㅜ 티슈 꼭 챙겨가세요  
20170909,10,시사회에서 보고 왔어요 !! 웃음과 눈물이 공존하는 영화 ㅠㅠ  
20170909,10,오늘 시사회에서 봤는데 눈물이 펑펑 나더라구요 ㅠㅠ 그래서 영어공부를 열심히 하신 거구나 ㅠㅠ  
20170909,10,너무 기대하는 영화입니다ㅠㅠ  
20170909,10,"영화의 전당에서 열린 아이캔스피크 시사회에 다녀왔습니다. 절대 후회하지 않을 영화입니다. 추석에 친구,가족,연인과 함께 극장을 찾아주세요.이 영화보길 잘했다! 하는 생각이 마구마구 드실겁니다~ 극장에서 보실 때 눈치보지마시고 함께 눈물흘려주세요  "
20170909,10,시사회로 봤는데 정말 재밌어요!!! 강추  
20170909,10,시사회 봤는데 또 볼거예요!!  
20170909,10,"소박한 웃음과 눈물, 뜻밖의 묵직한 감동  "
20170909,9,시사회 갔다왔는데요  나문희 선생님 넘 멋졌어요~  
20170909,10,위안부 문제를 기존과 다른 시각으로 본다는 점이 너무 매력적이네요 이전 위안부 영화는 슬프고 애처롭고 보는 사람까지 고통이 전달되었는데  소소한 유머도 들어가면서 우리 주변 이웃의 일로 다가가니  더욱 기대가 되는것 같습니다  
20170909,10,시사회 다녀왔는데 이런 큰 감동을 받고 올 줄 몰랐어요. 적절한 유머와 자극적이지 않게 전달한 큰 감동까지! 영화 정말정말 좋아요 :)  
20170909,10,좋은영화~~!!!!  
20170909,10,"나문희 선생님의 연기는 말할 것도 없고,이야기가 직접적이지 않으면서 기쁨,슬픔,감동등 여러 감정들의 내용이 적절히 섰여 좋았다.(예고편을 안보고 가는 것도 좋은것 같다)  "
20170909,10,가벼운 영화인줄 알고 가벼운 마음으로 봤다가 깊은 여운 가지고 갑니다ㅠ 영화를 통해 많은 국민들이 더 큰 관심을 가졌으면 좋겟어요! 제훈오빠 연기도좋지만 나문희 선생님 진짜 존경해요ㅠ 몰입도짱!  
20170908,10,너무 재밌게 잘 봤습니다 웃음을 주는 포인트도 군데군데 있어서 다같이 웃음을 터뜨리며 봤구요!! 또한편으로는 감동을 주는 장면도 있었어요!! 항상 우리가 생각하고 잊지말아야 하는ㅎㅎ 나는 말할수 있다~I can speak!!:)  
20170908,10,예고편만 봐도 울컥하네요. 색다르게 풀어간거 같아 기대됩니다!  
20170908,7,"시사회에서 봤다. 인간의 매우 보편적인 감성을 건드리면서 존엄성을 보여주는, 실로 오랜만에 본 따뜻한 한국 영화다.  "
20170908,9,몇 번을 울었는지 모르겠어요. 지금까지 너무 무지했던 걸 느꼈네요. 추천합니다.  
20170908,10,우리가 꼭 알아야 하는 내용과 슬픔죽도록 화나는 현실  
20170908,10,"시사회 다녀왔습니다. 위안부의 아픔과 상황을 담담히 풀어내며 그 누구 하나도 불쌍하게 표현하지 않고, 성적인 학대를 강조하는 것 역시 없으며 그들의 아픔을 조용히 쓰다듬어줍니다. 또한,제목의 의미가 후반부에 나오는데 그 장면은 명작이라 설명하기 충분함  "
20170908,10,롯데시네마 시사회 다녀왔어요. 심심할틈없이 꽉찬영화였어요. 의미있는 영화라 다들 꼭 보셨으면 합니다.  
20170908,10,"첨에는 웃고 갈수록 눈물나요, 감동적이에요  "
20170908,10,너무 슬퍼서 I can't speak ㅠ  
20170908,10,나문희 할머니 나와서좋고 이제볼수없는 저희 할머니 생각이나요! 나문희 할머니 작품은 다봐요 기대할게요 사랑해용 ♡♡  
20170908,10,아임 파인하는 영화가 되었으면 좋겠다. 실제로도 아임 파인  
20170908,10,이제훈 화이팅! 넘 기대돼요  
20170908,10,"시사회로 관람했습니다. 웃음, 재미, 잔잔한 감동, 가슴 먹먹함, 나문희와 이제훈 두 주연배우의 케미, 구멍 없는 조연들의 연기와 깨알 재미까지 어우러져 추석 명절에 가족들과 함께 꼭 손잡고 가서 관람해야 할 영화입니다.  "
20170908,10,이제훈씨 파파로티보고 팬됐는데.시사회 오신다고 해서 응모했는데 당첨됐어요.지인이 못가게 되서 혼자라도 가서 봤는데 극장 뒷쪽에서 봐서 아쉬웠어요.ㅜ이제훈씨 멋지고 목소리 너무 좋고요.영화 잔잔히니 재밌어요.두분 케미도 좋으시구요.이제훈씨 사랑해요.^^  
20170908,10,"시사회로 보게 됐는데 생각했던 것보다 훨씬 의미 있었던 영화. 나문희 선생님 연기도 연기지만 주변 캐릭터들이 진짜 잘 받쳐준 듯. 시장 사람들이며 구청 직원들, 따뜻한 영화이면서도 사회적 문제도 짚어줌. 가족들이랑 보기 좋을 듯. 개봉하면 또 볼 예정  "
20170908,10,"시사회로 보게 됐는데 생각했던 것보다 훨씬 의미 있었던 영화. 나문희 선생님 연기도 연기지만 주변 캐릭터들이 진짜 잘 받쳐준 듯. 시장 사람들이며 구청 직원들, 따뜻한 영화이면서도 사회적 문제도 짚어줌. 가족들이랑 보기 좋을 듯. 개봉하면 또 볼 예정  "
20170908,10,시사회 보고 왔는데.. 정말 너무 슬프고 재미있고 명작인 영화 입니다 한번씩 꼭 봐야할 영화 입니다 아니 수백번은 보세요ㅠㅠㅠㅠ 이제훈X나문희 케미가 정말 쩔어요...  
20170907,10,시사회 다녀왔습니다! 휴지 꼭 챙겨가세요  
20170907,10,어제 시사회를 통해 봤습니다.남녀노소 편안하게 볼 수 있는 훈훈한영화네요. 초반에는 재밌었고 후반에는 가슴이 먹먹하면서 슬프네요ㅠㅠ 더 늦기전에 하루빨리 일본이 잘못을 인정하고 정중히 사과했으면 좋겠습니다  
20170907,10,어제 건대입구에서 시사회로 보았어요웃다 울다가 울다 웃다 너무 재밌게잘 보았습니다 !!!  
20170907,10,왜 이렇게 늦게 개봉해요ㅜㅠ 한주만 앞당겨서 개봉했음 좋겠는뎅ㅜㅠ  
20170907,9,코믹과 감동을 잘 섞어 만든 힐링 무비...추천  
20170907,10,어제 시사회로 보았는데 두 주연의 연기 좋았고 손수건이 필요한 따뜻하고 벅찬 좋은 영화였다.  
20170907,10,어제 롯데타워 시사회 갔다왔는데 울면서 나왔습니다ㅠㅠ 단순한 코미디물인줄 알고 보러 갔는데 방심했습니다 물론 중간중간에 빵터지는 부분도 있고 웃음과 감동이 골고루 있고 영화가 주는 메세지가 명확한 좋은 영화인 거 같아요  
20170907,10,드라마와 코미디의 적절한 줄타기! 무조건적인 신파가 아니라서 더 재미있는 영화!  
20170907,10,"시사회 당첨되어 보고왔습니다~!! 기대했던것보다 훨씬 좋았습니다!! 재미와 감동 메시지 까지 정말 잘만든 영화였어요 영화 보고 나서 여운이 길게 남는 영화였어요 많은 분들이 봤으면 좋겠고, 영화 대박났음 좋겠습니다추천합니다~!!!  "
20170907,10,손이 잘못 스쳐서 글쎄요가 눌러졌어요. 좋아요 100번줘도 모자른 영화입니다.  
20170907,10,"시사회 당첨되서 보러갔는데..중간중간 웃긴장면도 나오고ㅋ가슴이 찡하기도하고,,모든분들이 이영화를 봐주셨으면 하는 마음이 듭니다^^  "
20170907,10,시사회 보고 왔는데 정말 많은 생각들을 해주게 하는 영화입니다. 명절날 온 가족이 함께 보기에 참 좋은 영화일 것 같습니다! 아이캔스피크 화이팅!!!??  
20170907,10,시사회 봤어요!! 유쾌함뒤에 가려진 주제의식 확실한 영화.  무겁지 않고 불편하지 않게 주제를 정확히 전달하고 있어요.  잘 만든 영화네요!  
20170907,10,I Can Speak!(증언하겠습니다!)  사과하는게  그리  어려운겁니까? I'm sorry. 미안합니다! 이  한마디만 하면 되는데 ㅠ  영화보시고 따뜻한감동 느껴보세요!!  
20170907,10,"시사회로  보고왔습니다. 잘 버무린 영화같아 주변에 기꺼이 추천할 수 있는 영화예요, 잘 봤습니다 ^^  "
20170907,10,시사회 당첨되어서 보고왔는데 코믹과 감동 둘다 있어서 너무좋았어요!!!  
20170907,10,6일 어제 영화시사회 당첨되서 영화봤는데 너무재밌었습니다!! 내용 안에 메세지도 풍부하고 재미 감동을 같이 느낄 수 있는 좋은 영화인 것 같습니다!!! 모두가 아이 캔 스피크 할때까지!!!! 영화 대박나세요!!!!  
20170907,9,시사회 당첨  보고 왔어요..첨에는 코미디영화인줄 알고  재미있게 보다 가  우리나라 위안부 문제를 다룬  이야기로 넘어가네요..재미와 감동  둘  다  있는  영화네요....꼭 한번  봐야 할  영화....재미있어요...  
20170907,10,"많이 웃고 많이 울고, 얼마만에 느껴보는 가슴깊은 감동인지 모르겠습니다. 나도모르게 동정어린 시선으로만 바라보았던 할머니들의 당당한 모습을 응원하고 싶습니다! 응원합니다 아이캔스피크  "
20170907,10,시사회보고왔어요. 진짜 강추입니다. 감동과 재미!!! 둘다 놓치지 않은 영화  
20170907,10,시사회 보고왔어요~ 너무 감동적이고 눈물 펑펑 쏟고 왔습니다ㅋ 소소하게 웃낀 부분도 있고 이제훈씨 영어 너무잘하고 듣기좋아서 놀랐네요ㅋㅋ  
20170907,10,처음에는 단순히 재미만을 위해 봤으나 후반으로 갈 수록 감동까지 같이 주어서 더 감명깊게 봤습니다.개봉하면 다시 한번 더 볼 예정입니다. 이런거 잘 안쓰지만 꼭 보기를 바라네요.. 앞으로도 더 흥행하길 기대합니다.  
20170907,10,김현석 감독님의 새 영화 기대됩니다  
20170907,10,오랜만에 감동적이고 깊은 울림이 있는 영화를 본 것같네요.  감동의 여운이 아직까지 남아있어요. 꼭 많은 분들이 봐주셨음하는 영화네요  
20170907,10,어제 시사회에 다녀왔어요.사전정보 하나멊이 코믹이려니 실컷 웃고 와야지 하고 갔는데 웃다가 울다가 찡하다가 먹먹해져서 왔습니다돈내고 봐도 안아까울 영화에요13살에 난 뭘 했었나 생각해보고  더 가슴이 아팠어요  
20170907,10,시사회로보고왔는데 감동입니다  
20170907,10,어제 시사회로 보고왔습니다. 줄거리를 모른채로 가신다면 더 좋을거 같아요!! 나문희선생님의 깊이있는 연기가 마음을 울리네요...  
20170907,10,시사회 보고 왔어요 너무 무겁지도 가볍지도 않고 좋아요^^~  
20170907,10,"가로수 그늘 아래,,, 서면,,,  "
20170907,10,첫 시사회로 감상했습니다.제훈배우님에 이끌려보고왔는데 나문희 선생님의 연기에 펑펑 울다왔어요.아픈 역사를 많은 사람들에게 알려주는 영화입니다ㅠㅠ일본정부는 반성하고 사과하라!!  
20170907,10,영화 보면서 흘렸던 눈물이 부끄럽지 않은 영화...자연스럽게 배우들의 연기에 그냥 동화된다모두가 소리없이 눈물을 훔치게 된다  
20170907,9,잔잔하니 재밌어요~ 웃기기도하고 슬프긴 너무 슬퍼요ㅠㅠ 중간중간 약간 오글거리는..? 장면들이 좀 있다는것만 빼고 영화 좋아요 ㅎㅎ  
20170907,8,시사회로 내용 잘 모르고 봤는데 눈물 참느라 힘들었어요.  
20170907,9,웃기는 영화인줄만 알고 예고편 봤느데  눈물이... 뭐지 이영화 했는데 '위안부 피해자  시나리오 공모전 1위' 영화였네요. 실화를 모티브로 했답니다  
20170907,10,아무 생각 없이 봤습니다그냥 조금 재밌는 영화겠지 하고 가벼운 마음으로 갔다가펑펑 울고 나온 결코 가볍지 않은 영화입니다 ㅠㅠ너무 감명깊게 잘 봤습니다  
20170907,9,시사회로 인해 보게 되었는데 따듯한영화이면서 좋은작품보게해주셔서 감사합니다:)  
20170907,10,오래만에 영화관에서 울고 웃으며 좋은 영화 잘 봤어요. 역시나 나문희배우님이시네요.. 이제훈배우와의 케미도 너무 좋았어요.  
20170907,10,감동이에요 어제 저녁에 본 영화가 아직도 여운이 많이 남네요.  
20170907,10,정말 따뜻한 영화입니다...어떤 영화를 봐도 울지않았었는데 많이 울고 웃고 했던거같네요 ㅎㅎ 좋은 영화 만들어주셔서 감사할 뿐입니다  
20170907,8,시사회로 보고 왔어요. 영화 시작부터 끝까지 지루하지 않고 소소한 웃음 그리고 억지로 슬픔을 강요하는게 아니여서 정말 좋았어요.  
20170907,10,시사회 보고 왔습니다. 질질 짜는게 조금 많지만 천만 가능할 듯 합니다.  
20170907,10,"시사회보고 왔는데 펑펑 울었어요 대박입니다. 광고아님, 알바아님  "
20170907,10,시사회 보고 왔는데 눈물바다가 되었어요.. 너무 무겁지만은 않은 내용이라 더 좋았구요. 우리나라 사람이라면 꼭 보는걸 추천해드려요.  
20170907,10,"시사회 보고 왔어요~ 일단, 두배우 케미가 너무 좋구요 시작부터 끝날때까지 지루하지 않고 재미있었고 감동적이였어요!! 많은분들이 한번씩 꼭 보셨으면 합니다!!  "
20170907,9,시사회로 보고왔습니다. 가벼운 영화인줄 알았는데 이렇게 묵직한 감동을 줄 줄이야... 친구랑 엄청 울다나왔어요ㅠ 추석에 가족들과 함께 보기 참 좋을 것 같습니다!  
20170907,9,별 기대안했는데 완전 찡하고 따뜻한 영화였어요!! 올해 여우주연상은 나문희 선생님이 받으셔야 할꺼 같아요~^^  
20170907,9,시사회 관람하고 평점 올리는건 거의 안하는데 이 영화는 글을 쓰게 되네여 사전정보 전혀 없이 포스터만 보고 갔었는데 정말로 그냥 킬링타임용 코믹영화인줄 알았어여 나문희님 전작 코믹물같은 그런데 너무 반전이네여 세대를 어우를 영화일거 같아여  
20170907,10,정말 최근에 본 영화 중 제일 최고인 영화이다.꼭  전국에 있는  분들이 봐주셨으면 좋겠다.  
20170907,10,내용 하나도 모르고 갔는데 정말 좋았어요...!  
20170907,10,외국인으로써 울고 웃고 즐겁게 봤습니다. 그냥 친구의 초대로 가는데 이런 감동을 받은 줄 몰랐네요.  
20170907,10,웃음과 감동이 함께 있는 좋은 영화보고 맘이  따뜻합니다. 가슴에 남는것이 있는 영화시사회였습니다^^  
20170907,10,시사회를 보고 왔는데 10점 주기도 아까운 영화.코믹영화로 보러들어갔지만 울면서 나오게 되는 영화  
20170907,10,"오늘 시사회보고왔어요. 정말 의미있는 영화에요. 잊지 않아야 할것들에 대해, 그리고 그것을 위해 노력하는 사람들에 대한 영화요  "
20170907,10,시사회 보고 왔는데  재미와 감동이 있는 영화입니다. 돌아와서도 여운이 남아있네요... 강추!! 다들 꼭 보셨으면 좋겠습니다:)  
20170907,10,오늘 시사회 보고 왔는데 영화 너무 추천하고 싶어요. 꼭 다들 보세요.  
20170907,9,즐겁고 유쾌하고 그리고 찐한 여운이...위안부 과거로 고통받았던 모든분들의 아픔 잊지 않을께요!!  
20170907,9,"6일에 롯데시네마 월드타워점에서 시사회로 봤습니다. 보는 사람을 웃기고, 울리고, 감동도 있었습니다. 주변에 추천하고 싶은 영화였어요!  "
20170907,10,꼭 보세요.저는 누가 보자구해서 그냥 검색도 안하고 갔는데..정말 스토리 짜임 탄탄하고..중간중간 인위적이지 않게 나오는 웃음도 ..아 나중엔 눈물도..억지로 요구함 없이 진행되는 이야기..그러다가 후반부에서는 예상못한 스토리에 울었어요.아이와 보세요  
20170907,9,"국민할매 나문희 쌤 위안부 문제, 제대로 한몫하신 가슴 뭉클한 영화  "
20170906,10,입소문은 무조건 대박날거고... 경쟁작만 잘 따돌리면 천만 가능할 것 같습니다. 최근 역사적 사실을 소재로 한 영화 중에서 가장 좋더군요. 나문희님 연기가.... 꼭 보세요  
20170906,10,시사회 초대 해주셔서 다녀왔어요.꼭 보셔도 후회하지 않을 것 같아요. 눈물나더라고요.. ㅠㅠ  
20170906,10,롯데시네마에서 시사회 보고 들어가는 길에 적네요. 유쾌하고 재밌어요 생각했던 것보다. 세심하게 지루하지않게 잘 만든 영화란 생각에 이 영화 대박나길 응원합니다. 많이들 보세요. 후회안하길 거에요 ^^ 돈내고 또 보러갈겁니다.  
20170906,10,시사회 당첨되서 영화봤어요ㅎㅎㅎ 재밌게 잘 봤습니다!! 재미와 감동이 있는 영화입니다. 개봉하면 부모님 데리고또 보러올거예요 역시 믿고 보는 배우 연기 대박입니다ㅠㅠ 꼭보세요!! 우리가 꼭 알아야하고 잊어서는 안 될 이야기입니다!! 추천해요  
20170906,10,어땠다고 말하는게 스포라서 말하지 못하겠네요. 시사회 전 아무 정보없이 갔어서 더 잘본것 같아요! 나문희선생님 짱! 이제훈도 짱! ps) 이제훈 얼굴에 집중할 겨를도 없음....  
20170906,10,시사회에서 보고오는 길인데 진짜진짜 대박입니다ㅠ이런거 잘안쓰는데 꼭보세요ㅜ  
20170906,10,오늘 시사회로 아들과 보고왔어요~ 웃다가 울다가~ 너무 재미있고 감동적이었어요...강추합니다..  
20170906,10,무조건보세요 ㅜㅜ 슬프고 연기도좋고 최고입니다 ㅜㅜ일본은 빨리사죄해라 개쪽바리놈들  
20170906,10,"유쾌하면서 감동적이었어요!! 결말까지 깔끔한 영화이고, 정말 잘 만들어진 영화입니다:) 무겁지 않게 위안부 문제를 풀어내서 자녀분들이랑 보기도 좋을 것 같아요!  "
20170906,10,시사회로 보고 왔는데 진짜 재밌고 감동적이였어요! 개봉하면 다시 보고싶어요 추천  
20170906,10,"오늘 시사회 보고 왔어요! 감동, 웃음, 말이 필요없는 배우들의 연기, 실화에 기반한 짜임새있는 스토리까지! 대박나길 기원합니다!!  "
20170906,10,시사회다녀왔는데 너무 좋아요!!! 꼭보세요!! 울다웃다 정말 무겁지않으면서 가볍지도않은 정말 즐겁고 감동적인 영화에요  
20170906,10,"시사회 보고왔습니다.재미, 감동 모두 있는 좋은 영화예요.강추합니다. 딸이랑 보고 왔는데 부모님, 아이들에게 보여주고 싶은 영화입니다.  "
20170906,10,"오늘 시사회통해서 보고와써요ㅠㅠ진짜 인생영화 등극입니다. 잔잔함속에 깊은 여운이 남는 영화예요! 재미와 감동 그리고 마지막으로 눈물까지..정말 알찬 영화예요! 빈말이 아니라 다들 꼭 한번씩 봐주세요! 이제훈, 나문희 두배우의 연기력 최고입니다!  "
20170906,10,방금 시사회봤는데 재밌어요ㅠㅠ중간까진 웃기다가 그 다음부터 엉엉!  
20170906,10,여운이 남는 영화였어요  
20170906,10,"방금시사회보고왔습니다.첨엔두시간이나해?라는생각이었는데,시간이언제지나갔는지도모를정도로웃다가울다가나왔습니다.주변친구들과함께개봉하면한번더보러갈까합니다.추천합니다.아무생각없이가볍게보러갔다가여러생각을하게만드는좋은영화였습니다..^^!!  "
20170906,10,방금 시사회 다녀왔습니다. 감동과 웃음 사이를 절묘하게 넘나들며 큰 웃음과 동시에 눈물까지 선사하는 영화입니다. 이번 영화를 계기로 위안부 문제에 대한 국민들의 자각과 깨우침이 커졌으면 하는 바람입니다.  
20170906,10,방금 시사회 보고 나왔습니다..정보없이 보러갔다가 정말 많이 울었습니다.. 그냥 감동적인 영화아니고 꼭 봤으면 좋겠습니다..  
20170906,10,오늘 영화 시사회 보고왔습니다 한바탕 웃으면서 눈물이 나는 영화였습니다 다시 한번 더 봐도 후회는 하지 않을것 같은 영화 그리고 절대 잊어서는 안되는 내용들~꼭 보셨으면 합니다  
20170906,10,꼭봐야할영화 웃음 감동 모두잡은!!  0  
20170906,10,방금 시사회 보고 와서 댓글 남겨요 . 정말 시간 가는줄 모르고 봤습니다. 이 영화는 돈 주고 봐야할 영화인거 같아요 꼭 보셨으면 좋겠어요 그리고 눈물 많으신 분들은 휴지 챙겨가세요.  
20170906,10,오늘 시사회 보고 나왓는데 나문희님 연기 너무 너무 감동적이고 잘 봤어요 마음이 따뜻해지는 영화입니다. 일상속에 있을법한 내용에 딱딱할 수 있는 주제도 자연스럽게 녹아들게끔 해놔서 가족끼리 봐도 좋을거 같아요ㅠㅠ  
20170906,10,잘봤어요.  잼나고 코끝이 찡‥ 눈물 참은건  비밀!!!  
20170906,10,가슴이 먹먹해지는 영화였습니다~  
20170906,10,시사회로 방금 보고 왔는데 꼭 보세요. 휴지 두둑히 챙겨가시길  
20170906,10,방금 시사회로 보고왔어요ㅠㅠㅠ 비오는데 보러나간거 후회하지않습니다ㅠㅠㅠ 정말 감동 강추!!! +이제훈 너무 잘생김 ㅠ  
20170906,10,배우분들 연기에 울고 웃었어요재미있게 잘 봤습니다여운이 남는 영화는 아니었지만 보는내내 즐거웠습니다  
20170906,9,재미와 감동의 영화라 강추해요  
20170906,10,방금 시사회 보고 왔습니다. 오랜만에 정말 재밌게봤습니다. 나문희 배우님 연기 최고예요♡  
20170906,10,오늘 시사회 다녀왔습니다 재미와 감동 오랜만에 10점짜리 영화를 보네요..정말 좋았습니다!! 강력추천!! 감정선 연기도 너무 좋아요 :)  
20170906,10,"시사회 관람하고 왔어요. 옥분할머니가 영어를 배워야하는 이유, 우리가 잊어서는 안될것 같아요. 소소한 재미와 사람의 정을 느낄 수 있었고, 우리에게 중요한 메시지를 주는 영화였어요. 많은분들께서 봐주셨으면 좋겠어요.  "
20170906,10,시사회 봤는데 감동적입니다가슴아픈 역사 위로가 되었으면~~~  
20170906,10,서면은 가로수 그늘 아래 있다  
20170906,10,시사회로 봤습니다 많은 분들이 보셨으면 좋겠어요!  
20170906,10,감동도 있고 재미도 있는 영화네요 올해 본 영화중에 제일 좋았어요 나문희님 이제훈님 두분의 케미(?)도 좋았어요  
20170906,10,"영화 끝나고 박수 쳐주고 싶은 영화, 모든 것이 완벽했다. 그래서 꼭 보라는 한마디만 해주고 싶다. 비록 영화 속이지만 나옥분 할머니를 비롯해, 현실의 위안부 할머니들의 따뜻한 손을 잡아 드리고 싶다.  "
20170906,9,나문희선생님 덕분에 웃다가 울다가... 추석에 가족과함께 또 보고싶네요  
20170906,10,처음엔 유쾌하다가 마지막에 감동까지~~!! 배우들의 연기도 멋집니다~~!  
20170906,10,시사회 다녀왔는데 초반에 엄청 웃다 반전 정말 오지네요 감동보스에요 적극추천합니다  
20170906,10,"시사회로 미리 봤는데..잼있고, 감동적이네요ㅜㅜ계속 훌쩍훌쩍하면서 봤어요..엉엉  "
20170906,10,누구의 팬이고 누구의 케미를 떠나 내용이 정말 재밌어보인다! 빨리 개봉되었음 좋겠다♥?♥?  
20170906,1,버스광고 너무짜증나 제발 ㅡㅡ  
20170906,10,믿고보는배우두분^^넘 기대되네요정말 잼있을듯해요  
20170906,10,"블시때 이 영화를 걱정했는데 생각보단 잘 나왔고 해서 언시평도 괜찮고 올해 보안관, 청년경찰에 이어 아이 캔 스피크도 중박을 터트리면 3연타네. 은근히 올해는 롯데.ENT가 잘 나가네.  "
20170906,1,"배우들은 좋은데, 감독이 맘에 안든다.  "
20170906,10,기사보고 기대돼서 줄거리 보러 들어왔는데 실수로 글쎄요가 눌렸습니다T-T 좋은 취지의 영화인 것 같아서 볼래요를 누르고 싶은데...글쎄요 취소할 수 있는 방법 없나요?  
20170906,10,믿고보는 배우들! 이제훈 팬인데 올해 이렇게 이제훈님을 많이 볼 수 있어서 기쁘고 좋네요!*_* 나문희님과 나오는거라서 유쾌하게 잘 볼 수 있을 것 같아요!  
20170905,10,나문희선생님때문이라도 꼭 본다  
20170904,10,정말 너무 재밌을것 같아요빨리 보고싶어요!!  
20170904,10,까아 계속 이 영화만 기다리고 있어요...얼릉 나왔으면 좋겠어요 ㅠ정말 재미있고 감동적일꺼 같아요~헤  
20170903,10,위안부 할머니분들을 응원합니다. 오래오래 사시길 기도 드려요.  
20170902,10,단지 이제훈배우님의 팬이라서 이영화가 기대되기보단 나문희선생님과의 캐미가어떨지 정말 궁금해서 기대됩니다!!!대박나라!!!  
20170902,10,개본 빨리 해주세요...복지사인데 저희 어르신들과 단체관람예정입니다.  
20170830,10,역시 믿고 보는 배우들이네요 정말 기대됩니다 ㅠㅠ 예고편만 봐도 가슴이 설레어요 개봉날이 기다려지네요  꼭 보러가겠습니다!  
20170830,7,나문희 배우님 영화라서 기대된다... 근데 이런 영화들은 전형적인 신파에 빠지기 쉬운데 그걸 어떻게 극복할지 주목하게 된다  
20170829,10,이제훈 배우님과 나문희 배우님께서 어떤 이야기를 펼쳐주실 지 아주 기대됩니다!!! 포스터에서 따뜻함이 느껴져요 ♥ 극장에서 만나요!!! :) ♡ 아이캔스피크 흥행GO !!  
20170829,10,왜 나문희 선생님께서 영어를 배우려하시고 외국에 나가서 영어로 말해야하는 자리에 계시는지에 대해 저는 위안부 문제를 영어로 말해서 알리기 위해 그런 자리에 섰다고 생각했는데 기사를 찾아보니 정말 그런 이야기였네요. 꼭 챙겨보겠습니다.  
20170828,10,모든 것에는 이유가 있다. 민원왕의 속마음에는 어떤 간절함이 있을까 궁금하고 이제훈과의 호흡맞는 연기 기대되네요  
20170828,10,나문희 선생님 넘 귀여우심 ㅋㅋ 꼭 볼거얔ㅋㅋㅋ  
20170828,10,무니는 아이캔스피크 보고시푼데잉  
20170828,10,요즘 하도 말많은 영화들만 나와서 이런 따뜻한 영화 좀 보고 싶었는데 ㅠㅠㅠ 꼭 흥행하세용  
20170828,10,너무 기대되요!! ㅠㅠ개봉날에 바로 보러가야겠어요..  
20170828,10,넘 기대되는영화에요ㅠㅠ 꼭 보러갈게여  
20170828,10,완전기대되요ㅋㅋㅋㅋ믿고보는 배우님들! 개봉하면 바로 보러갈게요ㅎㅎ  
20170828,1,대한민국 억지 신파극의 향연  
20170828,10,나문희 배우님은 참... 볼때마다 마음을 울리는 그런게 있음. 정이 많이 가는 분임.  
20170828,10,믿고보는 배우들의 신선한 조합이 너무 기대되는 영화네요~^^ 따뜻한 재미가 있을것 같은 스토리가 벌써 기대됩니다!!  
20170827,10,후니♡무니  캐미  기대할께요요용♡♡♡  
20170827,10,단순한 코믹영화 일 줄 알았는데 아니었구나...꼭 보러갈게요!!  
20170827,10,제훈 오빠 사랑해 10번 볼께  
20170826,10,"나문희, 이재훈배우의 즐거움 가득한 연기 기대합니다. 화이팅^^  "
20170825,10,재밌겠다 개봉하면 봐야겠어요-:)  
20170825,10,완전 재미있을 듯~ 기대됩니다^^  
20170824,10,이제훈이면 무조건봅니다!!!♡  
20170824,10,후니 무니 기대합니다앙!  
20170821,10,이제훈 오빠 꼭 보러 갈꺼에요ㅜㅠ파수꾼 못봐서 아쉬운 팬입니당- - (사랑)  
20170821,10,"영화내용예상, 나문희가 영어를 배울려고하는 이유는 본인 자식이 미국에 있어서, 그리고 그 외로움때문에 매일 민원을 넣는 것. 그래서 이재훈과 영어를 배우면서 따뜻한 인간관계를 알게되고 미국에 있는 자식들이 한국오면서 끝  "
20170819,10,이제훈 님 나오는 작품은 꼭 다 챙겨보는 사람이라 너무 기대되네용ㅠㅠㅠ얼른 극장에서 보고싶습니다!  
20170819,10,캬 나문희선생님과 이제훈 꿀잼조합ㅋㅋ 완전 재미게따  
20170818,10,이제훈 믿고보는 영화재미있을것 같아요 ㅎㅎ  
20170814,10,너무 재밌을것 같아요 꼭 보러갈게요~  
20170814,10,나문희쌤과 이제훈!! 꿀조합 꿀케미!! 사랑스럽고 감동적인 영화가 분명하겠죠?  
20170810,10,두분의 케미가 너무 기대되요!! 얼른 가족들 데리고 보러가고 싶어용  
20170810,10,박열에 이어 바로 컴붹을 하다니 덕분에 얼굴도 보고  기쁘네염꼭 볼껍니다!!!  
20170809,10,배우 최수인양의 이번 역할이 너무 궁금하네요..어떻게 그리셨을지..팬입니다. 항상 응원합니다~!!  
20170808,10,기다려 집니다.무지하게. . .  
20170807,10,개봉이 기다려지는 작품 입니다.  
20170807,10,나문희 선생님의 팬으로서 기대 되는 작품입니다.  
20170807,10,"치잌,,,ㅊ잌... 이 민원은 시작되지 말았어야 해요..  "
20170804,5,다 좋은데 스토리가 너무 뻔할것같아요...처음엔 나옥분과 박민재의 관계를 코미디로 풀어내다가 후반엔 나옥분이 영어에 대해 가지고 있는 사연으로 관객들 눈물을 짜내기 위해 온갖 무리수를 남발할것같네요  
20170803,10,여러분ㅜ국민배우 나문희 여사님께서 나오십니다ㅜ  
20170801,10, 감독과  배우의  조합이 기대됩니당~~~~  
20170731,10,완전 기대하고 있어요~빨리 보고싶네요  
20170731,10,이제훈 × 나문희라면 무조건 봐야지요 ~~~  
20170728,10,최수인양 우리들에서 되게 좋게 봤던 기억이 ㅎㅎㅎ 계속 예쁘게 컸으면 좋겠네요!!! 파이팅  
20170723,9,이제훈 기대합니다! 파이팅!  
20170722,10,제훈오빠 열일하시는거 너뮤 죠아여  꼭 보러 갈게요 ㅎ  
20170701,10,기대할게요 제훈배우님 !!!!♥  
20170627,10,솔까 이제훈은 너무 호감이야 너무좋음  
20170623,10,믿고 보는 배우 이제훈! 메시지 있는 가슴 따뜻한 영화일 것 같아 기대가 큽니다!!  
20170606,10,우왕 ㅠ ㅠ 믿고보겠네요!!!!  
20170606,10,의미있는 영화네요. 박철민 배우님 인터뷰를 보니 위안부내용이고 영어를배워 해외에 알리려는 내용이라던데. 오랜만에 보고 울수있는 영화가아닐까 싶습니다  
20170602,10,Chare  랑 laura 기대되요  
20170516,10,우리동네에서 촬영했어요 ㅜㅜ 한번도 보지는 못했지만 영화 개봉하면 꼭 볼께요~  
20170424,10,제훈오빠 열일하시네여 공무원 역할까지!>_<팬으로서 너무 신나고 행복합니다 오빠 좋은 작품 많이 해 주셔서 감사해여 사랑해용  
20170423,10,완전 재미지겠어욤...문희님...제훈님...♡  
20170419,10,기대되네요^^  극장에서뵈요♡  
20170415,10,영화 대박날거같다 !!!  
20170412,10,믿고보는 이제훈이지!이제훈배우님 너무 기대되용  
20170409,10,엄청 기대하고 있습니다! 제훈님 좋은 영화 연기해주셔서 감사합니다 최고최고!  
20170404,10,역시 믿고 보는 배우 이제훈 이번 영화도 기대합니당나문희 배우님과 케미도 좋을 것 같네용이제훈 화이팅 !!!  
20170404,10,"내용도 배우님들도 기대됩니다!! 나문희, 이제훈 배우님 화이팅~ 이상희 배우님도 화이팅!!!  "
20170404,10,믿고 볼수있는 배우분들이 나오시네요!!ㅎㅎ이제훈 화이팅♥  
20170403,10,줄거리에 끌려 봐야지 했는데 정연주 배우가 나온단 소식듣고 이건 꼭! 봐야한다로 바뀜ㅎㅎ맘에 들면 n차도 찍을것이다  
20170325,10,"믿고보는 나문희,이제훈!!! 꼭 볼게요 넘 기대 됩니다제훈님 열일 하신당♡♡  "
20170321,10,믿고보는배우들~~~  
20170320,10,제훈 열일♡화이링 하세여ㅠㅜ!!!  
20170320,10,이제훈팬으로써 기분좋다 요새 열일하시네요 !!나문희선생님과 호흡기대할게요 꼭보러갈게용 ㅎㅋ  
