0,1,2
20170426,10,아이들이 좋아하는 또봇!!!! 아이들이 굉장히 좋아하니까 같이 보러 가보세요~  
20170425,10,마지막 전투장면에서의 몰입감은 숨이 멎을정도! 영화내내 웃음과 눈물이 끊이지 않았던 작품은 너무 오랜만이다.  
20170425,10,와 ㅜㅜ 진짜 너무 오래 기다렸어요... 아이 꼬셔서 극장갑니다!!!! ㅎㅎㅎ 또봇 식구들 영원히 못보는줄 알았어요 ㅠㅠ  
20170424,10,또봇 극장판! 트렌스포메이션!!!  
20170424,10,"감사하게도 시사회 기회가 생겨 보게되었는데 생각보다 더더 재미있었습니다 아이들 만화영화라 유치하겠거니 걱정은 넣어둬도 되겠더라고요 :)하나,두리 아빠인 차박사가 무의식 속에서도아들들을 위해 싸우는 모습에선 무려 코끝이 찡하기까지!  "
20170424,10,시사회 다녀와서 엉엉 울면서 나왔네요. 또봇 애니가 어른아이 할것 없이 재밌게 볼 수 있어서 유명해졌던 건데 정말 그 특성 그대로 살아있습니다. 정말 재밌어요. 보시기전에 9기 까지 다시 보고 극장 들어가시면 감동 재미 모두 몇배가 될거라고 생각합니다  
20170424,10,기대되네요 또봇 극장판^^  
20170424,10,상영하는 극장을 못찾겠어요. 아이들은 벌써 언제 하냐고 난리인데ㅜㅜ  
20170422,10,너무 감동적입니다.보면서 몇번 울었네요..ㅜ  
20170422,10,너무 최고였어요 어른과 아이들이 함께 웃고 울 수 있는 작품입니다!  
20170422,10,또봇 너무 재미있었어요!!!!  
20170422,10,이거 엄청 재밌어요 한번 보러오세요.  
20170422,10,진짜 후회없을거고 휴지 챙겨가세요!!!!  
20170422,10,보면서 엄청 울었어요ㅠㅠㅠㅠ 꼭 여러번 볼게요ㅠㅠ  
20170422,10,또봇 결혼하자!!!아진짜 짱이엥요ㅠ 보는ㄴ내내 펑펑울ㄹ고ㅠㅠ 가족 다같이 보러오세요~!~!!!!  
20170422,10,시사에서 봤는데 온 가족이 볼 수 있는 정말 재미있는 영화이에요!!  
20170422,10,또봇 너무 감동적이에요  
20170422,10,넘재밌어용 어른이봐도 잼나요  
20170422,10,너무 재미있어요 감동이 있었어요  
20170422,10,보고싶어요~기대되요  
20170422,9,정말 재미있게 봤어요~추천합니다  
20170422,10,너무 재밌어요 꼭 보세요  
20170422,9,남자애들이 완전 좋아할 영화  
20170422,10,아이들이넘좋아해요또봇화이팅  
20170422,10,너무 잼있게 봤어요아이가 좋아해요  
20170422,10,너무감동적이고재밌어요  
20170422,10,개봉기다렸는데 재밌어요  
20170422,10,또봇 화이팅! 재밌게 잘보았어요.  
20170422,10,감동! 그자체입니다!  
20170422,10,감동 재미!!!!너무재밌어요 강추!  
20170422,9,생각보다 재미있어요..  
20170422,10,어른이봐도 괜찮은 애니메이션 이에요...^ ^  
20170422,10,아이들 너무 즐거웠어요 따뜻한 감동이 밀려옵니다  
20170422,10,"너무나 박진감 있고, 꿀재미와 감동이 있네요! 대박나세요!  "
20170422,10,아이와 재미있고 감동적으로 봤습니다. 강추합니다.  
20170422,10,최고예요!!!! 시간이 금방 지나갈 정도로 재밌었어요~~  
20170422,10,아이때문에 온건대 제가 더 감동받고 갑니다^^ 완전 잼나게 봤습니다~~~ 최고!!!^^  
20170422,10,또봇 극장판이 정말 기대되며 한국 애니메이션의 발전에 기여하는 멋진 모습 기대합니다~!  
20170422,9,정말 재밌어요.^^  가족끼리 4월27일 개봉하니 단체 관람 하면 좋을듯 합니다.^^  
20170422,10,재미있어요♥♥ 애들이랑 정말 재미있게 봤어요  
20170422,10,다들 꼭 보세요 완전 재밌다  
20170422,10,애기들이 기대하던 거라 너무나 좋아함ㅎㅎㅎㅎ악당이 나빠서 슬픈 아들ㅠㅠ  
20170422,10,흥미진진 아이보여주려고 봤는데 제가 빠져드네요  
20170422,10,재밌어요 감동적이에요  
20170422,10,너무 재밌었어요 추천합니다  
20170422,9,너무 재미있어여!! 또보고싶어요~  
20170422,10,진짜 너무 감동적이였습니다. 개봉하고도 와서 보고싶네요 ㅎㅎ 넘 재밋었습니다 ㅎㅎ  
20170422,10,참재미나게봤어요감사합니다  
20170422,10,극장판 또봇 정말 재밌네요~아이들이랑 정말 즐겁게 보고 나왔어요^^오랜만에 트라이탄 만나니 반가웠어요♡  
20170422,10,오랜만에 나온 또봇 아이가 정말좋아해요  
20170422,10,시사회로 방금 봤어요. 아빠랑 아들이 와서 보면 참 좋을꺼같아요.애들꺼라고만 생각했는데 스토리도 감동적이고 액션도 못졌어요. 4살 아들이랑 좋은 시간 보냈네연~~~  
20170422,10,아빠와의 추억~  재미있네요  
20170422,9,완전 재미있어요~게다가 부성애 감동까지....완전 강추합니다  
20170422,10,어른 아이들과 함께 볼수 있는 만화영화에요~~ 감동도 있고 교훈도 있습니다~  
20170422,10,첨엔시시할줄알았는데 보니카 넘나재미있고 즐거웠다  
20170422,10,완전재미있게봤어요~~우리아들이랑좋은추억쌓고가네요~~^^  
20170422,7,잼나요. 많이 볼러오세요  
20170422,10,또 보고싶네용ㅎ아이가 넘 좋아하고 재미있어하네요  
20170422,10, 태완조카  또봇너무좋아요극장판  또봇  기대합니다  
20170422,8,아이들이 집중하면서 재밌게..잘봤다네요..극장판또봇 홧팅!!  
20170422,9,5살 아가 넘 잼나게 봤어요.맘도 따뜻해지는 영화.많이 보러오세요  
20170422,10,가정의 달 5월에 보면 좋은 영화. 평소 가정에 소홀했던 분들이 보면 생각이 깊어질 듯 합니다. 제작 기간이 4년이었던 것만큼 어린이 영화임에도 불구하고 설정과 영상미가 좋습니다.  
20170422,10,어른이 봐도 재밌네요 ㅋㅋ 감동도 있어요세번 울컥하고 반성도 많이햇어요 애들과 잘놀아줘야 악당이 안되요좋은영화 최고  
20170422,10,티비판과 다른 스케일과 탄탄한 스토리가 제일 압권입니다 ㅠㅠ 가족이 나오는 영화다보니까 역시 감동요소도 많고 평소 또봇 좋아하시는 분들이라면 꼭 봐야할 것 같아요ㅠㅜ 무서운 요소도 없고 티비판이랑 비슷한 수준이라 아이들과 봐도 좋을 덧 같네요 ^ㅁ^9  
20170422,10,아이가 너무좋아합니다.또 보고싶다고 하네요...트렌스포메이션~~  
20170422,8,조금 무섭다고하는데 스토리가 좋아요  
20170422,9,첨영화보는거라어수선했지만재밌게잘봤어요^^  
20170422,10,마지막 부분이 무섭지만 재미 있어요.^^  
20170422,10,또봇k !! 신나게 잘 봤어요!!  
20170422,8,"우리공주가 재미지데요,  "
20170422,9,드디오~또봇극장에서~~우하하하  
20170422,10,완전 재밌고 감동도있고 진짜 만화계의 트랜스포머네요~11짱잼ㅠㅠ  
20170422,10,애들이랑.같이 보다가...울컥 몇반 했어요..ㅜㅜ 어른들도 같이봐더 좋은 내용..ㅜㅜ 일이 바쁘다고 아이들과 놀아주지 않으면 안되요... 좋은 영화에요~^^  
20170422,10,굿입니다. 아이와 함께 보기에 좋아요  
20170422,10,오늘까지 2번째보는데 다시봐도 너무 재미있고 감동적이에요 ㅠㅠ 어서 개봉해서 또 보고싶네요. 극장판 꼭 흥행해서 후속편도 나왔으면 좋겠습니다!  
20170422,10,어른이봐도 넘넘 잼났어요^^  
20170422,10,교훈도있고아이들하고보기정말재미있고좋아요  
20170422,10,어른이 봐도 구성진 한편입니다~가족애를 느낄 수 있는 뭉클함도 있어요^^  
20170422,10,아이가 너무 좋아했답니다. 역시 또봇이군요. 홧팅~♡  
20170422,10,극장판 또봇 재밌게 봤어요~~  
20170422,10,아빠랑 같이 보면 넘 좋을거 같아요 넘 재미있어요^^  
20170422,9,어른이봐도 흥미진진한 아주 알찬 영화였어요 ^^  
20170422,10,가족애가돋보이는영화! 넘즐거웠습니다^^  
20170422,10,재미있었어요. 퀄리티 좋아요  
20170422,10,아빠와 볼만 한 영화에요  
20170422,10,너무너무너무 재밌어요~^^  
20170422,10,너무재미있게잘봤어요  
20170422,10,또봇으로 가족의 소중함을 보았습니다!! 또봇대박!!  
20170422,10,37개월 너무잘봤어요 구성력있어요 재미있어요!!  
20170422,10,또봇 극장판 정말 재밌어요~ 짱~^^  
20170422,10,시사회 초대받아서 왔어요.티비에서 보는거랑 또 다른 재미로 아이들이 집중하며 잘 보네요~.재밌네요  
20170422,9,엄마지만 아이들아이들과 함께보는 가족영화로 딱이네요^^  
20170422,10,시사회 참여해서 보았어요. 확실히 스크린에서 보니 실감나네요~ 아이도 좋아했어요♡ 어린이날엔 또봇 강추합니다  
20170420,10,"가족들, 특히 아빠와 꼭 손 잡고 가서 보면 좋을 영화. 화려한 로봇 액션 뒤에 있는 스토리가 아이들보다는 어른의 가슴을 더 뭉클하게 만드네요. 이번 어린이날에 시간을 내어서 아이들과 보고 오시면 보길 잘했다는 생각이 들만한 작품이라고 생각합니다.  "
20170420,10,아이들은 재밌게보고 어른들은 울면서 나오는 영화... 원작을 안봐도 재밌지만 9기까지 보고가면 훨씬훨씬 재밌습니다  
20170419,10,시사회 보고 왔어요. 웃음과 감동이 펑펑 쏟아집니다. 믿고 보셔도 됩니다. 아이와 아빠가 함께 보면 더 재밌을 거 같아요!  
20170418,10,제가 방금 또봇 극장판 시사회를 보고왔는데 정말 재밌네요  저는 동생이 보고싶다고해서 왔는데 유치하지도 않고 정말 재밌었어요! 그리고 저희 아빠도 유치할줄 알았는데 정말 재밌다고 하더군요. 극장판 또봇 앞으로 영화 인기 많아질것같습니다.  
20170418,10,재밌고 내용도 색다르게 좋아요  
20170418,10,"감동이 있고, 어른들을 뜨끔하게 하네요.8살 울 아들은 감동이 넘치나봅니다.  "
20170418,10,또봇 재미있어요 잘봤네요  
20170418,7,생각보다 즐겁게 봣어요  
20170418,10,아이들과 같이 봤는데 완전 재미있었어요!!  
20170418,9,감동적이고 재미있었어요~ 또봇  
20170418,9,아이들이 재미있게 보더라구요.  
20170418,8,생각보다 재미도 있고 감동도 있었네요~  
20170418,10,아이와 함께 어른도 지루하지 않게 볼수 있었어요 ㅎ  
20170418,9,너무 재미있었어요^^  
20170418,10,아이랑 같이봤는데 엄마도 눈을떼지 못하게 너무 재미있게 잘봤어요  
20170418,9,아이들이 좋아해요^^  
20170418,10,감동적이구 재밌어요 또봇짱  
20170418,10,조금 무서워했지만 사랑의 힘으로 악당을 물리쳐서 감동의 눈물을 흘리더라구요 ㅎㅎ  
20170418,10,아들 움직이지도않구 잘보네요 아빠랑꼭보세요~~  
20170418,10,아이가 무척 좋아하네요^^  
20170418,10,너무 재밌어요 아이들과 신나게 볼 수 있답니다  
20170418,10,아빠랑 보기 정말 좋아요~~^^너무 재미 있었어요~~^^  
20170418,10,간만에 아이과 좋은 영화를 볼 수 있을 겁니다  
20170418,10,개봉을 축하축하~!~!~!!  
20170418,10,시사회에서 울면서 나왔다 개꿀잼  
20170418,7,아이가 재미있게 보긴했는데 시간이 길어서 어린아이들은 조금 힘든거 같아요  
20170418,10,또봇 영화 어른이 봐도 재미있어요. 시간이 어떻게 가는지도 몰랐네요. 흥행 대박!  
20170418,9,아이랑 본 영화중 젤 잼났어요  
20170418,10,기대이상. 마지막 엔딩까지 놓치지마시길~~  
20170418,10,아이랑 같이 푹 빠져서 봤어요~~^^  
20170418,10,장말 너무 감동적이고 재미있었습니다. 오랜시간 기다려왔고 기대해왔어서 조금 걱정했어요. 기대가 크다면 실망도 크다고 하잖아요? 근데 기대 이상으로 감동받아버렸습니다. 꼭 다시 예매해야겠어요. 제작진 모두 수고하셨습니다.  
20170418,9,아이들이 너무나 좋아히ㅣ요  
20170418,10,아이들만 봤는데 신나고 재미있게 봤어요~^^  
20170418,10,또봇 짱입니다. 정말 재미있네요  
20170418,10,제주도와 또봇의 만남^^  
20170418,9,아이들이 참좋아하네요 넘 재밌게 잘봤어요  
20170418,8,지루하지않고 재밌게 잘봤어요  
20170418,10,아들이 완전 좋아했어요~~~^^  
20170418,10,짱 재미있어요 강추!!  
20170418,10,아들과 재미 있거 봤네요 ^^~  
20170418,10,넘 신나고 감동이에요~~!!  
20170418,10,정말재밌어요~~ㅎㅎ  
20170418,10,또보고싶어요좋아요좋아요  
20170418,10,아이들이 신나하네요.  
20170418,9,역시 또봇 실망이 없네요80분이 시간이  짧게 느껴졌어요개봉하면 또 봐야겠어요^^  
20170418,10,완전짱~! 정말 최고의 영화에요~  
20170418,9,재미있고 감동^^이예요  
20170418,10,재미있어요 감동적이구요  
20170418,9,너무너무 재미있어요..빠져서 볼 정도로 재미나네요  
20170418,10,아이가 너무 재미있어하네요. 잘봤어요  
20170418,10,티비애니메이션이라 기대안했는데 완전 재미있어요.아이들도  넋놓고 봤어요..어른들이와도 멋지고 뿌듯한 애니메이션이에요..대박6살아들 보면서 울었답니다^^  
20170418,10,아기때부터 좋아하던 또봇! 극장에서 또봇들을 영화로 다시 만나니 반갑고 정말 재밌네요~아직 또봇들 집에 다 있는데 오늘 가자마자 함께 할 것 같은! 트라이탄의 변신모습~ 다시봐도 멋있어요! 극장판 또봇 로봇군단의 습격! 많은 사랑 받으세요!  
20170418,10,"역시 또봇!! 실망시키지않네요, 한시긴반 영화상영시간 내내 초집중 발휘하시는 5살 아드님^^ 또봇 최고에요♡♡  "
20170418,10,오래간만에 봤는데 넘  재미있었어요 강추  ㅋ  
20170418,10,역시 또봇.. 스크린에서 보니 더 재밌네요  
20170418,10,"신선한 내용의  또봇 극장판!하나, 두리, 세모, 수호와 함께 변신하는 또봇 X.Y.Z.K 넘멋져요~~^^로봇이 인간을 지배하지않도록 윤리적인 로봇을 만들어 인류에 도움이 되길요...  "
20170418,10,역시 또봇 아이도 엄마도 정말 로 팬심 제대로 입니다 정말로 멋져요  
20170418,10,영화보는내내 어떻게지나갔는지 모르게 잼있게본 만화는 오랜만이네요~~ 배경이 제주도라 같이본 엄마도 좋네요ㅋㅋ  
20170418,10,극장판이라 틀리네요.초등아이도 잼나게봤어요.  
20170418,9,또봇덕분에 아이랑 즐건 영화관 나들이 했네여^^  
20170418,10,너무 재미있어요~~~아이가 좋아합니다~^^  
20170418,9,딸인데도 로봇을  넘좋아하는~~~^^저도신나게봤어요~  
20170418,9,스토리도 탄탄하고 아이들이 신나하네요.  
20170418,10,또봇극장판 기대되요~두근두근 ^^  
20170418,10,시사회 통해 봤는데 기대했던만큼 재미있고 아이들이 너무 좋아해요~ 극장판 또봇! 최고입니다.  
20170418,10,여러분 진짜후회 안 해요.... 또덕분들 꼭 보세요 솔직히 바이블 ㅇㅈ.. 진짜 최고야...  
20170418,10,너무너무 재미있어요^^또봇사랑해요  
20170418,10,드디어... 기다리고 기다리던 또장판이 시작됩니다☆♡♡  
20170418,10,역시 또봇이죠티비로만보다 극장판으로보니 더욱더 재미있어요ㅋ ㅋ  
20170418,10,짱!너무재밌습니다~큰화면으로보니아이들이더좋아하네요~  
20170418,10,광고 나오자마자 보고싶다고 하더라구요빨리 영화관 가자고날리네요^^  
20170418,10,"시사회 보고왔습니다. 생각보다 정말 잘 나온 것 같아요. 티비 시리즈보다 퀄리티도 뛰어나고, 무엇보다 연출이 정말ㅜㅜ 오랜만에 또봇 초기 감성을 느끼고 온 것 같네요. 액션도 액션이지만 아빠와 아들의 사랑, 감정... 꼭 가족들이랑 보세요ㅜㅜ!!  "
20170418,10,사랑해요♥♥ 진짜 2년동안 기다렸어요 꼭 흥하쟈 또장판 홧팅홧팅~^^ 글고 더빙 거지같다고 못들어주겠다는 사람은 제발 입좀 다물어주세요^^  
20170416,10,기대하는 중. 근데 작가가 누군지 궁금했는데 이름도 안나옴~~뭐임? 작가 이름이랑 사진도 소개부탁.  
20170415,1,전형적인 조센 분위기라서 그닥  
20170409,10,오래 기다려왔습니다♥♥ 너무 기대 되어요♥ 또봇 파이팅!!  
20170405,10,아이가 굉장히 기대를 하더라구요! 개봉하는 날 두 아이와 가야겠습니다!  
20170405,10,우악! ㅋㅋ또봇 극장판 ! 조카랑 보러갈래요!!완전기대!!  
20170404,10,정말 기대되네요~!! 아이랑 꼭 보러갈래요~!!!^^  
20170404,10,또봇이 영화로  나오다니!  
20170404,10,조카들이 좋아할것같아요!  
20170404,10,또봇 드디어 극장개봉하나요? 얼른 보여주고 싶네요~  
20170404,10,조카의 아이도루... 조카 데리고 봐야겠다ㅎㅎ  
20170404,10,"조카가 좋아한 캐릭터였는데, 예고편을 보니 극장에서 보고 싶다고 하네요~~ 극장에서 봐야겠어염  "
20170404,10,개봉 기다리고 있습니다!!  
20170404,10,우리 조카가 진짜 좋아하는데 같이 보러가야겟어요  
20170404,10,조카들이 벌써부터 나를 붙잡고 울어댄다... 어서가서 보여줘야지..  
20170404,10,또봇을 극장에서 볼 수 있다고 사촌동생이 엄청 좋아해요ㅎㅎㅎ  
20170401,9,근데왜 레볼루션인거지 기가세븐 나와도될 삘인데...  
20170401,10,와.. 이게 나오네 애슬론 뭐시기 재미 없던데 이거나봐야지  
20170401,10,기다리는동안 정말 늙는줄 알았어요ㅠ또봇 파이팅!!  
20170331,5,또봇1기가나온 엔제였더라  내나이가16살네  시간빨리간다  
20170331,10,내 조카 오늘 태어났는데 ㅠㅠㅠㅠ 이거 같이 보고싶은데 ㅠㅠㅠ 이모가 먼저 보고 올께!!  
20170331,10,사진 보니까 레볼루션???  
20170331,10,드디어 극장판을 본다는게  실감이 나려합니다...꼭 보겠습니다.  
20170330,10,내가 이거  개봉해달라고 2년을 졸랐다~  
20170328,10,뀩ㄱ뀨ㅠ규귝뀨귝뀩규귝  
20170328,10,레트로봇 화이팅! 기대하겠습니다!!  
20170327,10,"다른  애니들과 달리 엄마, 아빠가 더 좋아하는 시리즈,,아이는 터XXXX, 파워XXXX에게 마음을 빼앗겼지만, 엄마 맘속 최고의 애니는 또봇이란거~ 아이도 극장판 개봉소식에 다시 마음이 들썩들썩,,좀 늦은감이 있지만 너무 반가워요~  "
20170325,10,와 대박 또봇이 극장판으로 나온다니 꼭 보러갈꺼에요.. 시리즈도 다시 만들어주세요ㅠㅠㅠㅠ  
20170325,10,"하,,,, 2015년부터 지금까지 2년을 기다려왔는데,, 엉엉 드디어 개봉한다ㅠㅠ  "
20170322,10,드뎌~~~ 한다 한마 말만하더니..드뎌~~~  
20170321,10,오 또봇 극장판이네 ㅋㅋ   로봇군단을 이길수 있슬까나 ?  
20170320,10,한국의 트랜스포머~ 또봇 화이팅  
20170320,10,또봇 극장판! 많이 기대할게요!!!실친이랑 보러 갈수도? ㅎㅎ  
20170320,10,또봇의 극장판이라~~애들 난리 나겠네요~~^^  
20170320,5,아빠들의 비명소리가 여기까지 들리네...  
20170320,10,또봇 꿀잼! 극장 고고!  
20170320,10,우와~~ 애기들이 그렇게 좋아한다는 또봇^^ 드디어 개봉하네요  
20170320,10,조카들하고 오랜만에 영화관 나들이 해야겠네요~  
20170320,10,조카의 선물 1순위 ㅋㅋ 이번엔 영화로 선물해야지  
20170320,10,오. 포스터 간지~ 어린이들의 트랜스포머군하~  
20170320,10,헉 드디어 .. 이제 극장판 개봉 확정인가요? 너무 오래 기다렸어요!  
20170320,10,헐 극장판!! 포스터 스케일보소.. 빨리 보고싶다 ㅠㅠ  
20170320,10,오옷!! 또봇 극장판이라니!! 개봉하면 바로 출격!!  
20170319,10,또봇!  아드님의 완소 변신 로봇물~  개봉 고고~  
20170319,10,드디어 극장판이구나~또봇 화이팅~~!!  
20170319,10,허거덩 우리나라 변신로봇의 원조 또봇.. 드디어 또봇도 극장판이 똬앟!  
20170319,10,개봉하면 나는 15살이지만 영화관봐서 봐야지~  
20170317,10,드디어! 또봇 극장판이다아!  
20170316,10,극장 개봉을 향해 트랜스포메이션~!~!~!!!!  
