0,1,2
20170906,8,이명박의 민낯을 제대로 보면 두번 다시는 이명박을 대통령이라 부르지 않을것이고 당신들의 무지와 믿음이 당신 옆의 자녀와 부모들의 살점을 도려내는 짓을 하는것이다.  
20170906,10,정의는  살아있습니다 -  
20170906,10,좋은 영화 만들어 주셔서 감사합니다!!!  
20170906,10,막보고 나오면서 남깁니다모두가 봤으면하는 마음이 간절하고이 영화만드느라 애쓰신 모든분들을 응원합니다눈으로확인하고나니 한편 분노가 치미네요  
20170906,1,현정권 입맛에 맞는 영화만 만드는 영화인이 아닌 정치인일세  
20170906,10,오늘도 댓글에 베충베충..  
20170906,10,"나쁜놈이 제대로 벌받는 세상, 미치도록 보고 싶습니다. 주진우기자님, 김어준총수님 항상 응원합니다ㅣ  "
20170906,1,뻔하디뻔한좌파수작영화  
20170906,1,이딴 정치적 선동 영화는 어떠게 죄다 좌파에서 만드냐? 그러면서 블랙리스트 운운하지? 명불허전 내로남불  
20170906,10,어준이가 바꾸는 t세상을 말없이 지지한다. 물론 후원은 기본이고....  
20170906,1,광우병 사기단들 자금줄이 많나보다. 영화를 몇개만드는거여?? ㅉㅉ  
20170906,10,동영상에 이명박과 주진우 같은 화면에 잡힐때 소오오오름  
20170906,1,0점이 없어서 1점준다  
20170905,10,천만 갑시다. 무조건 봐야합니다.  
20170905,10,수고하셨습니다. 쥐를 잡자!!  
20170905,1,너무나도 기대됩니다ㅋ  
20170905,10,이명박왈:날..화나게하지마~날건들면 그후폭풍 감당할수있겠어?내말한마디면조용히사라질텐데말이야  
20170905,10,어제봤는데요 개봉하면 또 볼꺼예요많은 사람들이 봤으면 좋겠어요 꼭 진실이 밝혀졌으면 좋겠어요  
20170905,10,4대강에 노역시켜야 함 평생!  
20170905,10,"어제 (9/4) CGV압구정에서 상영하길래 예매해서 봤습니다. 주진우 기자 신간 ""주진우의 이명박 추격기""를 좀 더 생생하게 느낄 수 었습니다. 세금 도둑놈 잡아야죠!!! 독립투사같은 주기자님께 조금이나 힘이되기위하여 또 볼겁니다! 일단 재밌어요!!!  "
20170905,10,기대됩니다. 개봉관 많이 잡아주세요  
20170905,10,많은 사람들이 봤으면 좋겠네요 !  
20170905,10,김어준 관련된건 닥치고 추천!!!  
20170905,10,방금 유료시사회 다녀왔는데 오랜만에 영화관으로 가게 한 영화네요!  
20170905,10,"시작은 주진우가, 마무리는 우리 모두가 해야하는 영화.  "
20170904,10,굿 수사좀 해라 개검들아  
20170904,10,개봉일...저수지게임. 김어준. 주진우. Mb  검색어 순으로 올려 봅시다.  
20170904,10,저수지게임 기대 됩니다~  
20170904,10,존경합니다. 7일날 표 예매했습니다. 좌석1번.  
20170904,10,매우 기됩니다~^^ 면밀하게 까발겨 주길 기대합니다~^^  
20170904,10,당신의 소신과 용기에 감사합니다.  
20170904,10,감사합니다 용기있는 행동과  소신 정말 대단합니다. 감사합니다.  
20170904,10, 상영관좀 늘려주세요~  
20170904,10,이 영화가 절대흥행하길 진심으로 바랍니다  
20170904,10,무조건 봅시다... 이건 국민필수교양 영화  
20170904,10,"걸어서 가도 될 가까운 영화관은  낮시간에만 1회 걸려있어서, 버스타고 한참 가야할 극장으로 예매할 수 밖에 없는점 아쉽습니다. 울동네 영화관 확 망해버렸으면 좋겠네요.  "
20170904,10,"지방이라 상영관은 너무 적지만 꼭 봅니다! 너무너무 기대되요~ 나쁜놈들아 김어준, 주진우 건들기만 해봣!!  "
20170904,1,"문재인이 임기채워나가면 아마 역대 최악의 대통령이라고 영화 100편은 나올거다. 맨날 남 욕만 해대면 일은 누가하냐,  "
20170904,10,완전 기대됩니다. 전국 모든 극장에서  다 상영하면 얼마나 좋을까요...ㅠㅠ  
20170904,10,상영관좀 늘려주세요~~  
20170903,10,상영관 늘려 줘요 영화가 잼있을거란 말이에요 주진우 파이팅!!  
20170903,10,졸라 멋있어! 상영관 좀 늘려주세요!!  
20170903,10,단군이래 최대의 사기꾼은 조희팔이 아니다. 그는 이명박앞에선 명함도 못내민다. 한반도 역사상 최악의 사기꾼 이명박  
20170903,10,정의를 바로 세우기 위해 고군분투하는 이들에게 경의를 보내며.  
20170903,10,우리를 대신해  뛰고 있는 그들에게 응원의 관람을!! 감사해요~ 극장에서 보아요!!!  
20170903,10,매우 매우 기대됩니다.  
20170902,10,꼭 보러갑니다. 못 가면 예매만이라도-김어준 주진우 정의! 화이팅!이명박 잡읍시다-  
20170902,1,한주라도 사이비 정치광신교 선동영화가 안나오면 항문에 피가나오는 무리들이 사는 나라. 이런 싸구려 사이비다큐영화라도 선동용으로 만들면 좌좀신도들한테 돈을 쉽게 벌수있으니 너도나도 다 만들어 개봉하네  
20170902,10,서울 및 경기권도 개봉관이 생겼네요!! 첫날 바로 예매 했어요! 이 영화 제발 좀 흥해라... 쥐돌아~!! 절대 자연사 하면 안된다. 좀만 기달려라.  
20170902,10,미치도록 찾아서 잡읍시다!  
20170902,10,쥐잡자 명바기 잡자!!!  
20170902,10,혼자가서 볼껀데..가로줄은 어렵고 세자리 티켓끊어서 볼께요 ㅎ주기자님 화이팅  
20170902,10,140억보도 언론에서 다뤄주는곳이없다 정말 이상하다.  
20170902,1,도대체 청와대ㅅㅅ테이프는 언제 나오는거죠????  
20170902,10,요즘은 다큐도 재미가 있는게 대세인듯 공범자들도 그렇고 저수지게임도 재밌어요 ㅎ  
20170902,10,"나의 스피릿 애니멀, 김어준 ㅋㅋㅋㅋ  "
20170902,10,너무너무 기대 됩니다!!! 주진우 기자님 감사합니다.  
20170902,10,"총수와 주기자, 최감독이 만든 영화라니..!!!빨리보고싶어요 ㅠㅠ  "
20170902,10,공범자들이랑 같이 TV에서 방영했음 합니다~!!!  아주 MB가 악의 축이네요..  죽어서도 천벌 받길  
20170902,10,대한민국 건국이래 가장 큰 금액의 횡령사건을 흥미진진하게 다룰 뿐만 아니라 인과관계를 짚어낸 논리적인 설명방식으로 잘 모르는 사람들도 이해하고 관심갖기 쉽게 만들었다. 최순실보다 더 큰 사건이 될수도 있다. 탄핵을 이뤄낸 국민들이 꼭 봐야하는 영화!  
20170902,10,오늘 시사회 보고왔습니다. 이건 전국민이 봐야할 영화입니다. 피가끓더군요. 문통령이 이모든 진실을 파헤쳐서 다 뒤집어야 합니다. 부탁합니다. 꼭보세요  
20170901,10,시사회 보고왔는데 많은 사람들이 보고 이슈화 되었으면 좋겠네요  
20170901,10,시사회봤는데긴장의 끝을 놓지 못하게 하는 영화네요.강추~~~  
20170901,10,적폐청산 언제쯤 재대로 굴러갈지주진우 기자를 비롯한 관련자들께 존경과 감사와 응원과 함께 미안한 마음이 든다개봉하면 친구손 붙들고 다시 볼께요  
20170901,10,믿고보는 주진우 김어준  
20170901,10,진짜 기대 됩니다!! 6년동안 스릴러물은 안봤는데 이거는 물건이네요 ^^  
20170830,10,"주진우와 김어준, 이 시대의 참 언론인이라고 생각합니다. 너무나 기대되네요. 꼭 볼랍니다!!  "
20170829,10,김어준 주진우 짱!! 아침엔 뉴스공장 저녘엔 뉴스룸 주말엔 파파이스!!  
20170829,10,꼭 볼 겁니다. MB 구속 되는 그날까지 응원합니다.!!!  
20170829,10,꼭 볼테다...빨리 보고 싶다..  
20170828,10,파파이스에서 제작 얘기가 나왔을 때부터 계속 기대 만빵입니다 . 세 분의 노고에 깊이 감사드립니다.  
20170828,10,디테일하게 매우 궁금하다  
20170826,10,꼭 봐야지.~~~~꼭 봐야지.~~~~  
20170826,10,엄청 기대됩니다 개봉박두!! 두눈 부릅뜨고 주진우 기자 지키기에 앞장섭니다 화이팅!!  
20170826,10,이건 정말 목숨 걸고 만든 영화 ㄷㄷㄷ  
20170825,10,와우~~ 기대됩니다!!  
20170825,10,대박나라!!!응원한다!!!  
20170824,10,드디어 개봉일 확정 되었군요 책은 이미 사서 보았고 영화도 기대하겠습니다  
20170824,10,미치도록 보고 싶었다!!!! 개봉일만 기다립니다~~  
20170824,1,도대체 어딜봐서 더플랜이 감동소름인가... 지긋지긋하다 김어준빠들... 나도 진보성향이지만 조금만 생각하면 우리나라에서 투표조작은 불가능하다는걸 알텐데..각 개표소마다 각정당들 대표 참관원이 있다는 사실은 눈꼽만큼도 모르겠지.  
20170823,10,미치도록 보고 싶다! 세상이 잘 돌아가려면 김어준처럼 딴지 걸고 의혹 제기하는 사람도 있어야지.  
20170823,10,"김어준, 주진우의 국고 환수 프로젝트네요 ㅎㅎ 정말 기대됩니다. 스크린 많이 잡아서 꼭 흥행했으면 좋겠어요  "
20170823,10,드디어 진실이 밝혀지는건가요? 영화 엄청 기다려집니다!  
20170823,10,맞다 틀리다 하지 말고 이야기를 들어봅시다. 더 플랜에서 K값에 대한 의견이 불합리하다 생각하면 시간 돈 들여 찾아보세요 찾아보는거 자체가 쉽지 않으니까요. 이번에도 어떤 이야기를 할까 궁금합니다  
20170823,1,정말 1점이라도 줘야하는 건가요???  평점에 0은 없습니까?  
20170823,1,문가 대통령 되고나서 희한한 영화 많이 나오네  
20170823,1,더 플랜 k값 해명 언제하나요. 문재인 이번 k값이 더 높은데 이번 대선은 그러면 설마?  
20170823,1,엿 같은 한국 사법부. 주진우가 고의로 허위사실 조작 보도를 해도 단지 '언론자유'라는 이유로 단 한번도 유죄판결을 한 적이 없다. 정상적인 국가에서는 저런 언론인은 벌써 퇴출되었어야 정상이겠으나 이 나라는 정상이 아니다.  
20170822,1,이 영화라고 부르기도 뭐한 유치한 정치 영상물을 발견하고 욕설이 천가지쯤 떠올랐지만 견식있는 누군가가 리뷰에 견식있는 비판을 썼으므로 그만둠 ㅇ_ㅇ..  
20170821,10,면밀하고 통찰있는 작품이기를 기대  
20170821,10,대박..영화 엄청 궁금하네요!!  
20170821,10,벌써부터 기대되요~^^  
20170820,10,빨리 보고싶군요. 카카의 돈이 어디저수지에 있는지 참으로 궁금합니다  
20170820,1,최감독님 더플랜 K값 오류 사과는 하셨나요? 인정할건 인정하고 넘어가야 다음 작품이 더 신뢰가 가지 않을까요? 틀려도 입 싹 닫는게 감독님이 말하는 정의입니까?  
20170820,10,저수지의 쥐들 어떰??  
20170820,10,이명박 잡자 ㅡㅡ ㄹㅇ 4대강 비리 밝히자  
20170819,1,이거 좌좀유니버스냐??  
20170819,10,우리가 알아야 ! 밑바닥 저수지의 실체!현실의정의라는것이 이런것!  
20170818,10,상영관많이잡아주소~  
20170817,10,너무 기대되네요!! 플랜도 재밌게봤는데~ 빨리 개봉했으면 좋겠어요!  
20170817,10,너무 기대되는 영화입니다.  
20170817,10,쫄지마아아아 쉽파알!!!  
20170816,10,2017년 최고 기대작 중 하나.  
20170810,10,기대됩니다 개봉일이 어서오길  
20170804,10,이런 영화는 무조건 봐줘야 됩니다  
20170728,10,기대 합니다.. 쫄지 마세요.  
20170522,10,언제 개봉하나요? 빨리 보고싶어요  
20170508,10,더플랜 너무 잘 봤습니다 주진우 기자님의 활약을 기대합니다  
20170423,10,김어준도 고발고소에 두려워서 너만 죽어라고 빠졌다는 영화 ㅋㅋㅋㅋ 기대됩니다.  
20170422,10,더플랜 잘봤습니다. 저수지 게임도 기대합니다~  
20170417,10,"영화 스크린 상영관 조작되지말고 제발 거의모든시간, 모든상영관 개봉되길  "
20170416,10,더플랜 다봣고  감동 소름 .. 저수지게임 빨리보고싶다  
20170415,10,먼저 제작된게 나중에 개봉하나요? 무조건 보겠습니다  
20170414,10,절라 기대됩니다.더플랜부터.  
20170414,10,"주진우, 김어준, 그리고 최감독님, 당신같은 분들과 같은 시대를 살고 있다는 사실이, 참 위로가 됩니다. 당신들의 용기와 소신에 진심으로 감사합니다.  "
