0,1,2
20170530,10,어머 가면도 받을 수 있다니! 선착순이면 개봉하는 날에 가야하나? 주말까지 제발 있어라!!!!  
20170530,10,와치가면 나두 갖고싶은데!!!  
20170530,10,울아들램 와치가면 갖고 싶다고 조르기 전에 빨리 보러 가야겠네여  
20170525,9,정말재미있을꺼같아요  
20170525,10,아이들이 좋아할것 같아요~^^♡  
20170525,9,재밌을것 같아요 아이가 좋아해요  
20170525,8,기대됩니당!!! 재미있게볼께용♡♡  
20170525,9,기대가 됩니다~~^^  
20170525,10,조카가 좋아해서 함께 보려구요~  
20170525,8,아이가 재밌게 봤어요~~  
20170525,10,시사회당첨으로 봅니다 아이들이 좋아하네요  
20170525,7,아이가 너무 좋아해요 기대됩니다  
20170525,10,아이랑 볼거라 기대돼요ㅎㅎ  
20170525,10,아이 둘이랑 왔는데 너무 기대됩니다.  
20170525,10,정말 기대가 되네요~^^  
20170525,10,재미있어요  또 볼래요 ..  
20170525,10,즐겁게 보고   홍보하겠습니다  
20170525,10,정말로 재미있을것같아요.  
20170525,8,기대되는 영화입니다  크  
20170525,10,아이들이 너무 기대하는 영화네요~기대만땅입니다!  
20170525,9,기대되네요 정말 재미있겠어요  
20170525,10,재미있을것 같아요~~~  
20170525,10,잼나용 다시보고 싶어요  
20170525,8,재미 있을거 같애요 강추  
20170525,10,좋아요  재미나게볼께요  
20170525,8,자동차 배틀 와치카 일본 애니메이션 못지 않는 흥미있는 이야기같다  
20170525,10,아이들이 기대에 부풀었어요...즐감할게요  
20170525,10,재밌을거 같아요. ㅎㅎ  
20170525,10,아이가 너무 보고싶어하는 영화에요 기대됩니다  
20170525,10,아이가 좋아할거 같아요  
20170525,10,재미잇을꺼같아요~~아들이 신나하네요  
20170525,9,항상 배틀모드 우리나라에서 제일 재미있는 애니메이션이다  
20170525,10,아이들이 잼나게 볼거같아요  
20170525,10,더욱 강력해진 와치카의 활약이 궁금하네요  
20170525,10,와치카 좋아하는 아들이 너무 좋아할것 같아 기대돼요~  
20170525,10,기대됩니다 아이가좋아해요  
20170525,10,너무 기다렸어요 기대됩니다!  
20170524,10,친구네 아들래미가 와치카 너무 좋아해서 같이보고 데이트할거임 애들한테 왜케 인기가 많은거징? ㅋㅋㅋㅋ  
20170523,10,배틀 장면이 더 화려해지고 캐릭터도 더 다양해졌네요!  아이가 너무 좋아하면서 봤어요!  
20170521,10,2016년 MBC와 투니버스에서 방영되며 큰 사랑을 받아왔기에 이번 극장판을 기대하는 사람들이 아주 많을거라고 생각됩니다. 특히나 이번 새시리즈에서 지노와 새롭게 등장하는 루나의 풋풋한 로맨스까지 흥미로운 소재가 많이 나와서 기대합니다  
20170520,10,아기가 넘 좋아합니다ㅎㅎ기대돼요!!^^  
20170520,10,넘 기대됩니다. *^^*  
20170520,9,아이가 기대만발 ! 너무 좋아해요!  
20170520,10,아이들 좋아해요 재미있어요  
20170520,10,기대됩니다. 아이들과 함께 관람예정요  
20170520,10,기대되는 영화에요^^  
20170520,10,아이들이 너무 좋아할것같아요~  
20170520,9,기대되요 재미날거 같아요  
20170520,10,와치카 너무너무 기대됩니다  
20170520,9,정말 기대되요~~~♡♡♡  
20170520,10,넘 궁금해요^^~~기대돠요  
20170520,10,아이들과 시사회 왔어요  
20170520,10,넘 재미나겠어요 파워배틀이니깡  
20170520,10,아이들좋아하는와치카기대됩니다  
20170520,9,아이가 기대많아요 와치카 기댜됩니다  
20170520,10,완전기대되는 애니메이션이에요~~^^  
20170520,10,많이많이 기대됩니다~  
20170520,8,엄청 기대하고 있습니다.^^  
20170520,10,아이들이 좋아하는 기대되는 영화  
20170520,9,아이가 좋아하는 와치카 기대되요~~^^  
20170520,10,아이가 너무 좋아해요ㅛ  
20170520,10,아들이 좋아할것같아요  
20170520,10,완전 기대되요 아이가 좋아할듯하네요  
20170520,10,완전잼날듯해요와치카아이들이좋아해요  
20170520,10,기데가 되는 영화입니다  
20170520,10,기대되용~~기대기대~^^  
20170520,10,아이들이 좋아해요  직접 극장에서~~~  
20170520,10,완전좋아하는 영화예요  
20170520,10,울 막내가 재일좋아하는 만화 기대되네요  
20170520,10,아이들이재미있게 볼수있어서 좋아요  
20170520,10,기대하고 있어요~~~  
20170520,10,아들래미가 좋아하는 와치카 기대돼요  
20170520,10,재미나게 신날것같습니다.  
20170520,9,기대기대 우리아들 기대돼  
20170520,10,오늘 보러왔어요.기대 되요~~  
20170520,8,재미있겠네요  ㅎ ㅎ재미있겠네요  
20170520,10,울 아이들이 좋아하는 와치카♡꼭 볼래요ㅋ  
20170520,9,아들이 많이 기대하고 좋아할거같아요  
20170520,10,재밌을거같아요~^^  
20170520,10,재밌어요 애들이랑보세요  
20170520,10,좋아요너무재미잏을거같아요  
20170520,10,아이들이 무지 기대합니다기대되요~♡  
20170520,10,보고싶어요~~기대기대중입니다  
20170520,10,아이들이 좋아하는 와치카 기대됩니다  
20170520,10,보러 왔어요 기대되요~~~^^  
20170520,9,기대되요~ 볼꺼에요  
20170520,10,아이들이 너무 좋아해요  
20170520,10,아이와 지금 기다리고있었는데넘기대되요^^재밌을것같네요  
20170520,10,저희 꼬맹이 너무 좋아해요  
20170520,10,아이들과 함께 꼭 보고싶어요  
20170520,8,잼있을거같아요아이들과즐거운시간♥  
20170520,10,아주아주잼나게 봣어요  
20170520,10,아기가 좋아해요~꼭보세요  
20170520,10,아들이정말좋아해요^^  
20170520,8,와치카 아들이 많이 기대하네요  
20170520,10,기대 되네요아이가 좋아 할듯  
20170520,10,개봉일 기다리고 있어요  
20170520,10,아이들이  엄청좋아할꺼같아요  
20170520,10,파워배들  완전기대되요  
20170520,10,파워배틀 와치카 벌써 두번째 극장판이네요~ 울아들이 꼭보고싶어해요~^^ 너무 기대됩니다♡  
20170520,10,와치가며니역습 기대돼요  
20170520,10,꼭보고싶어요 지금 대기중이에여  
20170520,9,아이가 많이 기대 하고 있어오. 빨리 보고 싶네요  
20170520,10,아들이 너무 기대하네요~^^  
20170520,9,^^ㅡㅡㅠㅠ하하ㅅㄱ  
20170520,10,와치카 극장판~ 아들이 무지 기대하고 있어요^^  
20170520,9,아이들이 보기에 잼날것 같아요  
20170520,10,너무기대되는  와치카  극장판♡  
20170520,10,아이들이 좋아할만한 영화네요너무너무 기대되요  
20170520,9,영화로 만나보내요  기대되요  
20170520,10,보고싶어요~~~아이가 너무 좋아합니다.  
20170520,10,중독성 있는 노래로 작년에 이어 보러왔어요  
20170520,10,오늘 보는데 기대됩니다~  
20170520,10,재미있을거 같아요~~  
20170520,10,애들이 좋아하는 영화 기대가득이에요~~  
20170520,10,아이들이 좋아하는 와치카 기대됩니다  
20170520,10,보고싶은 영화입니다 기대가됩니다  
20170520,10,파워배틀 와치카 너무 재밌어용^^♡최고예요^^  
20170520,10,너무 기대되요^^시사회보고 관람평도 쓸께요~~  
20170520,10,아이들과 와치카 외치며 신나게 보고싶어요  
20170520,10,와치가면과 블루썬더의 활약이 기대됩니다~  
20170520,10,재미있을것 같아요~~^^  
20170520,10,아이랑 시사회 왓어요~ 기대 되네욤ㅋ  
20170520,10,아이들이무척조아해서 기대가득해욧  
20170520,10,"아이가 너무 좋아하는 와치카, 벌써 장난감 챙겨 가자네요! 기대됩니다  "
20170520,10,아이가 너무 좋아 할것 같아요^^  
20170520,10,아이들이 좋아해요^^  
20170520,10,지금 아이들 신났네요..정말 기대됩니다  
20170520,10,기대됩니다 재미있을거같아요  
20170520,10,재밌을거같아요~^^  
20170520,9,기대하고 멀리서 왔음요  
20170520,10,아이들의사랑 꼭보고싶어요  
20170520,9,기대되요. 아이랑 좋은시간 보내고싶어요  
20170520,10,아이들이 좋아하는 와치카 기대됩니다♡  
20170520,10,아이가 좋아하는 와치카 신나겠어요  
20170520,10,아이들이랑 왔는데 넘 기대되요  
20170520,10,예고편 완전 멋집니다..기대됩니다^^  
20170520,10,아이가 엄청  기대중이에요 ^^  
20170520,10,새로운 배틀 기대됩니다  
20170520,10,정말기대되네요ㅎㅎㅎ^^  
20170520,10,기대 되는 영화입니다~~  
20170520,9,파워배틀와치카 너무너무 좋아합니다.얼마나 재밌을지 기대됩니다~  
20170520,10,기대됩니다..좋은시간  보낼수잇어  좋을거같습니다  
20170520,9,아이들이 좋아하는 와치카 개봉하네요빨리 개봉하면 보러가야겠어요~^^영화보면 교훈도 함께 배우길요  
20170520,10,아이들과 보고싶어요~ 너무기대되요~  
20170520,10,기대돼요~~~~^^  
20170520,10,기대하고 있어요~^^~  
20170520,10,재밌을꺼같아요기대가대아이가너무좋아해요  
20170520,9,아이와 함께 즐겁게 볼 수 있을꺼같아요^^  
20170520,10,챔피언을 향한 새로운 배틀 기대되여~~♡  
20170520,10,기다리고 기다리던 와치카~기대가득입니다  
20170520,10,너무 기대되요♡♡ 재미있을것같아요^^  
20170520,9,두 꼬맹이와 함께 왔어요~기대되요^^  
20170520,10,너무재밌겠어요야호캭!  
20170520,10,아이들이 너무 좋아해여~너무 재밌을거같아요^^  
20170520,10,재미있겠어요 기대되네요  
20170520,8,아이가 좋아해요...잼 있을 것 같아요~~^^  
20170520,10,아들이 엄청기대해요~^^~  
20170520,10,재미있겠네요 기대되네요~~~~  
20170520,9,완전 기대되요  아들 완전 좋아함  
20170520,10,지금 보러 왔어요기대되네요  
20170520,10,기다리는 동안에 와치카 노래부르며 즐거워해요^^  
20170520,10,아이들이 좋아할것같아요~^^  
20170520,10,애들이 너무 좋아해서 기대가 커요 벌싸부터 들썩거려요  
20170520,10,아이가 좋아하는 와치가면~ 굿입니다~~  
20170520,10,아들이너무 좋아하는 와치카 너무 기대되요  
20170520,10,너무기대되네용  아들이좋아할것같아용  
20170520,10,감사해요.재미있네요  
20170519,10,와치카 애니메이터분들 짱짱♡  
20170519,10,조카들이랑 보러가기에 좋을거 같아서 기대되네요  
20170519,10,파워배틀 와치카 이거 한국애니메이션이지요! 한국애니메이션이면서도 아이들에게 많은 사랑과 애정을 듬뿍 받고있는걸로 알고있어요~ 그만큼 이번 극장판 새로운 이야기를 보려고 다들 난리가 아닐텐데~ 예매권 당첨되면 조카와 함께 보고싶네요~ ㅎㅎㅎ  
20170518,10,우리 아들이 좋아하는 영화!! 기대 됩니다^^  
20170516,10,파워배틀 와치카: 와치가면의 역습 기존에 TV에서는 못보던 스토리라서 기대가 큽니다. 특히나 1편과 다르게 오리지널극장판이라고 하니 꼭봐야할것 같아요~  
20170516,10,새로운 자동차 액션 어드벤처 애니메이션의 탄생을 예고하는 영화! 빨리 만나보고 싶네요~  
20170516,10,빨리 보고 싶어용~~ 기대 많이 됩니다.  
20170516,10,아들이 너무 좋아하는 만화인데 개봉한다니 너무 기대되요♡  
20170516,10,파워배틀 와치카~~!!!  드디어 개봉하네요~~ 빨리 만나고 싶습니다 ㅎㅎ 아들이 워낙 기다린 영화라 넘나 기대되네요~~ 작년에 뮤지컬도 두번이나 보고오고  영화도  세번이나 봤어요 ㅎㅎ 올해에도 기다리던 터라 얼마나 보러갈지~~~  넘나 기대됩니다~  
20170513,10,아들이 기다렸대요~~!극장판 기대가 됩니다.  
20170512,10,기대 되네요! 믿어볼께요  
20170510,10,오 드디어 극장판 개봉!! 기대 합니다!!!!  
20170510,10,완죤 기대되요 ㅋㅋㅋ 새로운 내용에 확실한 액션!  
20170510,10,동생이랑 꼭 보러갈거다! 지노 화이팅  
20170430,10,뭔가 복수에 관한 내용일 것 같아 재미있어 보이네요^^  
20170427,10,기대되는 영화라능 얼른 개봉햇음좋겟네여  
20170427,10,우왓 와치카 극장판!! 정말 기다려져요!  
20170427,10,저번 극장판도 잼있게 봤는데 이번 것도 기대가 큽니다~~빨리 보고 싶네요 ~  
20170427,10,기대가 많이 되는 영화에요~~!!  
20170419,10,1도 모르지만 조카가 좋아하니 관람각!!!  
20170419,10,와치카 극장판?? 극장판?? 대박!!!!  
20170419,10,오잉? 와치가면???? tv 에서는 못보던 스토리인데!!!!  
20170419,10,오~ 개봉하는구나ㅋ궁금하네요  
20170419,10,1편도 재미있게 봤는데 빨리 보고 싶네용  
20170418,10,우리 아들은 좋아할 듯 ㅎㅎ  
20170418,1,그닥....애니자체도 노잼이더만  
20170414,10,이번엔 오리지널 극장판이라고 하네...  
