0,1,2
20170705,6,"영화 포스터랑 제목,주요정보 3줄 보고 출연히 김민희라는 거 보고 그때는 맞고 지금은 틀리다 ㅋ.ㅋ.ㅋ.ㅋ.ㅋ.ㅋ  "
20170705,10,"특히 우리나라에선 영화감독한테 천재라는 단어 잘 붙이지 않는데(왜냐면 영화감독 빠순이들은 없기땜에. 그래서 천재는 죄다 아이돌한테서 나옴 ㅋㅋ), 홍상수야말로 진짜 천재의 표본임.. 타고난 그 어떤 것. 어쨌든 다음 생애는 다른 나라에서 태어나길.  "
20170705,1,제품도 불매운동을 하듯이  영화도 안보는 운동해야한다. 홍상수 김민희는 뻔뻔함이 도를 넘었다. 남에게 피해끼치면서까지 사는게 진정 예술이라 생각하냐 ㅉㅉ 개 이기적인 연놈들  
20170705,1,홍상수는 쓰던 사람만 계속 쓰니 그나물에 그밥이다. 이야기도 그나물에 그밥.권해효는 왜 자주 홍상수영화에 나오는지 모르겠네.  
20170705,10,권해효는 뭔 죄냐는 뭔소리냐 자기가 찍고 싶어서 찍은건데 ;;  
20170705,1,어딜 슬금슬금 이건 아니지  
20170705,1,김민희가 제발 정신 좀 차리고 남자배우랑 바람났으면 한다 홍은 진짜 더러운  
20170705,1,ㅡㅡ불륜ㅡㅡ영화ㅡㅡ  
20170705,1,"영화에서 악취가난다.. 짐승새x들 본능에 충실한건 상관 없다만그것으로 인해 최소한 주위에 사랑하는, 사랑하던 사람들이 피해 입지는 않게 해야지. 사람들이 괜히 손가락질 하나? 그만한 이유가 응당 있음이지.  "
20170704,7,난 솔직히 홍상수감독이 욕 먹는건 당연하다고 생각한다.. 근데 옛날에 친구따라 어떤 영화를 보고 진짜 잘만들었다고 생각했는데 그 감독이 홍상수더라..  
20170704,1,배우들을 어떻게 캐스팅 하는지 궁금하고 촬영하는지 궁금하다  
20170704,1,상수X민희 또 뭉쳤니? 아주 지긋지긋하다..  
20170704,1,이유불문하고 불륜은나뻐 그치이기지배야  
20170704,1,제발 이딴 영화좀 개봉안하게 해주세요..대체 영화를 머라고 생각하고 만드시는지...  
20170703,1,불륜을 사랑이라포장하면 그동안의 의무는 쓰레기가되는거지.그럼 결혼을 뭐하러하나.사랑만하고 살지.  
20170703,1,말이 필요 없는 영화 노호오오답  
20170703,1,홍상수 X 김민희 참 대단ㅋ?  
20170703,1,영화를 무슨 공장에서 물건찍듯이 찍어내네  
20170703,1,0점이 없다는게 아쉽다.  
20170703,5,마하반야 바라밀...  
20170703,1,왠지 알겟지 이런평점 ㅋㅋ  
20170703,10,권해요는 뭔죄야 ㅋㅋㅋ  
20170702,1,냉무/-..9..8 .9  
20170702,1,권해효님 무슨죄..안습  
20170702,1,"믿거배 , 믿거감...  "
20170701,1,안봐안봐안봐안봐안봐  
20170701,10,"홍상수감독 깔거면, 김기덕감독이나 이창동감독 같은 감독좀 그래도 밀어줘라.. 까기만하고 관심도 없어하고.. 그러다가 도랜스포머 같은 영화만 보지 말고..  "
20170701,1,평론가들 하는말봐 겁나웃기네. 일반인들과 반대로 말하면 평론가가 될수있나보네.ㅋ  
20170701,1,천하의 개._. ..._ ...  
20170701,10,능력있어서 젊은 여자 만나는게 부러워서 악플다냐?  
20170701,1,별 하나도 아깝다불륜이 불륜을 찍네  
20170629,10,악플러들아 집에서 정의구현중이니?ㅎㅎ  
20170629,1,홍상수씨당신작품누가본다고계속만드시나  
20170629,1,"홍상수 김민희,,,이건아니지  "
20170629,1,이감독 영화 출연하는 배우는 이제 평생 거른다.  
20170629,10,"남의 가정사는 함부로 말할 게 못 되고, 아무튼 꾸준히 영화 만들어주어 고맙다고 생각하는 감독입니다. 계속 좋은 영화 만들어주시길.  "
20170629,6,권해효씨만 불쌍... 개인적으로 되게 팬인데  
20170628,10,홍상수감독님작품이 많이나와서좋네요~남의 사생활에 관심이 지나치게 많은 사람들 참 많...무슨 자격으로 저렇게 그것도 영화평 쓰는곳에 ...자신의억압된어느부분을건드린건가왜저렇게심하게분노를..<밤의 해변에서 혼자>를 재밌게 잘 봐서 이 영화도 기대되네요!  
20170628,1,그냥 홍 이라는 글자만보고 우선패스한다....  
20170628,10,김해효가 주연으로 나오느 홍상수 영화라.. 밤의 해변도 잘 봤는데 기대됩니다.사실 김민희 연기는 뭐 극찬 받을 수준은 아니지만 홍상수의 영화 자체는 감탄을 자아내고 후두부에 소름을 끼치며 짜릿하게 만드는 장면을 잘 넣죠. 영화 참 잘만듭니다.  
20170627,1,민희야 정신차리자..  
20170627,1,0점이 없어 1점이나 주고간다.  
20170626,1,제목이랑 출연진 김민희보고 설마 감독 홍상수 아냐 했더니 정말 홍상수네  
20170626,1,음 보고싶지 않아요. 왠지 보면 내손해일거 같아요  
20170626,1,왜 평점에 0은 없냐 늙어서 쪽팔린줄 알아라  
20170626,1,ㅋㅋㅉㅉ대단하다진짜 사람이가장무섭다는말이 그냥 나온말이아니네  
20170625,1,더이상 불륜을 예술로서 승화시키지 말기를  
20170625,1,외국에서 둘이 사랑하고 한국 다시는오지않길 진심바란다외국서 검은머리 파뿌리될때까지 살아라 그때까지 갈수있을진 모르겠다 이런영화는 절대안본다 더럽다  
20170625,1,"영화는 도덕과 윤리에 맞게 소재를 정해야 하는법고없고,객관적으로 평해야 하는게 맞지만, 매번 사회적으로 정당하지 않은 같은 소재 더구나 자기가 지금휩싸인 구설수의 그 소재로만 영화를 내는건 합리화를 넘어서서 그것을 로망으로 여기고 있는것 같다.  "
20170625,10,감정이입 신물난다..평점1점 주는게 너희들이 말하는 도덕적 정의냐? 돌을 던지려거든 거울 한번 보고 던지는게 어떠신지?  
20170624,1,권해효 실망이야. 이런 개OOO 영화에 출연을 다하고...  
20170624,10,이 커플 언제까지 갈까... 질투가 나거나 비난하고 싶어서 하는 질문 아님. 그냥 오지랖임. 진심 궁금..  
20170624,9,두분의 사랑 응원합니다~ 이번작품도 기대되네요.  
20170624,2,그의 모든 영화는 예술을 빙자한 자기합리화  
20170624,1,권해효는 무슨죄냐 ...  
20170624,1,대게 작품을 평가할 때 만든이의 인성을 최대한 배제한 체 평가를 하려고 노력을 하지만 불륜은 예외지  
20170624,1,예전부터 영화 지겹게 많이 만든다. 계속 지원을 받았으니 이렇게 다작을 하면 어떤 독립영화 감독이라도 실력이 안 늘어날래야 안늘어날수 없겠다. 그런데 영화는 매번 자가복사하는 느낌.  
20170623,10,여기는 영화 평가하는 곳인 줄을 모르는 인간들 많네.  
20170623,1,영화를 보고 사람들이 감동과 힐링이 되어야한다고 생각하는사람으로서~~영화를 만드는사람들이라면 기본적인 인성과 가족에 대한책임감등은 일반인보다 더욱 투철해야하는것이 기본중에기본이라고 생각한다 그래서 이영화를 보지않기로했다  
20170622,1,내용 안봐도 1점입니다 ~  자기변명하는 영화 지겹고 이해도  공감도 안가요  역겨워서 못보겠어요  
20170621,1,"그후....뻔한거 아님!한 때의 불장난이 여러 사람의 인생은 물론, 자신들의 인생에도  너무나 큰 상처가 되는 것을... 평점 0점은 왜 안되는 건지???  "
20170620,1,불륜 부부가 찍은 영화 믿고 거른다  
20170620,1,왜 활동한데..저 둘은..그냥 티비 안나왔음좋겠다 연예계 떠나세요 제발 완전 떴떳하게 다니는거 꼴보기시름 저 둘 사랑이 언제까지 갈까 그리고 맨날 19금만 찍냐 그 영화에 꼭 김민희를 집어넣고..웃기네  
20170620,1,0점을 주어야 하는데 0점은 없네  
20170619,1,김민희 자는 진짜 바닥까지 기어가네 기어가 ~ 왜저러냐 진짜  
20170619,6,상수형 요즘 다작하네. 물 들어올 때 노 젓나..? ㅎㅎ  
20170619,1,영화를 떠나서 물론 직업이긴한다만... 유부남 감독과 주연여배우가 불륜이고 다른 남자배우와 주연이라면... 과연 감독은 그 주연들에게 배드신을 요구할까? 한다면 감독은 직업이긴해도 여배우를 소중히 생각안한다는거겠지...  
20170619,1,남편관리를잘하지그랬냐는 김민희. 사람감정을 관리로써 들었다놨다할수가있더냐 부부사이는 믿음인데 매일같이 의심하며 관리해야한다는거냐 계속해서 영화찍고 개봉하고 대중들에게 소식보이는데 꼴보기싫다 더럽고.. 그만봤으면  
20170618,1,홍상수 추종자 = 어줍잖은 평론한다고 깝치는 여기자들  
20170618,1,홍상수는 김민희로 아주 뽕을 뽑을 모양일세  
20170618,9,사생활로 까는 건 한심한 짓이다  
20170617,1,뻔뻔함의 극치 영화도 그지같고 불륜영화아님 못만드냐 그리고 옥수동집값떨어지니까 첩살림하러 오지마시라.  
20170616,1,칸에서 상 못받았네..아마도..아마도..곧 헤어질 것 같다..김민희는 생각보다 그리 간단한 인물이 아니다..  
20170615,1,진짜 이름만 들어도 불쾌하다  
20170614,1,배우이기전에 사람.사람이길 포기한 배우.불륜을 우월적인 사랑을 하는것처럼 행동하는  저분들  우웩 OOO  
20170614,1,남의남자랑 연기하는걸 보면서 홍씨 아재는 무슨 생각이 들었을까? 내가 배우였으면...했을라나  
20170614,10,"감독, 배우의 사적인것과는 별개의 시선으로 영화에 몰입하는 입장  "
20170614,9,홍상수 영화는 묘한 기대감을 갖게 한다.  
20170612,1,이걸 보는 사람들 온전한 정신은 아니다.  
20170601,8,같은 배우들이 왜 출연하는지 일단 생각해봐야 하지 않을까요  
20170530,2,"모르는 사람에게 이런 말은 처음 해봅니다. 이 글을 볼 가능성도 없겠지만. 홍상수 감독님은 미카엘 하네케 감독님께 예술에 대해서도, 그리고 인생에 대해서도 많이 배우셔야  됩니다. 나이 60  넘어서도 지금과 같은 소재에 집착한다면  문제 많은 겁니다  "
20170529,10,홍상수 스타일 영화 좋습니다. 기대됩니다.  
20170528,10,칸황금종려 기대되네요  
20170524,10,너무 기대됩니다!! 홍상수 신작  
20170524,1,걍느낌아니깐 몰자꾸 10글자씩이나 쓰래  
20170524,10,전 이영화 10점 줍니다!  영화도 안봤지만 ..그냥 영화 자체만으로 평점 남기는게 좋을거 같아 .. 평점 희석시킵니다  ... 므슨애기지 아시는 분들은 이해하실겁니다...  
20170523,10,영화가 잘되길 기원한다.남녀사이라 뭐라 말할수 없지만.영화만 보면...  
20170523,1,불륜영화그만만들고 좀신선한거없냐?  
20170523,10,별점 테러 난리법석 피우는 아줌마들 최소 남편하고 사이 안좋다. 확실함ㅋㅋㅋ  
20170523,1,새벽에서 ...그후?파트2?  
20170523,1,1도 아까운 영화....지덜끼리 다 해처먹는 영화..뭘 해도 식상한  영화  
20170523,10,영화는 감독 혼자만의 작품이 아닙니다. 함께한 모든 분들의 작품입니다. 그래서 공과 사를 구별해서 평점을 주셨음 좋겠습니다.  이 영화에 힘쓰신 모든분들  응원합니다~  
20170523,10,나는 작품은 작품으로서 평가받는게 옳다고 생각한다.이병헌또한 그렇고 이수또한 그렇고그들의 인간성을 욕할 순 있지만그들의 작품을 폄하하긴 싫다.  
20170522,1, 여러가지 이미지를 만들어내는 배우는 물론 영화에 나오기에는 무리가없다 하지만 감독은 틀리다 당신이 만드는 사랑이야기 포함 아름다운영상들을 관객들이 집중해서 볼수있을까? 이영화는 아무리 잘 만들어도 b급영화 취급이다 내마음속에선  
20170522,1,김민희 가족들 생각이 궁금하다...ㅉ  
20170522,1,대체 돈이 어디서 생겨서 영화를 찍는거지?  
20170522,1,더러운 것들아 꺼져ㅡㅡ  
20170522,1,문화예술계통에 있다고 다 예술은 아니지나이 먹었다고 다 어른은 아니지사람으로 태어났다고 다 사람은 아니지카메라 돌린다고 다 영화겠냐  
20170521,1,영점이 있다면 주고 싶습니다. 부도덕한 사람이 만들고 주연한 영화를 보고 싶습니까? 상영도 막고 싶습니다.  
20170521,4,영화는 작품으로만 보자감독 배우들의 인간성 까지 보기에는 집중력이 아까우니  
20170518,10,변함없이 가장 귀한 감독이다  
20170518,1,이번에는 자기변명+부인까는 내용의 영화일거 같은데? 진짜 극혐이다.니들 말년이 아주 고통스럽고 최악이길 바란다  
20170518,1,난 예수도아니고 남인생 상관할만큼 한가하고 떳떳해서 비난하겠음 꼴보기싫다 상도덕이 뭔줄은 아니  
20170517,1,난 남의 인생에 참견할만큼 안 바쁘고 남에게 돌 던질만큼 떳떳해서 비난함 ㅇㅅㅇ  
20170516,10,홍상수감독님 영화 꾸준히 보여주세요  
20170509,1,김민희 얼굴에 철판깔았네 진심 비호감  
20170508,1,알바가 몇명 안되네 여긴 ㅎㅎ  
20170508,1,이제는 니들이 몰하건 무관심제발 대중들 앞에 나타나지말고니들이 사랑이라고 믿고있는 그 공간에 갖혀서영원히 나오지 마라  
20170507,1,ㅇㅇ안봤지만 1점 준다. 홍씨는 다 쓰레기  
20170507,2,그후...과연 어떻게 된다는거지?  
20170505,10,밤해변 약간 진부했지만 그간 잘 안보이던 감정씬 신선했구요. 이번영화와 클레어도 기대됩니다. 국내개봉 꼭 했으면 좋겠고 보러갈겁니다. 남의인생에 참견하기엔 제 할일이 너무 많고 바쁘네요. 그저 한명의 관객으로서 좋은영화 계속 만들어주시기 바랄뿐입니다.  
20170425,10,평점테러방지용 .  참 예수도 안던지는 돌을 던지는 인간들 인터넷상엔 엄청 많네  
20170424,10,딱 내스타일 기대중인 영화  
20170422,10,미리 10점 드립니다.  
20170418,5,ㅋㅋ꼴보기도싫다면서 찾아와서 평점남기는 센스보소~~아주 지리구요~  
20170417,1,홍상수.김민희 둘다 꼴도 보기 싫다  
20170416,9,"그 후, 영화로 보고싶다  "
20170416,10,칸의 조용하고 재빠른 선택  
20170415,1,이젠 홍상수X김민희는 보기도 싫다  
20170415,1,과연 서양에서도 홍상수부인이 명문대까지포기하고 홍상수랑결혼해서 접시닦이하면서 남편뒷바라지와 치매노모 모신걸알면 홍상수의 비인간적인면을 알면 과연 저둘을 환영할까? 이혼안한주제에 생활비조차안대고 그돈으로 피부과가서 리프팅에 색소관리나하고있는 홍상수찌질이  
20170414,10,칸 영화제 초청작이라니 .. 수상 기대해 봅니다 짝짝짝^^  
