0,1,2
20171101,6,진짜 재밌었는데 결말이 너무 아쉬워요.. 뱅크 인생만 망쳤어ㅜㅜ  
20171101,8,[시사회] 로튼토마토 100%재미있고 박진감 넘친다무엇보다 캐릭터가 너무 매력적이다그리고 신선한 연출우리는 부 정 하지않고 살고있는가?  
20171101,9,눈도 깜빡거리지않고 숨도 안쉬고 본 영화  
20171101,7,시사회로 보고 왔습니다 뱅크 역할의 배우가 좀 더 못생겼더라면 그가 아니라 주인공에 좀 더 이입해서 메시지를 잘 체화할 수 있었을텐데 그가 너무나 잘생겼네요 영화는 나쁘지 않아요 킬링타임용으로 괜찮아요  
20171031,8,시사회에서 봤는데 신선한 소재이고 내용도 흥미진진 하네요 추천입니다!  
20171031,10,소재가 참신해서 기대 됩니다  
20171031,10,재밋겟다뇨엄청넘청엄청  
20171031,9,재밌었으면 좋겟다..  소문은 매우 재밌던데 이거보러 일찍왔는데...  
20171031,10,완전기대중.. 지금보러가요  
20171031,10,배드지니어스 꿀잼각 ♡♡♡  
20171031,10,친구와 정말보고싶어요!  
20171031,10,너무 재미있어보여요!!  
20171031,10,너무너무 보고싶어요!  
20171031,10,로튼 토마토 지수도 그렇고 예고편만으로도 엄청 기대 되는 영화네요.  
20171031,10,기대했던 작품이라 너무 결말이 궁금합니다!  
20171031,8,컨닝 소재라니 기대됩니다!!  
20171031,10,넘넘 기대되는 작품이에여!!!  
20171031,10,독특한 소재여서 기대됩니다!!!  
20171031,10,천재 소녀의 이야기 재미있을 것 같아요!!  
20171031,10,로튼지수가 높아 기대되는 영화에요 꼭 보고싶어요  
20171031,9,재미있게 보겠습니다.  
20171031,10,완정궁금‥기대된다는  
20171031,10,엄청 기대하고 있어용 재밌었으면 좋겠습니다:)♡  
20171031,8,시사회 기대되요~~~~  
20171031,9,Cgv♥? 배드지니어스 짱기대♥?  
20171031,10,재밌겠다ㅎㅎㅎ 기대됩니다  
20171031,10,재밌어요 또보고싶어요  
20171031,9,기대해요잘볼게요화이팅  
20171031,10,너무 보고싶었는데 친구랑 같이 와서 잼나게 볼게용  
20171031,10,너무 너무 보고싶었는데 오늘 시사회 당첨되서 봅니다 짱 ㅎㅎ  
20171031,8,평이 좋더라구요. 이번에 보려구요~  
20171031,10,트이타 알티 탔을 때부터 보고 싶었어요~!  
20171031,10,괜찮은 태국영화라는데 기대되네요!  
20171031,10,신선한 소재라 꼭 보고싶엇는데 기대되네요...ㅎ  
20171031,10,신선한 소재의 영화!! 천재적인 소녀의 공유비법이 기대됩니다!!  
20171031,10,기대합니다 재밋게 볼수있을것같아요!!!  
20171031,9,태국 영화는 옹박만 있는데 이런 영화도 좀 떴으면 좋겠네요!  
20171031,10,태국영화라 신선하고 천재적인 사기? 그리고 어떤 결말일지 궁금해지네요  
20171031,10,독특한소재의 영화 아주 기대 많이 됩니다.  
20171031,8,완전 보고 싶었어요~ 듀근듀근  
20171031,10,"너무너무 보고싶어요, 곧 수능인데 시기도 잘 맞네요.  "
20171031,10,배드지니어스  시사회  기다리는중... 평이 좋아서  기대하고 있는중 입니다.  
20171031,10,기대가 됩니다 ~~''♡♡  
20171031,10,시사회 보러 왓는데 내용 정말 궁금하네요~ 빨리 보고싶어요  
20171031,9,영화가 재밌을것 같아서 많이기대되요  
20171031,9,영화 기대됩니다-!! 잘 보고 오겠습니다!  
20171031,10,특이한 소재라 재밋을것 같아요  
20171031,10,기대되는 영화입니다^^  
20171031,10,엄청 기대됩니다! 대박나세요  
20171031,10,시사회 보기 전 기대됩니다  
20171031,10,기대되요 재밋을거가태용  
20171031,10,재미있을꺼 같아요~!  
20171031,10,너무 기대됩니다????  
20171031,10,신선한 소재라 기대되네요 :)  
20171031,8,태국영화 흔치 않은데 기대돼요  
20171031,10,배드 지니어스 정말 기대돼요 재밌을 것 같아요!  
20171031,9,신선한 소재 기대됩니다  
20171031,10,흥미진진한 스토리 즐거운 관람하였습니다  
20171031,10,무척 재밌을것같아요 기대합니다!  
20171031,10,쫄깃하게 심장을 울릴 영화로 기대되네요! 화이팅 배드지니어스!  
20171031,10,태국영화 기대가 되요~♡  
20171031,9,색다른 소재가 기대됩니다~~  
20171031,9,일욜에 출발비디오여행으로 짤막하게나마 봤는데... 은근 기대됨!!! 학교를 배경으로 시험으루치르는 학생들의 긴장감도는 컨닝 대작전!!! 와~ 이 소재로 이런 수릴러로 만들다니~~ 기대되요~~^^ㅎㅎㅎ  
20171031,10,평이 좋아 기대됩니다~  
20171031,8,재미있을것 같아요~ 학창시절  해 봤을법한 컨닝을 대범하게 하는 영화! 내가 직접 컨닝을 하는 것처럼 느껴질 듯 해서 기대됩니다.  
20171031,8,먼저 본 지인이 너무 재밌게 봤다고 해서 저도 기대하고 있습니다. 얼른 보고 싶어요  
20171031,10,너무 기대되는 영화에요!  
20171031,10,배드지니어스 넘 재미있어요 ^^  
20171031,8,입소문 대박인데 엄청 기대하고있습니다.  
20171031,7,두근두근!긴장되는시간!!  
20171031,10,태국영화는 처음인데 기대됩니다~  
20171031,8,신선한 소재가 기대되네요  
20171031,10,"위험하지만, 짜릿함을 끌어내는 최고의 영화가 될거라 확신함..자. . 컨닝 기술 들어갑니다..!!!  "
20171031,10,왕년에 컨닝좀 해본 입장에서 기대되네요  
20171031,10,시사회로 봤어요. 넘나 기대되는것  
20171031,10,입소문이 대단하네요~  
20171031,10,기대됩니당ㅎㅎ오늘보기로되있습니다  
20171031,10,예고편만 봐도 너무 재밌어보였는데 게다가 로튼토마토 100%라니 너무 기대됩니다!! 빨리보고싶어서 시사회신청했는데 당첨되어서 너무 좋아요ㅠㅠ 빨리 보고싶습니다!!!  
20171031,10,예고편 봤는데 흥미진진하고 재밌어보여서 기대가 많이 되네요! 곧 보는데 재밌었으면 좋겠습니다:)  
20171031,8,영화프로에서 소개를 보고흥미가 있어서 .새로운 소재기대됩니다~!!  
20171031,9,잠깐 예고편을봤는데 재미있을것 같더라고요기대하고 볼께요^^  
20171031,8,예고만봐도 재미있을거같아요ㆍ시사회에 당첨돼서 너무좋아요♥  
20171031,10,태국영화 처음보지만 기대됩니다~ 재밌을꺼 같아요  
20171031,10,너무 기대돼요!!!! 손에 땀이 많이 날 것 같아요!  
20171031,8,출발 비디오 여행에서 소개돼서 예고편 봤는데 기대됩니다.~  
20171031,1,애들 다 정신 나갔네... 지상파에서 해주는 드라마 스페셜 2부작 짜집기해서 루즈하게 엮어논 게 다인 내용도 감동도 없는 유치하고 뻔한 내용의 동남아영화일뿐... 시사회에서 지루해 죽는줄 알았다 니들한테 낚여서 ... 영화보는 안목이 그리 없냐??  
20171031,10,와 이거 죽이네 캬..ㅎㅎㅎ  
20171030,10,개봉 기다려 집니다 . 색다른 포스터. 느낌있어요..소재도 재밌을것 갖고..  
20171030,9,소재가 신선. 실화라는것도 신기  
20171029,10,출비에서 봤는데 재밌겠네 오엠알카드 칠하는 연필소리 죽음 ㅎㅎ  
20171027,10,예상치 않게 들어간 식당에서 버릴 게 하나 없는 코스요리 먹고 나온 기분.  
20171027,9,신선한 소재 컨닝으로 이렇게 두 시간 넘게 스토리 전개 했다는게 대단함 중간에 억지장면 좀 있었지만 시간가는줄 모르고 봄  아시아권은  너무나도 공감할 만한 내용 그리고 뱅크는 잘생김  
20171026,8,신선함 태국 영화를 다시보게되는  영화  
20171026,10,시사회로 봤는데 한마디로 대박입니다강추합니다  
20171026,10,배드 지니어스 잘 보겠습니다  
20171026,10,배드 지니어스 기대됩니다.  
20171026,10,너무너무 영화 재미있어요  
20171026,10,재밌게 볼께요!!!!  
20171026,10,페북에서 예고편 보고 재밌을 것 같다고 생각했는데 마침 시사회 올 기회가 돼서 보러 왔습니다!! 기대돼요 ㅎㅎ  
20171026,10,태국 영화 오랜만인데 어떨지 기대됩니다.!  
20171026,10,정말정말정말정말 기대돼요!!!!  
20171026,10,배드  지니어스~  벌써부터 입소문이 좋은데 어서 보고 싶고 박진감으로 시원한 시간 보내고 싶습니다!  
20171026,7,너무너무 기대가 됩니다  
20171026,9,누구나 한번쯤 했을 OMR카드 신선한 소재 기대되네요.  
20171026,9,신선한 영화 스토리 기대됩니다.  
20171026,10,역시 기대가 되는거같아요 뭔가 옛날 학교 다닐때생각도나고..  
20171026,9,기대되요 재미있을것 같어요  
20171026,10,예고편만 봤을 뿐인데 벌써 기대가 됩니다. 보고 정말 재미있다면 (물론 재밌겠지만) 지인들에게 추천많이 할게요!!  
20171026,9,배드지니어스  평이좋아 기대됩니다  
20171026,9,기대되네요 로튼토마토 100이라니  
20171026,8,기대하고 보겠습니다!!!  
20171026,10,완젼 기대되요 너무 보고싶어요~~~♡♡♡♡  
20171026,10,만점짜리 영화  꼭 보시오 ㄱㄱㄱㄱ  
20171026,8,기대됩니당... 태국영화 궁금!!  
20171026,10,정말이지 기대가됩니다. 하하  
20171026,10,영화 소재가 너무 신선하네요 :)  
20171026,10,너무 너무 기대됩니다!~  
20171026,10,꿀잼이예요 배드지니어스 짱  
20171026,8,너무보고싶어요&4&(&?'니파노랴파더룿  
20171026,10,너무너무 보고싶어요!  
20171026,10,너무재밌어보여요!!  
20171026,10,기대돼요!!! 재밌을듯  
20171026,10,발칙한 부정행위!! 기대됩니다!  
20171026,9,아이디어 톡톡 튀는 태국 영화. 기대가 커요!  
20171026,9,태국하면 공포영화가 떠오르는데 평이 워낙 좋아서 기대가 크네요~!  
20171026,10,시사회소문듣고왔어요 엄청 재밌다고 심장쫄깃!!  
20171026,10,완전 기대됩니다.꼭 볼래요  
20171026,10,독특한소재를 바탕으로 펼쳐지는 두뇌싸움의 이야기 완전 기대되네요~~^  
20171026,10,완전 스릴넘치는 시험 시간 기대됩니다^^  
20171026,10,기대됩니다 재밌게 볼게요  
20171026,10,태국영화고 미스테리라 정말 독특할 것 같아요!  
20171026,10,너무 기대됩니다. 많이들 보세요~  
20171026,10,:-) 너무너무너무 재밋어용  
20171026,9,예고내용만으로도너무기대가되는영화네요.  
20171026,9,과연 어떻게 헛점을 찌를것인가?  
20171026,9,멋진 영화 기대되네요 나쁘지만 다하고 싶은  일이 뭘까 요  
20171026,10,에고편이 너무 재밋어서 기대되요~~  
20171026,10,영화 너무 기대됩니다~~  
20171026,8,오랜만의 태국영화 기대되네요  
20171026,10,재밌을거같아요~~~!~!~!  
20171026,10,낯선 영화라고하기전에 로튼100이면 일단 보고보자...  
20171026,9,태국영화중 최고무비. 안보면 후회  
20171026,7,태국 영화 신선하네요 기대되요  
20171026,10,태국 흥행영화 너무 기대됩니다!  
20171026,10,완전 기대돼요! 두근두근!  
20171026,10,재미쎄다ㅏㅏㅏㅏ따아ㅏ  
20171026,10,기대기대기대됩니다여  
20171026,10,로튼 토마토 신선도 100%라니 역시 기대작이네요 ^^  
20171026,10,너무너무기대됩니다~~~^^  
20171026,10,정말로 기대됩니다. 태국 영화 좋아해요.  
20171026,8,획기적인 컨닝 프로젝트가 기대되네요.  
20171026,10,신선한 내용이라 기대하고 있습니다.  
20171026,8,손에 땀을 쥐는 영화라더라구요 너무 기대됩니다^^  
20171026,10,소재가 신선해서 기대됩니다!  
20171026,10,완전 기대됩니다!!!  
20171026,10,완전기대중인영화 실망하지않는영화가되길...  
20171026,9,어떤 영화인지 기대가 됩니다!!  신선한 영화였으면 좋겠어요~  
20171026,8,다양한 장르를 볼 수 있어 기대하고 있습니다.  
20171026,10,연기가 정말 대단하다더군요!  
20171026,9,로튼 점수만 믿고 갑니다독특한 영화라 기대 됩니다  
20171026,10,재미있어 보이는 태국영화발견게다가 스쿨무비라니 언제나 환영이지요천재소녀의 오엠알카드가 공유되면 어떤 일이 일어나는지 너무 궁금하고 저도 거기에 참여하고 싶습니다! 태국영화 화이팅! 한국영화화이팅! 11월 개봉날이 언능 오길 기대하고 있겠습니다!!!  
20171026,9,아시아권 영화로 공감갈만한 소재에 상당히 창의적이고 신선할 것 같습니다.  기대하보 있습니다.  
20171026,9,시사회 너무 기대되요!  
20171026,10,너무기대가됩니다요예고편이스릴이넘칩니다요재밌게보겠습니다요  
20171025,8,창의적 컨닝기술 제대로 들어감!! OMR카드 좀 칠해본 사람들은 감정 이입 100% ^^b  
20171025,10,"올해 개인적으로 영어도 아닌 한국어도 아닌 다른 언어 Best 10중 마지막 후보 겸 기대작,뭐 제작 국가 때문에 박스오피스를 좋지 않겠지만,개봉하면 바로 볼게요  "
20171024,10,꼭 보고 싶은 영화입니다.빨리 나왔으면 좋겠음  
20171024,10,입시위주의 교육 현실이 진짜 우리나라랑 똑같아서 소름 영화는 재미있고 긴장감 때문에 미치는줄  
20171024,9,"[시사회평]배우들의 표정 연기와 감정 전달력이 훌륭하다. 순수할수록 유혹에 약하고,악의 없이도 쉽게 타락하는 학생들을 보면서 씁쓸했다.초반이 좀 길고 약간 허술한 설정도 있지만 몰입도가 높고, 태국 영화의 독특한 연출,배경과 정서에서 신선함을 느꼈다.  "
20171024,1,이거 진심으로 보지마세요. 절대후회합니다!스토리도이상하고 너무허무하게 끝나네요...ㄷㄷ갓띵작! 머리가 띵할정도로 허무함을 주네요  
20171024,10,꾸르잼한번더봐야지!  
20171024,1,와...시사회보고왔는데 왜 스릴러물인지 이해가안됩니다. 2시간 가는걸 온몸으로 느낄수있었던영화. 1점도아깝습니다.  
20171024,10,신선한 소재라서 기대가 큰 영화입니다.^^  
20171024,9,잼있을것같아요 기대 되는 영화 입니다  
20171024,10,시사회 왓어요~ 기대됩니다잉~  
20171024,10,기대됩니다 배드지니어스  
20171024,10,시사회 보러왔는데 기대됩니다ㅎㅎ!!  
20171024,8,너무너무너무기대되요~~  
20171024,10,배드 지니어스 너무 기대돼요~♡  
20171024,10,시사회 보러 왓어요~정 말 기대되네요~!  
20171024,10,신선한 소재의영화라서 너무 기대됩니다재미있을것같아요~~  
20171024,10,빨리 보고싶습니다 너무 기대되네요  
20171024,10,너무 기대돼요 재미있을거같아요 파이팅~  
20171024,10,너무 기대되는 영화!!!  
20171024,10,좋은 영화 추천합니다. 너무 기대되네요 ㅎㅎ  
20171024,9,배드지니어스 아주 기대됩니다:)  
20171024,10,너무 재밌을거같아요 ㅎㅎㅎㅎ  
20171024,8,많이 기대됩니다. 태국 영화의 새로운 면을 볼 것 같아요.  
20171024,10,재밌겠다! 꼭 볼래요!  
20171024,10,너무너무 기대가 됩니다!!  
20171024,10,기대되어요.잘볼께요ㅎㅎ  
20171024,10,기대됩니당 엄청많이용  
20171024,9,올해 기대하는 작품입이다~  
20171024,8,기대하고 왔어용  완전 기대  
20171024,10,예고편 보고 왔는데 진짜 재미있을 것 같아요!  
20171024,8,기대중인 시사회왔어요!^^  
20171024,10,너무 기대 되는 영화입니다  
20171024,8,예고편보고 많이 기대했던 배드 지니어스! 시사회 보러 왔어요~  
20171024,10,재밌을거 같은데 추천하겠습니다  
20171024,10,태국계 케이퍼영화는 처음이라 기대됩니다  
20171024,8,남친이기대했던영화같이볼수있어넘기대되네요~재미있을거같아요~^^  
20171024,10,주위에서 재밌대서 기대되요^^  
20171024,10,건대 입구 시사회 왓는데 진짜 보고싶은 영화라서 그런지 엄청 기대되요 ㅎㅎ  
20171024,10,배드지니어스 실은 모라고 쓸지 몰르겠당  
20171024,10,심장두군두근배드지니어스시사회짱!  
20171024,10,재미있습니다! 여러분께 강추  
20171024,9,기대됩니다 특이하네요 :)  
20171024,8,영화 기대되요!!!~~~  
20171024,10,영화 기대되요~~~~  
20171024,10,예고편이 재밌어요!!  
20171024,10,넘 기대기대 잼있겠어용  
20171024,10,잘볼게요 ㅋㅋ 당첨도 되고 ㅋㅋ 후기도 재미있다고하니 보고 또 남길게요  
20171024,10,처음보는 태국영화. 재밌다던 소문있던데 기대 되네요.  
20171024,10,예고편보고 흥미롭고 재밌겠단 느낌 팍팍!  
20171024,10,기대만발이예요. 제3국 특히 감동적인 유투브영상 태국편 많이 봤는데... 잘볼께요  
20171024,10,소문듣고 왔습니다. 기대되네요!  
20171024,10,시사회 당첨되서 왔는데 너무 기대되요  
20171024,10,기대되는 영화입니다.  
20171024,8,영화가 매우 기대되네요~!!  
20171024,10,너무 기대되는 작품이고 내용에 흥미가 가네요 꼭 보고싶어요  
20171024,10,꿀잼 기대 예상합니다!!  
20171024,10,입소문이 좋아서먼곳에서 하는 시사회까지 왔습니다  
20171024,10,재밌다는 소리 들었어요 기대되요!!  
20171024,10,예고편보고 진짜 신선한 내용이다 생각했는데 기대됩니당!  
20171024,9,입소문에 시사회 왔어요. 새로운 소재의 영화라 기대됩니다.  
20171024,10,로튼토마토지수100%라 너무 기대하고있어요!!!!  
20171024,9,태국 영화 기대된다~~  
20171024,10,시사회 당첨됐습니다~ 정말 기대됩니다!!  
20171024,10,로튼토마토에 아시아박스1위라니 겁나 궁금 기대됩니다.  
20171024,10,개봉전 완전 기대 강추작품이에요!!!!완전 스릴짱이네요  
20171024,9,티비에서 소개해주는거 보고 시사회 보러 왔습니다~ 기대되요!  
20171024,9,재밌다고 많이해서 너무 기대되요!!!  
20171024,9,기대되요~!! 어떤 내용일까나~!!  
20171024,10,보고싶어요 재밌을 것 같아요!!!!  
20171024,10,아직 개봉하기 전에 시사회 기다리는 중입니다!! 집에서 예고편 완전 정복하고 왔어요 빨리 보고 싶다!!  
20171024,10,심쿵 쫄깃한 재미로 상영시간 130분을 가득 채울 수 있기를 기대합니다. 로튼 토마토 100% 믿어봅니다.  
20171024,8,입소문이 너무 자자해서ㅡ더ㅡ궁금.기대되는영화!오늘.그.소문을.만납니다!배드지니어스!  
20171021,10,완전히 색다른 영화입니다  
20171020,8,진짜 농담아니고 쫄깃하다... 간만에 심장 터지게 두근두근하는거 봐서 좋당!!! 태국영화 다시보게됨 + _+  
20171019,10,"시사회 보고 왔는데, 진짜 꿀잼탱.. 심장 쫄려 죽는줄... 여러분 진짜 뻥안치고 배드지니어스 하세요ㅠㅠ 두시간 후딱 ㅠ  "
20171018,9,오늘 건대 시사회 보고 왔습니다스릴러물인줄ㅋ 긴장감 좋고 중간중간 빵터지는 요소도 많아서 재밌게 봤어요 ㅋㅋㅋ태국영화는 공포물말곤 처음인데 다들 연기도 꽤 수준급이었던듯뇨 마지막으로 뱅크 역할 맡은분 누구 닮았는지... 좀처럼 생각이안나네요  
20171018,8,"압도적 강렬함이 우리를 휘어잡는다. 누구나 학생 시절이 있고, 가질 수 없는 것을 탐한 적이 있다. 그들의 컨닝은 나의 이야기가 되고, 그들의 범죄를 응원하며 잠시나마 일탈을 즐긴다. 탐하는 욕망은 인간이 절대 채울 수 없기에 다시 현실로 돌아온다.  "
20171018,8,우선 한국에서 쉽게 접할 수 없는 태국 영화란 점이 신선했어요.여주인공이 굉장히 인상적이네요. 어느 나라나 학교 성적과 대학을 가기위해선 물불 안가리네요. 전반적인 내용은 괜찮았습니다.  
20171018,10,시사회.봤는데완전재미있습니다.긴장감 최고결말.최고강추합니다.  
20171018,8,셤에 엄청 공감할? 상황이라 완전 기대중입니다.  
20171018,10,입소문이 너무 좋아서 기대됩니다!  
20171018,9,개봉전인데 너무 기대됩니다^^  
20171018,10,너무너무 기대되여 ㅎㅎㅎㅎ재밌을거같아요!  
20171018,10,기대됩니다~^^ 재밌을것 같아요  
20171018,10,건대 롯데시네마 시사회기대됩니다  
20171018,7,배드 지니어스 기대 됩니다  
20171018,10,원하는 대학은 내가 선택한다는 도전정신에 박수를!  
20171018,10,재밌겠어요정말로진짜  
20171018,9,기대ㅠ되여 얼른 보고 후기 ㄱㄱ  
20171018,10,너무 기대되요!! 배드지니어스 천재의 난!  
20171018,10,보는 내내 심장 쫄깃했어요 역대급 강추!  
20171018,4,재미있을듯 하다..허허..  
20171018,10,재밌을거 같네요 이번영화를 보고 다음시헌에서 도움이 되었으면  
20171018,9,잼있게 보인다 재많이 받으세요  
20171018,9,소재도 새롭고 재밌을 것 같아요~~  
20171018,10,배드지니어스 너뮤 기대됩니다~  
20171018,10,기대됩니다! 일단 포스터부터 귯!  
20171018,9,신선한 소재라 기대가 되는 작품이에요. ^^  
20171018,10,소재가 신선해서 기대되네요:)  
20171018,9,완전 기대됩니다 보러 갈게요  
20171018,10,완전 재미있어요 꼭 보세용  
20171018,8,기대됩니다.첫 태국영화네여  
20171018,10,기대됩니다 참신할것같아요  
20171018,10,정말 기다되는 영화에요  
20171018,8,예고편 보고 기대됩니다~~  
20171018,9,천재소녀의 시차를 이용한 재미난 소재 기대되네요  
20171018,10,재미있을거같아욬ㅋㅋ  
20171018,9,보고싶네요!!~~~^^  
20171018,9,넘 기대되네요.잼있겐어요  
20171018,8,배드지니어스 예고편만봐도 기대만땅~신선한 소재의 영화 기대됩니당!!!  
20171018,10,소재가 신선해서 너무 기대됩니다 그간 못본 소재라 완전 기대  
20171018,10,정말 재미있을꺼 같아요..  
20171018,10,너무너무 보고 싶어요~ 어서 보여줘용~  
20171018,10,시사회 넘 기대됩니다!  
20171018,10,평이 넘 좋은 영화라 넘넘 기대됩니다. 소재도 끌려요.ㅎㅎ  
20171018,10,자듬 시사회장안데 완전 기대됩니다!  
20171018,9,잼날것같아요 기대합니다  
20171018,9,로튼토마토 100 기대됩니다! 신선하고 흥미로운 소재!  
20171018,10,태국 영화 처음인데 재밌을거 같아요ㅎㅎ 신선한 소재라 더 기대되네여!  
20171018,10,스릴러라 정멀 기대되요  
20171018,10,소재가 신선해서기대됩니다!!  
20171018,10,기대작입니다. 흥미로운설정  
20171018,8,독특한 소재 기대돼요!  
20171018,10,이벤트 당첨되서  보러 왔어요. 재미 기대되네요~~^^  
20171018,9,오랜만에 태국영화네요..어떤 내용일지 예고편보니 기대됩니다..  
20171018,10,참신한 소재! 기대되요  
20171018,9,두근거리게 만드는 영화.. 기대해요  
20171018,7,천재소녀의 해킹 신선한소재라 더욱 기대됩니다  
20171018,10,나쁘지만 다 하고싶잖아?카피가 기대감을 끌어올리네요!  
20171018,10,기대되요 재밌을거같아요 ㅎ.ㅋ  
20171018,9,줄거리만 보고 재밌겠는데 했다가 영화소개 프로그램에서 보고 꼭봐야겠다고 맘먹었어요! 태국영화라 좀 낯설지만 기대돼요~~^^  
20171017,10,배드지니어스 재밌게 볼게요!!  
20171017,10,넘기대되요!재밌을것같아요~  
20171017,10,신선합니다 기대됩니다  
20171017,6,태국 영화 첨이에오..  
20171017,10,우와 재밌다 재밌어!!!!  
20171017,10,너무 기대되요 재밌을것같아요  
20171017,10,정말기대되요!!!!  
20171017,10,태국에서 흥행했던 영화라 기대됩니다 ㅎㅎ  
20171017,10,배드지니어스 재밌어요!  
20171017,10,재미있어보여요보러왔어요  
20171017,10,독특한 소재여서 재밌을거같아요~~  
20171017,10,Cgv에서 시사회보러왔어용 기대기대♥  
20171017,10,태국영화는 처음이라 기대됩니다!  
20171017,10,커닝으로 비즈니스?! 왜 난 그 생각 못했지  
20171017,10,ㅋㅋ 너무너무기대중입니다댑악♡♡♡  
20171017,9,에고편보니기대되네요  
20171017,10,기대되는 영화에요! 로튼 토마토 지수가 높아서 기대됩니다  
20171017,10,완전 기대돼요! ㅎㅎㅎㅎ  
20171017,9,기대됩니다! 신선할것같아요  
20171017,10,신선한 소재라 많이 기대 됩니당 ㅎㅎ  
20171017,10,흥미로울거같아요! 흥행하시길  
20171017,10,정말 기대되는 영화입니다  
20171017,10,시사회 보려고 학교 끝나고 뛰어왔어요너므 기대돼요!!!  
20171017,10,시사회로 보는데 너무 기대되요 태국영화라니  
20171017,10,헤이스트 장르라 기대됩니다.  
20171017,10,정말 기대되는 영화입니다  
20171017,10,과연 어떤 기발한 방법으로 커닝할지 매우 기대되는 영화에요! 어서 보고싶네요~  
20171017,10,기대되네요!!!...  
20171017,10,기대되네요 신선할것같아요!  
20171017,10,시사회 보러 왔어요 재밌을 것 같아요!!  
20171017,10,영화프로에서 예고 봣는데 넘 기대되요  
20171017,10,신선한소재 기대됩니다  
20171017,10,로튼토마토 신선도 100%에 결말이 궁금해 다른 영화를 물리치고 먼저 시사 관람왔네요~ㅎ 기대에 부응했음..^^  
20171017,10,현실적이면서도 색다른 소재의 작품이라 기대 만땅!!  
20171017,10,너무 기대돼요!!♥♥♥♥  
20171017,10,재미난 소재 기대중이요~  
20171017,10,영화정말기대됩니다^^  
20171017,10,토마토 지수 가 보여주듯 긴장감 넘치는 몰입감이 정말 기대됩니다  
20171017,9,시사회 보러 왔는데 정말 기대됩니다.  
20171017,10,너무기대되요 재밋을것같아요  
20171017,10,소재가 신선! 기대됩니다  
20171017,10,보고싶어서 보러왔습니다.  
20171017,9,토마토의 위엄이 강력. 설레이도다!  
20171017,10,재미있을꺼같아요! 기대되요  
20171017,10,예고편 봤는데 너무 기대됩니다!! 130분이 지루하지 않을 것 같아요!  
20171017,10,똑똑한 사람의 배드지니어스는 어떻게펼쳐질지 궁금합니다  
20171017,10,완전 기대되는 신선한 태국영화!!!  
20171017,10,벌써 기대돼요!설렌다 ㅎ  
20171017,10,대박! 재밌을 것 같아요!  
20171017,10,기대합니다. 기대한만큼 재밌었으면 좋겠네요~  
20171017,10,로튼 토마토 지수 100% 배드 지니어스 완전 기대됩니다  
20171017,10,스릴 넘치는 태국 케이퍼 무비라 신선한 느낌이고 정말 기대됩니다  
20171017,10,재밌을거같아요.기대됩니다^^  
20171017,9,신선하고 발칙한 영화 기대됩니다.!  
20171017,10,예고편 재밌어보여서 기대중입니다.  
20171017,10,독특한 소재라 기대됩니다.  
20171017,10,가끔 뜬금없이 태국영화가 포텐 터지던데ㅋㅋㅋㅋ  
20171017,10,태국 영화계도 장난 아니네요 우리나라도 이제 신선한 영화 나올때가 됐는데 ㅜㅜ  
20171011,10,개봉 전 시사회 통해 봤다. 로튼 토마토 100%인 이유 알 것 같다.  신선하다 신선해!!  
20171003,10,시사회로 봤는데 기대이상으로 잼썼음!! 극전개도 빠르고 긴장감있게 연출도 잘해서 늘어지는 부분도 없고 여튼 소재도 괜찮고 옹박말고는 태국영화를 몰랐던 내 자신에게 편견을 깨게해준 영화임ㅎㅎ  
20170929,10,한국에서 개봉한다고 해서 완전 기대중입니다!  
20170928,9,재미있을꺼같아요! 호호!  
20170928,10,배드지니어스 재밌어보여요 기대중이에요  
20170928,10,관람전 기대됩니다 ~ !!  
20170928,10,평이 넘 좋은 영화라 기대되는 영화예요 재밌었음 좋겠다^^  
20170928,10,기대되요! 짱짱짱 넘 보고퍼요  
20170928,10,스릴러라고 해서 기대됩니당!  
20170928,10,신선한 소재 기대돼요!  
20170928,10,정말 기대되는 영화입니다.  
20170928,10,국내외 호평 두루 받은 영화고 내용도 신선해서 기대가 됩니다!!  
20170928,10,완전 기대중 곧 시청해요 !!  
20170928,10,엄청 기대되는 영화에요!! 재밌을꺼같아용 ㅎㅎ  
20170928,8,로튼지수100왕기대해욥^^  
20170928,10,꿀잼보장한다는 그 영화ㅜㅜ너무기대되요!  
20170928,9,평이 좋아서 기대되어요..  
20170928,10,보러 왔습니다~ 기대중  
20170928,10,기대되는영화에용ㅎㅎ  
20170928,9,기대가 되는 영화에요.  
20170928,8,신선하고 발칙한 영화 기대됩니다.!  
20170928,10,배드 지니어스 소재도 좋고 무척 기대됩니다!  
20170928,9,완전 기대되는 영화예요!!!  
20170928,10,곧 보는데 너무너무 기대되요!!  
20170928,10,빨리 보고 싶네요...  
20170928,10,시사회 정말 기대하고 있습니다!어떤 스릴이 펼쳐질지 궁금하네요! :-)  
20170928,10,너무 기대됩니다!!!  
20170928,10,예고편보고 시사회 보러왔어요. 기대됩니다  
20170928,10,티저 영상보고 기대하고있어영~  
20170928,10,배드 지니어스 하반기 최고의 기대작입니다!^^  
20170928,10,시험 부정행위 영화라니! 리얼 세계에선 따라하면 아니아니 아니되오! ㅎㅎ  
20170928,10,태국에서 건너온 문제작! 정말 기대됩니다!  
20170928,9,기대되는 작품 입니다 잘볼게요  
20170928,10,재밌겠다! 궁금해요!!!  
20170928,8,예고편 연출이 상당히 세련되보여서 기대됩니다  
20170928,10,배드지니어스 보고 싶었어요  
20170928,10,정말 기대됩니다. 전부터 기대했는데 이제 보네요  
20170928,5,티저영상봤는데 기대되요!  
20170928,10,보고싶어요!!!..  
20170928,10,와우 정말로 기대됩니다!  
20170928,10,내용 재밌어보여요 기대됩니다  
20170928,10,보고싶어용이런거좋다는요  
20170928,10,기대돼요! 시사회보러왔어요  
20170928,9,재밋을거 같아요 기대됩니다  
20170928,10,로튼토마토 100점이라 기대 중  
20170928,10,간만의 태국영화 재밌게 보겟습니다.  
20170928,9,평이 좋아 기대하는 영화에요~^^  
20170928,9,흥미로운 주제네요. 재미있게 볼게요  
20170928,10,재밌을것같아요 기대되네요  
20170928,10,예고편을 보니  꼭 봐야겠어요.  
20170928,10,완전 기대중!! 얼마나 탄탄한 트릭일지 벌써부터 기대되네요 +_+  
20170928,8,기대되는 작품!지니어스한 재치 기대되요  
20170928,7,천재소녀의 놀라운 미션!^^  
20170928,10,예고편 보고 기대치 상승중재밌을것 같아요  
20170928,10,기대만발... 태국 스릴러 생소하긴한데  예고편보고 완전 기대된다는~^^&  
20170928,10,로튼지수 100 너무너무 기대됩니다!!!  
20170928,10,기대 됩니다 ㅎㅎㅎㅎ  
20170928,10,완전 초기대됩니다 ㅎㅎ  
20170928,10,티저보고 기대중입니다.  
20170928,10,벌써부터 기대되는 영화에요! 해외평이 좋아서 기대되네요!  
20170928,8,올해의 미친 영화라고 해서 대박재미 기대합니다.  
20170928,9,해외에서 극찬한 영화라서 너무 기대되네요 ^^  
20170925,10,로튼 100프로 라니??? 오랜만에 신박한 영화인거 같아서 겁나기대!  
20170922,10,티저 영상보고 완전 기대중!  
20170921,10,재밌다고 소문난 그 영화... 한국에서 개봉하다니ㅠㅠㅠ  
20170920,10,로튼100%? 실화냐! 포스터 보니 뭔가 잼있을 삘ㅎㅎ  
20170817,10,보지 말고 들으세요. 음향이 참 좋습니다.  
