0,1,2
20171220,10,에버랜에서 4D로 체험했었는데 짧게추렸지만 재밌더라구요~극장판으로 볼수있다니 아이들이 너무좋아하겠어요~~^^빨리보구싶네요~  
20171220,10,낼 아침에 아들랭 델꼬 보러갑니당~^0^  
20171220,10,엄마가 보기에도 나쁘지않아요 아이들은 되게 좋아하네요  
20171220,10,연말에 영화들이 많이 개봉하지만 엄마가 되니 애니메이션 먼저 찾아보게 되네요  
20171220,10,어머 슈퍼배드 제작진이라뇨ㅎㅎㅎ  
20171220,10,컬투 무대인사 시사회로 아이들과 보고 왔어요. 아이들 눈높이에는 잘맞는것 같아요. 이런건 아이들이 좋아하니까 엄마들이 쫌 고생해야죠^^  
20171220,10,엇 ㅎㅎ 우리 딸이 잼나게 봤던건데~^^  
20171220,10,연말에 자녀 둔 가족들에게 추천드립니다~  
20171220,10,아이들이 좋아할것 같네요  
20171220,10,크리스마스에 데리고 가서 봐야겠네여^^  
20171220,10,애들이랑 보려하는데 기대되네요~ㅎㅎ  
20171220,10,크리스마스에 보기 딱 좋은 것 같아요! 기대됩니다  
20171220,10,보고싶어서 개봉날 바로 예매햇어여~~~얼른 보고싶아여 ㅎㅎㅎ  
20171220,10,제가 더 잼나게 봤네요. 시사회 초대해주셔서 감사합니다.  
20171220,10,동생이 완전 기다리고 있음 ㅠㅠㅠㅠ 애기들 친구들이랑 본다고 하길래 예매해줌ㅋㅋㅋ  
20171220,1,몬스터 호텔 짝퉁 아니야?  
20171220,10,애들이 좋아할 거 같아요!!ㅋ  
20171219,5,몬스터 호텔 짝퉁 아니야?  
20171218,9,아이들과 크리스마스에 맞춰 보러갈거예요^^  
20171218,9,꼬맹이들 좋아하겠군~~~!  
20171217,10,몬스터호텔을 아들들과 너무너무 재미있게 봐서 그런지 몬스터패밀리도 기대만점입니다!!개봉일이 기다려줘요~  
20171216,10,기대되네요.. 이번 방학은 몬스터 패밀리로 시작!  
20171216,8,가족들이랑 보기 좋아요~  
20171216,10,온가족이 볼수 있는  감동있는 영화^^  
20171216,10,재미있게 잘 봤어요 아이가 즐거워 해서 좋았습니다~~  
20171216,10,아이들하고 넘넘 재미있게 잘봤습니다  
20171216,10,아이들하고 너무 재미있게 봤어요  
20171216,10,아이와함께 재밋게 봤어요  
20171216,10,엄청  너무  재밌어요. 꼭보세요  
20171216,9,어른이랑 봐도 재미있어요~^^  
20171216,10,가족이 협동해서 몬스터에서  다시 원래  가족으로 돌아온것이 재밌었어요  
20171216,10,아이들이 엄청 재밌었다네요^^  
20171216,10,아이가좋아해요보세요  
20171216,10,볼래요.아이가좋아하네요  
20171216,10,페이가 가장 좋았어요.  
20171216,9,아이들과 보기 좋네요~~  
20171216,10,아이들이 보기 너무 좋았습니다~  
20171216,10,어른이 보기에도 지루하지않아요 재밌어요~  
20171216,10,21세기 최고의 감동!  
20171216,10,아이가 너무너무 좋아하네요 굿  
20171216,9,너무 기대가 되는군요~  
20171216,9,아이와함께즐거운시간  
20171216,10,겨울방학 아이들과 함께보기 좋은 영화에요  
20171216,10,내가 학생때도 재미있게 보던 몬스터시리즈를 아들과 함께 보니 너무 재미있네요 올겨울강추요!!!!  
20171216,10,아이들과 보는내내 배꼽 빠지는줄알았어요^^  
20171216,10,"슈퍼배드 제작진이 만들었군요!! 슈퍼배드, 몬스터호텔, 미니언즈 등 아들이 좋아하는 영화들인데, 이번 몬스터패밀리도 정말 기대됩니다♡에버랜드 4D관에서 잠깐 만났을때도 캐릭터 모두 매력넘쳤는데~영화로 즐길 수 있게 되었네요^^  "
20171213,10,오늘 9살 6살딸아이와 시사회다녀왔어요저희 3살타울인데도 무지싸우는데 이번영화로 가족의 사랑 그리움을 많이 배웠네요^^컬투 두분도 뵈서 너무좋았고 두분의 목소리로 더빙찾기 은근 재미났어요^^  
20171212,1,"알바들 ㄹㅇ루다가 실존하잖어 ㄷㄷ, 딱봐도 소니 몬스터호텔 표절에 연예인 더빙 콤보구만, 이걸 물고빨네.  "
20171212,10,너무 잼있겠어요.아이들과 보러 가야겠네요~특히 좋아하는분들의 목소리를 들을수 있어 더~잼있겠네요♡  
20171212,10,시사회로 봤는데 그래픽과 스토리 퀄리티가 높네요한번 더보고 싶어요  
20171212,10,너무 신나고 가족의소중함을 느꼈어요~^^  
20171212,10,연말 가족 영화로 추천^^재미도 짱^^  
20171212,10,아이들과 신나게 웃고 감동도 있었어요^^  
20171212,10,몬스터패밀리  재미있었어요가족과함께 볼 수 있는 따뜻한 영화였어요  
20171212,10,즐겁고 가슴찡한 영화에요 컬투라서 더재밌었어요  
20171212,7,가족들과 보기 넘 잼나용~ 방학때 방학때 보기 좋네용~^^  
20171212,10,완전이 재미있어요~ 아이들과 연말에 가족의 사랑윽 느낄수 있을거 같네요  
20171212,10,너무 재밌게봤어요 ㅎㅎ 또보고싶데요~~  
20171212,10,가족의 대해 생각해볼 수 있는 내용인 거 같다.  
20171212,8,재미있어요~~가족의 소중함을 느꼈어요  
20171212,10,아이들이 너무 너무 재미있대요~~  
20171212,10,"정말 재미있었고 가족,친구와 함께 봐도 정말 재미있을거 같아요^^  "
20171212,10,재밌었어요. ㄱ더보고싶어요  굿!  
20171212,8,아이와함께 즐거운 영화 관람 너무 좋았어요!연말 훈훈한 가족 영회~~♡♡  
20171212,8,가족이야기가 따뜻하네요  
20171212,10,아이와 즐겁게 관람했습니다.  
20171212,10,가족들이 보기에 넘 재미있는 영화예요!  
20171212,10,가족의소중함을 느낄수있었던 시간이었습니다 가족이최고다  
20171212,9,아들과 관람했어여 가족과 함께보면 진한감동을 받을수있을꺼같아요  
20171212,10,재밌어용 가족영화로 추천합니다^^  
20171212,10,가족의 관심과 사랑이 다시 한번 느껴지는 영화였어요.^^  
20171212,10,아이와 재밌게 볼수 있어요. 강추해용.  
20171212,10,너무너무  재미있어요~~~~  
20171212,10,아이들이랑 재미나게 봤어요  
20171212,9,너무너무재미있게봤어요  
20171212,10,연말에 가족들과 즐겁게 볼수있는 영화네요^^  
20171212,9,가족이더소중해지는영화  
20171212,10,너무 재미있고 유쾌했어요~  
20171212,10,겨울방학때 아이들과 같이 보면 좋을거 같아요..재미있어요..  
20171212,8,가족은 사랑입니다..아이들과 보세요.  
20171212,9,몬스터패밀리 넘~ 재미있었어요!^^  
20171212,10,아이가 너무 재미있어 한 ~~^^  시사회 보고 완전 빵터졌어요~~  겨울방학 선물로 너무 좋은 영화였어요^^  
20171212,10,드라큐라와 즐거운시간이었어요  
20171212,10,너무 재밌게 보았어요 추천합니다 가족중에 아빠가 너무 재미있네요^^  
20171212,10,아가들과 엄마가 함께 보면따뜻해지는  
20171212,10,가족나들이용으로 좋아요  
20171212,7,아이들이 보기 좋은 영화인거 같아요 재밌었어요!  
20171212,10,겁나게 재미나부러요~컬투 더빙도 재미나불고~~^^뱀파이어 하우스 볼거리도 풍성했던 가족의 사랑을 느끼게 해 준 영화입니다~  
20171212,7,가족들이 하는 행동이 엄청 현실적이네요.꼭 어린이보다 엄마가 타켓인가 싶어요ㅎ 만화니까 감정선 이런건 포기하고 영상효과는 애들은 재밌게 보겠어요  
20171212,9,가족영화로 끈끈하네요  
20171212,8,가족이랑 보기 정말 좋은 영화같아요!!^^  
20171212,10,멋진 드라큘라 의 실체 충격적이네요  잘 생겨서 호감갔는데 ㅋ  
20171212,10,흥미진진 올 겨울 가족영화로 최고예요^^  
20171212,10,가족의 사랑만큼 뜨거운건 없더라  
20171212,6,영상미가 돋보이는 영화네요가족영화기는 하지만 현실 반영 많이 되어있어서 아이보다는 어른이 봐야하는 작품인듯해요  
20171212,10,아이랑 정말 재미있게 봤어요.  
20171212,10,역시 몬스터입니다.지루할 틈 없이 달렸네요!몬스터패밀리 화이팅!  
20171212,10,또 보고싶어요 방학에 또 볼께요  
20171212,10,아이가 너무 좋아해요!!>_<나중에 조카들이랑도 보러와야징!!  
20171212,10,늑대 인간이 너무 귀엽고 좋았아요~  
20171212,10,스릴 넘치고 세계 곳곳을 자유 로이 날어다니는 뱀파이어 한번줌은 되고싶은 기분 느끼게 해줘요  
20171212,10,역시 슈퍼패드 제작진이 만든건 재밌네요  
20171212,9,재밌게 봤습니다 드라큘라 잘생김  
20171212,10,가족 이야기가 재미있었어요  
20171212,9,재밌어요~  가족이랑 보면 좋을듯~~  
20171212,8,가족의 소중함을 느낄수있었어요  
20171212,10,아이들과 어른이 함께볼수있는 영화에요  
20171212,9,크리스마스에 가족들과 보기 좋른 영화네요^^  
20171212,10,가족영화로 추천합니다. 스토리짱 좋아요  
20171212,10,기대되는 작품 컬투의 연기도 기대 됩니다^^  
20171212,10,가족들이 다시 평화와 행복을 찾아서 다행입니다.못만날까봐 어찌나 조마조마 했는지..영화에서 확인하세요~~짱짱 재미 있습니다  
20171212,10,진짜 몰입도도 좋고 재밌어요^^!!  
20171212,10,조카랑 넘잼있게즐겁게 봤어용~~~  
20171212,10,완전 새동감 있고  반전이 많아 재미 있었어요~^^  
20171212,10,아이들과 재밌게봤어요 ~꼭 보러가세요~산타보다 몬스터^^♡  
20171212,10,재밌게잘봤어요 조카랑또볼래어  
20171212,10,조카랑 재미있게봤습니다.^^  
20171212,10,완전재밌어요.어른도 아이도 즐길수있는영화네요  
20171212,10,재미있어요아기가 좋아하네요...ㅋㅋ  
20171212,9,아이들과 재미있게 볼수있는 영화에요..가족이 함께  볼수있어요~재미있어요.재미있어요.  
20171212,10,아이가 완전 좋아하네요.오랜만에 아이와 즐거운시간 보냈습니다  
20171212,10,컬투 목소리로 들으니까 너무 재미있었어요.   가족끼리 보기 너무 좋은 영화네요~  
20171212,10,기대반 설렘반 하며 즐겁게 봤답니다~~  
20171212,10,정말 재밌게 봤습니다. 엠마 가족 멋져요!  
20171212,10,강추~ 엄청 재미있네요< 아이들이 조아해용^^  
20171212,8,아이들이 재미나게 봤다고하네요~~  
20171212,10,캐릭터도 익살맞고 재미나게 잘 봤어요~^^  
20171212,10,아이와보기 좋네요 너무재밌어요  
20171212,9,가족과 행복이란 단어가 생각나게 하는군요  
20171212,8,가족과 함께라면 두려울게 없다는 교훈을 줘서 아이들과 함께 보기 좋은 가족 영화네요!!  
20171212,9,가족은 짱입니다~^^  
20171212,10,가족을 깊게 생각하는 영화여요온가족이 ㅂㅎ기 딱 좋은 영화~~~강추  
20171212,10,너무 재밌게봤어요..역시 가족의 힘은  
20171212,10,몬스터패밀리 넘넘 재미있어요^^가족영화로 강추♥  
20171212,10,컬투의 목소리가 너무 재밌었어요. 강추  
20171212,10,몬스터패밀리 너무너무 재밌어요^^겨울방학 추천영화! 왕! 짱! 추천합니다.아이들과  엄마인 저도 너무 즐겁게  봤네요.  
20171212,10,시사회 너무 재미있게 잘봤습니다~~^^  
20171212,10,역시 기대를 저버리지않네요..다섯살 딸아이도 잼나게 보았어요~~  
20171212,10,완전 재미있어요.가족들과 함께보면 너무 좋은 영화네요.  
20171212,10,아이들과 함께 보기 좋은 가족 영화입니다!추천합니다  
20171212,10,가족의 사랑까지 다루었네요 재미있어요  
20171212,10,너무  재밌게 잘 봤어요..  
20171212,10,가족들이 모두 몬스터로? 흥미진진한 영화~ 너무 재미있어서 개봉하면 또 보러올꺼예요~ ㅎㅎㅎ  
20171212,9,컬투의 더빕도 재미있고가족의 소중함과 사랑을 느낄수 있어요.  
20171212,10,아이들과 정말 재미있게 봤어요~~ 가족의 소중함을 다시 한번 알게 해주는 행복한 영화였습니다 ^^  
20171212,10,아이가 너무 즐거워 하면서 보았고 보기전 몬스터들과 사진도 찍고 즐거운 시사회였습니다~^^  
20171212,10,컬투의재미난목소리까지 함께하니 더신나는영화네요~지루할틈없이신나게잘봤습니다^^강추  
20171212,10,시사회 같다왔는데 너무너무 재미있었어요^^ 몬스터 패밀리2도 나왔으면 좋겠어요^^  
20171212,10,시사회 갓다 왓는데 넘 잼 잇어요ㅎㅎ 컬투 더빙으로 더욱 잼잇어졋어요ㅎ  
20171212,9,10살 막내동생과 함께봤어요ㅋ 웃음과 감동이 가득한 몬스터패밀리♡ 크리스마스는 몬스터패밀리와 함께♡♡♡  
20171212,9,엠마의 가족사랑이 돋보였어요  
20171212,10,고퀄리티애니메이션 ~ 겨울방학이 즐거울거예여. 가족의의미도 좋궁~  
20171212,10,아이들과 봤는데 역시 컬투더빙~~몬스터시리즈중에 빠지지 않네요~재미있고 가족애를 알 수 있는 영화네요  
20171212,10,아이들이 너무 재밌게 봤어요그림도 더빙도 최고네요^^  
20171212,9,겨울에 아이들와 볼 수 있는 재밌는 영화에요~ 강추  
20171212,10,아이가 너무 좋아하네요..크리스마스에 딱입니다  
20171212,10,애들이 미리 들떠있어요~  
20171212,10,아이들이 좋아할것 같아요  
20171212,10,기대하고 있어요개봉하면 꼬옥 볼게용~~  
20171212,10,몬스터패밀리 넘 기대되네요. 빨리개봉했으면 좋겠어요~~~  
20171212,9,우리 둥이들 몬스터 나오는 애니메이션 빼놓지 않고 봤는데 이번에도 놓지지 않고 꼭 보러 왔네요~~몬스터들 패밀리로 뭉쳐서 어떤이야기가 펼칠지 기대 되네요~~^^  
20171212,10,아들둘과 예고편만 보고도 보자고 졸라대서 보로왔오요~~~완전기대합니다♥  
20171212,10,꺄올~~~몬스터패밀리  잼나요  
20171212,8,몬스터 패밀리~가족들과 즐겁게 봤어요~  
20171212,10,우리 애들과 즐거운 시간이었어요~~몬스터패밀리 대박나세요~  
20171212,9,남녀 노소 가리지않고 즐겁게 볼수있을꺼같아요??  
20171212,10,정말 재미있어요 아이와 꼭 보세요  
20171212,10,아이들과 재미있게 봤어요  
20171212,9,몬스터 패밀리 아이들이 모두 좋아하죠~우리 아이들도 너무 좋아해요~ㅋ즐겁게 잘봤네요~^^  
20171212,9,고독한 드라큘라의 수상한 프로젝트~~인간일때보다 더 짜릿한 몬스터 생활은 어떨지~겨울방학을 몬스터패밀리 영화로 시작합니다~  
20171212,10,아이들이 넘 재밌다네요~~  
20171212,10,아이와 어른이 같이 보기에도 재미있었어요.컬투아저씨? 들도 뵙고.. ㅋㅋ지금까지 본 애니메이션이랑은 색다른 재미가 있네요~개봉하면 한번 더 볼까봐요~  
20171212,9,아이와 가족사랑을 느끼게끔 알게해준 영화입니다^^재밌어요  
20171212,9,몬스터좋아하는 우리 아이에게 즐겁게 보면서 힐링할수있는 영화인거같아요  강추  
20171212,10,"두근두근 컬투삼촌들이 오셔서 더 좋았어요 몬스터호텔,몬스터패밀리까지 다 잼나게 봤어요  "
20171212,8,"아이가 할로윈파티를 경험하고는 그이후부터 유령,드라큐라,미라,프랑켄슈타인 등에 관심이 많아 이번 영화 기대 많이 했는데 기대이상으로 재밌었어요.특히 컬투가 직접 무대인사도 해서 더더욱 기억에 남는 영화가 되었답니다^^  "
20171212,10,너무너무재미있어요~  아이들과 함께 봤는데 어른도 아이도 모두에게 굿굿  
20171212,10,네 가족이 몬스터가 된 후 좌충우돌 모험이 너무 재밌어요  
20171212,10,정말 재미있습니다 강추할께요~^^  
20171212,10,애니메이션. 몬스터패밀리 너무나 재미있었어요.최고입니다. 다시보고싶은 몬스터패밀리  
20171212,10,너무너무 재밌게 봤습니다. 아이들도 좋아했어요♡ 연말 크리스마스 몬스터패밀리와 함께!  
20171212,10,아이들과 즐거운시간 보냈어요?잼있어요  
20171212,10,12월에 몬스터패밀리를 아이와 함께 봐서 넘 좋아요. 컬트 넘 좋은데 직접 봐서 넘 좋고 목소리까지 들으니 더 좋네요.  
20171212,10,지금 보러왔어요. 너무 기대되요!!!!컬투의 더빙까지  
20171212,10,겨울방학에 보기 좋은 애니메이션일것 같아 기대됩니다  
20171212,8,몬스터 패밀리~아들과 딸과 보았습니다^^컬투의 목소리 굳입니다~!!!  
20171212,10,벌써부터 너무너무 기대되는 영화네요매번 시리즈별로 잘보고 있습니다^--^항상응원합니다!!!  
20171212,10,아이와 즐겁게 볼 수 있는 영화입니다  
20171212,10,올해마지막날 사랑하는 딸과좋은추억을 제공해주셔서 캄사드립니다.♡  
20171212,10,12월21일 산타보다 몬스터 보러오세요잼남욧  
20171212,10,몬스터패밀리  초등 울아들  넘재미있게 봣어요   왕 추천합니다  
20171212,10,몬스터패밀리!기대 만땅이에욧!!^^  
20171212,10,크리스마스는 몬스터패밀리와 함께하면 더할나위 없는 선물이 될 것 같아요^^  
20171212,10,아이들과 즐겁게 봤습니다♡♡♡  
20171212,10,몬스터이야기는 사랑입니다♡ 너무 재밌어요!!!  
20171212,10,컬투의 무대인사까지 대봑~~~^^ 어른이 더 잼나는것같아요~~^^  
20171212,10,재미있어서 아이가 좋아했어요.정말 좋은 선물이 된것같아요.^-^~♥  
20171212,10,몬스터패밀리 아이들과 기대 가득안고왔어요 ㅎㅎ 몬스터들의 재밌는이야기 궁금해요^^* 아이들과 즐거운 시간보내고싶어요~~  
20171210,10,저희 딸이 우리가족을 보는듯 재미와 감동까지 굿 추천합니다.  
20171209,8,크리스마스와 어울리는 영화에요.  
20171209,9,겨울에 애들하고 보기 좋을 것 같네요  
20171209,10,아주 기대됩니다 몬스터시리즈 좋아하거든요  
20171209,10,재밌을거같아요보고파요  
20171209,10,가족애가 느껴지는 감동적인 영화네요~온 가족이 보시면 좋을 것 같아요  
20171209,10,가족들과 꼭 다시 볼래요  
20171209,10,시사회 봤어요^^  태균아찌 목소리 재밋었네요^^  
20171209,10,배리배리배리 재미있었어요.♡  
20171209,9,재맜어요 볼만합나다 즐거워요  
20171209,10,아이들과긴시간이였는데요..잼나게보았네요. 오른들도 잼나네여  
20171209,10,흥미진진 아이들하고 같이보세요  
20171209,10,아이들과 재미있게 너무잘봤어요  
20171209,10,가족의 사랑을 느낄 수 있는 영화였어요:)  
20171209,9,가족사랑을 느끼며 아이들과 재미나게 볼수있는 영화예요 크리스마스에 강추  
20171209,9,우리가족의사랑이담겨있어좋았어요  
20171209,10,몬패짱짱 재밌었어오ㅡ  
20171209,10,완전 공감가는 이야기~진정한 가족영화네요~연말 가족영화로 추천합니다~  
20171209,9,아이들이 엄청 기다리는 영화예요  
20171209,10,너무 재미있었어요가족간에 사랑을 느낄수있어요  
20171209,10,넘 재미났어요  가족영화로 추천  
20171209,10,가족들과 연말에보기에 좋은영화네요  
20171209,8,아이들과 재밌게 잘봤어요~^^  
20171209,10,곧방학이니.아이들과 함께볼만해요~  
20171209,10,가족끼리 보면 너무 좋은 영화에요^^  
20171209,10,가족과 함께 볼수 있는 영화라 너무 좋았어여...재미도 있구요  
20171209,10,아들이랑 너무 재미있게봤어용♡♡  
20171209,10,캐릭터도 귀엽고 재밌어요  
20171209,10,가족의 사랑을 다시 한번 생각해 볼 수 있는 감동적인 영화~넘 재미있어요~  
20171209,7,가족과 재미있게 봤어요~~~  
20171209,10,크리스마스때 패밀리가 볼 영화로 강력 추천해요잼나요  
20171209,10,우와~~몬패 너무 즐거웠어요. 언제나 사랑은 위대하다~!! 컬투의 목소리 최고인듯요.  집사와 플라잉요가 고수 아줌마~~!! 최고의 더빙이었답니다. 벌받게 되는 드라큘라~~~  최신 캡슐식사도 멋지더라고요.볼거리 많은 희망찬 영화 인정!!!  
20171209,10,유쾌하게 지루하지않게 볼수있었어요^^ 가족사랑 넘치게 느낄수있었네요! 가족영화로 추천요!  
20171209,10,아이가 너무 재미있게 잘 봤어요.  
20171209,8,조금 큰 아이랑 보기 좋을것 같아요.  
20171209,9,가족끼리 보기 참 좋은 영화. 가족의 소중함을 깨닿게 해주는..  
20171209,9,크리스마스에 가족과 함께 재밌게 볼수 있을것 같아요~^^  
20171209,10,몬스터패밀리가 사랑으로 헤쳐나가는 이야기 정말 재밌네요~♡  
20171209,9,아이들이재미있게잘보았어요  
20171209,9,기대되는 작품이네여!!!!재밌겠어요  
20171209,8,컬투가있어서 보고싶은영화에요  
20171209,9,아이와 즐거운 시간을 볼수잇게 해줘 넘 고마워요가족의 고마움을 느끼게 해주는 영화네요맘이 따뜻해져요~~  
20171209,10,몬스터패밀리 너무 재미있어요  
20171209,10,크리스마스 가족과 함께 즐길 수 있는코믹하면서도 감동적인 영화입니다.  
20171209,9,가족의 소중함을 느끼게 하는 애니메이션이네요^^  
20171209,10,재미 있어요 가족영화최고  
20171209,9,아이들이 즐겁게 보내요^^  
20171209,10,아이가 보는 내내 하하하 웃으며 참 재미나게 보았네요  
20171209,8,아이들이 너무 좋아했어요~~~^^  
20171209,9,아이와 즐겁게 보았네요~  
20171209,10,가족의 사랑을 느끼게해주는 영화네요~~^^ 올겨울 몬스터패밀리와 함께 따뜻한 사랑 키워보면 좋겠어요^^  
20171209,9,아이랑 재미있게 봣어요~^^가족이 합지는 모습 멋잏멌어요  
20171209,8,가족과함께보기좋아요^^  
20171209,8,따뜻한 가족여호네요~~  
20171209,10,가족의 의미를 생각하는 재밌고 의미있는 영화였어요~~^^  
20171209,8,어른들이 봐도 잼 나네요  
20171209,9,가족들의 사랑을 느낄수있는 영화였어요.  강추합니다  
20171209,10,가족의 소중함을 느끼게 하는 유익한 영화  
20171209,10,가족을사랑해야겠다고느꼈어요♡  
20171209,9,가족들과 보기 좋은 영화에요 추천합니다  
20171209,10,아이들과 즐겁게 보기 좋아요재미있습니다~~^^  
20171209,9,가족끼리 보기 너무 좋은 영화~~웃음과 감동이 있어요~^^  
20171209,9,아이가 너무재밌게보네요~~ 재밌었네요  
20171209,10,가족의 소중함을 일깨우는 영화예요~재밌어요!  
20171209,10,재미있게 봤네요   좋은내용감사합니다  
20171209,9,시사회에 와서 재미게 봤네요. 아이들이 꺄르르 꺄르르~ 가족의 소중함까지 알수있는 영화에요~  
20171209,9,아이들도 지루해 하지않고 너무좋아해쇼  
20171209,10,가족의 소중함을 느낄수 있는 최고의 애니~^^  
20171209,10,재밌게 잘봤어요.^^  
20171209,10,재미있게 잘 봤어요.아이가 좋아합니자  
20171209,10,너무 잼났습니다. 추천할꺼예요.  
20171209,9,오랜만에 가족끼리 보기 넘좋은 영화에요  
20171209,10,너무 좋아요다시 보고싶어요~~~  
20171209,10,아이들이 너무좋아하네여^^  
20171209,10,컬투의 각양각색 목소리로 재미있게~또  사춘기로 힘든 아이도 .보기 좋은가족을 위한 영화네요~  
20171209,10,스릴만점 가족영화로 겨울방학 고우고우?  
20171209,10,너무 재미있어요 ^^ 강력추천요^^  
20171209,9,좋아요‥좋아요‥ 좋아요  
20171209,10,귀여운 몬스터패밀리 넘잼나요  
20171209,10,아이들은 물론 같이보는 부모들도 재밌게 볼수있는 가족영화여서 좋아요  
20171209,9,시사회 아이들과 잼나게  봤습니다^^~~가족의 소중함을 알게해주는것 같아요~  
20171209,10,너무너무 재미나게 잘 봤어요 대박 날거같아요  
20171209,10,아이들과 재미있게 보았어요 가족애도 느낄 수 있고 좋네요  
20171209,10,가족간에 서로 사랑을 느낄 수 있는영화였다서로에게 상처주는 말은 하지말고 사랑을 표현해보자  
20171209,8,아이들과 함께 보기 재미있어요  
20171209,10,넘 재미있어요 아이들과함께보러오세요  
20171209,10,너무 재미있어요.강추합니다  
20171209,10,가족끼리 깔깔웃으며봤어요재밌네요  
20171209,10,끝내줘요 또보고싶습니다  
20171209,8,가족과 함께 보기에 너무 좋아요.즐겁게 봤어요.  
20171209,10,너무재미있어요!!강추해요가족애니로 좋아요  
20171209,10,가족들과 재미있게 잘 봤어요  
20171209,10,완전 잼나네요~~~ 아이들이 엄첨잼나게 봤어요. 개봉하면 아들도 보여줘야겠네요~~  
20171209,10,아이들과 보기에도 어른이 보기에도 재미있어요^^컬투 목소리도 나와서 친근감 있고 ㅋㅋ 슈퍼배드 제작진이라 확실히 다르네요~ 지금까지 본 애니메이션이랑은 색다른 재미가 있네요~ 개봉하면 한번 더 볼래요  
20171209,10,재미있게 잘 봤어요. 개봉하면 또 볼래요  
20171209,8,아이들이 너무 재밌어하네요 꼭 보여주세요~~^^  
20171209,10,몬스터패밀리를 보고 가족의 소중함을 다시 한번 느끼고정말 재밌었어요  
20171209,10,주인공들 모두 개성있네요! 정말 재미있었어요!!!  
20171209,10,"남녀노소,아이어른 모두 함께 재미있게 볼 수 있는 영화네요~ 100분 동안 너무 재미있게 봤어요~강력추천!  "
20171209,10, 12월  가족모두 보기좋네요 컬두의 더빙도 한몫하구요 추천합니다  
20171209,10,가족의 소중함을 느낄 수 있는 무서운 이야기~^^재밌었어요.  
20171209,10,자존감과 가족의 소중함을 전하면서도 재미도 놓치지 않는 영화이네요~  
20171209,10,가족들의 따뜻한 화합도 볼 수 있고 스릴도 넘치네요  
20171209,10,아이들과 가족들 모두 즐겨볼수있는 영화에요  
20171209,10,가족의 소중함을 느낄수있는 영화에요~ 너무 재밌어요~~  
20171209,10,아이와 재미나게 볼 영화예요 더빙 ㅋㅋㅋ 잼나요  
20171209,9,가족의소중함도 느낄수있었구요내용도 넘 잼나네요또보고싶어요  
20171209,10,가족애를느끼는 몬스터가족이야기쟁나다  
20171209,7,아이와 보는데 지루하디 않고 넘 재밌게 봤어요.  
20171209,10,몬스터 패밀리♡ 가족의 소중함을 알게해준 애니매이션~ 너무 재미나요^^ 재미나게 잘 봤답니다~  
20171209,10,잼나게잘보았어요가족간의 사랑에대해 볼수있어좋았어요  
20171209,10,몬스터로 변한 가족들~~  가족의 소중함을 한번더 느낄수 있는 영화네요너무 재미있게 봤어요  
20171209,10,가족의 소중함~ 산타보다 몬스터!!!  
20171209,10,진짜 재미있고 또한번보고싶은 영화내요 꿀잼  
20171209,10,전편들보다 더  재밌어요~컬투 목소리도 할머니랑 잘어울려요ㅎㅎ산타보다 몬스터~~  
20171209,9,믿고보는 몬스터 시리즈!!! 기대되요!!  
20171209,9,아이들이 엄청 기대하고 있던터라 너무재미나요  
20171209,10,4살 아이랑 너무 재밌게  봤어여z~~~  
20171209,10,아이들과 재미있게 봤어요. 올겨울방학 몬스터패밀리가 있어서 즐겁겠어요  
20171209,9,기대만큼 재미있어용~~^^♡아이들과  왔는데 어린아이들은 무섭지만 재미나데용~~^^  
20171209,10,재미난..관람이였어요..아이들이 좋아했어요^^  
20171209,10,기대되는 몬스터 패밀리~★아이들이 무서워도 보고 싶어하네요~♥  
20171209,10,가족끼리 함께 보기에 아주 좋은 영화였어요~넘 재밌었어요^^  
20171209,10,재미있네요. 웃으면서 봤어요. 강추  
20171209,10,아이와 함께 보기 재밌습니다.  
20171209,10,뱀파이어가 되어  생활의 활력을 불어 넣어요.  
20171209,10,기대되요. 아이와 함께 보러왔어요^ ^  
20171209,10,캐릭터가 재미있고 코믹하고 재미있네요  
20171209,10,화면 음악 구성이 아주 좋네요~~~^^  
20171209,10,너무너무 재밌어요! !!  
20171209,9,가족들과 재미있게 봤네요  
20171209,10,넘넘 재미있어요~~~~  
20171209,9,가족들과 오랜만에 좋은 영화 시사회 즐거웠습니다  
20171209,10,몬스터 패밀리  아이들이 재미있어하네요~ 볼만합니다  
20171209,10,몬스터 패밀리 처음에 처음 연주부분부터 흥미롭더니 너무 재미있게봣어요 감사합니다~^^  
20171209,10,너무너무 재미있어요~ 모처럼 아이와같이 재미있게 봤어요~^^  
20171209,10,신나게 아이들이랑재미있게봤어요~~~  
20171209,10,기대되는 몬스터 패밀리 산타보다 몬스터 재미있어요  
20171209,10,가족끼리 함께 보기에 아주 좋은 영화였어요~넘 재밌었어요^^  
20171209,10,아이들하고 아직개봉되지않은 몬스터패밀리를보게되니 너무 잼있었고 즐거운시간이였어요^^  
20171209,10,크리스마스 영화로 아이와 너무 좋은시간 보내고왔어용~~^^  
20171209,10,몬스터패밀리 보는 내내 너무 재미있게 봤어요 정말 재미있어요~^^  
20171209,10,아이들이 너무 좋아하네요!!  
20171209,10,몬스터들의 신나는 모험 아이들과 크리스마스때 보면 정말 재미있을꺼 같습니다.  
20171209,10,우와! 대게 재밌어었요  
20171209,10,아이들이 너무 즐거워하네요~  
20171209,10,온 가족이 몬스터가 되어버린 몬스터패밀리~~~ 기다리고 기다렸던 몬스터패밀리아이들이 정말 잘 보네요 강추입니당  
20171209,10,재미있어요.몬스터패밀리 좋아요.  
20171209,10,"외로운 드라큘라에게 걸려온 한통의 전화!?""나 레알 드라큘라라고!""드라큘라는 전화건여자 가족들을 <몬스터패밀리>로 만들어버리고과연 인간으로 돌아갈 수 있을까?ㅎㅎ피아노치는박쥐등 캐릭터가 너무 좋네요.재미납니다.  "
20171209,10,너무너무 재미있네요 아이가 너무 좋아하네요^^  
20171209,10,정말 정말 기대됩니다. 곧 시작하네요  
20171209,10,너무재미있었어요.몬스터패밀리 좋아요.  
20171209,10,완전 재미있고 흥미있어요..강추입니다^^  
20171209,10,아이가 재미있고 즐거워했어요.  
20171209,10,아이들이  너무좋아했어요  
20171209,10,시사회왔어요~넘기대!!아이들과 주말 시사회 넘좋네요  
20171209,10,넘나 잼나 몬스터 패밀리!!컬투더빙 믿고봅니다  
20171209,9,아이들이 넘 기대하고 있어요.몬스터 패밀리 재미있게 볼께요^^  
20171209,10,역시 크리스마스 선물은 몬스터 패밀리네요아이들과 신나고 재미있게 봤어요^^  
20171208,5,이거 몬스터 호텔 아니야?  
20171207,9,오랜만에 컬투군요 ㅎㅎ  
20171207,10,몬스터 시리즈!! 넘나 기대됨!  
20171207,10,보러가야겠어요 ㅎㅎㅎ  
20171207,10,흥미로운 애니메이션 같네요  
20171207,10,엄마들도 잼나게 볼 수 있을거 가타여~^^  
20171207,10,딸둘맘 엄마 기다리고 있습니다 ㅎ  
20171207,10,크리스마스에 좋은 선물이 될 것 같네요^^  
20171207,10,몬스터 시리즈가 또 왔구먼. 이번에도 컬투. 정말 딱인듯 ㅎㅎ 울아가들 이번에도 출동~~  
20171207,1,댓글이 너무 기계적이예요. 밑에글들 딱봐도 댓글부대인듯. 그것보다도 일단 성우가 컬투라니..ㅠㅠ 제발 전문 성우를 써서 영화의 완성도를 높여주세요. 전문성우가 아니여서 1점 드려요.  
20171207,9,몬스터 시리즈 너무나 기대됩니다. 몬스터패밀리라 가OO지등장해 더욱 알찬 내용이 될것 같습니다.  
20171205,9,아이와 즐겁게볼우있을것같아요  
20171205,1,몬스터호텔 짝퉁판 아닌가?  
20171205,10,아이들과  너무너무기다려지네요  
20171205,1,뭐냐 이건? 몬스터 호텔 짝퉁아님?  
20171204,10,몬스터패밀리 광고영상보자마자 아이가 너무 보고 싶어해요.온가족이 진짜 몬스터로 변한다니 각자 어떤 능력을 가지게 되는지..다시 사람이 되는지도 궁금해요.  
20171204,8,아이와 함께 보는 영화 기대가 됩니다  
20171204,10,그동안 본 영화랑 완전 색달라서 기대가 많이 돼고 울 꼬맹이가 엄청 좋아할것 같아요.~~~  저도 간만에 동심으로 돌아갈수 있을것 같아요^^  
20171204,7,6살 조카 크리스마스 선물겸 친구들 초대해서 함께 보려구요~  
20171204,10,"3세 딸아이와 첫 영화관람 도전해보려구요^^ 성공할지 모르겠지만,ㅜ 좋은 연말 영화 기대할께요! :-)  "
20171204,10,슈퍼배드 제작진이라고 하니 정말 기대되고 12월에 따뜻한 크리스마스가 생각날 영화인것같아 설레이네요~컬투 더빙이라고 하니 벌써부터 웃음으로 가득찰것같아요~  
20171203,10,우리딸이 너무 좋아하는 몬스터시리즈.. 버스광고판보고 너무너무 보고싶다고 하더라구요~ 기대됩니다!! ^^  
20171203,10,우리 아이들은 크리스마스 시즌이 되면 꼭 영화를 보여주며 산타할아버지를 더 기다려요~^^ 올해에도 즐거운 몬스터 영화를 보며 어떤 크리스마스를 상상할지 기대되네요~ 아이들과 같이 보고 싶네요  
20171202,10,완전 기대만빵이에요^^* 예고편만봐도 너무보고싶은 마음이 절로드네요♡♡♡  
20171202,10,"기대되네요!!! 캐릭터들이 진짜 매력있어보여요. 아이들, 가족들이랑 보기에 좋은영화가 나온것같아 기다려집니다!  "
20171202,10,정말 무지 기대됩니다 우리 아들과 꼭 보고 싶어요~^^  
20171202,10,우리 아이들이 좋아하는 몬스터 시리즈!!!넘 기대됩니다.  
20171202,10,몬스터 영화 아이들이 정말 좋아하죠 벌써부터 극장 포스터보고 보러가자고 난리에요 ㅎ 기대됩니다^^  
20171202,9,12월엔 산타보다 크리스마스! 카피마음에 들어요7세아들과 봐야겠어요 ^^  
20171201,10,완젼기대되는영화랍니당 ㅎㅎ  
20171201,10, 아이들과 좋은저녁시간이 될거같아요  
20171201,10,몬스터 시리즈는 꼭 봐야죠~기대됩니다~^^  
20171201,10,12월20일이 둘째생일인데 담날 영화개봉하네요ㅋㅋ가족과함께 즐건시간보내고 싶어요  
20171201,8,12월에 어울리는 가족만화 기대되네요  
20171130,9,너무나 기대되요..꼭꼭 보구싶어용  
20171130,10,오! 캐릭터봐~! 매력 터진당! 동생 데리고 봐야겠군!  
20171130,10,좋아하는 시리즈!! 기대됩니다.  
20171130,9,몬스터시리즈 완전기대되요^^  
20171130,10,몬스터 패밀리 넘넘 기대됩니다~~~  
20171130,10,컬투 ㅋㅋㅋㅋ 재밌겠다!  
20171130,10,컬투 ㅠㅠ 가서 봐야지  ㅋㅋㅋ 재밋겟네용  
20171130,10,아이들이 진짜 좋아할거같아요!!  
20171130,9,몬스터시리즈는 매번 재미있었던것 같아요..기대되요  
20171124,1,그닥 이번엔 실망이클갓 같네요  
20171123,10,귀여운 몬스터들^^ 연말 가족 영화로 추천합니다^^  
20171122,10,와우~~~!!! 완전 완전 기대되용~~~~^^ 울딸 완전 좋아서 기다리고 있네여~~ 얼릉얼릉 나와주세용^^;;  
20171122,10,딸아이가 좋아하는 몬스터들이 잔뜩나오네요~~딸아아랑같이 보러가야겠네요~~^^  
20171122,10,아이들 겨울방학 영화관 나들이할때 딱이네요~ 너무 기대됩니다  
20171122,10,오우 우리 둘째가 어디서 봤는지 보고싶다고 노래를 부르던 그 영화~~  
20171122,10,슈퍼배드 제작진이라니 ㅋㅋㅋ 캐릭터들이 살아있겟다 근데 포스터에 저 사람 그루 아닌가 ㅋㅋ  
20171122,10,크리스마스엔 요런거 봐줘야하는거죵 ㅎㅎ  
20171122,10,역시 추워지니 크리스마스 영화가 슬슬 개봉하네요. 조카들 보여주러 가야겠어요  
20171122,10,겨울방학 애니메이션 기대되네요  
20171115,10,크리스마스에 아이들과 함께 꼭 봐야겠네요~~  
20171109,10,오! 완전 기대되는 애니메이션. 그것도 크리스마스 즈음에 볼 수 있다는 뭔가 신남!!  
20171109,10,오우 제작진 빵빵하다! 믿고보는 애니메이션인가~?  
20171109,10,뭔가 딱 크리스마스 분위기 나는 영화네요 ㅋㅋㅋ '패밀리'라는 걸 보니 가족들 이야기 같은데.... 애들 데리고 가야겠어요~~  
20171109,10,크리스마스인가 보군!! 오홍  돼지 박쥐 ㅋㅋ  
20171109,10,슈퍼배드 제작진이 만든 '몬스터'라니  기대됩니다  
20171109,10,크리스마스때 애들보여주면 좋아할 애니메이션이네요  
20171109,10,슈퍼배드 제작진이라면 믿을만 하겠죠! 흥해라흥!!  
20171109,10,ㅋㅋㅋ 꿀귀 슈퍼배드제작진 작품이니 더 기대ㅋㅋ  
20171109,10,우왓~몬스터 패밀리!! 보고싶어요!!  
20171115,10,크리스마스에 아이들과 함께 꼭 봐야겠네요~~  
20171109,10,오! 완전 기대되는 애니메이션. 그것도 크리스마스 즈음에 볼 수 있다는 뭔가 신남!!  
20171109,10,오우 제작진 빵빵하다! 믿고보는 애니메이션인가~?  
20171109,10,뭔가 딱 크리스마스 분위기 나는 영화네요 ㅋㅋㅋ '패밀리'라는 걸 보니 가족들 이야기 같은데.... 애들 데리고 가야겠어요~~  
20171109,10,크리스마스인가 보군!! 오홍  돼지 박쥐 ㅋㅋ  
20171109,10,슈퍼배드 제작진이 만든 '몬스터'라니  기대됩니다  
20171109,10,크리스마스때 애들보여주면 좋아할 애니메이션이네요  
20171109,10,슈퍼배드 제작진이라면 믿을만 하겠죠! 흥해라흥!!  
20171109,10,ㅋㅋㅋ 꿀귀 슈퍼배드제작진 작품이니 더 기대ㅋㅋ  
20171109,10,우왓~몬스터 패밀리!! 보고싶어요!!  
