0,1,2
20171101,10,"VIP시사회 당첨되서 다녀왔어요!!  성지루, 전미선 배우님의 연기는 말할것도 없고 생각보다 양혹석, 권소현씨 연기가 너무 좋았네요..! 펑펑울다왔어요 정말...ㅠ  "
20171101,10,배우들 연기 때문에 2번 울었습니다ㅠㅠㅠ  
20171101,9,ㅠㅠㅠ..이렇게 현실적인 영화가 있을까요...시사회에서 펑펑 울다가 나왔습니다..믿고보는 성지루 전미선!  
20171101,10,시사회 영화 봤는데요.엄청 울고 따듯한 영화너무좋았어요  
20171101,10,권소현 화이팅 !! <3  
20171101,10,가족 사랑을 확인할 따뜻한 영화. 홍석 오빠 멋져요.  
20171101,10,가족의 소중함을 다시함 느끼게 해주는 잔잔한 느낌  
20171101,10,가장의 무게 ㅠ.. ㅠ.. 완전 감동적이네요.  
20171101,9,지루하지 않으며  정말 한가정에서 볼수있는 내용~~ 우리애도저러는데 하며 보게되고 가장으로서 너무힘든 하지만 행복한 아빠의 모습  
20171101,10,전 개봉 전 보게 되었습니다. 뻔한 이야기일 수 있지만 뻔하다고 생각하며 간과하는 일상의 소중함을 담담하게 그린 영화라 좋았습니다. 무엇보다 배우들의 연기가 진정한 표현을 더해주었구요.  
20171101,8,다시 한번 되돌아보게 되는 영화.  
20171101,8,시사회 다녀왔습니다! 어쩌면 뻔한 스토리.. 하지만 가족에 있어서 중요한 이야기라고 생각되네요! 감수성이 풍부한 편이라 그런지 영화 내내 울었습니다. 아쉬운 점은 서로의 소통 과정을 더 자세히 보여주지 못한 점! 그래도 재밌게 봤습니다~  
20171031,9,하아...내가 졌다.. 결국 울고말았다. 가족한테 잘하자 얘들아..  
20171031,7,작년에 암으로 돌아가신 아빠생각이 나서 펑펑 울었지만..아들딸 연기와 기독교가 참...흥행방해요소ㅠㅠ아빠생각이 많이 나는영화  
20171031,10, 이건 무슨일이 있더라도 꼭 보세여! 꼭 !!!가족끼리봐도 되는영화구요! 아빠의 소중함을 한번더느낄수있었어요! 진짜..너무감동 스토리예요!ㅠㅠ이 영화 꼭 잘됬으면 좋겠어요!ㅠ 꼭 봐야하는영화예요!  말로표현하기가 힘들어요 그냥 한번보시는게 좋을것같아요  
20171031,3,방금 시사회 다녀왔습니다. 클리세범벅에 불필요한 종교적인 연출이 너무 많고 결말도 엉망...울다가도 그치게 만드는 기도이야기...가 많지만 아역배우님 너무 귀엽고 연기도 잘해서 좋았어요! 성지루님도 최고!  
20171031,9,감동ㆍ가족사랑(정) 담겨있는 영화^^ 먹깨비가 인상깊게 긴 여운으로 남네요_  
20171031,10,시사회에서 봤는데 편집을 참 잘했네편집하신분이 누군지 참 궁금하네  
20171031,1,소리만 치다 끝나는 개독홍보 광고영화  
20171031,10,잼나게보겠습니당  또 볼게용  
20171031,10,따뜻한 가족영화! 기대합니다! ^^  
20171031,1,이런거 별로임..휴...  
20171031,10,이시대의 아버지 역활을 잘해주신 성지루님. 아내 전미선님  연기땜에 봣습니다 너무 펑펑 울고나왓네요    대박나세요 ~^^  
20171031,10,엄청 기대됨. 홍석이 연기도 고급스러울 듯.  
20171031,10,성지루의 가슴아픈 아버지의 연기를 오랜만에 볼 수있어서 손꼽아 기다리고 있답니다 시나리오가 탄탄하니 그의 연기력에 힘입어 아름답고 감동적인 이야기 구성에 아주 흥미진진할거라 기대됩니다!  
20171030,10,진짜 가족끼리 보면 넘넘 좋을 영화같아요~  보통 가정집의 이야기라 더더 공감하면서 볼 수 있을꺼 같아요~ 가까이 있어 깨닫지 못한 #우리_가족의_소중함 과 사랑을 #내게남은사랑을 보면서 아주 많이 느낄 수 있을꺼 같아요!  
20171030,10,권쏘 너무 커여웡.. 권쏘보러 가야징  
20171030,5,보아하니 또 한국영화의 고질병 도진 듯. 억지감동에 신파..  
20171029,1,뻔한 눈물짜기 신파....  
20171028,10,영화 완전 기대기대 권배우님 파이팅!  
20171028,10,예원아!! 화이팅!!  
20171025,10,성지루씨의 에너지는 역시!!^^  
20171024,10,왠지 이영화가 입소문을 탈 것 같습니다.  
20171019,10,권소현 응원해요~ 영화 완전 기대중입니다!^~^  
20171019,10,전미선 언니 연기는 믿고봅니다~^^  
20171018,10,베테랑 배우들과 연기돌의 캐미 기대되네  
20171017,10,소현언니 홍석오빠 꼭 보러 갈게욤  
20171016,10,대한민국에  청소년들에게 가족의 소중함을 일깨워줄 좋은 영화입니다이 영화가 잘되기를 기원합니다  
20171016,10,짧은 동영상이지만 느낌 있네요.올 가을 가슴 시리면서 가슴 찡한 영화 보고 싶었는데...기대해 보겠습니다~ ^^  
20171011,10,홍석오빠 넘 멋있어ㅜㅜ  
20171007,10,예원이 화이팅~~흥해라~~^^  
20171002,9,홍석 파이팅!!!정말 기대 많이 한 영화인데 드디어 개봉하네요!!!꼭 볼께요!!  
20170930,1,"성...지루하네, 겁나 성지루  "
20170929,9,홍석이 예전부터 눈빛이 좋아 참 좋아했는디석이가 나온다니 ... 엄지척!!마동석 오빠처럼 홍블리?박수치러가야지 ㅎㅎ선배랑 추석때 영화볼건데경사났네~~ 화이팅  
20170929,10,홍석이 아이돌치고 연기 좀 한다며~~  
20170929,10,홍석 때문에 이 영화볼래요~화이팅~~  
20170929,10,홍석이 연기도전 기대된다  
20170929,10,두시간동안 홍석이 얼굴 보는것만으로도 본전 뽑는 영화일듯^^  
20170929,9,"홍석, 연기도 귀티 날 듯~ 기대감 팍팍  "
20170929,10,정말 기대가 많이 되네요..가슴깊이 따듯한 영화..  
20170928,9,김민수 촬영감독님의 영화는 꼭 챙겨보는 편입니다. 이번에도 믿고보는 촬감님!!!  
20170928,10,김민수 촬영감독님 영상미는 역시 최고네요...너무 화면이 아름다워요...  
20170928,10,홍석오빠 화이팅!! 응원해요 보러갈게요  
20170927,10,홍석이화이팅?응원할께요!  
20170922,10,대박나길 기원하겠습니다~!!  
20170921,10,내게 남은 사랑을!! 진짜 너무 기대가 되네요!! 벌써부터 감동의 기대가 찾아옵니다!!ㅎㅎ 개봉이 기다려집니다!!ㅎㅎ  
20170919,10,힘내라 우리 홍석이~ 영화 꼭 보러갈게  
20170918,10,예원양 너무 이뻐요 ㅠㅠ 응원할게요☆  
20170707,10,양홍석 파이팅!힘내자  
20170706,10,"영화 대박나세요,화잇팅!  "
20170704,10,기대되용 포미닛권소현 화이팅  
20170702,10,소현언니 화이팅!!! 언제나 응원해요!!! 영화 기대할께용ㅎㅎ♡♡  
20170702,10,홍석이 화이팅! 영화 잘됐으면 좋겠다  
20170629,10,홍석오빠 응원할게요!  
20170621,10,홍석이 화이팅 건강하세요  
20170601,10,설이홧팅!!!♡  
20170531,10,권소현 화이팅!! 항상응원해요 ㅎ  
20170525,10,좋은 작품 기대하겠습니다  
