0,1,2
20171107,9,재밌어요옹 또 보러올거에욥  
20171107,10,베이비짱무셔윰 ㅠㅠㅠ  
20171107,10,나름 반전 있는 영화였네요!! 재밌게 봤습니다ㅎㅎ  
20171107,10,베이비 완전 무서워 꿀잼  
20171107,10,시사회로 봤는데 재밌습니다! 꼭보세요!!  
20171107,10,생각보다무섭지않고재밌게봤어용  
20171107,10,재밋어요~꼭보세요ㅋㅋ  
20171107,10,반전의 반전 너무 꿀잼이요!  
20171107,10,처음부터 끝까지 긴장하면서 봤네요ㅎㅎ 혹시 팝콘 쏟는거 아닌가 걱정했는데 그정도로 무섭진않았어요! 영화가 주는 메세지도 있어서 좋았습니당~ 기대하고봤는데도 재밌었어요!  
20171107,10,시사회갔다왔는데 추천합니다  
20171107,10,진짜 핵꿀잼 꼭보세여 사랑함니다  
20171107,10,너무재미있고 정말 무서웠습니다 해피데스데이대박??  
20171107,10,완전 괜찮아요~ㅎㅎㅎㅎ  
20171107,9,시사회로봤는데 넘재밌습니다!! 꼭보세용  
20171107,7,B급 호러영화스토리가 탄탄하진 않았지만공포속에서도 발랄한 미모의 주인공이 매력적인 영화  
20171107,10,공포영화인줄알고 긴장했는뎈ㅋㅋㅋ 또보고싶다 ㅋㅋㅋ  
20171107,10,영리하게 만들어진 호러 스릴러. 추리 영화라 봐도 좋을 듯하다. 즐겁게 잘 보고 가요.  
20171107,10,재밋어요 강추해 꼭봐!!  
20171107,10,너무너무너무재밌어용  
20171107,10,무섭고 재밌고 속시원해요 ㅎㅎ짱잼  
20171107,10,핵잼!! 공포영화 같으면서 아닌거 같으면서 눈가리고 귀막고 소리지르고 웃으면서 본 이상한 영화 이상한 경험... 우리 같이 이상한 경험 한 번 해보져... ㅋㅋㅋㅋ 음 그리고 음 ..그리고 하.. 140자 왤케 길어.. 두번째 결론 겟아웃 제작진 짱!  
20171107,10,너무너무 재밌어서 두번보고 세번볼거에요 !!  
20171107,10,해피 데스 데이 보고 왔는데 진짜 재밌어요 짱  
20171107,10,진짜 재밌어요 초반에는 스릴넘치고 후반에는 재밌는 영화 돈주고 다시 봐도 후회 안하실껍니다!! 꼭 보세요 두번 보새요  
20171107,10,너무재밌어요숨죽이고봤어요빵빵 놀래키는 요소들이 많아서 한순간도 심심하지않게 봤어요컵케익도 너무 맛있어보이고여주인공 너무예쁘고 멋지네요남주인공이랑 너무 잘어울리고남주가 어딜봐서 모태솔로인가요?넘넘 멋있는데요완전재밌게봤어요짱짱짱해데이짱!  
20171107,10,재밌어요!!강추합니다  
20171107,8,오늘 시사회로 봤음!!   모두 해피데스데이 하세여어어어  
20171107,9,신선한 소재여서 완전 짱최고여따ㅋㅋㅋ  
20171107,10,공포영화 아니고 너무 재밌고 의미있는 영화 !! 베이비 너무 무섭 ㅠㅠㅠ  
20171107,10,재밌어요!  깜짝놀랐어요ㅠㅠ  
20171107,10,짱재밌어요!! 해피데스데이 대박  
20171107,10,뻔한 레파토리의 공포분위기만 잡는 류의 영화가 아니고 지금까지 본적 없었던 영화였습니다 재밌었어요!!♡  
20171107,10,무서운장면이 많아서 재밌었고 인형도 무섭게 생겨서 재밋엇습니다  
20171107,10,듸지게 재밌네요 대박나세요  
20171107,10,개봉 전 날 마지막 시사회 관람 했습니다!! 기대 이상의 재미 보장해요ㅎㅎㅎ  
20171107,10,다시 봐도 꿀잼일듯한 해피데스데이!! 시사회로 봤지만 또 보고싶어요  
20171107,10,초반부에는 스릴 넘치다가 점점 인물의 성격변화로 인한 내용 전개가 너무 재밌었어요. 돈주고 한번더 봐도 될정도로?재밌어요.  
20171107,10,너무재밋게봣어요!!!  
20171107,10,시사회보고왔어용 공포영환데 어바웃타임이 생각났어요 영화대박나세여  
20171107,10,시사회로봤는데 되게 재밌었어요  꼭 보세요  
20171107,10,시사회에서 봤는데 생각보다 재미있고 볼만한 것 같아요!교훈이 있는 영화입니다!  
20171107,10,시사회로 봤지만 개봉해도 또 보고싶은 영화! 핵꿀잼이니 100번 보세오!  
20171107,10,시사회로 보고왔는데 그냥 무서운영화인줄 알았는데 생각보다 내용도 알차고 재밌게봤어요~  추천합니다  
20171107,10,해피 데쓰데일리데이다!!!  하.. 너무 재밌어근데 이걸 쓰면서 일하는 내가 더 데쓰야 ㅠㅠ  
20171107,1,시사회때 보고왔는데 너무 웃기네요 개콘인줄  
20171107,5,영화소개 프로에서 죄다 스포해 버려서 신선함 면에서는 다소 떨어질듯 한데 내일 볼까말까?  
20171107,1,11월8일  생일을 데스데이로 만들다니...여대생은 웁니다  
20171107,9,색다른 공포 영화 또 하나의 '스크림'!?  
20171106,10,스크림 느낌도 나고 재밌다고 소문들었습니다.   개봉하면 바로 봐야지~~  
20171106,10,완전 기대작임..!! 11월에 볼 영화 생겼다!!! ㅎㅎ  
20171106,1,포스터에 혐오스런 사진좀 없애라광고 볼때마다 소스라치게 놀란다 매번 진짜 한두번도 아니고 진짜  
20171106,10,11월 9일 개봉예정이였는데 왜 8일로 바꼈어요? 그날 제생일인데ㅠㅠㅠ놀지도못하고 일해야하는데 영화꼭볼게요^_^..  
20171106,10,예고편 재밌어서 끝까지 다봄 너무 기대됨  
20171106,10,미국 거주중이라 먼저 봤는데 팬티 2개챙겨가길 잘했네요. 겟아웃보다 재밌음  
20171105,1,이영화가 개봉하지않기를바란다  
20171105,10,아 스포 짜증난다 다음부터는 평점 안읽어야지  
20171105,10,음...이거 15세로 나오는거 같은데공포영화같지?무서운거 못보는데ㅜㅜ  
20171105,10,말레이시아에서 벌써 한 달 전에 봤어요 재미있어요 공포+스릴+미스터리 가 다 있는 듯...적당히 코믹 한 것도 있어서 지루하지 않게 봤어요 거의 첫부분은 지루한데 이 영화는 시작부터 괜찮아요 알바 아닙니다ㅋㅋㅋ  
20171105,10,코미디물로 알고 있는데 맞나요??  
20171105,8,이쁘고 멋진애들로 뭐하는짓이냐  
20171104,10,재밌을것같아요 빨리개봉했으면 ..  
20171103,10,요거 재밌다는 소문이 있던데 기대가 되네요.  
20171102,10,시사로 봤는데 죽여주게 재밌다 ㅋㅋ 무섭다가 웃기다가 똘끼충만 영화  
20171102,1,아래 OOO년아 왜 스포질이야  
20171101,10,겟아웃 짱재밌게 봤는데 빨리 개봉했음 좋겠어요~~~!  
20171101,10,오~ 겟아웃 제작진이네 . 기대되는 영화네여 ㅋㅋ 빨리 보러가고싶다.  
20171101,10,베이비 가면  계속보니까 귀엽구먼 ㅎㅎ  
20171101,10,가면 귀여운듯 한데 소름이다  
20171101,10,기다리기 현기증나긴 처음임ㄷㄷ  
20171101,10,가면쓴 베이비 볼수록 매력터지네 ㅋㅋㅋㅋ 후  
20171101,10,겟아웃 제작진!!!! 이번에도 기대합니다!  
20171101,10,<스크림>시리즈의 향수가 느껴지는 작품이다. 매우 기대하고 있는 작품.  
20171101,10,여주 약간 기분파 스타일이넼ㅋㅋ 공포영화지만 꿀잼일듯  
20171101,10,겟아웃 제작진이면 믿고본다! 그런데... 베이비 가면맨 웃긴데 무서움...  
20171101,10,"딱 웃기면서도 무서울 거 같은 공포, 이런 스타일 넘 좋아  "
20171101,10,빨리개봉좀해주세요 현기증나요  
20171101,10,끝날때까지 안심할 수 없는 영화 ㄷㄷㄷ  
20171101,10,<컨저링> 이후 처음으로 무서운 장면 없이 무서운 영화!  
20171101,9,빨리 개봉했으면 좋겠어여 ㅋㅋㅋ  
20171101,10,완전 취저임 ㅠㅠ 언제 개봉하냐능  
20171101,10,죽을 때까지 놀아준대 ㅋㅋㅋㅋ 개무서워 ㅋㅋㅋ  
20171101,10,공포 영화 못보는데 이건 재밌게 볼 수 있을듯!! 주인공 언니 걸크쩌름 ♥  
20171101,10,겟 아웃이나 그것 같이 신박한 영화인듯!  
20171101,10,ㅋㅋ 뭔가 재밌을듯  기대  
20171031,6,어제 미국에서 봤는데 별로 무섭지는 않고 코미디에 가까움 심각한 내용은 절대 아니고 그냥 가벼운 마음으로 보기 좋은듯ㅋㅋ  
20171031,10,"오블리비언, 소스코드, 나비효과 이런영화 짱좋아!  "
20171030,9,타임루프라는 소재는 감정이나 상황이 고조되기보다는 약화되어 몰입감이 희석되는 느낌이 많아서 별로 좋아하지 않았는데 공포라는 소재로 어떻게 빠져들게 될지 상상하기 힘들다. 과연 어떤 연출로 놀라게 할지 기대된다.  
20171030,10,이거 좀 코미디 호러 같던데;; 호러영화인데 주인공이 또라이라 좀 웃긴듯?  
20171029,10,완전 기대되요! 특히 저 가면쓴 사람!!  
20171029,10,예고편만보면 공포영환지 코미디영환지 구분이 안간다얼른 영화를 봐봐야 알거같다 너무궁금하다  
20171029,10,방금 미국에서 보고나왔음.  
20171029,6,걍 무서운영화아니고 웃긴영화였음 ㅡㅡ호러무비보고싶었는데 걍 로맨스보고온느낌.. 차라리직소볼걸 후회  
20171029,10,이런 소재의 영화 너무너무 좋아합니다.기대되네요!!  
20171028,10,엣지오브투모로우 현대판버젼인갑네  
20171028,10,궁금해서 잠이안와. 너무 보고싶은디요  
20171028,10,페북보고 왓는데 기대되요!  
20171028,10,이길때까지 반복되는 죽음.. 엣지오브 투모로우 생각나네 ㅋㅋ  
20171028,10,ㅋ ㅋ ㅋ 크리스토퍼 놀란  동생인가? 크리스토퍼 랜덤? 랜던?  
20171027,10,완전 재밌겠다 빨리 보고 싶어요  
20171027,10,여배우들 존나 이쁘다 ㄷㄷ  
20171027,10,아 너무 보고싶어서 ㅠ 미칠것같아요 빨리 개봉좀 ㅠㅠㅠ  
20171027,10,올해 공포영화 풍년인듯!!!  
20171027,9,헐.. 예고편 오지고요!!!! 시간 돌리는 이야기는 언제 봐도 꾸르잼!!!!  
20171027,10,매일 새로운 죽임을 당한다는게 무섭기도 하면서 신선한거 같아요!! 11월 보고 싶은 영화중 하나  
20171027,10,제목부터 완전 재밌어 보이는.. 예고편보니 결말이 너무 궁금해지네요~  
20171027,10,포스터 비주얼 장난 아니네요 ㅋㅋㅋ 보고싶어요  
20171027,10,핸드폰이 울릴때 긴장감 오진다 정말 정말 재미있어요!지금 까지 본 공포영화 중 단연 최고! 또 보러 가야지~  
20171027,10,넘 재밌고 신선한 공포영화  
20171027,10,주인공 캐릭터도 매력있고 유쾌한 영화였어요~!  
20171027,10,"겟아웃 너무 잼있게봤는데, 그 제작진이라니 너무 기대되요~  "
20171027,10,넘나 기대작인 것..개봉일 기다리기 힘들다  
20171027,10,이거 완전 보고싶음....아직도 이주나 기다려야하네ㅠㅠ 빨리개봉해라  
20171027,10,북미는 겟아웃 이겼다던데 진짜 실화임?  
20171027,10,이거 외국에서 반응좋던데 빨리보고싶다!!!  
20171027,10,기발한 공포 영화! 무섭기만 하지 않고 재밌기도 함!!  
20171027,10,겟아웃도 진짜 재밌게 봤는데 똑같은 블룸하우스 제작진이라니ㄷㄷ 캐릭터도 그렇고 엄청 기대된다  
20171027,10,겟아웃 꿀잼이었는데 기대된당!!! 빨리 개봉해라  
20171027,10,저 가면 ㅋㅋㅋㅋ 영화관에서 보면 무섭기도 하고 귀엽기도 할 것 같아요! 꼭 봐야지 !!!  
20171027,10,저 가면 왜 귀여운것같으면서무섭냐 겟아웃제작진이한거라진짜개잼잇을듯!!  
20171027,10,무섭지만 왠지 엄청 신날 것 같음  
20171027,10,겟 아웃 이후 너무 오래 기다린영화!! 빨리 개봉해서 보고싶다!!  
20171027,10,이런 타임루프물  짱 좋아!!  
20171026,9,한국 11월9일 개봉입니다.  
20171026,10,이자나미에 걸렸을 땐 자기자신을 인정하는 수 밖엔 없음  
20171026,10,겟아웃을 재밌게 봐서 이 영화도 기대되네요! 예고편 첫부분만 봤을 때는 코미디인가 싶었는데 끝까지 보니 무섭기도 할 것 같아요. 정말 기대되네요ㅎ  남자친구랑 같이 보러갈거에요!!  
20171026,10,캬 역시 죽임..ㄷㄷㄷ  
20171026,10,마침 시험 끝나고 개봉하는데 시험 스트레스 바로 풀러가보려합니다 ㅎㅎ  
20171025,9,정말 포스터대로 공포물이 아니였어요. ㅎㅎ 마지막에 감동도있고 정말 재밌었어요. 이런 소재가 코미디가 되다니 정말 신선했어요 ^^한번더 보고싶네요.  
20171025,9,공포보단 코미디스릴러? 깜놀장면 몇번있는거 말곤 스토리도 좋고 반전도 있고 흥행할 요소가 꽤 많은 영화.  
20171025,10,공포다 이것도 내가좋아하는 장르중 하나인데 다행히 15세이용가라 볼수는있겠다 너무 기대된다.  
20171024,10,너무 기대됨겟아웃 너무 재밌고 감명깊게봐서 이것도 궁금함  
20171024,10,왠지 잼있을꺼 같애용~~빨리개봉했음 좋겠어용  
20171024,10,하반기 기대하고 있는 영화 중 하나  
20171024,10,광고로 예고편 나오는데 너무 재밌어보여서 다봄 ㅋㅋㅋ 완전 재밌을듯  
20171024,1,"포스터 제목 처럼 이것은 공포영화가 아니다. 공포도, 코미디도 아닌... 컨셉을 알 수 없게 만든... 엄청난 영화다.  "
20171024,9,외국살아서 미리 봤는데 진짜 존잼 꿀잼 반전에 반전 꼭 보세요 !!  
20171023,10,결말이 궁금해서 구글에서 영어로 쳐서 전체 줄거리랑 범인 알고 옴 그래도 재미있을거 같아요ㅠ  
20171023,10,미국에서 본 1인입니다.일단 결론은 진짜 재밌습니다. 무섭다기보다는 스토리 탄탄한 영화에 약간 공포 요소 집어넣은정도??그냥 꼭보세요 요근래 본 영화중에 제일 잘 만든거같네요.트레일러 보고 공폰줄알고 안보는사람 있을듯해서 아쉽네요ㅜㅜ  
20171022,7,이런소재는 엣지오브투모로우 하고 소스코드에서 많이 봐서감흥은 없지만 스토리만 잘써준다면 재밌게 본다  
20171022,10,재밌어보이는데 결말이 뻔해보인다  
20171020,9, ㅋㅋㅋ 재밌을 것같음ㅋㅋㅋ 예고편 보니까 기대됨ㅋㅋㄱ 보러가야지ㅋㅋㅋ  
20171020,10,11월 9일 내 버스데이네..  
20171019,10,예고편보고 기대하고 겟아웃보고 기대한다  
20171019,7,서양애들은 아무대서나 옷통벗더라 도미토리에서 자면서 많이봤음  
20171019,10,안녕하세요 캐나다에서 먼저본 사람입니다.범인도 당연 누군지 알고요  ㅎㅎ겟아웃 비슷하게 볼만합니다. 그럼 기다리세요 ㅎㅎ  
20171018,8,엣지오브투모로우 에서도 톰크루즈가 계속 죽엇다가 살아나던데 그거랑 상황이 비슷한듯 궁금하다 ㅎㅎ  
20171018,5,숟가락살인마 영화화냐?ㅋㅋ  
20171018,10,유튜브 광고는 왠만하면 넘기는데 끝까지보고 극장에서 보고싶은데 까먹을까봐 와드 박음  
20171018,5,이거 김명민이찍은 하루랑 거의 똑같은데?;;;;  
20171017,10,터키에 개봉해서 봤는데 코미디랑 스릴러 밸런스 지리네용ㅋㅋㅋ 국내에서도 상영관 숫자만 받쳐주면 300만각임.  
20171017,10,존나기대. 미국에는 이미 개봉해서 곧 볼예정 ㅋ  
20171017,10,페북에 예고편 봣는데 재밌겠네  
20171016,10,오 이 영화 완전 기대기대!!! 이런 공포영화 기다려왔어  
20171016,10,하아 이거 이거 이거 이거  
20171016,10,올해 본 영화 중 제일 신박하다 ㅋㅋ  
20171016,10,아 너무너무 기대기대!!!  
20171016,10,무서울것같은데 묘하게 땡기네 ㅋㅋ  
20171016,10,겟아웃 제작진?? 아묻따 그냥 본다!  
20171016,10,오 겟아웃 제작진!! 완전 기대되네요!!!  
20171016,10,뭐지 이 무서운데 웃길거같은 느낌은!??ㅎㅎ  
20171016,10,영화 본 사람임 겟아웃 만큼이나 재미짐 ㅎㅎㅎ  
20171016,8,엣지오브투모로우.?  
20171016,4,진짜 애나벨때처럼 평점알바들 팝콘드립부터 진짜;;; 너무 오글거림..ㅋㅋㅋㅋ 이젠 공포영화 보려면 평점은 걍 믿고 거르고 관객들 후기를 봐야됨진심ㅋㅋㅋㅋ  
20171016,10,외국에서 사는중인데 이영화 진짜 추천 진짜 역대급 영화임 꼭 보삼 처음으로 리뷰쓰고 별점 10점준다  
20171016,8,외국에서 봤습니다! 소재는 식상하지만 재미있게 봤어요~~~  
20171015,1,응 감독 전작 필모보고 거름  
20171011,10,블라인드시사회로 봤는데 진짜 진짜 재밌고 스토리도 탄탄해서 좋았다 배우들 연기도 너무 좋았다!  
20171011,9,새로운느낌의 공포 영화예요! 강추~ 재미있었요♥♥  
20171011,10,공포영화라 해서 무서울줄만알았는데 엄청 재밋엇어요  
20171011,10,완전 재밌었어요! 끝까지 긴장을 놓치지 않았어용  
20171011,9,남자 멋있고 긴장감도 넘치명서 재밌었어요  
20171011,10,너무 재미있ㅅ었어요??  
20171011,10,반전 결말까지 짱인 영화!!!진짜 재밌습니다겟아웃보다 짱존잼?  
20171010,10,겟아웃 제작진이라는데... 이거 완죤 기대됨  
20170825,10,이거 청소년시청불가인가여 아니면 15세인가여  
20170807,1,페북이라 한심하기는북같은데 돈벌이로이용하는ㄱ 나 그냥 그렇던대 이영화 미리봣는데  
20170803,10,무조건 상담하는애 뭐 있다.  
20170729,10,페북에서 보고온 1인입니다  
20170711,10,진심 보고싶다 이거 공포물인가요??빨리 개봉했으면 좋겠다 ㄹㅇ  
20170710,10,한국에서도 10월 13일 금요일에 개봉임?  
20170704,9,"https://www.rottentomatoes.com/m/happy_death_day유니버셜 스튜디오, 블럼 하우스 제작 영화인데 예고편 진짜 개신선 저런 뫼비우스의 띠 같은 영화 좋아  "
20170625,9,언제한국에서개봉해요??  
20170623,1,헤흐헤흐헤흐헤흐후!하!  
