0,1,2
20171018,10,정소은(wjdt****) //CGV에서 고객센터 1:1 문의 드리세요. 전 마산이라 다행이지만  
20171018,10,군산에서 학생도 볼수잇게 저녁이나 늦게 상영해주세요ㅜㅜ 제발요 너무 보고싶어요ㅠㅠ  
20171018,4,애니메이션이 19세였었는데 12세로 맞춘건 너무 속 보이지않음?  
20171017,10,기대합니다 그리고 여기 악플다는 애들보다 내가 더 좋은 인생 산다고  장담할 수 있다. 여기서 가오 잡지말고 자기 인생이나 신경써라.  
20171017,5,사람마다 애니보는취향은 다르지만 난 노겜노라1화다안보고 접음  
20171016,6,포항에좀 뜨게 해주세요 제발  
20171015,10,애니관심없는 나도 봤는데재밌더라 근데 무조권 애니본다고 욕하지말자 너네들도 좋아하는거 저딴거 왜좋아하냐라는 말들으면 상처받잖냐 그리고 이것도 하나의 작품이다너네들이 힘들게만든 과제물 c받으면 좋냐 취미로 좋아하는 사람들까지 욕하지말고 무개념만 욕해라  
20171015,10,개 꿀 잼 입 니 다.  보 세 요 .  
20171015,1,노게임 노라이프 노잼이요  
20171015,9,명                                            작                 설명 끝입니다. 2글자로요  
20171015,10,슈타인즈 게이트 다음으로 정말 재미있었던 작품.믿고보세욧!  
20171015,10,너무 기대돱니다 ~ 극장에서 볼 수 있다니 너무 다행이네요  
20171015,10,말이 길어질 필요없다. 이 영화에서 쓸줄 아는 말이 있다면 '명작'이란 말로도 충분한 영화다.  
20171014,1,평생 밑거름이되어 우리를 평균으로 끌어 올려다오 너희가 밑에 많이 깔려야한다 결론은 오타쿠 개극혐 사람취급안함  
20171014,10,한마디만합니다 시로알몸 기대할께요  
20171014,7,원작은 난장판에 억지전개인데 유일하게 과거편이 정상임  
20171014,10,진짜 노겜노라 6권보고 울컥하고 극장판 나와라.. 하던중에 노겜노라 제로 there is a reason이랑 같이pv보면서 또 울컥하고 정말 기대되는 영화죠...  
20171013,10,10월 19일 전국 cgv 단독 개봉이구만... 게다가 12세 관람가군... ^^  
20171013,1,오한정:오타쿠는 한대 맞아야 정신을 차린다  
20171012,10,소설 내용으로는 6권이었나?진짜 재밌어요!!  
20171010,10,애니와 이어지는 내용은 아닐겁니다  
20171010,10,아 아아아  그래서 10월 몇일인데 몇일인데!!!! 10월달인거만 말하지말고  몇일인지 좀 알려줘 제발!!  
20171009,10,기대합니다. 노게임 노 라이프 개봉국내개봉 기다리고 있습니다.  
20171009,10,애니랑 이어질려나? 소설은 못봤고 애니는 완결 까지 다 봤는데 2기도 나오지않고 스토리가 이어질려나 걱정이다 ㅠㅠ 그래도 꼭 보고싶은 극장판 이라 10점이다  
20171008,1,혼모노들 이런거나 보지말고 집에서 공부해서 효도나 해라;;  돈을 일본한테 바치니까 우리나라 경제만 악화된다;;  
20171007,10,완정 기대하는데 원주에서도 할수있죠?  
20171007,10,19일로 예정됐던데... 주말로 바꿔주면 좋겠다  
20171005,10,일본에서 보고왔는데 갓갓명작 인정합니다.  
20171004,5,그들만의세계 ㄱㅎ ㄴㄷㅆ  
20171004,10,원작6권을 본 나로선 기대되서 죽을듯.. ㄹㅇ 띵작.노겜노랖에서 가장 소름돋고 가장 슬프고.. 좋은 수식어 다 붙여주고싶음  
20171003,1,씹덕도 거르는걸 ...  
20171002,10,공백에게 패배란 없다. [  ]  
20171002,5,노 money 노 gwangju  
20171001,10,8월달에 일본에서 보고왔는데... 안보면 진짜 안되요 이거  
20170930,10,극장판으로 나올 줄 몰랐다. 어떻게 나올까..  
20170929,10,지금까지 보고싶은영화나와도 귀찮아서 안보러갔는데 솔직히 이건 봐야겠음  
20170929,10,노 게임 노 라이프도 재미있었는데 극장판까지 나온다니 정말  행복합니다  
20170929,1,히잌 실화냐 오덕이 이걸  
20170928,10,말이 필요한가....  
20170927,10,"솔직히 말해서 소라와 시로의 이야기보다  과거편, 즉 리쿠와 슈비의 이야기가 더 좋았던것 같아요. 보고나면 어느새 눈에서 눈물이 흐르고 있달까...  "
20170927,10,등급 15로 해줬으면;;  
20170927,10,그래도 지브릴은 사랑입니다  
20170927,10,"하느님 제발 제가볼땐 급식충과 초딩들이 안오게 해주세요. 저번 소아온 극장판을 봤을때 옆에 있던 초딩은 자기가 설정을 다 알고 있다는듯이 영화 중간마다 설정을 이야기하질 않나, 중딩시키들은 액션씬이랑 노출씬이 나오면 환호하질 않나. 그럴거면 집에가서봐  "
20170926,10,10점주면 되는건가요?  
20170926,10,노 게임 노 라이프의 평점이 0.1이라도 떨어질 일은 절대로 없을것이다.  
20170926,10,예고편 보고 소름 돗았다 ㅎㄷㄷ  
20170924,10,현제 38명이 평점을 달았지만 던부다 10점입니다!@! 저 포함하면 39명 ㅎ  
20170924,10,진짜 노 게임 노라이프 안보시면 후회 하십니다.  
20170924,10,걍 보면 답나옴 너의 이름은.  목소리의 형태 소아온 오디널스케일그 이상의 재미와 감동 그리고 소름.  
20170924,10,라노벨을 그대로 잘 살렸다면 무슨 말이 필요할까 갓작이지  
20170924,10,영화가 얼마나 원작을 잘 살릴지는 모르겠지만 원작은 진짜 갓갓갓이다원작인 6권은 무조건 보는 게 좋음  
20170923,10,"지금의 평화로운(게임) 세계가 어떻게 탄생했는지 보여주는 구간. 개인적으로 소설 6권을 보면서 느낀건 역사를 새로 쓸만큼, 힘은 약하지만 노력하는 자들은 남들에게 이해받지 못하고, 기억에도 남지 않는 것 같다. 반대로 힘이 있는 자들은 역사에 남는다.  "
20170923,10,솔직히 6권과 PV를 본 사람이라면 10점을 주는게 정상입니다.  
20170923,10,다른 말은 필요없고 이 말만 합니다 제작자님 감사하고 고맙습니다.  
20170923,10,원작(6권) 다읽었습니다... 소름돋습니다.  
20170922,10,라노벨읽고 봐야 더 소름돋음  
20170921,10,일본에서 두번봤는데 진짜 개십명작인데 자막달고 한번 다시보고싶다   라노벨을 안읽어서그런지 고유명사가 존나 남발해서 이해하기 어렵더라 근데 OO 개 씹명작 갓작이다 안본분들 꼭보세요  
20170921,10,기대된다기대이상으로진짜....  
20170920,10,한국 정식 개봉 좋다!!! 이 기세로 2기까지!!!!  
20170920,10,아아 드디어 보게되네 기다리고 있었습니다 노게임 노라이프  
20170919,10,한국에 나와주셔서 감사합니다~  
20170919,10,노 게임 노 라이프가 영화를 하면 1위가 몇 주 갈 듯 ㄷㄷㄷ(그리고 나와주셔서 ㄳ)  
20170919,10,한국 개봉 감사합니다!  
20170918,10,인생명작. 이 네글자에 모든게 담겨있습니다. 제발 작가분이 완치돼셔서 2기 까지 나왔으면 좋겠네요  
20170918,10,2기를 기대했다만 이거라도 해줘서 감사합니다  
20170918,10,라노벨로만 봤던게 영화로 나오니 ㅠㅠ 너무 좋다  
20170916,10,진짜 내가 본 소설중에서 완벽한 명작 개소름 6권  
20170916,10,이것은 나의 애니메이션의 시작이며 아직까지도 변함 없는 나의 최애작 애니메이션 나오면 1주차부터 끝날때 까지 특전 다 받으러 간다.  
20170916,10,내 인생작 정말 아름다워  
20170915,10,드디어 한국정식개봉!  
20170909,10,한국개봉 원해요...  
20170902,10,제발 한국에서 15로 개봉하고 메가박스에서만 개봉하지않으면 진짜 대박날것 같으니 이렇게 해주세요 ㅠㅠ  
20170901,10,올해가 아니라 내가 10년 동안 봤던 극장판 애니메이션  중에서 최고였다. 애들 보기엔 내용이 좀 무겁고 잔인한거 같다  
20170821,10,최고라는 말밖에 할 수가 없다.  
20170819,10,"소아온,어마금,어과초,노겜노라는 나를 실망시키지않는일본라노벨명작 애니중에서 노겜노라극장판이나온다소아온는 만족은 했지맛 노겜노라는 기대이상일듯  "
20170819,10,와 진짜 예고편 개 지린다...개봉하면 봐야지  
20170811,10,실수로 글쎄요 눌렀지만...정말 명작입니다! 리쿠와 슈비의 이야기를 정말 잘 펼쳤다고 생각합니다! 애니는 1화만 보면 이 영화를 보는데 문제는 없다고 생각합니다. 시간날때 노겜노라 한번 보세요!정말 추천드립니다! さあ?、ゲ?ムをはじめよう。アッシェンテ  
20170810,10,기대도 안했습니다.근데.. 이건 와.. ;;그냥 노게임노라이프랑 다른장르의 명작입니다 소름돋음;;한국에 개봉하면 또봅니다 진짜;;  
20170809,10,めっちゃお?しみにしています한국에 개봉해주셨으면 좋겠네요 ㅠㅠ..되도록이면 크흠 ... 15금으로다가 ... 19금말구... 크흐흠...  
20170809,10,카야노아이 무대인사까지보고 3번 연속으로 계속 본사람으로써 말한다존나 지린다  
20170806,10,갓.작이다 이건 갓.작이다 두말안한다 이거안보면 후회할거다  
20170804,10,진짜 명작입니다.  3d도 딱 한장명만사용했습니다.(작화진 갈리는소리가....) 진짜 노겜노라보면서 울거라곤 상상도못했어요. 한국에 개봉하면 충분히 다시볼 가치가있다고생각합니다. 특히 엔딩크래딧마지막에서 엄청나게 울었... 꼭 마지막까지봅시다 ...  
20170803,10,한마디만 남깁니다지브릴 ㄱㄱㄱ  
20170801,10,현지에서 보고 왔는데 슈비가 우는 순간 저도 울고 다른 사람들도 같이 울었습니다.다시는 없을 노겜노랖 최고의 명작  
20170801,10,명작. 이 한 단어로 모든걸 말할 수 있습니다.노겜노라 역사상 가장 최고의 명작.  
