0,1,2
20171121,9,우리 엄마도 저런 상황이면 카를라가 될 수 있다는 생각에  카를라의 심정 이해와 응원했습니다.  
20171121,1,보지마세요 시간돈납치당합니다 좀돌려받고싶어요 돌아오지않네요...  
20171121,10,포스터에 있는 할리베리 진짜 영화 속에 있더라 ... 카리스마 쩔었음!!  
20171121,10,간만에 스릴 체감 최고 영화 발견 !! ㅎㅎ 할리베리의 리얼한 액션연기도 좋고 끝날때까지 긴장감 이어지고 재미남!!  
20171121,10,현실적인 스토리와 질주에 몰입감 최고! 시간 가는 줄 모르고 너무 재밌게 봤습니다. 추격전에서 오는 긴장감은 심장이 쫄깃하네요!  
20171121,10,"할리베리 여전히 매력적이고, 카체이싱 액션이 압도적!  "
20171121,10,테이큰의 엄마버전 같은 느낌이다 / 쉴 수없는 스릴러 액션 추격전 러닝타임 94분이 길게 느껴지며 정말 박진감이 넘친다 / 체격적으로 우월한 남자나 여자에게 거침없이 뛰어드는 모성애는 정말 위대하다 /  테이큰 만큼 좋았으며 키드냅2 가 나왔으면 한다  
20171121,3,"폰도 없고, gps도 없고 그냥 보통 아줌마다. 근데 고속도로를 질주하는 범인차를 몇번을 놓치고도 가는 족족 다시 찾아낸다. 007이나 제이슨본도 불가능한일이다. 범인차를 찾는 대여섯번 찾는 것이 로또보다 클까? 더 중요한건 반나절 정도의 시간이란것  "
20171120,7,스토리는 쏘쏘 액션은 굿  
20171120,10,할리베리님의 입장에 완전 몰입해서 보게 되었어요. 나중엔 너무 긴장해서 목에 담까지 온...; 추격신에서 오는 긴장감이 어마어마한 영화예요.  
20171120,10,몰입도 최고의 스릴러 영화! 할리베리가 끌고 가는 힘이 대단하네요. 너무 재밌게 봤습니다  
20171120,10,손에 땀을 쥐고 봤어요모성애가 강한 것을 제대로 잘 표현했네요정말 진지하게 잘 봤습니다  
20171120,8, 아이를 잘못 유괴했다 는 엄마 말처럼 엄청난 활약을 보여주는 맘크러쉬 액션.할리베리가 애타는 모정과 끝내주는 액션을 보여준다.  
20171120,3,이영화본사람만 댓글단거맞음?시사회보고옴 시간은잘감 1시간동안 차달리는것만봄  
20171120,4,1:52 짜리 메인 예고편을 보시오  
20171120,10,엄마의 사랑과 힘을 느낄 수 있는 영화였어요!!  
20171120,10,재밌었어요!! 엄마의 사랑이 넘쳐요  
20171120,7,스릴러의 공식+엄마판 테이큰!ㅋ  
20171120,10,오랜만에 여주 원톱 액션물을 보면서 짜릿했네요. 헐리베리의 리암니슨 못지 않은 집념과 속도감 넘치는 추격전까지 최고예요!!  
20171120,9,심장이 쫄깃쫄깃....꼭 보세요!!  
20171120,10,한시도 긴장을 늦출 수 없는 영화!! 여주 원톱물이라 더 의미있고 넘넘 재밌음 추천!!  
20171120,10,어머니는짱입니다 어머니사랑해여  
20171120,8,꿀잼...속시원 보세여  
20171120,5,재미있는 영화였어요! 엄마의 힘!  
20171120,10,심장쫄깃쫄깃 재밌어요!!!  
20171120,7,킬링타임용으로 갠춘!  
20171120,8,이제 아이는 엄마에게 까불지 못하게 되었다.  
20171120,8,스릴넘치고 시간가는줄 몰랐어요  
20171120,9,재밌습니다 긴장감이 넘칩니다  
20171120,9,오 재미없을 줄 알았는데>_< 완전 재밌게 봄!!!!  
20171120,10,긴장감있고 좋은영화 잘봤습니다~~~  
20171120,8,지루할 틈 없이 이어지는 끝나지 않는 추격  
20171120,9,재밌었어요! 심장이.쫄깃쫄깃  
20171120,10,어머니는 강하군요 멋진 엄마액션~!!^^  
20171120,9,긴장감있고 재미있내요  
20171120,8,여성의 부족한 액션을 잘 커버한 듯하다  
20171120,6,화려하진 않았지만 오히려 현실적이여서 점점 몰입되었다. 초반에는 어물쩌물 하는 모습에 뭔가 싶었는데 심리적인 묘사를 하기위함이였던것같다. 뒤로 갈수록 정말 손에 땀을 줬다.  
20171120,9,할리베리의 연기가 인상적인 영화~~^^  
20171120,9,시사회로 봤는데 재밌게 봣네요  
20171120,10,최고의 추격액션 짜릿함이 짱  
20171120,10,무서워여ㅇㅈ검무허워여  
20171120,8,여자 중심의 스릴있는 영화였다 추격하는 액션씬이 뒤로갈수록 왜 스릴러가되는건지 하지만 결말은 뻔해서 아쉬웠다  
20171120,10,무서워여 무서워여무서워여  
20171120,10,숨막히는 추격전엄마는 강하다ㅠㅠ심장이 아직도 쫄깃해요  
20171120,8,추운겨울 오싹함.... 플러스 어머니의 사랑 ㅠㅠ 흐규ㅠㅠㅠㅠ  
20171120,8,엄마..최고마르코~폴로~  
20171120,9,방금 보고나옴 최고에요 꼭 보러 고고고 액션감동 굿  
20171120,8,엄마는 강하고 멋있었다  
20171120,9,대단한 엄마~!평범한 영웅탄생~  
20171120,8,엄마는 강했다. 끝까지 추격  
20171120,7,엄마의 위대함을 보여주는 영화!  
20171120,10,시간이 순식간에 지나갔어요 카체이싱 스릴남쳐요  
20171120,8,할리베리의 활약이 돋보이네요. 긴장감엄쳐요  
20171120,10,완전 심장쫄깃 !! 맨몸액션 끝장판이네요  
20171120,8,와...역시 엄마는 위대하다  
20171120,1,역대급 킬링타임도 안되는 영홥니다  
20171120,6,지루한 감 없이 시간은 잘가네요  
20171120,10,숨막히는 긴장감 처음부터 끝까지 재미있다 ㅠ!  
20171120,8,재밌었어요ㅋㅋㅋㅋ돈주고보긴쪼  
20171120,9,잼있었어요 강추 열자열자  
20171120,8,재밌어용! 마지막은 좀 아쉽지만ㅎㅎ  
20171120,9,재미써여 할리베리짱이에야  
20171120,10,엄마는 위대하다!!!  
20171120,9,처음부터 끝까지 액션과 스릴  
20171120,9,엄크러쉬!! 최고의 추격전!!  
20171120,9,속시원한 추격전입니다:)  
20171120,10,멋져요  엄마는 강하고 담대해요  
20171120,10,여자판 테이큰!!!!  
20171120,8,할베리가 돌아왔어요 대박~  
20171120,8,할베리가 돌아왔어요 대박~  
20171120,8,할베리가 돌아왔어요 대박~  
20171120,10,기대를 져버리지 않는 액션 너무 좋았어요  
20171120,10,힐리베리의 숨막히는 추격전  
20171120,9,맘크러쉬 잘봤어요 !!! 엄마는 강하다  
20171120,10,할리베리의 추격 액션이라니 기대해도 좋을 듯  
20171119,7,"단순한 구조이면서 엄마의 입장에서 바라보게 된다. 긴박감, 불안감, 현실성이 버무러지면서 맛있는 음식이 되는 순간에 다른 자식들의 희생도 있었으니.... 액션스릴러로 보자. 할리베리는 이런 영화에 최적화되었다.  "
20171119,9,테이큰엄마버전이네ㅋㅋ  
20171119,1,와 이거 절대 보지마세요 완전 구림  
20171118,3,중간중간 주인공의 행동이 너무 답답하다....  끝나고나도 하도 답답해서 그냥 짜증이 남아있다.  
20171118,1,너무 뻔한 내용. 참신함이 안 보이는 영화. 연출은 잘 했으나.  
20171117,3,이건 극장에서는 보지마라. 진짜 지루하고 재미없는 C급 영화다  
20171117,10,눈앞에서 납치된 아들을 찾기 위해서 행동하는 엄마의 멋진 자동차액션과 대담함이 행복한 결말로 이어질 수 있을지 궁금해서 꼭 보고 싶어요!! ^_^  
20171117,10,엄마판 테이큰~ 긴장감있고 쩝니다. 할리베리의 모성애 연기도 좋네요~ ^^  
20171117,10,할베리의 액션이 터진다. 완전 재밌겠어요.할베리의 최고액션대작으로 거듭나라.  
20171116,10,할리베리의 시원한 액션 질주 기다려집니다  
20171116,10,테이큰도 재밌게본지라 엄마버전 테이큰이라 할 수 있는 키드냅도 기대가되네요!!!!  
20171116,8,넌 엄마를 잘 못 골랐어 ㅋㅋㅋ  
20171116,10,엄빠 모시고 팝콘이랑 음료 옴뇸뇸뇸하면서 보기 딱 좋은것 같음. 몰입력도 있고 러닝타임도 적당함. 그래서 엄빠 모시고 한번더 갈 예정  
20171116,10,"생각보다 흡입력있고, 무엇보다 엄청 현실적인 부분이 많아서 공감이 간다. 그래도 난 할리베리처럼은 못할듯..대단한 엄마일세  "
20171116,10,엄마판 테이큰..? 기대된다요  
20171116,8,엄마가 캣우먼임. ㅋㅋ 총보다 삽이빨라  
20171116,1,비추비추비추완전비추 관람하다가집에갈수있음주의  
20171115,1,알바들 판 치는구나 . oh god oh god  하다가 끝나는영화  
20171115,10,모성애로 두려움을 잊은 엄마의 절박한 마음이 전해지는 것 같네요!  
20171115,9,명배우 할리 베리가 연기하는 엄마의 절박한 감정 연기가 기대됩니다~  
20171115,2,할리웃의이런짓꺼리 영화보면서영화라고느껴짐 작위적 좀지나면기억도안나는영화 할리베리는 왜이런거계속캐스팅되는지? [더콜]도 아주 작정을하고끌여들여 나중엔별것도안보여줬고 돈만벌면된다는주의에 화가난다 예전에프랑스유럽영화어디갔는지 왜안보여주냐  
20171114,10,더 콜을 떠올리는 박진감 넘치는 엄마판 테이큰!  
20171114,10,할비 베리의 완벽한 액션 그리고 뜨거운 모성애 진짜 예고편만 봐도 순삭이든데 실제론 얼마나 순삭일지 기대됩니다! 개봉사수하고픈 영화예요!  
20171114,10,너무 보고싶어요!!숨막히는 시간이 될것같아 아주 기대됩니다 !!!  
20171114,9,스릴넘침. 역시 할리베리!!  
20171114,9,숨쉴틈 없이 전개되는 추격이 인상적인 것 같아요^^  
20171113,10,할리베리가 눈 앞에서 납치된 아들을 찾아추격하는 감성 액션 영화네요.엄마는 대단한거 같아요. 경찰도 필요없고스스로 해결해 나서는 액션.멋진 영화보고 프네요.  
20171113,10,맘크러쉬 감성 액션 오지고요~ 지리고요~  
20171113,8,볼만하긴 했는데 아들 찾으면서 일반인들 몇십명은 죽었을듯..  
20171112,10,"리암니슨의 여성판? 모성애의 결정판, 내자식은 내가 찾는다. 전 세계의 엄마 마음을 감동시켜줄 것 같애요. 할리베리 화이팅!!  "
20171112,10,할리 베리의 액션을 기대하게 만드네요  
20171112,1,"삼류졸작영화, 알바들 대단하네 양심도 없이..개망이다  "
20171112,6,"좀많이 지루하고 주인공여자가 징징대서 짜증 났었어요~ 그냥 킬링타임용이네요""~  "
20171112,10,할리우드 대표 액션퀸 할리 베리가 신작 영화 키드냅 을 통해 기존에 출연했던 영화에서는 볼수가 없었던 거침없는 액션 연기를 선보였다 하니 무엇보다 기대되는 영화  
20171112,8,이런 영화는 극장가서 빠방한 사운드와 큰 스크린으로 보는 게 제맛이지!  
20171112,1,2점이상 주면 알바다 10자  
20171112,9,화려한 추격신 완전 기대됩니다^^  몰입도 최고의 영화가 될꺼 같아요♡ 엄마의 절절한 모성애 빨리 보고싶어요♡  
20171111,10,키드냅 정말 보고싶은 영화네요  
20171111,9,할리베리의 감성액션 을 기대케 하는 분노의 카체이싱 장면이 기대되는 영화입니다. 과연 그녀는 무사히 아들을 구해낼 수 있을까요? 오랜만에 스크린을 달굴 #할리베리 의 명연기 빨리 만나고 싶습니다.  
20171111,10,할리베리표 맘크러쉬 액션 키드냅 정말 보고싶어요  
20171111,10,할리베리님의 카리스마로 예고편을 싹 잡아버리네요 할리베리의 블랙홀 같은 연기 다시한번 기대가 되는 키드냅  후회없는선택일것같아요  
20171111,7,할리 베리가 출연해서 기대가 되긴 합니다. 하지만 감독의 전작을 보면 이 영화가 성공을 거둘지는 미지수네요. 그래도 액션에는 능한 감독인것 같으니 부디 할리 베리와 다른 배우들의 좋은 연기력을 바탕으로 영화가 성공했으면 좋겠습니다. 빨리 보고싶네요.  
20171111,10,할리베리 감성액션 기대된다능!!  
20171110,1,으휴으휴 어쩌다 이따구 영화에 출연한거여? 연출도 어정쩡~ 대사도 어색... b급도 아닌 c급이다. 이런걸 개봉할 생각이라고?? 평점 심각한 오버다 미친거아님?  
20171110,10,"아들을 납치당한 엄마가 보여줄 수 있는 분노 폭발 논스톱 추적 카체이싱 기대합니다. 액션 뿐만 아니라, 자식에 대한 엄마의 무한한 사랑과 헌신도 동시에 볼 수 있기를 바랍니다.  "
20171110,10,시원한 스릴러이면서도 엄마의 파워를 가감없이 보여줄거같아 기대하고있습니다^__^ 잡힐듯 잡히지 않는 94분간의 추격이 시간가는줄 모를것 같아요~!!  
20171110,10,키드냅 영화 기대됩니다><  
20171110,4,여주가 연기는 잘하는데 영화 완성도가 너무 낮다.. 아무리 영화라고 하지만 교통을 저렇게 난잡하게 만드는데 목격자나 경찰이 거의 없는게 신기할 정도  
20171110,10,잃어버린 아이를 찾는 엄마는 숱하게 봐왔지만 그 장르가 액션인건 처음인 것 같아요 그 주인공이 할리베리라니 더욱 기대되네요 모성과 액션이 잘 결합되서 눈과 마음에 모두 호소하는 영화였으면!  
20171110,10,키드냅 예고편보고 완전 기대중!! 할리베리의 맘크러쉬 액션 완전 보고싶음~!  
20171109,10,아이가 있다면 꼭봐야될 영화 개봉전부터 넘넘 기대되는 영화입니다 체감 러닝 타임이 90초라는데 얼마나 빠져들지 빨리보고싶네요할리배리의 연기도 넘넘 기대되요~^^  
20171109,8,스토리가 참신하고 매력적이고 아들을 구하고자 하는 어머니의 모성애가 빛을 발하고 있어서 너무나 꼭 보고 싶습니다  
20171109,10,키드냅 기대됩니다 대박나길  
20171109,10,보고싶다벌써기대되네요  
20171109,10,추격영화는 항상 숨죽이면서 긴장하고 봐야하는것 같아요. 엄마는 위대하다 무적의엄마모습을 제대로 보여주겠죠?+_+  
20171109,10,역시 할리베리! 믿고 보는 할리베리 정말 기대된다.  
20171109,10,화려한 액션이 돋보이는 키드냅!!!!  
20171109,10,할리베리라 기대되고 카체이싱도 넘넘 보고싶네요키드냅 개봉 기다리고 있어요!!  
20171109,9,"영상을보니 더욱더 관심이가구용 ! 너무나도 기대되네요, 개봉하면 빨리 보러 가고싶어용 !!  "
20171109,10,믿고 보는 할리 베리! 걸크러쉬 뿜뿜뿜!!!! 완전 기대하고 있어요 ♥  
20171109,10,키드냅 볼래요!! 배우도 연기파배우이지만 무엇보다 스토리가 감동적이고 뭉클합니다!  
20171109,10,기대되는 작품이라 개봉하면 꼭 챙겨 보겠습니다^^  
20171109,10,"눈앞에서 납치된 아들을 목격한 엄마, 많은 실종된 아이들이 경찰에게 도움을 청하고 기다리기만 했기에 찾지 못했다고 여기며 눈앞에 아직 보이는 유괴범을 추격하면서 벌이는 멈추지 않는 모성애 '키드냅' 기대해요!!  "
20171109,10,배우 할리 베리 애정합니다  
20171109,10,화끈한 논스톱 액션 키드냅테이큰을 이을 수작일지 정말 기대됩니다  
20171109,10,할리베리의 엄마편 테이큰!! 너무기대되는영화  
20171108,10,아직개봉도안했는데 재밌다는 색기들은 뭐죠 ...?  
20171108,1,뭘 하고 싶은지는 알겠는데 너무 억지가 많아.  
20171108,10,엄마표 테이큰이네요. 스릴만점  
20171107,8,괜찮음. 막씬에서의 미국경찰의 전화응대..대한민국 경찰 배워야...  
20171107,10,액션과 긴장감이 많아서.시간가는줄 모르고 잘봤어요.  
20171107,3,어차피 죽일거 왜 처음부터 안 죽였어? 쉽고 빠르게갈수있는걸 어렵고 느리게 빙 둘러가네.B급도 아닌 C급.추격씬은 볼만했다  
20171106,2,내가 난생처음 오랜만에 욕하면서봄...답답함의 극치를 정말 답답하다 ~욕하면서 볼꺼예요 다들 왜 저래 ㅂㅅ같이 달리는 차에서 아들 낮치댓다고 떠들면 들려? 지아들구할여다 저여자의 답답함 처신으로 애꿋은사람 100명 죽음  
20171106,6,"잘나가다가 후반부에 급하게 대충 마무리,  "
20171106,10,영화소개프로에서 봤는데 이거 꿀잼삘~~  
20171106,10,할리베리표 액션 영화 기대기대!!  
20171106,10,"할리베리의 물불 안가리는 연기, 엄마라 가능 할 지도..  "
20171106,10,믿고보는 할리베리 액션! 긴박감 넘치는 액션 기대중이에요!  
20171106,10,보고싶다 궁금하다!!  
20171106,2, 보는내내 답답하다 그렇게 사고를 치는데 경찰도 안나타나고 핸드폰으로 신고한 하면 되는데 억지로 신고도 못하게 만들고  답답하다  
20171105,5,비삐 bB비비비급 영화  
20171105,1,"이래서 네이버 평점은 믿고 거른다. IMDB평점 5.9/10짜리 엉성한 영화를 알바들의 10~9점 물타기하고, 그렇게 표팔이 하는것이 관행이 된 네이버의 쓰레기 같은 평점....  "
20171104,8,킬링타임 지대루네!!  
20171104,1,자기 자식만 보고 주변사람 디져도 신경안쓰는 이기주의  
20171104,9,고구마 백만게다 관람전에 사이다 꼭사들고 보세요ㅜㅜ  
20171104,1,어째 영화 테이큰비긴즈랑 비슷한 내용같아 리메이크한건가?  
20171102,10,와 진짜 시간가는지 모르고 봤네요올만에 집중하고 쫄깃하게 추천!!!  
20171102,10,"할리베리 넘나 팬인데, 영화도 재밌어보임 ㅋㅋㅋ 꼭 봐야징 ㅋ  "
20171102,1,여주 완전 발암임 절대보지 마세요 시간 아깝습니다. 차라리 테이큰 보세요 완전 테이큰 아류작임  
20171030,10,"이거 진짜 내용전개가 지루함을 안주고 시간이 넘어가는거 없는게 그냥 꼭 봐야해요,할리베리치곤 B급 느낌 있지만 안보면 후회해요  "
20171028,10,와 왠만하면 영화보면서 말안하는데 납치범들 욕하면서 봤네요  
20171028,10,엄청난 흡입력을 보여주는 영화!!  
20171027,10,90분이 90초같이 순삭된다는 영화! 엄마의 위대함을 저도 느껴볼래요^^  
20171027,10,기대되네요(≥∀≤)/  
20171026,10,할리베리라니ㅜㅜㅜ 완전 기대된다!!!  
20171026,10,아들을 찾기 위한 엄마의 뜨거운 모성애가 액션과 멋지게 조화된 영화!! 기대되고 궁금하네요~^^  
20171026,10,스피드한 카체이싱이 돋보이는 영화 키드냅...아이를 향한 엄마의 모정에 뭉클해지네요.  
20171026,10,엄마의 사랑과 어마어마한 액션이 공존하는 영화일듯  
20171026,10,키드냅 이영화 이전에 개봉한적 없는영화인가요?작년쯤 영화관에서 예고편광고를 본것같아서 그때 봐야겠단 생각만하고 못봤는데 다시 영화관에서 보이길래 재개봉인줄알았는데 아니더라구요...  
20171026,10,정말 기대되는 영화라 빨리 개봉되길 기대되네요^^  
20171026,10,예고편만으로도 10점 줄 수 있는 영화!!~~ 완전 찜  
20171026,10,납치 당한 아이를 구해내기 위해 괴력을 발휘하는 강한 엄마의 모습을 볼 수 있는 작품이라 기대가 되네요.  
20171026,10,할리베리의 무적 엄마 액션 기대됩니다^^  
20171026,10,할리베리의 연기 너무 기대되요~엄마는 위대합니다~  
20171026,8,기대되요!!! 모성애와 액션!! 재미있을듯!  
20171026,10,"연기력 출중한 걸로 이름이 높은 할 베리의 아이를 잃어버린 엄마 연기, 얼마나 처절하고또 복수에 불탈지 정말 기대가 되네요. 숨막히는 액션과 탄탄한 스토리기 기대되네요.올 겨울을 뜨겁게 달굴 키드냅, 개봉만 기다리겠습니다.  "
20171026,10,너무너무 기대되는 영화에요 ㅎㅎ 할리베리 연기력 짱~  
20171026,9,스토리전개와  내용으로 시선을 사로잡아 지루할 틈이 없네요^^  
20171026,9,믿고보는 할리베리  수퍼맘 베리 기대!!!!  
20171026,10,유괴된 아이 그뒤를 쫒는 엄마!!엄마는 강하다~ 할리 베리의 멋진 모습 짱!!  
20171025,9,오랜만에  납치 액션영화 기대 합니다  
20171025,10,엄마의힘은 위대하다   아이들을위한 럼마릐모성 시대되네요  
20171025,10,슈퍼 엄마가 따로없다!!!정말 아들을 찾기 위해 엄마의 멋진 활약상!! 기대힐 수 밖에 없네요.  
20171024,10,엄마의 위대한 사랑 감동과 액션의 완벽한 하모니를 마주할 영화 개봉일이 너무도 기대됩니다. 액션걸 할리베리의 매력에 마음 무장해제  
20171022,10,엄마의 빠워.. 정말 그런 일이 이러나면 안되지만 일어났으면 얼마나 멘붕올테지 사회는 제대로 안도와주지 결국에는 엄마가 최곤겁니다 ㅠㅠ영화 완전 스릴있으면서도 답답하면서도 마지막에는 정말 깔끔할것 같아요 기대해봅니다 !!ㅎㅎ  
20171021,8,전개 궁금해지는 영화네요~  
20171020,10,솔까 할리베리 나오면 거의 7점이상 먹고 들어간다. 야가 성격이 화끈해 그런지 시나리오를 부연 설명하고 그런거를 안고르는 듯. 할리베리는 시작과 동시에 부셔. 다 망했다하는 캣우먼도 액션은 쩔어서 지루할 틈 없었슴.  
20171020,10,할리베리의 액션이라니 보고싶어요! 거기다 자동차액션 !!  
20171020,9,얼마나 숨막히게 할 지 심히 기대되네요~  
20171020,10,무적 엄마의 엄청난 힘 직접 극장에서 보고 싶어요  
20171019,10,엄마는 위대하다 키드냅을 통해 볼수있기를  
20171019,8,믿고보는 배우! ~.~ 쫄깃쫄깃  
20171019,10,할리 베리가 나왔다는 것 만으로도 기대되는데 주제가 아동유괴라니 ㅜㅜ 마지막에 사이다장면이 나오길 기대하며~~~ 기대됩니다~!  
20171019,10,골든 아워 12시간 안에 아이를 되찾기 위한 모성애와 분노 폭발하는 할리 베리의 맨몸 액션과 카체이싱 액션 빨리 보고 싶어요^^  
20171019,10,할리베리ㅜㅜ안봐도 벌써 재밌는 기분!  
20171019,10,모성애 액션 기대합니다!  
20171019,10,내 영화계의 뮤즈 할리 베리가 출연한다는 것만으로도 볼 가치가 있다!  
20171019,9,논스톱 추격 액션영화 #키드냅 이 올 11월 22일개봉을 확정지었다니 기대되는군요. 특히나 할리우드 대표 액션퀸 할리 베리가 킹스맨_골든서클 에 이어 어머니 역을 맡아 더욱 기대됩니다.  
20171019,9,테이큰의 여성버전판!  
20171019,10,엄마의 힘을 보여주는 멋진 액션영화일 것 같습니다~^^  
20171018,10,눈앞에서 아이가 납치되었을때 엄마가 강함을 보여주는 할리베리의 맘크러쉬 액션 기대됩니다  
20171018,10,할리 베리의 긴박감 넘치는 액션! 기대되네요~  
20171018,9,엄마표 테이큰이라고 하니 더 보고싶네요~  
20171018,9,할리벨리의 엄마 연기! 그리고 액션연기가 기대된다!  
20171018,10,키드냅 빨리 보고싶어요~  
20171018,8,지루함틈이 없을것 같네요 ^^//  
20171018,10,정말 스릴있고 볼만할 것 같아요  
20171018,9,할리베리의 명연기가 기대됩니다!  
20171018,9,아빠가 리암니슨 엄마가 할리베리면 ㅎㄷㄷ  
20171018,9,할리베리의 모성애액션이 기대돼는 영화  
20171018,9,이분 엄청 대단한대. 납치대상의 엄마를 잘못골랐음. 끝났네 범인 ㅎㅎㅎ 리암니슨의 '굿 럭'에 대적할 마더가디언 캐릭 등장!!  
20171018,10,정말 너무너무 기대되고 궁금합니다.꼭 보고 싶습니다. 할리베리!!  
20171018,10,아이 잃은 엄마는 못할 일이 없지요.카를라가 아이를 빨리 찾길 .  
20171018,10,"""똑똑히 들어. 내 아들이 그 차에 있는한 난 죽어도 멈추지 않아"" 할리 베리 분노 폭발!! 100% 리얼 논스톱 추격 액션 할리베리의 액션잉폭발하네요~리얼이라니~~킹스맨에서 현장에서뛰고싶어하더니~~이영화에서 제대로뛰네요~~그녀의 리얼액션~  "
20171015,9, 흡입력 최고! 간만에 손에 땀을 쥐고 딴짓안하고 시간 가는줄도 모르고 본 영화. 할리베리 여태 출연한 영화들 중에 이번이 연기 최고였지 않았나 싶을정도구. 엄마들은 아마 더 간이 철렁 심장 쫄깃해서 볼듯요.관람평쓰면서 스포일러는 하지맙시다!  
20171011,1,연비좋은 차가 사고싶어지는 영화  
20171009,8,재미있게 잘만들었다..  마지막에 속이 후련하다.   엄마의 마음이 느껴진다  
20171008,7,멍청하고 고구마 100개를 원샷때린듯한 노답 모자의 이야기. 하지만 영화자체를 이끌어가는 스피드가 좋았다. 킬링타임으로는 괜찮다.  
20171003,5,단순한 이야기를 길게 끌고 가지 않고 간결하게 끝내서 킬링타임으로 적절하군  
20171002,1,와 진짜 개답답한 영화네 아이를 납치한 차를 쫓는 과정도 경찰 발견하고도 주인공이 행동하는게 개 답답해서 보다말았다 현실성 전혀없다  
20171001,2,암걸릴거같다 답답해서 더이상 볼수가없다 에휴  
20170929,3,초반. 중반  너무 지루하다.  답답하고  이해불가  상황  그리고  너무 인위적이며 너무 억지 짜맞추기. 그리고  주인공 할리베리의 찍기 신공에  놀랐다.  
20170923,7,솔직히 쫄깃한 맛은 약하다. 주인공 행동이 너무 답답해서 그런가...  
20170919,1,아니 걍 전화받으면서 계속보고있으면되지 뭘 자꾸 마르코마르코거려  
20170917,1,처음에는 답답하지만 종반에는 긴장감있다는 말에 속지마세요.멍청하고 답답한 여주인공한명에 엑스트라 5~6명의 초저예산 영화.할리벨리도 블우스윌리스처럼 끝났음을 느끼게하는 영화입니다  
20170916,2,답답한 주인공 말도안되는 전개 . 비추영화  
20170916,5,이 영화도 참 안타깝네 14년 촬영완료하고 북미에서 15년 개봉예정이었지만 제작사 부도로 개봉 연기 작년 말 개봉된다는 말 나왔지만 또 연기 펀딩받아 한국 최초 선 개봉 한다고 언플했지만 계속 된 연기로 북미 먼저 8월초 개봉 한국 11월 개봉 ㅋㅋ  
20170914,5,포스터도 그렇고 내용도 그렇고 영화 더 콜 생각난다... 할리 베리가 50줄이라는게 젤 놀라움  
20170913,9,진작에 개봉했으면 좋은 성과를 냈을텐데..간만에 스릴있는 추격영화 봤네요 어머니의 끈질긴 힘이 느껴지는 좋은 액션스릴러물입니다  
20170913,10,6월 에 개봉한다더니 9월 로 미루고  또 11월 로 바꼈네.. ㅡㅡ  
20170912,8,이런장르에 이만하면 됐다.할리베리 연기도 잘했고 설정도 이해된다.아이를 키운 부모만이 상황들을 이해할듯.시간가는줄 몰랐다.  
20170912,7,이 영화도 괜찮았지만 추격 스릴러의 원조라 할 수 있는 명작 브레이크 다운을 보세요.  
20170911,9,"이 영화를 보는 순간 ""더 콜"" 영화가 생각난다 나만 그런가?  "
20170911,6,동안이라 안 늙은거 같았던 그녀도 이젠 나이가 확실히 보임. 더군다나 이 영화는 2년 가까이 개봉연기된 제작년 제작임에도. B급 스릴러지만 추격전은 확실히 볼만함.  
20170911,9,군더더기 없이 영화가 깔끔하네..  
20170910,6,설정오류가 너무 많음. 그냥 재미로 봐야하는데도 설정오류가 너무 커서... 몰입감이 점점 떨어졌다.  디테일은 떨어지지만 흑인누나의 OG스웩으로 백인 납치범을 개발라버림. 근데 흑인 어린이를 돈이 필요해서 납치하는 멍청한 실수를 하다니...  
20170910,6,할리베리...아쉽다. 긴장감은 고속도로에서 떨어뜨린 듯  
20170910,7,화끈한 '할리베리'판 테이큰.. 추격하는 입장에서 보자면 어느순간부터는 범인들이 불쌍해진다  
20170910,8,리암리슨의 뒤를 있는 발리베리의 가족 지키기 액숀!  
20170910,5,"정말 답답하다. 요즘도 이런 답답이 영화를 만드나. 억지로 극을 이끌려고 멍청한 엄마를 만들어 자동차 추격할때 유괴범도 못잡고, 보는 내내 짜증났음  "
20170910,9,후반까지 답답하다가 마지막에 속이 뻥뚫린느낌!  
20170910,9,우리 엄마 짱!!  까불지마라 악당들아!!  
20170910,5,"진짜  많이 아쉬운 영화다~초반 40분은 짜증의 연속이다.애 엄마가 기지도 없고 머리도 안돌아간다.억지로 극을 이끌며 겨우 종착지를 가는데,엔딩부분도상당히 약하다.더도말고 딱 5점이  적당할듯~할리베리도 많이 늙었다  "
20170909,8,속도감 있는 전개. 러닝타임도 괜찮고 볼만했다. 그리고 항상 경찰은 마지막에 ㅋ  
20170909,5,볼 만은 하다. 전형적인 90년대식 추격 킬링 무비. 할리 베리도 이제 B급 배우가 되는건가..  
20170909,5,초반 추격할때만해도 좋았는데 김빠지는 연출이 많이 나옴...고만고만한 스릴러..  
20170909,7,"답답하다는 부분 나는 충분히 이해가 감. 마르코!하면 바로 가까이 들리는거리에있는데 양육권얘기하는 입모양,소리 들릴까봐 등돌리는거, 애가 뒷자석에 있어서 함부로 들이받지도 못하는거. 웰메이드스릴러라기보단 전형적인 미국영화지만 여자판 테이큰 추천합니다!  "
20170909,7,무난하다 역사 할베리 살아있네  
20170909,10,우리나라였으면 과잉방어로 엄마구속... 우리나라 법좀 피해자위주로 강화하고 가해자들은 사회와 격리하라. 제2의 범죄를 막자  
20170908,10,예고편만으로도 10점 줄 수 있는 영화!!  
20170908,1,할베리의 답답하고 빙닭같은 모성 본능 이래 죽으나 저래 죽으나 라면 차를 부딪혀서 어떻게든 막아야지 질주만 하면 뭐하나 거기다갇범인이 옆길로 가란다고 가고 유괴해서 떨어지는 순간 더 피를 말리는 일이 생기는데 그냥 차로 부딪혀야지 이여자는애키우면안됨  
20170908,5,개인적으로는 더 콜이랑 비슷한 영화여서 실망  
20170908,9,할리 베리를 캐스팅한 것 치고는 B급 스릴러 형식을 띄고 있지만 속도감과 쾌감은 봐줄만하다  
20170908,10,진짜 영화 보다가 심장 떨어지는줄.. 긴장감이 와우!!  
20170908,1,트럼프를 위한 영화다. 미국 차는 사고에도 매우 튼튼하니 사라. 미국은 경찰과 사람을 치고 뺑소니를 내고 납치를 당해도 경찰은 코빼기도 보이지 않으니 오지 말라는 메시지를 전한다. 이 영화 볼 시간에 국산 명작 세븐데이즈를 한번 더 보시는게 유익하다.  
20170908,2,처절하지만 스릴은 없다.  
20170907,5,여러분 이래서 폰의 휴대가 이렇게 중요 합니다.몰입감이 떨어짐  
20170907,10,뭐지 이거 테이큰 여자버전 인가요?? ㅋㅋㅋㅋ  
20170820,8,클리셰 범벅이긴 하지만 추격 스릴러가 이정도면 본분은 다한것. 평타는 쳤다  
20170815,6,[S] 정말 단순하지만 그래도 긴장감 있게 잘 그린 것 같다 유괴범들은 모두 죽여야 한다 나쁘지 않은 결말  
20170813,8,초반 추격신이 좀 답답하지만 후반에 어머니의 힘이 느껴진다  
