0,1,2
20171101,10,이성애든 양성애든 동성애든 같은 사랑이고 똑같이 소중한사람들이에요. 사회의 문제라는식으로 말하지마세요. 사람이 사람을 사랑하는게 뭐가 문제인건가요?  
20171101,9,새로운 신예등장!! 제목처럼 메소드연기가 무엇인지 여실히 보여주는 영화!  
20171101,10,정말 많이 기대 됩니다.  
20171101,5,왜 여성 창작자들은 퀴어물을 좋아할까  
20171101,10,앓다 죽을 메소드...  
20171101,10,어제까지 1점 준 사람들 진심 생각좀 해라  
20171101,10,개독들 나대지말고 짜그러져있어  
20171101,10,기대됩니다열자열자열자  
20171101,10,박성웅 홧팅!!!ㅎㅎ  
20171101,10,오늘 보고 왔는데 정말 재밌었어요. 마지막 연극씬은 정말 소름 돋았고 영우가 조금 더 어른스럽게(?) 나왔다면? 이라는 생각이 들더라구요. 모든 부분이 좋았습니다. 무엇보다... 영우 너무 예쁨....  
20171031,10,오랜만에 퀴어 영화라니 기대되네요 ㅋㅋ  
20171031,10,퀴어영화라고 별 1개 쳐박는 것들은 대체 뇌 구조가 어떻게 생겨먹은거냐? 뇌 필터 거치고 충분히 생각한 다음에 글 써라. 동성애!! 에이즈!! 빼액대면서 논리없게 설치지말고. 개 쳐한심해서 못봐주겠네  
20171031,1,박성웅이 배우냐 어쩌다 운좋게 역할빨 하나 얻어걸려서 사실 그 영화에서도 경직된  연기 안습  
20171031,1,동성애..극혐..우웩..  
20171031,1,굉장히 별로일거 같다 이건 영화에 조예가 깊은 나의 감이다  
20171030,1,너무 역겹습니다 개새들  
20171030,10,개인적으로 존중하고 흥했으면 하는 영화  
20171030,10,n차 찍을 준비 되었읍니다. 상ㅇ영관만 늘려조....  
20171030,10,오승훈 박성웅 배우님들 연기와 상황이 너무 잘 어우러졌습니다ㅜㅜㅜㅜ 몰입해서 보게되는 영화였어요  
20171030,6,메소드 연기를 보여주길 바란다  
20171030,10,동성애 운운할 거면 늬들 썩어빠진 사상이나 바로 고쳐  
20171030,10,개독교 극혐; 영화를 보고 말해야지  
20171030,10,별점1점 테러하면서 애들한테 좋지 않다거나 가치관 어쩌구 사상 주입이다 이런 식으로 말하는 인간들 도랐냐 썩어빠진 정신머리로 그 애들한테 얼마나 좋은 교육 하실지 기대된다 ㅉ  
20171029,1,동성애 옹호를 위한 영화네요. 정말 비추합니다. 내용이 없어요.  
20171029,10,뭔가 연기가 너무 좋고 예고편만 봐도 끌리는 영화입니다. 기대가 많이 되는 영화에요  
20171029,10,에이즈?ㅋㅋㅋㅋ동성애보다 성매매하는 한국남성(줄이면 절대안됨)이 원인일텐데요...영화 개봉도 전에 퀴어포비아들이 설치는거 보니까 너무 안타까워서... 애들이 볼까봐 겁난다구요? 그런 생각하는 당신들 밑에서 배우면서 자랄 아이들이 걱정입니다..  
20171029,10,박성웅이 동성애 영화에 나오다니 너무 궁금하다보고싶다  
20171029,10,ㅋㅋ동성애 영화가 동성애 미화면 이성애 영화는 이성애 미화냐?  
20171029,7,브로맨스를 넘어 퀴어로~~~~  
20171029,10,"예고편만 봐도 어떤 내용인지 기대가 큽니다.그래서, 이 영화를 보면 동성애자가 된다는 분들, 동성애자가 무슨 정신병자 말하듯 얘기하시는 것도 웃기지만, 그럼 마블 히어로즈 영화 본 사람은 죄다 영웅이 되나요?  "
20171029,10,응 꼭볼거야~~^^ 동성애 반대는 니들 머릿속에서나 해~~~  
20171029,9,동성애 싫어하는것도 취향이라고 존중해달라고댓달면서 아동성애 시체성애는 왜 넣는거지?ㅋㅋ 그건 범죄예요 님앜ㅋㅋ 취향의 문제가 아니라 ㅋㅋㅋ 머리가 빻으신건지 범죄자이신건지ㅋㅋ  
20171029,10,에이즈는 성매매충들 때문아니냐~~??에이즈가 없으면 동성애를 못까요~  
20171029,1,아동성애도 시체성애도 노인성애도 취향이에요 ㅠㅠ 존중해주세요  
20171029,10,동성애도 사랑이다..  
20171028,10,퀴어영화라고 보지도 않고 평점테러하고 눈에 필터 끼고 보는 그런 행동 하지 맙시다.  
20171028,2,욀케 요즘 영화는 다 동성애 코드를 못넣어서 난리지??  
20171028,10,개조아개조아 넘 기대하는 중이에요  
20171028,10,지롫한다 에이즈가 동성애 때문에? 초졸인가요... 부산 에이즈도 정신병원에서 남자가 옮긴거라던데 대체 왜 그대들은 몇 세기에 살고 계신건가요 그렇게 찬양하던 서양에서는 점점 동성애 법적으로 인정해주고 있는데 우리나라 꼰대들만 이OO  
20171028,10,기대됩니다! 꼭 볼게요  
20171028,10,동성애가 더럽고 어쩌고 하는 사람들에게: 여기서 더러운 건 당신들밖에 없다네 ~~ 지금이 21세긴데 아직도 성소수자 혐오라니.. 최강 구시대적이고 역겹습니다 ㅋㅋㅋ 영화 기대중이에요! 화이팅!  
20171028,10,예고편이 너무 멋졌어요!  
20171028,10,정말 기대 되네요  꼭 보겠습니다  
20171028,10,우리 청소년들이 어쩌구 하면서 걱정해주는 척 OO하지 마시죠. 그 청소년들은 님들이 지껄이는 생각없는 혐오발언 전혀 공감하지도 않고 옹호해줄 마음도 없습니다. 님들이 보기 싫은 것 청소년 운운하면서 청소년들 걱정한다는듯이 덮어씌우지 말라고요.  
20171028,10,기대합니다! 얼른 개봉했으면!!  
20171028,10,왜 별점테러 하는지 모르겠음 ㅠㅠ  
20171028,1,병맛 영화 같다. 저스티스 리그나 봐야지  
20171028,10,연기좋고 내용 좋아요 재밌어요  
20171028,10,음 시사회 갔다온 사람으로써 삼각관계가 조금 아쉽긴 했지만 배우들 연기력이 너무 소름끼치고 간만에 제대로 된 영화를 본 것 같아서 개운한 기분으로 극장 나왔음  
20171028,10,동성애가 무슨 유행이 됩니까 옷도 아니고 영화를 보고 동성애자가 되는 사람이 어떻게 있어요 그냥 영화를 보고 자신의 취향을 깨닫을 순 있어도 영화를 보고 앗? 동성애자? 멋지다 한 번 해볼까? 이런 건 전혀 존재 하지 않다구요 그냥 그건 취향인 거죠  
20171028,10,기대돼요!!! 빨리 보고싶습니다ㅠ  
20171028,10,아....간만에 괄약근 운동이나 해볼까아...  
20171028,1,동성애 반대합니다! 절대반대  
20171028,10,개봉전에 양아취들이 평점 테러하네 보기싫음 보지마러라 감놔라 배놔라 하지말고 ㅡㅡ 퉤퉤 싫으면 무관심으로 대응하면된단다  
20171028,10,선입견이나 편겹이 나자신을 얼마나 어리석게만드는것인지.  
20171027,10,진짜ㅠㅠ너무너무 사랑합니다 감독님 박성웅 오승훈 배우님!! 예고편 0.3초보고 무릎을 탁 쳤다구여ㅠㅠㅠ  
20171027,3,30만 예상해 봅니다 최대한...  
20171027,8,방은진 감독님 ~반가워요.  
20171027,10,네이버 평점은 그냥 믿고 거른다.  
20171027,10,빨리보고싶어요ㅠㅠ 기대하고있습니다!!  
20171027,1,게이ㅡㅡㅡㅡ극혐ㅡㅡ  
20171027,10,박성웅 씨의 연기변신부터 어떻게 주제를 담아낼지 너무나 기대되는 영화입니다!! 얼른 보고 싶어요~~  
20171027,10,영화재미있을것같아요  
20171026,10,보고싶어요 꼭 기대합니다 :-)  
20171026,10,월요일에 시사회로 보고 왔는데 연기 대박입니다 오승훈 배우님 얼굴도 완전 잘생기고 연기천재.... 주연 셋 연기로 끌고 갑니다 몰입도 대박이에요  
20171026,10,퀴어영화라는 이유로 0점을 주는 사람들을 보니 우리 사회가 아직도 각박하다는 게 느껴지네요  
20171026,10,기독교라고 다 욕하는거  아니에요.. 전 기독교인데 절대 다양한 성소수자들이 절대 그게 죄라고 생각안해요. 사랑을 하는걸 막는게 잘못되었다 생각하니까요.  그러니까 제발 종교욕하지 말아주세요. 욕하는 사람들만 욕해주세요. 이번 영화 기대하겠습니다!  
20171026,1,이런영화 누가보냐?? ㅋㅋㅋ  
20171026,5,15금 이네.. 19금으로 현실적인건 안보여주고 미화하려하나? 이상주의자들 많은데 현실이 시궁창인 이유는? 말로만 떠들지말고 Gays be ambitious!  
20171025,10,동성애도 뭔가 하나의 사랑으로 인정받는것 같아 기쁘네요  
20171025,10,와우의 유명  공격대인  메소드 공격대의 활약상!!!  
20171025,1,못보겠어서 나왔습니다.  
20171025,10,믿고보는 박성웅 ㅠㅠ퀴어영화라 더 기대됨  
20171025,10,박성웅 대본보는눈 믿습니당~  
20171025,9,박성웅의 연기 변신이 기대되어서 높은 점수 팍팍  
20171025,10,빨리 보고싶어요!!!  
20171025,10,"시사회에서 보고 왔습니다. 최고. 감독님과 배우들의 22일간의 뜨거운 열정이 스크린에서 느껴졌고, 그만큼의 감동을 받고 왔습니다. 연기고, 연출이고, 스토리고 너무 좋아서 보다가 울뻔했습니다.. 좋은 영화 만들어주셔서 감사해요 너무너무.  "
20171025,10,배우들의 연기력을 보는 재미가 있었다. 특히 박성웅을 맞받아치는 오승훈 연기가 돋보였고 윤승아도 의외였다. 후반부로 가면서는 몰입도가 엄청나게 높아져서 보는 즐거움이 있었음.  
20171025,10,"영화를 보면서 무엇을 중요시하는 것은 개인의 선택이겠지만, 부정적 선입견은  중요한 많은 것을  놓칠 수 있다고 우려됩니다.일단  부정적 선입견을 버리고 보세요~  영화에 흠뻑 빠지실겁니다. 더우기 탄탄한 연기력에 매료될 것입니다. 멋진 영화입니다!  "
20171025,1,글쎄요...ㅠㅠ 개봉을 안했으면 좋겠다는 생각입니다.  
20171025,9,동성애동성애 하면서 평점1점 주는 분들은 영화보신거 맞나요? 이 영화의 초점은 동성애만이 아닐텐데요 영화보고 내용이해하고 그리고나서 평점남기길  
20171025,1,똥꼬충새끼들 침투력 무엇ㅋㄱㅋ  
20171025,1,도대체 이 영화를 통해 무엇을 획득하려는 의도인가?  
20171024,1,별루별루별루네요..  
20171024,10,재밌겠어요 ㅎ 예고편만 봐도 연기력이 ! 별점테러 너무해요 열심히 노력해서 연기한 배우들이 뭐가되겠어요 ㅠㅠ  
20171024,10,동성애라는 아름다운 주제로 영화 만들어 주신 것 너무 감사합니다!! 영화 너무나 좋게 보았고 네이버 평점만 봐도 나쁜 시선과 더러운 의견이 많은 동성애를 적극적으로 표현해주신 감독님 너무나 감사하고 사랑합니다ㅜㅜ 메소드 최고! 메소드는 사랑입니다~  
20171024,10,재밌어요 이런 영화 한국에 자주 나왔으면 하고요 퀴어에 대한 인식이 더 좋게 바뀌었으면 좋겠고 호모포비아들은 다른데로 좀 가주셧으면 하네요 여기서 분탕질하지말고  
20171024,10,말할거없어요10점임  
20171024,10,기독교에서 알바 오셨나봐요... 넘넘 기대중입니다 (??ω??)  
20171024,9,"영화는 영화로 즐길 것,,, 베리 굿...  "
20171024,10,부국제 가서 보고왔습니다 1234321번 더 볼것입니다  
20171024,10,퀴어영화 메소드 기대해봅니다!  
20171024,10,"방은진 감독님, 영화 보지도 않았으면서 1점 테러 하는 사람들 때문에 상처 받지 않으셨으면 좋겠어요. 타당한 이유 없는 비난이잖아요.  "
20171024,10,"씅훈,,,넘,,,끼요워~~!!  "
20171024,9,박성웅의 퀴어연기라니 ㅋㅋㅋㅋ솔직히 볼가치가 충분하지 않습니까 뚜껑열어보고 실망하지 않기를 바랍니다!  
20171024,10,영화 안보고 욕하는게 그렇게 재밌나? 동성애라고 무조건 욕하는것도 도대체 어느시대 이야기인지;; 에이즈가 동성애 때문인줄 아세요? 그냥 성관계를 더럽게하니까 걸리는거잖아 무조건 동성애 갖다붙이지좀 마.. 정신병중에 동성애 혐오 어쩌고 비슷한거 있던데.  
20171024,1,동성애를 미화하는 영화네요~ 진짜 넘 실망스러웠어요  
20171024,10,신선하고 강렬한 영화! 두사람의 연기가 최고!  
20171024,10,나의인생영화라고 감히 말할 수 있음 ㅜ  
20171024,10,이걸 보고 동성애 양성이라하는건 아니다ㅋㅋㅋㅋ  
20171024,10,영화 보지도 않고 테러하는 사람들이 많은듯... 배우들 연기 정말 몰입해서 봤습니다. 추천합니다!!  
20171024,10,다름을 받아들일 줄 아는 미덕이 필요할 때  
20171024,10,박성웅이라 기대. 그가 보여줄 '메소드 연기'가 어떨지 기대된다  
20171024,10,완전 제대로 섹시한 박성웅. 그 남자 신인도 연기 장난 아님  
20171024,10,비교적 짜임새 있고 긴장감 있게 진행되는 멜로 스릴러 영화여서 신선했어요  
20171024,10,관객을 홀리게 만드는 두 배우의 미친 열연  
20171024,9,사람의 감정에 대한 이야기...입니다.  
20171024,6,퀴어영화라는 것에는 의미가 있지만 그것을 제외하고 영화자체만을 바라봤을 때는 개연성이 매우 부족한 영화가 아닌가 생각되네요. 뒤에 두 배우님의 연극인 '언체인'을 보는 약 20분 간만 집중해서 보았습니다.  
20171024,10,박성웅의 연기와 오승훈의 연기가 기대됩니다  
20171024,10,오승훈의 매력이 넘쳐 날 것 같아서 기대됩니다요  
20171024,10,오승훈이란 배우. 크게 될 것 같다  
20171024,10,"영화도 못본것들이 평점 폭탄하는 저의가 뭐냐? 무식한것들, 동성애영화가 아니라 메소드연기에 빠져들어 혼란스러운 남자 얘기쟈나. 영화를 제대로 보고 이해나 하고 떠들어라.  "
20171024,10,배우들의 연기가 훌륭해서 진짜 몰입해서 봤는데 재미있네요!!  
20171024,10,신기하고 오묘한 감정의 세계.  
20171024,1,김성웅 포함한 배우들 정말 실망입니다. 퀴어를 아름다움으로 묘사하여 나라에 해악을 끼치는 역할에 앞장서다니 돈밖에 모르는 작자들  
20171024,1,이런 영화 만들지마라인간답게 살자평점 0도 못준다  
20171024,1,이런거 정말 악영향!!!;;;  
20171024,1,0점 짜리 쓸데없는 영화임  
20171024,1,이런 ...1점도 아깝다  
20171024,1,시사회 보고 왔습니다. 짧은 러닝타임에 모두 채워넣기에는 부족함이 있는듯 합니다. 관객이 주인공의 감정 흐름을 따라갈수가 없어 뜬금없다고 느껴지는 부분이 많습니다. 그리고무엇보다 윤승아 연기력은... 더이상 말을 않겠습니다.  
20171024,1,소돔과 고모라가 왜 멸망했는지 아십니까!!! 이런 끔찍하고 더러운 주제로 영화 만들지마세요!!!  
20171024,10,후반부의 몰입도는 그저 최고!  
20171024,9,예고편만으로도  몰입된다 기대감에 별반개 뺐음아이돌역이 갖고노는건아니겠지 ㅠㅠ기대기대  
20171024,1,모야? 퀴어영화냐?이런 소재로 영화를 만든다는것 자체가 동성애 미화야  
20171024,1,예술의 격을 떨어뜨리는 영화... 박성웅 팬이데 실망이요ㅜㅜ 동성애는 사랑이 아니고 중독입니다  
20171024,1,이런 류 영화보면 영 찝찝함...  
20171024,1,15세 이상관람 등급이 이젠 무의미 한 것같다 예술이라근 이름하에 더 자극적이고 폭력적을 미화 시켜버린다~아이를 키우는 부모로서 마음이 아프다~~  
20171024,10,이성애가 무섭다...성매매해서 에이즈 걸리고...  
20171024,10,단체로 별점테러 어이없다. 이거랑 현실구분 못하는 사람이 어디있습니까? 보기싫으면 니들이 보지 마세요  
20171024,9,니들이 보기싫음 보지말어 니들이 뭔데 동성애반대니 싫다니ㅋㅋㅋ어이가없네 개개인의 생각보고 지ㅣ이ㅣ랄하지마 너나잘해 니들이나 잘하라고ㅋㅋ  
20171024,10,정말 기대되는 작품입니다! 꼭보러갈게요! 갓성웅!  
20171024,10,개독 단체에서 평점 테러하러 단체로 몰려왔나 보네요 본인들이 보기 싫으면 안보면되지 꼭 단체로 몰려와서 평점 테러하는건 무슨 추태임?  
20171024,10,대놓고 동성애라 호불호 많이 갈릴 것 같긴 해요 근데 배우들 연기도 너무 좋고 연출도 새로워서 내내 눈도 못떼고 감탄하면서 봤어요 출연하기까지 쉽진 않으셨을 텐데 너무 욕먹는 것 같아서 평점 남겨요 간만에 잘만든 영화라 한번쯤 보면 좋을 것 같아요  
20171024,10,이거보고 동성애자 된다는 놈들은 현실이랑 구분 못하는 무뇌아인거 아니냐  
20171024,10,영화가 끝나도 한동안 그 자리에 그대로 앉아 있었어요. 여운이 남아서...  
20171024,10,오승훈 배우님 연기 영화 뒤로 갈수록 소름 끼쳤습니다!박성웅 배우님 연기는 역시나 진짜 몰입도 최고였고!윤승아 배우님은 영화 속에 등장하실때 항상 너무 예쁘셔서 놀랐고 또 대사 없을때 감정 연기가 너무 좋았어요.. 모두 메소드 개봉하면 보러가세요!  
20171024,10,더이상 퀴어가 19금이나 이상한사람 취급이아닌 다른 영화처럼 15세로맨스물로 다가와서 기뻐요. 이성애든 양성애든 동성애든 같은 사랑이고 똑같이 소중한사람들이에요. 사회의 문제라는식으로 말하지마세요. 사람이 사람을 사랑하는게 뭐가 문제인건가요?  
20171024,9,사랑을 빙자한 세 남녀의 메소드 연기 이 영화의 보이는 것 만 믿지 말아라  
20171024,10,사랑해여 최곱니다!!!!  
20171024,10,퀴어영화라고 해서 1점테러 하는 사람 많네... 동성애 혐오하려면 혼자서 하세요... 왜 여기까지 와서 보지도 않은 영화 평점 내리고 있는거죠  
20171024,9, 유난히 23일 오전8시41분 부터 지금 막 24일로 넘어간 이순간까지 이어지는 일관된 내용의1점 행렬을 어찌설명해야 할까요? 알바인가요? 너무 어이없게 이상하네요. 오늘 시사회로 봤는데 동성애 미화 이런거 없습니다. 보시고 평가하시길...  
20171024,10,오늘시사회다녀왔는데재밌습니다  
20171024,1,0점은 없나보네 왜자꾸 동성애를 미화하시는지  
20171024,1,글쎄 이게 무슨... 어째 영 찝찝한데...  
20171024,10,정말 많이 기대합니다!!  
20171023,1,별로 기대 안돼네요 이런영화 정말 싫어요  
20171023,10,동성애를 보고 더럽다느니 에이즈라니 이젠 좀 깨우쳐야 해요. 요즘 동성애를 받아들이는 게 사회적으로 흘러가는 경향인데 그걸 받아들이지 못하고 고정된 의식 속에 살아가는 게 우리 나라의 단점이에요. 이런 도전한 것도 얼마나 대단한건데...  
20171023,10,진심 보지도 않고 글 남기는 개독교들은 진짜 극혐이다.연기는 연기일 뿐이지 과대망상 아닌가??  
20171023,10,여기 왜 관람하지도 않고 글 쓰는 분들이 많은거죠...전 시사회로 오늘 보고 왔는데 연기력 진짜 최고라는 생각만 드네요. 메소드 연기로 인해 실제로 사랑에 빠지는 모습이 배우들의 연기력을 만나 소름돋게 표현되었습니다. 특히 연극 장면이 인상깊었습니다.  
20171023,6,개봉전인데 동성애라는 이유로 별점테러는 아니라고 본다  
20171023,6,시사회 다녀왔습니다- 단순한 동성애 영화라고 하기엔... 극중 두 배우의 연기력이 너무 뛰어나 관객에게 메세지를 던지기에 충분한 영화 였던 것 같습니다. 그게 무엇인지는 깊게 생각해봐야겠지만-  영화인가..연극인가.. 흥미로운 혼란도 있었어요!  
20171023,10,오늘 시사회 보러 갔고 전혀 안더럽고 미화? 전혀 모르겠고 그저 사람 대 사람으로 재하와 영우의 치열하기까지 한 사랑에 빠져서 나왔습니다 정식개봉하면 또 볼거예요. 영화 보지도 않고 동성애라는 이유로 별점 테러하는 분들 구시대적 발상이 참 한심하네요.  
20171023,1,0점주고싶다.정신나간 영화.사회악을 미화하는 건 매국노.  
20171023,10,오늘 시사회 다녀왔습니다. 배우분들 메소드 연기 정말 훌륭합니다!!  
20171023,1,이런 동성애를 다룬 영화가 15세부터 관람가능?말이 안나오네요...동성애는 가정을 넘어 나라를 무너뜨릴 수 있습니다.  
20171023,10,마지막 연극씬 진짜 대박입니다 연기력 최고  
20171023,9,큰 기대 안했는데 이 영화 미쳤다!!! 얕보면 큰코 다친다!!! 9점준건 윤승아의 미스캐스팅 때문...  
20171023,1,박성웅 개 실망 왜 이런영화를  
20171023,1,왜? 도대체 왜 만들었을까? 아무것도 없는 영화. 내용이 문제가 아니라 모든 요소요소가 다 불편했음.  
20171023,10,재미있어요~~.. 알지도못하면서 에이즈 에이즈 씨부리는 것들은 무시해욤  
20171023,1,음마.. 남자 둘이 왜 저러고 있나  했더니 ...퀴어영화??? 넘 한다.ㅜㅜ  
20171023,10,짧은 시간이였지만 정말 모든 장면이 강렬하게 기억이 남는 영화였습니다. 영화는 11월 2일날 개봉 기다리고 있습니다 꼭 대박나길빕니다 이 영화를 만드신 모든분들께 감사드립니다 행복하세요  
20171023,1,1점도 주기싫으네 0점우리가내는 세금으로 치료하고있는 사실을알고도 이런영화를 만드나??에이즈환자 치료하다가나라가 망하게 생겼어  정신좀 차리세요  
20171023,10,"여기 진짜 멍청이들이 많아서 댓글 남기는데, 이런거 본다고 동성애가 더 생기지 않고 짐승들도 동성애를 하며 자신들이 호모 포비아라면 보지 않으면 될 영화다. 그렇게 이장르의 영화를 죽기보다 보기 싫으면 자신들이 몇억을 들여서 영화를 만들면 된다.  "
20171023,1,"청소년 에이즈 감염자들이 급증하고 있는 마당에, 동성애 미화하는 영화라니요~ >.< 방송과 영화 등 미디어 매체를 통해 동성애를 옹호하고 조장하면.. 우리나라에 에이즈 감염자 수는 날로 급증할 것입니다! 왜 이런 영화를 만드는 것인지 정말 실망입니다!  "
20171023,1,15세 관람가라니...  
20171023,10,"기독교 정신병자들이 몰려오고 있어! 다들 피햇! ㅄ들아 공포영화 보면 살인마 되고, 조폭영화 보면 조폭되든? 그럼 난 왜 이성애자 사랑 영화만 보고 자랐는데 게이된거니? 븅닥들 정신차렷!  "
20171023,10,"퀴어가 뭐 어떤가요?? 이성애 소재면 다 훌륭한 영화인가요? 흥선대원군들 납시셨고~ 오졌고 지렸고~ 메소드 같은 영화들이 많아지길 기대합니다, 오늘 시사회로 봤는데 나쁘지 않았음 ㅋ  "
20171023,1,분별못하는이세상젊은이들에게이런유의영화를경험케하는것정말유감스럽습니다  
20171023,8,생각했던것보다 연기가 너무 좋아서 몰입해서 보고 나왔어요.  
20171023,1,이게 왜 15세 관람가인지 이해가 안된다  
20171023,10,안보고 글쎄요 내용 같은 소리하네 ㅋㅋ 부국제 평이 안좋아도 예고편만 봤을때는 꿀잼이다ㅉ  
20171023,1,볼 생각이  전혀없는 영화네요  
20171023,1,미화시키지마세요ㅜㅜ  
20171023,1,로봇연기자 윤승아랑 남주는 누군지도잘모르겟다노잼 예약  
20171023,1,어떤 메시지를 주는 영화인가?  
20171023,1,퀴어...  1. 기묘한. 이상한. 2. 변태. 동성애자. 영화구나  
20171023,1,평점등록 하기도. . .  
20171023,7,니네 이걸로 에이즈에이즈 거리면 부산은 그냥 지금 좆된거임. 막 지끼지 마시길. 니들 아들딸 문제는 정말 멍청할 정도로 현실과 판타지 구분 못하는 거 아닌 이상 이거 하나로 정체성이 좌우되지 않는단다.  
20171023,1,이런 영화가 15세관람가라니 아이들을 망치는 영화가 곧 나라의 앞날을 망칩니다  
20171023,1,0점 주고 싶다 1도 아깝네 ㅜㅜ  
20171023,1,드러죽겠다진짜 이런 드러운 영화 연출하구 연기하면 의식있어보이는 OO같은 나라  
20171023,8,"동성애가 에이즈를 뿌린다라, 동성애가 사라지면 에이즈가 사라질까? 에이즈 감염지역 1위인 이남 아프리카 국가들은 대부분 동성애가 법적으로 금지되어 있고 같은 금지국인 러시아에서도 전체 에이즈 감염자중 1.5%만이 동성애 감염자였다.  억지 명분이지.  "
20171023,10,글쎄요 지금까지 퀴어영화는 꽤나 많았고 좋은 시도라고 생각하네요. 동성애 영화보고 동성애한다는 분들은 총질하고 툭하면 역주행 하는 액션영화들에는 참 관대하시네요. 그렇게 따지면 조폭영화보고 조폭되나요ㅎㅎㅎ  
20171023,1,미쳤군!세상이 우찌되려고~퇴! 퇴!!  
20171023,1,   이 영화 주제 내용이 별루요  
20171023,1,이런 영화를 왜...ㅜㅜ  
20171023,10,왜 아직도 동성영화를 싫어하는지 제발 동성애 차별좀 그만해 나무를 보지 말고 숲을 보세요 세상엔 얼마나 다양한 사람들이 있는데 다 자기한테 맞춰주길 바라는 건가 영화 엄청기대하고 있어요 청소년도 볼수있게 15세로 결정하신것도 좋은 선택인것같습니다.  
20171023,1,서글프다. 썩은 영화가 나오는 이 나라...  
20171023,1,글쎄요...별로 좋을거같지가  
20171023,1,1도 안줘 빵점 줜짜 네이버 아예 우리나라에 그것도 청소년들 볼수있게15세관람. 에이즈 번지게 나서는 선두기업 되고싶나보다학부모인데 네이버 근처사는 쥔짜 시위할거다 이거 상영하면  
20171023,1,이런 영화를..참 기분이 안좋은 영화네요  
20171023,1,안볼렵니다 재미없겠네요  
20171023,1,이런 영화는 악의 축이다. 영화가 사회의 악을 부추기고 있다.제작자나 감독이나 연기자나 그들의 삶이 피폐해질것은 자명한 결과로 나올것이다. 이것은 악을 조장하는 범죄다.  
20171023,1,참내 진짜  국민 수준이 이런 퀴어영화 싫어하는거 모르는감??  
20171023,1,동성애 옹호영화 맞죠?절대 안볼래요  
20171023,1,이런 동성애 영화 안보고싶다. ㅡㅡ  
20171023,1,도대체이런드라마를만들어서무엇을보여주고자함인지~~박성웅연기잘하시는분이라생각했는데이런내용인줄아시고도출연하셨다는게실망이네요●●  
20171023,1,"동성애를 미화시키는 영화 싫어요.안돼요. 에이즈는 남성동성애자를의 항문성교로 늘어나고 있습니다. 에이즈 환자의 대부분, 90프로 이상이 남자라고 합니다.  건강하고 행복한 삶을 위하여  바른 성문화를 지킵시다.  "
20171023,1,0점... ㅠㅠ 이런 사회적상황이 너무 슬프네요 ㅠㅠ  
20171023,1,글쎄요 청소년에게 도움이 되지 않을거 같네요ㅜ  
20171023,1,빵쩜 주고싶은데 없네요.감독도 배우도 다 미쳤다고 밖에는....  
20171023,1,동성애영화 청소년기때에 보면 깊히 새겨지죠 이런 정신을 혼미케 하는 영화 는 완전 비추네요  
20171023,1,이건 좀 아닌듯;;;;  
20171023,1,이런 영화를 연기변신으로 출연이라서 ....  
20171023,1,0점 없나요? 박성웅씨 왜 이런 영화를..  
20171023,10,"일베들은 별그지같은 테러들도 그치질 않는군.. 동성애가 무슨 범죄도 아니고..그리고 이영화 말고도 동성애영화들 무진장많은데 와 그런영화들은 몰랐을까나.. 개념이 박그네와 이맹박,박독재..과 동급인 베충들..  "
20171023,1,별로예요ㆍ기대이하ㆍ 정신피폐  
20171023,1,이게 뭡니까? 나라를 위험에 빠뜨릴 영화가 아니라 살릴 영화를 만들어주시길...  
20171023,1,에이즈 걸리라고 광고하는 영화냐!  
20171023,1,아뭐야 동성애내용이자나...  
20171023,1,에구 정말 동성에 미디어를 통해 미화 고만합시다부메랑되어 돌아옵니다  
20171023,1,우리의 미래인 아이들에게 미칠 영향이 심히 염려됨ㅠ  
20171023,1,돈 아깝다... 안보는게 최선...  
20171023,1,자유라고 이름하는 방종  
20171023,10,평점 테러도 아니고 참... 기가막혀서. 영화 꼭 보고싶네요^-^  연기 기대됩니다^-^  
20171023,1,동성애영화는  학보모로써 권유하고싶지는않습니다!!내자녀의 올바른정서가  파괴될까봐서!!  
20171023,1,박성웅이가 이런 영화에 나오다니  
20171023,1,다른  좋은 영화 보시는게 좋을듯  
20171023,1,남성간 동성간 성행위 하면 떠오르는 단어...에이즈 변실금.왜 0점은 없는 거냐  
20171023,1,에이즈 주범은 동성애!!!!동성애는  세금  깍아 먹는  병입니다!!!도덕성에 결려된 동성애 영화는 아닌것 같습니다!!!!  
20171023,1,동성애를 미화시키지 마세요...  
20171023,1,나라와 아이들 망치는 영화다에이즈 늘어가는 통로인 동성애 부추기지 마세요의도적으로 동성애 미화시키지 마세요동성애 결말은 육체도 정신도 비극이예요  
20171023,1,만들필요도 만들어서도 안되는 백해무익한 영화언론과 미디어는 동성애와 에이즈의 상관성을 정직하게 보도하라  
20171023,1,최악입니다 이런 영화를 버젓이 상영하려고 하다니  
20171023,1,아이고.... 정말.... 왜 자꾸 안좋은 것을 미화 시키려고 이렇게 난리인지...  
20171023,1,모냐 이게....이건 좀 아니다. 아니 많이 아니다.  
20171023,1,"동성애는 육체적 관계가 따라오고 그끝은 공황장애 에이즈, 치료비는 반대하는 국민의 세금인데 뭘 어떻게 미화한영화인지 궁금은하다. ㅋ  "
20171023,10,"청소년의 악영향이라니, 동성애 조장이라니, 사이비 신앙이라니, 대체 그러신 분들은 일상생활이 가능하신가요. 이번 계기로 방은진 감독님이 동성애에 대한 부정적인 편견을 속 시원하게 깨주셨으면 좋겠습니다. 영화 기대하고 있어요! 좋은 영화, 미리 감사해요  "
20171023,1,글쎄요. 이런영화가  15세라니.... 우려스럽네요  
20171023,1,1점 주기도 아깝네요...  
20171023,1,청소년들의 눈과 귀와 뇌를 혼란스럽게 하는군요.청소년들이 동성애 바텀 알바로 에이즈에 너무나 많은 노출이 되는 이시기에 어찌 이런 영화를 15세 이하 관람을 하게 합니까~ 절대 반대입니다. 평점은 0 입니다  
20171023,10,배우에게도 나에게도 모든 것이 새롭다 아직 미개봉작인데 사랑을육체적으로만 생각하는 변태들의 평점테러로 내려가기엔 너무 아쉬운 작품.. 자기 자식한테는 본인이 설명하세요 본인 생각대로 보지 말라고 하던가..그 한마디 못해서 영화가 피해봐야 하나..  
20171023,1,제발 정신 좀 차리고 살자.방은진 감독아...니가 만든 영화가 소수를 옹호해주다가 다수를 망가뜨린다는 건 아니?  
20171023,1,이런 내용의 영화를 왜 만들고 나오는지 이해할수가 없네요  
20171023,10,평점 수준보니 대한민국에 이런 영화들이 더많이 나와야 겠네요. 동성애는 텍스트나 영상으로 교육되는 사상같은 게 아닙니다. 이런 걱정하실시간에 자식들 포르노보는 것이나 말리세요. 또 그렇게 걱정하는 이번 에이즈사태는 이성애자들이 성매매로 옮긴것 아시죠?  
20171023,1,이제 젊은 청소년들이 동성애가 뭐 어떠냐고 방송 매체에서 나오겠군요... 이상한 생각이 이상한 사상이 이상한 문화가 되어 청년들과 나라를 병들게 하겠네요...  
20171023,1,동성애 코드 영화가 대한민국에서 상영된다는게 말이 안됩니다. 시대의 아이콘들이 등장하는 영화에 우리 아이들이 노출된다니 소름이 끼칩니다.  
20171023,1,만드신 분들 가정이 있고 아이도 있으실텐데 안타깝네요아이들에게 끼칠 영향을 생각하셔야지요평점에 0은 없나봐요  
20171023,1,글쎄요~~별로일거 같네요  
20171023,1,15세 관람가로 동성애 미화하는 영화만들어서  애들 동성애조장하려는가?  
20171023,1,동성애 미화 하지 맙시다정말 실망스럽네요이런 영화 개봉 반대합니다  
20171023,1,이런영화가 청소년들에게 얼마나 악영향을 끼칠지 생각은 하고 만드는걸까? 10대 바텀알바 기사 읽고 얼마나 놀랬던지....  
20171023,1,정말 1점 주기도 아깝습니다. 동성애가 사회와 개인의 얼마나 심각하고 안 좋은 영향을 미치는지 아십니까? 이 영화... 할말이 없네요.  
20171023,10,둘이 사귀는영화도 아니고 한사람은 전혀 생각없는 영환데 무슨 개소리평가들이 많음? ㅋㅋ  
20171023,1,안보고싶다감독은이런영화왜마드나  
20171023,1,0점!! 어린 청소년들을 위해서라도 동성애 미화하는 영화는 진짜 안된다!! 더이상 TV 드라마나 영화에서 동성애를 미화시키면 안되고~ 팩트를 알려줘야 한다!!! 영화는 영화일뿐이라지만 아이들에게 미치는 영향력을 생각하면 ㅠㅠ  
20171023,1,"왜 이런 반사회적, 인륜적 영화를 만들어 거짓 인권 개념을 주입시키려 합니까?동성애로 인한 폐해를 심도 있게 다뤄야 하지 악ㅎ을까요ㅣ  "
20171023,1,우리나라  동성애로  에이즈가  창궐하고  에이즈  위험국가가  되었는데 이런  동성애를  미화하고 옹호하는  나쁜  영화를  만들어  타락과  방종의  길로  가고  있으니   기가  막한다.우리  자녀세대를  망치는  동성애 영화 ~ OUT  
20171023,1,에이즈로 난리난 이런민감한 시기에 이런 영화..별로 달갑지 않네요..청소년들이 무슨 영향을 받을지 심히 걱정되네요..  
20171023,1,노노노 ....  NO NO NO  
20171023,1,역대급 최악 뜨으으아...  
20171023,1,요즘 청소년 에이즈 증가율 기사 못봤나?동성애 미화 옹호 조장 반대다  
20171023,1,1점도주기아깝다.동성애를미화하지마라  
20171023,1,박성웅 불쌍하다 어쩌다 이런 영화의 주인공이 됐니?이미지 다 버렸네 ㅉㅉㅉ 그렇게 할 영화가 없나??? 에이즈 조심해라  
20171023,1,동성애 미화 영화네요. 요즘 청소년 에이즈로 나라가 떠들썩 하는데..젊은이들에게 환상을 가지게 하고 동성애의 폐해를 알리지 못해서 아쉽네요. 비추네요  
20171023,1,게이들의 항문 섹스를 미화한 영화 그 이상 이하도 아니다.  
20171023,1,무슨 이런걸 영화라고..이거 감독도 동성애자인가요???  
20171023,1,대놓고 이런 영화를.... 청소년들이 보고 뭘 배울까..하ㅜㅜ  
20171023,1,도대체 뭔 생각으로 제작한거지..  
20171023,1,왠 동성애 조장영화?에이즈 확산된다. 93%가 남자동성애자들인데  
20171023,1,동성애 영화가 왜 15세 관람가인가요?  
20171023,1,동성애가 많이 미화된 영화네요... 요새 에이즈가 증가 추세라고 난리인데.. 에이즈가 남성동성애자 사이에서 가장 많이 발병된다는 사실을 모르시나요?이런 영화가 나와서야.. ㅠ  
20171023,1,세상이 우려됩니다ㅜㅜ  
20171023,1,별하나도아깝다. 이게 왜 15세관람가냐. 지금 어린애들도 제대로된 성개념이 아닌 문란의 극치인 사회에서 배울게없다. 어린애들 임신장려하고 성정체성 혼란주는 어른사회는 부끄러워해야한다. 에이즈판치는 요즘 동성애는 사회악이다.  
20171023,1,청소년 우정을 없애버리려 하는군요속상하네요. 문화로 포장해버린줄별이 없어요  
20171023,1,기대안된다. 좋은배우 데려다 놓고 왜 이런 내용인지...예술이란 포장으로 속이지 말기를  
20171023,1,동성애 주제 말고는 만들 영화가 없나요  
20171023,1,박성웅 진짜 좋아했는데...실망이다. 이런 영화를...아들이 보고 영향을 받으면 어쩔지...배우의 연기는 사회에 영향을 끼친다는 사실을...  
20171023,1,10대들의 에이즈를 조장하는 영화입니다!!퀴어가 문화라고 조장하는 영화다.1점도 아깝다!  
20171023,1,동성애로 인해 청소년에이즈환자가  늘어가고 있는  이때   이런 영화가  악영향미칠것이  심히  염려됩니다!!!  
20171023,1,"주제만봐도 전혀 기대되지않는,..  나는 안보면 되지만...아무것도 모르는 사람들이 볼 것에 걱정되는 영화..  "
20171023,1,왜 이런영화를 만들죠? 동성애를 미화하지맙시다. 나라 망칩니다.  
20171023,1,동성애 영화에 아이돌까지 십대 에이즈가 심각한데 이 영화 심히 걱정된다. 애들이 보고 동성애 미화 시킬까봐...  
20171023,1,동성애가 정신과 육체를 얼마나 파괴하는지 알면 이렇게 미화할 수 있을까?  
20171023,1,"아니,제발 사회문제의식의 표출이라고 동성애를 표현의 도구로 쓰지 마세요.역겹네요.  "
20171023,10,"방은진 감독님의 신작, 거기다 박성웅 배우님의 퀴어라니!  이 영화 완전 기대됩니다>.<  "
20171023,1,이런 영화가 15세 관람가라니..  다음 세대를 위해 박성웅씨가 앞장서면 더 응원할텐데 많이 아쉽네요..  난 안볼란다ㅠㅠ  
20171023,1,ㅉ ㅉ ㅉ 나락으로 빠지는구나 무지한자들  
20171023,1,청소년들에게 악영향 주는 동성애코드 영화 문제네요분별없이 보게 될까  무섭네요네이버에서 보여주는 영화 드라마 웹툰 등 걍 마구잡이로 보여주네요 청소년들 좀 생각합시다  
20171023,1,대한민국도 미쳐가는가!!!!  소수의 동성애자들한테 차별받는 시대를 애들한테 물려 줄수는 없는 노릇이다. 이런영화 개봉하는 것 절대 반대다.  
20171023,1,동성애  미화  안했으면....  
20171023,1,자꾸 동성애를 미화하는 영상물 만드는데암만 그래도 동성애는 사랑이 아니라 성중독이다. 공공보건을 무너뜨리는 일등공신이고 에이즈감염의 주요경로다. 제발 미화시키지 말고 현실을 보여줘라.  
20171023,1,-100하필 동성애~~ㅠㅠ완전 실망~~싸인 받은거 버려야겠다  
20171023,1,동성애 미화 쩌는구나 ㅉㅉ 언제까지 이러나 보자  
20171023,1,이 영화는 사회에 나쁜영향을 주는 사회악 영화입니다  
20171023,1,1점이 아까운 에이즈 양성 홍보영화..에이즈환자 1년 3천만원 치료비는 우리의 세금으로 나간다지  
20171023,1,별 재미도 없고 배우들도 그렇고...쩝  
20171023,1,퀴어...이 사회가 무섭다  
20171023,1,동성애 영화는 뿌리 뽑아야할 사이비신앙과 같더라  
20171023,1,우리나라 정서엔 맞지않는영화  
20171023,1,평점 0은 없나? 뭐 남자들얘길 여감독이 만드나. 뭔의도로?  
20171023,1,동성애 조장하는 영화같음...!!!ㅡㅡ;;  
20171023,1,별루네...이런영화 왜 만듬??  
20171023,10,부국영에서 보고왔는데 괜찮은 영화입니다. 어느 단체에서 좌표찍었는진 모르겠지만 참 말도 안되는걸로 테러하는 모습이 안타깝네요.  
20171023,1,0점은 없냐 1점도 아까운데  
20171023,1,이런거 별루다.곧 지나갈 장르  
20171023,1,이거를 영화라고...시간이 아깝네요~  
20171023,1,ㅠ 1점도 아깝습니다..  동성애자들 혐오하지 않습니다만. 동성애는 유전적인 것 아니고 성중독에 가깝다고 알고 있는데.. 15세관람가 이면 중고등학생도 볼 수 있는거잖아요.. 폐해가 많은 동성애를 소재로 15세.ㅠ이 영화 개봉 안했으면 좋겠어요.  
20171023,1,짐승도 동성애 안합니다  
20171023,1,글쎄요내용이 맘에 안듬  
20171023,10,"오승훈 너무 예쁘고 진짜 너무 좋은 영화가 될거같아서 기대된다. 이걸 기다리는 마음에 11월까지 살아간다,.,,, 너무 좋다ㅜㅜㅜㅜ  "
20171023,1,흠..글쎄요....  
20171023,10,"진짜  ,  싫으면 안보면 되지 굳이 와서 평점테러한다  진짜  수준이하이고 미개한 사람들 참 많아  도덕적으로  아주  민감한 나라이면서  이건 부도덕한 행위인줄 왜 모르지  "
20171023,1,이걸 중학생 울딸래미 또래가 볼수 있다고 말고 안돼...!!등급잘못 나온거 아님..?빵점은 없어서 1점줌..1점도 아까워?!!  
20171023,1,이런 영화가 어떻게 15세 관람가인지.. 청소년들이 보고 무슨생각을 하라고..  진짜 15세부터 관람할 수 있는 좋은 영향 끼치는 영화들이 제작되었으면 좋겠어요ㅠㅠ  
20171023,1,1도 주고 싶지 않네요.청소년에이즈가 급증하고 있다는뉴스보도 못 보셨습니까.동성애는 에이즈의 주범입니다.  
20171023,10,"박성웅 배우의 새로운 연기 도전 응원합니다 덧붙여 아직도 동성애가 사회의 악, 에이즈의 주범이라고 생각하는 인간들도 살아있군요 인식 수준에 감탄하고 갑니다  "
20171023,10,최고의 영화. 후반부 감정선은 그저 최고  
20171023,1,아버지와 아들나이의 육체적사랑을 미화한건 좀 아닌듯  
20171023,1,정말  미친거죠 에이즈가 판치는 이나라에 기가막혀  
20171023,1,별로일거 같고 재미없을거 같다  
20171023,1,나라망칠 이런영화를 왜 만들고 왜 상영한지...에이즈의 주범인 동성애가 얼마나 큰 악영향을주는지 다들 모르시나봐요...  
20171023,10,아직도 동성애=에이즈주범 이라고 하는 멍청한 소리를 하는 인간이 있네요 그리고 이번 에이즈 사건이랑 동성애는 뭔 상관이죠? 돈 아깝다는 댓글도 있던데 님 돈으로 찍은 거 아니니까 신경 안 쓰셔도 될 듯요 걱정이 참 많으신데 그 시간에 방청소나 하세요!  
20171023,1,"자녀들을 생각하고 우리의 미래를 생각하기를..완벽하다고..동성간 육체적 탐닉과 쾌락 무엇보다 정서적혼란과 정체성 혼란, 혼란은 혼돈, 정상적인 질서가 깨진 것입니다 분별이 필요하지요!  "
20171023,1,평점주기도 아까운영화네요에이즈로 사회가시끄러운데 아랑곳하지 않고 상영하는 감독은  
20171023,1,아버지와 아들같다 ㅜㅜ한여자와 한남자의사랑이 결혼이다.동성애 미화하지않길에이즈로시끄러운 시점에 이런영화를 개봉하지않았으면좋겠다  
20171023,1,동성애 주제는 아닌거같음  
20171023,1,..그렇게 기대되지는...  
20171023,1,진짜..  할 말이 없네..  ㅠㅠ 에이즈걸리라고 부채질하냐고요? 청소년에이즈가 급증하고있는디..ㅠㅠ  
20171023,1,별점 0점..이영화 당장 내리세요..동성애로 에이즈가 확산되고 있는데...영화로 우리 청소년들을 미혹시키지 마세요..미친 감독  
20171023,1,동성애는 에이즈를 일으키는 주범입니다그리고 동성애는 병입니다미화되서는 안될일입니다  
20171023,1,에이즈가 난리인데 이런 상업적 미화영화는 진짜싫어요. 정상결혼으로 이쁘게 살아가는 신혼일기인가 그걸보세요  
20171023,1,어쩌다 이런세상이 됐을까요  
20171023,1,0점강력 반대합니다  
20171023,1,포스터만 봤지만 안어울리는듯.. 박성웅은 조폭연기로..  
20171023,1,눈과귀가  아프다...0점  
20171023,1,글쎄요   영화가 배우의 연기력도 보긴 해야겠지만사회 문화적인 부분을 고려했을때 염려스러운 영화네요  
20171023,1,별루별루별루별루별루별루..  
20171023,1,이런 영화로 동성애 미화시키지 마세요!  동성애는 결국  AIDS로 연결 되는 걸 아실텐데 ...  
20171023,1,1도아까운 영화....  
20171023,1,정도가 아닌 끌림은 위험한 세상을 만든다  
20171023,1,동성애 영화가 청소년들에게 얼마나 잘못된 영향을 미치는지 모르시나요?? 잘못된 문화가 나라를 망칩니다!  
20171023,1,의식있는 예술인인게 이런영화를 만드는건가요?요즘 분위기가 동성애에 환호하면 의식이 있고 앞서가는자처럼 보인다는게 함정인거같습니다  
20171023,1,동성애 미화하는 영화인가..  
20171023,1,에이즈창궐시대에 미디어가 나서서 이러는건자극하고 부추기는거다  
20171023,1,에이즈가 창궐하는 마당에 동성애 미화하는 영화라니 어이없네요  
20171023,1,좋은영향력을 주는 영화들좀 만들죠??포스터만 봐도 기분 진짜별로네  
20171023,1,바텀알바를 통해 10대들에게 다가오는 에이즈 이런 형편없는 영화를 통해 분별없이 동성애가 확대된다  
20171022,10,오승훈 씨의 연기가 어떨지 궁금해요!  
20171022,10,박성웅이라는 배우에 관심을 가지게되었다.  
20171022,10,박성웅 상대역 페이스가 낯이 익었는데 피고인 드라마에 나왔던 분이시네 ㅎㅎ  
20171021,3,부국제에서 보고 왔습니다. 기대를 너무 많이 했는지 실망스럽습니다.  
20171021,10,보기 전 부터 입 털지말고 보고나서 나불대라;  
20171021,10,국제영화제로 보고왓습니다. 개봉하면 또 볼거예요...!  
20171020,10,방금 biff 보고 옴. 윤승아도 두 사람의 비중에 지지않아 진짜 세사람만의 영화였고 그 안에서 연결되는 감정선들이 보이고 이해되고 끝에는 완성되면서 영화 잘만들엇다 생각함. 그리고 영화 중반 이후부터가 진짜 숨 참고 볼 정도로 빠져들어감.  
20171020,9,"[부산영화제 에서 관람 후 작성]  아래 기대평을 읽다 보니, 이 영화를 야오이물(?) 정도로 기대하는 사람들이 많은 듯합니다먼, 그렇게만 보기에는 이 영화를 흥미롭게 하는 요소들이 매우 다양합니다.  "
20171020,10,11월 언제 오나요...  
20171019,10,"대사 까먹었어요? 보고싶었어 라고 해야죠.그건 오직 메소드, 메소드를 위한, 메소드에 의한 것♥  "
20171018,10,소설로는 배우X아이돌 연성 많이 봤는데 드디어 영화인가요 충분히 가치있죠 예~~~!!! 고!!  
20171017,10,오승훈 너무 이뻐요....  저도 남자이지만 사랑합니다...  
20171016,10,개봉까지 어떻게 기다리죠... 부국제에서 너무 좋았습니다.. 메소드 만세 방감독님 만세  
20171016,10,예고편만 봐도 이미 꿀잼.  
20171015,9,퀴어영화는 아닌거같은데 다들 퀴어라고 하네요 어쨌든 박성웅씨의 감성영화 기대됩니다  
20171015,1,더럽다 더러워 레즈는 죄악이고 bl은 면죄부냐?더러운것들  
20171014,10,박성웅...개조타;;; 그것도 퀴어 영화에서 나오다니 진짜 꼭보러가야지...무대인사도 해주세여 감독언니!!! 저도 이름이 은진인데 성은 다르지만 같은 은지니네여엉ㅇㅎ  
20171014,10,박성웅님 무뢰한에서 보여주셨던 연기를 기억하고 있어요. 예고편 보고 얼마나 떨리던지. 박성웅표 멜로 기대합니다. 박성웅님이 멜로를 선보인다는 거 자체로 이미 난 우주 기쁘니까 10점.  
20171014,10,어제 부국제에서 보고 왔는데 좋아요!! 박성웅 배우 보러갔는데 오승훈 배우한테 치여서 왔습니다ㅋㅋ 영화에서 처음 뵙는데 감정 연기 좋더라고요. 영화에 기타 치며 노래 부르는 장면이 있는데 노래도 잘하셔서 놀랐습니다. 메소드 화이팅!!  
20171014,10,크 이런류도 한번씩 나오면 볼만하고 예고도 재밌겠던데 빨리 보고싶다  
20171014,10,예고편만 보고도 너무 재밌어서 계속 돌려보고 있 어요  빨리 보고싶어요  
20171013,10,방금 biff에서 보고 나왔습니다. 배우들 연기도 훌륭하고 숨막히는 강렬한 한방이 있는 영화입니다. 이런 작품 많이 나왔으면 좋겠어요.  
20171012,10,너무 기대 많이 하고 있어요.  
20171012,10,예고편만 봐도 존잼포스 흐름  
20171010,10,넘 기대되염ㅜㅜ현생에 치여두 꼭 볼게오ㅠㅠㅠ메인 예고편 정맬 꿀임니다...  
20171009,10,빨리 보고싶어요!!!  
20171009,10,"방은진 감독~ 오로라공주 , 집으로 가는길 재밌게 봐서 이번영화 기대됩니다~ㅎ  "
20171009,10,엉어 빨리 보고싶어요 ㅠㅠㅠ 왜 11월이 아닌거죠  
20171009,10,오늘이 11월 1일이라고 믿고 싶어요  
20171009,10,아직도 동성애가 사회의 악이라고 생각하는 사람이 있군요. 한참 뒤떨어진 사상이네요. 영화 기대하고 있겠습니다.  
20171006,10,볼래요볼래요 개봉일 언제와....ㅜㅜㅜ  
20171005,10,얼른 개봉...주세요 개봉...  (오열  
20171005,10,신세계 때 보고 완전 반한 박성웅 배우님! 맨투맨도 본방으로 챙겨보고 열심히 전 작품들도 보고 했더니 부국제 티켓팅 성공이라는 행운이 왔어요 조마조마 했는데 결국 성공해서 학교에서 미친듯이 날뛰었네요 13일 첫상영 잘 보고오겠습니다!! 너무 기대되요!  
20171004,10,11월빨리왔으면좋겠다 ㅜㅜ  
20171002,10,박성웅의연기변신만으로도 볼만한가치가있다!!  
20171002,10,의식있는 감독의 연출믿고보는 박성웅의 연기 두가지만으로도 쉽게 예상되거나 뻔한 느낌의 영화가 아닐거라는 믿음이 갑니다~!  
20170930,10,퀴어라니...무조건봐야지ㅠㅠ  
20170930,10,꼭 볼 겁니다 완전 기대해요  
20170930,10,아아 너무 좋아서 현기증 와요 빨리 보고싶어ㅠㅠ  
20170929,10,진짜 많이 기대됩니다..!  
20170927,10,퀴어 영화 진심으로 기대하고 있습니다  
20170927,10,박성웅 배우님 연기 너무 기대되고... 퀴어영화 검색하다가 알게 됐는데 개봉일이 너무 기다려져요.. 살아갈 희망이 생겼습니다...!  
20170925,10,"n차 찍으러갈 준비 해야겠다.. 드디어 살 이유가 생김,,,ㅜ  "
20170922,10,동성영화맞죠??!!  
20170921,10,"진짜 보고싶습니다, 기대하고 있습니다! 꼭 흥행하길 바랍니다  "
20170921,10,"보 고싶 다,,너무 보고싶어여..  "
20170920,10,박성웅의 퀴어영화... 너무너무 보고싶다 빨리 개봉했으면ㅜㅜ  
20170920,10,예고편 보고 직감했다..n차를 찍을 것임을.... 기대합니다!  
20170920,10,박성웅으로 모든  것이 기대 된다  
20170920,10,기대기대 완전 보러가야지  
20170920,10,부국제 못가는데 일반 상영관엔 언제 개봉하지요  
20170920,10,세상...감사합니다 감사합니다..  
20170920,10,10점. 누가 뭐래도 10점.  
20170920,10,너무 기대된다...!!♡  
20170919,10,"하.... 왜 내게 또 이런 시련을..주..ㅅ""ㅣ..  "
20170919,10,빨리...보고싶어요....현기증나요 빠리요  
20170919,10,기대중입니다! 기대에 부합하길~!  
20170919,10,와.. 이게 뭐람!!! 개봉날만 기다리고 있겠습니다.  
20170912,10,박성웅도 연극배우 출신이라네요. 무대위 스캔들 기대됩니다!  
20170831,10,이게 퀴어영화라고하던데 기대해보겠습니다  
20170827,10,박성웅님 연기 너무 기대됩니다~ 왤케 멋있으신지...  
20170729,10,박성웅박성웅박성웅 앓다 죽을 박성웅ㅠㅠ  
20170705,10,와나 기대된다.. 엄청..  
20170628,10,오.. 방은진 감독님 영화네요. 기대됩니다!!!!  
20170627,10,박성웅이 조폭/악당으로 나오지 않는것만으로도 충분히 볼 가치가 있는 영화. 연기 스펙트럼이 넓어진거 같아서 너무 좋다 웅팍 사랑해!  
20170626,10,이것은 또 무엇인가??  
