0,1,2
20180207,7,시나리오가 참 좋다. 성룡을 제대로 시나리오 안에 녹인 작품이 아닌가 싶다.  
20180206,10,스릴 넘침 근데 성룡 보니까 나이 많이들었드라 뭔가 짠함  
20180206,9,너무 기대되는 영화예요~~  
20180206,10,성룡형님. 만수무강 하세요.  
20180206,1,왕년에 내가 좋아한 액션 스타 배우 두분인데...이제 제발 영화 좀 그만 찍으시고 남은 여생 벌어둔 돈으로 조용히 사시면 좋겠네요 ㅋ  
20180206,10,우리는 은혜를 갚아야만 한다. 지금까지 룡이 형이 명절때마다 해준 게 얼만데! 가자! 극장으로!  
20180206,10,너무 늦게  개봉하네.. 이미 다  봤다  
20180205,6,형님의 액션에서 더이상 무언가를 기대하는건 힘들다는걸 아라다  
20180205,9,연초에 개똥같은 국내영화만 틀어줘서 볼 외화영화가 없드만 성룔행님을 필두로 2월달부턴 잼는 외화가 많이 쏟아지네요  
20180204,5,재미도없고 긴장감도없고 스릴도없고 하..  
20180204,10,성룡 나이가 딸이 아니라 손녀가 되어야 하는거 아닌가?  
20180202,7,"성룡이 연기하기엔 너무 무거운 주제이고, 특히 아일랜드와의 역사적 관계를 이해못하면 상당히 지루할듯  "
20180202,5,액션과 이야기가 달라붙지 않는다.  
20180202,10,성룡 까려거든 취권2 보고와서 까거라 급식들아 ㅋㅋ  
20180131,10,잘 짜여진 스토리와 전혀 루즈하지 않은 맨주먹 액션씬! 성룡이라는 이름으로 모든 것이 설명된다  
20180131,10,성룡도 세월은 비켜가지 못했지만 그런 그의 모습을 스크린으로 볼수 있다는것 만으로 이 영화를 볼 가치는 충분하다.  
20180131,10,역시 007은 무기빨인가. 007도 성룡한테는 힘들다는걸 증명할 영화  
20180131,10,성룡영화면 꼭 봤야지롱 기대되네요  
20180130,9,어마어마 한 액션은 감소했지만 그에게 경의를 표한다  
20180129,5,예고편이 다인 영화 나머지는 그냥 시간 떼우기 용  
20180129,10,저는 이거 봤습니다. 정말 재미있게 봤습니다. 성룡형님 액션신은 정말 두말할게 없더군요 ㅎㅎㅎ  
20180128,8,아직 건재한 성룡!!!  
20180128,8,성룡아저씨 그 나이에 이런 액션영화를...관절 상합니다. 조심하시길...  
20180128,6,다소 힘들어보이지만..노익장을 과시한 성룡에게 박수를..^&^  
20180127,8,나이들어도 멋있는 중후한매력의 성룡  
20180127,10,내용 완성도 모든 면에서 볼만한 수작. 성룡이 감독을 잘 만난 케이스. 기대에 200퍼 부응해준 성룡도 최고였음.  
20180127,10,억울하게 딸을 잃은  아버지의 하늘을 찌르는 분노와 슬픔. 어떻게 복수를 하게 될지 성룡 배우의 리얼액션 기대된다  
20180127,8,제임스 본드가 성룡한테 얻어터짐 ㅋㅋ  
20180125,2,포스터 보고 진지한 성룡의 연기를 정말 기대했던 사람으로서 한마리만 할게요 보지마라  
20180125,10,전설의 귀환인가...  
20180123,10,너무재밌는디 성룡 연기도 잘하구 액션 아직 죽지 않았으  
20180122,7,"스릴러와 성룡액션의 퓨전버전. 성룡의 이전작품과는 색다른 분위기. 성룡의 오랜 팬으로 최근 몇편의 영화에서 실망스러웠는데, 이 영화는 좀 낫다. 약간 아쉬운 점이 있기는 해도 영화 외적인 요인들을 털어내면 자체로는 볼만하다. 재기의 신호탄인가?  "
20180122,2,"성룡님 왕팬이긴합니다만,,,이제 은퇴하셔야할듯.이 영화,너무 아니올시다ㅠㅠ스토리도 없고,액션도 없고.스릴이나 긴장감마저도 없음,'뚜껑 열린채로 이틀 지난 김빠진 콜라맛.  "
20180122,10,리뷰 올린 놈들은 다운 받아 본거 아냐? 외국에 사는 놈들인가?  
20180122,1,"""범인의 이름을 진짜 모른다고 정중하게 얘기하는 사람들을 중국인 아버지가 자기 딸이 죽었다는 이유로 막무가내로 이리저리 괴롭히고 다니는 영화""  "
20180121,1,뜬금포 ;; 아일랜드랑 영국이랑 중국이랑 도대체 뭔 상관인데? 늬들이 싸우든가 말든가 ;; 제목이랑 내용이랑 너무 매치가 안된다;; 외국인 꺼지라고?  
20180121,1,"성룡의  어색한 연기,  어수룩한  아저씨가 갑자기 제이슨본이 되다니...개연성 부족...보는 내내...이거 뭔가...싶다.  후하게 1점 줌.  "
20180121,5,성룡이 나오는 부분 다 편집해도 사건 해결에는 문제가 없다...  
20180121,10,슬픈영화..액션뒤에 남는 여운과 후유증  
20180119,7,성룡님이 달라졌어요. 라 할랬는데 역시나 감독은 아니었군. 영화 볼만함. 성룡감독 스타일은 아님.  
20180118,10,모처럼 성룡영화 대박예감  
20180118,8,평점보다 영화가 괜찮아서 평점 올려주러 왔다  
20180117,10,예고편 마지막 do you에서 지리고 지금 두유먹고있습니다 꼭보고싶네여  
20180117,6,뭐? 그린랜턴감독이라고? 끄덕끄덕  
20180117,7,성룡 특유의 액션 스타일이 시종일관 진지한 이 영화의 무게를 떨어뜨리는 악수가 되어버렸다. 완성도는 조금 떨어지지만 그래도 끝까지 보게 만드는 매력도 있다.  
20180117,9,정말 훌륭하고 대단한 분이다.  한국연예인들은 돈좀벌고 CF만 찍을줄 알지..  
20180117,5,개연성이 없고 급작스러우며 억지스러움이 많지만 끝까지는 보게되는 영화..끝도 허무 그자체임. 그냥 딱 킬탐 5점정도 영화  
20180116,6,성룡형님이니까 6점 주지 이야기전개는 엉성하다  
20180116,8,내용이좀 어렵다. 인물관계도 복잡해뭔가좀 아쉽다. 그래도 성룡 저나이에 저런액션이라니..그건 대단하다  
20180116,10,평점이 낮음 대박 잼남댄젤 워싱턴 영화처럼 초반에 잔잔하게 시작 되는액션물~  
20180115,8,"노쇠한 두 액션스타를 반갑게 마주하는 방법. 본드의 토크만 늘고, 재키표 액션이 줄어 전성기 액션을 기대하기 어렵지만, 테러의 긴장감은 끝까지 끌고가며, 엔딩은 그 긴장감의 절정을 묵직한 캠벨표 액션으로 펼쳐낸다. “이름.. 이름을 말하라고!!!”  "
20180114,1,그린랜턴+중국자본 = 걸레작  
20180113,8,성룡표 액션 살아있네!  
20180113,6,영화가 무슨 똥싸다 덜딱은듯이 끝나요 ;;  
20180113,10,너무나 너넘 보고싶습니다  
20180113,7,개봉하게 되었는데 기대되긴하지만...  
20180113,10,성룡형 영화는 꼭 봐야지!  
20180112,10,오랜만에 제대로된 액션신을 보겠네요. 기대됩니다!  
20180112,10,너무 기대되요  꼭봐야지  
20180112,10,동서양을 대표하는  꼴라뷰...  엄청기대되네요  
20180112,10,너무 기대되요~~!!  
20180112,10,오랫만에 기대되는 영화가 개봉하네요~!!!액션 죽인다고..ㅎ  
20180112,10,성룡과 피어스브로스넌 의 만남 기대되네요!!  
20180112,10,어울리지 않는 두 주연이 어떻게 매칭될지 기대감을 주는군  
20180112,10,기대되네요. 액션하면 성룡  
20180112,10,오~ 성룡+피어스브로스넌 조합이라니@.@ 기대됩니다~~~  
20180112,10,레전드 성룡! 기대된다  
20180112,10,성룡...재키찬이라고도  불리지요..그는 전설입니다. 서양에는 리암니슨이 있다면 동양에는 성룡이 있습니다  
20180112,10,성룡영화 나오는거 이제 얼마 없다 보자  
20180112,10,기대하고 있습니다...보고싶어요~~~~  
20180112,10,성룡영화 오랜만에 꼭 보고싶습니다.  
20180111,10,초등학생때 보던 엑스맨에 나온 히어로 휴잭맨 울버린이 최근 로건에 늙은 모습으로 나온거와같이 유치원때부터 보던 히어로 성룡이 로건에 울버린과같이 늙었지만 노장은 죽지 않았다라는걸 보여주는 자부심과같은 영화..  
20180111,10,역시 믿고보는 성룡형님!  
20180111,5,중국엔 식당아재 한국엔 전당포아재가 있지  
20180111,5,않이;; 메인스토리인 테러범 잡는건 내용은 존나 허술하고 분량도 없고... 뭔 1시간10분동안 성룡 특수부대출신인거 어필하려고 범인 모른다는놈 존나 집요하게 누군지 말하라면서 엉뚱하게 괴롭히는 이야기가 전부냐  
20180111,8,재미있다. 이정도면 요즘 나오는 영화들 중에서 준수한 편이지 뭐.  
20180110,2,개연성이 너무 없고 무엇보다 60세 노인이 그냥 더 폭탄 테러범 같이 행동 하고 불사신처럼 나오니 참 허무하네  
20180110,9,연세가 드셔도 성룡 형님은 역시 액션이군요. 멋져요!  
20180110,4,성룡의 폴리스A를 기대했지만.. 결국은 테이큰보다 못한 ... 식당 아재가 해도해도 너무하는거 아닌가? 아무리 전직 특수요원이라고 해도... 동에번쩍 서에번쩍...  
20180109,5,분노한 아버지의 테러리스트 소탕 액션을 기대했으나 막상 결과물은 정치 스릴러에 뜬금없이 아버지 캐릭터가 나타나 잠깐 난리치고 사라진게 전부인 영화였다. 성룡은 완전 조연급으로 나오고 영화 내내 다른 인물들이 입말털다가 끝나버린다. 액션도 별로없다.  
20180109,8,야 임뫄 그 여자 애는 주인공인 성룡 딸이라고  
20180109,4,평이 안좋네. 테이큰의 리암리슨식의 액션이 필요하다  
20180109,8,보기전엔 그냥 옛날 성룡의 액션영화를 을 추억하자는 생각으로 보았으나 나이먹은 성룡의 액션연기 보다는 딸을 잃은 그의 내면연기가가 생각보다는 괜찮았다.  
20180108,10,테이큰 저리가라~~ㅎㅎ 정말 재미있네요^^  
20180108,9,무조건 봐야하는 거임 ㅋㅋㅋ 기대기대  
20180108,10,성룡형님 개봉만 해주세요 보러갑니다  
20180108,10,와 배우 조합 장난아니네 진짜 무게감 묵직하다  
20180108,8,배우들만으로도 기대가 되네요^^  
20180108,4,주름이 자글한 60대 동양 영감이 영국 젊은 용병들 후드려패고 죽이는 경로우대액숀물  
20180108,10,성룡 영화는 당~근 봐야죠!!!  
20180108,10,성룡의 컴백이다 다른말이 필요한가  
20180108,10,오올 성룡따거.. 느낌있는데... 성룡액션 기대됩니다 >ㅁ<  
20180108,10,믿고 보는 성룡! 가즈아~!!!  
20180108,10,오오 성룡과 피어스 브로스넌을 한번에 볼 수 있다니 완전 N차 각이다  
20180108,10,오랜만에 만나는 성룡 영화 ㅠㅠㅠ 궁금하다!!  
20180108,10,오.. 포스터 느낌 대박이네요 기존 성룡영화랑 뭔가 좀 다를거 같기도 하고 피어스 브로스넌도 나온다니 대박..  
20180108,10,성룡 출연 영화라면 무조건 본다~~~  
20180108,10,성룡따거의 액션이라면 믿고보지ㅋㅋ  
20180108,10,성룡따거 오랜만에 액션 찍으셨네  
20180108,10,와 성룡액션영화는 무조건봐야지!  
20180108,10,와대박 성룡이라니ㅠㅠ 무조건 보러감다  
20180107,8,음.. 영화가 하루종일 어둡다 어렵다 성룡이 다시 할리우드로 돌아와줘서 그걸로 족하다 영화를 보고나서 성룡도 이제 나이가 드셨구나 생각이든다  
20180107,6,내가 향수에 젖은것만은 아니지만 대역을 쓰는 성룡은 액션을 안하는게 낫지 않을까?  액션보다 폭발만 보았다.  
20180107,6,기대 이하ㆍ좀 지루 했어요ㅜ  
20180107,7,"성룡 특유의 화려한 액션은 볼 수 없었다. 미군 특수부대 출신이라는 것도 이 영화랑 크게 관련이 없는 것 같고, 죽은 딸을 위한 복수라면 조금은 더 잔인하고 압도적인 캐릭터가 필요했을 듯...  "
20180107,10,이정도면 첫 시도 치고는 잘만들었다고 생각한다. 성룡의 팬이라면 화려하진 않지만 색다른 복귀를 환영한다.  
20180107,6,뭔가 어정쩡하다..제작비때문인지 숲속 스토커질에 너무 비중을 뒀어..  
20180107,7,성룡이 일부러 늙은이 분장한건데 늙었다고 하는 놈들은 눈썰미 드럽게 없네;; 격투신이나 폭발신이  괜찮긴 한데 살짝 어설픈게 있긴 하다. 성룡의 모범시민 아류작  
20180107,10,생각외로 재미있었어요  몰입도 짱!  
20180107,3,이젠 성룡의 액션은 줄수밖에 없다해도 최근 출연작들의 퀄리티가 너무 떨어진다  
20180107,4,성룡 2점 007 아저씨 2점그외는 정말 별로인영화ㅜㅜ 시간낭비  
20180106,6,[S] 성룡과 피어스 조합 기대했는데 너무 억지스러운게 아닌가 쉽다 성룡이라는 캐릭터가 없어도 스토리 전개에는 아무런 지장이 없을 것 같았는데...  
20180106,6,동양인 배우를 미스 캐스팅 했다고 봄.이미 성룡이 주인공인 마당에  자연스럽게 예상 되는 스토리로 흘러갑니다.  
20180106,7,성룡의 늙은 얼굴이 너무 안쓰러워 두번 보기는 부담스럽지만성룡의 잔잔한 연기와 줄거리는  볼만했음. 역시 영국 배경의 영화는 허리우드의 대부분의 영화와 같이 경박하지 않아 좋음.  
20180106,1,"애꿎은 피어스나 협박하고 영화 너무 재미없고, 성룡 캐릭터 자체가 많이 짜증났음. 그냥 답정너 싸이코패스 느낌  "
20180106,2,정말로 힘빠진건 아닌가 걱정될 정도  
20180106,7,64세 ....이제는 힘겨워하는 성룡이 너무 아쉽다.  
20180105,8,"■ 개연성 측면에서 어설프지만, 킬링타임용 영화로는 볼만 함~ 총 있는데 왜 칼로 덤비다가 목졸려 죽지? 여자 테러범 매기 매력 있음~ ■ 박푱시기는 밥은 먹고 다니냐? ㅋㅋㅋ  "
20180105,10,성룡이 진짜 액션의 대명사이지 !  
20180105,2,외국나가서도 고생하네 성룡... 이제 넘 늙은듯  
20180105,1,"영화보고 열처받아서 평점달러 왔다.영화를 보고 평점을 줘라. 죄다 알바들인가? 키160, 몸무게60 , 나이 60에 비실비실 골골하는 영감이 용병과 특수부대 요원들을 다 처리하시네? 좁은 방에서는 4:1로 총격씬에 총한방 안맞네?? 양심이 좀 있어라.  "
20180105,3,엉성함을 억지부려 끼워 맞춘다  
20180104,1,쓸데 없이 평점이 너무 높네...성룡은 맞지 않는 옷을 입은듯  
20180104,1,영화를 처보지도 않고 10점을 주는 이유는 뭔가요?  
20180104,10,뭐지 밑엣놈아 어디 알바냐? 방금 보구왔는데 겁나 잼있게 봤는데?? 9점줄라 했는데 너거튼놈 땜에 10점준다  
20180104,5,"예고편이 너무 기대를 품게 했다. 기억에 남는 장면도 별로 없고. 이야기에 개연성이 너무 부족하다.소재도 참신했는데. 성룡이 특수부대 출신이고, 딸의 죽음에 대한 복수고 뭐고십분 활용 하지도 못하고 영화는 끝이난다. 쓸모 없는 장면도 너무  "
20180104,7,뭔 내용이 이리 어려운지... 거기다 피어스브로스넌은 완전 무능력자네 ㅋㅋ  
20180104,10,지저스~ 지저스~ 지저스~  
20180104,10,잼있게봤어요~~시간가는줄모르게~^^  
20180104,7,성룡 믿고 봤는데~전과는 너무도 달라진 모습에 아타까웧고 60넘은 노인에게 모두 발리는 부분도 공감 가지 않고~ 마지막007형님 있는 곳도 어케 알았는지~ 걍 간만에 영화에서 성룡 봤다는데 만족합니다  
20180104,6,자본에 굴복한 피어스브로스넌 ㅋ  
20180101,10,봤습니다 완성도가 정말 높은 스릴러. 두배우의 연기대결 진짜 최고  
20171231,10,와~ 꼭 봐라~  정말 시간 가는 줄 모르고 봤다.  
20171230,6,"액션씬이 통쾌하기보단 짠하게 느껴지는 걸 보니, 성룡 형님도 많이 늙었고... 상반신 노출씬도 안쓰러워 보이는 걸 보니, 피어스 브로스넌 형님 가슴살도 많이 늙었네요.  "
20171225,6,예고편 보고나서 엄청 기대하고 봤는데 많이 실망이네요ㅠ 사건의 개연성들도 떨어지고 결론도 허무하고.. 그나마 간간히 나오는 친숙한 액션 덕분에 버틸만 했습니다 . 국내에 왜 개봉 안하는지 이해가 안됐는데 보고나니 국내 개봉은 힘들것 같네요 ㅠㅠ  
20171223,7,중국자본이 들어갔지만 드물게 산으로 가지 않고 잘 짜여진 전개  
20171211,10,성룡의 액션은 죽지 않았다  
20171209,10,유튜브 박성룡님의  영상을보고 더더욱 기대됩니다 언제 개봉하나요?  
20171204,10,/英???/  토렌트 로 보는중   성룡 얼굴만  봐도 정말  많이 늙엇네요  이연걸도 그렇고 슬프다 ㅠㅠ  
20171130,4,예고편이  전부 이었던 영화  좀 아쉽네요  
20171125,10,믿고보는 성룡행님!!!  
20171125,10,성룡이 간만에 나왔네... 성룡 영화는 봐줘야지  
20171106,10,"외국극장에서 봤는데, 의외로 두 배우의 연기가 좋음. 속도감 있는 액션은 아니나 몰입감을 유지하면서 약간의 통쾌함 있는 결말이 좋음~ 극장에서 보길 잘 했네요. 폭발씬들이 꽤 impact 있어요 ~  "
20171027,10,성룡과 007 말이 필요 없다최고!!!  
20171025,10,어제 미국에서 보고 왔는데 두 말이 필요없는 영화였음.성룡아재의 늙은 모습을 보니 마음이 짠하기도 했음.강추 강추  
20171024,10,이미 기대하고 있는 성룡영화 전설이죠 ^^  
20171023,1,언제적 성룡이야 요즘 거르는게 성룡 영화인데  
20171023,10,형 아직 제나이 18이지만 영화를 형님처럼 헌신적으로 찍는사람은 못본거같아요. 정말 응원합니다. 죽기전에 한번이라도 뵙고싶네여ㅠ  
20171023,9,미국에선 나름 인기몰이중  
20171009,5,"해외 거주로 먼저 봤습니다. 성룡식 영화를 기대했으나, 중국 자본이 들어가서 그런걸까요? 영화 사이 사이에 '중국은 위대하니 그들을 건들지말자' 이런게 너무 많이 보이네요.. 옆에 관객들도 그런거 나오면 웃고요. 이게 웃음 포인트였다면 성공적이네요..  "
20171008,4,반지닦이 감독이었구나 지금 알았네 예고편 보고 조금 기대했는데 믿고 걸러야되나 왜 하필 구린랜턴 감독이냐  
20171005,1,여러분 제발 보지마요 성룡영화라고해서 봤는데 엄청 실망했어요 만약 한국에 개봉되면 돈이 아깝지않으시다면봐보세요  
20171004,10,성룡 영화는 영화관에서 봐도 아깝지 않은 휼륭한 영화.ㅎㅎ개봉당일날 보러 가야겠네여  
20170925,10,성룡형님 영화는 무조건 극장에서 봐야줘 ㅎㅎ  
20170922,10,성룡느님!!!! 어릴쩍부터 팬이였습니다!! 기대하겠습니다  
20170811,10,성룡의 이런 깊은연기좋아합니다~ㅎㅎ유럽속의 아시아인  
20170801,10,최근에 너무 삼류작만 찍으셧는데 간만에 제대로된 감독에 제대로된 헐리우드식 영화찍으시는듯!  
20170724,10,성룡의 영화에 대한 열정은 대단하죠. 기대가 됩니다.  
20170724,10,성룡영화 본것중에 재미 없었던 영화는 하나도 없었다ㅋ  
20170724,10,개봉 전이긴 하나 성룡+마틴 캠벨 조합만으로도 충분히 기대할만하다고 봅니다.  
20170724,10,좋아요 성룡영화즐겨봄  
20170721,10,"리암 니슨이 테이큰으로 제2의 전성기를 누렸듯이, 성룡도 이 영화로 제2의 전성기를 누리길 간절히 바라며..  "
20170710,10,국내 개봉 제발 부탁드립니다 심야영화로 꼭 보고싶어요ㅠㅠ성룡 형님 하드캐리머신  
20170702,10,감독도 훌륭하고 성룡도 나오고 ㅎㅎ 꼭 봐야지  
20170702,10,간만에 예고 보고 지렸다...ㄷㄷㄷ  
20170701,10,국내에서 꼭 개봉했으면 좋겠네요~~너무나 보고싶네요~~!  
20170630,10,따거 vs 제임스본드 ㄷㄷ  
20170630,10,마틴 캠벨이 카지노 로얄 때정도로만 찍어도 성공  
20170629,10,와우 유투브 예고편 죽인다 죽여  
20170629,10,룡 형님영화는 무조건보는거죠 기대 됩니다  
20170628,4,감독 때문에 그저 그런 킬링타임용 영화일듯 성룡이 아깝다  
20170628,10,와우 성룡님에 피어스브로스넌님 조합이라니.... 살아있길 잘햇네요  
20170628,9,성룡영화라 기대됩니다.  
20170628,10,성룡형님이 엄청나게 진지한 액션영화를 찍으셨다예고편보고 급기대 겁나 재밌겠다 :)  
20170627,10,예고보니 간만에 진지한 영화찍으신듯 울 형님..이번 영화는 꼭 극장에서 관람할것 같네요 재밌을것 같아서...  
20170627,9,예고편 우연히 봤는데기대 됩니다. 요새 감흥을 일으키는 영화가 없었는데예고편만 봐서는 혹하네요  
