0,1,2
20171030,10,정말 영화를 보는 내내 벅차오르는 감정을 가지며 본거같다.7집 앨범에 수록된 곡들을 이렇게 큰 화면으로 그리고 좋은 음향으로 들을수있어 눈과 귀 모두가 즐거우며 시간이 순식간에 지나가는 영화였다.  
20171030,10,영화배우 박효신 최고시다  
20171030,10,"영화를 보고나면 기분이 따뜻해지면서 하루가 모두 행복해지는 느낌이 든다. 음악이 주는 힘이 대단하다는 것을 박효신은 다시 한번 보여주고 있고, 앞으로 그가 어떤 음악으로 다가올지 더욱 기대하게 만든다.  "
20171030,10,노래 영상 얼굴 다잘한다 그냥 얼굴도 예술인인 박효신 사운드 빵빵하게 듣고있으면 콘서트 너무가고싶어지는 영화ㅠㅠㅠ  
20171030,10,가사가 훨씬 잘들리고 멜로디도 너무 좋고 영상미도 쩔고 진짜 너무 완벽  
20171030,10,또 보고싶다는 생각 뿐 .. 너무 멋진 사람  
20171030,10,정말 오래도록 준비한 7집앨범의 음악들을 영화관의 좋은 사운드로 감상할수 있는 기회!! 거기에 쿠바의 아름다운 풍경들을 영상으로 볼수 있어서 좋았습니다!! 그중 제일 좋았던건.. 잘생긴박효신♡  
20171030,10,자신의 모든 것을 쏟아낸 음악을 최적의 조건에서 듣도록 기회를 제공하고 싶다는 아티스트의 열망이 담긴 영상. 박효신의 자전적 내용이 담긴 페이크 다큐 형식의 뮤직비디오. 영상미와 사운드를 모두 갖춘 영상.  
20171030,10,여러분 콘서트를 못간다면 영화관으로 가세요!!!귀호강 하고옵니다!!!물론 눈호강도...  
20171030,10,"박효신의 음악만이 아니라 박효신이라는 사람의 깊이마저 느껴지는, 박효신의 7집을 온 마음으로 듣고 느낄 수 있는 그런 영화입니다.  "
20171030,10,연기도 어색하지 않고 노래는 말 안해도 아시죠  
20171030,10,좋은 음악과 좋은 영상.  
20171030,10,"박효신과 정재일의 음악,그리고 쿠바소년의 아름다운 뮤직영화.  "
20171030,10,음악이 듣기만을 위한것이아닌 전해주고싶은 이야기를 담은 매개체라는 것을 알게해준 영화이고 평소 억눌려있던 삶의 고민에서 벗어나는 방법을 알려준다. 간접 쿠바여행과 잘생긴 주연들로 눈까지 호강시켜주는영화  
20171030,10,사운드가 장난없다..ㅠㅠ여의도 또가야지 ㅋㅋㅋㅋ  
20171030,9,박효신 노래를 영화관에서 들으니 귀가 정말 호강했다ㅠ생각보다 퀄리티있어서 놀랐다!  
20171030,10,커다란 화면으로 보는 박효신의 7집이다. 매일 듣던 노래도 다른 의미로 다가왔고 노래의 가사며 음이며 하나마다 큰 울림이 되어 돌아왔다. 1년의 시간동안 팬들은 그를 믿고 기다렸고 그는 그 기대에 부응했다.  
20171030,10,온몸으로음악듣고왔습니다  
20171030,10,좋은 사운드.. 아름다운 영상.. 말해 뭐해요.. 온몸에 전율이 일고 소름이 돋아서 보는 내내 행복하고 울컥울컥하고 그랬답니다. 이렇게 좋은건 많은 사람들이 공유해야 하는데... 한마디로 말하자면 완벽해요!!!  
20171030,10,가슴이 벅찬 그런 뮤직비디오였다.  
20171030,10,"블럭뮤비 역할을 충실히 했다고 생각해요. 영상과 음악은 완벽했고, 스토리는 아티스트의 이야기와 음악이 주는 메시지를 잘 녹인 것 같아요. 팬이 아니라면 스토리라인이 미흡하다 보일 수 있겠으나, 숨은 이야기를 찾았다면 10점 아깝지 않아요 ;-)  "
20171030,10,눈호강에 귀호강까지 ㅠㅠ  
20171030,10,"앞으로 얼마나 더 행복한 날들이 나에게 있을지 하루하루 소중하고, 울고 웃을 날들을 기대하며 살아가고 싶게 한 영화였다.  "
20171030,10,아름다운 영상과 멋진음악에 시간가는줄 모르고 감상했습니다. 귀호강 눈호강 제대로 했네요.  마음 따뜻해지는 기분을주는 제목과같이 아름다운 영화였어요.  
20171030,10,"한 순간도, 한 장면의 어느 부분도 놓치고 싶지 않은 작품. 보면서 웃고 울고 소름돋았다. 박효신이 느꼈던 고뇌와 여행에서 얻어가는 것들을 연기, 영상, 내레이션으로 정말 잘 표현했다고 생각한다. 노래해줘서 고맙습니다. GRACIAS!  "
20171030,10,박효신의 음악에 대한 열정과 고뇌를 느낄 수 있었던 영화. 짧은 러닝타임에 스토리까지 완벽하길 기대하긴 어렵지만 음악과 연출만으로도 충분히 감동적이었고 박효신 7집은 원래 좋아하던 앨범이지만 영상과 함께 감상하니 훨씬 풍부하고 새롭게 들렸음..  
20171030,10,"박효신 정재일 두 아티스트가 음악을 어떻게 생각하고 느끼는 지, 그리고 그걸 어떤 방식으로 표현하고자 하는 지에 대해 온 몸으로 느낄 수 있는 영화  "
20171030,10,영화관에서 볼 수 있다는게 행복합니다  
20171030,10,아 서라운드로 들리는 목소리 행복햄ㅅ습니다  
20171030,10,많은걸 담으려는게 느껴졌다. 팬이 아니더라도 봐도 좋을 영화.  
20171030,10,노래 진짜 너무너무 좋고 살면서 한번쯤 꼭 봐야 할 영화  
20171030,10,박효신에게의 음악의 의미를 알게해주는영화  
20171030,10,ㅠㅠ광광 우럭우럭ㅠㅠ  
20171030,10,보는 내내 이렇게 웃음이 지어졌던 영화는 뷰티풀 투모로우가 처음인 것 같아요 :) 최고의 사운드로 7집을 들을 수 있어서 너무 좋았고 처음과 끝에 생각치도 못한 감동을 받았네요ㅠㅠ 좋은 영화 만들어주셔서 감사드립니다  
20171030,10,아름다운 사람의아름다운 이야기  
20171030,10,어ㅐ 개봉후밖에 없지ㅜㅜ보고왔지만 정말 박효신이란 사람이 어떤 사람인지 조금더 느낄수 있게 된거 같아요  
20171030,10,음악을 좋아하는 사람이라면 최고의 선물입니다  박효신의 음악을 영화관에서 듣고 볼수있다니  감동 ㅠㅠ 두번 세번 보세요 더큰 행복을 느낄수 있습니더  
20171030,10,"더 좋은 음향, 더 아름다운 영상미로 노래를 들려주고 보여주며 꿈에 대해 이야기하고 싶은 자들이 모여 만든 작품. 내용 전개는 진부하고 다소 개연성이 떨어져보여도 진정성과 애정이 느껴진다  "
20171030,10,보는내내 소오름 감동이었어요!!!  역시 박효신 노래해줘서 감사합니다!!!  
20171030,10,최고에요 고막 호강했습니다..  
20171030,10,Gooood~~!!!!  
20171030,10,음악에 대한 고민을 가진 가수 박효신과 소년 라파엘과의 만남으로 서로 위기를 극복하는 내용으로 극장서 7집을 들을수있었고 라파엘 정재일 박효신의 Happy together  버스킹 장면은 인상깊었습니다  
20171030,10,노래하며 다시 행복한 박효신... 당신의 앞날은 항상 누구보다 아름다운 내일이길  
20171030,10,사운드부터 스크린까지 조화가 완벽한 영화  
20171030,10,이런 시도를 한 박효신이 정말 대단하다는 생각밖에 않든다.음악을 다양한 시도로 폭넓게 활동하고 있는 진정한 예술가이다 .매년 발전하고 있는 사람이다.매년 다른 모습으로 우릴 반기지만 음악에 대한 그 뜨거운 열정만큼은 예나 지금 이순간이나 한결같다 .  
20171030,10,영상과 함께 듣는 박효신의 노래. 매일 즐겨 듣던 박효신 7집을 새롭게 만나는 기회가 됐다.  
20171030,10,행복을 찾아가는 과정을 그린 영화  
20171030,10,박효신의 7집은 박효신 그 자체. 왜 박효신이 박효신인지 알 수 있는 노력의 결정체  
20171030,10,한번보면 안다. 음악을 영화관에서 본격적으로 들을수있다는게 얼마나 큰 희열인지. 작정하고 귀르가즘  
20171029,9,보는 내내 행복했고 꿈같았음. 선물같은 박효신의 음악을 들을 수 있어서 소중한 시간이었다. 박효신이 늘 아름다운 내일을 맞이하길 ♥  
20171029,10,처음 예고편에서 음악이 자신을 짓누르는 무언가가 되기도 했다는 이야길 듣고 그의 인생속에서 음악적 고뇌가 차지하는 영역에대해 잠깐이나마 생각해보았다. 그리고 이 영화를 보는내내 그의 음악적 고뇌를 몸소 느낄 수 있었다.  
20171029,10,영화 내내 그런 생각이 들었다. '이 사람... 정말 생을 걸고 노래하는구나.'  이만한 가수가 또 나올까 싶다. 그러니 부디 오래오래 우리 곁에 있어주시길.  
20171029,10,콘서트도 모두 다녀오고 그의 무대매너와 뛰어난 무대연출감각에 매번 놀랐었지만 영화만큼 인간적이고 따뜻한 그의 모습과 음악에대한 열정을 맛볼 기회가 있었을까? 귀로 들어와 가슴까지 울린 음악  
20171029,10,"음악을 하는 사람이 음악으로 인해 상처받고 가슴 아프기도 하지만 , 또다시 그상처들을 음악으로 치유받을 수 있다는 그의 메세지를 느꼈다.음악에 대한 그의 끝없는 고뇌와 열정으로 탄생한 노래들을 들으며 오늘도 위로받을 수 있다는 사실이 너무도 감사하다.  "
20171029,10,더 드리머 전주 나올때랑 홈나올때 진심 소름ㄷㄷㅠㅠ일정때문에 한번 밖에 못보는 게 너무 안타깝습니다ㅠㅠ  
20171029,10,"따뜻한 음악, 그림같은 쿠바, 그리고 아름다운 사람들. 박효신의 음악을 영화관에서 들을 수 있다는 것만으로도 이 영화를 봐야하는 이유는 충분하다. 이에 더하여 가슴 따뜻해지는 사람들의 이야기와 영상미까지. 박효신의 음악 '인생' 영화. 추천합니다.  "
20171029,10,스토리 자체가 대단한 영화를 기대하면 안됨뮤비에 가까움벗뜨 영상이 예쁘고 노래가 좋고 박효신이 큰 화면에 꽉 참노래 신날 때 엉덩이가 들썩들썩함노래 따라부르고 싶은데 속으로 참아야해서 힘듦  
20171029,10,너무 잘봤습니다! 뮤비에서 이해하기 힘들었던 부분들이 다 풀어졌네요 ! 영화관에서 듣는 노래소리 진짜 새롭고 좋았어요 영상도 참 예쁘고 세 주연배우들도 예뻤습니다^^!  
20171029,10,여의도 사운드엑스관에서 들었는데..좋아뒈질뻔  
20171029,10,갓효신 갓효신 하는 이유를 알았다 Ps.은발? 금발? 연한 머리 색깔 때문에 조명마다 머리 색깔 바뀌는 거 너무 예뻤다 쩐다^^7  
20171029,10,박효신스럽다!!!!  
20171029,10,"열점도 적다 ... 박효신이 진정한 음악인, 아티스트라는것을 알게해주는 영화..  "
20171029,10,대중음악을 다른식으로 소비하게 해주고 다른 시각으로 음악을 바라볼 수 있는 기회를 만들어 주심에 감사했다. 아무나 못할 시도임에는 틀림없다  
20171028,10,역시 영화관 사운드는 다르네요1시간이 너무 짧았어요 다른세상 다녀온 기분  
20171028,10,또보러가야겠어요...  
20171028,10,"박효신, 대장님의 팬이라면 꼭 봐야될 영화, 전율과 감동을음악과 함께 받았습니다.. 이런 영화만들어주셔서정말 감사합니다~!!  "
20171028,10,따뜻하고 선물같은영화  
20171028,10,"박효신이란 사람이 가수가 되어줘서 고맙고 이렇게 열심히, 고단하게 살아준걸 알기에 이 영화(블럭뮤비)를 보고 가슴이 벅차올랐다..오랫동안 노래해줘요 Gracias..  "
20171028,10,감동 기쁨 즐거움 슬픔 .. 모든게 다 있는 영화  
20171028,10,박효신과 정재일은 예술가다  
20171028,10,대장이 자신의 음악에 대해 무얼 말하고 싶은지 무얼 하고 싶은지 조금이나마 알 수 있게 해준 영화. 계속 이렇게 영화 및 새로운 분야에 도전하면서 하고 싶은 활동 맘껏 하며 지냈으면.  
20171028,10,박효신의 음악을 새롭게 즐기는 방법. 여의도 사운드 엑스에서 꼭 보세요  
20171028,10,별 10개 아깝지 않을만큼 정말 짱대장님이 팬들과 음악을 어떻게 생각하는지 고스란히 담겨져있는 영화  
20171028,10,시작부터 끝까지 벅차오르는 마음을 멈출 수가 없었다. 멋진 풍경과 정말 좋은 음악을 큰 화면과 좋은 사운드로 들을 수 있다는 것과 대중 앞에 서는 연예인 박효신이 아닌 사람 박효신의 삶도 조금이나마 느낄 수 있어 정말 감동적이었다.  
20171028,10,너무나 훌륭한 음악과 아름다운 영상미... 눈물나게 아름다운 시간이었습니다  
20171028,10,박효신이 가수라는 길을 걷고 음악을 얼마나 사랑하는지 보는 내내 느낄수 있었던 영화.. 힐링bb  
20171028,10,"앨범이 나오면서, 너무나 좋아했던 가사들과 노래를 영화를 통해 한번 더, 박효신이라는 가수가 원하는 이미지를 알 수 있게되는, 또다른 관점으로 볼 수 있는 시간이 된 것 같다. 음악, 그에게 음악이 어떤 존재인지 알 수 있었던 시간이다.  "
20171028,9,영상과 음악이 너무 아름다워요~ 본격 귀호강영화!!  
20171028,10,\(^o^)/ o(^-^)o (づ_ど) (≥∀≤)/  
20171028,10,박효신씨의 음악에대한 열정을 느낄수 있는 영화네요..  7집 수록곡을 영상과 함께 볼수있다는것 자체가 행운이 아닐까 싶어요^^ 보는내내 두근두근하며 감상했습니다.  
20171028,10,박효신 너무 좋아하는 가수인데영화라니!!! 꼭 보고싶습니다!  
20171028,10,박효신님의 의도대로 좋은 음향과 넓고 좋은 화면으로 7집을 제대로 느낄 수 있었습니다 효신님의 음악을 좋아하거나 관심 있는분은 꼭 봐보세요평소 이어폰으로 듣다가 영화관에서 시각+청각으로 느끼니 더욱 감성과 가사가 전하는 감정들이 더 잘 들어왔습니다.  
20171028,10,팬들은 10점더주고싶어할듯  
20171028,10,"원래 7집으로 입덕하긴했지만..이번 블럭뮤비를 통해서..대장나무의 음악에 대한 고민, 생각 등 많은것을 느낄수 있었어요~~음악으로 힐링 시켜주셔서 감사해요~^^  "
20171027,10,"믿고 듣는 박효신, 정재일. 알고 있던 음악이 새로워진다~  "
20171027,10,"음악, 배경, 배우 모두 대박인 영화입니다!!! 역시 기대를 저버리지 않는 뛰어넘는 beautiful tomorrow~  "
20171027,10,박효신씨가 관객들과 팬들에게 전해주려고 하는 그 감정들이 고스란히 담아있고 1년동안 제작하면서 정말 애정깊게 만들었을거라고 짐작이 가네요 노래만으로도 사람의 마음을 치료하고 따뜻하게 해줘서 너무 감사드립니다  
20171027,10,영화관에서 큰 스크린으로 예쁜 영상과 함께 7집 노래 들으니까 너무 좋았어요 최고!!  
20171027,10,음악을 만들 때 느끼고 상상한 것들을 팬들에게 보여주려고 했던 마음이 너무 예뻐요.. 역시 출구는 없어..ㅠ  
20171027,10,영상도 아름답고 의미있는 7집 앨범이 새롭게 들려옵니다. 아름다운 두 아티스트에게 선물받은 기분이에요.  
20171027,10,눈과 귀가 행복했어요 :)  
20171027,10,"그냥 박효신 최고예요,,, 음악과 어우러진 쿠바의 풍경들 여운이 너무 남아요ㅠ  "
20171027,10,다소 생소할수있는 영화이지만 음악에 대한 한 사람의 소신이 담긴 작품. 음악영화라는 장르(?)에 걸맞게 음향을 아주 신경써서 그런지 가슴 뛰는 노래들이 인상깊었다.  
20171027,10,음악이 다했다. . . 영화보고 나오는데 멍함. . . 콘서트 가고싶어짐!  
20171027,10,박효신씨 이런 영화 만들어주셔서 너무 감사합니다.. 그라시아스!  
20171027,10,감동이예요 최고ㅜㅜ!!bbb  
20171027,10,한시간 동안 정말 행복했습니다.  
20171027,10,정말 너무도 좋았습니다.영화의 시작부터 끝까지..아름다운 영상미와 7집의 노래까지 모든게 완벽히 조화로웠다고 생각합니다.68분이라는 시간이 굉장히 짧게만 느껴지더군요.엔딩크레딧 끝까지 함께 앉아있던 나무들도 기억에 남더군요.감사하다고 전하고 싶습니다.  
20171027,10,블루레이소취!! 블루레이소취!!  
20171027,9,그의 20년 가수생활중에 우리가 눈으로만 보였던 탑가수생활말고 자기만의 고충과 힘들었던 생활을 알게되어 마음이 아팠다. 연기나 조금 미흡한점이 있었지만 그의  얼굴과 완벽했던 노래로 다 커버가능했다.  
20171027,10,"실력이 충분히 있음에도 항상노력하고 발전하는 모습이 아름답고, 그 결과를 항상 기대하게끔 하는 뮤지션 같아요 :)  "
20171027,10,왜인지 국내 미개봉작으로 뜨네요. 10.26 cgv에서 개봉해서 설레는 마음으로 무대인사와 영화 관람했습니다. 생각보다 스토리가 자연스럽게 노래에 어우러져서 만족스러웠습니다. 음향이 좋은 곳으로 다시 보려구요! 뷰티풀한 영화 만들어주셔서 감사합니다:)  
20171027,10,가사자체가 대사였고 영상미도 멋지구요 따뜻한 영화네요  
20171027,10,보는 내내 정말 행복했던 영화에요!!  
20171027,10,앞으로 '음악영화' 하면 '뷰티풀 투모로우' 라고 해도 될만큼 멋진 영화였습니다. 단 68분 동안 눈과 귀 온몸이 느낄수 있는 최고의 느낌을 선사합니다 오래오래 생각 날꺼같은 그런 영화... 딥디 꼭 내주셔야합니다  
20171027,10,개봉첫날 보고 왔는데요.박효신의 음악과 영상이 만나니 부족한게 없어요. 보는내내 감동.또 보러갑니다.  
20171027,10,박효신씨의 음악에 대한 생각과 연기력이 돋보이는 영화였습니다  
20171027,10,말이필요 없어요  눈으로 직접 확인하세용?  
20171027,10,"영화평점 처음남겨봅니다살다살다영화색감,박효신내레이션,음악,박효신과정재일의케미완벽했습니다. 쿠바에 내가다녀온듯한박효신이란 사람을보고온기분박효신 눈빛또한 왜그렇게먹먹한건지영화보면서 힘든일들을 위로받는느낌아직도 여운이가시질않네요.  "
20171027,10,박효신의음악을극장사운드로느낄수있어서너무좋았어요  
20171027,10,그냥 박효신음악을 극장에서 듣는 것 만으로도 볼 가치가 있는 영화  
20171027,10,박효신 정재일 파이팅!!!!  
20171027,10,음악에 대한 열정으로 가득찬 두 예술가 덕분에 행복한 시간이었습니다. 고맙습니다.  
20171027,10,드리머 드리머ㅠㅠㅠㅠ  
20171026,10,박효신의 7집을 이렇게 영화관의 좋은 음질로 들을 수 있다는게 정말.. 소리로 맞는게 이런거구나 느낌. 상영하는 동안 최대한 많이 봐둬야겠다고 생각했고... 무엇보다 그가 어떤 마음으로 음악을 대하는지 너무나 잘 보여졌던 영화라 아직까지도 먹먹하다.  
20171026,10,"효신님의 목소리와 악기소리는 말할것도 없고, 영화의 내용과 메세지또한 의미있었기에 정말 최고였습니다!! 박효신씨의 마음을 대변해주는것 같은 내용에 감동의 눈물을 흘렸어요ㅠㅠㅠ  "
20171026,10,"큰 화면, 좋은 음향, 스토리와 함께 하는 7집 수록곡들 그리고 박효신 더할나위가 있을까?  "
20171026,10,여운이 1시간 내내... 가수 '박효신'의 음악관을  조금이나마 더 잘 이해하게 되어 눈물이  난다ㅠㅠㅠ 볼까말까 망설이신다면 꼭 보세요!  
20171026,10,영화를 본 것인지 공연을 본 것인지 모르겠네요 (둘 다 본 것 !) 뭐라 말로 멋지게 표현하고 싶은데 표현을 못하겠어요 그라시아 무이비엔!! 벅차오르는 감동의 여운이 꽤 오래 갈 거 같습니다  
20171026,10,숨도 크게 못 쉬고 봤어요~ 내일 또 봐야징~  
20171026,10,잘 봤습니다~^^ 노래에 대한 진지한 열정이 엿보인 뮤직비디오였습니다~  
20171026,10,7집을 영화관에서 이거 하나만으로도 충분히 볼 이유가 있는데 영상과 스토리도 너무 좋았습니다  
20171026,10,완벽한 구성에 감동받았다.. 콘서트 본 사람들이면 정말 눈물 쏙 뺄 영화 ㅠㅠ 내가 박효신의 팬임에 감사한다 ㅠㅠ콘서트 음질을 느낄 수 있음  
20171026,10,이 영화 안본 못본 덕후 없게 해주새오!최고입니다  
20171026,10,"이 영화를 보면서 정말 박효신, 그리고 정재일 이라는 두 예술가가 정말 음악이라는 장르에 묻혀 산다는 그런 느낌을 받았다. 영화를 본지 30분도 되지 않았는데 그 여운이 잊혀지지 않을것만 같다. 진정한 예술인으로성 박효신을 보게 되는 계기 였다.  "
20171026,10,그는 음악 그 자체라고 느꼈다. 음악을 대하는 자세와 음악에 대한 열정을 다시 한번 확인할 수 있었다. 행복함이 전해지는 영화였다.  
20171026,10,음악으로 얻는 행복을 함께 나누어주는 선물같은 영화  
20171026,10,영화관에서 보니까 진짜 좋아요ㅠㅠ  
20171026,10,영화관의 고음질로 박효신의 노래를 한시간이나 들을수 있다는것이 가장 큰 장점이다!!  영화가 끝날때가 되어가면 직접 콘서트현장에 가고 싶다는 마음이 강렬해 지는 본격 콘서트 영업하는 영화!!  
20171026,10,"음악으로 시작해서 음악으로 끝난, 영화로 재탄생한 박효신의 노래를 통해 단단하게 자리잡고 있는 음악의 힘을 느낄수 있었던, 스토리텔링이된 쿠바소년과의 성장기도 재밌게 담긴 따뜻한 영화  "
20171026,7,초반 40분이 고비영상미 굿 노래 굿 연기는...박효신 정재일 연기 시킨 감독 누구냐 하...  
20171026,10,박효신 영상화보집..목소리 꿀  
20171026,10,오늘봤네요~~~꼭 보시길~~~한번 더 더 더 볼거예요  
20171026,10,일년의 기다림 드디어 개봉! 너무 기대됩니다  
20171026,10,드디어 오늘이다!! 빨리 보고싶다ㅠㅠㅠㅠ 바쿄신을 영화관 스크린에서 볼 수 있다고ㅠㅠㅠ  
20171026,10,뷰티풀 투모로우 박효신 정재일 완전 사랑합니다!!  
20171024,10,"효신님의 블록뮤비 뷰티풀 투모로우, 완전 기대합니다!!백만관객 예상해봅니다~♡  "
20171023,10,진짜 기대합니다 그 목소리를 사운드빵빵하게ㅜㅜㅜ  
20171023,10,완전기대된당ㅎ_ㅎ!  
20171023,10,아진짜 너무기대된다ㅠㅡ  
20171023,10,아..보고싶다 ㅜㅜ 보고싶어!!  
20171023,10,정말 음악에 대한 열정이 누구보다 뛰어난 사람같다. 박효신을 보면 '예술인'이라는 느낌이 확 와닫는다. 물론 '예술인'은 포괄적인 단어이지만 '가수'라는 닉네임이 아까운그런 '예술인'의 아우라가 있다.'재  
20171023,10,"..,.,.기대..  "
20171023,10,7집을 영화관 빵빵음질로 들을수 있다는 거 자체가 행복똥연기 발연기 기대한다  
20171023,10,박효신!!! 정재일!!! 라파엘!!!  
