0,1,2
20121006,"

dlal****

",198  
20120928,"

김채원잉(moon****)

",너무 좋다  
20120916,"

밀집모자영웅(jbr1****)

",10번은 넘게본듯 또 보고싶다  
20120826,"

전설(wlsa****)

",내가 죽어서까지도 잊지 못할 영화  
20120803,"

Just이민정(dltn****)

",20세기의 최고의 영화중 하나이다.  
20120706,10,쩐다...  
20120616,10,영화의 정점  
20120616,10,재미있을거같다!  
20120527,10,기대기대기대  
20120512,10,한번만 더볼까?  
20120506,10,고민인거는 이미 6번은 봐서..  
20120505,10,개기대 개기대 개기대  
20120429,10,기대하고 봐요!  
20120420,1,별루일듯 국산영화를 사랑하자  
20120420,10,참 고전 명작이다 근대 굳이 3d로 볼필요 있나  
20120419,10,정말 보고싶다  
20120417,10,처음보는데 진짜 기대된다  
20120416,10,이 영화 OCN에서 엄청많이 방송해줘서 30번 넘게봤던 기억나네요ㅋ 디카프리오 넘멋짐  
20120416,10,타이타닉 모르는사람있나ㅎ  
20120415,10,기대만땅  
20120413,10,말안해도 아시죠 ? ㅎㅎ  
20120411,10,정말로 기대하고 있어요 >.< ;; 아직 보지 못한것이 너무 슬퍼요 ^^;;;  
20120411,10,안봐도 뻔함  
20120410,10,보고싶으용!! 빨릴빨리  
20120409,10,타이타닉이 재개봉하다니 역대 최고의 영화가 재탄생하는 순간  
20120409,10,타이타닉또나온다고요!!진짜레오나르도디카프리오사랑합니다..ㅠㅠ  
20120408,10,보고싶다-김범수  
20120408,10,우앗 !!! 한번 영화관에서 보고 싶었는데 한다니 정말 감격이네요 ㅎㅎㅎ  
20120408,10,완전 기대중...ㅎㅎ 정말 대박  
20120408,10,어떤점수로도 말할수가없네...  
20120406,10,대박  
20120406,10,..진짜 대박  
20120406,1,기대 하나도 안됨 -알바-  
20120405,10,100점이라도 주고프당  
20120405,10,3d가 아니라고 해도 다시 영화관에서 볼 수 있다는 것만으로도 별5개  
20120405,10,기대  
20120403,10,완전 기대중 ㅠㅠ 타이타닉  
20120403,10,또 보고 싶어ㅠㅠㅠ 근데 남친이 돈주고 보기에 아깝데~ 난 보고싶다구우!!!!!  
20120403,10,"목욜 용산 cgv 아이맥스 h13,14 예약 완료ㅋㅋ 완전 기대~되ㅠ  "
20120402,9,오 기대기대 3D라니 어떤 느낌일지...  
20120331,10,밑에 분 말씀처럼 타이타닉을 영화관에서 볼수있는 절호의 기회임  
20120331,7,글쎄..작품은 좋지만 3D의 효율을 얼만큼 높였느냐가 주평가대상이지 않을까한다..  
20120330,10,예전꺼라도dvd로봤었는데폭풍눈물ㅠㅠ삼디..더기대됨 절대질리지않는영화임ㅠㅠ  
20120327,10,Oh! Looks great.. I wishes you the best all things ~  
20120327,10,최고 of 최고!! 풋풋하면서 아름다운 사랑을 볼 수 있는 영화!!!! 3d도 기대된당ㅋㅋ  
20120327,10,진짜 최고의 영화!!! 3d기대됩니다  
20120324,10,처음봤을때랑 또 다른 느낌을 선사할 꺼라 믿고 기대하고 있어요~  
20120324,10,기존필름을 복원시킨 3D라서 입체감 보다는 그냥 종이 인형을 앞뒤로 배치한 느낌  
20120323,10,쩔듯  
20120323,10,"학생시절 눈물나게본 영화,,,보고싶네요  "
20120323,10,꼬마였을때 본 영화. 그때 벅찬감동이 왔었다. 3D꼭보러간다.  
20120323,10,아 10점도 부족함 역시 타이타닉임!! 우리 레오님리즈시절볼수있겠네...!!<3  
20120322,10,볼때마다 눈물을 흘린 작품인데~ 정말 기대됩니다!!  
20120322,10,3D 꼭 보러가야지~  
20120322,10,"아마 내 생애 최고의 영화가 될 것 같다. 3D, 4D 모두 다 볼 예정^-^ 기대됩니다!  "
20120322,10,기대기대  
20120322,10,와우~ 굿.. 기대해볼만하네  
20120322,10,엄마가 좋아하는 영화... 개봉하면 손잡고 보러가야겠다.  
20120321,10,당시의 상황이 실감나듯 뛰어난 연기! 여러번 보게 된다ㅠㅠ  
20120321,10,정말 기대중입니다 ^*^ 꼭 보러갑니다  
20120321,10,친구들이랑 진작부터 기다리고있었는데ㅋㅋ빨리 보고싶네요  
20120320,9,3d면 빙산이랑 파도가 몰려오는거 배가 부서지는거 모두 실감나겠네요 보고싶어요..^^  
20120320,9,bluerain_l -> 이미 알려진 영화를 모른 사람도 많단다.98년작이니까 ㅇㅇ  
20120320,10,잊혀지지않는 ㄴ명작  
20120320,10,로맨스영화로 타이타닉한건 없지.. 고로 빨리 3d로 나와서 보고싶다  
20120320,5,이미 알려진 영화를 3D로 또 보려는 사람들이 많을까?  
20120320,10,IMAX로 꼭 보고픈 작품입니다!  
20120320,10,개봉하자마자 영화관 갈 준비 되있음여.  
20120319,10,"충분히 3d로 감상해도 안아깝다,,,다시나온다니 기대만발  "
20120319,10,수 없이 봤던  내 인생 최고의 영화가 현대에 와서 3D로 부왘... 지리겟다  
20120319,1,다시찍은거도 아니고 그냥 예전꺼 울궈서 3D화만 한거라 별로 기대도안됨  
20120318,10,타이타닉을 영화관에서 볼 수 있는 기회가 주어지다니... 이건 꼭 봐야한다!  
20120317,10,재미 있을 것 같습니다.  
20120313,10,3D기대!!  
20120311,10,걍 재미있을꺼가타! ㅋㅋㅋ  
20120309,10,여친이랑 꼭 보러 가야지... ㅎ 3d아니더라도 간다...ㅋ  
20120309,10,엥?? 또 개봉하나요?? 아님 재개봉??  
20120309,10,근데 타이타닉 3D로 볼꺼 진짜 없을텐데  
20120304,10,이 영화가 그것도 3d로 재개봉 이라니 진짜 꼭 봐야지  
20120223,10,전이나 후나 역시나!  
20120216,10,오 재개봉하네.......볼까........  
20120118,10,솔직히 기대 그렇게 많이 안되지만 보고 싶었음.  
20120108,10,영화에대해욕하시는분들은이 영화의로맨스나사랑이부럽거나 트라우마가잇는분이시겟군  
20111222,10,기대하고 봐요~  
20111111,10,♡ 명작~`  
20111030,10,대단함..  
20110925,10,명작  
20110917,10,좋으니까 10점  
20110812,10,재밌겠다.  
20110808,10,쨩>ㅁ<  
20110621,10,누가재미업게으 영화볼줄모르는군  
20110619,2,"기대햇음
  "
20110612,10,최고  
20110602,10,꼭볼꺼야  
20110427,10,내가 살아 있음을 알려주는 영화는 타이타닉이 처음이었다.  
20110329,10,^&^  
20110228,10,찜  
20110225,10,아름다운 비극  
20110203,10,20세기 최고의 영화  
20110202,10,재미있어요??아님 슬퍼요??  
20110117,1,제발이제 보지말자좀.....  
20110107,10,기대가 큽니다.  
20101126,10,최고  
20101113,10,최고의 명작  
20101018,10,야후~! 말이필요없는!  
20100925,10,재밌겠다  
20100919,10,걍 10점  
20100917,10,10점 만점에 10점  
20100818,10,아닥하고 최고  
20100809,10,내생애최고의영화는 1위 타이타닉이었고 2위가 인셉션이었다  
20100808,10,타이타닉 말이 필요없다 ㅠㅠㅠㅠㅠ  
20100804,10,그냥최고임ㅋㅋㅋㅋ  
20100721,10,무조건 10  
20100627,10,관람전에도 줄수있나  
20100612,10,역시  
20100506,10,역시ㅎㅎㅎ  
20100409,10,이거 언제 개봉함? 내년 1998년도라고 되어있는데  
20100403,10,완전 기대~!  
20100220,8,이것 꽤 볼 만하지 싶은데..  
20100204,10,디카프리오!!  
20100201,10,사람들이 왜 극장에서 4번씩이나 보러갔다고 했을까  
20100115,10,재밋겟다!!!  
20100111,10,기대된댜~  
20100108,10,대작이겠지 .  
20100104,10,복구팀  
20091201,10,진짜 감동같을것같다 ㅋㅋ~~~  
20091005,10,정말 재미있을것 같드라~~! ㅋ.  
20091005,10,재미있을것갓음  
20090926,10,기대  
20090819,10,배우들을 봐도 정말 개대되는 영화  
20090807,10,재미있을꺼같어  
20090701,10,기대기대!!!  
20090614,10,타이타닉 2가 나온다는 말두 잇든데;재밋겟네요  
20090614,10,기대~  
20090518,10,기대 됨니다  
20090427,10,기대기대기대  
20090425,10,음..  
20090425,10,너무 재미있어보여요  
20090415,10,음..  
20090409,10,기대하겠습니다.  
20090409,10,슬픈영화로 보이네요.  
20090121,10,정말 슬퍼 보인다 ㅜㅜ 꼭 한번 봐야지  
20081231,10,너무 가슴 찡해보이는 영화 꼭 봐야쓰것네 !!  
20080921,1,나 아직 안봤다??? ㅋㅋ  
20080817,1,진짜재미없겠다  
20080628,9,예고편에서는 그리고 소문만 듣기로는 그저 좋은 영화인줄만 알았다..  
20080614,9,굿 캐스팅  
20080406,10,예고편 보기만해도 감동적...  
20080228,10,예고편에서 본 갑판위에서 팔을 벌리고 있는 장면은 정말 환상적이었다.  
20080202,10,ㅎㅎㅎ good!  
20080124,10,ㅋㅋㅋ 굿이당!!  
20080115,10,GOod  
20080110,10,굿  
20071127,10,사랑한다..레오  
20071125,10,"비록 난 나이가 어려서 보진 못했지만,그래도 많이 기대될 것 같은 좋은 영화다.^^  "
20071118,10,이런 영화에 평점을 주는것은 영광인것이다.  
20071116,10,터미네이터의 제임스카메론감독의 영화사적위대함과 디카프리오의 매력을 동시에..  
20071013,10,그시대에들어갈것같다 . 예고편으로 사람을 울게만든다  
20071009,10,기대된다  
20070908,10,너무 기대되는 기대그자체의 영화.......  
20070908,10,"그저 환호만 나올뿐. 그 실체는 열어봐야 안다지만, 기대감이 큰 영화~  "
20070813,7,솔직히 10점까지인지는 잘 모르겟다  
20070808,1,난 이런거 안본다 포게이돈이 낫지  
20070804,10,몇년전이야 ㅠ  
20070802,8,와 이럴수가 1위다  
20070802,10,레오~~  
20070731,10,디카프리오 >..<  
20070728,10,최고의 영화!!  
20070724,10,실제로 있던 일이잖아요; 넘 슬퍼여  
20070717,10,내 생애 걸작!  
20070715,9,정말 기대를 만이한영화  
20070706,10,역대 최고흥행작  
20070607,10,사랑하고 싶어라...  
20070529,5,너무들 좋아해서 안보고 싶음  
20070520,10,정말 기대합니다!!기대!!!!  
20070507,8,보고싶습니다..근데 아직..ㅜㅜ  
20070419,10,기대 기대 !!  
20070401,10,어떨지..  
20070302,9,무척기대에찬  
20070226,10,엑썰런트!  
20070112,1,그냥재미없을것 같다  
20070110,10,뭐... 말이 필요없지 않나?  
20061130,10,"제목만 봐도 마음이 웅클...,ㅡㅜ  "
20060921,10,진짜 기대됨  
20060817,1,버려  
20060817,1,이것땜에 엄청난 외화가 빠져나갔다는거... IMF 때  
20060811,10,지대추천  
20060802,10,완벽에 가까운 타이태닉  
20060801,10,장르가 멜로 아니었나..?  
20060719,10,그 풍만한 몸매가 과연 17세소녀의 앳된몸매라고는 ... 쩝;  
20060604,10,정말 재미있을거 같아뇨...^^  
20060501,10,그 때 내가 초등학생이어서 아쉽다  
20060323,10,영화 보고있는데.. 궁금하다궁금하다!!!  
20060226,10,뮤비만 봐도 전율이 느껴졌다. 함 보고싶다..  
20060220,10,10점입니다.자신의 취향이 아니여서 점수를 낮게준것인가요?  
20060112,10,기대만발.ㅋ  
20060111,10,이영화는 많은사람들에게 소중하다...  
20051230,10,관람전엔 없었지만 그래도 10점!  
20051203,10,제임스카메론 감독님과 그 배우들 정말 너무 너무 존경스럽네요.  
20051031,10,궁금하다.  
20050928,10,기대된다  
20050913,10,기대작!!  
20050730,10,네명의 악사들에게 감동의 박수를!!!  
20050615,10,아직도 안 봤따-_-  
20050606,7,대작이긴 대작이지만 그다지.. 의미는..  
20050528,10,들어보니까 재미있다고 한다  
20050410,10,재밌을 것 같다  
20050410,9,애들이 그렇게 많이봤다던데...  
20050410,10,스케일 의 압박! 조아요!~!  
20050409,10,물론 10점만점  
20050928,10,기대된다  
20050913,10,기대작!!  
20050730,10,네명의 악사들에게 감동의 박수를!!!  
20050615,10,아직도 안 봤따-_-  
20050606,7,대작이긴 대작이지만 그다지.. 의미는..  
20050528,10,들어보니까 재미있다고 한다  
20050410,10,재밌을 것 같다  
20050410,9,애들이 그렇게 많이봤다던데...  
20050410,10,스케일 의 압박! 조아요!~!  
20050409,10,물론 10점만점  
