0,1,2
20180213,8,그래...뭐...절해의 탐정보다는 나은 작품이다만....  
20180213,10,제가 영화예고편 가장 빠르게 볼수 있는 앱을 만들었습니다. 영화를 너무 좋아해서 만들게되었어요 ^^ 앱스토어:https://itunes.apple.com/kr/app/id1342065899  
20180207,10,진주에매가박스나엠비시네롯데시네마하나요??애고편봤는데 기대돼네요  
20180207,10,시사로 봤는데 역시 코난은 코난!!!! 완전 재밌었어요  
20180207,10,어제 시사회로 봤는데 역시 코난은 코난입니다 탐정물 원탑 레전드 유일무이  
20180207,10,좋은뒈좋은뒈좋은뒈? 왜 여기서들 열폭이냐?  
20180207,10,어제 시사회로 봤는데 역시 믿고 보는 코난이었네요 개봉하면 2차 보러가야지!!  
20180207,10,코난은 그냥 믿고 보는거얗ㅎㅎ 더빙으로 나오니깐 더 좋아  
20180206,10,일본에서 2007년에 했던게 이제야 상영하는군. 한국개봉의 매력이라면 더빙판이란걸지. 코난 뺏지가 있다면 그게 가장 큰 매력일 것이고.  
20180206,1,극장판 역대 최악의 작품...  
20180206,1,자막판을 주세요..젭라...  
20180204,4,놀러감-보물찾기-납치-트레저헌터-보물발견-우정-끝 이게 다임 개노잼  욱일기 붙여놓은 절*의탑정보다는 볼만한데 그냥 노잼 그나저나 호불호 꽤 갈릴듯  
20180204,10,이걸 이제야 개봉하는 한국 영화사 당신은 도대체...  
20180204,10,"7기 한글 더빙판 보고 싶은데,.. 안나오겠지..  "
20180203,10,코난 극장판은 무조건 봐야지..  
20180202,1,이젠 사골 마냥 비슷한 스토리 은근슬쩍 끼어서 새작품인것 마냥  개봉하내....;;  
20180202,1,"별론거 같은데요 .,....,.  "
20180201,10,2007년 제작.. 얼마나 뛰어날지 기대합니다.  
20180131,10,절해의 탐정보단 100배 나음  
20180131,5,이제 좀 그만 나와라....  
20180130,10,와ㅏ!!! 자막으로  봤지만 난 코하 추종자니깐(?)!!! 한번 더 보겠어!! 극장판 정주행 한다고해도 할거다ㅏ!! 예!!! 팥으너!!!!  
20180130,10,음.... 자막으로 이미 본 사람인데 자막으로는 두번안볼것같은데 더빙은 보고싶으니까 보러가야징!!  
20180129,10,자막 있으면 닥 자막으로 봐야지  
20180129,10,믿고보는 코난!!! 곧 개봉이구나 ㅎㅎㅎ  
20180129,1,탐정 조무사 보다 차라리 범인 스핀오프 애니화를 보겠다  
20180128,1,이거 했더건아니냐  본거 같은데 왜 또 개봉하고 ㅈㄹ이야 예전꺼구만  
20180127,10,일본판으로 이미 봤지만 더빙도 보고싶어요! 코난은 항상 옳다.  
20180126,10,"이거 일본판으로 봤는데, 한국판으로 또 보고 싶습니다. 빨리 나왔으면 좋겠습니다.  "
20180124,3,....이제와서 개봉 무엇?  
20180123,8,코덕이라 점수를 후하게 줬지.웬만한 코덕이라면 이거 영화 다 봤을 텐데굳이 몇년이나 지난 20OOO에 와서 개봉을 해야 했을까나  
20180121,1,와 이거 일본에선 2007년에 개봉했는데 11년후에  개봉한걸 상영하다니 ㅋㅋㅋ  
20180121,10,빨리 보고싶다  코난은 극장에서 보는 스릴이 있음  
20180121,10,"란과 소노코의 우정, 란이 소노코의 뒷바라지를 해주는 내용이 감벽의 관이죠.  "
20180120,10,엄청나게 기대중 내가 이걸 위해 헌혈하구 영화표를 받았나보다 이번엔 제발 여러곳에서 하길 바람 작년에는 상영 하는 곳이 적어서 못 봤다구 ㅠㅠ  
20180120,10,너무 기되네요  빨리 보고싶네요  
20180119,2,코난쉑만 없으면 아무도 안죽음  
20180118,10,난 괜찮게봄..근데 정식개봉이라니..쩌네..  
20180118,1,이거 말고 이번에 새로 개봉하는 제로의 집행인이나 상영하지. 쯧  이거가 나온지가 언젠데 이걸 우려먹고있어. 에휴....  
20180118,8,드디어 개봉하는구나!  
20180118,10,흐흐 코난 최고다 최고ㅠㅠ 재밌을듯  
20180118,10,이게드디어개봉하는군요  
20180117,1,사람 또 죽이냐? 이제 막 건물 부서지고 중2병 오그라드는 말투해대고...  
20180117,10,예고편만 10점 본편은 3점짜리  
20180116,1,아니 여기 다 알바로 싹 깔렸나봄코덕끼리는 걍 개망중에서도 완전 개판친 극장판으로 통하는데2008년에 개봉한걸 왜 지금에서야 개봉하는건지 정말  알수가없네;;정말 이해불가다아니 그리고 이게 재밌다고 기대된다고 하는 사람들은 정말 뭐지??  
20180116,10,엉엉 코난이 한국 개봉이라니 제발 자막도 상영해주세여 ㅠㅠㅠㅠ 완전 기대중 진짜 코난 팬으로서 ㄹㅇ행복하다..  
20180116,10,혹시 자막있어요???  
20180116,8,"이거 재밌긴 한데, 절해의 탐정보단,,, 영화관에서 또봐야지이~~  "
20180116,10,감벽의 관이 드디어  한국판으로 뜨는구나 개봉당일날 보러가야지  
20180116,10,명탐정코난 감벽의 관이 개봉을 하다니 너무 기대되네요 !! 코덕으로써 빨리 2월이 오기를 ㅠㅠ  
20180116,10,자막판으로 개봉하면 꼭 보러간닷!!!!  
20180115,10,드디어 한국에도 개봉하는구나 지갑열리겠구만 기대기대  
20180101,8,이거 봄ㅋ ㄹㅇ 꿀잼 ㅎㅎㅎㅎ  
20170902,9,그남자 보물찾는남자 3명중 상어한테 물려 죽은 사람은 뭐임 ㅋㅋ  
20170811,1,메탄 하이브리드 때문에 개봉을 안하네  
20170808,9,난 재밌었는데 평점이 의외로 낮네  
20170721,3,의욕 충만 코난군은 보물 찾기를 하다가 또다시 사건에 휘말리는데...  
20170618,6,절해의 탐정보단 난듯 애초에 절해의 탐정은... 전범기를 그렸다는거 자체가 잘못됨  
20170428,1,역대 최악의 작품ㅋㅋㅋ  
20170423,5,하... 절해의 탐정이랑 이거랑 별 다를게 없다  
20170102,10,역시 어린이 탐정단은 별루야  
20161104,2,절해의 탐정과 맞먹는 작품인 것 같습니다.  
20161018,7,말도 안 되고 유치하지만 볼 만함.  
20160924,2,핵노잼 흑역사지만 절해의 탐정보단 재밌으니 2점  
20160811,3,역대 극장판 중에 제일 지루하고 잼없고 이런거는 tv판으로 올리지 하는 생각듬  
20160225,9,솔직히 절해의 탐정보단 이게 낫다  
20151215,3,4년만에 시리즈를 완전히 망쳐버리는 것도 능력이라면 능력일까나...  
20151108,10,역시 코난갓!!!잼있음!  
20151008,10,핵잼있을듯 완전 대박일듯  
20150919,5,[SEEN] 코난 극장판 중 가장 밋밋한 전개와 결말이 아닌가 싶네 극장용보다는 스페셜판 같은 느낌  
20150823,1,극악의 설정과 말도안되는 상황들. 코난 팬으로서 많이많이많이많이 아쉬웠던 편. 시즈노 코분 감독이 아니니만큼 개노답액션은 없었지만 많이 실망함.  
20150820,1,시리즈 중 가장 노잼...  
20150807,9,머지..이거 올해 1월에 제작된다고한것같은데 왜 개봉을 안하지  
20150220,7,신선함 모험류 재밌음 ㅇㅇ  
20141213,10,빨리 보고싶당~벌써부터 설렘~ㅋㅋ  
20140913,10,2015년 1월 제작 결정  
20140909,5,먼가 크게 재미있진 않았다  
20140828,10,내년 1월이 기대됩니다.  
20140803,10,쨔응♥울 장미♥♥너무 재밌고 유미란은 별로~~  
20140721,7,코난에 비해 뭔가 조금 부족하단느낌?.. 스토리는 탄탄하지만 뭔가 부족한 이느낌  
20140418,3,코난과 하이바라 둘의 관계를 나름대로 정의하는씬말고는 아무런 볼 이유도 필요도없는 극장판  
20140218,10,아쉬운 부분이 많았지만 코난이니까 10점  
20140218,6,이번 편 벌로였어....  
20140214,1,역대 코난극장판중 최악  
20140120,10,베리베리베리베리베리굿  
20140116,2,와... 짱 재미없다이 영화를 끝까지 본 건 하이바라 때문이 아니었을까  
20131229,6,졸리로저 생각보단 재미없었다  
20131013,5,명탐정 코난 힘내! 점점 갈수록 재미없어진다 다시 힘내서 멋진 영화 만들어줘  
20130820,10,재미는별로인데 코난이기에  
20130811,10,명탐정 코난 극장판:감벽의 관  
20130729,10,짱  
20130728,10,이번편 왜이러지??  코난이기에 어쩔수없이 10점ㅎㅎ  
20130628,10,재미있다  
20130616,10,정말재밌어요^^다른사람에게도 추천~^^  
20130616,10,기대만점  
20130607,6,"감벽의 관은 명탐정 코난 극장판들 중에서 악평을 받고 있는 작품이라고 하지만, 그런데로 볼 만했던 작품. 별 3개는 줄 수 있었다. 극장판 급은 아니더라도 TV판이라고 생각하고 가볍게 봐주고 넘어가는 것도 나쁘지 않다.  "
20130604,10,코난  
20130530,10,제길 한국판안뜨나? 빨리보고싶은대  
20130525,10,빨리 보고 싶당...  
20130511,10,이영화보고싶다  
20130505,10,ㅋ  
20130504,10,명탐정 코난 극장판은 무조건 최고다  
20130504,10,짱재미있어~  
20130425,8,역시 코난... 재밌었음!! 골드 로져 나올때 깝놀  
20130424,10,하이바라 많이 나와서 좋았다~~  
20130420,10,기대기대♥♥♥♥♥  
20130413,6,웰케 평점이 낮은가 했더니 이유가 있었네요 쩝..;;;;  
20130402,7,내가 5년을 코난덕후짓을 해왓지만 진짜 이건아니다ㅡㅡ그래도 코난이니까 7점이다  
20130322,5,진짜 이건 아니에요ㅜ  
20130301,6,"코난 극장판 중 최악이라고 일컬어지는 11기지만, 15기와 16기보다 훨씬 낫다. 에휴  "
20130222,7,다른 극장판들에 비해 좀 재미가 없음... 무난무난함  
20130201,10,재미있음  
20130125,10,막장이긴했지만...!!그래도 최고예요!!  
20121214,10,내가 태권도소녀긴 하지만 란보단 하이바라에게 관심이 가는건 뭐지? 그래두 재밌어요~  
20121003,10,코난 재밌음  
20120912,10,너무 재밌음  
20120911,7,무난... 약간 추리의 개연성이 부족해보임  
20120902,10,코난  
20120818,7,"제가 코난 팬인데요,이번 감벽의 관은 재미있었긴 있었는데 뭔가 2프로 부족한것 같아요.  "
20120730,10,좀 별로다. 하지만 란의활약이대단했다ㅎㅎ 보통만화여주인공과는 색다른여주인공 란.  정말멋있다  
20120730,10,코난에 명대사가 계속 떠오른다~~  
20120729,10,명탐정 코난  극장판 11-감벽의 관은 다른 극장판보다 더 재미있었다.왜냐하면  더 스릴있고 미란이의 발차기가 인상적이었다.역시 명탐정  코난 극장판은 역시 날 실망시키지 않는다.  
20120725,10,전작인 10기보다는 흥미롭지 않고 추리가 단순했다. 그러나 배경이나 설정에서 뛰어났다^^  
20120722,10,코난 너뮤  좋아  
20120722,6,웬만한 영화는 다 재밌게 보는 편인대 코난 팬으로써 이번평느 솔직히 가장 별로였던거 같네요 다른 편은 다 재밌었는대 이번편만 좀 지루한;;  
20120614,10,코난 진짜 대박!!!란과 소노코의우정도 볼수 있고!!! 근데왜!!!@ 7.38이지????  
20120505,7,별로임  
20120417,10,코난진짜짱이에요  
20120311,10,란과소노코가등을맞대고싸울때.그리고코난이명추리를펼칠때와란이신이치에게숨을...  
20120304,10,"자연스러운 스토리, 상어와 바다를 이용한 긴장감 조성, 기억에 남을 만한 장면까지!  "
20120302,6,뭔가 부족한 느낌.  
20120118,10,등을 맞대는건 별로였지만;;  아무튼 내용 전체적으로는 좋았습니다^^  
20120113,10,난 재미있었는데?????  
20111129,4,심기일전. 내공이 살짝 딸리다.  
20111021,9,난좋았느데  
20111014,7,보물찾기 놀이와 추리의 재미가 좋네..  
20110918,9,재밋었는데평점이왜이리낮은지..침묵의15분보다훨수준있다고보는데  
20110812,10,음음역시기대를저버리지않는코나군  
20110807,1,코난극장판중에 최악의 시리즈  
20110805,10,"세상에는 오프닝음악만듣고도,심장이 뛰는무비가 있다.나에겐,이 애니가,바로 그렇다.  "
20110728,10,67새끼건 씹으세여 ㅋㅋ  
20110728,1,코난 중 제일 망작..ㅡㅡ  
20110720,10,역시~~코난은 기대를 저버리지 않아!!  
20110717,6,코난 극장판 시리즈중에... 좀 허접한 편이었다.스케일도 작고.ㅜㅜ  
20110716,8,볼만햇음. 그러나 다른극장판에 비해서는 약간 묻히는?듯..  
20110704,10,역쉬 코난  
20110515,10,완전 잼있음ㅋ  
20110515,10,재밋당~~  
20110515,10,good good  
20110226,10,아이 러브 코난 란과 소노코가 등을 맞대는 장면 정말 짱  
20110114,6,다른 극장판보다 재미있지는 않았음  
20110114,10,재밌을듯...  
20110113,4,이거야말로 최악의 코난 극장판  
20110106,10,흥미진진 두근두근 많이 재미있었다 서스팬스 작렬!  
20101122,10,평점이 왜 이래???재미없다고 한 사람들 직접 만들어봐라. 2人  
20101121,10,평점이 왜 이래???재미없다고 한 사람들 직접 만들어봐라.  
20100917,10,재 밌 나 ? 코난 은 많이봐서 검은조직 아니면 하인성 100프로 나옴  
20100810,8,전편에 비해 스릴감이 좀 떨어지긴 한데 잼있음  
20100802,10,굿  
20100728,10,굿  
20100727,9,극장판 치곤 좀 볼만한? 정도. 그렇다고 팍팍깎을정돈 아닌데  
20100720,10,굿  
20100719,1,걍 병맛  
20100625,10,왠지 재미있을것 같은???ㅋㅋ  
20100611,8,그냥그럼 그렇게 스릴잇지도않고  
20100422,10,평점낮지 않은데 평점낮다고 한분이 영화 만들면 2점도 못갈텐데... 간이 너무커  
20100418,10,정말 재미있네요!!  
20100327,10,좋아요.  
20100327,10,기대가 큽니다.  
20100227,10,섬에 수몰된 보물선 찾기라...왠지 있을법한 이야기군  
20100128,10,코난시리즈중에선 최악이었다 너무 엉성하고  
20100119,6,유치하고 결말도 억지스럽고 퀄리티 너무 낮다.  
20100105,10,너무너무 재미있어요!!! 졸리로져  
20100105,10,넘넘 좋아하는 코난 시리즈!!! 이번도 잼있을 것 같아요  
20091231,6,강력한 한방이 없는 잽의 연속  
20091228,10,7.13?? 낮은평점도아니네  
20091224,10,좋은데왜평점이낮지??  
20091222,5,무척이나 심심한 영화.  
20091211,7,이번 11기는 각본 담당이 다른 분이셔서 그런지 추리하는 부분도 좀 적고 했지만 볼만  
20091208,8,그냥 무난하다  
20091124,10,나는고교생탐정쿠도신이치!  
20091013,8,솔직히 많이 약했음. 범인도 초반에 알려주고.  
20091008,7,명탐정코난 극장판중에서 젤재미없엇음;;  
20090828,8,무난한거 같은데?  
20090823,10,재밌었는데 평점이 왜케 낮지 평점 낚이지 마세요~  
20090822,10,재미없다는데 난 왜 재밌지..ㄱ-내가 허접한건가ㅋㅋㅋ  
20090821,10,재미있다~  
20090816,10,잼쯜것같네용 란언니 태권도 실력 보여주나요~  
20090812,10,조dkd yd  
20090810,2,졸라 재미없게다  
20090810,1,가장 최악이다 반전이 절대 없다  
20090808,10,맨마지막에 배타고 떠오를때 멋졋어요 평점믿지마세요 볼만함 ㅋㅋ  
20090808,1,코난 극장판중 가장 재미없음  
20090808,10,"다른 극장판들이 9점대라면, 이것도 8점대는 되어야  "
20090807,10,나는 재밌기만 하는데  
20090804,7,다른편에 비해 스릴도 없고 진짜 뒤떨어진거 같내요.  
20090802,7,좋다고...말할정도는 아니다  
20090731,10,재밌는데 왜들이래  
20090728,10,스릴있음  
20090720,10,빨리 보고 싶음  
20090719,10,진짜 재미 있는데  
20090718,10,평점 낮다고 망설이지마3 다른 편에 비해 약간 떨어질뿐 난 정말 재미있게봣습니돠!!!  
20090716,10,평점이 너무낮내 .. 솔까말 10<<<11편 10편과 비교했을때는 정말 훨낫다!! 10점!>  
20090712,8,극장판 중 제일 별로였던것 같아요  
20090705,1,극장판중 가장 떨어지는 스토리.나아지는건 오직 그림체뿐  
20090607,10,빨리보구싶어요~!!  저는 코난이 딴 애니 보다 정말 재미잇어요  코난 사랑해요~!!  
20090604,10,걍 볼만함  
20090522,7,뭔가 땡기는 임팩트가 좀 부족했지만 그래도 무난하게봄  
20090510,7,극장판치고는 평범하네.  
20090418,10,이건 최고의 영화다. 미스테리와 어드밴쳐가 합해진 영화  
20090415,10,갈수록 재미 있어 집니다.  
20090415,10,기대 하겠습니다.  
20090415,10,코난정말 좋습니다.  
20090415,10,빨리 보고 싶습니다.  
20090405,10,왜 난 이거엄청재밋음 ㅋ 믿고보센 아무것도 따지지않고 드림 재미도쩔음  
20090329,10,왜 이렇게 평점이 낮지...?  
20090310,10,믿고봐두되요^0^*정말재밌구요언제봐도흥미진진합니다.강추강추강추강추강추~  
20090216,9,흠... 평범해도 좀 볼만했다 추천이요.  
20090214,9,다른분들 말씀대로 극장판치고는 좀 평범하고 코난 극장판만의 긴장감이 없었어요.  
20090212,6,"평점이 낮아서;;... 기대를 못하겠네 ㅡ,.ㅡㅋ  "
20090211,6,음.. 역시 코난. 이긴 하지만.. 솔직히 재미는 다른 극장판에 비해 좀 덜했다..  
20090209,10,넘 재밌었어요!  
20090128,1,진짜 최악  
20090124,1,코난 극장판중 유일하게 나를 실망시킨 편...  
20090122,1,내가본 코난극장판 중에 제일 재미없었어.  
20090117,6,그리 썩 재미있지는 않았다.스토리도 좀..  
20090115,5,13. 시리즈평작만큼은 못한  
20090112,10,평점이 왜이렇게 낮지 ? 정말 재미있게 봤는데.  
20090106,10,코난13기보고싶어여ㅠ.ㅠ  
20081226,10,영화 기본정보에 왠 공포가 ㄷㄷㄷㄷ 그래두 재밌을듯 하네요 ㅋㅋ  
20081220,10,이게왜 평점6점대지?? 이건 만점줘도 아깝지않다  
20081209,10,코난 완전 좋아!!!  
20081203,10,짱이거든요!  
20081102,10,넘 보고싶어~~  
20081020,10,짱!!!! 코난 팬 입니다!!! 까아~~~  
20081013,10,명탐정코난은 전부 10점줘도 모자르다ㅋㅋ  
20081012,10,"전꺼보단 덜하지만, 그래도 10점줄만한 영화다  "
20081011,1,우와 진짜 재밌네 ㅅㅂ  
20080922,4,극장판치곤 많이 평범  
20080915,6,"코난 특유의 그런게 없는거같다. 극장판치고는 꽤 재미없고, 스토리도좀..  "
20080913,9,코난 특유의 긴장감은 조금 덜하지만 그래도 역시 코난이다  
20080910,6,극장판중 좀 딸리는편 ;;  
20080908,6,애들 만화치고는...  
20080905,9,이건 조금 아니지만!  
20080829,10,아 괴도키드가 너무 잘생겼어여 보고싶어요  
20080827,10,평이왜이따구야ㅡㅡ재밌었는데  
20080824,2,"색다른 장르의 도전이었지만, 결국은 실패작이란 생각이든다.  "
20080821,10,빨리 보고 싶다!!  
20080821,10,코난 그냥 다 좋음  
20080821,10,보고싶다 ㅜㅜ  
20080812,10,빨리 보고싶어요~^^(궁금궁금)  
20080810,6,별 내용이 없는것같애  
20080805,10,굿임 저이것 보아는데 짱!!! 특히 미라이  
20080805,4,역시 평점 낮은 이유가 있다. 스토리 엉성에 그냥 보물찾기영화  
20080804,9,괜찮은데..ㅎ 난 코난 뭐든지 다 잼써서 ㅋ  
20080804,6,솔직히 약간은 실망 .  전편들보다는 별로지만 재밌다.  
20080801,10,난 진짜 재밌엇는데 평점이 왜 이따구냐 너네가 너무 쳐 기대를 하고 쳐본거야  
20080730,10,극장판중에선 보통이었지만 재밌던건 사실  
20080730,7,"오랜만에 코난보니까 역시나 재밌고, 바다배경도 이쁘고..특히 엔딩OST너무 좋음!!  "
20080729,8,이번엔 좀 뭔가 허술했었다는....ㅜㅜ  
20080725,10,전율의악보언재나오니...  
20080722,10,빨랑 보구 싶어여~  
20080719,10,머 그리 좋은것은 아니었지만 그래도 최고!!  
20080713,5,코난극장판중에서.. 좀별로 빨리전율의악보나 보고싶음  
20080712,10,빨리 보고 싶다  
20080629,10,왜 장르가 공포지?  
20080619,10,재밋을것같음 ㅎㅎ  
20080615,10,재미있을것 같아요!  
20080614,10,기대가 두근  
20080609,4,극장판중 제일 아쉬움...  
20080601,10,최고입니다  
20080524,10,전~코난이 젤~~좋아여~♡  
20080524,10,원래코난을좋아해서  
20080524,3,극장판 중 최악이네ㅡㅡ  
20080523,10,최고입니다!!!친근감이 밀려오는 극장판중에서 가장 경쾌했습니다!  
20080522,10,"경쾌하고 산뜻한 화면, 정교한 플롯. 다정다감하고 흥미진진하다!!!!  "
20080518,1,이건 좀 아니네요..코난 극장판 중에 최악  
20080512,1,스토리가 뻔해요.. 6.80/10/65/67%/60% 실망  
20080512,10,재밋어요 ㅎㅎㅎ  
20080512,8,흠.. 6기보고 이거보니까..  
20080512,6,감독이 바뀐뒤부터 점점 극장판의 완성도가 떨어져간다.  
20080510,10,1기부터 11기 까지 다봣는데 11기 정말 실망이다!!  
20080508,6,재미잇엇다. 하지만 이번 극장판은 추리력도 별로없엇고..  
20080504,10,역시 재미있다  
20080503,10,재미있을거같음  
20080426,10,역시나 넘 재미있어용~!♡  
20080426,10,넘 재미있을것 같아용~~! ♡  
20080424,10,완죤 잼 잇요  
20080424,10,오 굿  
20080412,1,코난 극장판중 최악  
20080412,10,보고싶다 재미있을것같다  
20080330,10,예고편보니 완전짱!!  
20080330,10,"진짜 재미있습니다!!!진짜진짜!! 내용도 좋고,,  "
20080324,10,장르에 공포가 있는 이유는 뭘까요.. ㄷㄷ  
20080224,3,시니컬한 매력의 하이바라 눈빛도 보통 얼라들처럼 멍청해졌음.12탄 전율의 악보 기대  
20080223,3,이런 낮은 레벨의 에피와 한국애니매이터를 배제않는한 코난극장판은 10탄으로 끝난셈  
20080219,10,솔직히 초등학생들 이영화에 감회가어떤지 모르네 와나 이게 코난에있어서 어떤  
20080217,5,조금 아닌듯  
20080211,10,코난 극장판 너무 재밌어요.ㅎㅎ 12기 기대하고 있습니다.ㅎㅎ  
20080211,10,코난 짱  
20080113,10,코난 극장판 중 가장 최악... 젭라 12기만은 살려줏메...  
20080106,9,역시 코난시리즈는 최고다. 이번 극장판 11기도 기대를저버리지 않는군  
20080103,9,난 재미있었는데  
20071231,10,다른 애니 극장판보다 훨씬 재밌다. 스토리도 좋고 코난은..역시 흥미진진하다.  
20071231,1,이건 머 스토리도 없고 재미도 없고 반전도 없다ㅉㅉ  
20071215,2,그냥 시간이 긴 tv판하고 다른게 업는듯  
20071210,6,"5,6기때 절정이였던 코난 크로스 로드 이후로 가장 재미 없게 본듯..=  "
20071202,3,이건좀 아니다.. 12기 극장판은 검은조직편으로 ..  
20071124,2,너무 억지스러운감이 없지 않아있고 그 무엇보다 반전이 없었다  
20071123,1,저도 이번 판이 가장 최악이라고 생각합니다; 젠장.  
20071119,4,거의 판타지 수준;;; 코난 스럽지 않게 흘러갔다...  
20071118,1,진짜 여태봤던 코난 극장판중에서 최악이었다  
20071118,1,쓰레기.. 잼없음  
20071117,1,1년기다린게후회.. 두근두근하지않는다.  
20071117,1,범인은 반전과함께 오싹함이있어야하는데 너무쉽게범인잡고..끝냈다  
20071109,6,별로네;;; 미적지근;;  
20071104,3,실망이크다 여태껏봤던 코난극장판 시리즈중에서 최악으로 꼽고싶다  
20071027,6,"고쇼씨.. 배가 불렀나.. 점점 질이 낮아져. 2,3편 만큼만 해라.  "
20071025,10,코난 역시 재밋다 원피스의 삘을 받앗나... 로저가 나오고^^;;  
20071025,7,그럭저럭 괜찮았습니다~ ^^  
20071021,10,코난이라는 이름 하나로는 10점이나 솔직히 보고나서 많이 실망했다.  
20071021,10,역시나 코난은 저버리지 않는다.  
20071020,3,"3,4,5,6기 같은 스토리/반전/긴장감/어드벤칭성이 한 개도 없다  "
20071020,8,재밌지만 아쉬운 구성  
20071019,10,역시 코난 극장판은 정말 재미있다 음악도 좋고.qseqse0000탈퇴해라  
20071018,1,추천한다면11기를맨처음보고5기를마지막에보시길지금까지5기를따라올수가없다  
20071017,10,vere good  
20071017,7,"각본가를 바꿔라, 명탐정 코난 제작위원회!  "
20071017,10,주인공이 코난이라는 것만으로도 10점 줄 수 있다  
20071017,1,뭐하는영화임?  
20071017,1,재미없을것같아.  
20071016,2,극장판중 가장 못 만들었다 !!!! ㅡㅡ;; 몇달동안 기다린게 후회된다  
20071015,6,범인도 뻔하고 추리나 연출이 너무 아쉬움. 마지막의 허탈함이란.....  
20071015,7,너무 반전을 기대했나?? 그냥 긴 TV판!!  
20071003,10,언제나온데요??  
20071002,10,재밌었다???ㅎㅎㅎㅎㅎ  
20071002,10,대박 기대!!!! 다른 애니 극장판 잼없다 코난은 극장판 잼있다!!  
20070924,10,이거 극장에서 개봉 안합니다.  
20070916,10,우앗 보고싶어-_-;;;~~  
20070803,10,대박 기대중입니다!  
20070729,10,기대기대♡  
20070727,10,재밌네요~  
20070727,10,아 언제쯤 볼수있을까 ;;  평점이 높은걸봐서 더욱더 기대됨~~  
20070720,10,빨리 보고싶네요. ㅋㅋㅋ  
20070716,10,코난 짱이3!얼른 나왔으면.....ㅎㅎ  
20070630,10,보고싶다~  
20070629,10,빨리 보고 싶어요 ㅠㅠ  
20070627,10,이거 우리나라에서 오면 전체관람가겠지 가위질 뻔히안다  
20070613,10,기대합니다~~~  
20070611,10,빨리나와라  
20070611,10,기대중입니다~  
20070609,10,제발 빨리 나왔으면좋겠네요>ㅇ< 이번에 그래픽이 최고라고 들었는데;  
20070606,10,빨리 보고픈데.. 언제 나오나..  
20070604,10,제일 기대되는 영화 한국에서도 개봉해라!! ㅠ  
20070603,10,"정말 기대됩니다. 한국에도 나왔으면,,,  "
20070602,10,기대 하고있는 사람중 하나 ㅋㅋ  
20070601,10,아아아 빨리 나와라 ~~  
20070601,10,보고싶네요..ㅠ  
20070531,10,얼른 나와라~~  다음에는 한국에서도 개봉했으면 하는 소망이;;;  
20070531,10,보구시포 하우~~  
20070529,10,빨리 오기를...!!!  
20070528,10,빨리 보구 싶어요~~! ㅠ_ㅠㅋㅋㅋㅋ  
20070528,10,이제 결말좀 내면 안되겠니????  
20070528,10,한국에 빨리 나왔으면 좋겠어요ㅠ_ㅠ  
20070527,10,빨리보고싶어요 ㅠㅠㅠㅠ  
20070527,10,한국에는 언제오나~ 정말 기대됩니다 !  
20070527,10,빨리 한국에서도 볼수있었음 좋겟어요.기대되요.  
20070527,10,>>ㅏ암~~~~~~~~~~ 최고  
20070527,10,캐대박!! 보고싶다;;  
20070527,10,완전 기대합니다아~ㅎㅎ  
20070527,10,보고싶는데요!!>ㅁ< 엄청 기대!!!!!!!!!!!!!!!!!  
20070526,9,음... 기대가안되면 거짓말이겟죠 ?  
20070526,10,정말 보고 시퍼요.....  
20070526,10,정말 완전기대~~!!  
20070526,10,재밌어요 ㅎ  
20070526,10,일어로 한국에 왔으면 소원이 없다!!  
20070526,10,아앍!!!!!!!완전기대만발인 작품!!!!!!  
20070526,10,매년 기대되는 극장판..이번에도 기대되는..ㅎㅎ  
20070526,10,기대만땅  
20070526,10,이번에 한국에도 개봉했음 좋겠어요 ㅠㅠㅠㅠ 더빙판 말구 ㅠㅠㅠㅠ  
20070526,10,완전기대!!  
20070526,10,코난 당연히 기대되는 작품이죠!!!!  
20070526,10,정말 보고싶은 코난극장판 !!  
20070526,10,완전 기대!!!!  
20070526,10,보고잡다~!  
20070526,10,완전 기대~!!! 나오면 바로 볼거임~!ㅋ 코난 홧팅~~~!!  
20070526,10,정말 기대됩니다~~~!  
20070526,10,코난 팬으로써 ㅋㅋ  
20070526,10,기대기대기대  
20070526,10,코난 극장판은 재미없었던 적이없어-!!  
20070526,10,아..빨리 보고 싶어..ㅠㅠ;  
20070526,10,진짜보고싶다^^  
20070526,10,정말 보고싶은 극장판 11기  
20070526,10,보고싶다  
20070526,10,최고야...!!!!!!!!!!!!!!!!!!!!!  
20070526,10,언제 나오려나...... 빨리나왔으면 좋겠다~~~~  
20070526,10,나의 왕자님이 나오신다 얼른 보고 싶구나  
20070526,10,바다가 무척아름다웠다. 추리가 조금 불만이지만 나머지는 굿굿굿  
20070526,10,너무너무 기대 되는 거에요..!! 무조건 초 울트라급(유치..;)10점  
20070525,10,오웃~빨리보고싶군요ㅎ_ㅎ  
20070525,10,기대중  
20070525,10,명탐정 코난 11기 극장판 최고인것닷..!! 무조건 10점 만점이야  
20070525,10,재밌어재밌어재밌다구!!!!!!  
20070525,10,깍 빨리 보고싶어요 !  
20070525,10,보고 싶긴한데;  
20070525,10,재밌어재밌어~!!  
20070525,10,역시 기대되는 11기!! 빨리 보고 싶습니다 +_+  
20070524,1,역시 별로 재미없네요  
20070524,1,별로 끌리지 않네요  
20070524,10,아 진짜 일본가서 보고싶다..~!  
20070524,10,봤는데재밌음..!!ㅋㅋㅋ  
20070509,10,"코난군 힘내요!!! 꼭 3주연속 1위하길 바랄테니... >ㅁ




thgu****


2007.05.09 00:49


신고


"
20070430,10,언제나 코난을 응원합니다.  
