0,1,2
20170523,5,4편의 문제점을 그대로 계승했던 작품입니다.개인적으로는 좋은점보단 나쁜점이 부각되서 느껴졌네요  
20170523,10,고어버번스키님 돌아와줘요 ㅠ  
20170523,10,보고싶다~~하필 이번주 주말엔 제주도....평일엔 학원....이런!!!!  
20170523,8,볼거리가 많았어요 ㅎㅎㅎ 역시 조니댑 코믹 연기 훌륭해요~~  
20170523,6,그냥 평소보던 캐리비안의 해적이었음  
20170523,9,대박! 기대했던 만큼 재밌어요^^  
20170523,10,스크린 큰데에서 정말 재밌게 봤어요  
20170523,9,좀 의아한 부분이 있긴햇으나 역시 존잼!!!약션씬도 더 스릴잇고 깜짝놀라는부분도 많고!!!마지막까지 절대 일어나지마세요!!!짧은영상 마지막에 잇어요!!!  
20170523,10,너무신나욤 잼있고 또보고 싶어욤 화이팅  
20170523,10,진짜 나에게 오랫동안 기억될 최고의 영화ㅜㅜ 유치하다고 생각할수도있지만 정말 최고의 배우들 최고의 스토리를 가진 영화라고 생각한다. 또 새로운 시리즈를 기대하며 또 기다리겠습니다(쿠키영상보고 다같이 환호성 질럿습니다)  
20170523,9,방금 롯데월드타워에서 시사회 보고 나왔는데 스토리는 좀 딸려도 오락영화로는 손색없는 영화였습니다 ㅎ 정말 재밌게 봤어요 ㅎ 로튼 토마토 지수가 왜 이런지 모르겠네요;;  
20170523,8,흥미로워요 너랑봐서조아써  
20170523,10,시사회봤는데 완죤 재밌었어요♡♡♡♡  
20170523,10,완전 재밌었어요!!! 씨지를 완전 갈아넣었음!!!  
20170523,10,너무 재미있어요! 역시나 잭스패로우! 멋진 액션이였습니다! 잘봤습니다! 모두 빨리 영화관으로 가서 관람하세요! 더위가 날아갑니다  
20170523,10,꼭 6편 제작해주세요! 명불허전 조니뎁 연기갑 최곱니다!!!  
20170523,10,정말 역시 캐리비안의 해적이다 싶어요ㅋㅋ아주재밋게 봤구요6번째시리즈도 빨리나왔으면 좋겠어요ㅠㅠ  
20170523,7,17년 영화는 부성애가 대세인가....  
20170523,10,캐리비안의 해적 짱ㅠㅠ 명불허전 조니뎁♡♡♡ 시즌 6도 기대합니다  
20170523,10,시사회에 당첨되어서 봤는데 역시 기대만큼 심지어 그 이상을 보여주었다. 다음 6편이 나올 듯한데 가슴설렐듯한느낌ㅎ  
20170523,7,몇몇 생뚱맞은 스토리연결빼고는 재밌었다  
20170523,10,아이맥스로 관람했는데 영상미도 너무 좋고 스토리도 굳굳!!  
20170523,10,캐리비안의해적을 처음봤지만 스토리이해하기도쉬웠고 아이맥스가 장난아니네요 정주행해야겠어여!  
20170523,10,너무재밋었어요!!!  
20170523,10,조니뎁 사랑해요ㅠ 두번보세요 세번보세요  
20170523,8,재밌어요 대박입니다 화이팅  
20170523,10,너무너무 재밌어요 전편보다 재미있네요~  
20170523,10,딸이랑 재미있게 보고갑니다~^^  
20170523,10,조니뎁 짱짱 한범 더 볼예정  
20170523,9,시사회로 봣는데 말이필요없다. 짱  
20170523,10,가장스케일도크고 너무 재밌습니다  
20170523,10,저번 시즌보다 더 큰 스케일이랑 해상전투신 너무 재밌었고 6편도 나왔으면 좋겠어요 조니뎁 존멋...♡엔딩크레딧 있어요 그리구!!  
20170523,10,기대를 충족시켜 준 영화. 차원이 다른 스케일의 블록버스터  
20170523,10,올랜도블룸의귀환ㅠㅠㅠ  
20170523,10,영상미 최고 처음보는데 너무멋잇고쿠키영상 꼭보세요!  
20170523,10,무조건 봐야하는 영화! 캐리비안의 해적 시리즈의 절정!  
20170523,10,너무 재밌음 꼭 봐야함 ㅋㅋㅋ  
20170523,10,"진짜,, 개쩜 이말밖에는 표현할 말이 없음 ㄷ ㄷ  "
20170523,10,꿀잼 핵잼 또보고싶어요  
20170523,9,한참 웃다 나왔다 가족끼리보기좋은 영화!  
20170523,10,진짜 개꿀잼!!!!두번세번봐도또보고싶을듯!!!!  
20170523,10,캐해 시리즈 처음보는데 짱 시원하구 아이맥스최고  
20170523,10,캐리비안의해적 화이팅  
20170523,10,역시 잭스패로우 선장!!! 너무 재미있어요  
20170523,10,리얼 개꿀잼 꼭 보세요 예고편 있는거 같은데 6년기다립니다  
20170523,10,진짜 인생영화 입니다 6년을 기다린 보람이있어요!!  
20170523,10,정말 재밌어요 개봉하면 또보고싶네요  
20170523,9,재밌었어요 영상미 짱♡  
20170523,10,역시 잭스패로우의 매력은 영원하다! 너무나 반가운 컴백! 천하태평 천진난만!  
20170523,10,정말 재밌습니다! 캐리비안의 해적 화이팅!  
20170523,10,역시 재밌었습니다! !  
20170523,10,잭스패로우는 여전히 미워할수 없었습니다ㅋㅋ미리 전 시리즈 복습하고 보시면 더 재미있게 보실수 있을거 같아요ㅎㅎ  
20170523,10,우왘 아주좋아종아으으ㄷㄲㅅㄱ  
20170523,10,강추! 원추!! 꼭보세요0  
20170523,10,굿이에요!! 재밋네요  
20170523,10,캐리비안해적 만의 코미디와 스토리를 잇는 작품!  
20170523,9,조니뎁은 여전히 멋지고키이라 올랜도 모습이 반갑다  
20170523,10,좋아요잘보세용. 조아아ㅕ  
20170523,8,"캐리비안의 해적 OST를 오랜만에 다시 스크린으로 들을 수 있었고, 잭 스패로우 선장님도 다시 스크린에서 볼 수 있어서 좋았습니다.  "
20170523,10,재미있어요..다시보고 싶은영화네요  
20170523,10,또 보고 싶습니다 흥해라 천만고고♡  
20170523,10,짠 재미있어요 꼭 보세요  
20170523,10,그냥 나쁘지 않았습니다 솔직히 기대하던거보다 상상이상이네요  
20170523,10,엄청난 스케일과 스릴 넘치는 스토리가 멋진 영화입니다!!!  
20170523,10,지금까지 본 영화중에서 재일 재미있었습니다.  
20170523,10,캐리비안해적 정말 재밌었아요  
20170523,10,완전굿입니다 모두들꼭보세요  
20170523,10,조와요.겻늑보아요.조아요  
20170523,10,시리즈중에 역대 최고였습니다. 꼭 보세요  
20170523,8,액션이재밌고 시원했어요!  
20170523,5,웋ㄴ햐ㅇㅇ하 멋ㅇㅅ으어요 우와  
20170523,10,역시 믿고 보는 캐러비안의 해적! 능글맞은 잭스패로우 또 보러오세요!!!  
20170523,9,재미있어요 추천합니다  
20170523,9,시사회로 보러왔는데 4에비해서 훨씬더 재밌네요!! 역시 캡틴잭!  
20170523,7,재미있어요  볼만해요 킬링타임용 영화  
20170523,10,"완전 재미있고, 즐겁습니다!!  "
20170523,10,최고네요 넘 재미있어요  
20170523,9,박진감넘치는 액션ㅎㅎ  
20170523,10,완전 재미져요 꼭 보세요 ㅋㅋㅋㅋ  
20170523,10,이번께 4편 보다 재밌어요  
20170523,10,재밌어요~~~♡♡♡ㅎㅎㅎ  
20170523,10,재밌습니다!! 또 보고싶어ㅛ!!  
20170523,10,기대를 저버리지 않는 조니댑.. 캐리비안의 해적 꼭 보세요.5  
20170523,10,엄청 재밌어요!  진짜 소오름!!!최고!  
20170523,10,시사회로 봤는데 완전 재밌게 봤습니다  
20170523,10,시리즈중에 가장 재밌었습니다 꼭 보세요??????  
20170523,10,재밋어요!!ㅎㅎ!! ㅍ  
20170523,10,꿀잼 완젼재밋어요 체고에요  
20170523,8,내용 전개는 급작스러운 감이 있지만 스케일이 대박 ㄷㄷ 역시 캐리비안의 해적!  
20170523,10,굿! 와전 재밌었어요!  
20170523,10,정말 재미있어요  추천합니다  
20170523,10,조니댑은 실망시키지 않아요 두시간이 눈깜짝할새 지나가요 최고!!!  
20170523,10,여전한 잭스패로우 선장과 블랙펄~!기다린만큼 재밌어요~^^  
20170523,10,마지막장면 너무 감동적입니자.  
20170523,10,말이 필요 없음 꼭 보셈!!  
20170523,8,재미있어요!!!팬이라면 꼭 봐야하는ㅎㅎㅎ  
20170523,10,짜릿하고 반전있는 캐리비안해적 정말재밋네요. 시원한 바다를 만끽할수있어요  
20170523,8,단두대 액션씬!! 너무나 참신하고 기발하다!!!  
20170523,10,터너가 점점 못생겨짐....  그래도 영화는 꿀잼ㅁ  
20170523,10,말이 필요없다 역시 최고의 캐리비안의 해적! 2시간동안 지루할 틈이 없을정도!  
20170523,9,볼거리는 확실.. 다시 바다의 해적이 부활했다  
20170523,10,시사회봤는데 진짜완전재미있습니다 대박  
20170523,10,너무 호쾌한 캐리비안의 해적 정말 잼나요  
20170523,7,재밌게 잘봤어요~~ 오랜만이에요 잭  
20170523,10,너무재미있게봤습니다 시즌중에서 최고였건거같아요  
20170523,10,가디언즈2에 욘두라면 캐리비언5엔 헥터가 있다.  
20170523,10,정말 재밌어요~ 추천합니다  
20170523,10,정말 기억에 남는 영화중 하나였고 매 시리즈마다 저를 설레고 기쁘게해주네요  
20170523,10,기대이상으로 너무 재밌고 시리즈마다재밋지만 특히 재밋어요 짱짱 또보고싶어요  
20170523,10,완전잼나게봣어용역시 캐리비안 실망시키지않네요  
20170523,9,스팩타클 스릴 만점 입니다 강추예요~^^♡  
20170523,10,너무 잼있어요^^ 강추합니다  
20170523,10,시사회 봤는데 존잼!!!!  
20170523,8,시사회 당첨되서 봣는데 완전 잼있어요  꼭 보세요  
20170523,10,잼써요!!진짜 잼써요  
20170523,10,시사회 잘 왔네요 ㅎㅎ 언제나 재밌는 캐리비안!개봉하면 또 보러갈게요~  
20170523,10,완전 재미있어요. 몰입감 짱~~^^  
20170523,10,다시 돌아온 잭 스패로우 선장 반갑네요 ㅎㅎ오랜만에 봐도 여전히 매력적입니닷-!!  
20170523,10,믿고보는 캐리비안의 해적!!! 너무 재밌었어요!!!! 오늘 시사회오는데도 너무 설렜고 강추합니다ㅠ  
20170523,9,생각보다 재밌고 스케일이 커서 볼만한거같아요  
20170523,10,재밌었어요 !! 나중에 또 보고싶어요  
20170523,9,재밌어요! 큰화면으로 잘봤습니다  
20170523,9,후반부에 그래픽 대박입니다. 잭스패로우 선장님 항해 응원합니다~~  
20170523,8,겁나게 잼있다 마지막은 대반전!!  
20170523,10,완전 재미읶다....!!! 6편도 나왓으면 잭스패로우 존멋ㅠㅠㅠㅠ  
20170523,8,좋았다잘보았다.‥드  
20170523,9,역시 조니뎁이예요. 영상미도 짱 스토리도 짱. 아쉬워요ㅠㅠ영화시간이너무짧았어요ㅠㅠ 진짜최고최고  
20170523,10,역시 캐리비안의 해적은 믿고보는 영화!  
20170523,10,다이나믹한 영상이 좋았어요-!!  
20170523,9,아주아주 흥미로웠어요!!. 전 시즌보다 훨신더 스펙타클하고 재밋었습니다. 잭 스페로우 선장과 새로운 주인공들의 이야기가 러닝타임내내 끊기지않고 아주 흥미롭게 연결되었어요.  
20170523,10,완전 재밌어요 시사회로 봤는데  
20170523,10,멋집니다. 선상전투 최고!  
20170523,10,재미있어요 재미있어요  
20170523,10,재미있네요.  먼저 공부하시고 보시길  
20170523,10,그래픽이 최고 전꺼본 기억이 가물가물한데도 재미있다!  
20170523,10,모든 저주가 드디어 풀렸네요 다음은 어떤 이야기로 나올지 벌써부터 기대되네요  
20170523,9,너무 재밋엇어요 최고최고  
20170523,10,완전너무재밋어요흥미진진  
20170523,10,재미있어요 역시 잭스페로우네요  
20170523,8,씁쓸한듯 해피엔딩? 카메오가 맘 에든다  
20170523,10,시사회로봤는데 초ㅣ고! 큰화면으로보세요!  
20170523,10,재잇어요 네 보러오세여 경품  
20170523,9,너무 재밌게 잘 보았습니다그래픽도 좋고 이야기도 탄탄하니 좋습니다대박나세요  
20170523,10,너무 재미있고 시사회로 봤는데 기대하셔도 좋아요!  
20170523,10,재미있어요 좋은 관람이었어요  
20170523,9,정말재미있어요!!또보고싶어요!  
20170523,9,재밌게 봤어요 ㅎㅎㅎ 잭 오랜만  
20170523,10,진짜 너무 재밌어요~~  
20170523,10,꾸르잼입니다! 예고대로 볼거리 완전 풍성하네요. 블랙펄의 귀환 너무 멋져요  
20170523,10,조아여 증맬루 와따여요  
20170523,10,시사회와서 관람했습니다 캐리비안의 가장 기본이라고 생각 되건것이 충실하게  들어가있네요  
20170523,10,잼나요 좋아요  잘봤어요♡♡  
20170523,10,?너무너무 재미난 영화  
20170523,10,재미있어요..ㅎ볼만해요  
20170523,9,왼전 흥미진진~ 조니뎁은 죽지 않았다  
20170523,10,최고에요 짱짱짱! 좋게 잘 봣어요  
20170523,10,너무너무   재밌네요~~~~  
20170523,9,재밌어요ㅋㅋ보러오에요  
20170523,8,시리즈의팬으로써놓칠수없었던작품 그간의스토리를망라해서엮은것이팬으로써향수를느낄수있게해주었다  
20170523,10,더할말이 없이 최고입니다.  
20170523,10,완전재밋어오 대박대박 적극추천  
20170523,10,말이 필요없다전작에 이은 대작조니뎁의 마력이 넘치는 영화  
20170523,10,시리즈중에서 제일재있었어요 팝콘먹을시간도없더라구요  
20170523,8,잭 여전하다!! 여주 보는 재미도 쏠쏠!  
20170523,10,#캐리비안의해적 : #죽은자는말이없다#조니뎁 #잭스패로우 #하비에르바르뎀 #살라자르기다린 보람이 있는 캐리비안의 해적  역시나 만족 할 만한 영화  
20170523,10,월컴 잭스패로우 넘 재밌어요  
20170523,10,한번봐 두번봐 세번봐 그냥봐 개강추  
20170523,10,너무너무~~재미있어요~  
20170523,10,남들이 뭐라하든 영원한 잭스페로우완전 심장 쫄깃쫄깃  넘나 즐겁게 관람~♡  
20170523,8,계속되는 잭 스패로우의 매력 속으로  
20170523,10,재밋어여 스토리 완결판입니다 연기력도 젛아요  
20170523,10,최고의 시리즈 정말 강추 합니다  
20170523,10,완전 재밌어요!! 추천합니다 꼭 보세요  
20170523,10,너무 재밌어요~  다음에도  또 다른 모험 기대합니다^^  
20170523,10,역시 볼수밖에없는!!  
20170523,10,완전 재밌습니다. 꼭 보세요!!!  
20170523,9,반가운 모습들에 속으로 만세를 외쳤다!!  
20170523,10,너무재밋습니다 또보고싶어요ㅋㅋ  
20170523,10,다시 돌아온 잭 스패로우 선장이 눈물나개 반갑다!! 명불허전 해상액션도 최고!!  
20170523,10,역시 해적영화는 캐리바안의 해적이 최고에요! 완전 스펙타클합니다.  
20170523,10,토마토 안믿는다 무조건 본다  
20170523,10,좋아요 재밌어요 최고ㅎㅎ  
20170523,9,말이 필요없는 영화 ^^ 정말 잼나요  
20170523,10,역시 캐리비안 넘넘 쟤밌어요 짱 짱!  
20170523,10,엄청재밌어요♥♡♥♡♥♡♥♡♥♡♥♡♥♡  
20170523,10,너무 재미있어요!  역시 조니뎁!  
20170523,10,정말 재미있어요~  최고예요  
20170523,10,믿고보는 조니뎁!추천  
20170523,9,캐리비안의 해적 시리즈의 화려한 부활!!재밌어요~~  
20170523,10,역시 기대한 것만큼 이상으로!! 꾸르잼!!!  
20170523,10,캡틴잭 반가워요.더욱 풍성해진 등장인물과 화려한 영상...잘 봤습니다.^^'  
20170523,10,너무 잼나용 ㅎㅎㅎㅎ 짱짱  
20170523,10,캐리비안의해적 시리즈 역대 최강이었어요  
20170523,10,조니뎁과 하비에르 바르뎀의 블럭버스터 액션!!!  
20170523,10,넘 재미쪙 친구들에게 추천해요~  
20170523,10,개꿀잼입니다 꼭보세요 ㅋㅋ  
20170523,6,이거 보려고 했었는데 메타크리틱 점수 생각보다 엄청 나쁘다.. 그래서 안보는 게 나을 것 같다.. 아싸리 딴거 볼까.. 아님 원더우먼 기다릴까  
20170523,10,잭 스패로우는 영원하다  
20170523,10,캐러비안의 해적 믿고보는 조니뎁 재밌는 영화 완전짱이야.망작이라고 초치는 놈들은뭐니? 보지도 않고 재미없다고  
20170523,10,역시 잭 스패로우의 매력은 여전!!! 이제는 의리로 보는 영화 재미있다.  
20170523,10,믿보뎁!이번주 주말에 남친이랑 보러갑니다~  
20170523,1,로튼지수 29.... 말다했다 거르자  
20170523,10,근데 진짜 캐리비안의해적은 실패작이없는듯4편낮선조류도 전작들에비해 아쉬웠던거지 재미없는편은 절대아님이정도면 거의 대박 네임류시리즈아닌가  
20170523,1,로튼 26퍼 / 팝콘더비 70퍼대 이미 현지에서도 욕 오지게 먹고 있음 해적닦이 ㅅㄱ  
20170523,1,이거 다른 나라는 imax 3d로 상영 하는데 우리나라는 imax 2d 에이리언도 imax 2d 개봉 했는데 우리는 일반 상영관에서만...  
20170522,1,별로 3에서 호흡기땠어야함  
20170522,10,와진짜 .. 몇년동안 기다린건지 드디어 나온다니 행복하다 ㅠㅠ캐리비안해적 시리즈 다보고 다보고나서도 또보고 계속 봣는데 이거 진짜 내인생영화임 ㅠ올랜도블룸진짜너무존잘 ㅠ4에서 안나왓는데 드댜 5에서는 볼수잇다니 ㅠ사랑합니다 체고 !!!  
20170522,10,캐리비안 해적시리즈 라서 기대되는데 '노인을 위한 나라는 없다.'에서  악역으로 나온 하비에르 라니... 정말 기대 되네요  
20170522,10,대한민국 18대 대통령 : 박근혜도 말이 없다  
20170522,10,이걸 꼭 보고 평점 줄 필요가 있냐? 그냥 10점 이지  
20170521,8,400만명 이상 흥행  할듯  
20170521,10,하샹.. 무슨 말이 필요하리오  
20170521,10,사치의끝판왕 조디뎁횽 드뎌 영화 개봉을 앞두고 있네 ㅋ성공 기원합니다  
20170521,10,영화가조으네요짱조아요  
20170521,8,이 영화의 성공여부가 조니 뎁의 연기 인생을 좌우할듯  
20170520,10,드디어 조니뎁이 돌아왔다!!  
20170520,10,말이필요없다 무조건본다.  
20170520,10,"사랑합니다. 3, 4D, IMAX 3가지 버전으로 다 볼겁니다.  "
20170520,5,"망할 4탄 때문에 기대가 뚝 떨어졌다 그래도 1,2,3탄 까진 재밌는데 보긴 해야겠지?  "
20170520,10,Nnb:):):):):):  
20170520,10,이제 '드디어'란 말을 쓸때가왔군....  
20170520,6,좋아하는 카야 나와서 6점 준다  
20170519,10,블랙펄 처럼 이번에 나오는 유령선을 유리병 속에 봉인 하는걸로 결말 나오면 1점 준다. ㅋㅋ  
20170519,10,추억의 캐리비언. 꼭 극장에서 봅니다. ㅋㅋ  
20170519,4,캐리비안의해적이 대부분 140~160분대 영화였는데 이번 영화 120분대라면 급속도로 전개하거나 미니영화가 될 수 있음  
20170519,10,사랑하는 조니뎁형을 맞이하려니 설렙니다 흐흐  
20170518,10,나오면 봐야지 행운의 777  
20170518,10,믿고 보는 캐리비언해적  
20170518,1,좌지뎁 철좀 들어라~ 여자좀 고만 패고 이세꺄  
20170518,1,1편은 잼있었다 2편 3편 레알 쓰레기 였는데 4편도 당연히 쓰레기 일것으로 예상 된다공짜표로 봐줄께  
20170518,9,진짜 기다렸어요 ㅠㅠㅠ 빨리나와랏 ㅠㅠ!! 죠니뎁  
20170518,10,캬 역시 캐리비안베이의 해적.ㅠㅠㅠ  
20170518,10,저알 기대되는 작품입니다  
20170517,10,4dx3d예매했네요 청소년이라 훨씬 싸긴싸네요평일 오후 성인 18000원 청소년 13000원  
20170517,10,빨리 보고싶다 흑흑!!  
20170517,10,캐리비안의 해적 시리즈는 항상 실망을 준 적이 없다. 디즈니의 화려한 영상과 웅장한 ost! 거기에 조니뎁의 명연기까지ㅠㅠ 잭스패로우는 조니뎁을 위한 캐릭터라 해도 과언이 아니다.  이번 편은 또 얼마나 매력적일지 매우 기대된다!  
20170517,1,세상의 끝부터 쓰레기였는데 달라질께 있나...  
20170516,10,카야 나오네.. 스킨스에서 에피와 어떻게 다를지 궁금하네  
20170516,10,드디어 !!!ㅜㅜㅜㅜ  
20170516,10,정주행 다했는데 너무 기대되요 조니뎁 능글맞는거 너무 좋아...♡  
20170515,10,조니뎁 어서 돌아와요!  
20170515,10,시리즈물 다 관람했어요. 기다려지네요  
20170514,10,여기있는 사람들 2년후에 나올줄 알았는데 4년뒤에 나와ㅋㅋㅋ2017년에 나오네 보러가야쥐  
20170514,10,난 진짜 어디가서 인생영화 캐르비안해적이라 했다 기대된다  
20170514,8,젊은 잭 스패로우 역을 어느 배우가 맡나 했더니 조니 뎁을 CG로 젊게 만들었어ㅋㅋ 와하하 무조건 보러 갑니다  
20170513,9,잼있을것같아요20OOO에개봉예정이었는데  
20170513,10,일단 조니뎁만출연하면 완벽한 캐리비안의해적임  
20170513,10,기대중입니다ㅠㅠ 개인적인 바램으로는 윌터너랑 스완 좀 어찌 안되나요ㅠㅠ  
20170513,10,잭 스페로우♡-♡ 드디어 다시보는군요!!!조니댑 넘 조아요^~^  
20170513,10,아 군대가서 못본다 ㅅㅂ  
20170512,10,이영화를 안볼이유가 있나요 잭스펠로우 인데  
20170511,10,올게왔다! 가자가자!!!!  
20170511,10,보꾸얏 얼른보꾸얏내가보꾸얏  
20170510,9,"4편은 솔직히 조니뎁 빼곤 주연들이 싹 바뀌어서 재미가 줄었었는데, 5편은 주연은 다르지만 조연으로 올랜도 브룸과 키이라 나이틀리가 나와서 1~3편과 같은 재미가 돌아올 수 있을거 같아 기대됩니다.  "
20170509,10,재미 있겟다  넘 보고잡다  
20170509,10,스패로우!!!!진짜 완전 사랑해요  
20170509,10,기대합니다!! 조니뎁 빨리 보고 싶다!!!  
20170509,10,일단 캐리비안의 해적 시리즈는 여느다른시리즈물보단 성공적이었음 이번스토리도 탄탄하고 재미있게 돌아오길 빌어봄.  
20170508,10,하진짜 거어어어업나 보고싶다..  
20170508,10,그냥 좋음!!! 얼른 개봉했으면 좋겠어요~ 기대중!!!  
20170508,10,전작부터 계속 이영화는 말이필요없는 영화..스토리도 탄탄하고 스케일도 대박임^^  
20170508,10,"청 웅 , 사 타 부 언 ...  "
20170508,10,캐리비안 지금까지 재밌게 봐 온거라 재밌을거라 예상됨  
20170507,10,He s a pirate  브금은 아직도 저걸 쓰다니 초심 안잃어서 너무좋다....  
20170507,10,잭스패로우선장짱캐리비안의해적 죽은자는말이없다 짱짱  
20170507,10,기대됩니다.재미있겠죠?  
20170506,10,죠니뎁으로 충분해♡♥  
20170506,10,아..빨리보고싶다 미리 십점예약ㅋㅋㅋ  
20170506,10,devil님 죄송하지만 이게 5편입니다  
20170505,10,솔직히 캐리비안은 100% 봐야함  
20170504,10,나오겠지 나오겠지 기다리다가 드디어 2017년에 개봉하네..ㄷ  
20170503,10,그냥 10점 줍니다 왜냐하면 재미써ㅅ니  
20170503,10,키이라 나이틀리는 이제 안나와요?ㅠㅠ  
20170503,5,"캐리비안의 해적은 다 재밌었는데, 솔까 키이라 나이틀리 할 때가 더 재밌었었던것 같음  "
20170503,10,터너 아들내미가 나오네  
20170503,10,하비에르 바르뎀에서 이미 끝났다  
20170502,4,12세.. 하 적어도15세정도라도 나오지;;  
20170502,1,고마좀 나와라.... 초딩들이나 좋아할 영화... 나누애초에ㅜ1편보고 이 시리즈 별로더라  
20170502,10,군대 가기전에 볼수있다 행복하다  
20170502,10,재밌을거 같고 배우분들이 참 예쁘고 멋있네염^^  
20170501,10,6편도 나온다고 알고 있는데요.  
20170501,1,조니뎁 팬이었는데....가정폭력 범인거보고 정떨어졌다.  
20170430,10,이건 솔직히 무조건 봐야한다 ㅂㅂㅂㄱ  
20170429,10,캐리비안의해적은 닥치고 본다  
20170428,10,"여자 누군가 했더니 메이즈러너 발암녀였냐ㅇㅅㅇ!!키이라나올줄 알았는뎁...윌하고 엘리자베스 1,2,3시리즈땐 별루였는디 안나오고 인물들 바뀌니 4는 보지못했당...윌나온다니 개봉하자마자 바로 봐야겠네  "
20170428,10,캐리비안 시리즈는 진리죠 ! 특히 여름 개봉에 블록버스터를 볼수있다니 꿈만같네요 !!ㅎㅎ  
20170428,10,곧개봉ㅎㅎ기대ㅎㅎㅎ  
20170428,10,이번건 대박난다 YES!!! 재미없다? NO~~~ 기대된다? YES YES YES OK all right  
20170427,10,무조건 보러 갑니다. 역시 잭스패로우~ !! 짱  
20170427,10,내 인생 영화.. 또 나오는군요..  
20170427,9,빨리 좀 나와라   ㅋㅋㅋㅋ  
20170427,10,"알바라고 놀려라,. 그냥 10점 줄꺼다.  "
20170423,10,잭스패로우가 다시 오는구나!!! 캡틴 잭 스패로우!!  
20170422,10,재미께따(동성)친구랑보러가야지  
20170422,10,분노의질주 볼때 예고편나오는거 보고 예전에 봤던 시리즈들이 생각나서 완전 지림ㄷㄷ간만에 정주행 다시 할려구합니다^^바라는게있다면 제발 뻔한스토리 막장스토리로만 가지않길  
20170420,5,또 존1나 졸릴거같은데 1편이 갑이었는데  
20170420,10,시험 1주일전인데 벌써 이거 볼 생각에 들떠있다.  
20170420,10,캐리비안의 해적은 실망했던적이 없으니깐요!!!기대합니당♥  
20170419,10,미ㅇ쳤다 내가...미친듯이 보고싶다ㅜㅜ 개봉하자마자 볼거임 잭스패로우♡  
20170417,10,최강 더치맨이돌아온다!!  
20170416,10,진짜 말이 필요없는 시리즈다  
20170416,10,캐리비안의 해적 제가 좋아하는 영화 시리즈인데 5월 말에 개봉한다니 기대됩니다. 조니 뎁 나온 영화니 믿고 봅니다!지금까지 조니 뎁 영화 실패작은 없었으니까요!!!!  
20170415,10,가오갤씹어먹자!!!  
20170412,10,내 인생 영화 ㅠㅠ 영화가 아니라 소설이었든 만화였든 어떤 형태의 이야기로 다가왔어도 난 매료됬을거야 ㅠㅠ  
20170409,1,조니뎁 가정폭력범새끼.... 라 안봄 10년 팬이었는데 정뚝떨했음. 바람까지 피워서 이혼해놓고 지보다 20살도 어린 여자를 패냐  
20170409,9,전작을 인어편 뛰어 넘을수 있을까 재밌게 봐서 과연 어떨지? 이번편 진짜 마지막 인거 같은데 예고편 보니까 스케일 크던데 기대가 너무 됩니다!  
20170403,8,다 좋은데 너무 괴물이야기로 끌고가는게 조금 유감. 1편같이 적당히 신비주의를 버부리면 더 좋으럭 같은뎅 대놓고 나오니 신비감이 떨어짐.  
20170403,10,출연진 보니까 올랜드블룸 나오는거 같은데.. 플라잉더치맨호 나오면 꽤나 솔깃하네 ㅎㅎ  
20170402,10,거참 드럽게 우려먹네...드럽게 우려먹어서 더욱 깊어지네...거기에 이번엔 좀비 해적이냐?! 잠깐!! 근데 그 좀비해적이 하비에르 바르뎀이네???미친 무조건봐야지~~  
20170401,10,다들 조니뎁보러가나봐 난 카야보러가야지...  
20170401,10,일단조니뎁이나오는캐리비안의해적인데말이필요??캐비해적빠면무조건봐야함ㅋㅋ  
20170330,10,이번에 게임도 나오던데 넘나 잼써보임 게임부터 갑니더 ㅎㅎ  
20170328,10,이제보니 잭 스패로우가 악당이었음....  
20170328,1,수준떨어지네 진짜..  평점은 영화로 따져라 개봉하기도전에 10점주고 빠돌이라고 하는게 자랑이냐?  
20170327,10,안봐도 재밌어보인닼ㅋㅋ  
20170326,10,포세이돈의 삼지창이 좀 걸리지만... 그래도 기대가 됩니다  
20170326,10,완전 기대중이다 한 5 년 기다린거 같아  
20170326,10,조니뎁 이니까 10점 드립니다.  
20170326,10,폴 메카트니?? 의외네요  
20170325,10,흐헿흐헿 드디어 나온다! 난 무료영화관람귄으로 봐야지~~  
20170324,10,캐리비안의 해적 최고!! 영화관 직행!!  
20170323,10,무조건 영화관 직행이다 ㅎㅎ  
20170323,10,이건 캐스팅이 안볼수가 없는 어마어마한 리스트업임 에피보러간다 꼭  
20170323,10,와 나오는거 몰랐네!! 나이때문에 조니뎁 걱정했는데  이렇게 나오다니!!  
20170323,1,조니뎁은 이것말고 성공한게 없네  
20170323,10,빨리 나왔으면 좋겠내요  
20170318,10,빨리보고싶다 . 진심 기대 만땅  
20170318,10,우왕~!보고싶당ㅎㅎ  
20170315,10,지금에서야 영화를보는데 조니뎁이 너무 섹시하다 꼭 봐라  
20170311,10,폴 매카트니 형님 보러 갑니다  
20170310,10,대애애애ㅐ애애박!!이건 내일 시험 있어도 무조건 본다  
20170310,10,인트로 음악부터 생각이 더 나는 영화! 죠니뎁을 더욱 더 인상깊게 남는 영화~! 시리즈가 나올 수록 더욱 더 다음 시리즈가 생각이 나게하는 영화! 꼭 보고 싶어요!  
20170310,10,보러간다 찌밤!!!11  
20170310,8,1편은 오오하면서 보고 후속 기대했었는데 갈수록..? 보다 맘  
20170307,10,폴 메카트니가 뭘로 나오는지 왜나오는지 알 수 있을까요???  
20170306,10,캐리비안해적 솔직히 재미있지않나?  
20170306,10,3편다음에 5편이라면서요 흠 기대된다  
20170306,9,글쎄.. 조니뎁이야 흥행보증수표지만 카야스코델라 는 한국에서 김수현덕에 인지도가 올라가긴했어도 별로 어울릴지는 모르겠는데  
20170306,10,빨리보고싶다!!!!  
20170305,10,7...7월아니었냐;; ㅠㅠ  
20170305,10,개인적으로 제일기대되는 영화!!! 조니 뎁! 빨리 보고싶네요~!  
20170304,10,몇년을 기달렷는가 ㅠㅠ.  
20170303,10,2344678991  
20170228,10,오 마이 갓....드디어 나온다..  
20170228,10,드디어..나올때가 됫군ㅎㅎ  
20170227,10,오랜만에 잭 스패로우를 보는것도 기쁜데 윌 터너도 다시 나오고 무엇보다 악역이 하비에르 바르뎀이라니 ㄷㄷ 무조건 봐야할듯  
20170224,10,빨리나왔으면좋겠음 조니댑 보고싶어  
20170223,10,캡틴 잭스페로우 기대되네요  
20170223,10,올랜드브룸도 나옴.. 2017년 최대 기대작..  
20170220,10,ㅠㅠㅠㅠ 너무너무 보고싶은데 2017년에 수능 봄 ㅠㅠ  
20170218,10,하비에르 바르담 사랑해요~~~  
20170217,10,올랜드블롬은 3편에서 저주를 받게되어 10년에 한번씩 땅을 밟을수있는데 기막히게도 이번년도가 3편(2007)이후 10년이 되는날임 ㄷㄷㄷ  
20170215,10,아이고 윌이 저주를 받아서 반쯤 해산물화 되어버렸어!!! 대체 무엇 때문에?!  
20170215,10,외국영화 레전드에 속해있죠 반지의 제왕 해리포터 케르비안 반지 해리 끝낫지만 이건 현존 살아있는 전설이죠 지금날가지 전설급 영화를 볼수 있다는것만해도 좋내요 이것도 끝날날이 온다는게 슬프네요 영원한 우리의 켑틴 젝인데 ㅎㅎ  
20170213,5,조니뎁이 최근 몇년 찍는거 마다 망하고.. 너무 하향세라 걱정된다.  
20170211,10,조니뎁 기다렸다 진짜. 조니뎁 조니뎁 조니뎁  
20170210,1,3편보다잠 이번껀..  
20170210,10,빠바빰빰빠바빰빰 빠바빰빰 빠바↘빠바↗  빠바빰빰빠바빰빰 빠바빰빰 빠바밤 빠바빰빰빠바빰빰빠바빰!빰! 빠바 바바~  
20170209,10,믿고보는 조니뎁 사랑해요 조니뎁  
20170209,10,캐리비안해적시리즈 너무 재밋음  
20170209,8,82억 이혼 위자료 마련하려면 열심히 벌어야지..  힘내~ 잭스페로우~  
20170208,10,우리의 캡틴 잭스패로웋ㅎㅎㅎ  
20170208,10,재미없어도...극장에서 본다  
20170207,10,조니 뎁은 믿고 본다..  
20170206,9,영화 보는 도중에 팬티 몇번 갈아입게 했던 안톤 쉬거가 나오네 ㅋㅋㅋ  
20170206,10,역대급 명작 시리즈귀환  
20170206,10,명품 대작영화등장~!!!  
20170131,10,드디어 나오는건가요??몇년째 기다리고 있는지 몰라요 기대 합니다 캐리비안 해적 시리즈는 다 재미 있었은깐 5펴은 더 재미있겠죠??빨리 보고 싶습니다  
20170126,10,제발 잘 뽑아줬으면ㅠㅠ내 인생시리즌데  
20170114,10,브...브렌튼 나와서 봅니당... 라인업 죽이는듯  
20170113,10,캐리비안의 해적. 가장 좋아하는 시리즈 드디어 올해에 개봉하네요  
20170111,10,카야 나온댄다 꼭봐야지  
20170110,10,와 그토록 죽음에서 도망치던 잭 스패로우가 드디어 죽는 구나  
20170110,10,"올랜드는 인간이 아니고, 바다유령인데다 더이상 스토리에 끼워넣기 좀 그런데..어려움에 빠졌을 때 짠~하고 구세주로 나오는 역할이 가장 적합하겠다  "
20170106,10,6년동안 기다렸다 잭 스패로우는 말이 필요없음....?  
20170104,10,비틀즈의 폴 메카트니도 나온다  
20170102,10,빨리 보고 싶다...조니 뎁  
20161230,6,"1,2편 너무재밌게봤는데...3편부터 초심잃음 갑자기뜸금포에...기대는 말아야지  "
20161229,10,조니뎁생각나서왔는데 카야가나오네??대박 기대된다!!  
20161219,10,조니뎁에 올랜도 블룸 제프리러쉬 그리고 키이라나이틀리까지~!!!! 아~~눈물 난다.  
20161214,10,섹시한 잭스패로우!!  
20161208,10,엄마야~~~폴 매카트니가 나온다고????  
20161206,10,아....진심 기다리다 눈빠질 뻔한 내 인생영화...그동안 몇번을 돌려봤나 기억도안나ㅠㅠㅠㅠ 죠니뎁!!!보고싶었어요ㅠ내년이면 수험생이지만....거부할 수 없다...기대에 미쳐주길..  
20161129,10,와 출연진들 빵빵하다... 조니 뎁에 올랜드 블룸에 하비에르 바르뎀까지... 안되겠다... 캐리비안 해적 다시 정주행한다!  
20161119,10,헐 카야 나오네 미친캐스팅  
20161109,10,하아 진짜 빨리 조니뎁의 잭스페로우가 보고싶다!! 캐리비안의 해적 브금만 들어도 가슴이 설레는데 언제 2017년까지 기다리냐ㅠ  
20161020,10,캐러비안해적5  빨리바야하는데!!!  
20161019,10,6년전 입대하기전에 시즌4를 봤는대... 세월이 참빠르군  
20161018,7,하비에르 바르뎀의 포스가 영화를 짓누를 것 같다  
20161015,10,"돌아온 캡틴 잭, 돌아온 윌 터너. 얼마나 그리웠던 조합인가!!! 거기다 브렌튼 스웨이츠에 카야 스코델라리오까지 ㅠㅠㅠ 티저 보니까 빌런까지 겁나 느낌있더만. 이건 꼭 봐야해 ㅠㅠㅠ 빨리 나와라!!  "
20161011,10,캐리비안을 진짜 너무 좋아해서 DVD전부 소장할정도인데 2007년에 개봉한 세상의 끝에서 윌터너가 플라잉 더치맨의 저주 10년을 노리고 2017년에 다시 만든거면 죽은자는 말이 없다는 또 다른 소름일꺼임 ㅋㅋㅋ  
20161009,10,잭 선장님 인생최애....사랑해  
20161005,10,와 티저 예고편만 봤는데 역대급 빌런이다!!!! 빌런 연기 완전 소름 돋네 ㄷㄷㄷㄷ  
20161005,10,그냥 '캐리비안의 해적' 이 여섯글자만 듣도서도 당장 볼거다 조디 뎁이랑 올랜도 블룸 빨리 보고 싶다... 아 진짜 1년을 넘게 기다렸는데 앞으로 내년 7월까지 또 어떻게 기다려ㅠㅠㅠㅠ  
20161005,10,하비에르 바르뎀 기대됩니다!  
20161004,10,호오 섬뜩한데이번에도 기대되는구만  
20161003,10,"배우만으로 기대된다. 하비에르 바르뎀. 잘 모르시는 분들도 계시지만, 무려 지금도 조커/스탠스필드 등과 견주는 악역 안톤쉬거를 표현하신 분이라서 이번에도 엄청 기대중. 1편의 기본적인 스타일만 잘 유지해준다면, 엄청난 오락영화가 나올듯.  "
20161003,10,빨리보고싶다..몇년만이냐...  
20161003,10,여러분들 유튜브에 캐리비안의해적5  라고치면 예고편 나왔어여  
20160929,10,엘리자베스 스완 어디갔엉?  
20160928,10,빨리 보고싶다 드디어 내년에 나온는가보군요  
20160908,10,조니뎁 보고 싶은사람 앨리스 하니까 그거 보고 나서 캐리비안의 해적5를 감상하도록 하죠. 캐리비안에서도 문제가 항상 잭 스패로우 선장한테 가 있더니 앨리스에선 모자장수가 또 문제네 ㅋㅋㅋㅋ  
20160907,10,캐리비안의해적 기다리느라 지친다...내년이면 드디어 진짜 재밌는영화를 볼수있다뉘!  
20160905,10,캐리비안의 해적 내가 젤 좋아하고 가장 재밌게 본 영화 단언컨데 흠이 없다. 최고의 명작에 평 따윈 미리 쓰고 본다  
20160902,10,말이 필요없죠 빨리 보고프다ㅎ  
20160830,10,너무 기대됨ㅠㅠ 빨리 나왔으면..  
20160825,7,이게 진짜 나올까... 작년에 개봉하기로 했다가 미뤘다가... 올해는 카야가 임신... ㅡㅡ;;; 조니뎁 외모도 예전 123편때랑은 완전 다른데...  
20160820,10,꼭 볼꺼야 두번볼꺼야 세번이라도 볼꺼야  
20160819,10,진짜보고싶은데 아 내년수능인데  
20160816,10,여러분 1년남았습니다  
20160811,10,캬 혹시나 설마 했는데 진짜네 옛날에 세상의 끝에서 극장에서 보고 마지막 크레딧 영상에서 10년후에 엘리자베스가 윌터너가 녹색섬광이랑 같이 나오는 장면에서 친구한테 이랬는데 아마 이거 10년후에도 시리즈 나올 것같다고 근데 정확하게 10년후에 5탄 ㅋ  
20160810,10,10점줄테니까 버빈스키형님데려와ㅠㅠ  
20160806,10,4를 극장에서 본후로 123을 극장에서 안본게 후회된다  
20160804,10,조니뎁 빨리보고싶다 얼른 개봉해라!!!  
20160725,1,올랜도 나오는건 좋은데 내용이 점점 산으로 간다키이라 도 없고 환상의 커플 이었는데 ...카야 는 연기도 못. 1이 최고로 재밌음.  
20160724,10,감독이 바뀌었지만 더 재밌어지길..  
20160711,10,진짜 기대되네.캐리비안의 해적  그냥  우연히 보게 됬는데 너무 재밌다.  
20160708,10,블룸도 돌아왔고 이번 캐스팅이 캐리비안 역대최고네.. 심지어 조연에 폴매카트니 까지 있어  
20160617,10,3편정도의 퀄리티로 돌아오길!  
20160616,10,그냥좋아뭐건간에시리즈가많이나오곤간에조니뎁연기실력에감탄하고영화의재미에감탄한다 더나오는게 맞아 시리즈 10까지 뽕뽑았음 좋겠다  
20160615,5,조니 뎁에게 주어진 마지막 산소호흡기  
20160528,10,빨리 2017년7월달이 왔으면 캐리비안의 해적 계속 보고싶다  
20160528,9,카야카야 ~~ 떠오르는스타 카야가나온다니 무조건봐야징  
20160526,10,"조니뎁, 올랜도블룸, 케빈, 제프리 러쉬 캐리비안의 해적의 고정멤버들!!! 너무보고싶다 개봉날이 빨리다가왔으면 좋겠네요^^!~  "
20160526,10,오우 그가 오고있다 .. 조니뎁의 부활 !  
20160524,10,캐리비안의 해적 3편 마지막에 10년 후라고 하고 윌터너랑 엘리자베스 재회에서 아들이 대략 10살쯤 되어보이는데 아들이 출현한다는 이번편은 대략 3편 이후 20년 쯤 후의 이야기라는 거네요 하지만 우리 조니뎁은 동안이니 상관 없음ㅋ  
20160524,10,아 진짜 기대되요 빨리개봉했으면개봉날만 기다리는중  
20160523,9,올랜도볼룸 진짜10년만에 나오네 ㅋㅋㅋㅋ10년에 한번 땅을밟는자  
20160522,10,와 2015년에 개봉예정이라면서 날 4년씩이나 기다리게 할 셈이야!? 빨리 조니 뎁 보여주세요ㅜㅜ!!  
20160519,1,솔직히 4편졸작이었는데 별로기대안함  
20160506,10,완전 기대되요!!! 조니뎁 얼른 보고싶어요!!! 설마 여기서 죽는건 아니겟쥬..? 잭 스패로우 계속 잇엇으면.. 빨리 2017년이 됫으면 좋겟네요ㅠㅠ  
20160505,10,얼마 남지 않았다! 제일 기대되는 영화ㅎㅎ  
20160428,10,올랜도 다시나오네? 4에선 안 나오더니  
20160408,10,꼭 보고 싶다♡♡ 난 지금 학생인데 조니 뎁의 그 남자답고 섹시한 얼굴 너무 좋다♡♡♡♡  
20160327,10,캐리비안의 새로운 시리즈물이 다시시작되었으면 좋겠다 연속으로 쭈욱나올수있는 배우들과 함께ㅠㅠ  
20160318,10,작년 여름 디즈니 엑스포에서 발표했습니다. 윌 터너 등장합니다. 깜짝발표라 그랬는지 사람들이(특히 저 포함 여성팬분들이) 벌떡 일어나서 일제히 기립박수 몇 분간 치더라구요 ㅋㅋㅋㅋ 그렇게 열심히 박수친건 첨임...  
20160313,10,ㅜㅜㅜㅜ캐리비안의 해적은  시리즈물이 너무 늦게 개봉되니까 짜증남..어캐 2007년에 4편 2017년에 5편이 나오냐ㅜㅜ10년이낰ㅋㅋ  
20160302,1,진짜 캐리비안 해적 제작자 새끼들 대단한 새끼들이야...3편 처럼만 만들지마...3편이 졸작이었던건 너네도 알지?  
20160226,10,키아라 나이틀리는 안나오는건가...  
20160220,10,항상기대를 저버리지 않는 주인공의 멈추지 않는 똘끼. 운과 머리를 둘다 갖춘 먼치킨이라해도 과언이 아닐듯...  
20160220,10,재미있을것같아요.기대합니다.  
20160217,10,조니뎁=캡틴잭 말이 필요한가?  
20160214,10,빨리빨리나왔으면 좋겠다  
20160213,9,이번에도 높은 평점과 인기 많은 흥행작이 되기를 기대하면서....  
20160213,10,한국영화알바주제 빤다는건ㅉ  
20160205,10,나도 모르게 10에 손이...  
20160201,10,캐리비안의 해적 시지즈는 워낙 재밌어서 망할일이 없죠~!!!빨리 개봉됐으면 좋겠어염 와전 기대되염~:)  
20160201,10,아아...미치겠네요 빨리 캐리비안의 해적 5편 나오면 좋겠어요오..ㅠㅠ  
20160127,10,아 기다리기 싫당...ㅠㅠ  
20160118,10,우리의 캡틴잭스페로우에 카야에 올랜도블룸까지 다시나오는데 무슨말이필요함ㅋ 안봐도최고다 유일하게 기다리는 영화  
20160114,10,헐 카야에 브랜튼이라니  
20160110,10,캐리비안의 해적 믿습니다!  
20151226,10,조니뎁이고 뭐고 제일 젛아하는 영화라서 진짜 기대됩니다 ㅠㅠ 전편 다 몇번을 돌려본지도 모르겠습니다 ㅠㅠ  
20151215,10,기대됩니다.최고입니다.  
20151213,10,헐 윌터너 나온다ㅠㅠㅠ올랜도ㅠ우리 올랭도 다시나오는구나ㅜㅜㅜㅜ  
20151128,10,잭 스페로우 사랑합니다♡  
20151117,10,2017년 이라니!!! 군대 가기전에 나와야 하는데?!  
20151113,10,크~ 윌터너가 나오는구나 드디어.. 데비존스의 심장을 찌른 사나이~ 스패로우 랑 어떤관계로나올지 ㅋㅋㅋㅋ  
20151104,10,완전 기대!!!!><  
20151101,10,"캐리비안의 해적3"" 에서 윌터너는 더치맨호의 선장이 됐고 그 임무를 수행하기위해 떠났습니다. 더치맨은 10년에 한번 이승에 오죠. 3편이 2007년에 개봉했는데 5편이 2017년 개봉예정. 올랜도블룸(윌터너 역)의 캐스팅확정..혹시 노린거면 소름이다  "
20151018,10,배우들이 진짜 맘에 다 들어요! 스토리도 거대하게!!기대합니다!!  
20151017,8,"2003년부터 시작한 영화가 오래도 했다... 개인적으로, 3편까진 끝내주는 영화였지만 4편에 적잖히 실망함. 그만 끝냈으면 좋겠다만 그래도 개봉한다면 무조건 보러갈꺼 ㅋㅋㅋ  "
20151011,10,조니뎁.카야만으로도 충분한데 올랜도가 다시나오다니!!!!꼭 본다ㅜㅜㅜ  
20151011,10,너랑 영화보고싶다 그때쯤엔 너도 알아줫음 좋겟다  
20151010,10,드디어 15년 언제나옵니까  
20151010,10,우오오오   캐리비안의 해적5가 나오게 되다니!!!  끝난줄알았더니!!  개기대된다!!  
20151009,10,기대하고 있겠습니다.  
20151004,10,"빨리좀 하지,,, 나 고3때 나오는...  "
20151003,10,진짜 꼭 보고싶은 영화!!!!  
20150930,10,굳아주베리굳이다하하  
20150930,1,와 진짜많이우려먹넹ㅋㅋ  
20150929,10,캐리비안의해적 시리즈는 내 인생 최고의 영화.  
20150928,10,10점 줄수밖에없습니다 내 손이 그렇게 하거든요  
20150921,10,크.... 캐스팅만으로도 일단 100점 드리고 들어갑니다....ㅠㅜ  
20150919,10,6년만에 5가 나오다니 너무기대 됩니다!  
20150919,10,카야 스코델라리오:트리사?  
20150918,10,나오기는 하는걸까~  
20150907,10,말이 필요없다 우리 엄마도 보는 가족 영화다  
20150906,10,얼른나왔음좋겠다..  
20150906,10,조니뎁 연기도 잘하고 너무 재밌음 ㅋㅋ 빨리 나왓음 좋겠네 ㅋ  
20150905,10,캐리비안의 해적 팬입니다.  
20150826,10,아빨리나왔으연좋겠다ㅜㅡㄴ  
20150826,10,어째 감독이 기대가 안돼게 한다;;  
20150825,9,"기대 되기는 하지만,감독들이 불안 불안  "
20150824,10,모든 시리즈 영화 통틀어서 이 시리즈만큼 대체불가급 주연배우 있는 영화는 없었다 그냥 독보적이다 2017년이 빨리 오길  
20150824,10,헨리가 누굴까... 윌 터너 아들인가어쨌든 올랜도 블룸 복귀 확정이라니 더욱 기대되고키이라 나이틀리도 다시 보고 싶긴 하다...그런데 너무 한참 남은듯  
20150821,8,"윌 터너는 3에서 더치맨 선장 된 걸로 기억하는데, 흠 잊혀졌던 더치맨에게로 돌아가는 건가. 어쩌면 윌이 자기 의무 실패하고 데비존스처럼 타락했을 가능성도?  "
20150820,10,캐리비안의 해적은 갈수록 재미없어지기는 하지만 그래도 볼거다 조니 뎁 때문에라도 아니 정확히는 잭 스패로우 형님 때문에라도 게다가 이번엔 더치맨호 선장인 올랜도까지 돌아온다니 더 말할 것도 없지  
20150814,10,오!올랜도블롬이나온다!  
20150814,10,카야와 조니뎁이라니...꼭봐야되는데...2017년이면 고3이네하하...  
20150809,10,내사랑 조니뎁꺄나이들어도존멋조니뎁뎁뎁  
20150803,10,카야 어쩌고 얘가 왜나옴? 개노답 뜬금없네 진짜;;;  
20150729,10,2017년에 개봉이라니!!! 영화를 왜 그리  오래찍냐...ㅠㅠ 빨랑빨랑 개봉했음 좋겠다.  
20150728,10,조니 뎁 빠순이! 2017년 언제기다려 ㅠ 멋진 영화 기대 됩니다 근데 이번에가 마지막이 아니길...설마 5편이 마지막은 아니겟지요..?  
20150721,10,2017년에 트랜스포머5도 나온다는데 엄청나네 ㅋㅋ 그런데 올랜도 블룸 플라잉더치맨호 선장 아니였음?  
20150718,10,2017년이라니 ㅠㅠㅠ 언제 기다리뮤ㅠㅠ  
20150713,10,죠니뎁은 사랑입니다!!  
20150712,10,캐리비안해적 매니아입니다~ 개봉하기만을 기다리고 기다리는 1인ㅋㅋ  
20150703,7,하비에르 바르뎀이라니!! 바르뎀이라니!!!!  
20150620,10,아 빨리 개봉했으면 좋겟다. 2년이라는 시간은 너무 길어!  
20150619,10,조니뎁이랑 올랜도블룸나오면 끝이네 ㅋㅋㅋ4에서 올랜도블룸안나와서 되게 아쉬웠는데 ㅋㅋㅋㅋ진짜 기대중이에여  
20150613,10,군대갔다와서개봉해라  
20150608,10,카야 스코델라리오!!!!  
20150605,10,와! 기대되네요. 2년쯤이야ㅋㅋ  
20150524,10,제발 빨리나오길ㅜㅜㅠ  
20150517,10,2017년에 고3인데...ㅠㅠ  
20150517,8,아 제발 시리즈에 걸맞는 명작이 나오길 ㅠㅠㅠ  
20150513,1,감독을 보면.... 짐작이 가는 영화....  
20150513,10,캬캬캬캬케케케케쿠쿠쿠쿠  
20150510,10,재밌겠지요????ㅎ  
20150506,10,이 영화를 보고 암이 완치 되었습니다.  
20150505,10,새로운 인물들이 많이 등장하네요 ㅋㅋ 레골라스 빼고.  
20150504,10,시즌 1~4를 몇번이나 반복했는지 모르겠다.. 현기증나  
20150425,10,기대가 아주 큰 영화입니다.  
20150425,10,올랜도 블룸이 돌아온다니!!!  
20150422,10,엄청 보고 싶음 정말 재미 있을것 같음  
20150420,10,언제나 기대이상이였다.  
20150329,10,헉 터너 5에서 또나오나요ㅜ기대하겠습니다  
20150325,10,2년남았다.. ㅠㅜ 보구싶어요 조니..  
20150320,9,감독이 처음보는감독이라서 괜한 불안감이들기는하지만 기대된다  
20150307,10,대박....카야가 나와??? 말도안돼 무조건 영화관이다 이건..ㅠ으으흐흥응ㅇ 좋아 카야♥  
20150302,10,조니뎁 50댄데 완전 섹시함ㅠㅠ 영화 찍은거 보니까 겁나게 많이 찍었던데... 안쉬셔도 될런지..  
20150227,10,내가본 영화중에 재일 재미있엏ㅎ  
20150225,10,카야여신이 나오기 때문에 반드시 봅니다  
20150220,10,비매자아애아더랴엳아  
20150218,10,빨리나오면 좋겠다 겁나 기대된다.  
20150217,10,조니뎁 이번에도 재밌겟지?  
20150216,10,2017년이라니 완벽하다 그 전년도엔 수능쳐야돼서..ㅋㅋㅋㅋ 짱좋다 완전 기대기대!!  
20150210,10,이 영화 개봉하자마자 큰 폭풍이 덮칠꼐 분명해  
20150206,10,조니 뎁 출연이면 무조건 봐야지 해적특유의 능글거림이 어울리는 사람!  
20150204,9,헐 카야까지 나온다니..꼭 봐야겠어  
20150201,10,ㅋ...ㅋ....캐리비안 해적 5??? 미친 니뎁이형이 돌아오는구나 ㅠㅠ  
20150130,10,언제 어디서나 어떤상황이든 가리지않고 재미있게 볼 수 있는 몇안되는 영화이다. 다만 원년멤버들이 나와줬으면좋겠다. 근데 감독이 또 바뀌는구만... 이런  
20150129,10,빨리빨리보고싶어빨리빨리빨리보고싶어빨리빨리빨리보고싶어빨리  
20150123,1,감독을 보니까 망한거 같다  
20150108,10,안젤리카하고 어떻게될지 넘 기대됨  
20150106,10,캐리비안의 해적 그냥 뭐라 할 말 없다. 시리즈 영화중에 가장 좋아하는 영화임..  
20150105,10,이거2015년이개봉 예정이었는데 언제2017년으로바뀐거냐!!!!ㅠㅠ  
20141231,10,아빨리 5 개봉했으면 좋겠다....  
20141229,10,아아아아 조니뎁ㅠㅠ짱짱  
20141222,10,언제나와 다 드루와 빨리나와 수능끝났어 그냥 나오자마자 보면돼 시리즈 다재밌어 드루와  
20141222,10,제발 숭이하고 앵무새좀 나왔으면 으어어  
20141208,10,"윌터너 나온다는 루머가 돌긴 돌던데 흠... 개인적으로 4편은 1,2,3에 비하면 좀 그랬는데 제발 5편나오길  "
20141207,10,캐리비안의해적인데뭐..  
20141207,10,아직 개봉하려면 한참멀엇지만 조니뎁님빨리보고싶어요ㅠㅠㅠㅠ 주인공들 좀바껴서 안타깝지만 스패로우가 워낙매력잇어서..ㅎㅎㅎ♥  
20141202,10,으악!!! 보고싶다!!!!  
20141125,10,세에상에.. 얼른 보고싶다 후...  
20141111,10,헐 미쳣네 2017년이라니  
20141105,10,당연 10점!!!!하앍  
20141027,8,왠만한건 평점을 후하게 주지않지만 캐리비안이라 조금 후회게줍니다 실패작도 딱히 없던 작품이라 후속작도 기대가 되네요. 개봉후 평점도 적겠습니다.  
20141025,8,4편부터 감독이 바뀌면서 내용이 산으로 가기 시작했죠 3편에서 끝났다면 완벽했겠지만 아직 늦지 않았습니다 이쯤에서 그간의 대장정을 마치는게 좋지십네요  
20141016,6,11년에 4가 나왓는데 17년에 5가 나온다고??  
20141014,10,개봉할때 까지 기다리겠습니다. 이 영화는 꼭 보고싶네요  
20141014,8,드길3와 맞짱깐다! 겁나 기대중 누가 이길지는 장담못함~~  
20141011,10,조니 뎁ㅠㅠ 조니 뎁 연기볼라고 태어나기전에도 햇던 가위손도 보고ㅠㅠ 캐비 빨리 나왓으면 좋겟어요  
20141010,10,조니뎁 하뜨 쓰릉함잭슾개로은  
20141005,10,말이 필요없는 명작 잭선장의 맛이간 코믹연기가 기대됨  
20141005,10,아 스케일이 작아진다니 아쉽다..그래도 나오기만해라 ㅠㅠ  
20141002,10,"근데 4편은 1,2,3편만 못햇는데 이름값으로 흥행한듯..ㅎ  "
20140925,10,"죠니뎁 보고잡다♥캐리비안의 해적 영화는두번,세번 계속봐도질리지않고 재미있다.  "
20140922,10,이번엔 꼭 본다 진짜 수능 따위 버려 ㅋㅋ  
20140921,10,닥10점ㅋㅋㅋㅋ 진심 블랙펄의 반만 해도 대박침ㅇㅇ 키이라랑 올랜도 특별출연이라도.. 안되나ㅜㅜ 잭♡엘리자베스 럽라도 나름 달달 했었는데ㅋㅋㅋ  
20140914,10,아. .안돼 2017이라니..아 고문이야이건ㅜㅜ잭스패로우♥  
20140912,10,잭 스페로웅웅아ㅏ아아아앙ㅇ앙ㅇ 사랑해옄ㅇ  
20140910,10,캐리비안해적에는 실패란 없다. 조니뎁보고싶ㅇ어ㅜㅜㅜㅜ  
20140909,10,캬아조니뎁기대됩니다  
20140908,10,제발!!!제발 빨리나와주세요조니뎁이 너무 보고싶어요  
20140907,10,I Like Captain 잭 스패로우♥  
20140902,10,캐리비안해적은 지금까지 다 재밌게 봤기때문에 벌써부터 기대된다 ㅋㅋㅋㅋ  
20140830,10,조니뎁♥무슨말이더필요하지?  
20140826,10,걍 최고다 말이필요없다  
20140824,10,진짜 이영화는 미쳤다 나 이 영화를 믿기때문에 예고편도 안보고 10점을 준다... 군대 슈발...  
20140823,10,왜  자꾸 뒤로 밀려 벌써 2017...ㅜ 그래도 짱짱!! 믿고본다!  
20140822,10,빨리보고싶다....  
20140822,10,군대갔다와서 봐야지 ..  
20140821,10,이영화는명작영화에다가노래까지이영화을 딸아올 영화는없어요  
20140820,10,이가진심재밌게봤는데기대된다  
20140819,10,와 왜 개봉연기지...ㅠ 뭐 2017년 수능끝나고 보지 뭐 ㅎㅎ조니뎁님 빨리 캐리비안의  해적으로 돌아오세용 ㅎ요즘 흥행못하시고 계신데...캐리비안의 해적 5로 대박터지시길  
20140819,10,1~4편까지 친구가 재밌다해서 봤는데 진짜로 완전 재밌어서 광팬됨!!  그 후로 조니뎁 빠순이 됨~ 근데 2017년까지 어떻게 기다리지ㅠㅠ  
20140818,10,1편부터 해서 시리즈로 이렇게 재밌는 영화는 처음이네요ㅠ정말 기대됩니다ㅠㅠ얼른 보고 싶어요♥조니뎁 연기 짱♥♥  
20140816,10,전편 BD로 소장 중입니다. 5편도 영화관에서 보고 제 컬렉션 안으로 입장하길 손꼽아 기다리겠습니다.  
20140815,10,어차피 그때 한국영화보다 재밌을거다 4탄까지 망작이 없다 정말 이건 명장임  
20140815,10,캐리해주세요 캐리비안해적!!!  
20140815,10,rnt굿구수구숙숙수굿구숛ㄳ  
20140814,10,그냥  의리로 본다 하지만 의리도 예외가있다  
20140814,10,평가는 필요없다 믿고보는 우리선장!!!ㅋ  
20140813,10,당연히 믿고 봅니당 ㅎㅎ  
20140813,10,믿고보는 조니 뎁. ㅎㅎㅎ  
20140813,10,이거 점점 늦어지는 듯...2015년에서 2016년으로 연기되더니 2017년까지 어떻게 기다리냐...  
20140812,10,캡틴 잭 스페로우 덕에 다른 영화를 보면 다른 역할들이 익숙해지지가 않습니다ㅠㅠㅠ얼른 17년이 와서 캡틴 잭 스페로우가 된 조니 뎁의 모습을 보고 싶어요ㅠㅠㅠ  
20140809,10,빨리 보고싶소 으아 기대된다  
20140808,8,스토리를 어떻게 살릴것인지 그것이 감독의 문제로다.  
20140806,10,2016년에 수능봅니다 수능멋지게보고 예쁘게하고 경건한마음으로 보겠습니다♡ 개봉만으로 감사합니다♡♡핳♡  
20140806,10,캡틴잭의 귀환..! 꼭 보러가겠습니다  
20140805,10,이건 당연 최고의 영화라해도 입만아프다 나오면 꼭보자  
20140803,10,좋아요무조건지금보는데정말좋아요빨리5편나왔으면좋겠어요  
20140802,10,으아앙미치겠어l want saw  
20140802,10,아  빨리보고싶다 조니뎁개멋져  
20140731,10,조니뎁도 좋은데 올랜도나오면 좋겠다 이제 해적도 됬는데...  
20140731,10,조연까지 최고인 기대되는 영화  
20140729,10,2016년까지 내가 살아있을거라고 어떻게 장담해  
20140718,10,엉청 강해진 바르보사와 어떻게붙을지 기대되는군요  
20140716,10,전편보다 나으면됨 ㅋㅋ  
20140705,10,5편도 나오는구나! 몰랐는데ㅋㅋ완전 기대됨! 무조건 봐야지  
20140628,10,윌리암터너랑 엘리자벳스완왜안나와!  
20140627,10,이건 말이필요없지 조니뎁이니  
20140626,10,조뎁형님 해적분장한거 다시보고싶음  
20140622,9,헐...? 잠깐만요 제가 지금 뭘 본거죠? 캐리비안의 해적5요? 존좋!!! 꿀잼예상 기대된다!!! 2년 남았네  
20140614,10,바르보사와 잭이나오면 의심 할 여지가 없지  
20140611,10,조어조어조앚ㅎ앚ㅎ어조앚ㅎ아조아조아  
20140609,10,빨리 나왔으면 한다. ㅠㅠ  
20140608,10,2016년 개봉이라니...언제 기다림ㅠㅠ 그래도 기대하면서 기다리겠습니다^^  
20140607,10,캐리비안의 해적은 내꺼!!  
20140606,10,기대만빵입니다~♥♥♥  
20140606,10,5편에 안젤리카 보고 싶어요그덴 2디년 어떻게 참아빨리보고 싶어요  
20140604,10, 빨리보고싶다....  
20140603,10,2015... 빨리와라  
20140602,10,하악하악 캐리비안 하악  
20140601,10,캐리비안의 해적4를 찍고 나서 바로 론레인져가 나오길레캐리비안의 해적은 이제 끝인가 하고 생각중이던 찰나 이게왠일 개봉을 한다는 소식을 접하게 된다.특히 포스터의 디자인은 커다랗게 만들어서 벽에 붙여놓고 싶을 정도로 멋들어 지게 잘만들어 놨다.  
20140525,10,보고싶다 ㅠㅠㅠ 조니뎁오늘 트랜센던스 보고왔는데 ㅠㅠ♥-♥더보고싶다  
20140524,10,조니 뎁 연기 진짜최고다  
20140524,10,으아아아아으ㅡ아라ㅏ가아라가아ㅏ아라나ㅏ나자가ㅏ안빨리보고싶다...16년이면고3인데...  
20140523,10,이거 왜 만땅 10아닌뎅 ㅠㅠ  
20140520,5,이야 파이브까지 나오넼ㅋㅋ제목멋있넼ㅋㅋㅋ죽은자는말이없다  
20140518,10,할말이 없죠...조니 뎁..그는 최고의 영화배우라고 해도 손색없습니다 실망시키지 않을겁니다  
20140518,10,빨리보고싶다...1~4까지 2-3번씩 보다 보니 질릴려고 하는데...혹시 6편 계획은 있나요?  
20140517,10,기대되가는하지만 언제까지기다려여되 ㅠㅠ  
20140507,10,♥3♥ ♥3♥ ♥3♥ ♥3♥  
20140506,10,"4까지 1부터 기대를 넘어서는 작품은 좀처럼 없으니까,  5까지도  기대를 넘어서겠지?  "
20140503,10,제발제발 10까진 나와주길....ㅠ끝나면 무슨 낙으로 살지....ㅠㅠ그리고 윌터너좀 다시나오게 해주세요. 하다못해 아들이라도.  
20140430,10,이건 걍 명작임  꼭봐야함  
20140427,10,그냥10점히흐헤하허  
20140425,10,캐리비안의 해적 꿀잼빨리보고싶어  
20140425,10,믿고 보는 조니뎁!!!  
20140423,10,조니뎁 짱 캐리비안 짱ㅎㅎ  
20140421,10,아...나 원래 영화관 안가는데 이건 나오자마자 영화관가서 봐야겠다 캐리비안의 해적 낯선조류때 마지막 조니뎁 대사를 잊을수가 없음ㅠㅠ 이건그냥 영원했으면..  
20140421,10,말이필요없다 캐리비안의 해적은 최고다제발 이번편이 마지막편이기만 아니면된다!  
20140420,10,설명할필요가없다 조니뎁그자체다  
20140413,10,어떻게기다림ㅠㅠ 너무기대됨!!  
20140405,10,조니뎁신님ㅠ어서오십쇼  
20140324,10,이작품은 빠순이라는소리들어도 자랑스럽다시간이 빨리갓으면ㅠㅠ  
20140323,10,우와 캐리비안의 해적5도 나오네요...  
20140303,6,이미 본편이 끝난 영화를 너무 우려먹는다; 3에서 끝냈어야 할 명작  
20140302,10,2016년이면 군대에 있겠군요 하.... 제대하고 꼭 보겠습니다  
20140228,10,2016년까지 기다려야 하는데 벌써부터 힘드네요.. ㅠ.ㅜ  
20140227,10,어느분이 연출을 해두 신뢰가 가지만 개인적으로 비번스키 감독이 다시 좀 메가폰 좀 잡아주지....  
20140224,10,3년동안뭐하지....?  
20140219,10,구구구굿굿굿후후후훗훗훗  
20140218,10,왜 나오는시기가 내가군대갈때인데?  
20140207,10,캐베 5   사자무언  이제 나오는건가??? 오래 기다리게 만드는군 !!!  
20140203,10,벼벼여ㅕ여려ㅓㄹ다ㅏ다다다어서서서서엉ㅅ엇어엇게게게에에에에  
20140202,10,내가볼때쯤이면 중2려나  
20140201,10,♥사랑해요♥어떤작품이나올지 벌써부터 기대가되여~  
20140129,10,2년이나 남았네요. 그때라면 잘하면 임신한 상태로 영화관 갈수도^  
20140129,10,기다림의 시간…빨리 돌아오시우 죠니뎊♥  
20140127,10,4편에이어 5편도 재미있을듯..아마도 감독은 바뀌었지만  
20140122,10,꼭 영화관에서 보고 싶네요  
20140120,10,아 2014년인줄...;;ㅋㅋㅋ  
20140118,10,스토리가 생각할수록 기대가됩니다.ㄷㄷ  
20140117,10,이 영화 시리즈를 볼수 있다면 뭔들 못하리.  
20140116,10,조니뎁얼굴보고시퍼요!!  
20140116,10,터너랑 엘리자베스나오면좋겟넹  
20140115,10,뭐 말이 딱히 필요 없을듯?  
20140115,10,2016년 최고의 영화가 될듯!  매우매우 기돼된다  
20140114,10,믿고보는 캐리비안ㅋㅋㅋㅋ  
20140113,10,아....2016년에 제대할껀데.... 제대하고나서 나와라제발  
20140113,10,레알 재밌겠다빨리 돌아와라 조니뎁  
20140113,10,2016년이면 고2네 하하 언제기다려 조니뎁빨리보고싶은데  
20140111,10,기대됨다 정말 재밌는 시리즈ㅋ  
20140110,10,흠....일단 10점 주긴 하는데 걱정된다...조니뎁 이제 50일텐데...  
20140108,10,캐리비안의 해적은 믿고봅니다!!!  
20140105,10,조니뎁은 사랑입니다~  
20131227,10,2015년을 기다리고있다!!!  
20131225,10,그냥  캐리비안의 해적과 조니뎁이면 10  
20131225,10,ㅎㅎ다행이다 군대 갔다와서 볼 수 있겠다ㅎㅎ...하....  군바리는 말이 없다  
20131224,10,2016년 군대감 ㅂㅂ  
20131220,10,얼마전 선생님이 틀어주셔서 블랙펄의 저주를 봤는데 잭 스패로우 너무 매력있더라. 집에와서 검색해보고 다 봤는데 또 나온다니 진짜 기대된다~  
20131220,10,흐어어어어ㅓ어엉조니뎁 ~~ 이름하나면 이영화에대한 견해는 끝낟ㄷ  
20131219,10,이건뭐 망할게없음ㅋㅋㅋ는 내수능이나 망하겠지...☆★☆  
20131217,10,우아아아아하하하하사  
20131216,10,재밋겟다  빨리나왓으면하는마음이....  
20131215,10,제일잼있게본영화내요 ㅋㅋ  
20131213,10,이건 시리르도 다재밌고 조니뎁이니까 더재밌어 ㅋㅋ그냥 안봐도 재밌어제목만봐도 좋아요 개봉년도만나와도 좋아요 이미지는 언제쯤나오려나...?ㅠ  
20131212,10,벌써 5편째라는것이 기적일 뿐이다  
20131211,10,제발 언제나오나 그 기다리기 힘들대이  
20131209,10,명작은 선평후댓이죠 하하하핳하하하ㅎ하하핳하하ㅏ하ㅎ하  
20131208,10,와 조니뎁 빨리 보고 싶어 ㅠㅠ ...아  수능친다  
20131208,10,이거 재밌을것같은데요?  
20131208,10,2016년이라도 기다린다....  
20131208,10,으 언제기달려 빨리보고싶네요♥  
20131208,10,아 15년까지 어찌 기달리노..  
20131208,10,빨리 보고싶다가나다라마바사  
20131208,10,재밌겠닿ㅎ빨리 2016년이 왔으면  
20131208,10,2016년에 고3이다..ㅠㅠ 그래도 꼭 챙겨봐야지ㅎㅎㅎ  
20131207,10,1번 베평에 격하게 공감한다  
20131205,10,말이필요없다 그냥 10점 1010110101010  
20131202,10,제목부터심오하다 너무맘에들고 상당히기대가된다아직도 여태까지의시리즈를 돌려본다캡틴잭스패로우는 잊을수없는 캐릭터다♡  
20131202,10,인어는 나올라나 궁굼허내  
20131130,10,"조니뎁, 캐리비안의 해적, 일단봐야하는 믿고보는 영화♥ 냉큼개봉해랏  "
20131130,10,와 기다린다!!!! 빨리 나와라 제발  
20131126,10,2015년 예정이었는데 ㅋ언제기다리노  
20131124,10,얼른나와라 진짜기대된다ㅠㅠ  
20131109,10,오마이 캡틴 빨리 와줘요  
20131107,10,조니 뎁 열나좋음~~^^  
20131106,10,2016년;;;; 딱 나 수능끝나고 보라는 건가ㅋㅋㅋ 암튼 조니 뎁이라니 기대대됩니다! 4처럼 말아먹지만 않으면 좋겠슴돠  
20131104,10,아나 이천십사년에 나온다면서 왜 십육년으로 밀림 아나 어떻게 기다리뮤ㅠ 보고싶다거어  
20131103,10,캡틴 잭 스패로우! 캐릭터 너무좋아요♥조니뎁♥♥♥  
20131102,10,빨리 개봉했으면 좋겠어요!! 2016년 이면 고2인데ㅠ.ㅠ 너무 기대되요~~  
20131028,10,2016년 대학보다 이걸택하겠어 ㅋㅋ  
20131027,10,제목부터 엄청 재밌을것같은 느낌 좋아요 꼭 보고싶습니당  
20131027,10,빨리나오면 좋겠다...빨리 보고싶다..  
20131027,10,언제기다려...제발  
20131026,10,오제목좋고♥이게마지막인가  
20131021,10,아진짜빨리나왔으면좋겠다ㅜㅠ 꼭 보러갈꺼~  
20131020,10,"캐리비안의 해적 짱짱맨, 보고 싶고 그리운 엘리자베스 스완과 윌 터너를 까메오로 나와줬으면 합니다 ㅠㅠ  "
20131018,10,나진짜리뷰보고쓰는건대조니댑한쪽눈이실명이라뉘!!흐얽흐엉흔늓ㄱㅇㅅ븨ㅢ인터넷에쳐보니은퇴임박이라고하던대...난20편까지나왔음좋겠다ㅠㅇㅠ  
20131015,10,너무 가대되네요♥♥♥ 캐리비안의 해적 시리즈는 가장 좋아하는 영화에요!!  
20131013,10,캐리비안해적 꼭나와야돼ㅠㅠ10게주니까 ㅎㅎ  
20131013,10,캐리비안의 해적.. 절대 실망시키지 않는 불변의 기대작들~^^  
20131011,10,2016년까지 언제 기달린다냐;; 빨리나오면 좋을려만  
20131010,10,2016년..고1이다..공부 해야해도 캐리비안의해적 못보면 내 인생이란없다.  
20131010,10,♥♥i love pirates of the Caribbean  
20131009,10,조니뎁 홧팅!!!!1  
20131009,10,군대갔다가 오면 개봉하겠네 ㅋㅋ 이번엔 스토리 잘 짰음 좋겠어  
20131009,9,감독이 바뀌었네...  
20131008,10,아 빨리 보고시프다....  
20131008,10,빨리나와라빨리나와라빨리나와라  
20131008,10,개봉년도까지 언제 기다리나 2년하고도 2달정도  
20131007,10,캐리비안의 해적은 10편까지 나와도 좋을것 같다.... 조니뎁 늙어서 더 이상 연기못할때까지 보고 싶다 ㅠㅠㅠ  
20131006,10,낯선 조류 마지막 컷 본 사람은 안젤리카가 나올 가능성이 높단 걸 알거야.  
20131004,10,테드엘리엇 정신차리자 제발 응? 4편의 충격과 공포를 주지말자 제발  
20131002,10,캐리비안의 해적은 예고편보고 고민할 필요가없어 너무 재밋거덩  
20131001,10,2015년에 수능보지만 볼거에요. 꼭 볼거에요. 그냥 꼭 볼거에요. 사랑하니까...♥  
20130925,10,조니 최고♥♥♥♥ㅎㅎ  
20130919,10,우왕굿 기대됨 근대 ㅅㅂ 나 그때 고3이네  
20130913,10,2016년으로 1년 연기 됐데요.  
20130912,10,죽은 자는 말을 하지 않는다.  
20130910,10,??캐해시리즈는 말안해도 진리아닌가여ㅇㅇ?  
20130910,10,참새선장♡  
20130904,10,요즘토요명화에서캐리비안해적해주길래봤더니여전히재밌다.캐리비안해적5빨리보고싶네~  
20130903,10,조니뎁이 이 영화를 끝으로 은퇴하면 캐리비안 해적 시리즈도 완전히 종결될까? 너무너무 좋아하는 영화이지만 그렇기 때문에 이젠 완벽한 결말을 보고싶다  
20130902,10,"짱,...  "
20130901,10,굿  
20130831,10,기대기대  
20130826,10,땅꼬마님 평에 매우 극공감을 한다우리는 어쩔 수 없는 조니뎁 빠니깐....♥  
20130825,10,진심 2015년까지 어떻게 기다림 ㅠㅠㅠㅠㅠㅠㅠㅠㅠㅠㅠㅠㅠ  
20130825,10,빨리나와라 ㅠㅠ  
20130825,10,2년동안 어떻게 참냐 ㅠㅠ 빨리 보고싶당!!!!  
20130824,10,"윌 & 엘리자베스 커플이 다시 나와서 잭 스패로와의 연결점이 다시 생긴다면 소원이 없겠네요.. 감독이 바뀐 탓도 있겠지만, 4편은 1~3편만큼의 박진감이 없어서 많이 아쉬웠는데, 그래도 5편 기대해봅니다! 2015년이 기다려지네요  ㅎㅎ  "
20130824,10,재밌을듯  
20130823,10,?  
20130823,10,ㄴ  
20130822,10,ㅋㅋㅋ  
20130819,10,방금 낯선조류 6번째 보고옴..2015년이라...얼른 2015년이 왔으면 좋겠다 ㅠㅠ조니뎁ㅠ  
20130818,10,조니뎁~  
20130817,10,난 내년에 수능봄 그래도 조니뎁ㅠㅠ꼭볼거  
20130817,10,2015년에 군대간다 가기전 마지막영화로 조니뎁보고 갈란다 ㅋ 조니뎁!!그가 보여준 능청스러운연기!정말 감동이였다  
20130817,10,영화계의 전설  
20130817,10,캐리비안의 해적중 실패한 작품이있었나? 무조건이지  
20130817,10,1.2.3.4다봐는데 5는어떤내용일지궁굼허네요 여화배우들하고 감동님 열심이만들어서대박나세요  
20130817,10,재밌는건 재밌는데 뜬금없이 이게 왜? 검색2위?게이버 이새.끼들 또 무슨 언론 조작 하고있나?  
20130817,10,???  
20130815,10,조니뎁이니까 믿고본다  
20130814,10,재미있네요  
20130814,10,일단 점수부터 주고 보는 영화  
20130813,10,닥치고 10점  
20130811,10,기대해볼께요!!  
20130811,10,2015....재수만 안하면 여대생이다!!!!!!!!!! 예전엔 2013에 나온다더니 .. 빨리 보고싶다 ㅠㅠㅠㅠㅠㅠㅠ  
20130810,10,잭 스패로우의 똘끼(?)를 다시 보게되다니!!! 이건 꼭 봐야함 ㅇㅇ  
20130809,10,아주기대가됩니다!!  
20130808,10,진짜재밋겍다  
20130808,10,보고싶다ㅠㅠ  
20130807,10,기대만땅♡  
20130807,10,이건 반지의제왕을 뛰어넘는 대작이야 정말  
20130806,10,ㄷ ㄷ개기대  
20130804,10,정말  재미있겠다. 꼭  보러 가야지  
20130803,4,3에서 끝내지 5까지 만드냐...에휴 박수칠때 떠나라고들 하는대..이게 돈줄이 되는건 알지만ㅋㅋ  
20130802,10,기대가됩니다~^ ^!  
20130801,10,2015년...ㄸㄹㄹ 기다릴게여...♥  
20130731,10,재밌겠다  
20130730,10,아..2015년...  그래도 기달릴거야!!!  
20130730,10,상산고 합격하게 해주세요.  
20130730,10,제발 8월 중순에 나와라 이때 제대한다 ㅠㅠ  
20130730,10,조니뎁 기여움ㅋㅋ  
20130730,10,이거개봉할때쯤이면 난 군대에있어서 다운로드해서 봐야겠내...  
20130729,10,완전 기대중!!  
20130729,10,조니뎁 어서 돌아와요!  
20130727,10,빨리나와라ㅠㅠ빨리나와라ㅠㅠ빨리나와라ㅠㅠ빨리나와라ㅠㅠ빨리나와라ㅠㅠ빨리나와라ㅠㅠ빨리나와라ㅠㅠ빨리나와라ㅠㅠ빨리나와라ㅠㅠ빨리나와라ㅠㅠ빨리나와라ㅠㅠ빨리나와라ㅠㅠ빨리나와라ㅠㅠ빨리나와라ㅠㅠ빨리나와라ㅠㅠ빨리나와라ㅠㅠ빨리나와라ㅠㅠ빨리나와라ㅠㅠ빨리나와라ㅠㅠ빨리나와라ㅠㅠ  
20130725,5,아..씨 그만만들라고.  
20130723,10,"빠돌이, 빠순이라고해도 상관없다 그냥 평점만올리자 우리보고 빠돌이, 빠순이라고 욕해도 상관없다우리는 조니뎁 빠돌이, 빠순이니까  "
20130722,10,굳 안볼수 없겠는걸.ㅋ  
20130722,10,지..지린다 씨발  
20130721,10,뭐 캐리비안의 해적은 실패작이 없으니까... ㅎ 빨리 죠니뎁 얼굴보고싶당ㅠㅠ♥♥  
20130721,10,진짜 설렘 ㅜ ㅜ ㅜ ㅜㅜ ㅜ ㅜ ㅜ 캐리비안의해적은 다재밋음 ㅜ ㅜ 빨리나왔으면 ㅜ ㅜ ㅜ  
20130721,10,이번에도 조은영화 부탁드려요오오오오오~`~  
20130720,10,조니뎁 오빠(?) 이번에도 멋진 영화부탁해요♥조니뎁 씨가 이글을 직접 보시진 못하겠지만 정말 응원합니다♥Jhonny depp I Love you forever♥  
20130719,10,언제기다림기대되미치겟으무ㅜㅜㅜㅜㅜㅜㅜㅜ  
20130719,10,보자  
20130718,7,"살짝아쉬운건 3편에나왓던 빌터너와 엘리자벳스완양은 이제 안나오는건가요? 갑자기4편부터 새로운 배경,새로운 캐릭터들이나와서 조금 놀라운데 5에선 그런 스토리까지 정리되기를바랍니다...ㅎ  "
20130718,8,이번에도 재밌게나왔으면...♥♥♥  
20130718,10,2015년에 나오나?ㅠㅜ 너무 늦게 나옴  
20130718,10,ㅋ  
20130717,10,이번엔 하얀수염이다  
20130714,10,재밋겠다빨리나와라  
20130714,10,기대기대  
20130713,10,제발 시험기간에 걸리지 말아라!  
20130711,10,필수  
20130707,10,빨리나와라~~꼭보러가야지~~~  
20130706,10,굳  
20130704,10,오빠 짱~!  
20130704,10,캐리비안의 해적 완전좋아해요♥기대됩니다♥  
20130702,10,기대함 이편주제는 블랙펄을 유리병에 꺼내는 내용이군  
20130702,10,기대된다  
20130701,10,재밋겠네요!2015년에 수능봄  
20130630,10,오옷  
20130630,10,"마이클 박님 무슨소리세요 그게. 버빈스키 감독이 맡은 캐리비안의 해적1,2,3는 모두 흥행했고, 호평받았는데. 4편이 개거지같았지  "
20130630,10,이야 이거 고딩때 첫 시리즈 나왔었는데 벌써 5번째?!  
20130630,10,감사합니다 수능 끝나고 개봉해주셔서ㅠㅠ  
20130629,10,ㄷ륻ㄹ뜨  
20130628,10,버빈스키는 1편에서는 흥했고 그 다음부터는 최악의 연출력으로 시리즈를 말아드신 분이신데?  
20130624,10,고어 버빈스키 감독 돌아와주세여  
20130622,10,오올?  
20130621,10,진짜너무기대된다!!!!외국시리즈영화중가장좋아하는영화  
20130621,10,"기대된다 ㅎ,ㅎ  특히 4편은 등장인물들 개개인의 이야기들이 마무리가 지어진게 하나도 없어서 ㅋㅋㅋ  "
20130619,10,캐리비안해적 연기하실때 마다 눈을 찌푸리시더니 그런거였나..  
20130619,10,얼른 조니뎁 보고시프다ㅎㅎ 시즌 1부터 마술같이 빠져들게 하는 조니뎁님 한쪽눈이 실명이시라던데...그럼에도 불구하고 영화를 찍으시다니 존경합니당  
20130619,10,아주 기대되네요!  
20130617,10,호호  
20130617,10,캐리비안 해적5너무 기다 된다///근데 불안하기두 하고..ㅠ  
20130615,10,아빨리 개봉 유ㅠㅠㅠㅠ  
20130615,10,잭한테 지림 ㅋㅋ  
20130615,10,잭스페로우아 캡틴 잭스페로우  
20130613,10,ㅋㅋㅋㅋㅋㅋㅋㅋㅋㅋㅋㅋㅋ  
20130613,10,아앙 언제 개봉해요?  빨리보고싶어용~~~~  
20130611,10,제가 캐리비안의 해적을 4까지보고 이거 팬이 됬어요이번것도 기대되네요 ㅎ ㅎ.  
20130611,10,이번에 꼭 개봉하기를....ㅠㅠㅠ론 레인저도 기대 됩니다~ㅎㅎㅎ조니뎁><♥  
20130610,10,개봉하면 극장사수하겠어요!  
20130610,10,조니뎁이라서 조니뎁이라서 조니뎁이라서!  
20130609,9,기대중  
20130609,10,조니댑나오면 좋움  
20130609,10,d  
20130609,10,"""잭 시페로우!~~~~""무조건 본다!  "
20130608,10,캐리비안이면 무조건 본다.  
20130608,10,조니가 나온다면 끝가지 본다  
20130608,10,재밌을것 같네요  
20130606,10,4는 솔직히 전작에 비하면 쓰레기였다 제발 이번에는 좋게되길..  
20130604,1,디즈니 고마해라 마이묵으따 아이가  
20130602,10,캐리비안의 해적이니까 10점잉  
20130529,10,역시 갑인 우리의 조니뎁과 캐리비안의 해적 말도 많지만 난 지금도 이어폰끼고 ost룰 듣고잇다당연히 평점은10이지  
20130526,10,완전기대!!!  
20130525,10,4편에서 검은수염 병안에 있는 배들 다나오게 해서 재밌을것 같은데.ㅋㅋㅋ  
20130522,10,조니뎁 나오눈것만으로도 10점!  
20130519,10,닥2치고 10점  
20130519,10,Captain Jack!!  
20130515,10,캐리비안 해적 팬 ㅋ  
20130515,10,그냥 잼있음  
20130512,10,캡틴 잭 스패로우  
20130511,10,오 샤이니!!!  
20130506,10,방금4봤는데 마지막장면이 하앜좋음ㅋㅋㅋ  
20130506,10,"2013년에 나온다고 들은거같다...일단 별점은 주겠는데,네이버는 왜 아직 표지도 없으면서 캐비5 만드는거야  "
20130505,10,2015년에 나와요? 어떤분은 2013년에 나온 다던데....어쨌든 잭 스페로우 캡틴 보고 싶어요....ㅋㅋ  
20130504,10,지금까지 이렇게 준적없다그니까뽤리놔와뢍  
20130503,10,내년에개봉한다해서완전기다렸는대 올해나온다니까죽겠네요♥  
20130501,10,빨리 나와요!! 현기증나  
20130429,10,ㅇㅇ  
20130428,10,음음!!!♥  
20130428,10,짱  
20130427,10,빨리 개봉했으면...  
20130424,10,기대!  
20130421,10,내사랑 ㅋㅋㅋ  
20130421,10,굳  
20130420,10,"2013년에서 2015년 그리고 제작기간 2년정도잡아도 2017년,, 내가군대갔다오고나서보겠구만  아니면내가 군대있을때보려나 ㅋ  "
20130418,10,2015년까지 어떻게 기다려요.ㅜㅜ  
20130417,10,ㅋㅋ  
20130416,10,보나마나 10점  
20130415,10,OO 빨리 개봉되라  
20130414,10,보나마나지뭐 무조건 환상적일거다  
20130414,10,ㅠㅠㅠㅠㅠ2년남았다 똥줄탐  
20130413,10,너무너무 기대되요 ~~  
20130413,10,아 조니뎁 ㅠㅠㅠㅠㅠㅠㅠ보고시펑 ㅠㅠㅠㅠㅠㅠ  
20130412,10,♥  
20130409,10,영화 끝내더라도 블랙 펄은 되찾고 끝내자;;  
20130408,10,아 2015년 7월까지 언제기다려ㅜㅜ 헝  
20130404,10,조니뎁♥♥♥ 내한하세요♥♥  
20130404,10,기대되노  
20130402,10,아OO존나조아조니뎁흥해라OO내가캐해5이번에다섯탕뛴다ㅋ 아졸라좃네OOㅋㅋㅋㅋㅋㅋ조니뎁이짜세여 다들캐해5나보러가셈ㅋ 조니뎁의연기실력을보란말야 이세상에저런남자가어딧어아내꺼하고싶네ㅋ 쨋뜬 JACKSPARROW IS COME BACK  
20130402,10,캡틴 잭이라면 10점ㅋ! 빨리 나왔으면...떡밥이라도?좀만 더ㅠㅠㅠ  
20130402,10,하나님 벌써 2013년이라니. 일단 잭선장은 10점 선으로 주고 시작한다.  
20130330,10,드뎌나온다ㅅ-ㅅ  
20130327,10,올ㅋ  
20130323,10,빨리빨리 나오길!!기대중이예요  
20130321,10,아아 빨리나와라 ㅠㅠ  
20130317,10,진짜 13년에 나오나  
20130313,10,조니 뎁이니까  
20130309,10,재밌겠다.  
20130309,10,기대폭발이다 ㄷㄷ  
20130308,10,일단 잭선장은 1 0점주고 시작.  
20130307,10,옛다 10점ㅋ  
20130306,10,무난하게 10점주자  
20130304,10,기대기대  
20130302,10,이건 보기도전에10개주고시작해야함..... 아얼릉개봉햇음조켓다ㅠㅠㅠㅠ♥♥♥♥♥  
20130302,10,조니댑 ㅎ  
20130301,10,"조니뎁,조샤미 깁스?ㅋ,데비존스씨 홧팅조니뎁광팬이구요 캐리비안의해적 광팬입니다~홧팅  "
20130301,10,와~진짜나옴?이건 단한번도 재미없었던게 아니래서 더기대되내요!!!우앙~조니뎁~익살맞은 연기가 맘에들음 ㅋㅋ  
20130226,10,빨리 보고 싶다..  
20130225,10,단 한번도 재미 없던적이 없는 영화였음 기대함  
20130222,10,2015.7 즈음에 개봉 확정된 것 같은데.. 키에라랑 올랜도가 다시 나왔으면 하는 개인적인 바람. 시리즈 처음부터 다시보고있는 요즘 초반부터 비중있던 원래 주인공들이 그립다.  
20130221,10,Good!!!!  
20130220,10,2013년에 잘하면 안나올수 있음 촬영 을  7월달에 한다고 들은거 같은데  
20130219,10,재밌겠다! 빨리 나오길 ㅎㅎ  
20130219,10,보고싶다  
20130218,10,빨리 나왔으면  
20130218,10,기대하지않는척하면서기대하겠습니다!!!!두둥!  
20130217,10,이번엔 다시 본래의 멍청하면서도 매력만점의 잭의 모습으로 나오길 빌며 10점  
20130216,10,기대된당  
20130216,10,1~4편까지 봤는데 너무 재밌어요.그래서 10점 줍니다  
20130212,10,완전 기대만빵!!!!!>3<  
20130211,10,3편에서 끝났으면 대작이었는데...  
20130207,10,조니뎁 올랜도블룸 존경해요  
20130207,10,가자 잭스패로우♥♥♥♥  
20130205,10,잭스패로우오빠 기다릴게요!!!!!!  
20130202,10,ㅋ  
20130202,10,.  
20130129,10,조니댑 실재인물보니 약간  카리스마 없는 듯 나는3탄 봤는데 잭스패러로 변장한게 더 좋음 ㅋㅋ 나는 3탄에서 대박  배에 있는 사람 단칼에 찔러 죽임(등까지 나왔음 칼이) 그리고 게가 배끌어 ㅋㅋ대박 잭스패러 배로 달려가 .  무슨 모임열리 던데 나는  
20130129,10,재미잇을듯  
20130128,10,조니뎁 나오니까 10점 ㅋㅋㅋㅋㅋ  
20130127,10,조니 뎁!!!!!!!! 흥해라흥해라♥  
20130127,10,기대됨!!  
20130126,10,daaddaad  
20130124,10,조니 뎁!!!  
20130123,10,기대댑니다아  
20130122,10,조니뎁땜에게이된사람이어라  
20130122,10,별점 5안되는 사람 뭐임? 캐리비안의해적 안봤으면 말을 마세요.ㅎㅎ  
20130121,10,ㅠㅠㅎㅎ조니뎁 너무 멋있어 ㅠㅠ  
20130120,10,조니뎁이 좋다  
20130119,10,마지막 편일텐데...기대기대^^  
20130119,10,최고!!!  
20130119,10,말이 필요없는 최고의 명작.그러므로 기대감 폭등  
20130114,10,빨리 보고싶네요  
20130114,10,조니뎁 ㅠㅠㅠㅠㅠㅠㅠㅠㅠㅠ빨리나와라조니뎁 ㅠㅠㅠㅠㅠ  
20130113,10,조니 뎁 쵝오  
20130112,10,조니뎁!!!!!!!!빨리 나왔으면 좋겠다ㅠㅠ재미없을리가!!조니뎁을 믿는다!!완전 기대된닼ㅋㅋㅋㅋㅋㅋ  
20130111,10,2011년부터 핥으면서 기다린건데 존나 기대하고 있는데 ... 맛없기만 해봐ㅡㅡ  
20130108,10,굿  
20130108,9,우려먹는 느낌이지만...계속 우려내 주세요...  
20130108,10,굳  
20130107,10,보기도전에 지린다...ㄷㄷㄷ  
20130107,10,완전기대됨!!!!1  
20130106,10,굿  
20130106,10,윌리엄 터너랑 엘리자베스 보고싶다~ ㅠ  
20130105,10,꼭 봐야징  
20130105,10,연기파 배우 조니뎁 빨리 나와서 연기하는 모습을 보고싶다.  
20130104,10,빨리 나왔으면 좋겠다.  
20130102,10,아.. 지금까지 정들었던 윌과 엘리자베스도 없는데 이 영화를 무슨 재미로 볼까 하지만 조니 뎁땜에 한번 10줍니다  
20130102,10,"정말 기대됩니다! 1,2,3에서의 풀어놓은 복선해결도남아있고, 무엇보다도 4편에서 헥터의 복수와 잭의결심이 5편에서 어떻게 표현될지 궁금해요  "
20121231,8,밑분 말대로 3편에서 마무리지으면 반지의제왕 처럼 끝내주는 트릴로지로 남았을텐데요.. 잭스패로우의 능청스러움을 다시한번 보고싶긴 하군요  
20121225,7,솔직히 3편에서 끝났어야 한다. 그러면 희대의 대작이 되었을 텐데..... 그래도 잭스패로우는 보고 싶다.....  
20121224,10,굉장히 기대됩니다 +_+  
20121221,10,캐리비안의 해적 이번에도 기대할게요^^  
20121220,9,기대된다ㅜㅜㅜㅡ근데하필고삼때나온다니. ..  
20121216,10,역시 캐리비언의 해적의 조니뎁 빠질수없겠죠?ㅋㅋ정말 무척기대되네요 얼른 보고싶습니다!  
20121215,10,캐리비안의해적5 너무기대됩니다.  
20121213,10,미개봉작아나 기대 최고^  
20121213,10,ㅇㅁㅁㅁ  
20121203,10,굿  
20121202,10,또나오내 재밌겠다  
20121123,10,굿~  
20121122,10,밑에sfan닥치라 보기싫으면 짜져  
20121114,2,재밌게본적 한번도 없는 거품시리즈 고만 나올때도 되지않았나  
20121108,10,나와라나와라나와라나와라나와라나와라나와라나와라나와라나와라나와라나와라나와라나와라나와라나와라나와라나와라나와라나와라나와라나와라나와라나와라나와라나와라나와라나와라나와라나와라나와라나와라나와라나와라나와라나와라나와라나와라나와라나와라나와라나와라나와라나와라나와라나와라나와  
20121101,9,우와~! 캐리비안의해적5라니 기대!!  
20121030,10,데비존스랑 검은수염도죽었는데 더 강한해적이있나..  
20121027,10,기대기대!!!  
20121026,1,이미 캐리비안의 해적 시리즈는 3편에서 끝냈어야 했다. 4편 하나로 캐리비안의 해적 명성을 다 잃어버렸다. 5편이 굳이 나와야한다면 블랙펄의 저주만큼 가길..  
20121008,"

사랑니(lym6****)

",ㅋㅋㅋㅋㅋㅋㅋㅋㅋㅋㅋㅋㅋㅋㅋㅋㅋㅋㅋㅋㅋㅋㅋㅋㅋㅋ 최고  
20121005,"

ruda****

",기대되네여ㅋㅋ  
20121004,"

전설(trdi****)

",아아~ 니뎁언니 빨리 보고싶어요~  
20121002,"

tim0****

",100  
20120924,"

rlag****

",진짜 보고싶다.  
20120923,"

모카(pand****)

",조니 데에에에에에에엡!!!!!!!!!!!!!!!  
20120921,"

ABarukeu(son4****)

",100  
20120915,"

파니파니(ysr2****)

",빨리나왓으면  
20120915,"

TOP은내남자(bigb****)

",미치도록 보고 싶다 목빠지게 기다린다 조니뎁 짱  
20120912,"

작은조커이야기(shut****)

",또 나왔구나?  
20120905,"

theg****

",넘 보고픔 ㅠㅠ  
20120902,"

누군가(jhh1****)

",미치도록 보고픈 영화  
20120902,"

앙팡(dudd****)

",아빨리나왓으면..  
20120902,"

츠로네(chld****)

",제발....좀 빨랑 개봉하면안되나...세상멸망전에 다 보고죽을래요....  
20120831,"

보노보노(8080****)

",일단 나오면 보겠지만.. 4편같은 보물찾기 영화는 사양임  
20120827,"

이은성(eun9****)

",많이많이 보고싶어용  
20120802,"

the 캐리비안(dkdu****)

",보.고.싶.다.조.니.뎁  
20120604,10,5편빨리나와라~  
20120322,10,기대된다~~~!!!!!!!!!!!!!!!!!!!!!!  
20111017,10,고어감독이 다시 만들어야된다. 스토리영화는 감독이 바뀌면 안돼.;  
20110810,10,빨리 보고 싶다 ㅋ 8편까지는 나올 듯  
20110613,10,일단은 감독은 블록버스터를 해본 감독으로 교체한후 키이라 올랜도도 복귀했으면  
20110607,10,더 재미있게 나와라 5편은  
20110529,10,완전 기대되네ㅋㅋㅋ  
20110228,10,5편은 나올것 같다 4편이 어떻게 끝나게될지? 그리고 잭이 결혼했으면 좋을것 같다  
