0,1,2
20170227,10,"리암리슨과 마틴 스콜세지 감독, ㅠㅠ 진짜 보고싶어요 ㅠ  "
20170227,10,꼭 봐야하는 영화네요시기가 또 사순인 만큼 ㅎㅎ  
20170227,9,깊은 울림이 있다'키치지로'의 모습이 내 모습을 보는것 같았다  
20170227,10,"단순해질 뻔한 영화도, 영화의 재미도 키치지로라는 캐릭터 하나가 다 살림. 옥에 갇히기 전까지 키치지로는 전형적인 캐릭터 였지만 옥에 갇힌 후에는 생각지도 못할 때 등장해서 관객에게 중요한 화두를 던짐.. 물론 영화 자체도 뜻깊고 연기도 장난아님  "
20170227,7,비기독교 천주고임에도 깨달음을 주는 부분이 많았습니다. 지겨울줄알았는데 지겨울시간이 없었고요 많이 잔인하지도 않아요  
20170227,10,영화 보는 내내 침묵 사랑 희생 인간적인 측은지심 이 모든것이 자연스럽게 솟아나와 제 영혼을 만나는 무척 아름답고 깊은 감동 충격을 주는 좋은 작품이었습니다 이 감동은 한동안 깊이 침투할 듯 합니다 고맙습니다 사랑합니다  
20170226,10,신앙은 단순히 아는 것에 그치지 않는다.앎!앎에 생명을 걸면 믿음이 되고그런 믿음을 또다른 말로 신앙이라 부른다.우리는 누군가를 믿는다고 하지만그 믿음이 진짜인지 가짜인지는 목숨을 걸어야하는 상황이 와바야 알수 있다.나의 믿음은...?  
20170226,9,러닝타임이 길지만 몰입도는 높습니다. 저는 무신론자이지만 종교적으로 진정한 믿음은 무엇이냐를 잘보여주는것 같습니다. 종교적 근본주의를 고집하고 지향한다면 끝나지 않는 분쟁과 반목속에 고통 받을 것입니다.  
20170226,10,영화가  끝나고 아직도 긴여운을 느끼게 합니다. 마틴 스콜세지가 28년을 준비해온 필생의 역작답게 진정한 걸작입니다.  
20170226,10,타인을 위한 희생이라는  것이 무엇까지 의미하는 것인지 생각해보게 합니다. 그리고 신의 침묵이라는 것이 무엇인지도 생각하게 하네요.  
20170226,8,종교란 무엇인가 침묵하는 신이란 과연 존재하는 것인가 흔히 우리가 일컫는 신이란 우리 내 속에서 창조하여 우리를 지켜주길 바라는 희망이 만들어낸 허구가 아닌가라는 생각을 상기시켜주었던 영화  
20170226,9,"무쌍초짜님! 가톨릭은 제국주의에 대해 침묵하지 않고 비판했습니다. 그리고, 오른손이 하는 일을 왼손이 모르게 하듯이 선행은 감추고 반대로 악행은 떠벌립니다. 하지만 당신은 선행을 떠벌리고 악행을 감추잖아요. 당신은 남보다 깨끗한 줄 알지만 더 더러워요  "
20170226,10,앤드류가필드^_^ 영화 재미있게볼께요~  
20170225,7,"GV로 보고 왔습니다. 솔직히 원작을 영화로 만들었는데, 무언가 비는 느낌입니다. 오랜시간 준비했다고 들었는데 아쉬움이 많았어요.  "
20170225,9,믿음이란 무엇인가?에 대해서 생각하게 만드는 영화. 긴 러닝타임에도 불구하고 전혀 지루함이 느껴지지 않았다. 배우들의 연기도 훌륭했다. 속 재료를 꽉꽉 채운 샌드위치 같은 수작!  
20170225,8,고뇌는 공감한다. 그런데 독립투사에 대한 고문과 비교해보면  어떨까?  혹은 어떤 인질극. 혹은 고문에 의한 간첩조작.  
20170225,10,"말이 필요 없는 마틴 스콜세지, 믿고 보는 리암 니슨, 헥소 고지에서 완전히 세 인상을 준 앤드류 가필드.... 정말 말이 필요없네요  "
20170225,9,영화 밀양에서 신이 날 용서해 주었으니 니 용서는 필요없다던 아이 살해범과 이 영화속에서 젊은 신부에게 끊임없이 고해성사로 용서비는 일본인을 보면서  죄의 참회는 누가 누구에게 하는건지 그리고 용서는 신이 진짜 해주는건지 의구심이 든다.  
20170224,10,리암니슨 한국신파영화때문에 필모그래피 수준 낮아진거 사일런스로 회복하시네  
20170224,10,부산권은 왜 예매가 없지????  
20170224,10,"제목 참 잘 지었다. 믿는 자들의 침묵,  죽은 자들의 침묵, 신의 침묵, 그리고 나의 침묵. 그러나 내가 듣지 못했을 뿐, 신은 언제나 나와 함께 있었다.  "
20170223,9,2시간 40분이 지루하지 않았다... 지금까지 종교 때문에 죽어간 수많은 사람들에게 묵념...  
20170223,5,영화가넘길어2시간40분넘음니암리슨2시간부터나옴잠안올때보면잠잘옴  
20170223,10,영화를본후아무말도없이친구와헤어졌다.집에온후너무장면이생각나며조용히침묵케돼어진걸작임에강추한다.  
20170222,8,"감독 스스로의 신과 개인의 신앙에 대한 고찰을 담은 듯 하다.제목은 사일런스인데 이건 기도에 응답하지않는 신의 침묵인 것인가, 외부의 압력으로 인해 믿는다는것을 표현하지 못하는 신자들의 소리없는 아우성인가?  "
20170222,10,"가슴 벅찬  감동이 밀려 온다,, 2017년 최고의 걸작  "
20170222,9,이영화가 침묵속에 하느님이 계신다. 이런믹음에영화가. 아닌거같은데.  인간에 신념이야기같은데. 보는사람이. 알아보는거지만. 그런거다떠나. 잼있고. 연기도좋다 추천  
20170222,10,살기위한 생존본능과 내면의 신념...배우들의 휼륭한 연기에 감동 받았어요.  
20170222,10,"한줄평 : 배교를 미화시키는 사탄의 속삭임. 신부는 순교하는 일본인의 목숨을, 예수님을 대신해서 자기가 구원하고자했고, 이를 '사랑'이란 단어로 포장했다.거룩한 배교따윈 없다. 두려움,무지, 교만을 포장하려하는 것일 뿐성경속의 순교자를 기억하라!  "
20170221,10,훌륭한 배우에 뛰어난 감독 재밌습니다.  앤드류 가필드의 혼란스러운 감정연기는 영화를 또 보고싶게 만들어요.  
20170221,10,재밌습니다.잔인한 부분도나오긴하지만요. 종교와생명사이의 선택 갈등을 느끼는 부분이 관전포인트. 기독교만 빠는 영화가 아니라 역사영화라고 생각하시고 보면 될꺼같아요.  
20170221,10,상당히 기대되는 영화에요!!  
20170221,10,ㅅㅅ레알 ㄱㅊ좋네이런영화  
20170219,10,이영화에 한국무명배우인 남정우 씨가 나오신데요!! 비록 5초의 단역이지만 그의 열정과 끈기에 응원합니다!  
20170218,1,평점  너무높아요‥‥   ㄴ  
20170218,8,마지막에 리암 니슨과 앤드류 가필드의 액션 배틀이 좋았습니다. 역시 테이큰의 주인공입니다.  
20170218,5,마지막 연출만 핵구림 ㄹㅇ 감독 마지막에 1퍼도 안되는 일본 기독교인구보고 뭐 어쩌구 써놓은거 개인적으로 자기위로 쩐다고 생각함ㅋ  나머지는 미청년이 천천히 멘탈 잠식되어가는 연출이라 좋았음  
20170217,1,개독이나 마굿간 콜걸 마리아 관련 영화 좀 안나왔으면 좋겠다. 21세기에 미신을 버리지 못하고 현실을 못보는 저능아들을 위한 영화.종교란 니들처럼 멍청한 인간들 상대로 피 빨아먹는 장사야. 제발 뒤늦게라도 깨달았으면. 신 같은 건 다 인간이 만든 거다  
20170217,10,"믿음의 형태라든지, 어떨때 침묵해야하는지에 대한 많은 생각을 했습니다. 가톨릭 신자로서 감사함과 뉘우침에 대한 여운이 참 좋았던 영화입니다.  "
20170217,10,너무너무 보고싶어요.  
20170216,10,감명깊게 읽은 소설이 영화가 되어서 기대했는데..좋은 기회에 시사회를 보고 왔어요.신앙에 대해서 여러 생각을 하게 되는 영화네요  
20170216,1,개독교 = 정신병자..  
20170216,10,마틴 스콜세지 감독 작품 짱짱  앤드류 빨리 보고싶다  
20170216,10,종교를 떠나서 마틴 스콜세지 감독이라면..!  
20170216,10,오 캐스팅 쩌네요 ㅠㅠㅠㅠ  
20170216,10,사일런스!!! 보고싶어요!!!  
20170216,10,리암니슨 기대된다 믿고보는 리암니슨  
20170216,10,리암 니슨의 새로운 발견! 액션연기가 아니여도 충분히 저 역할을 소화할 수 있을 듯  
20170216,10,책으로 너무 감명깊게 봐서 기대중  
20170216,10,믿고보는 배우들과 감독들 !!! 명작 탄생 예감  
20170216,10,믿고보는 배우와 감독!! 기대되요!  
20170216,10,이 영화는 무조건 봐야겠다  
20170216,10,'침묵'을 영화로 보게 될 줄이야... 심지어 스콜세지라니...! 명장의 손에서 다시 태어난 세기의 명작! 절대 실망시키지 않으리라 믿습니다 :)  
20170216,1,무교인데요... 사물에 의미를 부여하는것 자체가 우상숭배 아닌가요? 그냥 밟으라고 할때 밟고 그냥 마음속으로는 신념을 지키면 되는거 아닌가? 밟으랄때 밟고 여럿 살리면 되지 참 이해 안되네...좀 지루하네요..감독과 배우들 믿고 봤는데...  
20170215,1,보지마라 존나 재미없다  
20170214,1,장르가 솔직해서 좋다  영화 사이트에 올라왔어요 영화관 가기전에 미리 봐둬라 내가 너희들의 돈 굳게 해줄테니~ㅋㅋㅋㅋ  
20170214,10,먼저는 기독교때문에 사람을 죽인 일본기득권 잘못이 크다.  그리고 기 핍박에 순교한 사람들도 대단하고 겉으론 배교하고 속으로 믿음을 지킨사람도 잘했고 모든걸 버렸어도 그 상황을 보니 이해가 되긴하다  
20170213,10,재밌을거 같네요 리암니슨 기대됩니다.  
20170213,10,가톨릭영화인협회와 예수회의 자막 감수를 거쳐서 오역 있었던 부분 수정됐다고 합니다. 아주 기대하고 있는 작품입니다!  
20170213,7,그들의 마음이 전해져 가슴아프다.  
20170212,10,"미션, 쉰들러리스트에 이어서 간만에 충격을 준 작품.. 이번년도 일반인들 머리를 복잡하게 해줄 영화임에는 분명하다.  "
20170212,9,개인적으로 크리스쳔이라 정말 감명 깊게 봤습니다.기독교인이 아니면 다소 지루할 수도 있겠다 생각했지만아닌것 같네요.하나님은 우리를 사랑하십니다ㅋ  
20170211,5,시나리오는 좋은데 그 시대 사람들이 다영어로 대사 치는게  정말 몰입이 안됨.  지들 편하게 보려고 만들었다지만 되도 안되는 영어로 말하니 감동은 커녕  다 발연기 하는것처럼  보임. 아쉽다.  
20170211,10,영화시작전 예고편 봤는데 오~!!완젼 끌림  
20170210,7,감독 이름빨에 기대가 너무 컸는지 조금은 아쉬워요...  
20170210,10,앤드류가필드의 거침없는 행보.  
20170209,2,개독들이나 눈물흘리면서 볼영화 캐스팅때문에 2점은 줄게 ㅋㅋㅋㅋ  
20170209,7,갓필드 야는 2연속으루다가 개독개독 거저먹네  
20170209,10,미션에서  신부역을 맡았던 리암니슨이 이번영화에선 신을 거부하는 신부역할을 맡았다. 기독교를 믿지는 않지만 감명깊게 본 영화...신념이란 무엇인지 보여주며 과연 고난앞에서 어떤 선택을 할 수 있을지 고뇌하는 모습을 잘 표현 해 주는 것  같다.  
20170208,10,영화를 보는 내내 나와닮아있는 키치치로를 나는 욕을할수없었다..  
20170208,10,무조건 봐야하는 마틴 스콜세지 작품  
20170208,7,수많은 선교자들이 왔지만 박해하고 자신들의 전통 신사와 무속신앙을 존중하며 현재 기독교인이 1프로도 안되는 일본. 일본보다 선교사들의 관심도 없었지만 지구에서 가장 교회가 많은 한국.  
20170208,10,방금 봤는데 소름 끼쳐요  
20170208,1,어리석은 신념을 위해 하찮게 죽어간 바보들  
20170208,10,수많은 타인을 희생시키면서까지 자신의 신념을 지킨다는것이 스스로에게 어떤 의미가 있는지 고민하게 되는군...  
20170207,5,예수라면 어떻게 행동했을까...일본은 기독교인이0.7%라는데...그들의 고문방식은 예전부터 대단했는듯..일본이해에 좋은영화  
20170207,7,Silence...  
20170207,7,인간이 만들어 내는 여러가지 이야기를  듣다.  
20170207,1,많이 따분한 영화예요 재미가 읍다  
20170207,7,"영화가 말하고싶은것이 뭘까? 영화내내 잔혹한 일본의 학살만 내내 나온다. 여기서 말하고자 하는것은, 다른 종교를 믿는자들의 품성. 그 끝을 설명하는 영화다. 가식적 행위적으로 나는 내가위대하다 믿는 신을 믿는다는 자들은 잔혹하고 끔찍하며 지옥같다.  "
20170207,10,리암니슨의 무술이 볼만하네요..강추  
20170207,1,장르가 뭣도 아닌 영화.그냥 보이는건 일본의 잔혹함.그냥 종교적 갈등을 만드는 얘기로만 보여짐이런 삼류영화가 언제부터 8점이상의 평점을 받다니..유명한 배우라고.. 다 좋은 영화를 찍는건 아니구나 새삼느낌  
20170206,5,종교영화 좋아하는데 지루하고 재미없네요.  
20170206,10,"선교와 신앙에 대해 되짚어 볼 메시지들이 많은 영화. 사랑(진리)이란 무엇인지, 교리보다생명이 우선임을 아는 것, 종교와 신앙이 다르다는 것, 자기죽음, 예수와 더불어 업신여김당함이 무엇인지 보여 주지요. 한쪽의 우월함을 나타내는 게 신앙이 아니죠.  "
20170206,10,쪽바리는 쪽바리고 영화는 영화죠 너의~ 처럼 쪽바리가제작한 영화도아닌데  
20170206,1,"악마가 남긴 가장 큰 업적은 개독이라고 했다지?여튼 제사를 우상숭배니 뭐하면서 예수는 우상숭배가 아닌가?라는 자가당착에 빠진 사이비무리들.종교는 자신을 종교로 삼고 누군가를 앞세워 범죄, 살인, 약탈, 강간을 합리화 하지 말 것. 제수없는 놈들.  "
20170206,6,일본의 학살과 압력으로 인해 기독교 신앙을 저버린 페레이라 신규(리암니슨).. 와 그를 찾으러 일본으로 떠난 앤드류 가필드(스파이더맨)의 이야기.. 예수회를 핍박하는 과정이 우리나라를 통치하며 창씨개명을 요구했던 것과 매우 흡사했다  
20170206,6,"포스터에 적힌 말에 반문 하고 싶은데요. 카톨릭이 제국주의의 선봉에 섰던 그때 왜 당신들은 침묵했습니까? 당신들은 저것보다 더 어마어마한 범죄를 방조했잖아?아주 지구 전체를 살인, 약탈, 강간했지...당신들이나 저들이나 뭐가 달라?  "
20170205,8,종교인들이 보았을때 이 영화는 여러가지 생각하게 만든다...  
20170205,10,천주교 박해 하면 한국이 원탑인데 일본이라니;;..안타깝다.  
20170205,6,옴팡 김. 의미없는 종교간의 아웅다웅  
20170205,1,그냥 예수쟁이 영화네  퉷퉷  
20170205,10,22일 개봉이었던 걸로 기억하는데 미뤄졌네ㅠㅠㅠㅠ  
20170204,1,호불호 굉장히 강한 영화니 평점으로 판단하지 마세요. 천주교 종교인이나 역사 다큐멘터리 좋아하는 사람들은 공부삼아 볼 만한 영화. 일반적인 상업영화가 전혀 아니므로 감독과 배우에 낚여 2시간 40분 동안 후회 마시길.  
20170204,10,거장의 마지막 손길 ㅋㅋㅋ 마틴 스콜세지 영화의 거대한 마침표와도 같다.  
20170202,10,곧개봉인데 꼭보고싶네요  
20170202,8,"이 영화는 실화를 바탕으로 한 이야기가 아닙니다. 소설 침묵에 나오는 인물들은  실제로 시대상이 맞지 않습니다. 침묵의 저자 엔도우 수사쿠가 비록 역사적 인물을 사용하였지만, 명백한  허구입니다. 예고편에 나오는 ''실화바탕''을 삭제해 주  "
20170131,6,일본배경영화라....음....선교라  
20170128,10,중반까지는 서스펜스로... 마지막엔 한 순교자의 이야기로. 소설 팬으로서 정말 만족스러운 영화...감독님 감사해요ㅠㅠ  
20170127,1,또 일본이네.. 우리나라도 천주교 박해 사건이 있으니 차라리 영화시장이 큰 우리나라에서 찍어라.  
20170126,1,쪽발이 영화라....  
20170125,10,제발 더 이상 개봉일 안미뤄지길 ㅠㅠ  
20170125,9,"언젠간 응답해주실, 주님을 기다리며.  "
20170121,9,오늘 극장(미국)에서 보고 왔습니다. 그냥 생각없이 보러 갔다가 보는 내내 그리고 영화가 끝난 뒤에도 무겁게 생각해보게 되는 영화였네요. 상영시간이 길고 웃음기도 전혀 없어서 스트레스 푸는 영화는 절대 아니고 호불호가 갈리겠지만 깊이 있고 좋습니다  
20170117,10,리암니슨이 나오니까 닥치고 보는 게 정답이다!!!  
20170116,10,마틴 스콜세지니까 ~ !!!  
20170116,10,갓틴 킹콜세지는 무조건 봐야죠 ㅎ  
20170114,9,저때 일본에서 종교박해가 심했던 시기에 두 선교사가 가서 보고도 믿기질 않는 참상을 표현한 영화  
20170114,10,안드로이드는 http://www.podbbang.com/ch/12968IOS는 https://itun.es/kr/rTPSgb.c 넘나 기대되는 영화! 그리고 이 영화에 출연한 한국인 배우 남정우 이야기도 들어보세욤!:)  
20170104,10,캐스팅 대박!!쿠보츠카 요스케도 나오는데 넣어주시죠안들어가있네요  
20170104,9,사진만 봐도 올해 아카데미는 리암니슨인것 같다..비록 영화 자체는 재미없을지 몰라도..  
20161223,9,"뭘 해도 앤드류는 거미줄로 날아다니고, 리암 니슨은 권총들고 다 쏘고 다닐듯;;  "
20161217,10,예고편 개지린다 ㅎㄷㄷ  
20161203,10,엠마하고 왜 헤어진거니 ㅠㅠ  
20161129,10,이미 미국에서는 시사후 평가가 어마무시 하던데..마틴 스코시지 감독의 인생작이 될 것이라는 평 때문에 너무나도 기대되는 작품입니다.  
20161128,10,리암 니슨도 은근히 많이 잡혀가네  미션에 이어 또 미개국 선교하다 저꼴이네  
20161125,10,내용에 대해서 전혀 모르지만 예고편을 보고 울컥한 자신을 발견하고 꼭 봐야겠다는 생각을 했다.  
20161101,10,이거 한국에는 언제 개봉 하나요..ㅠㅠ 기다리고 있습니다.ㅠㅠ  
20160913,10,앤드류 나온다 극장 가자그래서 개봉 언제?  
20160721,10,후아~ !! 감독과 배우들 봐라!! 대 ~에박!!! 명작하나 추가...  
20160710,8,쿠보즈카 요스케도 나온다던데 기대할게요  
20160604,10,고마츠나나♡♡♡ 기대됩니다  
20160409,10,"예수교가 아니라 예수회다. 번역가가 이정도도 모르고 번역을 하냐? 발번역이 따로 없군. 예수교는 개신교를 지칭할 때 종종 쓰이는 말이고, 이 영화는 가톨릭 수도회 중 예수회에 대한 것이다.  "
20160406,10,원작을 뛰어넘을지....기대된다..  
20160126,10,카일로렌나온다 ...  
20160126,10,그 옛날 찬란했던 스콜세지가 다시 돌아오길...  
20160108,10,리암 니슨이나 앤드류 가필드 등 유명한 배우분들이 나오지만 난 고마츠 나나를 보겠어!!  
20151217,10,와....고마츠 나나 기대하고 봅니다!!  
20151214,10,앤드류가 신부복 입는구나 ㅋㅋㅋ강동원 만큼이나 좋구나 ㅋㅋㅋㅋ  
20150729,10,이 책 읽었는데 ... 영화로 하다니 신기하다.  
20150616,10,일본 말고 한국 좀 와서 찍지 힝...암튼 앤드류 가필드랑 리암 형님 나와서 본다.  
20150412,1,이게 9점대라니 믿기질않네  
20140818,10,앤드류 가필드 넘좋아!!  
20140430,10,우리나라에서 볼 수 있나요ㅠㅠㅠㅠ  
20140428,10,앤드류가필드♡ 기대할께요  
20140423,10,"원래 캐스팅은 다니엘 데이루이스에 베네치오 델 토로였다는데, 살짝 아쉽네요 ㅠㅠ  "
20140227,10,리암 니슨까지 캐스팅 돼서 정말 기대됩니다!  
20131021,10,스콜세지 감독이라니!!  
20130913,10,예수교가 아니라.. 예수회 입니다. 수도회라서요..  
20130809,7,기존에 캐스팅된 배우들 다 빠지다니. 다니엘 어디간거야 또르르르...  
20130728,10,이 영화 보고싶은데 안 나올꺼같아 ㅠ앤드류가필드 2013년에 한번만 보자 ;ㅁ;2014언제 기달려  
20130708,10,오 앤드류 가필드. 기대가 됩니다  
20130616,10,이거꼭 보고싶어요 ㅠㅠ  
20130323,10,훌륭한 원작에 감독에 배우에... 꼭 개봉했으면 좋겠다!!  
20130313,1,이거 안나옵니다..  
20121226,10,제일 좋아하는 감독의 영화  
20120420,9,드디어 영화화 하는군... 다니엘과 베니치오의 캐스팅이라...  
20120220,10,왠지 감동적인 영화일 것 같다. 영화 이름에서부터 포스가 느껴진다.  
