0,1,2
20140730,10,명작은 알아볼수 밖에 없습니다 상영관이 몇개든 결국 가오갤의 것이 될겁니다  
20140730,10,아니 상영관수같다가 트집잡말아라 ㅡㅡ영화보지도 않고 시부려 비러먹을 뭔 머리에 똥만있나  
20140730,10,완전 재밋엇습니다 굿굿!아이엠 그룻ㅌ♥♥♥♥  다음 시리즈가 기대 되는군요!!!  
20140730,10,오늘 시사회보고왔어요. 진짜 한번보면 캐릭터매력에서 빠져나올수가없음...♥ 사랑해요마블  
20140730,10,시사회 보고왔습니다. 기대많이하고 보셔도 될듯합니다ㅎㅎ저한텐 마블영화중에 가장 재밌었던것 같습니다ㅎㅎ  
20140730,10,시사회 참여했어요 후회안하실겁니다 같이간친구는 마블영화중 제일 재밌다는군요 빵터지는 장면 많이 나옵니다  
20140730,10,시사회 참여자입니다.간단하게 후회안하실겁니다  
20140730,10,스크린쿼터제는 무슨 개나 줘라. 상영관 많이 잡혀야할 영화가 이게 뭐냐 ;;; 명량 미침  
20140730,4,뭐죠?  출연자 얼굴만 나온데 왜이리 평점이 높냐??  
20140730,10,오오미 타노스!! 어밴3에서 나올 최종보스!(인건도 나왔으면)  
20140730,10,바티스타는 진짜머지??  
20140730,10,관수적은게 배급사들의  횡포라고는생각안하냐?난 가오갤을믿는다  
20140730,10,어벤져스1에 카메오로 잠깐 출연시켰다면 좋았을텐데  
20140730,10,듣도 보도 못한 새로운 SF대작? 뚜껑을 열어보면 알갔지! ㅎㅎ  
20140730,10,로튼토마토 신선도 99%에 언론 시사회 반응도 해외고 국내고 전부 극찬이다. 마블을 믿어라. 걷모습만 보고 까지 말고  
20140730,10,진심으로 까는애들은 마블코믹스가 머하는곳인지알고 까는거냐??  
20140730,10,완전 미국에서도  반응 좋던디~ 요거 볼려고 예매해둠  
20140730,10,정말 기대되는영화예요♡가디언즈 옵 갤럭시♡캡틴아메리카♡아이언맨♡어벤져스♡팀이 만든영화니까  역시나  최고의 영화일것같애요♡^^♡빨리보고싶네요 ㅎㅎ  
20140730,10,어벤져스에 걸맞거다 그 이상일거같다. 출연진 완전 빵빵한듯!  
20140730,10,로튼토마토 100% 믿고보는거다  
20140730,10,이리치이고 저리치이고 타노스 너무 불쌍하다.  
20140730,10,한국영화 밀어준다고 보러가려고 해도 상영시간 아주 띠엄띠엄있네...캡아1나올때도  하루에 극장에서 상영시간이 1~2회 밖에 안 하고 한국영화 밀어주느라 평점 엄청낮춰놓던게 생각난다--  
20140730,9,완전 기대되요! 개봉날만 기다립니다  
20140730,10,낼꼭 보러 가야지 히히힛  
20140730,10,가오갤 진짜 진짜 미친듯이 보고 싶음! 평 장난 아니든데 ㅜㅜㅜ  
20140730,10,역시 기대안하고 어쩌다 보았는데 완전 잼잼꿀잼! 2017년에 후속나온다는데 난이제 가오갤 왕짱팬  
20140730,10,예매 ㄱㄱㅅ ㄱㄱㅅ 일단 본다  
20140730,10,마블은 믿고 본다~ 후속작은 어벤져스랑 합치나??  
20140730,10,어벤져스보다 스케일이크네 ㄷㄷ  
20140730,10,아드뎌내일이당 기대만빵ㅎㅎ  
20140730,10,기대기대!!!!왕기대!!!!  
20140730,10,이 영화 대우가 안좋은데?  
20140730,10,"일단마블이니까무조건봐야겟고,너무기대도하면좋지않겠지?  "
20140730,10,로튼 토마토 97% 인데  과연... ㄷㄷ  
20140730,8,아니 씨발 보고싶은데 볼 수 가 없어. cgv 죽전 가는데 개봉일 기준으로 일주일치 전부 낮타임은 드래곤 길들이기2고  심야에밖에 못봄. 무슨 이런 경우가 다 있음? 마블영화가 이딴 대접 받아도 되는거임?  
20140730,10,원래마블도모르고어벤져스도몰랐는데어벤져스영화랑최근에캡틴보고마블만보면흥분됌  
20140729,10,31일 나오자 마자 보러 갈거임!  
20140729,10,가디언즈 오브 갤럭시 빨리 보고싶다  
20140729,9,가모라 피부색만 보면 쉬헐크인줄 알겠네 ㅋㅋㅋ  
20140729,10,벌써 가오갤 후속편도 제작 결정됐다고 들음 ㅋㅋ아니  얼마나 자신있으면 ㅋㅋ이미  손수 흥행보장하셨네 하셨어  
20140729,10,마블 꾸준히 영화 만들어줘서 고맙습니다요근데 더기대되는게3년만에 새로운캐릭터등장인거다 *_* 볼수밖에없음요  
20140729,10,아 드디어2일 남았다!!진짜 떨려  
20140729,10,진짜 존매~~볼매~~지금까지 가오잡는 히어로보다 이런 능력자가 더 매력있따~~ㅋㅋㅋㅋ  
20140729,10,ㅋㅋ 예고편 중에 라쿤이 '오우~ 예아~' 재치쩌는 대사로 등장인물 중에서 가장 맘에 든다 ㅋㅋ  
20140728,3,솔직히 마블팬인데 이상하게 기대가 안된다  
20140728,1,"제가 말이죠?.그게 뭐냐.. 있잖습니까,,그게 광주는..폭동이야  "
20140728,10,"지금 해외전문가 평 보면 지금까지 나온 마블 영화중에 젤 재밌단다. 제임스건 감독이라 기대는 했는데, 흥행도 성공할듯하네  "
20140728,10,"나는 빈디젤 팬이라서 본다. 몸보단 목소리로 액션  , 넌 5초뒤에 죽는다.  "
20140727,10,'좋아요' 누르려다 마우스 잘못 움직여서 글쎄요 눌렀네요... ㅡㅡ;;; 이거 수정안되나;;; 하나.... 미취궛내...  
20140727,10,마블하면 헐크 아이언맨이 짜세인줄알지....그건 큰 오해..  
20140727,8,제임스 건 이라면 믿고봄..트로미오와 줄리엣을 봤다면 무한신뢰!!!톡식정도면뭐~수퍼같은 무한재미 기대함!!!  
20140727,10,어벤져스2에도 나왔으면 짱이겠다...  
20140727,10,의외로 대박 작품이라네요  
20140727,10,아는 히어로 한명도 없어서 별 신경 안썼는데 시사회 평이 너무 좋게 나와서 기대중 ㅋㅋ 바노보노 화이팅!  
20140727,10,홍보가너무 안된거같다... 개봉4일남았는데 예매율이 1%대네  
20140727,10,마블인데 꼭봐야지 올해남은영화중에젤기대됨  
20140726,10,보고~싶다~이영화는 진짜 대박스케일.//대박꿀잼  
20140726,10,야들아 지금 로튼 토마토 지수가 100프로다 25명의 영화전문가가 참여하여 25명 전원이 신선하다고 평가했다..(지금 시간 기준)충분히 극장가서 볼만한 영화다. 원래 기대도 안했는데 로튼지수가 이래 높게 나오다니 ...  
20140726,9,"기대됩니다만,  기존 히어로들보단 비주얼이 조금 딸리네요  "
20140726,9,바티스타 형님 나오시네!?!!!  
20140726,10,마이너인 내용이나 귀에 탁 들어오는 트레일러 마지막부근의 노래. 트레일러만 보고도 호기심을 끌게 만들고 로튼 토마토 신선함 100%. 말이 필요한가?  이영화에 대한기대치가 충분히 올라가게 만들었다.  
20140726,10,진심 시사회평점100점...이건 진짜 대박영화다...  
20140726,10,옛날부터 ㅈㄴ 기대햇엇심ㅋㅋ  
20140726,10,완전 새로운 마블이라니 !!! 꼭 본다 !!!  
20140725,10,"헐리웃 상업영화, 그것도 마블의 스토리라인이 너무 부럽다. 우리나라는 천 년 만 년, 몇 천 조의 돈을 써도 이런 스토리라인 못 얻지. 깡패나 끄적이며 시덥잖은 음악영화 만드는 수준에 그치겠지. 부럽다 헐리웃.  "
20140725,10,기대기대기대기대기대!!!  
20140725,10,하앜 빨리나온나~! 기대되무니다 ㄷㄷ  
20140725,10,현재 로튼 평가 100%임 좀 더 봐야겠지만 신선도 90% 이상이면 꼭 보시오  
20140725,8,재미있을까! 그전보다 평점이 더 올라갔네..  
20140724,10,마블 영화인데 긴 말이 필요할까? 무조건 개봉일날 관람해야지 IMAX로!!  
20140724,10,상당히 재미 있어 보인다. ㅎ  
20140724,2,노잼 냄새가 난다 냄새가나  
20140724,10,명량 보다 백배 재미있을 듯  
20140723,10,어벤져스랑 연결되는건가? 원작만화를 봐야겠네~의외로 재미있을것같네  
20140723,10,원작을 보는 사람으로서 이영화 망한다 하지마라 원작을 모르면 원작부터 보고 까던가 뭘 모르면서 영화를 까냐 이 영화캐릭터밖에 모르는 생 초짜들아  
20140723,10,기대많이하고있음  ..  
20140723,10,가오갤에 비하면 어벤져스는 초등학생 수준~~  
20140723,10,올 여름 가장 기대되는 영화네요~~부디 예고편만큼 잘 나와주길^^  
20140722,10,난 설마 이게 영화로 나올 준 몰랐다.  
20140722,10,왠지 예전에 카우보이 비밥 삘이 나는데요?~~개봉하면 꼭 봐야겠네요..ㅋㅋ  
20140722,10,포스터 누가 만들었어..!!  
20140722,10,드디어 다음주....!!  
20140722,10,스토리 이해하려면 어벤져스 다시보고와야할듯 ...  
20140722,1,외계인 천지...이젠 사람나오는 영화는 안 나올 모양  
20140721,10,가오갤 얼마나 기다렸던 작품인지. 로켓 라쿤 완전 팬입니다. ㅎㅎ 이미 정발된 가오갤 그래픽노블도 샀음... 어서 배송되기만을 ~~ 두둥  
20140721,10,라쿤 때문에 이 영화를 볼 여성분들 많을지도?? ㅋㅋ  
20140720,10,우주의 어벤져스 기대됩니다!!  
20140720,9,으잌 바티스타 ㅋㅋㅋ 출연진 보는데 왠 익숙한 얼굴이 ㅋㅋ  
20140720,10,지금 미국에서 시사회했는데 대호평 일색으로 난리가 났군요. 아 너무 기대해도 안되는데  
20140720,10,예고편과 줄거리 보고 대박 기대돼....!!!ㅠㅠ  
20140720,10,이 영화가 성공한다면 마블이 코믹스 캐릭터를 영화화할때 선택의 폭이 굉장히 늘어날수 있을 것입니다 기대할게요  
20140719,7,마블 영화 좋아하는데 왠지 예고편이 재미없게 생겼다.. 나만 그런가..  
20140719,10,머야 난또 새로나온 핸드폰 겔럭시 시리즈인줄알고 낚였네 ㅅㅂ ㅋㅋㅋ  
20140719,1,주연과 감독을 봤을 때 아무런 기대감이 없다.양산 할리우드 그래픽 영화  
20140719,10,바노보노가 나오는것 하나로도 흥행 대박  
20140719,10,기대기대기대기대~!!! 스타로드 멋있쪙  
20140719,10,기대만빵ㅋ 진짜 너무 기대됩니다  
20140718,10,믿고보는 마블히어로 영화  
20140717,9,기 대 된다 와우....  
20140717,10,122분 내에 있는 떡밥도 기대하며 간다. 스타로드^^ 총 간지나는데 ㅋ  
20140716,9,마블이니깐 기대는 되지만 이전 영화들이랑 너무 이질감이 들어서 불안하다....요는 그걸 잘 해소해야겠지  
20140716,1,전우주 인구가 120억 밖에 안됨?  
20140715,10,예고편 만으로도 기대된다  
20140715,10,타농부 나오니까 일단 기대는하고본다  
20140715,10,얘들 만화 어벤져스에 나왔던 애들이네. 어떤 악당때문에 어벤져스 멤버들이랑 한판 붙을뻔했다가 힘 합쳐서 악당물리친놈들.  
20140715,10,미국감성인지는 몰라도 로켓라쿤 목소리 너무 언밸런스한것같다.... 캐릭터도 보기엔 맘에드는놈 하나 없어보여ㅠ 그래도 일단 나오면 보긴 봐야지... 마블이니까  
20140714,10,로켓 키우고 싶음ㅎㅎㅎ  
20140714,10,"근데,다들 뭐라고 말하든간에 나는 이영화 보고 즐길꺼임,어짜피 따른사람들이 뭐라고 씨부리든간에 나 자신이 보고 즐기고 재밌으면 모든것이 전부다 만사 OK인거잖아?  "
20140713,10,바노보노의 활약을 기대해봅니다  
20140712,7,마블코믹스엔 관심도 없고 잘게 모르지만 이영화는 로켓라쿤 땜에 봐야겠다....얼마대캡3에서 처음본 그 웨폰마스터 너구리 완전멋있던데  
20140712,10,바티스타 까는애들은 뭐냐?ㅋㅋㅋ 지들인생이나 챙겨라  
20140711,10,너무 재미있을 것 같아요. 기대 짱짱!!  
20140711,10,너무 낯설어서 국내에선 망할 수도. 근데 미국에서는 그럴 턱이 없지. 가오갤인데.  
20140711,10,마블 영화는 그냥 봐줘야함*_*  
20140711,10,너구리 너구리 너구리~~ 너 구려  
20140711,7,마스터 시푸가 마블꺼였냐?  
20140710,10,마블은 총 300여가지가 넘는 영웅들과 500여가지가 넘는 악당들 이 것들만 다 영화화 해도 어벤져스 8이나 10쯤 나왔을때 영화가 5시간 쯤 돼겠군 음 그래도 보러가야징~~!!!  
20140710,10,가디언즈 오브더 갤럭시 ♥  
20140709,10,우우왓 마블형 마오카이랑 티모다! (ㅋㅋ...ㅋ... 후우... 마블덕으로써 하지 말아야 할 말이거늘...)  
20140709,10,가디언즈 오브 갤럭시 흥해라~~~~!  
20140709,10,예상한다. 엔딩 크레딧 하나는 아이언맨4편 예고하는 거 나머지 하나는 시리즈 2편 암시 하는 것  
20140708,10,마블마블마블마블마블  
20140708,10,마블이다 기대를 해도 기대이상을 보여주는...  
20140708,10,우가차카 우가우가 우가차카 우가우가!!  
20140708,10,바티스타 파워밤을보여주세요~~  
20140707,10,라쿤 너무 보고싶어요ㅎ 귀요미 그룻도ㅎ  
20140707,1,예고편도 이리 지루하다니...완전 졸작일 듯...  
20140706,10,아이언맨도 가디언스 오브 갤럭시의 일원이였죠 어떻게보면 어벤져스보다 강하죠~  
20140704,10,너구리?? 라쿤?? 짱귀여워 ㅠㅠ 마블껀  극장가서 큰화면으로 봐야 제맛  
20140704,10,오 4주밖에 안남았네 진짜 기대된다  
20140703,10,너구리  한 몫 ..그냥 추천  
20140701,10,아이맥스 3D로 개봉하네 대박ㅋㅋㅋ 이런 영화는 역시 아맥으로~~  
20140701,10,라쿤하고 그루트 그리고 기대되는 액션빨이다 ㅋㅋ  
20140628,10,"120억 사람들의 운명이 범죄자,폭행자,조폭,미친놈한테 달려있다고 부정하는것도 그렇고..로켓라쿤 뭔가 티모 닮았네요 ㅋㅋ 기대됩니다.  "
20140627,10,이상하게 생긴 외계인이 없어 좋을것 같음.  
20140626,10,"어벤져스3랑 연결 되고로난 더 어큐져가타노스의 아들이아닌 부하라서좀  실망했지만,2편에  울트론이나오길 기다리며닥치고 봐야지  "
20140624,10,해외에서ㆍ도 평이좋다니 기대해봐야겠군  
20140623,7,너무 산만한데....  
20140618,10,헐 뭐지 굉장히 재밌어 보인다.  
20140617,10,블록버스터 맨날 나왔으면.. 정말 씐난다 ㅋㅋㅋㅋ  
20140615,10,꼭보고싶다 ㅋㅋㄷ;;;;  
20140611,10,마블이면 밑고보지..  
20140610,10,기대합니다. 우주는 어떤 히어로들이 지키고 있는지  
20140610,10,미친이럴수가포스터왜저따구야 소름돋았다  
20140610,7,"""화초이자 근육"" 이 자막좀 어찌좀 ㅋㅋㅋㅋ  "
20140607,10,어벤져스2는 다른제목으로나오나보네요;;그냥 '어벤져스: 가이던즈오브더갤럭시'로 나올거같았는데  
20140603,10,마블에 대해서 아무것도 모르는 것들이 영화만 보고 뭔 게임같은걸 만들어놨냐고 까대는데 전문가들한테는호평 받았고 속편도 만들어질 확률굉장히높거나 이미확정이라더라. 나도 마블에 대해서는 잘 모르지만 마냥 까는것은 좀 아니라고 본다.  
20140531,10,왠지 기대되네요~!어벤져스랑 비슷한거라  
20140528,9,나는 그루트다.  나는그루트다  
20140527,10,트레일러만 봐도 존잼ㅋㅋㅋ  
20140527,10,바티스타 팬좀 알아볼까?좋아하는사람 추천ㄱㄱ  
20140519,10,기대된다.ㅋ원작에선 아이언맨도 이 팀에 가입하던데ㅋ  
20140507,10,토르 다크월드 쿠키영상에 나오는 콜랙터가 여기에서나오내 ㄷㄷㄷ  
20140507,10,바티스타 밤! 두피어! 스파인버스터!  
20140505,9,이게 토르의 마지막 뒤에 나왔떤 그내용인건가요???  
20140505,10,WWE에서 사람들이 왜 바티스타를 욕하는지이해가가네 결국 바티스타도 WWE에서는 브록레스너처럼 알바구나ㅋㅋ  
20140505,10,어벤져스3하고 연결되는 영화 입니다 2가 아니고 좀 알지도 못하면 글 쓰지마세요 마블코믹스도 모르는 놈들이 영화 좀 봤다고 나대는 글 보기 싫네요 ㅡ ㅡ  
20140505,10,캐릭터들 개성을 잘 살려낸 것 같다ㅋㅋㅋ스타로드 완전 내 스탈이야... 어벤져스보다 더 기대됨  
20140505,10,괜찮네요. 그런데 대한민국 국민들이 제대로 이해하고 재밌게 볼수 있을까? ㅋ  
20140504,10,와 ㅋㅋ 이거랑 어벤져스3랑 연결되겠군  
20140503,10,타노스 등장하나???  
20140427,10,어메이징 스파이더맨2 보다 훨씬 기대하고 있습니다. 예고편 노래는 hooked on a feeling.  
20140416,9,근데 예고편에 나오는 노래뭐지?마지막에 나오는 노래좋다  
20140413,10,제가 rlaxogusil.이에여.이어서 하면 가.오.갤 예고편 다 OO보면 되게 짧게 콜렉터나와여입에흉터가있고헤어스타일머리색이같은거보면콜렉턴맞는데눈에뭘쓰고이써여하여튼가.오.갤 악당은 콜렉터고여....아또글한계  
20140413,10,아무도 모르네옄토르 2 엔딩크레딧에 콜렉터가 나왔는데 걔 악당이에여 개한테 에테르가 마껴졌는데 1은 됬고 5개 남았다 라 했죠 그건 인피니트 젬이라고 담으면 소원을 이룰수있는 거에여 아 잠만 글 한계  
20140409,10,내가 알기로는 이건 어벤져스2에 연관 없을텐데...? 3에더 직접적으로 연관 있지 이거 망한다고 2를 미루겠냐  
20140405,9,드웍 가디언즈랑 공통점이 너무 많은데!  
20140405,10,재잇겟어요! 보고싶네요!  
20140329,10,"가디언즈 오브 갤럭시 듣보잡이라고 까대는 인간들은 마블에 대해 OO 모르면서 어벤져스, 아이언맨 등만 보고 깝치지 마라.  "
20140327,10,아니근데 한국개봉일은 몇일이요?  
20140327,10,믿고보는 마블 기대하고있어요  
20140327,10,2년반 기다렸다... 어머 이건 봐야해  
20140326,10,박곰95님의 말이 맞습니다. 그리고 아이언맨은 영화로 인해 뜬 케이스. 그전에는 그리 인기있던 히어로가 아니었죠.  
20140323,10,타넬리언 티반이 여기에도 나오네요 현재2개의 큐브를 보유하고 있습니다 1.인피니트 잼 2. 미공개   가디언즈에서는  오브를 차지하기 위해 나온걸로 보입니다  마냑 쟤가  오브까지 차지하면  큐브를 3개 차지하는 거네요... 타노스 떡밥 입니다  
20140322,9,아... 어쩐지 예고편 중에서 토르 2편 후반부에 나왔던 컬렉터가 나오길래 혹시나 했는데 역시나 어벤져스와 연결이 되는군요. 근데 개봉이 7월이라니.... ㅡ.ㅡ;;  
20140321,8,약간 걱정되기는 하나 그래도 마블인데...  
20140319,10,너구리 간지나서 10점줌  
20140312,8,"랄까, 데드풀이나 어벤져스 에이지 오브 울트론 만큼은 아니지만, 엄청나게 기대되는 작품이군요오~ 랄까, 엔하위키로 코믹스 찾아보니까 상당히 새롭더고만요~  "
20140307,10,마블의 또 다른 ...흥행할 것 같은 영화중 하나!  
20140304,10,풀템 착용한 타노스는 아무도 못이김 ~ 창조주빼고 ㅋㅋ  
20140301,10,ㅎㅎㅎ 여기서  댓글중 웃기는게 많군요 갤럭시가 실패하든 안하든 마블의 확정의 플랜무비는 울트론이 포함이 되어있습니다. 좀 아는척 하지마세요 ^^  
20140301,8,일단 기대작이네요... 어벤져스처럼 흥행됬음 좋겠네요  
20140228,10,가오갤은 계속 기대하고 기다려왔다.  
20140227,10,아이 엠 그루트!!!! 이걸볼려고.... 아이엠 그루트 I am Groot.  
20140226,2,별로 재미 없을수도..  
20140226,10,어벤져스가 지구를 지키는 히어로라면 이들을 우주를 배경으로 적과 싸우는 우주어벤져스죠 어벤져스팀들이 못이기는 적들을 거의다가 이들이 해치운다는 것이죠 진짜 막강한 이들인데 특히 로켓이나 그루트는 진짜 실현하기 어려운 인물들인데 대단하네요  
20140226,10,오.... 기대합니다  
20140225,10,진심 마블영화는 바야하는데 애들이 다 유명한애들이여서꼭봄  
20140225,7,만화책처럼 아이언맨과 가모라의 원나잇스텐드 포함시켜줘 ㅋㅋㅋ  
20140224,9,토르2/ 아메리카2/가디언/울트론  
20140224,10,항상 마블 영화는 다른 시리즈와 연관성이 있어서 다음 영화를 기대하게 만들지 그리고 예고편에서 토르 2 쿠기영상에 나왔던 박물관장이 있었음  또다른 마블 히어로가 탄생하길 기대합니다  
20140224,10,오예 올해에 볼 마블영화 겁나 많네 가디언즈 오브 갤럭시도 드디어 나오는구나! 근데 디스트로이어가 타노스 심장 빼서 한번 쓰러트렸던 그놈인가?? 잘 기억이 .. 여튼 로켓라쿤 아주 긔욤긔욤하게 나왔네 근데 빈 디젤이 그릇... 분노의 질주  헐ㅋㅋㅋ오  
20140224,10,어벤져스가 왜 미뤄 져요 베뎃님 어이가 없게시리 이거는 서로 별개인 시리즈에요 모르면서 아는 척 좀 하지마요  
20140223,10,스토리상 아이언맨도 여기에 들어가는데 아이언맨이 여기서 제일로 약함ㅋ  
20140223,10,오오...예고편에서는 좀 퀄이 떨어지지만 그래도 기대하고 보러 가겠음!  
20140223,10,로켓라쿤 개귀여워서 개봉전 평점 10점!!  
20140223,10,다크 피닉스야 어벤져스: 에이지 오브 울트론에는 가디언즈 안나온단다  
20140223,10,'스타로드몰라요?~~~전설적인무법자몰라?'ㅋㅋㅋ스타로드매력짱이닼  
20140222,1,자라나는 꿈나무 초등학생들이 좋아할만한 마블 히어로물.  
20140222,5,예고편 보니까 별로인듯  
20140222,10,와 와와와봐야지 !!!  
20140222,10,로킷라쿤이 실제너구리레요!!!!말이돼요?  
20140222,9,신인배우 바티스타의 역할이 무엇보다 기대되네요그건그렇고 리페이스 ♥♥ 빈디젤♥♥기대만빵  
20140222,10,"너무 낯설고 캐스팅도 탑배우가 없어서 별 기대 없었는데 감독이 ""슈퍼"" 만들었던 감독이네요. 기대해봅니다 !  "
20140222,10,예고편보기전에 그렇게 기대가 안되었는데 보고나니 기대폭발 !_!  
20140221,10,솔직히 처음부터 볼 생각은 있었어도기대반 불안반이였는데 한글 예고편보고나니 생각보다 괜찮아서 엄청 기대되네요ㅎㅎ  
20140221,10,개 기대 제발망하지만말아줘 라쿤개기엽ㅋㅋ 크리스프랫잘생겨따아~  
20140220,10,빨리 개봉했으면!!!  
20140220,5,솔직히 기대는 되지 않는다.  
20140220,10,마블이라서 '꼭'본다  
20140219,10,예고편에서 마블영화의 또다른 가능성을 엿봄. 제임스건 감독의 역량에 기대  
20140219,10,예고편 나왔어요 유튜브 가보세요  
20140219,10,예고편 공개!! 기대 만빵!!!  
20140217,10,완전 기대하고 있다. 성공해라  
20140214,10,카렌길런 삭발까지 하고  촬영했는데 어떻게나올지 궁굼하닼ㅋㅋㅋ 역시 배우들은 대단해  
20140212,10,올ㅋ!!! ♥♥♥ ^o^  
20140208,10,페이즈2에 속한 작품이지만 이 영화는 <어벤져스3>를 위한 영화지<어벤져스:에이지 오브 울트론>을 위한 영화는 아니랍니다.어쨋든 기대합니다 바티스타찡  
20140205,10,"리페이스♥♥ 연기력, 비주얼 최고에요~~  "
20140204,10,맴버 중에 원작 만화에서 아이언맨도 들어가야 하는데 아이언맨이 안 들어가서 아쉽긴 하네요 그래도 새로운 영화라 기대합니다  
20140204,10,국내 개봉일이 언제인가요? ? ?  궁금합니다 ? ? ?  
20140130,10,말이 필요없다!!!!  
20140123,10,바티스타임 이유는없음  
20140116,10,믿고보는 리 페이스의 연기!  
20140114,1,바티스타가 왜나와 ㅅㅂ  
20140111,10,어벤져스의 뒤를 잇는건가....  
20140103,10,어벤져스 2 보고싶음  닥치고 봅시다 ♥  
20140101,10,리페이스 너무좋아♥♥  
20131231,9,기대와 동시에 걱정이 되는..어벤져스2로 가는 복선을 잘 깔아주시길..  
20131211,10,이야 바티스타다 프로레슬러들 연기도 잘하니까 영화배우해도 잘할듯  
20131125,10,리페이스 나와서 10점 ^^  
20131124,10,설레게하지말란말야 허허허  
20131120,10,와 빈디젤이 그룻역이네 ㄷㄷㄷ;;  
20131117,10,마블코믹스가 흥하는구먼.  
20131112,10,님들아 타노스가 출연에 적혀있는건  그  뜻이  아니라  어벤져스에서  보너스 영상에  암시하는것럼나왔다시피  가디언즈  오브 더  갤럭시에도  엔딩크레딧에  나와서 암시한다는거임  
20131111,10,솔직히 난 이런 영웅들 있는 줄도 몰랐다..그래도 타노스가 나온다니까 그거 기대하고 보는거지!!  
20131026,10,라쿤 개귀엽네....  
20131019,10,흑 나는 타노스랑드랙스가 원작처럼 싸우는걸 원했지만메인 빌런은 타노스가 아니지ㅋㅋㅋ젠장ㅋㅋㅋㅋ  
20131013,10,제발 이영화를계기로 바티스타 가 WWE로 멋지게 돌아오길 강력히 원합니다  
20130930,10,바티스타형 베리베리굿  
20130929,9,"마오카이,티모,문도 있네 ㅋㅋㅋ  "
20130929,10,재미깼당 ~~~~ ㅋㅋ  
20130914,10,어벤져스3가 미치도록 기대된다  
20130902,10,바티스타밤!! 드랙스 더 디스트로이어 기대중..  
20130815,10,바티스타 밤 보고싶다  
20130814,10,Ace.  
20130814,10,타노스는 어벤져스 3로 밀려났지만 쨋든 어벤져스 2에서 울트론의 활약 기대합니다 ㅎㅎ  
20130814,9,타노스 보고싶다  
20130814,10,마블 이니 믿어본다.  
20130814,10,ㄷㄷㄷ....  
20130813,10,기대됩니다 !!  
20130812,10,아이엠 그룻~!!!! 기대만빵!  
20130812,6,기대는 되는데 스토리가 또 요새 헐리웃에서 애용하는 뻔한 스토리전개가 될 것같다..이제 그런식의 스토리전개 지겨움 아무리 액션 눈에 때려박아도 스토리가 구리면 개노잼ㅠㅠ스토리는 구지지만 재미는 있네 ㅎㅎ 하는것도 한두번이지..요샌 너무 심해  
20130812,10,네이버씨 글렌 클로즈는 노바 수장입니다  
20130805,10,타노스도 잠깐 등장할 예정이고 전 레슬링 선수였던 데이브 바티스타 ㅎㅎ 재년 마블 흥해라~~! 존나 기대됨  
20130803,10,우후!!!  
20130728,10,타노스가 여기에나오는군  
20130727,10,카렌 길런!  
20130726,10,카렌 ♡  
20130720,10,영화 기대해요 ......  
20130715,10,바티스타에 닥터후에 나오는 카렌길런 재밌겠다 ㅎㅎ  
20130707,10,국내미개봉임?  
20130624,10,마블 영화는 무조건 십점만점!  
20130619,10,짱짱맨  
20130619,10,바티스타 쩐다 ㅋㅋㅋㅋㅋㅋㅋㅋ  
20130617,10,최고다! 비주얼죽여주겠네ㄷㄷ  
20130611,10,"바티스타??? 스톤콜드, 더락에 이어 바티스타도 유명한 영화 주연급이네  "
20130526,10,타노스 나온다............  
20130512,10,미친ㅋㅋㅋㅋ바티스타ㅋㅋㅋㅋㅋ  
20130511,10,와 씨1발 타노스나온덴다 ㅋㅋㅋㅋㅋㅋㅋ어벤져스2에나와야징?  
20130429,10,아담 워록은?  
20130428,10,로버트다우니주니어어디감 쥬글래여?  
20130428,1,이게 잼씀?  
20130422,10,오오미 밥티성님!!  
20130418,10,닥치고 기다리자  
20130406,10,오 기대  
20130401,1,개막장일거 같은데  
20130328,10,기대가 큽니다.  
20130328,10,기대가 큽니다.  
20130326,10,기대기대!!!!  
20130324,10,바티스타가 드랙스라닠ㅋㅋㅋㅋㅋㅋㅋㅋ개기대된닼ㅋ  
20130308,10,기자들은 더 커진 MARVEL의 판을 평가하지 않을듯.  
20130224,10,우와  
20130117,10,아기대된다ㅜㅜ  
20121215,9,좀더 퀄리티가  높아졌으면 해요 ㅎ  
20121207,10,오.... 어벤져스 후속으로 연결대는건가요... 타노스 발라주세요  
20121105,10,완전 기대!!!!특히 드랙스 더 디스로이어 기대해 봅니다  
20121031,10,빨리 개봉해서 진정한 히어로 팀이 뭔지 보여주세요  
20121026,10,얼른 나와서 타노스를 가지고놀아주세요  
20121016,"

이데(midd****)

",100  
